sample_id,video,user,timestep,selector,mae,upstream_mse,corrected_mse,mean_angular_error,evaluation_loss,absolute_error_sum,upstream_squared_error_sum,corrected_squared_error_sum,element_count,latency_ms,selector_latency_ms,prediction_sha256,finite
0,4,83,30,original,14.193378448486328,414.0462341308594,414.0462341308594,14.193378448486328,0.0155792236328125,851.6026611328125,24842.7734375,24842.7734375,60,616.9944992288947,0.0,681a39836b75a051338d8c8dce73dad8433e1dcd3fd184bc510a87874d2f5537,True
1,4,83,45,original,20.806537628173828,691.71435546875,691.71435546875,20.806537628173828,0.022613525390625,1248.3922119140625,41502.859375,41502.859375,60,659.3924351036549,0.0,24335eaed999432a6ff39b3d78b9f8d07c385a533b79f8712cd4fb243da7343e,True
2,4,83,60,original,12.563176155090332,259.5897216796875,259.5897216796875,12.563176155090332,0.00885772705078125,753.79052734375,15575.3818359375,15575.3818359375,60,715.4939942993224,0.0,1abdf4cefeeda68a7579ce037358bcab0f33bcc8157c458e0bec68d763fdd6e5,True
3,4,83,75,original,22.06389617919922,1061.064697265625,1061.064697265625,22.06389617919922,0.034942626953125,1323.833740234375,63663.875,63663.875,60,643.0841232649982,0.0,51b3178e889ccba5085d86a2807e98f99908f3e58c2d81e469d2dbc2ee9f35e5,True
4,4,83,90,original,27.605815887451172,10423.4912109375,2031.9495849609375,27.605815887451172,0.32421875,1656.348876953125,625409.4375,121916.96875,60,624.6732082217932,0.0,5dc1a27b3b6c3bf34dc633fe03e3eef7f2a6882be2a28dcf8f4f41b7d6dd4005,True
5,4,83,105,original,50.663169860839844,14314.7919921875,6843.072265625,50.663169860839844,0.44384765625,3039.7900390625,858887.5,410584.3125,60,616.7975189164281,0.0,dbdb97961c531013ece294db873d1a70f28001d4b99af0997fed2f79a8b090ed,True
6,4,83,120,original,16.510482788085938,465.8707275390625,465.8707275390625,16.510482788085938,0.017303466796875,990.6289672851562,27952.2421875,27952.2421875,60,616.6076608933508,0.0,65d082cfda00ccf4eea3970e80692ab4f7d0813ab43255df44054b4d7d41921b,True
7,4,83,135,original,3.592475175857544,26.908084869384766,26.908084869384766,3.592475175857544,0.0011930465698242188,215.54849243164062,1614.4849853515625,1614.4849853515625,60,616.321062669158,0.0,cae847dfa6607537c55790e0063e9d97e8f0a70674793056bddc45d0f7a623b0,True
8,4,83,150,original,11.36958122253418,272.6891784667969,272.6891784667969,11.36958122253418,0.0092315673828125,682.1748657226562,16361.349609375,16361.349609375,60,623.2988182455301,0.0,88070547222c8db5593a7ee967c3cc01f310d90346e9e7b399d70c213b24d71d,True
9,4,83,165,original,15.063556671142578,443.7442321777344,443.7442321777344,15.063556671142578,0.01467132568359375,903.8133544921875,26624.65234375,26624.65234375,60,617.562482599169,0.0,18d57f99e8018203d094f7abe284fd40b0dd1666379476743fbf7a7162f4c223,True
10,4,83,180,original,28.79372215270996,2219.41162109375,2219.41162109375,28.79372215270996,0.07183837890625,1727.623291015625,133164.6875,133164.6875,60,616.36151233688,0.0,bdd22d888e6c190efeee2230f2346d43d37f44ac28121aee491021a3c3599d6f,True
11,4,83,195,original,9.337054252624512,139.3142852783203,139.3142852783203,9.337054252624512,0.00673675537109375,560.2232055664062,8358.8564453125,8358.8564453125,60,616.529350169003,0.0,ef0f1ec3a8f9d5b8a7528dda3e8efd66838ee295c1ccaf986ddcc370f6b14eff,True
12,4,83,210,original,11.308853149414062,301.50518798828125,301.50518798828125,11.308853149414062,0.009796142578125,678.5311279296875,18090.310546875,18090.310546875,60,622.7440009824932,0.0,6122f0266e52d22aed5bde16b0b82891f98d9183e51a65a4d127dbf56a22c088,True
13,4,83,225,original,30.415468215942383,9552.841796875,2190.80712890625,30.415468215942383,0.296630859375,1824.927978515625,573170.5,131448.421875,60,616.2281217984855,0.0,77742f9b4ea18d29370a85f5a299ac323254a8b3a49da8a0938a25b9f7d0c072,True
14,4,15,30,original,15.711532592773438,372.61376953125,372.61376953125,15.711532592773438,0.0120697021484375,942.69189453125,22356.82421875,22356.82421875,60,615.7398759387434,0.0,2bb9fa05ec909cba037e93be0b623bfacfb3b1c8633d5978d0b58dd85af88781,True
15,4,15,45,original,6.914297103881836,63.49771499633789,63.49771499633789,6.914297103881836,0.002887725830078125,414.8578186035156,3809.86279296875,3809.86279296875,60,618.014516774565,0.0,31d3f1e63e4d3d16276e18ac92b7213f9fca863a0859ca05ae6661d50a88f2a2,True
16,4,15,60,original,1.1433401107788086,3.1565070152282715,3.1565070152282715,1.1433401107788086,0.00010371208190917969,68.60040283203125,189.39041137695312,189.39041137695312,60,616.6975279338658,0.0,81b75b6b03ba514a7e77348e938eebe0c263e0c3fa7a6542853593b33f7f3db7,True
17,4,15,75,original,1.0806066989898682,2.8407747745513916,2.8407747745513916,1.0806066989898682,9.733438491821289e-05,64.83639526367188,170.44647216796875,170.44647216796875,60,615.1314098387957,0.0,fb20f6840c4f0c125ce06c96318a353ccc5934487fe8b50bf38ee958c77f0870,True
18,4,15,90,original,1.056399941444397,3.188939094543457,3.188939094543457,1.056399941444397,0.00010323524475097656,63.383995056152344,191.33633422851562,191.33633422851562,60,609.8867519758642,0.0,0254e8ecd9b706c0fd601dca289eb636025d96e92e91e0ffeba608bf6b46cd0f,True
19,4,15,105,original,6.718852996826172,145.3111114501953,145.3111114501953,6.718852996826172,0.0050811767578125,403.13116455078125,8718.666015625,8718.666015625,60,610.4338369332254,0.0,8ae196ee5c5b217437c38c22ec7d4d45b9aa7f4a8c1f99cd71a08faeb7745138,True
20,4,15,120,original,12.208189964294434,327.38616943359375,327.38616943359375,12.208189964294434,0.01027679443359375,732.4913330078125,19643.169921875,19643.169921875,60,627.8495388105512,0.0,ebf20803622dcede640ced20074832a4d61575414b61d163e69859cb2905b9ea,True
21,4,15,135,original,1.662102222442627,4.208186149597168,4.208186149597168,1.662102222442627,0.00021827220916748047,99.72612762451172,252.49114990234375,252.49114990234375,60,616.4996679872274,0.0,dc222d9ba2a93707322c1d71e71cf3352a517b2983d60a87df762eec777febb5,True
22,4,15,150,original,0.959523618221283,1.9719252586364746,1.9719252586364746,0.959523618221283,6.759166717529297e-05,57.571414947509766,118.31550598144531,118.31550598144531,60,634.973871987313,0.0,47ab2ed6539fae6191e0a42ea1ccbd131d9a3a50bad36639312c2ab19c5683e2,True
23,4,15,165,original,6.834769248962402,174.7403564453125,174.7403564453125,6.834769248962402,0.005542755126953125,410.08612060546875,10484.4208984375,10484.4208984375,60,631.1063831672072,0.0,8a8461ac236ebccc9b620a77d72a355eefb752446ca706cb23b0dbfca76a5d9c,True
24,4,15,180,original,14.956843376159668,504.3510437011719,504.3510437011719,14.956843376159668,0.0166778564453125,897.4105834960938,30261.060546875,30261.060546875,60,630.5960463359952,0.0,e3b77d077d166bf0c0a27d50fd40f0f03730eac9c280591c5ec5f65d2a420b41,True
25,4,15,195,original,17.19696617126465,828.610595703125,828.610595703125,17.19696617126465,0.02581787109375,1031.81787109375,49716.6328125,49716.6328125,60,632.0222448557615,0.0,f8902c12ef628021a26c46b9e841f2c3f5183cd6006c240bf14a3ad4d8cfbea4,True
26,4,15,210,original,21.34538459777832,5017.86865234375,1320.1639404296875,21.34538459777832,0.156005859375,1280.7230224609375,301072.09375,79209.8359375,60,631.9276951253414,0.0,148922ae556cbfe9debe8daa8c9f9c5f39ff078218549a8284cc97d1da21a6b8,True
27,4,15,225,original,14.442448616027832,8044.55859375,821.7221069335938,14.442448616027832,0.2490234375,866.546875,482673.5,49303.32421875,60,625.117348972708,0.0,2f20695c6ae5f443de9600181e302326fc3a7da704461e328a7e5b85da640d91,True
28,4,3,30,original,12.766718864440918,345.45989990234375,345.45989990234375,12.766718864440918,0.0137939453125,766.0031127929688,20727.59375,20727.59375,60,626.2133698910475,0.0,f2ffa97b04d195f7eb60080f904ef8674d422f786a0227d498c1983e4299676d,True
29,4,3,45,original,17.318424224853516,500.48834228515625,500.48834228515625,17.318424224853516,0.01776123046875,1039.1053466796875,30029.298828125,30029.298828125,60,629.9476213753223,0.0,0441b3622ae461ffa9fb247941b22522285197b915b373710fb38c994fb385e2,True
30,4,3,60,original,8.575116157531738,83.94371032714844,83.94371032714844,8.575116157531738,0.003997802734375,514.5069580078125,5036.62255859375,5036.62255859375,60,630.2843070589006,0.0,99bc59cd578e8d146e103956c8da1b42f3765e0f3b553d68d017f281bb86bd24,True
31,4,3,75,original,6.229724884033203,70.86567687988281,70.86567687988281,6.229724884033203,0.0023040771484375,373.7834777832031,4251.9404296875,4251.9404296875,60,652.6457602158189,0.0,e808e82a39a2e0f4233c895223073e2e4cb2f6196392cab4349aad8dd6cdbb69,True
32,4,3,90,original,2.6575958728790283,14.76771354675293,14.76771354675293,2.6575958728790283,0.0006031990051269531,159.45574951171875,886.062744140625,886.062744140625,60,671.6147707775235,0.0,e27222c57c270c288bde1dcf8d7051d050981ee3770f36504cf057ffd7b2d091,True
33,4,3,105,original,3.7820024490356445,29.501873016357422,29.501873016357422,3.7820024490356445,0.0009746551513671875,226.92013549804688,1770.1123046875,1770.1123046875,60,634.2423348687589,0.0,40a244a34bb39e002be33bd20b3a798bd3a8fd4d4dc1aefc854064027ba0a3ea,True
34,4,3,120,original,5.395112991333008,54.461055755615234,54.461055755615234,5.395112991333008,0.002422332763671875,323.7067565917969,3267.6630859375,3267.6630859375,60,629.1268062777817,0.0,9e8a84164d37ed1d28e04f6a4975158da5f59ba82d9aec935c825222f5d9c7ff,True
35,4,3,135,original,13.044830322265625,238.94839477539062,238.94839477539062,13.044830322265625,0.00901031494140625,782.6897583007812,14336.9033203125,14336.9033203125,60,631.2157693319023,0.0,b0acb83fa46ec1f04d366ff22018579884c020938e767a345b48f29f03ecf76e,True
36,4,3,150,original,11.750972747802734,271.07904052734375,271.07904052734375,11.750972747802734,0.00868988037109375,705.058349609375,16264.7421875,16264.7421875,60,627.4354080669582,0.0,9d77ec5c0e9534430af4e9457837c24811cd6fd982253f4067c976de8bb19676,True
37,4,3,165,original,10.754783630371094,182.134521484375,182.134521484375,10.754783630371094,0.008148193359375,645.2869873046875,10928.0703125,10928.0703125,60,637.8876860253513,0.0,91a189194f73edce5e5262e9bd953e391d37d9bbd987be3a2654a0d6f63af452,True
38,4,3,180,original,6.765564441680908,127.70671081542969,127.70671081542969,6.765564441680908,0.004131317138671875,405.933837890625,7662.40234375,7662.40234375,60,628.2885717228055,0.0,f9a10e6d6fe7675a184bf2a8d5f7f9b9fba5fef0326ab4dcf927dc1ba3b3940b,True
39,4,3,195,original,8.116637229919434,124.10224914550781,124.10224914550781,8.116637229919434,0.00421905517578125,486.99822998046875,7446.134765625,7446.134765625,60,631.6868038848042,0.0,95b9ffef0f4c558b0c065ac79827bd954d0c8498a9b2acb03c8f06881a55bbbb,True
40,4,3,210,original,1.7196916341781616,4.034107685089111,4.034107685089111,1.7196916341781616,0.00026035308837890625,103.1814956665039,242.04644775390625,242.04644775390625,60,617.3441270366311,0.0,c6abc8dd03bc5dcea8e9a38a163ee903f1189122d86e059c29914fa5e2c4958f,True
41,4,3,225,original,3.2275631427764893,12.494102478027344,12.494102478027344,3.2275631427764893,0.0007719993591308594,193.65377807617188,749.6461181640625,749.6461181640625,60,667.2160429880023,0.0,7de62c07a117108c517f33b887b3a84c74b6d4cbc1f112108dfeb2e3eba63de2,True
42,4,35,30,original,9.24667739868164,126.80886840820312,126.80886840820312,9.24667739868164,0.004940032958984375,554.8005981445312,7608.53173828125,7608.53173828125,60,612.6025142148137,0.0,da314a835209e161697856fa832e2c7348894311fd315713cedfc989d8f3cc6c,True
43,4,35,45,original,3.412105083465576,19.86434555053711,19.86434555053711,3.412105083465576,0.0008006095886230469,204.72628784179688,1191.8607177734375,1191.8607177734375,60,612.9807909019291,0.0,4b859551fa2a606bebfee21bf35ed2afb2548a1bfd9972bf5b3071e601e92c8e,True
44,4,35,60,original,4.1405930519104,25.779146194458008,25.779146194458008,4.1405930519104,0.0010547637939453125,248.43557739257812,1546.7486572265625,1546.7486572265625,60,623.902543913573,0.0,de29b6d4b3b6afd3be4b81cae5f17c2d40061b3090a4f23151fd92d3b2c9c27d,True
45,4,35,75,original,4.056817054748535,30.36313247680664,30.36313247680664,4.056817054748535,0.00122833251953125,243.4090118408203,1821.787841796875,1821.787841796875,60,619.069751817733,0.0,f933ea6f81f4b4af04da563d3a88ec28276ef907927a044d85789751d72ff969,True
46,4,35,90,original,2.7140631675720215,37.040828704833984,37.040828704833984,2.7140631675720215,0.001232147216796875,162.84378051757812,2222.44970703125,2222.44970703125,60,615.3925317339599,0.0,312862fea5c488c69f545e169636d4d85a0c87313ced561ea5957b17ed5f7980,True
47,4,35,105,original,6.164263725280762,70.94743347167969,70.94743347167969,6.164263725280762,0.0028209686279296875,369.8558044433594,4256.845703125,4256.845703125,60,611.9522280059755,0.0,38645bbb2f3b6261631b924caa644024d6d5e7dc5f4be50c55c8f198e9a08121,True
48,4,35,120,original,10.484187126159668,162.95681762695312,162.95681762695312,10.484187126159668,0.0077972412109375,629.0512084960938,9777.408203125,9777.408203125,60,615.6428586691618,0.0,cf70df498a84b1d79e48f5aca5d98e492d67d1f60bd6d03fc29431f2c2c98d40,True
49,4,35,135,original,2.9981508255004883,20.436813354492188,20.436813354492188,2.9981508255004883,0.0006923675537109375,179.8890380859375,1226.208740234375,1226.208740234375,60,613.988942001015,0.0,225ded5f0b307a2a873c39b8114e35530b9da712d310018e2cf366cc9fe56e50,True
50,4,35,150,original,5.031157493591309,38.811378479003906,38.811378479003906,5.031157493591309,0.0015821456909179688,301.86944580078125,2328.6826171875,2328.6826171875,60,614.9241542443633,0.0,544561cdf66b0ad8341a620b26e5dbb8546c5fa254fbf8c5e897b3042e6168ce,True
51,4,35,165,original,15.103363037109375,458.0256042480469,458.0256042480469,15.103363037109375,0.016754150390625,906.2017211914062,27481.53515625,27481.53515625,60,621.2236038409173,0.0,7b1da42eb00e931af33565da99cc0cf3f4e0cd45f65139c8b3de52da0151f7f8,True
52,4,35,180,original,20.6929988861084,1220.52294921875,1220.52294921875,20.6929988861084,0.040924072265625,1241.579833984375,73231.375,73231.375,60,619.2872687242925,0.0,050e2b118812a6ceeac7d4cf6c58a2d9d4e66d016cce4b6738c968ed85111a45,True
53,4,35,195,original,7.414897918701172,165.8199920654297,165.8199920654297,7.414897918701172,0.005451202392578125,444.89385986328125,9949.19921875,9949.19921875,60,616.3409920409322,0.0,97841bf13e2a0b0b7046c4b127fa7e42c8944c1171b5dcdd57fb803292bdbfff,True
54,4,35,210,original,6.573702335357666,56.530033111572266,56.530033111572266,6.573702335357666,0.0024890899658203125,394.422119140625,3391.8017578125,3391.8017578125,60,616.1529729142785,0.0,774203681f23ab719508ec9c3cbb62dc2f340522ec2d425c30da70a7a912f8aa,True
55,4,35,225,original,3.4223108291625977,43.153564453125,43.153564453125,3.4223108291625977,0.0014066696166992188,205.33863830566406,2589.213623046875,2589.213623046875,60,615.1735899038613,0.0,b4e424667ad79457f3362a84a978d302e7454986d3d0c8af0181af36b39595f8,True
56,4,48,30,original,5.6328125,68.9302749633789,68.9302749633789,5.6328125,0.0030422210693359375,337.9687194824219,4135.81640625,4135.81640625,60,614.8265833035111,0.0,6406a1d9782da86a82e36e31476e175633744e52ce42926a7d72cd4abc5606f7,True
57,4,48,45,original,15.426681518554688,524.9179077148438,524.9179077148438,15.426681518554688,0.0180206298828125,925.600830078125,31495.07421875,31495.07421875,60,615.3379790484905,0.0,c3b2d85be7e6244e59649edfc1937a3e0fb194ac8fc0c6cd4ed20e15e89796e2,True
58,4,48,60,original,12.758455276489258,387.7648620605469,387.7648620605469,12.758455276489258,0.01277923583984375,765.5072631835938,23265.890625,23265.890625,60,617.7753992378712,0.0,3ee4f667a938e8588f217c85fc7ebb8304e45aee972d4807c8281b5af2799183,True
59,4,48,75,original,5.012699127197266,67.17599487304688,67.17599487304688,5.012699127197266,0.0021686553955078125,300.7619323730469,4030.5595703125,4030.5595703125,60,614.8618129082024,0.0,b6ecacb8b7135ab5b592d70ed7d0e806b3c8c652aa8fb44e694b7bf489fe29a9,True
60,4,48,90,original,3.97928786277771,23.49462890625,23.49462890625,3.97928786277771,0.0013608932495117188,238.75726318359375,1409.6776123046875,1409.6776123046875,60,614.4562950357795,0.0,311c5518d92c5790b4e10e57871023de52c0e3196006c0ee68d146fc42ac4117,True
61,4,48,105,original,7.570677757263184,133.71192932128906,133.71192932128906,7.570677757263184,0.004955291748046875,454.2406311035156,8022.71533203125,8022.71533203125,60,614.7891320288181,0.0,0be1aa7cd9960ab1616a4efb66baae0f5cb9d6ad4396932db91c79ba19a4d468,True
62,4,48,120,original,24.172679901123047,1439.0614013671875,1439.0614013671875,24.172679901123047,0.04718017578125,1450.3607177734375,86343.6796875,86343.6796875,60,615.1176388375461,0.0,79389d8fd035b5b0c4b743c2db5723f4eae6ad6038023138dd830049658921a3,True
63,4,48,135,original,18.14166831970215,560.2332153320312,560.2332153320312,18.14166831970215,0.0181732177734375,1088.5,33613.9921875,33613.9921875,60,614.6844420582056,0.0,625aed53d14df808bbcab830128d2bfc64141e8ce7c30667de14b62e08f5a56a,True
64,4,48,150,original,12.292047500610352,250.13604736328125,250.13604736328125,12.292047500610352,0.01459503173828125,737.5228271484375,15008.162109375,15008.162109375,60,615.323978010565,0.0,6642b6c4a7f6d0217ca1f1c2dfe341358f81dfae15c0ffb3aa1493810929b761,True
65,4,48,165,original,10.14460277557373,179.16168212890625,179.16168212890625,10.14460277557373,0.006511688232421875,608.6761474609375,10749.7001953125,10749.7001953125,60,616.4589682593942,0.0,6a3cc6af6e4508bb644111691eb0967cb38e53521c373e0352fcfa202e63a195,True
66,4,48,180,original,11.23343563079834,291.3074951171875,291.3074951171875,11.23343563079834,0.01158905029296875,674.006103515625,17478.44921875,17478.44921875,60,616.6609260253608,0.0,f8103c80dae9e38194cf259c8407247519adf2d670ff0e3d65f0930987aca0da,True
67,4,48,195,original,16.1010684967041,686.8418579101562,686.8418579101562,16.1010684967041,0.021392822265625,966.0640258789062,41210.5078125,41210.5078125,60,616.7024760507047,0.0,68296adb99f789ec4b43fd1bc0e462cc14b72e6d6ed8fb188704051143bf8957,True
68,4,48,210,original,14.047492027282715,470.1415100097656,470.1415100097656,14.047492027282715,0.0152740478515625,842.8494873046875,28208.48828125,28208.48828125,60,616.355518810451,0.0,f7e32d8bea36ade971663571e1987d82364058077fee51af23fe031dc8190c42,True
69,4,48,225,original,16.278682708740234,506.20587158203125,506.20587158203125,16.278682708740234,0.018157958984375,976.720947265625,30372.3515625,30372.3515625,60,614.4745829515159,0.0,a9086c7755bf6a7d5d373a62d72e17b5c3830b2169793929a0fe63fc543e4603,True
70,4,22,30,original,4.288937568664551,25.546220779418945,25.546220779418945,4.288937568664551,0.0015783309936523438,257.33624267578125,1532.773193359375,1532.773193359375,60,614.6982810460031,0.0,f5a554fe2a96a051b82e15a6c4b0e87ddfa41a7cd5e151740db05f2d265056ad,True
71,4,22,45,original,4.574708461761475,26.59117889404297,26.59117889404297,4.574708461761475,0.0015020370483398438,274.48248291015625,1595.470703125,1595.470703125,60,614.7078708745539,0.0,b209c07d6f833372b08a8e167223cd0c8184fb83fccea0e37f1467332538c5ba,True
72,4,22,60,original,1.9663755893707275,11.854114532470703,11.854114532470703,1.9663755893707275,0.00038242340087890625,117.98252868652344,711.246826171875,711.246826171875,60,619.1973746754229,0.0,57aa9b5103b25922e935f3dd9b0a0298ad74a303c283877bba286af1b13347d7,True
73,4,22,75,original,2.722837448120117,16.686513900756836,16.686513900756836,2.722837448120117,0.0005307197570800781,163.3702392578125,1001.1907348632812,1001.1907348632812,60,613.7652778998017,0.0,f5a99665c2c16ce0491aa29a933b841769cf4831b7e757c1c9cf8e2bd3355859,True
74,4,22,90,original,3.467142105102539,68.5340347290039,68.5340347290039,3.467142105102539,0.0021457672119140625,208.0285186767578,4112.0419921875,4112.0419921875,60,613.267641980201,0.0,73b73a590f85abacbe92e647b502ae6c48c5ddeb9fc73452d64b171f3c9621a9,True
75,4,22,105,original,4.654500484466553,73.33746337890625,73.33746337890625,4.654500484466553,0.0023174285888671875,279.27001953125,4400.24755859375,4400.24755859375,60,614.2949643544853,0.0,7930727a9bd45f3b4d29988d2d84218409cb914b2762d86ce8e86ade9eccace2,True
76,4,22,120,original,4.626053810119629,39.76240921020508,39.76240921020508,4.626053810119629,0.0014181137084960938,277.5632019042969,2385.744384765625,2385.744384765625,60,614.0242153778672,0.0,a4ba624a292b354a8ef6961763dc4f435db5da4a200a7f340a0bf998602d5382,True
77,4,22,135,original,2.204359769821167,7.623905181884766,7.623905181884766,2.204359769821167,0.0003132820129394531,132.26158142089844,457.4342956542969,457.4342956542969,60,614.3254521302879,0.0,8fbab13fb2cff34bf1df0698cb7e9edb00d2929d9735195ad39e2f39142da153,True
78,4,22,150,original,1.1568572521209717,3.367422580718994,3.367422580718994,1.1568572521209717,0.00013339519500732422,69.41143035888672,202.04534912109375,202.04534912109375,60,613.296139985323,0.0,98405f52a6625a20600d620507313bf42b6907a1d44a5a68e041acc8518e62e6,True
79,4,22,165,original,10.634458541870117,306.1018371582031,306.1018371582031,10.634458541870117,0.0098724365234375,638.0675048828125,18366.109375,18366.109375,60,613.8752549886703,0.0,a3082aee5431cf963160eed2b158de6977fe0f46a99224ea406345cf23987eb4,True
80,4,22,180,original,16.263669967651367,858.1077270507812,858.1077270507812,16.263669967651367,0.027252197265625,975.8201904296875,51486.4609375,51486.4609375,60,615.0675863027573,0.0,9698842d64564e92e301ed2879ab57bee5063aaa7b0a7083e8a5d9c1cf7e955d,True
81,4,22,195,original,5.769235610961914,77.7447280883789,77.7447280883789,5.769235610961914,0.00246429443359375,346.15411376953125,4664.68359375,4664.68359375,60,611.7727309465408,0.0,dfcabd55811db04c42371ec83544a884060c12c640ed6dd9f8bea0e31625b57a,True
82,4,22,210,original,5.554973602294922,43.904788970947266,43.904788970947266,5.554973602294922,0.001804351806640625,333.29840087890625,2634.287109375,2634.287109375,60,608.736245892942,0.0,9ae39fab4d1bb821bbd245acd31bcc9c37ff3378c3485e091db5c46b785b5724,True
83,4,22,225,original,4.767810344696045,93.50030517578125,93.50030517578125,4.767810344696045,0.0029468536376953125,286.068603515625,5610.01806640625,5610.01806640625,60,610.9681981615722,0.0,933d6b0346371a3e7aa5639071320e6e87c098ae5d4bb6bedfc42fc0587bc493,True
84,4,55,30,original,9.312051773071289,140.75009155273438,140.75009155273438,9.312051773071289,0.005794525146484375,558.7230834960938,8445.0048828125,8445.0048828125,60,608.9281039312482,0.0,5bc8e81be97847aec8e557c227d3b1fd63573b022db9d73af6373e3274562a60,True
85,4,55,45,original,4.537495136260986,26.304851531982422,26.304851531982422,4.537495136260986,0.0009756088256835938,272.24969482421875,1578.291015625,1578.291015625,60,624.8890180140734,0.0,41651a7d3b567b89f1c86c5437010e4b11655bbf9be98450861002c6083eeb2b,True
86,4,55,60,original,6.689992427825928,123.61636352539062,123.61636352539062,6.689992427825928,0.004215240478515625,401.3995361328125,7416.9814453125,7416.9814453125,60,620.4185034148395,0.0,a0b9691c8c8a2c06db6c9ef50c622677108b62a24184a012d1f03b0c76d6f4da,True
87,4,55,75,original,10.983287811279297,400.7187805175781,400.7187805175781,10.983287811279297,0.012542724609375,658.9972534179688,24043.125,24043.125,60,616.3650341331959,0.0,7441aac6a6e2c0da7726799bf0fe8098973884174c14e982f90e3ec4cdfe598e,True
88,4,55,90,original,13.388107299804688,362.5060119628906,362.5060119628906,13.388107299804688,0.01165008544921875,803.286376953125,21750.359375,21750.359375,60,614.0841320157051,0.0,1048d0568fcc71444b1438c9e0ffd64425aed4969a4a4f702ca139f3f0071750,True
89,4,55,105,original,3.5147204399108887,39.476688385009766,39.476688385009766,3.5147204399108887,0.0012598037719726562,210.88320922851562,2368.60107421875,2368.60107421875,60,613.1752892397344,0.0,58c9d85395c483fec8cca9b443efb06146f76b19af01d50bad10eed0fc4ce21b,True
90,4,55,120,original,4.707369327545166,43.06805419921875,43.06805419921875,4.707369327545166,0.00138092041015625,282.442138671875,2584.0830078125,2584.0830078125,60,614.3883792683482,0.0,8c08344b9f8ed7e8cba0dfe64ff7f0f50a2b818a8fe7cf96db05df2ebbc2543f,True
91,4,55,135,original,6.942070960998535,62.72990417480469,62.72990417480469,6.942070960998535,0.0022029876708984375,416.52423095703125,3763.7939453125,3763.7939453125,60,614.409907720983,0.0,9686f1cf02ba329989b993a49607300de9f0d6be533fe370351455cf01e8bc55,True
92,4,55,150,original,14.168230056762695,534.4782104492188,534.4782104492188,14.168230056762695,0.0173797607421875,850.09375,32068.69140625,32068.69140625,60,613.5625648312271,0.0,7f7f6ea5a0e88826e6a93d18f032c9c85d4db37a8912711a4609d6cb2f9d200c,True
93,4,55,165,original,35.082359313964844,3227.5185546875,2540.665283203125,35.082359313964844,0.10382080078125,2104.94140625,193651.109375,152439.90625,60,618.6149548739195,0.0,2aef786d63a7be565f3d33bd2c36c6741961b2c7fabce8cdd43e167bd4a4a45a,True
94,4,55,180,original,28.198991775512695,8179.78515625,1572.4290771484375,28.198991775512695,0.26123046875,1691.939453125,490787.09375,94345.7421875,60,623.0834890156984,0.0,11c41b44aee9502dfad1efd37931e243bd8f3cc6dcb8a95a4044e47c44d4975e,True
95,4,55,195,original,57.79316329956055,15941.8427734375,7136.0087890625,57.79316329956055,0.50146484375,3467.589599609375,956510.5,428160.5,60,617.6057630218565,0.0,24d0723f17fd54dba63956ec060f360d04be8e95fe94a46a0bfa5d8e32e681f5,True
96,4,55,210,original,38.25211715698242,9870.4921875,4746.28173828125,38.25211715698242,0.304931640625,2295.126953125,592229.5,284776.875,60,620.4844200983644,0.0,1bb91bdfd1383ddc5e35a82f57629a525e298ee6b24274d4bdae64de1cab89bc,True
97,4,55,225,original,32.849609375,4174.875,2967.883544921875,32.849609375,0.1312255859375,1970.9765625,250492.5,178073.0,60,614.5030371844769,0.0,9fb72419a6764e09f2933704ad6d045ebd011259ad1eadc263b500e3af0974db,True
98,4,4,30,original,19.01790428161621,9026.3623046875,1579.73388671875,19.01790428161621,0.27880859375,1141.07421875,541581.6875,94784.03125,60,615.0009431876242,0.0,dfea191fc638e5d8ba14e7ff8618b3279bb7d3502d9ecbf6b2ca02213c491c2d,True
99,4,4,45,original,55.26773452758789,8921.1796875,8325.1591796875,55.26773452758789,0.275634765625,3316.06396484375,535270.75,499509.5,60,615.4940291307867,0.0,665c99d2175bb6733729d9bd9fdc391e316442fe6d0fa31a3b2b429cac909224,True
100,4,4,60,original,9.63718032836914,216.26744079589844,216.26744079589844,9.63718032836914,0.00698089599609375,578.2307739257812,12976.0458984375,12976.0458984375,60,615.203560795635,0.0,567e84d8c3265d426c926107eaaa7c051d4ea6080e90d98275093313df74b6d6,True
101,4,4,75,original,9.791572570800781,249.58436584472656,249.58436584472656,9.791572570800781,0.00798797607421875,587.4943237304688,14975.0615234375,14975.0615234375,60,615.2408397756517,0.0,82b16e45a08696a87306a930d82542a196672757e73946d91a3ae27477fda2bc,True
102,4,4,90,original,9.167686462402344,210.15687561035156,210.15687561035156,9.167686462402344,0.006710052490234375,550.0611572265625,12609.412109375,12609.412109375,60,615.2037209831178,0.0,ebd36da6d87bd1330e649041f9ef28b3b0db432c96ac11fb16017d7b3cfb72da,True
103,4,4,105,original,8.660504341125488,136.71202087402344,136.71202087402344,8.660504341125488,0.004306793212890625,519.6302490234375,8202.720703125,8202.720703125,60,613.7779620476067,0.0,5cb37f25d218bfece87f501571d0a0b75bcde4a2b130ec637ceba4819769561d,True
104,4,4,120,original,7.700141906738281,172.0947265625,172.0947265625,7.700141906738281,0.005489349365234375,462.00848388671875,10325.6826171875,10325.6826171875,60,614.7198942489922,0.0,8fe0f82e01ac6f6dd8ae7796ecbb819521d50978efd6296ffb0b1753fe10fb16,True
105,4,4,135,original,9.60644817352295,218.5248260498047,218.5248260498047,9.60644817352295,0.007167816162109375,576.3868408203125,13111.4892578125,13111.4892578125,60,614.397366065532,0.0,a8e4f2bdcc8aff469606bd51e9458f4ed636e5534ed854c29fc81bed3798dca1,True
106,4,4,150,original,11.887129783630371,473.0338134765625,473.0338134765625,11.887129783630371,0.01483917236328125,713.2277221679688,28382.02734375,28382.02734375,60,614.6988342516124,0.0,d49b6fc291a8b72d0577375916d9787be59dd002fd5f35411375fabb7cba3270,True
107,4,4,165,original,9.940184593200684,273.2772521972656,273.2772521972656,9.940184593200684,0.00876617431640625,596.4110717773438,16396.634765625,16396.634765625,60,614.918421022594,0.0,99f8c500b9a3a179a6a0ff4066efabd9ddc6a9f18ff41e91cf28fa092e4ec435,True
108,4,4,180,original,11.79696273803711,1343.4390869140625,544.888671875,11.79696273803711,0.041595458984375,707.8177490234375,80606.34375,32693.3203125,60,614.273926243186,0.0,809a51055730da988f9b9e656c711c6810431b3bb858c77de36d24f4b9d03162,True
109,4,4,195,original,38.355342864990234,10110.9716796875,4732.60400390625,38.355342864990234,0.31298828125,2301.320556640625,606658.25,283956.21875,60,614.7372121922672,0.0,0904ebb6b9171aa3180947f3e77da9ab57aeb902cf5ea2ff1276378ccd22e9cd,True
110,4,4,210,original,21.06949234008789,11741.11328125,1729.30712890625,21.06949234008789,0.362548828125,1264.16943359375,704466.75,103758.421875,60,614.6693038754165,0.0,8ff5a840841cb20ce6a320781253bf1673f0b2fd5797e79553db814c17bc3569,True
111,4,4,225,original,49.4525032043457,6638.32958984375,6638.32958984375,49.4525032043457,0.2052001953125,2967.150146484375,398299.75,398299.75,60,614.4734639674425,0.0,7ac36ad4c37d73da7a82cc1e0640e03e8cd76957455c0197c4c1a47afc143d19,True
112,4,45,30,original,10.544344902038574,170.9659881591797,170.9659881591797,10.544344902038574,0.006011962890625,632.66064453125,10257.958984375,10257.958984375,60,615.3539270162582,0.0,0ff88ddb8d7efc2064197f85d15c63be3759ef14e243e69132066b4fac302319,True
113,4,45,45,original,9.851785659790039,179.35321044921875,179.35321044921875,9.851785659790039,0.00572967529296875,591.1071166992188,10761.1923828125,10761.1923828125,60,614.0262768603861,0.0,85d4cbdb16fa0c4404ba8de629cf7b7edb095b96c2cc1493b2f7f1785275934f,True
114,4,45,60,original,7.42318868637085,139.9606475830078,139.9606475830078,7.42318868637085,0.0044097900390625,445.39129638671875,8397.638671875,8397.638671875,60,614.4371428526938,0.0,f013b8728fd2480fd9dd2930fc2076a0b97b7315945bfd0a690bca38a41916d1,True
115,4,45,75,original,22.63726043701172,2132.137451171875,2132.137451171875,22.63726043701172,0.06683349609375,1358.235595703125,127928.2421875,127928.2421875,60,614.1847250983119,0.0,bb84b04822a082157555994b51fb4955fb46945268e5d0f403d836e5b30f1bdc,True
116,4,45,90,original,23.601316452026367,1408.2744140625,1408.2744140625,23.601316452026367,0.0447998046875,1416.078857421875,84496.4609375,84496.4609375,60,614.4119529053569,0.0,a6551b968e37f0f7689dbf94fc811c5e64f9a2943e3d9f7adb54ff2bdbdeb044,True
117,4,45,105,original,4.335529804229736,29.278528213500977,29.278528213500977,4.335529804229736,0.0017518997192382812,260.13177490234375,1756.7115478515625,1756.7115478515625,60,614.7078210487962,0.0,926a1d62826388c1ec046b5626e28ed72b129cca1b0f49c358fe27d2709176bf,True
118,4,45,120,original,2.245462656021118,7.391071796417236,7.391071796417236,2.245462656021118,0.0003097057342529297,134.72775268554688,443.46429443359375,443.46429443359375,60,614.8882089182734,0.0,472f4f6110a08b9667f1396c85f4ca7a017722b673f269bfe7df01f25a0f8415,True
119,4,45,135,original,1.2014477252960205,2.6896629333496094,2.6896629333496094,1.2014477252960205,8.83936882019043e-05,72.08686065673828,161.3797607421875,161.3797607421875,60,614.9490787647665,0.0,0762597f7d67939bcf4f56d436831913f7ec9e1acc14da7a4d7c0f72754b221a,True
120,4,45,150,original,1.0742888450622559,2.0042638778686523,2.0042638778686523,1.0742888450622559,6.699562072753906e-05,64.45732879638672,120.25582122802734,120.25582122802734,60,617.6951969973743,0.0,8e3c554a2c5e8c746bb2e0eef271d6f5164268b5482c1d7b86670795df98e5d7,True
121,4,45,165,original,2.995166540145874,31.020137786865234,31.020137786865234,2.995166540145874,0.0010519027709960938,179.70997619628906,1861.2081298828125,1861.2081298828125,60,614.9853081442416,0.0,e7757e95dfbd0e32838e970fc65f071cf89517da071ac0c69e863fedbe44f642,True
122,4,45,180,original,8.731714248657227,188.58673095703125,188.58673095703125,8.731714248657227,0.005878448486328125,523.90283203125,11315.203125,11315.203125,60,615.3842736966908,0.0,8028ac65ae4d578a211b5e4a4689e07b951c88bc7189a425b010360ad898c43a,True
123,4,45,195,original,4.05352258682251,29.659210205078125,29.659210205078125,4.05352258682251,0.0010089874267578125,243.21133422851562,1779.552490234375,1779.552490234375,60,614.9502382613719,0.0,b9ac76d4862530fa21e1c52a38095d0c1e7386da0e3769255501ac77ba4ee5e4,True
124,4,45,210,original,5.482596397399902,56.08200454711914,56.08200454711914,5.482596397399902,0.0019063949584960938,328.9557800292969,3364.920166015625,3364.920166015625,60,614.7707588970661,0.0,6169d7069ee045aef7e2ecf7ed3a6114522a0f4af426bb63cf23c0acfdf80865,True
125,4,45,225,original,6.541851997375488,91.66024017333984,91.66024017333984,6.541851997375488,0.0029144287109375,392.5111083984375,5499.6142578125,5499.6142578125,60,615.4526728205383,0.0,0156b9cd1db7f98e3d452c9fc3fd835a9cbb2fa3058fad43163548d2a0f4252a,True
126,4,60,30,original,11.97480297088623,351.5616455078125,351.5616455078125,11.97480297088623,0.01122283935546875,718.4881591796875,21093.697265625,21093.697265625,60,614.6351592615247,0.0,a1823ca098ba1080c8b376486b71613acbb13d0c2a2a5fd8c5683158fc677e1c,True
127,4,60,45,original,8.62985897064209,187.70584106445312,187.70584106445312,8.62985897064209,0.00594329833984375,517.79150390625,11262.349609375,11262.349609375,60,614.9352872744203,0.0,dc60f45bdc234babe367465a6fa6278dd7897b5fbaf5cbe1c544a4d4080dee33,True
0,4,83,30,identity_keep10,14.193378448486328,414.0462341308594,414.0462341308594,14.193378448486328,0.0155792236328125,851.6026611328125,24842.7734375,24842.7734375,60,614.2491111531854,0.04403200000524521,681a39836b75a051338d8c8dce73dad8433e1dcd3fd184bc510a87874d2f5537,True
1,4,83,45,identity_keep10,20.806537628173828,691.71435546875,691.71435546875,20.806537628173828,0.022613525390625,1248.3922119140625,41502.859375,41502.859375,60,613.5228867642581,0.043007999658584595,24335eaed999432a6ff39b3d78b9f8d07c385a533b79f8712cd4fb243da7343e,True
2,4,83,60,identity_keep10,12.563176155090332,259.5897216796875,259.5897216796875,12.563176155090332,0.00885772705078125,753.79052734375,15575.3818359375,15575.3818359375,60,612.9303816705942,0.04403200000524521,1abdf4cefeeda68a7579ce037358bcab0f33bcc8157c458e0bec68d763fdd6e5,True
3,4,83,75,identity_keep10,22.06389617919922,1061.064697265625,1061.064697265625,22.06389617919922,0.034942626953125,1323.833740234375,63663.875,63663.875,60,614.0725119039416,0.04403200000524521,51b3178e889ccba5085d86a2807e98f99908f3e58c2d81e469d2dbc2ee9f35e5,True
4,4,83,90,identity_keep10,27.605815887451172,10423.4912109375,2031.9495849609375,27.605815887451172,0.32421875,1656.348876953125,625409.4375,121916.96875,60,614.1076320782304,0.04403200000524521,5dc1a27b3b6c3bf34dc633fe03e3eef7f2a6882be2a28dcf8f4f41b7d6dd4005,True
5,4,83,105,identity_keep10,50.663169860839844,14314.7919921875,6843.072265625,50.663169860839844,0.44384765625,3039.7900390625,858887.5,410584.3125,60,615.7889780588448,0.045024000108242035,dbdb97961c531013ece294db873d1a70f28001d4b99af0997fed2f79a8b090ed,True
6,4,83,120,identity_keep10,16.510482788085938,465.8707275390625,465.8707275390625,16.510482788085938,0.017303466796875,990.6289672851562,27952.2421875,27952.2421875,60,618.2574080303311,0.04505600035190582,65d082cfda00ccf4eea3970e80692ab4f7d0813ab43255df44054b4d7d41921b,True
7,4,83,135,identity_keep10,3.592475175857544,26.908084869384766,26.908084869384766,3.592475175857544,0.0011930465698242188,215.54849243164062,1614.4849853515625,1614.4849853515625,60,614.0560619533062,0.04505600035190582,cae847dfa6607537c55790e0063e9d97e8f0a70674793056bddc45d0f7a623b0,True
8,4,83,150,identity_keep10,11.36958122253418,272.6891784667969,272.6891784667969,11.36958122253418,0.0092315673828125,682.1748657226562,16361.349609375,16361.349609375,60,622.6912732236087,0.04505600035190582,88070547222c8db5593a7ee967c3cc01f310d90346e9e7b399d70c213b24d71d,True
9,4,83,165,identity_keep10,15.063556671142578,443.7442321777344,443.7442321777344,15.063556671142578,0.01467132568359375,903.8133544921875,26624.65234375,26624.65234375,60,623.9244928583503,0.053247999399900436,18d57f99e8018203d094f7abe284fd40b0dd1666379476743fbf7a7162f4c223,True
10,4,83,180,identity_keep10,28.79372215270996,2219.41162109375,2219.41162109375,28.79372215270996,0.07183837890625,1727.623291015625,133164.6875,133164.6875,60,615.4117798432708,0.04915200173854828,bdd22d888e6c190efeee2230f2346d43d37f44ac28121aee491021a3c3599d6f,True
11,4,83,195,identity_keep10,9.337054252624512,139.3142852783203,139.3142852783203,9.337054252624512,0.00673675537109375,560.2232055664062,8358.8564453125,8358.8564453125,60,614.2917992547154,0.04403200000524521,ef0f1ec3a8f9d5b8a7528dda3e8efd66838ee295c1ccaf986ddcc370f6b14eff,True
12,4,83,210,identity_keep10,11.308853149414062,301.50518798828125,301.50518798828125,11.308853149414062,0.009796142578125,678.5311279296875,18090.310546875,18090.310546875,60,615.1007721200585,0.04403200000524521,6122f0266e52d22aed5bde16b0b82891f98d9183e51a65a4d127dbf56a22c088,True
13,4,83,225,identity_keep10,30.415468215942383,9552.841796875,2190.80712890625,30.415468215942383,0.296630859375,1824.927978515625,573170.5,131448.421875,60,615.1045020669699,0.04403200000524521,77742f9b4ea18d29370a85f5a299ac323254a8b3a49da8a0938a25b9f7d0c072,True
14,4,15,30,identity_keep10,15.711532592773438,372.61376953125,372.61376953125,15.711532592773438,0.0120697021484375,942.69189453125,22356.82421875,22356.82421875,60,613.1478371098638,0.04505600035190582,2bb9fa05ec909cba037e93be0b623bfacfb3b1c8633d5978d0b58dd85af88781,True
15,4,15,45,identity_keep10,6.914297103881836,63.49771499633789,63.49771499633789,6.914297103881836,0.002887725830078125,414.8578186035156,3809.86279296875,3809.86279296875,60,614.7216139361262,0.04403200000524521,31d3f1e63e4d3d16276e18ac92b7213f9fca863a0859ca05ae6661d50a88f2a2,True
16,4,15,60,identity_keep10,1.1433401107788086,3.1565070152282715,3.1565070152282715,1.1433401107788086,0.00010371208190917969,68.60040283203125,189.39041137695312,189.39041137695312,60,613.9864297583699,0.048128001391887665,81b75b6b03ba514a7e77348e938eebe0c263e0c3fa7a6542853593b33f7f3db7,True
17,4,15,75,identity_keep10,1.0806066989898682,2.8407747745513916,2.8407747745513916,1.0806066989898682,9.733438491821289e-05,64.83639526367188,170.44647216796875,170.44647216796875,60,613.6999223381281,0.04505600035190582,fb20f6840c4f0c125ce06c96318a353ccc5934487fe8b50bf38ee958c77f0870,True
18,4,15,90,identity_keep10,1.056399941444397,3.188939094543457,3.188939094543457,1.056399941444397,0.00010323524475097656,63.383995056152344,191.33633422851562,191.33633422851562,60,613.8110309839249,0.04303999990224838,0254e8ecd9b706c0fd601dca289eb636025d96e92e91e0ffeba608bf6b46cd0f,True
19,4,15,105,identity_keep10,6.718852996826172,145.3111114501953,145.3111114501953,6.718852996826172,0.0050811767578125,403.13116455078125,8718.666015625,8718.666015625,60,613.2814851589501,0.04505600035190582,8ae196ee5c5b217437c38c22ec7d4d45b9aa7f4a8c1f99cd71a08faeb7745138,True
20,4,15,120,identity_keep10,12.208189964294434,327.38616943359375,327.38616943359375,12.208189964294434,0.01027679443359375,732.4913330078125,19643.169921875,19643.169921875,60,614.3004558980465,0.04505600035190582,ebf20803622dcede640ced20074832a4d61575414b61d163e69859cb2905b9ea,True
21,4,15,135,identity_keep10,1.662102222442627,4.208186149597168,4.208186149597168,1.662102222442627,0.00021827220916748047,99.72612762451172,252.49114990234375,252.49114990234375,60,614.1992369666696,0.04403200000524521,dc222d9ba2a93707322c1d71e71cf3352a517b2983d60a87df762eec777febb5,True
22,4,15,150,identity_keep10,0.959523618221283,1.9719252586364746,1.9719252586364746,0.959523618221283,6.759166717529297e-05,57.571414947509766,118.31550598144531,118.31550598144531,60,613.9253387227654,0.043007999658584595,47ab2ed6539fae6191e0a42ea1ccbd131d9a3a50bad36639312c2ab19c5683e2,True
23,4,15,165,identity_keep10,6.834769248962402,174.7403564453125,174.7403564453125,6.834769248962402,0.005542755126953125,410.08612060546875,10484.4208984375,10484.4208984375,60,614.8736122995615,0.04505600035190582,8a8461ac236ebccc9b620a77d72a355eefb752446ca706cb23b0dbfca76a5d9c,True
24,4,15,180,identity_keep10,14.956843376159668,504.3510437011719,504.3510437011719,14.956843376159668,0.0166778564453125,897.4105834960938,30261.060546875,30261.060546875,60,614.7119528613985,0.04505600035190582,e3b77d077d166bf0c0a27d50fd40f0f03730eac9c280591c5ec5f65d2a420b41,True
25,4,15,195,identity_keep10,17.19696617126465,828.610595703125,828.610595703125,17.19696617126465,0.02581787109375,1031.81787109375,49716.6328125,49716.6328125,60,614.3427561037242,0.04403200000524521,f8902c12ef628021a26c46b9e841f2c3f5183cd6006c240bf14a3ad4d8cfbea4,True
26,4,15,210,identity_keep10,21.34538459777832,5017.86865234375,1320.1639404296875,21.34538459777832,0.156005859375,1280.7230224609375,301072.09375,79209.8359375,60,614.844162017107,0.043007999658584595,148922ae556cbfe9debe8daa8c9f9c5f39ff078218549a8284cc97d1da21a6b8,True
27,4,15,225,identity_keep10,14.442448616027832,8044.55859375,821.7221069335938,14.442448616027832,0.2490234375,866.546875,482673.5,49303.32421875,60,615.5032562091947,0.04403200000524521,2f20695c6ae5f443de9600181e302326fc3a7da704461e328a7e5b85da640d91,True
28,4,3,30,identity_keep10,12.766718864440918,345.45989990234375,345.45989990234375,12.766718864440918,0.0137939453125,766.0031127929688,20727.59375,20727.59375,60,615.0265499018133,0.05632000043988228,f2ffa97b04d195f7eb60080f904ef8674d422f786a0227d498c1983e4299676d,True
29,4,3,45,identity_keep10,17.318424224853516,500.48834228515625,500.48834228515625,17.318424224853516,0.01776123046875,1039.1053466796875,30029.298828125,30029.298828125,60,626.6880873590708,0.043007999658584595,0441b3622ae461ffa9fb247941b22522285197b915b373710fb38c994fb385e2,True
30,4,3,60,identity_keep10,8.575116157531738,83.94371032714844,83.94371032714844,8.575116157531738,0.003997802734375,514.5069580078125,5036.62255859375,5036.62255859375,60,630.9390030801296,0.22835199534893036,99bc59cd578e8d146e103956c8da1b42f3765e0f3b553d68d017f281bb86bd24,True
31,4,3,75,identity_keep10,6.229724884033203,70.86567687988281,70.86567687988281,6.229724884033203,0.0023040771484375,373.7834777832031,4251.9404296875,4251.9404296875,60,615.6943826936185,0.05222399905323982,e808e82a39a2e0f4233c895223073e2e4cb2f6196392cab4349aad8dd6cdbb69,True
32,4,3,90,identity_keep10,2.6575958728790283,14.76771354675293,14.76771354675293,2.6575958728790283,0.0006031990051269531,159.45574951171875,886.062744140625,886.062744140625,60,615.501893684268,0.04403200000524521,e27222c57c270c288bde1dcf8d7051d050981ee3770f36504cf057ffd7b2d091,True
33,4,3,105,identity_keep10,3.7820024490356445,29.501873016357422,29.501873016357422,3.7820024490356445,0.0009746551513671875,226.92013549804688,1770.1123046875,1770.1123046875,60,614.0508758835495,0.04403200000524521,40a244a34bb39e002be33bd20b3a798bd3a8fd4d4dc1aefc854064027ba0a3ea,True
34,4,3,120,identity_keep10,5.395112991333008,54.461055755615234,54.461055755615234,5.395112991333008,0.002422332763671875,323.7067565917969,3267.6630859375,3267.6630859375,60,613.3964317850769,0.04403200000524521,9e8a84164d37ed1d28e04f6a4975158da5f59ba82d9aec935c825222f5d9c7ff,True
35,4,3,135,identity_keep10,13.044830322265625,238.94839477539062,238.94839477539062,13.044830322265625,0.00901031494140625,782.6897583007812,14336.9033203125,14336.9033203125,60,617.8378462791443,0.04505600035190582,b0acb83fa46ec1f04d366ff22018579884c020938e767a345b48f29f03ecf76e,True
36,4,3,150,identity_keep10,11.750972747802734,271.07904052734375,271.07904052734375,11.750972747802734,0.00868988037109375,705.058349609375,16264.7421875,16264.7421875,60,619.0672148950398,0.04505600035190582,9d77ec5c0e9534430af4e9457837c24811cd6fd982253f4067c976de8bb19676,True
37,4,3,165,identity_keep10,10.754783630371094,182.134521484375,182.134521484375,10.754783630371094,0.008148193359375,645.2869873046875,10928.0703125,10928.0703125,60,616.2935667671263,0.04604800045490265,91a189194f73edce5e5262e9bd953e391d37d9bbd987be3a2654a0d6f63af452,True
38,4,3,180,identity_keep10,6.765564441680908,127.70671081542969,127.70671081542969,6.765564441680908,0.004131317138671875,405.933837890625,7662.40234375,7662.40234375,60,614.5562906749547,0.04505600035190582,f9a10e6d6fe7675a184bf2a8d5f7f9b9fba5fef0326ab4dcf927dc1ba3b3940b,True
39,4,3,195,identity_keep10,8.116637229919434,124.10224914550781,124.10224914550781,8.116637229919434,0.00421905517578125,486.99822998046875,7446.134765625,7446.134765625,60,615.0493170134723,0.043007999658584595,95b9ffef0f4c558b0c065ac79827bd954d0c8498a9b2acb03c8f06881a55bbbb,True
40,4,3,210,identity_keep10,1.7196916341781616,4.034107685089111,4.034107685089111,1.7196916341781616,0.00026035308837890625,103.1814956665039,242.04644775390625,242.04644775390625,60,614.6679101511836,0.04403200000524521,c6abc8dd03bc5dcea8e9a38a163ee903f1189122d86e059c29914fa5e2c4958f,True
41,4,3,225,identity_keep10,3.2275631427764893,12.494102478027344,12.494102478027344,3.2275631427764893,0.0007719993591308594,193.65377807617188,749.6461181640625,749.6461181640625,60,614.3184420652688,0.04505600035190582,7de62c07a117108c517f33b887b3a84c74b6d4cbc1f112108dfeb2e3eba63de2,True
42,4,35,30,identity_keep10,9.24667739868164,126.80886840820312,126.80886840820312,9.24667739868164,0.004940032958984375,554.8005981445312,7608.53173828125,7608.53173828125,60,614.8180379532278,0.04403200000524521,da314a835209e161697856fa832e2c7348894311fd315713cedfc989d8f3cc6c,True
43,4,35,45,identity_keep10,3.412105083465576,19.86434555053711,19.86434555053711,3.412105083465576,0.0008006095886230469,204.72628784179688,1191.8607177734375,1191.8607177734375,60,614.6734803915024,0.04403200000524521,4b859551fa2a606bebfee21bf35ed2afb2548a1bfd9972bf5b3071e601e92c8e,True
44,4,35,60,identity_keep10,4.1405930519104,25.779146194458008,25.779146194458008,4.1405930519104,0.0010547637939453125,248.43557739257812,1546.7486572265625,1546.7486572265625,60,614.9501469917595,0.043007999658584595,de29b6d4b3b6afd3be4b81cae5f17c2d40061b3090a4f23151fd92d3b2c9c27d,True
45,4,35,75,identity_keep10,4.056817054748535,30.36313247680664,30.36313247680664,4.056817054748535,0.00122833251953125,243.4090118408203,1821.787841796875,1821.787841796875,60,614.8288678377867,0.055296000093221664,f933ea6f81f4b4af04da563d3a88ec28276ef907927a044d85789751d72ff969,True
46,4,35,90,identity_keep10,2.7140631675720215,37.040828704833984,37.040828704833984,2.7140631675720215,0.001232147216796875,162.84378051757812,2222.44970703125,2222.44970703125,60,615.3440838679671,0.043007999658584595,312862fea5c488c69f545e169636d4d85a0c87313ced561ea5957b17ed5f7980,True
47,4,35,105,identity_keep10,6.164263725280762,70.94743347167969,70.94743347167969,6.164263725280762,0.0028209686279296875,369.8558044433594,4256.845703125,4256.845703125,60,614.6134086884558,0.04303999990224838,38645bbb2f3b6261631b924caa644024d6d5e7dc5f4be50c55c8f198e9a08121,True
48,4,35,120,identity_keep10,10.484187126159668,162.95681762695312,162.95681762695312,10.484187126159668,0.0077972412109375,629.0512084960938,9777.408203125,9777.408203125,60,618.3929080143571,0.04505600035190582,cf70df498a84b1d79e48f5aca5d98e492d67d1f60bd6d03fc29431f2c2c98d40,True
49,4,35,135,identity_keep10,2.9981508255004883,20.436813354492188,20.436813354492188,2.9981508255004883,0.0006923675537109375,179.8890380859375,1226.208740234375,1226.208740234375,60,616.0609070211649,0.04915200173854828,225ded5f0b307a2a873c39b8114e35530b9da712d310018e2cf366cc9fe56e50,True
50,4,35,150,identity_keep10,5.031157493591309,38.811378479003906,38.811378479003906,5.031157493591309,0.0015821456909179688,301.86944580078125,2328.6826171875,2328.6826171875,60,615.5954911373556,0.05734400078654289,544561cdf66b0ad8341a620b26e5dbb8546c5fa254fbf8c5e897b3042e6168ce,True
51,4,35,165,identity_keep10,15.103363037109375,458.0256042480469,458.0256042480469,15.103363037109375,0.016754150390625,906.2017211914062,27481.53515625,27481.53515625,60,615.4429521411657,0.04608000069856644,7b1da42eb00e931af33565da99cc0cf3f4e0cd45f65139c8b3de52da0151f7f8,True
52,4,35,180,identity_keep10,20.6929988861084,1220.52294921875,1220.52294921875,20.6929988861084,0.040924072265625,1241.579833984375,73231.375,73231.375,60,616.9463093392551,0.04403200000524521,050e2b118812a6ceeac7d4cf6c58a2d9d4e66d016cce4b6738c968ed85111a45,True
53,4,35,195,identity_keep10,7.414897918701172,165.8199920654297,165.8199920654297,7.414897918701172,0.005451202392578125,444.89385986328125,9949.19921875,9949.19921875,60,611.4597828127444,0.044096000492572784,97841bf13e2a0b0b7046c4b127fa7e42c8944c1171b5dcdd57fb803292bdbfff,True
54,4,35,210,identity_keep10,6.573702335357666,56.530033111572266,56.530033111572266,6.573702335357666,0.0024890899658203125,394.422119140625,3391.8017578125,3391.8017578125,60,661.0522288829088,0.04403200000524521,774203681f23ab719508ec9c3cbb62dc2f340522ec2d425c30da70a7a912f8aa,True
55,4,35,225,identity_keep10,3.4223108291625977,43.153564453125,43.153564453125,3.4223108291625977,0.0014066696166992188,205.33863830566406,2589.213623046875,2589.213623046875,60,616.2595138885081,0.04915200173854828,b4e424667ad79457f3362a84a978d302e7454986d3d0c8af0181af36b39595f8,True
56,4,48,30,identity_keep10,5.6328125,68.9302749633789,68.9302749633789,5.6328125,0.0030422210693359375,337.9687194824219,4135.81640625,4135.81640625,60,615.738837979734,0.04505600035190582,6406a1d9782da86a82e36e31476e175633744e52ce42926a7d72cd4abc5606f7,True
57,4,48,45,identity_keep10,15.426681518554688,524.9179077148438,524.9179077148438,15.426681518554688,0.0180206298828125,925.600830078125,31495.07421875,31495.07421875,60,616.287883836776,0.04403200000524521,c3b2d85be7e6244e59649edfc1937a3e0fb194ac8fc0c6cd4ed20e15e89796e2,True
58,4,48,60,identity_keep10,12.758455276489258,387.7648620605469,387.7648620605469,12.758455276489258,0.01277923583984375,765.5072631835938,23265.890625,23265.890625,60,615.5404103919864,0.04403200000524521,3ee4f667a938e8588f217c85fc7ebb8304e45aee972d4807c8281b5af2799183,True
59,4,48,75,identity_keep10,5.012699127197266,67.17599487304688,67.17599487304688,5.012699127197266,0.0021686553955078125,300.7619323730469,4030.5595703125,4030.5595703125,60,621.003245934844,0.053247999399900436,b6ecacb8b7135ab5b592d70ed7d0e806b3c8c652aa8fb44e694b7bf489fe29a9,True
60,4,48,90,identity_keep10,3.97928786277771,23.49462890625,23.49462890625,3.97928786277771,0.0013608932495117188,238.75726318359375,1409.6776123046875,1409.6776123046875,60,612.3804650269449,0.04403200000524521,311c5518d92c5790b4e10e57871023de52c0e3196006c0ee68d146fc42ac4117,True
61,4,48,105,identity_keep10,7.570677757263184,133.71192932128906,133.71192932128906,7.570677757263184,0.004955291748046875,454.2406311035156,8022.71533203125,8022.71533203125,60,614.0937702730298,0.04505600035190582,0be1aa7cd9960ab1616a4efb66baae0f5cb9d6ad4396932db91c79ba19a4d468,True
62,4,48,120,identity_keep10,24.172679901123047,1439.0614013671875,1439.0614013671875,24.172679901123047,0.04718017578125,1450.3607177734375,86343.6796875,86343.6796875,60,613.1307482719421,0.050175998359918594,79389d8fd035b5b0c4b743c2db5723f4eae6ad6038023138dd830049658921a3,True
63,4,48,135,identity_keep10,18.14166831970215,560.2332153320312,560.2332153320312,18.14166831970215,0.0181732177734375,1088.5,33613.9921875,33613.9921875,60,613.8074318878353,0.04505600035190582,625aed53d14df808bbcab830128d2bfc64141e8ce7c30667de14b62e08f5a56a,True
64,4,48,150,identity_keep10,12.292047500610352,250.13604736328125,250.13604736328125,12.292047500610352,0.01459503173828125,737.5228271484375,15008.162109375,15008.162109375,60,621.2147739715874,0.04403200000524521,6642b6c4a7f6d0217ca1f1c2dfe341358f81dfae15c0ffb3aa1493810929b761,True
65,4,48,165,identity_keep10,10.14460277557373,179.16168212890625,179.16168212890625,10.14460277557373,0.006511688232421875,608.6761474609375,10749.7001953125,10749.7001953125,60,616.6218291036785,0.04912000149488449,6a3cc6af6e4508bb644111691eb0967cb38e53521c373e0352fcfa202e63a195,True
66,4,48,180,identity_keep10,11.23343563079834,291.3074951171875,291.3074951171875,11.23343563079834,0.01158905029296875,674.006103515625,17478.44921875,17478.44921875,60,616.6636887937784,0.04819199815392494,f8103c80dae9e38194cf259c8407247519adf2d670ff0e3d65f0930987aca0da,True
67,4,48,195,identity_keep10,16.1010684967041,686.8418579101562,686.8418579101562,16.1010684967041,0.021392822265625,966.0640258789062,41210.5078125,41210.5078125,60,622.2701836377382,0.05119999870657921,68296adb99f789ec4b43fd1bc0e462cc14b72e6d6ed8fb188704051143bf8957,True
68,4,48,210,identity_keep10,14.047492027282715,470.1415100097656,470.1415100097656,14.047492027282715,0.0152740478515625,842.8494873046875,28208.48828125,28208.48828125,60,639.6948550827801,0.05734400078654289,f7e32d8bea36ade971663571e1987d82364058077fee51af23fe031dc8190c42,True
69,4,48,225,identity_keep10,16.278682708740234,506.20587158203125,506.20587158203125,16.278682708740234,0.018157958984375,976.720947265625,30372.3515625,30372.3515625,60,634.1585698537529,0.05427199974656105,a9086c7755bf6a7d5d373a62d72e17b5c3830b2169793929a0fe63fc543e4603,True
70,4,22,30,identity_keep10,4.288937568664551,25.546220779418945,25.546220779418945,4.288937568664551,0.0015783309936523438,257.33624267578125,1532.773193359375,1532.773193359375,60,636.5578100085258,0.053247999399900436,f5a554fe2a96a051b82e15a6c4b0e87ddfa41a7cd5e151740db05f2d265056ad,True
71,4,22,45,identity_keep10,4.574708461761475,26.59117889404297,26.59117889404297,4.574708461761475,0.0015020370483398438,274.48248291015625,1595.470703125,1595.470703125,60,635.2932099252939,0.058368001133203506,b209c07d6f833372b08a8e167223cd0c8184fb83fccea0e37f1467332538c5ba,True
72,4,22,60,identity_keep10,1.9663755893707275,11.854114532470703,11.854114532470703,1.9663755893707275,0.00038242340087890625,117.98252868652344,711.246826171875,711.246826171875,60,636.6346599534154,0.051231998950242996,57aa9b5103b25922e935f3dd9b0a0298ad74a303c283877bba286af1b13347d7,True
73,4,22,75,identity_keep10,2.722837448120117,16.686513900756836,16.686513900756836,2.722837448120117,0.0005307197570800781,163.3702392578125,1001.1907348632812,1001.1907348632812,60,634.5860548317432,0.05020799860358238,f5a99665c2c16ce0491aa29a933b841769cf4831b7e757c1c9cf8e2bd3355859,True
74,4,22,90,identity_keep10,3.467142105102539,68.5340347290039,68.5340347290039,3.467142105102539,0.0021457672119140625,208.0285186767578,4112.0419921875,4112.0419921875,60,636.9545860216022,0.05119999870657921,73b73a590f85abacbe92e647b502ae6c48c5ddeb9fc73452d64b171f3c9621a9,True
75,4,22,105,identity_keep10,4.654500484466553,73.33746337890625,73.33746337890625,4.654500484466553,0.0023174285888671875,279.27001953125,4400.24755859375,4400.24755859375,60,634.2009068466723,0.05734400078654289,7930727a9bd45f3b4d29988d2d84218409cb914b2762d86ce8e86ade9eccace2,True
76,4,22,120,identity_keep10,4.626053810119629,39.76240921020508,39.76240921020508,4.626053810119629,0.0014181137084960938,277.5632019042969,2385.744384765625,2385.744384765625,60,641.8765569105744,0.05119999870657921,a4ba624a292b354a8ef6961763dc4f435db5da4a200a7f340a0bf998602d5382,True
77,4,22,135,identity_keep10,2.204359769821167,7.623905181884766,7.623905181884766,2.204359769821167,0.0003132820129394531,132.26158142089844,457.4342956542969,457.4342956542969,60,641.3186308927834,0.05222399905323982,8fbab13fb2cff34bf1df0698cb7e9edb00d2929d9735195ad39e2f39142da153,True
78,4,22,150,identity_keep10,1.1568572521209717,3.367422580718994,3.367422580718994,1.1568572521209717,0.00013339519500732422,69.41143035888672,202.04534912109375,202.04534912109375,60,628.232013899833,0.05427199974656105,98405f52a6625a20600d620507313bf42b6907a1d44a5a68e041acc8518e62e6,True
79,4,22,165,identity_keep10,10.634458541870117,306.1018371582031,306.1018371582031,10.634458541870117,0.0098724365234375,638.0675048828125,18366.109375,18366.109375,60,628.8083400577307,0.05532800033688545,a3082aee5431cf963160eed2b158de6977fe0f46a99224ea406345cf23987eb4,True
80,4,22,180,identity_keep10,16.263669967651367,858.1077270507812,858.1077270507812,16.263669967651367,0.027252197265625,975.8201904296875,51486.4609375,51486.4609375,60,628.6259409971535,0.04710400104522705,9698842d64564e92e301ed2879ab57bee5063aaa7b0a7083e8a5d9c1cf7e955d,True
81,4,22,195,identity_keep10,5.769235610961914,77.7447280883789,77.7447280883789,5.769235610961914,0.00246429443359375,346.15411376953125,4664.68359375,4664.68359375,60,628.7299999967217,0.05427199974656105,dfcabd55811db04c42371ec83544a884060c12c640ed6dd9f8bea0e31625b57a,True
82,4,22,210,identity_keep10,5.554973602294922,43.904788970947266,43.904788970947266,5.554973602294922,0.001804351806640625,333.29840087890625,2634.287109375,2634.287109375,60,628.2388339750469,0.04710400104522705,9ae39fab4d1bb821bbd245acd31bcc9c37ff3378c3485e091db5c46b785b5724,True
83,4,22,225,identity_keep10,4.767810344696045,93.50030517578125,93.50030517578125,4.767810344696045,0.0029468536376953125,286.068603515625,5610.01806640625,5610.01806640625,60,628.7253396585584,0.048128001391887665,933d6b0346371a3e7aa5639071320e6e87c098ae5d4bb6bedfc42fc0587bc493,True
84,4,55,30,identity_keep10,9.312051773071289,140.75009155273438,140.75009155273438,9.312051773071289,0.005794525146484375,558.7230834960938,8445.0048828125,8445.0048828125,60,628.0582337640226,0.04710400104522705,5bc8e81be97847aec8e557c227d3b1fd63573b022db9d73af6373e3274562a60,True
85,4,55,45,identity_keep10,4.537495136260986,26.304851531982422,26.304851531982422,4.537495136260986,0.0009756088256835938,272.24969482421875,1578.291015625,1578.291015625,60,628.7793288938701,0.04710400104522705,41651a7d3b567b89f1c86c5437010e4b11655bbf9be98450861002c6083eeb2b,True
86,4,55,60,identity_keep10,6.689992427825928,123.61636352539062,123.61636352539062,6.689992427825928,0.004215240478515625,401.3995361328125,7416.9814453125,7416.9814453125,60,628.3504823222756,0.04710400104522705,a0b9691c8c8a2c06db6c9ef50c622677108b62a24184a012d1f03b0c76d6f4da,True
87,4,55,75,identity_keep10,10.983287811279297,400.7187805175781,400.7187805175781,10.983287811279297,0.012542724609375,658.9972534179688,24043.125,24043.125,60,627.7202772907913,0.04710400104522705,7441aac6a6e2c0da7726799bf0fe8098973884174c14e982f90e3ec4cdfe598e,True
88,4,55,90,identity_keep10,13.388107299804688,362.5060119628906,362.5060119628906,13.388107299804688,0.01165008544921875,803.286376953125,21750.359375,21750.359375,60,627.7742963284254,0.04710400104522705,1048d0568fcc71444b1438c9e0ffd64425aed4969a4a4f702ca139f3f0071750,True
89,4,55,105,identity_keep10,3.5147204399108887,39.476688385009766,39.476688385009766,3.5147204399108887,0.0012598037719726562,210.88320922851562,2368.60107421875,2368.60107421875,60,630.1658670417964,0.04608000069856644,58c9d85395c483fec8cca9b443efb06146f76b19af01d50bad10eed0fc4ce21b,True
90,4,55,120,identity_keep10,4.707369327545166,43.06805419921875,43.06805419921875,4.707369327545166,0.00138092041015625,282.442138671875,2584.0830078125,2584.0830078125,60,638.9402071945369,0.04806400090456009,8c08344b9f8ed7e8cba0dfe64ff7f0f50a2b818a8fe7cf96db05df2ebbc2543f,True
91,4,55,135,identity_keep10,6.942070960998535,62.72990417480469,62.72990417480469,6.942070960998535,0.0022029876708984375,416.52423095703125,3763.7939453125,3763.7939453125,60,616.9483019039035,0.04915200173854828,9686f1cf02ba329989b993a49607300de9f0d6be533fe370351455cf01e8bc55,True
92,4,55,150,identity_keep10,14.168230056762695,534.4782104492188,534.4782104492188,14.168230056762695,0.0173797607421875,850.09375,32068.69140625,32068.69140625,60,617.9384738206863,0.04403200000524521,7f7f6ea5a0e88826e6a93d18f032c9c85d4db37a8912711a4609d6cb2f9d200c,True
93,4,55,165,identity_keep10,35.082359313964844,3227.5185546875,2540.665283203125,35.082359313964844,0.10382080078125,2104.94140625,193651.109375,152439.90625,60,617.789413779974,0.053247999399900436,2aef786d63a7be565f3d33bd2c36c6741961b2c7fabce8cdd43e167bd4a4a45a,True
94,4,55,180,identity_keep10,28.198991775512695,8179.78515625,1572.4290771484375,28.198991775512695,0.26123046875,1691.939453125,490787.09375,94345.7421875,60,616.7373228818178,0.043007999658584595,11c41b44aee9502dfad1efd37931e243bd8f3cc6dcb8a95a4044e47c44d4975e,True
95,4,55,195,identity_keep10,57.79316329956055,15941.8427734375,7136.0087890625,57.79316329956055,0.50146484375,3467.589599609375,956510.5,428160.5,60,617.6589750684798,0.04403200000524521,24d0723f17fd54dba63956ec060f360d04be8e95fe94a46a0bfa5d8e32e681f5,True
96,4,55,210,identity_keep10,38.25211715698242,9870.4921875,4746.28173828125,38.25211715698242,0.304931640625,2295.126953125,592229.5,284776.875,60,616.643572691828,0.043007999658584595,1bb91bdfd1383ddc5e35a82f57629a525e298ee6b24274d4bdae64de1cab89bc,True
97,4,55,225,identity_keep10,32.849609375,4174.875,2967.883544921875,32.849609375,0.1312255859375,1970.9765625,250492.5,178073.0,60,617.3183270730078,0.04403200000524521,9fb72419a6764e09f2933704ad6d045ebd011259ad1eadc263b500e3af0974db,True
98,4,4,30,identity_keep10,19.01790428161621,9026.3623046875,1579.73388671875,19.01790428161621,0.27880859375,1141.07421875,541581.6875,94784.03125,60,617.0311286114156,0.04303999990224838,dfea191fc638e5d8ba14e7ff8618b3279bb7d3502d9ecbf6b2ca02213c491c2d,True
99,4,4,45,identity_keep10,55.26773452758789,8921.1796875,8325.1591796875,55.26773452758789,0.275634765625,3316.06396484375,535270.75,499509.5,60,617.7242640405893,0.04403200000524521,665c99d2175bb6733729d9bd9fdc391e316442fe6d0fa31a3b2b429cac909224,True
100,4,4,60,identity_keep10,9.63718032836914,216.26744079589844,216.26744079589844,9.63718032836914,0.00698089599609375,578.2307739257812,12976.0458984375,12976.0458984375,60,618.037280626595,0.04505600035190582,567e84d8c3265d426c926107eaaa7c051d4ea6080e90d98275093313df74b6d6,True
101,4,4,75,identity_keep10,9.791572570800781,249.58436584472656,249.58436584472656,9.791572570800781,0.00798797607421875,587.4943237304688,14975.0615234375,14975.0615234375,60,617.4897761084139,0.04403200000524521,82b16e45a08696a87306a930d82542a196672757e73946d91a3ae27477fda2bc,True
102,4,4,90,identity_keep10,9.167686462402344,210.15687561035156,210.15687561035156,9.167686462402344,0.006710052490234375,550.0611572265625,12609.412109375,12609.412109375,60,617.6160941831768,0.043007999658584595,ebd36da6d87bd1330e649041f9ef28b3b0db432c96ac11fb16017d7b3cfb72da,True
103,4,4,105,identity_keep10,8.660504341125488,136.71202087402344,136.71202087402344,8.660504341125488,0.004306793212890625,519.6302490234375,8202.720703125,8202.720703125,60,617.2478967346251,0.04915200173854828,5cb37f25d218bfece87f501571d0a0b75bcde4a2b130ec637ceba4819769561d,True
104,4,4,120,identity_keep10,7.700141906738281,172.0947265625,172.0947265625,7.700141906738281,0.005489349365234375,462.00848388671875,10325.6826171875,10325.6826171875,60,614.756696857512,0.04608000069856644,8fe0f82e01ac6f6dd8ae7796ecbb819521d50978efd6296ffb0b1753fe10fb16,True
105,4,4,135,identity_keep10,9.60644817352295,218.5248260498047,218.5248260498047,9.60644817352295,0.007167816162109375,576.3868408203125,13111.4892578125,13111.4892578125,60,613.7551348656416,0.04403200000524521,a8e4f2bdcc8aff469606bd51e9458f4ed636e5534ed854c29fc81bed3798dca1,True
106,4,4,150,identity_keep10,11.887129783630371,473.0338134765625,473.0338134765625,11.887129783630371,0.01483917236328125,713.2277221679688,28382.02734375,28382.02734375,60,614.306400064379,0.04403200000524521,d49b6fc291a8b72d0577375916d9787be59dd002fd5f35411375fabb7cba3270,True
107,4,4,165,identity_keep10,9.940184593200684,273.2772521972656,273.2772521972656,9.940184593200684,0.00876617431640625,596.4110717773438,16396.634765625,16396.634765625,60,613.9031136408448,0.043007999658584595,99f8c500b9a3a179a6a0ff4066efabd9ddc6a9f18ff41e91cf28fa092e4ec435,True
108,4,4,180,identity_keep10,11.79696273803711,1343.4390869140625,544.888671875,11.79696273803711,0.041595458984375,707.8177490234375,80606.34375,32693.3203125,60,615.1880919933319,0.04403200000524521,809a51055730da988f9b9e656c711c6810431b3bb858c77de36d24f4b9d03162,True
109,4,4,195,identity_keep10,38.355342864990234,10110.9716796875,4732.60400390625,38.355342864990234,0.31298828125,2301.320556640625,606658.25,283956.21875,60,614.4600478000939,0.04403200000524521,0904ebb6b9171aa3180947f3e77da9ab57aeb902cf5ea2ff1276378ccd22e9cd,True
110,4,4,210,identity_keep10,21.06949234008789,11741.11328125,1729.30712890625,21.06949234008789,0.362548828125,1264.16943359375,704466.75,103758.421875,60,623.0613300576806,0.04505600035190582,8ff5a840841cb20ce6a320781253bf1673f0b2fd5797e79553db814c17bc3569,True
111,4,4,225,identity_keep10,49.4525032043457,6638.32958984375,6638.32958984375,49.4525032043457,0.2052001953125,2967.150146484375,398299.75,398299.75,60,620.0030138716102,0.04403200000524521,7ac36ad4c37d73da7a82cc1e0640e03e8cd76957455c0197c4c1a47afc143d19,True
112,4,45,30,identity_keep10,10.544344902038574,170.9659881591797,170.9659881591797,10.544344902038574,0.006011962890625,632.66064453125,10257.958984375,10257.958984375,60,617.728971876204,0.04915200173854828,0ff88ddb8d7efc2064197f85d15c63be3759ef14e243e69132066b4fac302319,True
113,4,45,45,identity_keep10,9.851785659790039,179.35321044921875,179.35321044921875,9.851785659790039,0.00572967529296875,591.1071166992188,10761.1923828125,10761.1923828125,60,617.9781290702522,0.05222399905323982,85d4cbdb16fa0c4404ba8de629cf7b7edb095b96c2cc1493b2f7f1785275934f,True
114,4,45,60,identity_keep10,7.42318868637085,139.9606475830078,139.9606475830078,7.42318868637085,0.0044097900390625,445.39129638671875,8397.638671875,8397.638671875,60,616.850018966943,0.04403200000524521,f013b8728fd2480fd9dd2930fc2076a0b97b7315945bfd0a690bca38a41916d1,True
115,4,45,75,identity_keep10,22.63726043701172,2132.137451171875,2132.137451171875,22.63726043701172,0.06683349609375,1358.235595703125,127928.2421875,127928.2421875,60,617.8828398697078,0.04505600035190582,bb84b04822a082157555994b51fb4955fb46945268e5d0f403d836e5b30f1bdc,True
116,4,45,90,identity_keep10,23.601316452026367,1408.2744140625,1408.2744140625,23.601316452026367,0.0447998046875,1416.078857421875,84496.4609375,84496.4609375,60,618.2474470697343,0.04505600035190582,a6551b968e37f0f7689dbf94fc811c5e64f9a2943e3d9f7adb54ff2bdbdeb044,True
117,4,45,105,identity_keep10,4.335529804229736,29.278528213500977,29.278528213500977,4.335529804229736,0.0017518997192382812,260.13177490234375,1756.7115478515625,1756.7115478515625,60,618.1218479759991,0.043007999658584595,926a1d62826388c1ec046b5626e28ed72b129cca1b0f49c358fe27d2709176bf,True
118,4,45,120,identity_keep10,2.245462656021118,7.391071796417236,7.391071796417236,2.245462656021118,0.0003097057342529297,134.72775268554688,443.46429443359375,443.46429443359375,60,616.9670671224594,0.04403200000524521,472f4f6110a08b9667f1396c85f4ca7a017722b673f269bfe7df01f25a0f8415,True
119,4,45,135,identity_keep10,1.2014477252960205,2.6896629333496094,2.6896629333496094,1.2014477252960205,8.83936882019043e-05,72.08686065673828,161.3797607421875,161.3797607421875,60,617.0599260367453,0.04403200000524521,0762597f7d67939bcf4f56d436831913f7ec9e1acc14da7a4d7c0f72754b221a,True
120,4,45,150,identity_keep10,1.0742888450622559,2.0042638778686523,2.0042638778686523,1.0742888450622559,6.699562072753906e-05,64.45732879638672,120.25582122802734,120.25582122802734,60,617.6244420930743,0.043007999658584595,8e3c554a2c5e8c746bb2e0eef271d6f5164268b5482c1d7b86670795df98e5d7,True
121,4,45,165,identity_keep10,2.995166540145874,31.020137786865234,31.020137786865234,2.995166540145874,0.0010519027709960938,179.70997619628906,1861.2081298828125,1861.2081298828125,60,617.0608559623361,0.04505600035190582,e7757e95dfbd0e32838e970fc65f071cf89517da071ac0c69e863fedbe44f642,True
122,4,45,180,identity_keep10,8.731714248657227,188.58673095703125,188.58673095703125,8.731714248657227,0.005878448486328125,523.90283203125,11315.203125,11315.203125,60,617.0978047885001,0.04505600035190582,8028ac65ae4d578a211b5e4a4689e07b951c88bc7189a425b010360ad898c43a,True
123,4,45,195,identity_keep10,4.05352258682251,29.659210205078125,29.659210205078125,4.05352258682251,0.0010089874267578125,243.21133422851562,1779.552490234375,1779.552490234375,60,617.3398229293525,0.05321599915623665,b9ac76d4862530fa21e1c52a38095d0c1e7386da0e3769255501ac77ba4ee5e4,True
124,4,45,210,identity_keep10,5.482596397399902,56.08200454711914,56.08200454711914,5.482596397399902,0.0019063949584960938,328.9557800292969,3364.920166015625,3364.920166015625,60,617.6360198296607,0.04608000069856644,6169d7069ee045aef7e2ecf7ed3a6114522a0f4af426bb63cf23c0acfdf80865,True
125,4,45,225,identity_keep10,6.541851997375488,91.66024017333984,91.66024017333984,6.541851997375488,0.0029144287109375,392.5111083984375,5499.6142578125,5499.6142578125,60,617.1590136364102,0.04403200000524521,0156b9cd1db7f98e3d452c9fc3fd835a9cbb2fa3058fad43163548d2a0f4252a,True
126,4,60,30,identity_keep10,11.97480297088623,351.5616455078125,351.5616455078125,11.97480297088623,0.01122283935546875,718.4881591796875,21093.697265625,21093.697265625,60,616.5843079797924,0.043007999658584595,a1823ca098ba1080c8b376486b71613acbb13d0c2a2a5fd8c5683158fc677e1c,True
127,4,60,45,identity_keep10,8.62985897064209,187.70584106445312,187.70584106445312,8.62985897064209,0.00594329833984375,517.79150390625,11262.349609375,11262.349609375,60,617.8476088680327,0.04403200000524521,dc60f45bdc234babe367465a6fa6278dd7897b5fbaf5cbe1c544a4d4080dee33,True
0,4,83,30,recent_k8,14.559842109680176,428.2045593261719,428.2045593261719,14.559842109680176,0.01605224609375,873.5904541015625,25692.271484375,25692.271484375,60,614.5549127832055,0.055296000093221664,5139f1b77f6fb7ea89a11ca492d2972674c4f0a982d9e235dd89829739039b8a,True
1,4,83,45,recent_k8,21.808971405029297,739.4201049804688,739.4201049804688,21.808971405029297,0.023895263671875,1308.5382080078125,44365.203125,44365.203125,60,615.1811378076673,0.05734400078654289,3036a1073d44d6ecb5263818e3c0f5cba0c4332084f80b026026ccc295600f54,True
2,4,83,60,recent_k8,12.853032112121582,272.5114440917969,272.5114440917969,12.853032112121582,0.00931549072265625,771.181884765625,16350.685546875,16350.685546875,60,614.6766319870949,0.05430399999022484,1dc5d938bdd6e7eee987f537b35a389a73495dd5234d08d5a39ebcdb926926fb,True
3,4,83,75,recent_k8,22.458118438720703,1073.99462890625,1073.99462890625,22.458118438720703,0.035614013671875,1347.487060546875,64439.67578125,64439.67578125,60,615.008229855448,0.055296000093221664,02ff514587bbed44c37f437680d0e1ee2db0704006fb35c932ff351048d89e73,True
4,4,83,90,recent_k8,27.344892501831055,10441.7822265625,2013.3267822265625,27.344892501831055,0.32470703125,1640.6934814453125,626506.875,120799.6015625,60,614.5512517541647,0.055296000093221664,e9338734caaf3b3f2fca3a281f6ffef9866fc305d91236ceead947e526382396,True
5,4,83,105,recent_k8,52.42469024658203,12619.5546875,7053.12744140625,52.42469024658203,0.392578125,3145.481201171875,757173.25,423187.625,60,615.0489477440715,0.05632000043988228,dbbb1c3fa22717a33b42c0dd7275ed0c14fb81c86814f14123503fbfc6af81b1,True
6,4,83,120,recent_k8,16.961679458618164,480.9142761230469,480.9142761230469,16.961679458618164,0.01806640625,1017.70068359375,28854.85546875,28854.85546875,60,615.1663069613278,0.05632000043988228,209d1d847efc952c6139aa8a7eae8aebc4e5727eb5abcadbe502c8882676b820,True
7,4,83,135,recent_k8,3.7570929527282715,26.326967239379883,26.326967239379883,3.7570929527282715,0.0012054443359375,225.42556762695312,1579.617919921875,1579.617919921875,60,615.1397870853543,0.05427199974656105,0d569d8a6a1208df846bb878952a6e5f119e5d12abcc10482a347f0bbf837b99,True
8,4,83,150,recent_k8,11.336570739746094,277.1740417480469,277.1740417480469,11.336570739746094,0.0093994140625,680.1942138671875,16630.44140625,16630.44140625,60,614.7430711425841,0.055296000093221664,c3351ff9f71eb7aa99f394e8ffc0e0b0d8f0a99dbdb45403e3de8cb55e0d8794,True
9,4,83,165,recent_k8,13.89972972869873,377.7934265136719,377.7934265136719,13.89972972869873,0.012481689453125,833.9837646484375,22667.603515625,22667.603515625,60,615.4750548303127,0.06348799914121628,1be1b1d9cbcfb74f2d5c0227487fe0cdb1268958bc36f94ab7f1401b94521874,True
10,4,83,180,recent_k8,29.024871826171875,2260.802734375,2260.802734375,29.024871826171875,0.07342529296875,1741.4921875,135648.15625,135648.15625,60,614.8930788040161,0.055296000093221664,4188585cd4383b8b743fde20fec092c6a37248c0030194f50f0fbd53689630d0,True
11,4,83,195,recent_k8,10.386144638061523,156.19935607910156,156.19935607910156,10.386144638061523,0.007598876953125,623.1686401367188,9371.9609375,9371.9609375,60,614.8043000139296,0.05427199974656105,944650172e604ef5fcb91f705fc3daa867725e2f98851e31da3bf650194e8d7e,True
12,4,83,210,recent_k8,11.019857406616211,301.9249572753906,301.9249572753906,11.019857406616211,0.00972747802734375,661.19140625,18115.49609375,18115.49609375,60,614.7053898312151,0.055296000093221664,c367ba69034a8270282d6c6404eaa5e154e97d9aac01467ba2baf771271f43d9,True
13,4,83,225,recent_k8,31.503870010375977,9530.8837890625,2270.626220703125,31.503870010375977,0.296142578125,1890.2320556640625,571853.0,136237.5625,60,615.0120366364717,0.055296000093221664,401c7fb4a1531d09fa57e8620d177183ce53e303fbcc0cfaefb53adbdb35e07c,True
14,4,15,30,recent_k8,15.277113914489746,355.1625061035156,355.1625061035156,15.277113914489746,0.0115203857421875,916.6267700195312,21309.75,21309.75,60,615.0748357176781,0.055296000093221664,5f20b9e6d60b3bffb8b65505ec2d5f2317da41b919ee4ffe2f0175cc70e9ade9,True
15,4,15,45,recent_k8,6.108358383178711,53.65559387207031,53.65559387207031,6.108358383178711,0.0023193359375,366.5014953613281,3219.33544921875,3219.33544921875,60,614.656028803438,0.05734400078654289,fc556a67b21869c7ce0b76f9ae3bae65d9769c050f3c9fb68a7163c52550ffb7,True
16,4,15,60,recent_k8,1.1678991317749023,2.9888031482696533,2.9888031482696533,1.1678991317749023,9.97781753540039e-05,70.07394409179688,179.32818603515625,179.32818603515625,60,614.8059680126607,0.05632000043988228,51b301b80b0f50e6f86875ba14446eea2e12dd5e93dce262551caa593505c762,True
17,4,15,75,recent_k8,1.088282823562622,2.711467742919922,2.711467742919922,1.088282823562622,9.34600830078125e-05,65.29696655273438,162.68804931640625,162.68804931640625,60,615.3635643422604,0.055296000093221664,371606b435f40ea4cfcf82ed2518f782554918344ae2f955cfff6849744ff24a,True
18,4,15,90,recent_k8,1.1240376234054565,3.184875726699829,3.184875726699829,1.1240376234054565,0.0001042485237121582,67.44225311279297,191.092529296875,191.092529296875,60,618.9630050212145,0.05632000043988228,19f2026f65dce11422e21b0ddca30622a0e01b4277241037864e13e7c04f50a1,True
19,4,15,105,recent_k8,6.747657299041748,144.980224609375,144.980224609375,6.747657299041748,0.0050811767578125,404.8594055175781,8698.8134765625,8698.8134765625,60,615.3758843429387,0.07065600156784058,49490655c699687a2a049f2141be3faf9bc4d348d56fbc53a6a46eb1de14c133,True
20,4,15,120,recent_k8,13.78333568572998,446.0104064941406,446.0104064941406,13.78333568572998,0.01396942138671875,827.0001220703125,26760.623046875,26760.623046875,60,614.7949579171836,0.058368001133203506,af5d012c58edca2bf20fbf09632195728e4883b39c557ea89e3a7474940782d1,True
21,4,15,135,recent_k8,1.0059595108032227,1.9537163972854614,1.9537163972854614,1.0059595108032227,8.189678192138672e-05,60.357566833496094,117.22297668457031,117.22297668457031,60,615.490972995758,0.055296000093221664,941328739efdefe541f8bc2d1f337e1072a1fb70f090c0b609f2527cb8bb4109,True
22,4,15,150,recent_k8,1.0382556915283203,2.1866743564605713,2.1866743564605713,1.0382556915283203,7.534027099609375e-05,62.29533767700195,131.20045471191406,131.20045471191406,60,614.372001029551,0.05632000043988228,da13b3e4ae2ad88b061b63aaf8eeca32b6f85df1ae768a81c76556ba0be3ce9c,True
23,4,15,165,recent_k8,6.876265525817871,175.8019561767578,175.8019561767578,6.876265525817871,0.005580902099609375,412.5758972167969,10548.1171875,10548.1171875,60,614.7672478109598,0.05632000043988228,d285867d0cb6e0550665407c56fb14495bf70f7b2ca03f340c8aeb562ccf320c,True
24,4,15,180,recent_k8,14.723806381225586,502.5719299316406,502.5719299316406,14.723806381225586,0.0165557861328125,883.4283447265625,30154.314453125,30154.314453125,60,615.6818713061512,0.055296000093221664,c8fc45e4df1c6bc83a5f921407bec9d77ca9c805fb573321326885fa56703984,True
25,4,15,195,recent_k8,17.470396041870117,847.5150146484375,847.5150146484375,17.470396041870117,0.0265045166015625,1048.2237548828125,50850.8984375,50850.8984375,60,615.5165308155119,0.055296000093221664,8af5451c6f05495d299e588966405ee4c66d7768d211aa34f89108ed3491772b,True
26,4,15,210,recent_k8,21.380992889404297,4963.751953125,1365.187255859375,21.380992889404297,0.154296875,1282.8594970703125,297825.09375,81911.234375,60,614.3668903969228,0.055296000093221664,67a7602e86f10b1b58426dda16818ab870e73727ff7400f0b6d055b6a06ff002,True
27,4,15,225,recent_k8,12.336627006530762,8567.0908203125,603.8646240234375,12.336627006530762,0.26513671875,740.1975708007812,514025.4375,36231.875,60,614.3071711994708,0.05427199974656105,1f6e2fb1bc5a1aa136203f55f47595385d4fe1c33a1316b9ac04bd5216e7fab3,True
28,4,3,30,recent_k8,12.891332626342773,337.5783996582031,337.5783996582031,12.891332626342773,0.0136566162109375,773.4799194335938,20254.703125,20254.703125,60,614.5484880544245,0.05427199974656105,a3a2f4dd196ecbf63fef39a7c39fc2249199be971dc3afdcdb390c8f8b46ba26,True
29,4,3,45,recent_k8,19.568071365356445,637.4768676757812,637.4768676757812,19.568071365356445,0.022491455078125,1174.084228515625,38248.609375,38248.609375,60,619.2005421034992,0.05632000043988228,2ddc71d26a55f150badd32d521d09ae30aa0818ab9ec8e3485ae9c0b17013d95,True
30,4,3,60,recent_k8,8.946090698242188,89.95204162597656,89.95204162597656,8.946090698242188,0.00421142578125,536.7654418945312,5397.1220703125,5397.1220703125,60,616.5566719137132,0.05632000043988228,13ee69edde44eb961fcc35ceca9590ff9c392c586732d8f05227c599a775aeb1,True
31,4,3,75,recent_k8,6.446621417999268,71.87010192871094,71.87010192871094,6.446621417999268,0.00235748291015625,386.7972717285156,4312.2060546875,4312.2060546875,60,615.5419796705246,0.05734400078654289,747da87de37190f2d84371affd58ae9be33be37a7fa427bd1c2e7bea1bbba388,True
32,4,3,90,recent_k8,2.8376898765563965,14.651697158813477,14.651697158813477,2.8376898765563965,0.0006189346313476562,170.26138305664062,879.101806640625,879.101806640625,60,615.1138041168451,0.055296000093221664,72570cbd3ecda71b08698f8f37133289cba22a08c0b9f2661973e7f436b2d3ed,True
33,4,3,105,recent_k8,4.380667209625244,41.90178298950195,41.90178298950195,4.380667209625244,0.0013980865478515625,262.84002685546875,2514.10693359375,2514.10693359375,60,615.7409478910267,0.05632000043988228,4c8137e9b0264d9bb6f62c5dadc530d4782f0a1ea007e7eec1d321f58969160c,True
34,4,3,120,recent_k8,5.046907424926758,50.526939392089844,50.526939392089844,5.046907424926758,0.0022335052490234375,302.8144226074219,3031.6162109375,3031.6162109375,60,616.0607761703432,0.055296000093221664,2cf5e698baef443cf87eee3483ec56e798cff3ee3ac5a7bcd0735efec00abfb1,True
35,4,3,135,recent_k8,12.749252319335938,235.3040771484375,235.3040771484375,12.749252319335938,0.0088958740234375,764.955078125,14118.244140625,14118.244140625,60,616.6500309482217,0.055296000093221664,89c693886d5cef88af1e975c264f7f3af5c3e34cc28c13b037cf4619cc92ace4,True
36,4,3,150,recent_k8,11.73873519897461,272.10589599609375,272.10589599609375,11.73873519897461,0.00872802734375,704.3240966796875,16326.353515625,16326.353515625,60,615.0317741557956,0.05532800033688545,f87bc17471b146a530396f4e22573a5e8e06486a9d7b522b793bebaf7dd4a766,True
37,4,3,165,recent_k8,11.3624849319458,232.09194946289062,232.09194946289062,11.3624849319458,0.0100555419921875,681.7490844726562,13925.5166015625,13925.5166015625,60,616.0781751386821,0.055296000093221664,0c0d7286b5fb0fb2322a43bd9aa22cb2c12d7d8afa7eacb52a623f37d6efbfe1,True
38,4,3,180,recent_k8,6.808972358703613,132.050048828125,132.050048828125,6.808972358703613,0.004241943359375,408.538330078125,7923.00244140625,7923.00244140625,60,616.6084404103458,0.055296000093221664,9a7fc6b140855c7d6d3f2a47fc318da8dff59300f224163197f55c730e97cb41,True
39,4,3,195,recent_k8,6.718947887420654,87.84910583496094,87.84910583496094,6.718947887420654,0.00299835205078125,403.1368408203125,5270.9462890625,5270.9462890625,60,616.1651043221354,0.062463998794555664,423d066f5146bf4f73a031729927e4d929df94141f22d778dbed22188666f27a,True
40,4,3,210,recent_k8,1.6573773622512817,3.923214912414551,3.923214912414551,1.6573773622512817,0.00025534629821777344,99.44263458251953,235.39288330078125,235.39288330078125,60,616.2569033913314,0.055296000093221664,9ebcdc339ba9dfe7306a16e49a9143fa2a1fd985341776caba2036112e4f3b6d,True
41,4,3,225,recent_k8,3.2609331607818604,12.680774688720703,12.680774688720703,3.2609331607818604,0.0007762908935546875,195.65597534179688,760.846435546875,760.846435546875,60,616.2985628470778,0.05632000043988228,f2fef8a28a5cb23589b64182a08d569aecafc92dd4c8f30c6ff6354daa862fc4,True
42,4,35,30,recent_k8,9.968040466308594,147.72610473632812,147.72610473632812,9.968040466308594,0.005702972412109375,598.0823974609375,8863.5654296875,8863.5654296875,60,616.6013199836016,0.055296000093221664,82c9d4e28ac1687884615d995169ec649b1c441737d336de6f9fe713cee0f675,True
43,4,35,45,recent_k8,3.658313751220703,21.253765106201172,21.253765106201172,3.658313751220703,0.0008563995361328125,219.49880981445312,1275.225830078125,1275.225830078125,60,617.0581057667732,0.05632000043988228,33fde3c59efedf2a5019a68833e329c4427131592cbe550ddaa77217129be1a9,True
44,4,35,60,recent_k8,3.8810436725616455,26.339221954345703,26.339221954345703,3.8810436725616455,0.0010395050048828125,232.86260986328125,1580.353271484375,1580.353271484375,60,614.017799962312,0.05632000043988228,8e010e38752701d75c72a6fadb78b378d6b89ab73c6a0de5b84845388eaf659a,True
45,4,35,75,recent_k8,3.5121116638183594,23.496843338012695,23.496843338012695,3.5121116638183594,0.000946044921875,210.7266845703125,1409.810546875,1409.810546875,60,616.6696189902723,0.055296000093221664,0bde50a002c5085f8ebd0ef374768d2b053039698eb6fc5b6c295ec3916f889d,True
46,4,35,90,recent_k8,2.6832964420318604,35.631813049316406,35.631813049316406,2.6832964420318604,0.0011854171752929688,160.99777221679688,2137.90869140625,2137.90869140625,60,616.0715129226446,0.06143999844789505,c0d1c53d3cb928034be076d5c6b8338ca7221f3b6449b608afb58e96b47ff1fc,True
47,4,35,105,recent_k8,6.206149101257324,72.33836364746094,72.33836364746094,6.206149101257324,0.00286865234375,372.3689270019531,4340.3017578125,4340.3017578125,60,616.6659677401185,0.05632000043988228,98667f733703d56a6c7c0d4957b9b13f5f33a6c43378aa3be4139c5c8e5738b8,True
48,4,35,120,recent_k8,9.382258415222168,133.5977020263672,133.5977020263672,9.382258415222168,0.006591796875,562.9354858398438,8015.861328125,8015.861328125,60,616.7193278670311,0.05427199974656105,bad5388ec7e805c163be16ad0da37b1f1e74c716d28378c938db677a92d6959f,True
49,4,35,135,recent_k8,3.1069252490997314,22.358835220336914,22.358835220336914,3.1069252490997314,0.0007619857788085938,186.41551208496094,1341.530029296875,1341.530029296875,60,616.8824057094753,0.055296000093221664,bbae569857afc72461e46f5c79f068c4f5601716c4f2498a9f23c8a6d90cc7ec,True
50,4,35,150,recent_k8,4.904660224914551,37.208229064941406,37.208229064941406,4.904660224914551,0.00153350830078125,294.27960205078125,2232.49365234375,2232.49365234375,60,616.1267231218517,0.05734400078654289,6715e291b3a74eadfe89c94ceff5ef785e7abb350e91b2b8c7e9a277c60b71a4,True
51,4,35,165,recent_k8,15.191261291503906,458.7261047363281,458.7261047363281,15.191261291503906,0.01678466796875,911.4756469726562,27523.564453125,27523.564453125,60,616.3853402249515,0.05734400078654289,8946c52c1adcb1cda09c9f02a8e05094d1cc826878c3c6e6c3defa3cf9e3a200,True
52,4,35,180,recent_k8,21.65367889404297,1314.3782958984375,1314.3782958984375,21.65367889404297,0.0440673828125,1299.220703125,78862.6953125,78862.6953125,60,616.0688321106136,0.05939200147986412,3ca5350daa6ca941d575c64d4ef081688e0b6702c816d377d8ac08fe901795e4,True
53,4,35,195,recent_k8,5.964792251586914,100.54442596435547,100.54442596435547,5.964792251586914,0.003307342529296875,357.88751220703125,6032.6650390625,6032.6650390625,60,627.6404103264213,0.0655359998345375,84925ee1b0e35ada4f34fdbd2fb43307357d556633012423813d0de4115140d8,True
54,4,35,210,recent_k8,5.688192367553711,41.32550811767578,41.32550811767578,5.688192367553711,0.0019178390502929688,341.2915344238281,2479.5302734375,2479.5302734375,60,616.274599917233,0.06451199948787689,0e3058c9c956744185de4d845bf76be1e32d85d5b6cf2c2096b1c29b26f44448,True
55,4,35,225,recent_k8,3.3560361862182617,43.197853088378906,43.197853088378906,3.3560361862182617,0.0014066696166992188,201.36216735839844,2591.87109375,2591.87109375,60,616.3977487012744,0.055296000093221664,45211578b952034ddd8d70007f7f5dd7e549f1d2e3c293b0e00e8dfca11cb231,True
56,4,48,30,recent_k8,6.258973598480225,80.40841674804688,80.40841674804688,6.258973598480225,0.0034580230712890625,375.53839111328125,4824.5048828125,4824.5048828125,60,615.5907558277249,0.055296000093221664,9503758ee5293d62dc6aec5956ba5db717446c1f653c0e5296aedcda73181cd2,True
57,4,48,45,recent_k8,15.358074188232422,521.7464599609375,521.7464599609375,15.358074188232422,0.017852783203125,921.484375,31304.78515625,31304.78515625,60,619.6452127769589,0.06864000111818314,2c4de833f4c25564e4208e3720c683b83bd2740923b3e3c8267bdc5cb1abef58,True
58,4,48,60,recent_k8,13.061882972717285,421.0322570800781,421.0322570800781,13.061882972717285,0.01367950439453125,783.7129516601562,25261.93359375,25261.93359375,60,615.8783230930567,0.058368001133203506,b683e560c20f0549b05d073b9420d2cf4eff3c3e037576cce8c68b5d523d23e9,True
59,4,48,75,recent_k8,5.016956806182861,65.96762084960938,65.96762084960938,5.016956806182861,0.0021305084228515625,301.01739501953125,3958.056884765625,3958.056884765625,60,620.0257400050759,0.05734400078654289,3eeae0d004458b3e584924ee46241e992bcbe516afbcf552ce907fcf9c538ef0,True
60,4,48,90,recent_k8,4.546229362487793,28.12251853942871,28.12251853942871,4.546229362487793,0.0016279220581054688,272.77374267578125,1687.35107421875,1687.35107421875,60,626.250360161066,0.05632000043988228,74a6ef82871c7f8367962eca62109c43757be8786a71d12e4cd7b4322eff2877,True
61,4,48,105,recent_k8,8.066904067993164,147.68927001953125,147.68927001953125,8.066904067993164,0.00548553466796875,484.0141906738281,8861.35546875,8861.35546875,60,618.6600001528859,0.06864000111818314,dfd3eec45fc1554392acf03c607839218ae20ae239b8b9aee48c185148b1aa84,True
62,4,48,120,recent_k8,24.867862701416016,1492.059326171875,1492.059326171875,24.867862701416016,0.0491943359375,1492.0716552734375,89523.5546875,89523.5546875,60,615.8166429959238,0.0655359998345375,0b29c7895eafb274ecfb9a8bf96d27f9b6ff928286340c99ea460ae66224d3e6,True
63,4,48,135,recent_k8,20.92011833190918,814.141357421875,814.141357421875,20.92011833190918,0.0259246826171875,1255.20703125,48848.48046875,48848.48046875,60,615.4913459904492,0.058400001376867294,3266c2e660601705a454c59e763a82f08cdbf1cbe93b665341629ac8db13ea76,True
64,4,48,150,recent_k8,12.486964225769043,256.9023132324219,256.9023132324219,12.486964225769043,0.014495849609375,749.2178344726562,15414.1376953125,15414.1376953125,60,613.9759472571313,0.055296000093221664,332605ebfadfdaabf3a67009acecd3fb3ffa8f0ad3bcebfdbf0b492366b5a7c5,True
65,4,48,165,recent_k8,10.439861297607422,171.39944458007812,171.39944458007812,10.439861297607422,0.0059356689453125,626.3916625976562,10283.9658203125,10283.9658203125,60,616.5577969513834,0.056352000683546066,7b5a2569995b4012b7f9522d93b5698b662d72aca8303d42957b4748d5a10ede,True
66,4,48,180,recent_k8,10.91556453704834,294.9408264160156,294.9408264160156,10.91556453704834,0.01155853271484375,654.933837890625,17696.44921875,17696.44921875,60,616.7825344018638,0.05427199974656105,9b0ccaf05b9a19275e54f980a03a83ccd97cf7e61016de9254f616d30ae2e368,True
67,4,48,195,recent_k8,15.83011531829834,662.2036743164062,662.2036743164062,15.83011531829834,0.0206298828125,949.806884765625,39732.21875,39732.21875,60,615.6230536289513,0.06451199948787689,72bda9176ff4d9e5081fb4e7c3a5e56e8920f22467d94657af6c792dd96e7d8a,True
68,4,48,210,recent_k8,13.643172264099121,449.56622314453125,449.56622314453125,13.643172264099121,0.01456451416015625,818.5902709960938,26973.97265625,26973.97265625,60,615.2210272848606,0.055296000093221664,7f884a5113f785b86a1addf9629d1a4d445b29b367d4560670e06e26e2ce50d2,True
69,4,48,225,recent_k8,15.902587890625,482.68804931640625,482.68804931640625,15.902587890625,0.0171661376953125,954.1552124023438,28961.28125,28961.28125,60,614.9562890641391,0.055296000093221664,c2328bc453c76fa631bc68944229113c73ea17adebae9955f2214af0e6099591,True
70,4,22,30,recent_k8,3.9774394035339355,22.907007217407227,22.907007217407227,3.9774394035339355,0.0013980865478515625,238.64634704589844,1374.42041015625,1374.42041015625,60,614.9516683071852,0.055296000093221664,3b6b6c484b694d6626d280da138fa1f32b98705ad9ac30cf2cf3c17293907ef5,True
71,4,22,45,recent_k8,4.323556900024414,22.492538452148438,22.492538452148438,4.323556900024414,0.0011854171752929688,259.41339111328125,1349.55224609375,1349.55224609375,60,614.8027400486171,0.055296000093221664,e7701a90beee6ada7bb222e2ddb0cb8dfa01a34205617418d69ac78048e4f519,True
72,4,22,60,recent_k8,1.9089908599853516,11.88260269165039,11.88260269165039,1.9089908599853516,0.0003821849822998047,114.53944396972656,712.9561157226562,712.9561157226562,60,614.6713299676776,0.055296000093221664,be15d086fd216f3b8e282a60fa98a0bf803e4ce2c8922c48428ec56b25091880,True
73,4,22,75,recent_k8,2.712570905685425,16.117536544799805,16.117536544799805,2.712570905685425,0.0005125999450683594,162.75424194335938,967.0521240234375,967.0521240234375,60,615.9941889345646,0.055296000093221664,103960b9c7c7638b51ffa9e29cf958074dc79e88d0b157d77bc4a3d4c98fcf3f,True
74,4,22,90,recent_k8,3.4843502044677734,68.51387023925781,68.51387023925781,3.4843502044677734,0.0021457672119140625,209.06100463867188,4110.83203125,4110.83203125,60,617.2198192216456,0.05632000043988228,0ff41f33185e70cd80110875aa6104de4c912c1443e67906967745fcdeb631a7,True
75,4,22,105,recent_k8,4.640271186828613,73.31169891357422,73.31169891357422,4.640271186828613,0.0023136138916015625,278.416259765625,4398.70166015625,4398.70166015625,60,619.6454297751188,0.05632000043988228,cd05491db18d6ea21f43feb220d03855889face3810398549a43bcee579f9f14,True
76,4,22,120,recent_k8,3.563034772872925,21.872512817382812,21.872512817382812,3.563034772872925,0.0008673667907714844,213.78207397460938,1312.3507080078125,1312.3507080078125,60,618.2431508786976,0.060416001826524734,3436cc4e4724880a94832ed661f00182d00dcfcad0d15419b95cc9fbc6be8e27,True
77,4,22,135,recent_k8,2.2415192127227783,7.96101713180542,7.96101713180542,2.2415192127227783,0.0003123283386230469,134.49114990234375,477.6610107421875,477.6610107421875,60,617.1441390179098,0.05632000043988228,078b87b5f28ed488817fc26e15bec13152246b6b9fa3eba6f437e10f6466877a,True
78,4,22,150,recent_k8,1.2320789098739624,3.5609610080718994,3.5609610080718994,1.2320789098739624,0.00015079975128173828,73.92472839355469,213.65765380859375,213.65765380859375,60,618.9881353639066,0.055296000093221664,e5b069995d969cd350e0366969a5a9b1092fcea7a94a82f3c31bbfe70a27aa1a,True
79,4,22,165,recent_k8,10.703207969665527,309.2435607910156,309.2435607910156,10.703207969665527,0.0099945068359375,642.1924438476562,18554.61328125,18554.61328125,60,617.731814738363,0.05632000043988228,008c200711f4022328f3a1a95d9cee8e44ed7b4954868fdeb05bfe6fa02127ba,True
80,4,22,180,recent_k8,16.978418350219727,928.3170776367188,928.3170776367188,16.978418350219727,0.0294952392578125,1018.705078125,55699.0234375,55699.0234375,60,616.3038657978177,0.055296000093221664,663fbc1b63765bf709e1ea2cb856111512f882b6e50d95fdcaa7d1af6a99dc5c,True
81,4,22,195,recent_k8,4.397638320922852,41.157501220703125,41.157501220703125,4.397638320922852,0.0013408660888671875,263.8582763671875,2469.449951171875,2469.449951171875,60,618.2619910687208,0.05632000043988228,ab7a15c7828e7d3a3e9617c2763464edee83caa7c0c0335f4c00f1558fb31f34,True
82,4,22,210,recent_k8,5.492703437805176,40.375606536865234,40.375606536865234,5.492703437805176,0.0016164779663085938,329.56219482421875,2422.536376953125,2422.536376953125,60,622.4967557936907,0.055296000093221664,7afe17101d697bb0bafab78ec436626cbe275782d094bb0b37c6440099bf563e,True
83,4,22,225,recent_k8,4.766000747680664,93.05897521972656,93.05897521972656,4.766000747680664,0.0029315948486328125,285.96002197265625,5583.5380859375,5583.5380859375,60,628.8781450130045,0.055296000093221664,55e5b6d9495589210521012da77a0079f101771cfcd63953104f98c0b570da6b,True
84,4,55,30,recent_k8,9.701580047607422,155.89096069335938,155.89096069335938,9.701580047607422,0.006160736083984375,582.0947875976562,9353.45703125,9353.45703125,60,621.1525169201195,0.055296000093221664,eda043a3e72c8b057a95b7ba0de231964fe39961a76e87f89be8a9f61d24f268,True
85,4,55,45,recent_k8,4.430684566497803,26.987163543701172,26.987163543701172,4.430684566497803,0.00089263916015625,265.841064453125,1619.229736328125,1619.229736328125,60,618.8677251338959,0.0655359998345375,33df0ca522a5df6584e4df1ee4c582eb701b71bcbc8290f6bb6d48af3eb53105,True
86,4,55,60,recent_k8,6.712372303009033,123.32170104980469,123.32170104980469,6.712372303009033,0.00421905517578125,402.7423095703125,7399.3017578125,7399.3017578125,60,616.8318106792867,0.055296000093221664,269f784ba7a18580ed7dcd8b043150f1cbf78fc23e921fcc3d3367408c90e8dd,True
87,4,55,75,recent_k8,11.409029960632324,404.5645446777344,404.5645446777344,11.409029960632324,0.01263427734375,684.541748046875,24273.87109375,24273.87109375,60,617.3282358795404,0.05632000043988228,b95e7db4f9745b725125c836bb52f4e1c5c70bbaddd388c4824a7d251b33155b,True
88,4,55,90,recent_k8,12.979796409606934,342.2671203613281,342.2671203613281,12.979796409606934,0.01091766357421875,778.7877197265625,20536.025390625,20536.025390625,60,616.5768331848085,0.05632000043988228,0ee113d0a2aa73a3d507d514e161f11f4281f7ba4d16dc67b16bab567ee90144,True
89,4,55,105,recent_k8,3.595592498779297,40.246883392333984,40.246883392333984,3.595592498779297,0.0012826919555664062,215.73553466796875,2414.81298828125,2414.81298828125,60,636.1600062809885,0.05632000043988228,04d0fbb11c1f6a5ab407591b0ff2aef38be2c3eb2abbd5d97bcbe52392db4cea,True
90,4,55,120,recent_k8,3.714890480041504,27.34507179260254,27.34507179260254,3.714890480041504,0.0008945465087890625,222.89341735839844,1640.7042236328125,1640.7042236328125,60,612.4891648069024,0.08191999793052673,44275851947498adda1e9892ad94be751cea21d7dd6cc42b959b5325c28af4f0,True
91,4,55,135,recent_k8,6.948593616485596,62.535362243652344,62.535362243652344,6.948593616485596,0.0022125244140625,416.91558837890625,3752.12158203125,3752.12158203125,60,630.1933526992798,0.10444799810647964,49e2e862885c11d9eba8e2de40305a12265f38d68c67a21a74ce6d0b1d3b7c5d,True
92,4,55,150,recent_k8,14.158376693725586,540.21044921875,540.21044921875,14.158376693725586,0.017547607421875,849.5025634765625,32412.625,32412.625,60,628.6270162090659,0.06451199948787689,48111c4605ffe5bab9d5d2b531540d8f9618874155b8267f242d76fa9a3ad767,True
93,4,55,165,recent_k8,38.17426681518555,3757.2041015625,3204.2958984375,38.17426681518555,0.12017822265625,2290.455810546875,225432.234375,192257.75,60,629.4485186226666,0.062463998794555664,8bfd8ed70d0da010e01a82bb1b20af04bbf9b58a61e65ebb9d87b7612762726a,True
94,4,55,180,recent_k8,29.192604064941406,8156.052734375,1643.618408203125,29.192604064941406,0.2607421875,1751.55615234375,489363.125,98617.1015625,60,625.1290929503739,0.062463998794555664,374e6a367453035f29e23df3afaf9291a2968380d37ca6ef97a6b8dc59d63ad6,True
95,4,55,195,recent_k8,58.56412887573242,15461.6630859375,7438.93603515625,58.56412887573242,0.487060546875,3513.84765625,927699.75,446336.125,60,627.9001911170781,0.06758400052785873,9939ac3577f4769462ef0fa7978bd018505f688e8cd99296abb8040384bb5156,True
96,4,55,210,recent_k8,39.192359924316406,9874.9755859375,4756.03759765625,39.192359924316406,0.305908203125,2351.54150390625,592498.5,285362.25,60,634.3824891373515,0.06656000018119812,03fc715bca8d80787d12f47df88529daac9b9a6e1445ce1acfc42ed504a87c50,True
97,4,55,225,recent_k8,21.383310317993164,3492.976318359375,1252.39013671875,21.383310317993164,0.10931396484375,1282.99853515625,209578.5625,75143.40625,60,623.7713131122291,0.0655359998345375,285fdeb1f14b73669e899ad3c0d3dac4c9cf4a2251adf34577c6a8588e5e9bd9,True
98,4,4,30,recent_k8,19.012014389038086,9072.177734375,1561.213623046875,19.012014389038086,0.2802734375,1140.7208251953125,544330.625,93672.8125,60,611.800289247185,0.0594559982419014,679ad51d5dcdf2cd2a64072c13d6ef68dcf29fe80557e761fd3e0bf1a8cf1f86,True
99,4,4,45,recent_k8,55.691017150878906,9017.333984375,8374.90625,55.691017150878906,0.27880859375,3341.4609375,541040.0,502494.375,60,614.8533341474831,0.05939200147986412,ab0ffaafb2d6342c9fe79ad960142a5cdcb9f57e6c71bdc9323214dc591fe7d2,True
100,4,4,60,recent_k8,11.18578052520752,284.4838562011719,284.4838562011719,11.18578052520752,0.00910186767578125,671.1467895507812,17069.03125,17069.03125,60,612.976199015975,0.06143999844789505,dd9824114d973d2a1d5f633edadffd09006eb01b54fef812a569f4e5d6b6d11c,True
101,4,4,75,recent_k8,9.586247444152832,237.1843719482422,237.1843719482422,9.586247444152832,0.007427215576171875,575.1748046875,14231.0615234375,14231.0615234375,60,614.9020837619901,0.05632000043988228,27ada627e0cc101a3fade602577d76e9eb3e12db37b98a1b183d8708c4475d20,True
102,4,4,90,recent_k8,9.04507827758789,204.7964630126953,204.7964630126953,9.04507827758789,0.00653839111328125,542.7046508789062,12287.787109375,12287.787109375,60,615.6853782013059,0.056384000927209854,1719c0646cd752239050dbea3459bfd6a408bf41d68ea270d31288a067c46117,True
103,4,4,105,recent_k8,8.62868595123291,135.34791564941406,135.34791564941406,8.62868595123291,0.0042724609375,517.7211303710938,8120.87451171875,8120.87451171875,60,619.9584733694792,0.058368001133203506,302a89d1c502c1ed41dc456f54f8b70b233f2ff70f35288c296172b8cb48134e,True
104,4,4,120,recent_k8,7.609330654144287,166.47879028320312,166.47879028320312,7.609330654144287,0.005359649658203125,456.559814453125,9988.7265625,9988.7265625,60,613.9302318915725,0.056384000927209854,6dc799b8d3fb2c88c1cd25e0e557d7cdc7520e4d26b2f72269df9e9900b7a9c7,True
105,4,4,135,recent_k8,8.841398239135742,201.14845275878906,201.14845275878906,8.841398239135742,0.006549835205078125,530.48388671875,12068.90625,12068.90625,60,619.2956678569317,0.05734400078654289,cfb371c9a66eb9d680791d7ed7fe1edae0b5b490d9bb7cd01f4faed868fe8883,True
106,4,4,150,recent_k8,11.855978965759277,467.1733093261719,467.1733093261719,11.855978965759277,0.01465606689453125,711.3587036132812,28030.396484375,28030.396484375,60,619.8919527232647,0.058368001133203506,3543eb98ce68df945345f225631290cd5ee6adcfb7db5c9adf13e4717c65e93a,True
107,4,4,165,recent_k8,9.478970527648926,236.72605895996094,236.72605895996094,9.478970527648926,0.00754547119140625,568.7382202148438,14203.5625,14203.5625,60,618.2365161366761,0.05734400078654289,1ca74d203d6794eeed6177d55862aeaf2f199ec121a9a697a15a8a94d231c1ff,True
108,4,4,180,recent_k8,11.058460235595703,1326.3131103515625,466.5909118652344,11.058460235595703,0.041107177734375,663.507568359375,79578.78125,27995.453125,60,618.8276507891715,0.05632000043988228,54a0e4d00477c8395a9e15fec24e96b5181d9fd238ce28a99898292216bae220,True
109,4,4,195,recent_k8,37.48655700683594,10298.697265625,4545.916015625,37.48655700683594,0.31884765625,2249.193359375,617921.8125,272754.9375,60,618.0635467171669,0.05734400078654289,2d1150434d4d2d05c921f797695abb10bc89730f5256fe865b1230b4865188e6,True
110,4,4,210,recent_k8,22.41336441040039,11067.0234375,2021.311279296875,22.41336441040039,0.341796875,1344.8017578125,664021.375,121278.671875,60,617.0189157128334,0.058368001133203506,7bbed1608b8457e8ae201181d9f4172ef61ab73b72b0df40cdf63ac247f09f67,True
111,4,4,225,recent_k8,46.38311767578125,5743.794921875,5743.794921875,46.38311767578125,0.177490234375,2782.98681640625,344627.6875,344627.6875,60,616.5178590454161,0.05734400078654289,8c29434226ac201f59c39773ed8cb230f26a9841b2dfe282566822e042b48d21,True
112,4,45,30,recent_k8,11.294384956359863,197.94703674316406,197.94703674316406,11.294384956359863,0.00685882568359375,677.6630859375,11876.8212890625,11876.8212890625,60,615.926924161613,0.058368001133203506,48f56ffe03d5cf961abbe39c1d401f8fed0759c8e57c9dc4be988ccf1030804e,True
113,4,45,45,recent_k8,9.746305465698242,190.79066467285156,190.79066467285156,9.746305465698242,0.005992889404296875,584.7783203125,11447.439453125,11447.439453125,60,616.569119039923,0.05632000043988228,f5ea716f2d5202ae7bdc8fdb39a13bd53a6ae827099b87ca681ef151a0113693,True
114,4,45,60,recent_k8,8.909615516662598,193.2311553955078,193.2311553955078,8.909615516662598,0.00609588623046875,534.576904296875,11593.869140625,11593.869140625,60,615.9492242150009,0.05734400078654289,10467dc30846f5f3e4286ae068a4647a2d936889d49766bfc0b0fa44bbb4e32c,True
115,4,45,75,recent_k8,22.38742446899414,2108.066162109375,2108.066162109375,22.38742446899414,0.06610107421875,1343.245361328125,126483.96875,126483.96875,60,616.7533369734883,0.05632000043988228,e75bd87e01dd7a305f9578ac5266c9e4a07587a10470404384349fed1e4bfa72,True
116,4,45,90,recent_k8,27.728342056274414,2026.12744140625,2026.12744140625,27.728342056274414,0.063720703125,1663.700439453125,121567.640625,121567.640625,60,623.944628983736,0.05632000043988228,d382ae8e9ca8474be017486382cd7c1347b7c2c97a5d933dba6e770ac5d549e6,True
117,4,45,105,recent_k8,3.7876737117767334,28.483200073242188,28.483200073242188,3.7876737117767334,0.0011968612670898438,227.26040649414062,1708.991943359375,1708.991943359375,60,616.6113479994237,0.06451199948787689,735262d699f184c03de68a46524df609f0fcee47fa5068f0712ab64fc82922a6,True
118,4,45,120,recent_k8,1.8610246181488037,5.203454971313477,5.203454971313477,1.8610246181488037,0.0002014636993408203,111.66146850585938,312.207275390625,312.207275390625,60,616.8255060911179,0.05632000043988228,d1cc75f7934621552a4f443f3be264c8862484f27144c7cc6e4675febf269c31,True
119,4,45,135,recent_k8,1.2459721565246582,2.7983927726745605,2.7983927726745605,1.2459721565246582,9.292364120483398e-05,74.7583236694336,167.903564453125,167.903564453125,60,616.9018247164786,0.05939200147986412,436e94d50cb549ce37c53d69e107ee96d3b69c040bbeedb75844d8288831dfd9,True
120,4,45,150,recent_k8,1.1289958953857422,2.1585094928741455,2.1585094928741455,1.1289958953857422,7.253885269165039e-05,67.73975372314453,129.51055908203125,129.51055908203125,60,615.7932640053332,0.05734400078654289,f018a35b9782d972ba296510994f52127540d49445bcb48a39d6fa86a654a7ba,True
121,4,45,165,recent_k8,3.052067756652832,31.411659240722656,31.411659240722656,3.052067756652832,0.0010652542114257812,183.12405395507812,1884.699462890625,1884.699462890625,60,616.1441109143198,0.05632000043988228,563404988d5ee01600e578a35ab71de092f1a3b19a67c169b93d6bf92ddc458d,True
122,4,45,180,recent_k8,8.817753791809082,194.96566772460938,194.96566772460938,8.817753791809082,0.006076812744140625,529.065185546875,11697.939453125,11697.939453125,60,615.9559418447316,0.06451199948787689,e460aea4556b405774aa95788f90580281611f7589d1f26502ebd7d2dddb6dae,True
123,4,45,195,recent_k8,4.18861722946167,33.80116271972656,33.80116271972656,4.18861722946167,0.0011644363403320312,251.3170166015625,2028.0697021484375,2028.0697021484375,60,616.5383169427514,0.058368001133203506,4449c48f9440174beb54f02e03adfd3cc9f9ecd7d1fe5ca63a08c0fbb560d628,True
124,4,45,210,recent_k8,5.680408954620361,67.50575256347656,67.50575256347656,5.680408954620361,0.00225067138671875,340.82452392578125,4050.344970703125,4050.344970703125,60,615.7751139253378,0.0655359998345375,ce5225e52078e673bd7e4ad8ecf89a34382feeb60b9e0281cc08e519a1684e87,True
125,4,45,225,recent_k8,6.406353950500488,90.92982482910156,90.92982482910156,6.406353950500488,0.0028667449951171875,384.3812255859375,5455.7890625,5455.7890625,60,616.6239259764552,0.05632000043988228,d4c64086179325e142151a1ec585febe7004c8dd39c3c91e3da0165c2dfd68bc,True
126,4,60,30,recent_k8,10.73015022277832,289.2826232910156,289.2826232910156,10.73015022277832,0.009124755859375,643.8089599609375,17356.95703125,17356.95703125,60,616.5217272937298,0.05632000043988228,fb92b779f8ffb000921f400407b0c145668c0faa8b1190ec2d87632dc2292264,True
127,4,60,45,recent_k8,10.079503059387207,244.17005920410156,244.17005920410156,10.079503059387207,0.007686614990234375,604.7701416015625,14650.203125,14650.203125,60,616.5225468575954,0.05632000043988228,eb7ff0d735d6a67559a4ce9b2ca3adb1e2d2b509f116680a696b6724e5a94d02,True
0,4,83,30,recent_k6,14.473834037780762,400.9572448730469,400.9572448730469,14.473834037780762,0.01476287841796875,868.4299926757812,24057.43359375,24057.43359375,60,613.0850329063833,0.05632000043988228,e7e677786feaadf770a81a2186936d755ffd603c2aaedea0c5aae125e50f04aa,True
1,4,83,45,recent_k6,22.348901748657227,762.6080932617188,762.6080932617188,22.348901748657227,0.0246124267578125,1340.93408203125,45756.484375,45756.484375,60,613.8602467253804,0.05734400078654289,0e94b94b17d5ea0eb1008da9688c936f7160d7e3805afc22e754ee7f521bd73e,True
2,4,83,60,recent_k6,12.867039680480957,273.10577392578125,273.10577392578125,12.867039680480957,0.00933074951171875,772.0223388671875,16386.345703125,16386.345703125,60,621.8088041059673,0.05734400078654289,6c78bec87bd89f3478b6dc1d10c2778c95537867afaf6bd3f115e06da730037c,True
3,4,83,75,recent_k6,22.05352783203125,1043.142333984375,1043.142333984375,22.05352783203125,0.034454345703125,1323.2115478515625,62588.53515625,62588.53515625,60,613.9870760962367,0.06656000018119812,2e74bc0d52320899439957252fa00e3b1b9055277e7595a9b314911caab99585,True
4,4,83,90,recent_k6,26.842607498168945,10518.8603515625,1953.294677734375,26.842607498168945,0.3271484375,1610.556396484375,631131.5625,117197.671875,60,613.9080366119742,0.05939200147986412,05b7448d243af3cfcb67af41161860f99af920e8c8337d260b99f9142eedb250,True
5,4,83,105,recent_k6,53.06995391845703,11399.9951171875,7308.02099609375,53.06995391845703,0.35498046875,3184.197021484375,683999.6875,438481.25,60,613.2332910783589,0.05632000043988228,0e0a7c661b666dfc41aef2075e24be4518cf5370348a4a25551e95390b652df0,True
6,4,83,120,recent_k6,16.424190521240234,430.3952941894531,430.3952941894531,16.424190521240234,0.016510009765625,985.451416015625,25823.716796875,25823.716796875,60,613.413630053401,0.05632000043988228,ba5f5926ade62288b1dbbd8cb6bfc21f2a18d68e349bf2b89450479e6a653069,True
7,4,83,135,recent_k6,4.109776973724365,28.94587516784668,28.94587516784668,4.109776973724365,0.0013151168823242188,246.58660888671875,1736.75244140625,1736.75244140625,60,614.1119035892189,0.06451199948787689,1f5b3766b8790ab362d689718ac87ba8efb9feb5ce57711e87a8bde8f44246e5,True
8,4,83,150,recent_k6,11.32276439666748,287.61004638671875,287.61004638671875,11.32276439666748,0.0097503662109375,679.3658447265625,17256.6015625,17256.6015625,60,613.7371971271932,0.062463998794555664,7c3722625721f342692094d16de6e178bae46da5be5c9156d32fed586aaa1106,True
9,4,83,165,recent_k6,10.97681713104248,224.8666229248047,224.8666229248047,10.97681713104248,0.007396697998046875,658.6090087890625,13491.9970703125,13491.9970703125,60,613.3720302022994,0.05833600088953972,ee99bad22017447bc636b3c6ab4efa45cd18d5a8f7df8f14baeed98e400f95f1,True
10,4,83,180,recent_k6,28.247844696044922,2188.3330078125,2188.3330078125,28.247844696044922,0.071533203125,1694.87060546875,131299.96875,131299.96875,60,613.0224028602242,0.055296000093221664,57694d32aec18ec6b5b39e8a46bcffe67b16d89d7f524d7ed90d4701cd3c7de6,True
11,4,83,195,recent_k6,12.121460914611816,216.64085388183594,216.64085388183594,12.121460914611816,0.0099029541015625,727.28759765625,12998.4501953125,12998.4501953125,60,614.0699037350714,0.05632000043988228,09b5497c9b99d31d9d70844f9f7212761c5a5f2bc21f3746ca2ceaad2558a20c,True
12,4,83,210,recent_k6,10.942983627319336,314.193603515625,314.193603515625,10.942983627319336,0.01007080078125,656.5789794921875,18851.615234375,18851.615234375,60,612.1775791980326,0.05532800033688545,9df42f4cb37ffde0ecc2db06467db87be5823144aae56cea0ba116c793834b02,True
13,4,83,225,recent_k6,31.853485107421875,9500.5087890625,2335.173583984375,31.853485107421875,0.295166015625,1911.208984375,570030.5,140110.40625,60,613.2547510787845,0.062463998794555664,022f9a5f25907de0d3b27430c3a072a91a7e0169430ecadd048707dd1d8102f5,True
14,4,15,30,recent_k6,14.366301536560059,317.256103515625,317.256103515625,14.366301536560059,0.01033782958984375,861.97802734375,19035.365234375,19035.365234375,60,621.5209639631212,0.06656000018119812,6e38bfd56d2954651dbce1f38e3d1753199b410890591b800c4cea5710865df0,True
15,4,15,45,recent_k6,4.62153959274292,38.87482833862305,38.87482833862305,4.62153959274292,0.0015087127685546875,277.2923583984375,2332.489501953125,2332.489501953125,60,610.8922581188381,0.05734400078654289,82d0d828a637dff90dbd909553b5d3621c7b6e86fcc7fc79d708dea1c15435c2,True
16,4,15,60,recent_k6,1.2740076780319214,3.109924793243408,3.109924793243408,1.2740076780319214,0.00010716915130615234,76.44046020507812,186.59547424316406,186.59547424316406,60,611.5143341012299,0.0655359998345375,da04a2d8684e65d3de6fac199e0c9aa6459b69c0bb9894e6bd841190bc31840a,True
17,4,15,75,recent_k6,1.1428943872451782,2.7464828491210938,2.7464828491210938,1.1428943872451782,9.649991989135742e-05,68.57366180419922,164.78895568847656,164.78895568847656,60,614.8826470598578,0.06143999844789505,8895ed80279d074007caf2f2b2bc2ff98e7e443757c365b40b4525280f737a00,True
18,4,15,90,recent_k6,1.1939839124679565,3.2133917808532715,3.2133917808532715,1.1939839124679565,0.00010669231414794922,71.63903045654297,192.80349731445312,192.80349731445312,60,614.113172981888,0.06143999844789505,fc84dee38488478b91e79b3cfbe3810a9a7a54484b88ebe4bf425890ea424655,True
19,4,15,105,recent_k6,6.790783882141113,143.88888549804688,143.88888549804688,6.790783882141113,0.00506591796875,407.447021484375,8633.3330078125,8633.3330078125,60,614.8098870180547,0.055296000093221664,7a55773f504c7a03dfae1f90d792a8928a94b89767aa9187387e62a115a55692,True
20,4,15,120,recent_k6,12.223084449768066,348.2779541015625,348.2779541015625,12.223084449768066,0.0109710693359375,733.385009765625,20896.67578125,20896.67578125,60,614.7464569658041,0.055296000093221664,4d9192e88add467fe9ceaf9e7a6c857c38e98e8b263a2182c0f9d8e51e6088f5,True
21,4,15,135,recent_k6,0.9688701033592224,2.153231143951416,2.153231143951416,0.9688701033592224,7.575750350952148e-05,58.1322021484375,129.19386291503906,129.19386291503906,60,614.1610820777714,0.05632000043988228,0db6d8ae68ccf976b0c1bc21337ad004f1a38310f81067a060319dcbf64956b7,True
22,4,15,150,recent_k6,1.1009920835494995,2.3894965648651123,2.3894965648651123,1.1009920835494995,8.302927017211914e-05,66.05952453613281,143.36978149414062,143.36978149414062,60,615.2136330492795,0.055296000093221664,75394340f0f7703b56f47bd75c60dc1963a8bbfecd6f1c54f0ab783b08540cde,True
23,4,15,165,recent_k6,6.913819313049316,176.64578247070312,176.64578247070312,6.913819313049316,0.00560760498046875,414.8291320800781,10598.74609375,10598.74609375,60,614.2816999927163,0.060416001826524734,553db542c301d75be7e32d6c970ae54a4be4a6d0cd9575fcb5bd5237f9903e95,True
24,4,15,180,recent_k6,14.144970893859863,511.4049987792969,511.4049987792969,14.144970893859863,0.0167083740234375,848.6981811523438,30684.298828125,30684.298828125,60,614.4830887205899,0.05632000043988228,01732e036559ce3b142421d2a5f2d10975f8f8730ac58f5e99087c5e3433f08f,True
25,4,15,195,recent_k6,15.304859161376953,693.5072631835938,693.5072631835938,15.304859161376953,0.02154541015625,918.29150390625,41610.43359375,41610.43359375,60,614.0690622851253,0.05939200147986412,3c666fa0dc4813a484d4f52e2345a80144152b4ca0c8f4e84fd49efa23c31337,True
26,4,15,210,recent_k6,21.63762855529785,4870.66552734375,1473.54638671875,21.63762855529785,0.1513671875,1298.2576904296875,292239.90625,88412.78125,60,612.5775841064751,0.05632000043988228,89e748256adfd53faefda822afeb3dd106907d29ba1765b685db07c19e76f93e,True
27,4,15,225,recent_k6,11.380548477172852,9344.1005859375,404.233154296875,11.380548477172852,0.289306640625,682.8328857421875,560646.0,24253.98828125,60,612.7147818915546,0.055296000093221664,2558821f25b3c86ef442038d28dd3a470eab85e1eb2a036d720381621a983b3c,True
28,4,3,30,recent_k6,13.12401294708252,333.9039306640625,333.9039306640625,13.12401294708252,0.0136871337890625,787.4407348632812,20034.234375,20034.234375,60,613.3000180125237,0.055296000093221664,0da22ab980d91dbcde6283721d6278cda6bca05215d9d779b3639b60e6164498,True
29,4,3,45,recent_k6,21.41068458557129,798.048583984375,798.048583984375,21.41068458557129,0.0269317626953125,1284.6409912109375,47882.9140625,47882.9140625,60,613.8997729867697,0.055296000093221664,339f36a3376a031bd909e4a9c519860cb461dc8b01c09e8a3caf4a01d8a39c23,True
30,4,3,60,recent_k6,8.128205299377441,78.43585205078125,78.43585205078125,8.128205299377441,0.003543853759765625,487.6922912597656,4706.15087890625,4706.15087890625,60,614.5586278289557,0.058368001133203506,62c1c8a31de3cce2b8ad81be5e3b1d5d8a72c1b8c39089f5234422ce1efaa283,True
31,4,3,75,recent_k6,6.774227619171143,76.5623550415039,76.5623550415039,6.774227619171143,0.0025348663330078125,406.4536437988281,4593.7412109375,4593.7412109375,60,613.9474320225418,0.062463998794555664,3949fd008b3180267b11363fc7ae1d8088b6fb3a7b9cb96e368289b954debfb3,True
32,4,3,90,recent_k6,3.0397157669067383,16.83445167541504,16.83445167541504,3.0397157669067383,0.0006814002990722656,182.3829345703125,1010.0670776367188,1010.0670776367188,60,614.0745808370411,0.05734400078654289,68cb0b461df1359d077b7fcba2bc5f77724547e31b2f277522f87653bb559f6c,True
33,4,3,105,recent_k6,4.546994209289551,46.98919677734375,46.98919677734375,4.546994209289551,0.0015745162963867188,272.81964111328125,2819.3515625,2819.3515625,60,614.0380711294711,0.058368001133203506,9b073f08a5a97ef3724ffedf0b6012419e1804980da3db8848f36b6b6fbe4895,True
34,4,3,120,recent_k6,4.303668022155762,40.84194564819336,40.84194564819336,4.303668022155762,0.0018739700317382812,258.2200622558594,2450.5166015625,2450.5166015625,60,613.7490440160036,0.05734400078654289,cf12c920d600746cdca0f1bcc1d12b3e163bc2212089ffb87cef35eccd110c74,True
35,4,3,135,recent_k6,12.446114540100098,231.6376953125,231.6376953125,12.446114540100098,0.00882720947265625,746.766845703125,13898.2607421875,13898.2607421875,60,613.1003079935908,0.055296000093221664,51639db4f44489a28153cea0e271f10801fd216fd25bd605ae5ec5d235bc10fb,True
36,4,3,150,recent_k6,11.6582612991333,267.37738037109375,267.37738037109375,11.6582612991333,0.0085906982421875,699.4956665039062,16042.6416015625,16042.6416015625,60,613.8495723716915,0.058368001133203506,47a1f705c0507afbfe36cae5b95209bb988920997726788406c99e6c8039e682,True
37,4,3,165,recent_k6,13.545084953308105,325.5463562011719,325.5463562011719,13.545084953308105,0.01390838623046875,812.705078125,19532.78125,19532.78125,60,614.1020199283957,0.05734400078654289,bb98bcc0969efb36ab19c0f7c6c1c45de16ce80c7c691d398c438d9e5376f625,True
38,4,3,180,recent_k6,6.825998306274414,135.31317138671875,135.31317138671875,6.825998306274414,0.00433349609375,409.55987548828125,8118.7900390625,8118.7900390625,60,615.4032000340521,0.05734400078654289,00426286ae9c57a1b4885bf1f3290c6e5fd94b2ca6bffea526724dc9d6b2bf7f,True
39,4,3,195,recent_k6,5.916841506958008,69.62023162841797,69.62023162841797,5.916841506958008,0.00235748291015625,355.0104675292969,4177.2138671875,4177.2138671875,60,614.3703679554164,0.07065600156784058,814f42a62b34a8bf1dce8fbae603f723efb48d6f765d95619778247fdcbe5fa4,True
40,4,3,210,recent_k6,1.5640300512313843,3.601979970932007,3.601979970932007,1.5640300512313843,0.00023984909057617188,93.841796875,216.11878967285156,216.11878967285156,60,614.0030608512461,0.062463998794555664,784dc888065489810319ecc79ac489ee8792cec7adad0e872562f6c69e4d3f68,True
41,4,3,225,recent_k6,3.281582832336426,12.820408821105957,12.820408821105957,3.281582832336426,0.0007619857788085938,196.89495849609375,769.2244873046875,769.2244873046875,60,613.2411961443722,0.05939200147986412,2f7329c822389fe7177450f9c01878625d7369496768b136fb7da75250e657c5,True
42,4,35,30,recent_k6,10.32304573059082,162.0345458984375,162.0345458984375,10.32304573059082,0.006221771240234375,619.3826904296875,9722.072265625,9722.072265625,60,613.4388251230121,0.05632000043988228,04582b7e7d81331159399089e473c3c1abe581b4f58e9000496254eb80782b66,True
43,4,35,45,recent_k6,4.885348796844482,34.10960388183594,34.10960388183594,4.885348796844482,0.0013217926025390625,293.12091064453125,2046.5760498046875,2046.5760498046875,60,613.5931829921901,0.06758400052785873,baa791eb0fa1fe25fdee85b88058375dc21bf1d3b386be169b597f78f55501fd,True
44,4,35,60,recent_k6,3.7220749855041504,25.2069149017334,25.2069149017334,3.7220749855041504,0.0009756088256835938,223.32449340820312,1512.414794921875,1512.414794921875,60,613.6146332137287,0.05632000043988228,b19f9877c31965d2855ab4e1a9314f5c0e47706724cf70a81f232cd973c62d9d,True
45,4,35,75,recent_k6,3.0395233631134033,17.61528778076172,17.61528778076172,3.0395233631134033,0.0007109642028808594,182.37139892578125,1056.917236328125,1056.917236328125,60,614.7863143123686,0.055296000093221664,ba903cd43a7ec0726bd973f425e6d86b723aead0864e7937b003dbebfcdd0d84,True
46,4,35,90,recent_k6,2.725586414337158,37.801544189453125,37.801544189453125,2.725586414337158,0.0012531280517578125,163.53517150878906,2268.092529296875,2268.092529296875,60,614.702763967216,0.062463998794555664,8832c5573a56a7331f8cb80a3efeeb721361d125344e98e5a065ae80d8d45518,True
47,4,35,105,recent_k6,6.126223564147949,70.04935455322266,70.04935455322266,6.126223564147949,0.0028018951416015625,367.5733947753906,4202.9609375,4202.9609375,60,614.5915943197906,0.06143999844789505,5d71c7a88489bf93923bb56cd4012aab744ea870a2a652522097804a5ea7dbcc,True
48,4,35,120,recent_k6,7.929416179656982,97.97342681884766,97.97342681884766,7.929416179656982,0.005054473876953125,475.76495361328125,5878.4052734375,5878.4052734375,60,615.6820058822632,0.062463998794555664,cde3fec053f7afb3d51ab07caaa7b4c508d51a5b424bc0dec08b3e96bc96cb16,True
49,4,35,135,recent_k6,3.2187421321868896,24.14419937133789,24.14419937133789,3.2187421321868896,0.0008411407470703125,193.12451171875,1448.65185546875,1448.65185546875,60,615.0581608526409,0.07782399654388428,59c8dd5102e8ce90f756bfd82a3e64109c2f1e89c52d20fdb651d31c2a5c7492,True
50,4,35,150,recent_k6,4.507833003997803,32.52912521362305,32.52912521362305,4.507833003997803,0.0013799667358398438,270.469970703125,1951.747314453125,1951.747314453125,60,615.1643488556147,0.07065600156784058,1de111546d2ba70ab098938735d593f1c13e8d5c7fcde6c5092c6b64ebb811f6,True
51,4,35,165,recent_k6,14.450010299682617,414.9665222167969,414.9665222167969,14.450010299682617,0.01515960693359375,867.0005493164062,24897.990234375,24897.990234375,60,614.6736028604209,0.06451199948787689,67d95598b3c66055a3a666075eb03004f47161ead1596f1dfe27bf8243299288,True
52,4,35,180,recent_k6,22.214618682861328,1367.2613525390625,1367.2613525390625,22.214618682861328,0.045745849609375,1332.8770751953125,82035.6796875,82035.6796875,60,615.5488570220768,0.062463998794555664,540ca5fa83378614648250a6cb6dbf6b7fcb6dbb4f9184ffd94415708bad8030,True
53,4,35,195,recent_k6,5.437530994415283,56.178436279296875,56.178436279296875,5.437530994415283,0.0019626617431640625,326.2518310546875,3370.7060546875,3370.7060546875,60,614.8524922318757,0.06454399973154068,fbafe8d4e968ecb8b6b36c4aaba94daef8054ce6cb66afad6b7ca10278b97990,True
54,4,35,210,recent_k6,3.938906669616699,19.186811447143555,19.186811447143555,3.938906669616699,0.001018524169921875,236.33438110351562,1151.2086181640625,1151.2086181640625,60,614.1398968175054,0.062463998794555664,928564c31230fbbb5e52f1fc0c07d4cdd559c2f3b50f2ceda09aa37acb9efcb1,True
55,4,35,225,recent_k6,3.607208490371704,48.1446418762207,48.1446418762207,3.607208490371704,0.0015659332275390625,216.4324951171875,2888.678466796875,2888.678466796875,60,614.5765739493072,0.06348799914121628,164ad094ce3f476882f876cf4284e97c07fb49c027a14a90b1acfebe1aef8eb1,True
56,4,48,30,recent_k6,6.427674770355225,85.6466293334961,85.6466293334961,6.427674770355225,0.0035686492919921875,385.66046142578125,5138.79736328125,5138.79736328125,60,614.9906101636589,0.062463998794555664,11cccfa775360800e18493fdcc374e112730ac2fce9b396420f68a97d3f2ee51,True
57,4,48,45,recent_k6,15.236279487609863,516.1585083007812,516.1585083007812,15.236279487609863,0.017547607421875,914.1766967773438,30969.5078125,30969.5078125,60,614.3431747332215,0.06348799914121628,52d0475a4a73ba11dc93d375777d59c2a65efafbf3d8772905970f4cd4a04dad,True
58,4,48,60,recent_k6,13.609776496887207,460.8283996582031,460.8283996582031,13.609776496887207,0.0148468017578125,816.5865478515625,27649.703125,27649.703125,60,613.844248931855,0.06348799914121628,60b082487e645ef5dddc3d2f8e6cba93759102481c59da14fd36d8794e1f1a1c,True
59,4,48,75,recent_k6,5.068448066711426,66.888916015625,66.888916015625,5.068448066711426,0.002155303955078125,304.10687255859375,4013.3349609375,4013.3349609375,60,615.6192249618471,0.062463998794555664,03911d5ddf022aadf2f9b9520f7fbb1ae3f35cc2a9aa83a1f813c2c982217fcc,True
60,4,48,90,recent_k6,5.295904636383057,42.38114547729492,42.38114547729492,5.295904636383057,0.00218963623046875,317.7542724609375,2542.86865234375,2542.86865234375,60,614.8218507878482,0.06348799914121628,fe4dc9fa1c3c5ec7d70dfaa15e74482fc39ef00244e14244b1b37d4ac2365b1e,True
61,4,48,105,recent_k6,7.868237018585205,142.20132446289062,142.20132446289062,7.868237018585205,0.005161285400390625,472.0942077636719,8532.0791015625,8532.0791015625,60,619.4710140116513,0.06348799914121628,989673df565c37f7fe24a670ed9beadb0defc0dccc976151b512f5805859788a,True
62,4,48,120,recent_k6,25.322601318359375,1547.3134765625,1547.3134765625,25.322601318359375,0.050689697265625,1519.35595703125,92838.8046875,92838.8046875,60,626.0692807845771,0.06451199948787689,a93ed7b62321f2889edb1173a19bd3c1d3232ab219813d276da7d9ce302e161f,True
63,4,48,135,recent_k6,22.695138931274414,1008.2415771484375,1008.2415771484375,22.695138931274414,0.03173828125,1361.708251953125,60494.4921875,60494.4921875,60,626.6862461343408,0.062463998794555664,dde6855dce98ce6b823a0cb7895b9c18d588e5df76be51926cac8f9ac9561e08,True
64,4,48,150,recent_k6,12.520065307617188,258.7420654296875,258.7420654296875,12.520065307617188,0.01447296142578125,751.203857421875,15524.5234375,15524.5234375,60,633.6263199336827,0.06143999844789505,790219ba5f4a07d6f45822c3cc34811cd746fa296b12f2bf775c5b7ca6e7884b,True
65,4,48,165,recent_k6,9.78345775604248,142.63522338867188,142.63522338867188,9.78345775604248,0.0048828125,587.0074462890625,8558.11328125,8558.11328125,60,664.896019268781,0.062463998794555664,674be866e5b310e1da8887a06569065bb749fd8511fda1a2f26246c3b30ed65a,True
66,4,48,180,recent_k6,10.398703575134277,292.4567565917969,292.4567565917969,10.398703575134277,0.0111541748046875,623.9221801757812,17547.404296875,17547.404296875,60,664.2436040565372,0.06348799914121628,da4b28128b1a98596fa43d961ffe368352f434dad573c46eab896b5807465c02,True
67,4,48,195,recent_k6,15.255666732788086,606.7608642578125,606.7608642578125,15.255666732788086,0.0189208984375,915.3399658203125,36405.6484375,36405.6484375,60,663.7793476693332,0.062463998794555664,74a68faaca48205efedaaff644d5d56a78bd05dc4343483de9e5f644ff9870c8,True
68,4,48,210,recent_k6,13.223733901977539,419.9944152832031,419.9944152832031,13.223733901977539,0.013641357421875,793.4240112304688,25199.6640625,25199.6640625,60,664.8531393148005,0.0655359998345375,c563004d75c4dc41beac316646385b64ef2968e231190b5f6d03e3d27608c42b,True
69,4,48,225,recent_k6,15.991329193115234,474.9273986816406,474.9273986816406,15.991329193115234,0.01702880859375,959.4796752929688,28495.642578125,28495.642578125,60,678.5621689632535,0.06143999844789505,75700786ac291c73d5822e666eb0230157bdcf942d7dbc8097d4bb73e6078e1d,True
70,4,22,30,recent_k6,3.6822853088378906,20.8518123626709,20.8518123626709,3.6822853088378906,0.0012655258178710938,220.93710327148438,1251.108642578125,1251.108642578125,60,663.0736221559346,0.06143999844789505,36be1e6aff73be68b1179230cd804ab6b1afe63439f65c6925f13ccff2470868,True
71,4,22,45,recent_k6,4.365360736846924,22.017662048339844,22.017662048339844,4.365360736846924,0.0012464523315429688,261.921630859375,1321.0596923828125,1321.0596923828125,60,664.3790020607412,0.06348799914121628,4f134f272aaeeec3733bb31ea6b7d59c4f3ad2430b408dc955ad7c1549178f74,True
72,4,22,60,recent_k6,1.95307195186615,11.947239875793457,11.947239875793457,1.95307195186615,0.0003807544708251953,117.18431091308594,716.8343505859375,716.8343505859375,60,664.4280310720205,0.06451199948787689,f59ed1c8c1f31b56cab01f2a04aa20e10ad53278f61fb35709b1b7d9419b48b5,True
73,4,22,75,recent_k6,2.6788485050201416,15.280133247375488,15.280133247375488,2.6788485050201416,0.00048613548278808594,160.73089599609375,916.8079223632812,916.8079223632812,60,664.6938687190413,0.062463998794555664,11cab84895cbc2604459bdce1686a0e7761162ae9d104923089a8049c07f2c20,True
74,4,22,90,recent_k6,3.529108762741089,69.0052719116211,69.0052719116211,3.529108762741089,0.00215911865234375,211.74652099609375,4140.31591796875,4140.31591796875,60,664.425291121006,0.0655359998345375,1efa871c468a3f85a18eaa933c83b7eaed26fabe20ad736db23c45206f3bff11,True
75,4,22,105,recent_k6,4.549843788146973,70.75048828125,70.75048828125,4.549843788146973,0.002231597900390625,272.9906005859375,4245.029296875,4245.029296875,60,664.5739302039146,0.06348799914121628,40ca9d56a29939a380991f703cb1d610ee64f064c9194f7cb165451f89cc3983,True
76,4,22,120,recent_k6,2.1659657955169678,7.9558587074279785,7.9558587074279785,2.1659657955169678,0.0003867149353027344,129.95794677734375,477.35150146484375,477.35150146484375,60,665.412322152406,0.062463998794555664,6a741e346977f134f64f3028c33bf0e2c95950d4beb995535c2ae9ed41f1e952,True
77,4,22,135,recent_k6,2.1675820350646973,8.02777099609375,8.02777099609375,2.1675820350646973,0.00028514862060546875,130.05491638183594,481.666259765625,481.666259765625,60,664.1278429888189,0.07372800260782242,96a6f2716e63574f54161e4a9fdc3f8e21ac5f83c8737069d87f9b8bacbb0a76,True
78,4,22,150,recent_k6,1.3209770917892456,3.795095443725586,3.795095443725586,1.3209770917892456,0.0001691579818725586,79.25862121582031,227.70571899414062,227.70571899414062,60,664.2628819681704,0.07372800260782242,47182c0295142c06975a4f529a07432f0565692361db769a426887bb0f86d5da,True
79,4,22,165,recent_k6,10.727516174316406,310.8078918457031,310.8078918457031,10.727516174316406,0.01006317138671875,643.6509399414062,18648.47265625,18648.47265625,60,663.6765259318054,0.06451199948787689,2ab76a6701f365dd02ef3128d53773ff610ce3039ae2d3b5c0fef0e8f61d00d3,True
80,4,22,180,recent_k6,16.97053337097168,927.5875854492188,927.5875854492188,16.97053337097168,0.0294647216796875,1018.23193359375,55655.25390625,55655.25390625,60,664.729627314955,0.06348799914121628,d9933d3bd9ed38decba34cd1c6067df7e4229f7508e1b9657874062b8ee41b60,True
81,4,22,195,recent_k6,3.442718744277954,19.063461303710938,19.063461303710938,3.442718744277954,0.0007443428039550781,206.5631103515625,1143.8076171875,1143.8076171875,60,664.4081412814558,0.06249599903821945,f82fe870f63af581d2aeaf1a462529a073939aa54e3a086b93b56001c057bd6b,True
82,4,22,210,recent_k6,5.616480827331543,42.54336929321289,42.54336929321289,5.616480827331543,0.0016794204711914062,336.98883056640625,2552.60205078125,2552.60205078125,60,665.010005235672,0.06348799914121628,c39a2d5c9e65bf3a7df2ef8d8e3f6ed0deb8d4a7c04694e9bec0ed6d83212cc2,True
83,4,22,225,recent_k6,4.828550338745117,95.05831909179688,95.05831909179688,4.828550338745117,0.002994537353515625,289.7130126953125,5703.4990234375,5703.4990234375,60,664.97125569731,0.06451199948787689,8b9d313ea4401c658ee3cfba056337a6eee40f390f333f066dd77b68645ed7ad,True
84,4,55,30,recent_k6,9.656307220458984,156.9171600341797,156.9171600341797,9.656307220458984,0.005977630615234375,579.37841796875,9415.029296875,9415.029296875,60,663.254888728261,0.06348799914121628,646fc64d5646fa270fef93707a7a2ae0373d45912853baa3b8a8d1e94f9d0fa6,True
85,4,55,45,recent_k6,5.275897979736328,40.24214172363281,40.24214172363281,5.275897979736328,0.001262664794921875,316.5538635253906,2414.5283203125,2414.5283203125,60,665.0120546109974,0.062463998794555664,48c978a77a2deffc8ce71a9dbe0c9d59e27f4733f75f1fd47315667cd32f8c2b,True
86,4,55,60,recent_k6,6.7200751304626465,123.0142822265625,123.0142822265625,6.7200751304626465,0.004207611083984375,403.2044982910156,7380.8564453125,7380.8564453125,60,668.0809496901929,0.07475200295448303,e1c0c04cb403c03e08b89498b55dfdd109c416389fe7b39cff0018f3082812f6,True
87,4,55,75,recent_k6,11.66826057434082,422.94512939453125,422.94512939453125,11.66826057434082,0.01323699951171875,700.0955810546875,25376.70703125,25376.70703125,60,661.6027620621026,0.06143999844789505,a8161bb0c2b43da1ed96d94d521940aba2fed9709340656fcecce7bd88dbb9b5,True
88,4,55,90,recent_k6,10.77841854095459,234.32078552246094,234.32078552246094,10.77841854095459,0.007442474365234375,646.705078125,14059.24609375,14059.24609375,60,614.7240968421102,0.062463998794555664,7ea84b6297276c19a8503ac9c74227e85282b637d98827f6bdb8032d5f9e7ebf,True
89,4,55,105,recent_k6,3.614647626876831,39.7195930480957,39.7195930480957,3.614647626876831,0.0012674331665039062,216.87884521484375,2383.175537109375,2383.175537109375,60,644.0020026639104,0.058368001133203506,da7a9325a989bd3843392c25ac110a1e15fdec931bb403ae7a9c9c868b51f6a9,True
90,4,55,120,recent_k6,2.343111038208008,13.839753150939941,13.839753150939941,2.343111038208008,0.0004494190216064453,140.58665466308594,830.3851318359375,830.3851318359375,60,642.3852150328457,0.05939200147986412,701c254b5ac90b6e5585a1a5c081ce539f929d8f67c2fa4934c24db893c79b73,True
91,4,55,135,recent_k6,6.964340686798096,62.58277893066406,62.58277893066406,6.964340686798096,0.0022296905517578125,417.86041259765625,3754.966552734375,3754.966552734375,60,628.9134039543569,0.06143999844789505,d94e9156c9384be7e5ff3b657ec2a68306f12306d502ed0654c9410a4e293bba,True
92,4,55,150,recent_k6,14.263925552368164,554.6791381835938,554.6791381835938,14.263925552368164,0.0179595947265625,855.8355102539062,33280.74609375,33280.74609375,60,612.4977846629918,0.05734400078654289,d71c606e6196f5c1d4bd1030bba2c63fab382c01bb341453778c21832cff2050,True
93,4,55,165,recent_k6,38.26200866699219,3775.701416015625,3228.59423828125,38.26200866699219,0.120849609375,2295.720458984375,226542.078125,193715.640625,60,614.8292464204133,0.06143999844789505,073b2d8e2535a9553f6bce9286e9b4fb7b17503787d8050e9c3ad407e588a794,True
94,4,55,180,recent_k6,41.760467529296875,6991.041015625,3737.063720703125,41.760467529296875,0.2198486328125,2505.6279296875,419462.4375,224223.8125,60,615.6353098340333,0.06656000018119812,df48ede5aab4a18ec894cd495a98842dafadac58e12f5c30e2d414a5eac2c4ee,True
95,4,55,195,recent_k6,60.44134521484375,14355.201171875,8167.0732421875,60.44134521484375,0.452880859375,3626.48046875,861312.0,490024.375,60,638.5501050390303,0.055296000093221664,cab00561816e1d5ee68c3c64ad9df36d44b42ee56149bf19820d2f1be771316a,True
96,4,55,210,recent_k6,40.895835876464844,9622.0419921875,4838.49462890625,40.895835876464844,0.30029296875,2453.75,577322.5,290309.65625,60,647.4969740957022,0.05939200147986412,512e4e2a9c01724c6127f0ba56f43a74e412ca2c92cd78eaabde6c65c5bc5d0f,True
97,4,55,225,recent_k6,23.232463836669922,3531.8330078125,1505.3485107421875,23.232463836669922,0.11053466796875,1393.94775390625,211909.96875,90320.90625,60,613.0511499941349,0.0655359998345375,152f811a3e02fcd48130bb19d5332d77f4195914216796b96d68484b510fe5c2,True
98,4,4,30,recent_k6,19.019556045532227,9119.078125,1542.7237548828125,19.019556045532227,0.28173828125,1141.17333984375,547144.6875,92563.421875,60,612.5936433672905,0.05734400078654289,1871726c875d801049e6ff5739290447ac2ddbaa0b05eaae2ee0d9fa5e10262d,True
99,4,4,45,recent_k6,57.45132827758789,9232.125,8668.7998046875,57.45132827758789,0.285400390625,3447.07958984375,553927.5,520127.9375,60,613.0687291733921,0.055296000093221664,d88dc941081acb15052cd374e0de52295cffbf0651cb91f64a4a36e257636e4b,True
100,4,4,60,recent_k6,11.399109840393066,293.01165771484375,293.01165771484375,11.399109840393066,0.00937652587890625,683.946533203125,17580.69921875,17580.69921875,60,613.1395581178367,0.05939200147986412,f96470b8f9e06a70c956c24d4e8a56916275d90bdab063032a6ba952e8db4164,True
101,4,4,75,recent_k6,9.698929786682129,226.87847900390625,226.87847900390625,9.698929786682129,0.0070343017578125,581.9357299804688,13612.7080078125,13612.7080078125,60,622.4012649618089,0.055296000093221664,d9d87bfcd50575ed18ef1d106b66c7194210dec278f2c0abe343298cdea16e2f,True
102,4,4,90,recent_k6,8.966297149658203,201.2503662109375,201.2503662109375,8.966297149658203,0.006435394287109375,537.977783203125,12075.021484375,12075.021484375,60,649.7358451597393,0.05939200147986412,ed5dd9762df59c369b7f84db966112e52a1b33871bb66b2f69319515e444def8,True
103,4,4,105,recent_k6,8.678773880004883,136.93527221679688,136.93527221679688,8.678773880004883,0.004329681396484375,520.7263793945312,8216.1162109375,8216.1162109375,60,657.0914960466325,0.058368001133203506,546098ca165f66822379034eb7834e0c8b3d700eb68053d1ef119ba5af240ea8,True
104,4,4,120,recent_k6,7.589048862457275,163.63316345214844,163.63316345214844,7.589048862457275,0.005290985107421875,455.3428955078125,9817.9892578125,9817.9892578125,60,619.8650044389069,0.07878399640321732,7c671b1996918a2ea25b7a22a6f4b312d90d156dbafe2d678e705a04bc51f564,True
105,4,4,135,recent_k6,8.409753799438477,190.10467529296875,190.10467529296875,8.409753799438477,0.0061492919921875,504.5851745605469,11406.2802734375,11406.2802734375,60,613.398305606097,0.06656000018119812,4570a23b2abd27cf1d41c7574e3d8f95b2650a4fa99b0df2abc1cfeb19aaa1a6,True
106,4,4,150,recent_k6,11.787887573242188,461.8663330078125,461.8663330078125,11.787887573242188,0.014495849609375,707.273193359375,27711.978515625,27711.978515625,60,613.5995639488101,0.05632000043988228,0798a4d2d7218532d924a92899f553a350c94664cf37506948a06874dba5dd94,True
107,4,4,165,recent_k6,9.261066436767578,197.8985595703125,197.8985595703125,9.261066436767578,0.00629425048828125,555.6639404296875,11873.9130859375,11873.9130859375,60,613.8130421750247,0.055296000093221664,1be05d0b56db8fae81ad7380bf72bb6bf5804553ca0887f600b58ea5b5c67296,True
108,4,4,180,recent_k6,11.020551681518555,1341.65478515625,398.6125183105469,11.020551681518555,0.04156494140625,661.2330932617188,80499.28125,23916.75,60,613.4052048437297,0.06451199948787689,c00bd7cd77d9650562ee2261a1b9db8b718c56f25a99315b380a9552f0bb35f9,True
109,4,4,195,recent_k6,37.025360107421875,10369.2109375,4476.15625,37.025360107421875,0.32080078125,2221.521484375,622152.625,268569.375,60,617.6458010450006,0.055296000093221664,c94dba7a98ca1e1740713ac24d6b7bd8df97a2e27d837fc2ec42948e35129408,True
110,4,4,210,recent_k6,22.980907440185547,10824.6162109375,2142.77099609375,22.980907440185547,0.334228515625,1378.8543701171875,649476.9375,128566.25,60,620.4849686473608,0.05632000043988228,0526c4bf6f9b07e6a82219e6251e421bb60c83554ceb14e10b18f6a536c16c13,True
111,4,4,225,recent_k6,40.54216384887695,4277.31787109375,4277.31787109375,40.54216384887695,0.1322021484375,2432.52978515625,256639.0625,256639.0625,60,616.8105881661177,0.05632000043988228,7716215f9b007a62cc2afc21ef4ad86a46b1ee7672251ec912675f41e5454e61,True
112,4,45,30,recent_k6,11.897501945495605,220.79307556152344,220.79307556152344,11.897501945495605,0.00759124755859375,713.85009765625,13247.583984375,13247.583984375,60,613.965901080519,0.055296000093221664,b61eda954e82be066fb58adc286d0360eb51f38e889e0511a8ad9ad10e4ffc9f,True
113,4,45,45,recent_k6,9.860503196716309,228.25010681152344,228.25010681152344,9.860503196716309,0.007076263427734375,591.6301879882812,13695.005859375,13695.005859375,60,613.4422547183931,0.05632000043988228,2aa658fd837f3854de450e950962d6ad72e43eb21a570596f208cc6dc7dd5dea,True
114,4,45,60,recent_k6,9.8267240524292,229.86842346191406,229.86842346191406,9.8267240524292,0.007232666015625,589.6033935546875,13792.1044921875,13792.1044921875,60,614.2976176925004,0.06656000018119812,7d336eaf87a16b94b58918ae4a0572708d4c05bbf67bf22003164ded0a806a8e,True
115,4,45,75,recent_k6,22.388904571533203,2110.9794921875,2110.9794921875,22.388904571533203,0.06622314453125,1343.334228515625,126658.765625,126658.765625,60,613.7135121971369,0.06960000097751617,03e9efe4f2bf593e554d977db823135612f3f0a17717efd870b145a95a699cd5,True
116,4,45,90,recent_k6,34.81512451171875,3307.579833984375,3307.579833984375,34.81512451171875,0.103271484375,2088.907470703125,198454.78125,198454.78125,60,613.5078631341457,0.055296000093221664,717308eba8a0626f32d0b9151e7cdd111a0f5ec4db585bc536a3a8c68bf474a4,True
117,4,45,105,recent_k6,4.4761199951171875,41.85898971557617,41.85898971557617,4.4761199951171875,0.0014848709106445312,268.56719970703125,2511.539306640625,2511.539306640625,60,614.0976077876985,0.05632000043988228,188be0458d01f409befc3b613852ecccd3d876fd53630dd87bc46a31d845be2f,True
118,4,45,120,recent_k6,1.5644534826278687,3.8632373809814453,3.8632373809814453,1.5644534826278687,0.0001373291015625,93.86720275878906,231.7942352294922,231.7942352294922,60,613.8611203059554,0.05632000043988228,b767ec4722269b62c7228227b37c0ece6683a659eaf0623d8eb384e8072b84e9,True
119,4,45,135,recent_k6,1.3239251375198364,3.0016942024230957,3.0016942024230957,1.3239251375198364,0.00010073184967041016,79.43550109863281,180.1016387939453,180.1016387939453,60,613.426314201206,0.06860800087451935,26494930b6891c37564b5f121c2325b0a0862c65b7d7c6b29a8f43cf1e1078a3,True
120,4,45,150,recent_k6,1.1820584535598755,2.2845544815063477,2.2845544815063477,1.1820584535598755,7.736682891845703e-05,70.92350006103516,137.07325744628906,137.07325744628906,60,613.2851750589907,0.055296000093221664,7f8bef42ec4ca2e02169c3220333a5660726531cc56e68487c2d4a08985ae777,True
121,4,45,165,recent_k6,3.1465957164764404,32.073333740234375,32.073333740234375,3.1465957164764404,0.0010890960693359375,188.7957305908203,1924.4000244140625,1924.4000244140625,60,612.7239200286567,0.055296000093221664,8661cf9a2ca9d31c181030cb8dea5aa132ae9d3e130833f078e2e5f8591c0962,True
122,4,45,180,recent_k6,9.044660568237305,210.95484924316406,210.95484924316406,9.044660568237305,0.006572723388671875,542.6796264648438,12657.2900390625,12657.2900390625,60,613.0393068306148,0.05632000043988228,71f5875d6da2b3b3d2243834855a6bdab8ab7e4c1de2be23e863fee5e12ffde1,True
123,4,45,195,recent_k6,4.305096626281738,39.415992736816406,39.415992736816406,4.305096626281738,0.0013294219970703125,258.3057861328125,2364.95947265625,2364.95947265625,60,613.4953428991139,0.05632000043988228,48cb074918f9dc9ab09438bdf8f45e19a786235c6714ee4f170c19aeaa0f7c2c,True
124,4,45,210,recent_k6,5.915054798126221,79.93390655517578,79.93390655517578,5.915054798126221,0.0025539398193359375,354.90325927734375,4796.0341796875,4796.0341796875,60,613.4712132625282,0.05632000043988228,d156ddad562bfc019063b6e303d35f9dabdbf55bafcaa2d09e916be033541c95,True
125,4,45,225,recent_k6,6.249063014984131,94.22135925292969,94.22135925292969,6.249063014984131,0.0029506683349609375,374.9437561035156,5653.28125,5653.28125,60,615.7303736545146,0.05632000043988228,dc5adeccd0aa4ee70afdc71225da182f046cb05d5bcbd144f15ba084dd89f8c7,True
126,4,60,30,recent_k6,9.669629096984863,230.45928955078125,230.45928955078125,9.669629096984863,0.007228851318359375,580.177734375,13827.556640625,13827.556640625,60,614.8399608209729,0.05632000043988228,9d02540260c614f28746ebc6cc8e85020311dd2659d928e35dfd7add7a6bc51d,True
127,4,60,45,recent_k6,10.855416297912598,266.74755859375,266.74755859375,10.855416297912598,0.0083770751953125,651.324951171875,16004.853515625,16004.853515625,60,613.0721662193537,0.055296000093221664,e05bf67539e5fc4e28c4799cf577c10a155aaa0836abd90028f5d74e1464f90a,True
0,4,83,30,recent_k4,14.983970642089844,389.5126647949219,389.5126647949219,14.983970642089844,0.01416778564453125,899.0382080078125,23370.7578125,23370.7578125,60,606.9885231554508,0.055296000093221664,b1be4853ad875f9df505bc20f8c18d4e3dc4a34cfd2b6248a192b11dd68e2a0b,True
1,4,83,45,recent_k4,22.783916473388672,773.9042358398438,773.9042358398438,22.783916473388672,0.0249786376953125,1367.034912109375,46434.25,46434.25,60,607.5520990416408,0.05632000043988228,2c8000751e04a8fdd5e6d9855be07e8e7e7822b482b404ee5a72bbf75623e827,True
2,4,83,60,recent_k4,12.855595588684082,272.1219177246094,272.1219177246094,12.855595588684082,0.00926971435546875,771.335693359375,16327.314453125,16327.314453125,60,610.7899430207908,0.05734400078654289,5d497ec1abe9db4aed08cfb5b2880d7918aa553d24370c6a6fade3006c924f8a,True
3,4,83,75,recent_k4,21.30199432373047,983.9086303710938,983.9086303710938,21.30199432373047,0.03240966796875,1278.11962890625,59034.515625,59034.515625,60,609.8741609603167,0.062463998794555664,9d2e149df914ee932824a745817ab209562373f7c8c41c7b92f1e92a02cdac18,True
4,4,83,90,recent_k4,26.29084587097168,10628.66796875,1876.4232177734375,26.29084587097168,0.33056640625,1577.45068359375,637720.0625,112585.390625,60,610.0009586662054,0.05632000043988228,6af3d539b6fd48cf6c91243e0f49ca7d8004eff0a1ff42aa073e36fdc034a357,True
5,4,83,105,recent_k4,53.49287033081055,9197.8671875,7710.22021484375,53.49287033081055,0.286865234375,3209.572021484375,551872.0,462613.1875,60,612.2610201127827,0.05632000043988228,5bbb243af8ac410ccaa06a463b97a519a671ab7f5e237d87c0192789c50b6394,True
6,4,83,120,recent_k4,11.102088928222656,188.12380981445312,188.12380981445312,11.102088928222656,0.007534027099609375,666.1253051757812,11287.427734375,11287.427734375,60,611.8346243165433,0.055296000093221664,3694950cf2fbcfd6e7a11fc3b6b1e174841d40dc5f5bfbf32c9a058157eae0bb,True
7,4,83,135,recent_k4,4.6687750816345215,28.56637954711914,28.56637954711914,4.6687750816345215,0.0013332366943359375,280.1264953613281,1713.982666015625,1713.982666015625,60,612.9946047440171,0.05734400078654289,caa1bad93b8f72e2e11c550704390aa4fcf1ecc9893479ebf84b4a0692dadbe7,True
8,4,83,150,recent_k4,11.435531616210938,303.6007385253906,303.6007385253906,11.435531616210938,0.01032257080078125,686.1318359375,18216.04296875,18216.04296875,60,612.8838062286377,0.05632000043988228,dadadc94453133fbcff76bb721f2afc227f75a50b6c48b692786e15dbcc31a36,True
9,4,83,165,recent_k4,7.453854560852051,89.70435333251953,89.70435333251953,7.453854560852051,0.002971649169921875,447.23126220703125,5382.2607421875,5382.2607421875,60,611.5048872306943,0.05632000043988228,29d728bcea3f992194975c725fa0c19be1c7bf65b6d7c54e1d5f2cb3e8c3882e,True
10,4,83,180,recent_k4,28.2077693939209,2220.0107421875,2220.0107421875,28.2077693939209,0.07208251953125,1692.466064453125,133200.640625,133200.640625,60,611.4648468792439,0.05734400078654289,7a4b3b6f08359cdb995c01bd3d12b67e6d3d3ebb8352cbd08a6782ddf9369fa3,True
11,4,83,195,recent_k4,13.095052719116211,256.2511291503906,256.2511291503906,13.095052719116211,0.01171112060546875,785.703125,15375.06640625,15375.06640625,60,611.6981147788465,0.055296000093221664,44828f688cfebbd86fef39f66bb2e0fc16e8ec0283142f278a533e4718222536,True
12,4,83,210,recent_k4,11.667706489562988,369.93890380859375,369.93890380859375,11.667706489562988,0.01184844970703125,700.0623779296875,22196.333984375,22196.333984375,60,611.354717053473,0.055296000093221664,ab80eea708615631d42ed134f2e03c85099dc48db625e0cfcd7c50927f1c9903,True
13,4,83,225,recent_k4,31.197900772094727,9515.0078125,2279.53564453125,31.197900772094727,0.295654296875,1871.8739013671875,570900.4375,136772.125,60,611.5167457610369,0.05632000043988228,e6f9e81b292da9bb0b6bdbd40217d848f42fc24efa6c1315f8eeb91505b95da1,True
14,4,15,30,recent_k4,12.449469566345215,244.92318725585938,244.92318725585938,12.449469566345215,0.008087158203125,746.9681396484375,14695.390625,14695.390625,60,611.7398836649954,0.05632000043988228,0fde88cf27305bc8b3839e4320c539ee716bd5afa868648b4b5399e0da9af69d,True
15,4,15,45,recent_k4,3.730104684829712,29.80659294128418,29.80659294128418,3.730104684829712,0.0010576248168945312,223.8062744140625,1788.3955078125,1788.3955078125,60,612.0667513459921,0.0655359998345375,dbd492a2ebfbad1156300b33a4f22fba15a0d0279ce7961b85879321f5349de1,True
16,4,15,60,recent_k4,1.4197289943695068,3.408154010772705,3.408154010772705,1.4197289943695068,0.00011974573135375977,85.1837387084961,204.48922729492188,204.48922729492188,60,627.4964869953692,0.05632000043988228,4cbca016db39b8f3ff27a170801d1e5c70db658261cd1df7e3418f8fc0262317,True
17,4,15,75,recent_k4,1.2467482089996338,3.0569095611572266,3.0569095611572266,1.2467482089996338,0.00010967254638671875,74.80488586425781,183.41456604003906,183.41456604003906,60,610.9713101759553,0.06550399959087372,709557939c23f840d87ffefa41ea6f3482a29bd6a2f35eec8bbcb326d5d34b2a,True
18,4,15,90,recent_k4,1.2921037673950195,3.5007553100585938,3.5007553100585938,1.2921037673950195,0.00011652708053588867,77.5262222290039,210.04530334472656,210.04530334472656,60,610.4132542386651,0.05632000043988228,4605b781d10eeb72579e10f0cf0a63906b24502f4e2963bb88bfc76a46ad87c5,True
19,4,15,105,recent_k4,6.856873035430908,143.35287475585938,143.35287475585938,6.856873035430908,0.005054473876953125,411.412353515625,8601.171875,8601.171875,60,611.0244588926435,0.05632000043988228,1e0d07fa11194a40c4a69f24e3ba3965c146a1db59b534112145cbc382f295a1,True
20,4,15,120,recent_k4,9.868718147277832,211.22911071777344,211.22911071777344,9.868718147277832,0.0068206787109375,592.123046875,12673.74609375,12673.74609375,60,610.8781099319458,0.05532800033688545,9339dd4c61782abb71de79f63f202bce2939682a684adcb3a2b0b23f7b72fdbf,True
21,4,15,135,recent_k4,1.1435743570327759,3.112150192260742,3.112150192260742,1.1435743570327759,0.00010502338409423828,68.61445617675781,186.72900390625,186.72900390625,60,610.6599722988904,0.05734400078654289,fe416aeb2ee0d2cf1776ef1fb3f9e4642bc58c74ba65735e0b925ae8e907c96d,True
22,4,15,150,recent_k4,1.165621280670166,2.638582229614258,2.638582229614258,1.165621280670166,9.059906005859375e-05,69.93727111816406,158.31492614746094,158.31492614746094,60,610.5492431670427,0.05632000043988228,e31f9c5e03e6887fe0cd08f9513bd0b6e59c1f3e367e769a76f0b779e69347e3,True
23,4,15,165,recent_k4,6.97225284576416,177.55567932128906,177.55567932128906,6.97225284576416,0.0056304931640625,418.33514404296875,10653.33984375,10653.33984375,60,610.7711512595415,0.055296000093221664,e8a8b69e07b0f6d0c0680d78bf93ae6669f2df385663ef23a8428d6e98a548e2,True
24,4,15,180,recent_k4,13.459198951721191,544.2633056640625,544.2633056640625,13.459198951721191,0.0176544189453125,807.5518798828125,32655.796875,32655.796875,60,610.8993799425662,0.055296000093221664,14b1508ce9aa5ed8e8c270bec209668a1c6855ef8bbe223f79ad5fe489add5d6,True
25,4,15,195,recent_k4,10.859132766723633,333.43878173828125,333.43878173828125,10.859132766723633,0.0106201171875,651.5479125976562,20006.326171875,20006.326171875,60,610.664410982281,0.05632000043988228,8e74cd6073991e4d3a3e8c4a0d9c66fa0f4dcd34d578758007ac64107b72814f,True
26,4,15,210,recent_k4,22.333322525024414,4793.89208984375,1626.1678466796875,22.333322525024414,0.1490478515625,1339.999267578125,287633.5,97570.0625,60,609.5420606434345,0.055296000093221664,af697e43e33c9645ad42885b3213cb93dab827c24ff1f3b675260dbd39df264c,True
27,4,15,225,recent_k4,11.59394359588623,9737.1123046875,351.1116027832031,11.59394359588623,0.3017578125,695.6365966796875,584226.6875,21066.6953125,60,612.3450980521739,0.06143999844789505,83ea8e8c5e12dd929962d138e887b0acb03287fcd72766e8d4c5830ecd312d6f,True
28,4,3,30,recent_k4,13.06916618347168,342.516357421875,342.516357421875,13.06916618347168,0.01385498046875,784.14990234375,20550.98046875,20550.98046875,60,611.601032782346,0.05632000043988228,ad43b1b014664f433ad8b33143a25ae5b253ab869db0a38d13f6a954016f8cdd,True
29,4,3,45,recent_k4,20.783817291259766,831.9481811523438,831.9481811523438,20.783817291259766,0.0260162353515625,1247.0289306640625,49916.88671875,49916.88671875,60,609.9728066474199,0.055296000093221664,c80b616c1ef5044ff918ee6d3faf269b099acc0ac9bc19d8c362e5e5d1daaf9a,True
30,4,3,60,recent_k4,7.584405899047852,77.45272064208984,77.45272064208984,7.584405899047852,0.00325775146484375,455.0643310546875,4647.1630859375,4647.1630859375,60,609.9800961092114,0.05632000043988228,cc6e3306a0eb52450b0d0353a05009958a3074e7bbacc757683068cf175ceebb,True
31,4,3,75,recent_k4,6.667934894561768,74.68305969238281,74.68305969238281,6.667934894561768,0.002475738525390625,400.0760803222656,4480.9833984375,4480.9833984375,60,612.6043847762048,0.05734400078654289,0dc22dfada0ecf7b8edbaeacdadd364379b7df6e51cce510ec4a14c128275e26,True
32,4,3,90,recent_k4,2.7663581371307373,14.522444725036621,14.522444725036621,2.7663581371307373,0.0005769729614257812,165.98147583007812,871.3466186523438,871.3466186523438,60,613.8884737156332,0.05734400078654289,1eaa27728ed90cd8b954cd9f1c91d861acd5e1bfa8da7ff792a3c833f8e9c3d3,True
33,4,3,105,recent_k4,4.808399677276611,53.47410583496094,53.47410583496094,4.808399677276611,0.0018100738525390625,288.50396728515625,3208.4462890625,3208.4462890625,60,613.9861033298075,0.05632000043988228,0fb7db01da37ee2535e3039d3a279e5ec7e09e6eb8d75191e3229e44c6e89eeb,True
34,4,3,120,recent_k4,3.4597108364105225,32.639827728271484,32.639827728271484,3.4597108364105225,0.001598358154296875,207.5826416015625,1958.3896484375,1958.3896484375,60,613.0147310905159,0.05632000043988228,12ce030980075977bd69546d7c34b3eb797443944486ed2c1704852d94786142,True
35,4,3,135,recent_k4,11.735843658447266,221.24961853027344,221.24961853027344,11.735843658447266,0.00861358642578125,704.1505737304688,13274.9765625,13274.9765625,60,612.2767068445683,0.06451199948787689,35f93d2af01dda9d82515b13f4e8c85e0d48d65e1940ff98b66bda6ae0515383,True
36,4,3,150,recent_k4,11.598259925842285,263.2625732421875,263.2625732421875,11.598259925842285,0.0084686279296875,695.8955688476562,15795.75390625,15795.75390625,60,610.6335301883519,0.058368001133203506,01bf74ae37113d11fc4fad072db3256f5770ab0905050ca72af56933e51b8842,True
37,4,3,165,recent_k4,14.057879447937012,345.0098876953125,345.0098876953125,14.057879447937012,0.01448822021484375,843.4727172851562,20700.591796875,20700.591796875,60,610.4360106401145,0.05632000043988228,94ee11c35eb2cc3a161c317838c6a21695a09b7d24e0dff3c632f5a3f46bc9c6,True
38,4,3,180,recent_k4,6.868603229522705,138.37547302246094,138.37547302246094,6.868603229522705,0.004421234130859375,412.1161804199219,8302.5283203125,8302.5283203125,60,610.504481010139,0.055296000093221664,2261e1fed099fdfc9fad48c4c67146175afba1cd7af08d6b3ee2f407029c5d99,True
39,4,3,195,recent_k4,5.046106338500977,52.813194274902344,52.813194274902344,5.046106338500977,0.00177001953125,302.766357421875,3168.79150390625,3168.79150390625,60,611.6819912567735,0.055296000093221664,48937ad31be84300f531c10ffeeef2ba673c9e1caae9aa3abb07c17c8f1da5d1,True
40,4,3,210,recent_k4,1.4827512502670288,3.456578016281128,3.456578016281128,1.4827512502670288,0.00022852420806884766,88.96507263183594,207.39466857910156,207.39466857910156,60,611.5139829926193,0.060416001826524734,a70fe0fdc978a1ea5616d3a19462ed1f82ed91095f3cb51a70d8a6501fb611a9,True
41,4,3,225,recent_k4,3.2885212898254395,12.84408187866211,12.84408187866211,3.2885212898254395,0.0007719993591308594,197.31126403808594,770.6448974609375,770.6448974609375,60,612.6996632665396,0.060416001826524734,33176305ecbd4b343f12229d1b9df0ce44fa7dc340534f4ef27c562e5b10e7e8,True
42,4,35,30,recent_k4,9.396074295043945,135.74853515625,135.74853515625,9.396074295043945,0.00540924072265625,563.764404296875,8144.91162109375,8144.91162109375,60,611.0426960512996,0.06147199869155884,a329691f75f1bb1dc78a4184ed5a8eb39a008091429f0ed63f8278adbcb6e9bb,True
43,4,35,45,recent_k4,6.721164226531982,61.3056755065918,61.3056755065918,6.721164226531982,0.0023365020751953125,403.26983642578125,3678.34033203125,3678.34033203125,60,610.7673281803727,0.058368001133203506,60826f7b5ba43a586f30c424546769bb28bb66e8552d30393ca085575a692e5a,True
44,4,35,60,recent_k4,3.6656274795532227,24.8785400390625,24.8785400390625,3.6656274795532227,0.000946044921875,219.93763732910156,1492.7122802734375,1492.7122802734375,60,610.2979118004441,0.062463998794555664,1c728bd8e2b85c295c7bd150dd6e6c845272f9ed15f1c0c3896d89187341dea9,True
45,4,35,75,recent_k4,2.5268454551696777,13.024248123168945,13.024248123168945,2.5268454551696777,0.0004887580871582031,151.6107177734375,781.454833984375,781.454833984375,60,610.3221322409809,0.06348799914121628,aca9fe8f8110307b3b2c3383a6cffa6e3d90f9078564f8ed9508a66c8bca5cc8,True
46,4,35,90,recent_k4,2.8391945362091064,39.976768493652344,39.976768493652344,2.8391945362091064,0.0013217926025390625,170.35166931152344,2398.60595703125,2398.60595703125,60,610.8617768622935,0.06451199948787689,cebb775be1ebd0e2fd9c7ab082b4e97dae2ee2dfaab8c08321a85abd378e131a,True
47,4,35,105,recent_k4,5.991045951843262,66.02044677734375,66.02044677734375,5.991045951843262,0.00267791748046875,359.4627380371094,3961.2265625,3961.2265625,60,610.8082672581077,0.05632000043988228,da2db9bf72785d8928e71b8e426471f3842d2bdaf919404480b0fee6fc210531,True
48,4,35,120,recent_k4,6.542792320251465,66.84144592285156,66.84144592285156,6.542792320251465,0.0034923553466796875,392.5675048828125,4010.486572265625,4010.486572265625,60,610.6717591173947,0.055296000093221664,b928a6babd0b0056d7d7e31bc15e12e264119ded044dcb688a2a522b4e80467f,True
49,4,35,135,recent_k4,3.377959728240967,27.539762496948242,27.539762496948242,3.377959728240967,0.0009665489196777344,202.6775665283203,1652.3856201171875,1652.3856201171875,60,610.6063490733504,0.055296000093221664,d72e0f5729563f54ff71acbf9a114a192c22486cb159f7f0a31eede48bbb9567,True
50,4,35,150,recent_k4,4.242789268493652,31.053865432739258,31.053865432739258,4.242789268493652,0.0013647079467773438,254.5673370361328,1863.2318115234375,1863.2318115234375,60,611.6012097336352,0.05734400078654289,09496dc810c384f304378aeed7fabbce430019310bc40c563027a471c8236135,True
51,4,35,165,recent_k4,13.314362525939941,359.9748840332031,359.9748840332031,13.314362525939941,0.01299285888671875,798.8616943359375,21598.4921875,21598.4921875,60,610.2296118624508,0.058368001133203506,d7897c517925e0c965f465dda525b51ad479ba0b56df906968ba668c7a10c3fd,True
52,4,35,180,recent_k4,22.470279693603516,1397.9774169921875,1397.9774169921875,22.470279693603516,0.04669189453125,1348.2166748046875,83878.640625,83878.640625,60,611.64156999439,0.06451199948787689,6860ddb2d4532038a61b85e15d3499cf4b359363ebcd25da5366f5112a184cbc,True
53,4,35,195,recent_k4,5.625539302825928,50.99531173706055,50.99531173706055,5.625539302825928,0.001903533935546875,337.5323486328125,3059.718505859375,3059.718505859375,60,611.121634952724,0.05632000043988228,aded5bbc5bbca0048f686aba3b4a7e2f1d948e44aa8620435a2d3b69a1bad1b3,True
54,4,35,210,recent_k4,2.9305639266967773,12.080162048339844,12.080162048339844,2.9305639266967773,0.0006318092346191406,175.83383178710938,724.8096923828125,724.8096923828125,60,610.8094369992614,0.055296000093221664,a7c73acdb15d3adc36472d668bd04ee4d439098338c9d8bfaf59890e9709dbc3,True
55,4,35,225,recent_k4,4.04067850112915,53.81123352050781,53.81123352050781,4.04067850112915,0.0017557144165039062,242.44068908691406,3228.673828125,3228.673828125,60,610.9773050993681,0.05734400078654289,ea66890c7848441dbe5db94bc24cfeba6a39611ab9c064683efbe7cc16dc517c,True
56,4,48,30,recent_k4,5.794836521148682,74.71566009521484,74.71566009521484,5.794836521148682,0.00318145751953125,347.690185546875,4482.939453125,4482.939453125,60,615.126411896199,0.05632000043988228,ad7bc9a7570ae56052eb23f57cff2670f3bad8abd434e68e0d3769876f89c945,True
57,4,48,45,recent_k4,14.944936752319336,502.6039123535156,502.6039123535156,14.944936752319336,0.0169219970703125,896.6961669921875,30156.232421875,30156.232421875,60,611.6126589477062,0.0655359998345375,f4b746e55b4403a21800379a0eeb9876cedab48c2b018f650b85bdb24f7752ee,True
58,4,48,60,recent_k4,13.577698707580566,453.6357727050781,453.6357727050781,13.577698707580566,0.0146331787109375,814.661865234375,27218.14453125,27218.14453125,60,612.0933960191905,0.05939200147986412,0c728b9ee31033a2e7bc132d4eba776884b4fae758ee98c42631fd454aafc183,True
59,4,48,75,recent_k4,5.1440300941467285,68.59444427490234,68.59444427490234,5.1440300941467285,0.002208709716796875,308.64178466796875,4115.66650390625,4115.66650390625,60,611.5760998800397,0.0655359998345375,29a2c95c611c4357dcd6ed1957328cb8dc6663f56d9d0d1418ae8b3afc2a782d,True
60,4,48,90,recent_k4,5.276566028594971,43.30989074707031,43.30989074707031,5.276566028594971,0.0021228790283203125,316.59393310546875,2598.59326171875,2598.59326171875,60,611.9240266270936,0.05734400078654289,9f6b1822906311837b10bc723613b3e3f695bfffdae4d65ae392f0185955ffd1,True
61,4,48,105,recent_k4,7.740426540374756,138.58828735351562,138.58828735351562,7.740426540374756,0.004993438720703125,464.4255676269531,8315.296875,8315.296875,60,611.6954791359603,0.05632000043988228,923e8d3f87a2d9e794dc494caa745f45bd4f57c9122ac0d835cde6411e488b0e,True
62,4,48,120,recent_k4,27.49271011352539,1731.046142578125,1731.046142578125,27.49271011352539,0.056793212890625,1649.5625,103862.765625,103862.765625,60,611.8717272765934,0.05734400078654289,24a25e3cc88300b50b3dc16c8f19154ebbc6035741b5e55c2600d981e78cf8d8,True
63,4,48,135,recent_k4,24.28891372680664,1203.377685546875,1203.377685546875,24.28891372680664,0.03765869140625,1457.334716796875,72202.65625,72202.65625,60,621.8682159669697,0.05632000043988228,c1dc1d951bc6cbcc0fec9426c4b5007f83086711003dae46a24163a3a31db8d7,True
64,4,48,150,recent_k4,12.289262771606445,252.8856964111328,252.8856964111328,12.289262771606445,0.01416015625,737.355712890625,15173.140625,15173.140625,60,611.8151769042015,0.0655359998345375,965c966ff408d05456bceae4b0c535e2353b1a2346c49e4bd209dbbc2c4aa93b,True
65,4,48,165,recent_k4,7.588669300079346,75.14564514160156,75.14564514160156,7.588669300079346,0.0030345916748046875,455.32012939453125,4508.73828125,4508.73828125,60,612.0088258758187,0.05632000043988228,6d825e13b5677972aee0074cd8d41c712c035b4371185550cc8813c3dc08b0a3,True
66,4,48,180,recent_k4,10.185169219970703,293.0907287597656,293.0907287597656,10.185169219970703,0.0108642578125,611.110107421875,17585.443359375,17585.443359375,60,611.65771773085,0.055296000093221664,e1b71e7e47c16741ae794d1ef4588e994101944bbb75bc29c1c3a0f2ee094ffe,True
67,4,48,195,recent_k4,14.069228172302246,508.90264892578125,508.90264892578125,14.069228172302246,0.0159149169921875,844.1536254882812,30534.158203125,30534.158203125,60,612.4422918073833,0.05632000043988228,ce704b3110b5fbdf65219a62d67332b82f818af824681b18c88a4162bacb0f05,True
68,4,48,210,recent_k4,13.067665100097656,407.49560546875,407.49560546875,13.067665100097656,0.0132598876953125,784.0598754882812,24449.734375,24449.734375,60,612.2577730566263,0.05632000043988228,7f5b70f64d76d6f62ac0fba740dddcad5687dc10c431e9de205f4e32b063b291,True
69,4,48,225,recent_k4,16.053024291992188,468.3140869140625,468.3140869140625,16.053024291992188,0.01702880859375,963.181396484375,28098.84375,28098.84375,60,614.6258939988911,0.05734400078654289,a17a8fdd42a4817a1a14e1444f8f807cebaa1db165c14a149d253a3907aa55ff,True
70,4,22,30,recent_k4,3.4620840549468994,19.37211036682129,19.37211036682129,3.4620840549468994,0.0011644363403320312,207.72503662109375,1162.3265380859375,1162.3265380859375,60,629.5865532010794,0.05632000043988228,abf1ed3fc6100a53dc9baf5b16207559376a124f133cca10d408b4b425de1618,True
71,4,22,45,recent_k4,4.540085792541504,22.747196197509766,22.747196197509766,4.540085792541504,0.0014591217041015625,272.4051208496094,1364.8316650390625,1364.8316650390625,60,611.6684773005545,0.055296000093221664,b24feef35307f4b022e04745102c86eb3025aa94d079b0cb9a18b88a74f9b1a8,True
72,4,22,60,recent_k4,1.9938403367996216,12.042469024658203,12.042469024658203,1.9938403367996216,0.0003833770751953125,119.63041687011719,722.548095703125,722.548095703125,60,610.9909228980541,0.05632000043988228,927279f29658a4f7092932755ededbccf4968fed4bf44ab034371e521f875778,True
73,4,22,75,recent_k4,2.5978031158447266,13.747818946838379,13.747818946838379,2.5978031158447266,0.00043964385986328125,155.86817932128906,824.8690795898438,824.8690795898438,60,611.0718729905784,0.05632000043988228,aaf87842fbc7baeac170b36a6b24c183b480cf024ab4853dc142565ad471d34a,True
74,4,22,90,recent_k4,3.6148838996887207,70.1601333618164,70.1601333618164,3.6148838996887207,0.0021953582763671875,216.8930206298828,4209.60791015625,4209.60791015625,60,611.7766462266445,0.055296000093221664,87cf58359f61cfcbb335db5c2e70e0a4391eb1143dd80970febc593f42f06629,True
75,4,22,105,recent_k4,4.2801103591918945,63.481082916259766,63.481082916259766,4.2801103591918945,0.0019989013671875,256.8066101074219,3808.86474609375,3808.86474609375,60,612.9697668366134,0.058368001133203506,6bcff6f44f22ef84549af219c5287cb0107b11f156b972e35efb1d0e1e53c2b7,True
76,4,22,120,recent_k4,2.29679799079895,8.783209800720215,8.783209800720215,2.29679799079895,0.0004115104675292969,137.80787658691406,526.9925537109375,526.9925537109375,60,612.0927138254046,0.058368001133203506,738b6200d8eae6d9146a87dc90f2e9e0b5d0c0740c7d208e2487a4e7540ea7fc,True
77,4,22,135,recent_k4,1.9198057651519775,7.358935356140137,7.358935356140137,1.9198057651519775,0.00023865699768066406,115.18833923339844,441.5361022949219,441.5361022949219,60,612.1443933807313,0.055296000093221664,ffbe6b0768677fb2294534c9af223d6b53acb7db560f11150ab8de751b9604d0,True
78,4,22,150,recent_k4,1.368143081665039,3.952960252761841,3.952960252761841,1.368143081665039,0.0001761913299560547,82.08857727050781,237.17759704589844,237.17759704589844,60,611.5847281180322,0.055296000093221664,69dbe29f44fa2cb473a226bdc88ee7be472a2d41a54db3220b306f01a22c5812,True
79,4,22,165,recent_k4,10.634017944335938,308.0099182128906,308.0099182128906,10.634017944335938,0.01000213623046875,638.041015625,18480.59375,18480.59375,60,612.8558968193829,0.0655359998345375,3e7a588c16f4b51b8e40b0f3dc87a3f693579cec23ecf4374e3b24572f0b6ad6,True
80,4,22,180,recent_k4,16.7922306060791,912.44482421875,912.44482421875,16.7922306060791,0.0289459228515625,1007.5338134765625,54746.6875,54746.6875,60,613.1980940699577,0.05632000043988228,a1bd77370824931f299eeba59c1fa422a410170a15d41daec0d5d949268de378,True
81,4,22,195,recent_k4,3.7699968814849854,17.720172882080078,17.720172882080078,3.7699968814849854,0.0007843971252441406,226.19979858398438,1063.2103271484375,1063.2103271484375,60,611.7409868165851,0.05632000043988228,28d66b4e0bda24e7c2f8ff05b9fb25f37b4012860901be070c71fa518fb72dc1,True
82,4,22,210,recent_k4,5.698603630065918,44.18551254272461,44.18551254272461,5.698603630065918,0.00173187255859375,341.91619873046875,2651.130615234375,2651.130615234375,60,613.3357831276953,0.05734400078654289,0c10f5660698c6356da9e652a6d891109eebab75b4a5fbf63ef084de7954c96e,True
83,4,22,225,recent_k4,4.999955177307129,100.45413208007812,100.45413208007812,4.999955177307129,0.0031566619873046875,299.9972839355469,6027.24755859375,6027.24755859375,60,625.1155976206064,0.07065600156784058,2e43c774e9204d0d6e0f84412d43670fd261ee5ba0633e297204d5421b6ff9c2,True
84,4,55,30,recent_k4,9.74789047241211,162.62696838378906,162.62696838378906,9.74789047241211,0.0060272216796875,584.8734130859375,9757.6171875,9757.6171875,60,612.321350723505,0.06656000018119812,66aa495c53cdf3cf08fc4d5c7a80cf534ea155bab2c4ecc2e52964076d47280b,True
85,4,55,45,recent_k4,8.5709867477417,102.86320495605469,102.86320495605469,8.5709867477417,0.0034236907958984375,514.2591552734375,6171.7919921875,6171.7919921875,60,611.4582880400121,0.05734400078654289,ab5c6e79cb92310066ed8fdbf0caf3715d593a012fc148e72248b39b952b40a6,True
86,4,55,60,recent_k4,6.713253021240234,123.58313751220703,123.58313751220703,6.713253021240234,0.004215240478515625,402.795166015625,7414.98779296875,7414.98779296875,60,607.1547027677298,0.055296000093221664,ce3a33550e8ee27ac2ce26e8016398a697ed9488f7126f3a363dd471a48aa493,True
87,4,55,75,recent_k4,11.829216957092285,462.80419921875,462.80419921875,11.829216957092285,0.01444244384765625,709.7529907226562,27768.25,27768.25,60,609.6166027709842,0.05734400078654289,b7266fa50a15a15a2c43d4e6ca1ce0b939e2a53652a8b89173087d776436c999,True
88,4,55,90,recent_k4,7.025141716003418,105.87178039550781,105.87178039550781,7.025141716003418,0.0033588409423828125,421.50848388671875,6352.306640625,6352.306640625,60,609.5513529144228,0.05632000043988228,8ecc8ab2c745cb4a2d8d0b9e63a24bc5d500ea181f9961320ec413382ae5ea72,True
89,4,55,105,recent_k4,3.6011364459991455,38.44633865356445,38.44633865356445,3.6011364459991455,0.0012273788452148438,216.06817626953125,2306.7802734375,2306.7802734375,60,613.1134242750704,0.05734400078654289,385e13c3e9f68d3aba91c8253b0ef1d897da7cfeebff0e16a397474d69a3d41d,True
90,4,55,120,recent_k4,2.2353618144989014,13.04146957397461,13.04146957397461,2.2353618144989014,0.00042176246643066406,134.1217041015625,782.4881591796875,782.4881591796875,60,613.4516913443804,0.055296000093221664,2e650a66817a7368b36de51a3aa5e1b802f838ccd1a42ce4f9fd73af864f543a,True
91,4,55,135,recent_k4,7.004074573516846,63.486698150634766,63.486698150634766,7.004074573516846,0.0022754669189453125,420.24444580078125,3809.20166015625,3809.20166015625,60,616.816284134984,0.055296000093221664,7bc54828418399e5a48d99f0f0cbce6223e64eefa0e5a9253c90b86d2b68454f,True
92,4,55,150,recent_k4,14.377854347229004,584.6796264648438,584.6796264648438,14.377854347229004,0.0188140869140625,862.6712036132812,35080.77734375,35080.77734375,60,613.0174649879336,0.0655359998345375,9086d838055e676073bfc60f7312634cf2d1e63d3979452a620ec89848408bce,True
93,4,55,165,recent_k4,37.1434440612793,3604.000244140625,3012.06884765625,37.1434440612793,0.11572265625,2228.6064453125,216240.0,180724.125,60,611.7374347522855,0.058368001133203506,375905e2f4a6ecb0dc585b00886bc284dea6dfc4cb84d9d489705ac611d27416,True
94,4,55,180,recent_k4,19.154001235961914,8994.689453125,990.9275512695312,19.154001235961914,0.280029296875,1149.239990234375,539681.3125,59455.6484375,60,611.7778839543462,0.055296000093221664,7b792aea5b3406df3d4b2ec6e508f834925ee72da113717db422b2f0679902fc,True
95,4,55,195,recent_k4,64.04167175292969,11826.3447265625,9601.6044921875,64.04167175292969,0.374755859375,3842.500244140625,709580.625,576096.25,60,611.7656738497317,0.05632000043988228,209af16e4e1147b26426419ff7642bb812be12333f4d3d5505bd78aa2fb84ccc,True
96,4,55,210,recent_k4,41.08928680419922,9392.369140625,4905.189453125,41.08928680419922,0.293701171875,2465.357177734375,563542.125,294311.34375,60,611.9714821688831,0.05833600088953972,a93c69da6453607a5b7d9294383708c12bf8b299003a22d581f586d9c1091598,True
97,4,55,225,recent_k4,25.137855529785156,3623.64501953125,1787.53173828125,25.137855529785156,0.11358642578125,1508.271240234375,217418.6875,107251.8984375,60,612.6228184439242,0.058368001133203506,821c6a92ca9096b2811fbbfe5756f8de429ab51c676cf201c55ed907f6242868,True
98,4,4,30,recent_k4,19.090801239013672,9144.365234375,1533.205810546875,19.090801239013672,0.282470703125,1145.447998046875,548661.875,91992.34375,60,612.1649900451303,0.05632000043988228,f765402c68e0c7a50d20e5b5f1cbe63856a479beeb4cdb5bff5bf40ebc7c4c1a,True
99,4,4,45,recent_k4,52.3526725769043,6920.87744140625,6920.87744140625,52.3526725769043,0.2139892578125,3141.16015625,415252.625,415252.625,60,612.3537486419082,0.055296000093221664,ffa11b965f197752bfd2d6b4912f104fc1204e4a4a7943271524a0d552872208,True
100,4,4,60,recent_k4,10.641599655151367,255.89212036132812,255.89212036132812,10.641599655151367,0.00821685791015625,638.4959716796875,15353.5263671875,15353.5263671875,60,612.3282988555729,0.05734400078654289,34638db6b3580d4ff83c3ba8c7bb6f677238aa2a1e46743fb3e1cf9aa30654b7,True
101,4,4,75,recent_k4,9.85114574432373,225.58860778808594,225.58860778808594,9.85114574432373,0.006977081298828125,591.0687255859375,13535.3154296875,13535.3154296875,60,612.0091918855906,0.05632000043988228,d4e588999dc23a1e8a5ade168fe9cdbc30ceac3c11f1802648b73be72d5d9a5d,True
102,4,4,90,recent_k4,8.96609878540039,201.01271057128906,201.01271057128906,8.96609878540039,0.006443023681640625,537.9658813476562,12060.76171875,12060.76171875,60,612.0664207264781,0.055296000093221664,cb403519552c6ce70d397ae6af56e2c6aae007f68cc589ab537d3d5612817574,True
103,4,4,105,recent_k4,8.779372215270996,140.22425842285156,140.22425842285156,8.779372215270996,0.0044403076171875,526.7623291015625,8413.455078125,8413.455078125,60,612.0852511376143,0.055296000093221664,47aea8ae23acfa4e9af4fd5138e4660338c42edf89015e792c6835911869e410,True
104,4,4,120,recent_k4,7.688239097595215,165.3155975341797,165.3155975341797,7.688239097595215,0.005374908447265625,461.2943115234375,9918.935546875,9918.935546875,60,612.1063595637679,0.055296000093221664,d391699f8a9960bd55021a29af35abab9e612141dd972b43cfbc482f52998c0a,True
105,4,4,135,recent_k4,8.53952407836914,194.39437866210938,194.39437866210938,8.53952407836914,0.00635528564453125,512.3713989257812,11663.662109375,11663.662109375,60,611.4708660170436,0.05632000043988228,b520c97d62f9e1b557c0cc89d82d3d213557755003adaa44d71177a9cd4d5813,True
106,4,4,150,recent_k4,12.115691184997559,481.1376647949219,481.1376647949219,12.115691184997559,0.01507568359375,726.94140625,28868.2578125,28868.2578125,60,612.4697769992054,0.05734400078654289,b81b77c48315b77596289bb17787700b024bb113be1d5702000781b86e1142a4,True
107,4,4,165,recent_k4,10.163783073425293,208.25502014160156,208.25502014160156,10.163783073425293,0.006740570068359375,609.8269653320312,12495.30078125,12495.30078125,60,612.0543996803463,0.05734400078654289,91ea012a73edbd479be1e96e3dc32159ce74c674f257349f3c62346107e857bd,True
108,4,4,180,recent_k4,11.079730033874512,1343.075439453125,401.6153869628906,11.079730033874512,0.04156494140625,664.7837524414062,80584.5234375,24096.921875,60,610.734892077744,0.055296000093221664,161072f524956cff3d0823e54c960c714f268a1dd12d50f93645ed5431f44f75,True
109,4,4,195,recent_k4,37.00239562988281,10329.744140625,4509.462890625,37.00239562988281,0.319580078125,2220.1435546875,619784.625,270567.75,60,610.1621957495809,0.05632000043988228,c1d9e1b769fdddb9339618107357fe0649fd0cb596155c51f9755039730f1ed0,True
110,4,4,210,recent_k4,21.67091941833496,11305.98046875,1906.9482421875,21.67091941833496,0.34912109375,1300.255126953125,678358.8125,114416.890625,60,609.2033130116761,0.06646399945020676,f6a37f6f1de4d91eb4c495feb253cd4d07834becac8db72240cfd5409380a0e0,True
111,4,4,225,recent_k4,11.88416576385498,361.2209167480469,361.2209167480469,11.88416576385498,0.01158905029296875,713.0499267578125,21673.25390625,21673.25390625,60,611.7827328853309,0.0562559999525547,fc2700accda0f86b519a2403216d3a01cdb2c75225541815ca138d7c0db1167e,True
112,4,45,30,recent_k4,11.910909652709961,229.61988830566406,229.61988830566406,11.910909652709961,0.007793426513671875,714.654541015625,13777.1923828125,13777.1923828125,60,612.738364841789,0.05734400078654289,2757502a2be1dcff235ec7bbbf24df9d48107d8aeae3cd4c1b1d0d3a34db7fc7,True
113,4,45,45,recent_k4,10.80528450012207,295.9705810546875,295.9705810546875,10.80528450012207,0.0092926025390625,648.3170166015625,17758.234375,17758.234375,60,613.0271819420159,0.05632000043988228,e0aac5eee01f2898508d68ec9c0772cfecfd9dc0413aa783eea72609f291d76e,True
114,4,45,60,recent_k4,9.48816204071045,211.214111328125,211.214111328125,9.48816204071045,0.006626129150390625,569.2896728515625,12672.845703125,12672.845703125,60,613.0666420795023,0.05632000043988228,2563ba9c25f831eed8833c314ab2f21fe0d7893c01e74042e4d10bc1a553ffbc,True
115,4,45,75,recent_k4,22.378509521484375,2109.836669921875,2109.836669921875,22.378509521484375,0.06622314453125,1342.71044921875,126590.1953125,126590.1953125,60,611.4783547818661,0.05632000043988228,7411d4ce485b39697157e54a14aae51fbba5a1bae46fa58c77d9c7d4b63ebbf7,True
116,4,45,90,recent_k4,42.44916534423828,4753.75927734375,4753.75927734375,42.44916534423828,0.1480712890625,2546.94970703125,285225.53125,285225.53125,60,612.4737760983407,0.055296000093221664,381356051aec31115678e20bef89a8d51324e42a7d3ceb474a17de1bd65c2328,True
117,4,45,105,recent_k4,4.188902854919434,36.3347053527832,36.3347053527832,4.188902854919434,0.0012683868408203125,251.33416748046875,2180.082275390625,2180.082275390625,60,612.1417181566358,0.05632000043988228,c5557f9400a35626fbe45cd25d4f23a1574337a4fa005dfd8c3f9a473aef3acf,True
118,4,45,120,recent_k4,1.6187803745269775,4.156440258026123,4.156440258026123,1.6187803745269775,0.00014412403106689453,97.12681579589844,249.3863983154297,249.3863983154297,60,610.9391083009541,0.05632000043988228,f86a44708ca4acab718455d7bea509f78ec2304af74ae4be33d6d492a9998935,True
119,4,45,135,recent_k4,1.4060149192810059,3.198378324508667,3.198378324508667,1.4060149192810059,0.00010758638381958008,84.36089324951172,191.90269470214844,191.90269470214844,60,610.8255889266729,0.055296000093221664,ae72e6e52989eeef8589a150d3355d6c79216b09b000825491c67a88b7035826,True
120,4,45,150,recent_k4,1.3047231435775757,2.709433078765869,2.709433078765869,1.3047231435775757,9.059906005859375e-05,78.28338623046875,162.56597900390625,162.56597900390625,60,611.0195475630462,0.05427199974656105,558327e7c9f287ab90306513cbe3615df54eb9e1db7c79e30ae8e4d85bc7a275,True
121,4,45,165,recent_k4,3.2199461460113525,31.9522762298584,31.9522762298584,3.2199461460113525,0.0010843276977539062,193.19676208496094,1917.136474609375,1917.136474609375,60,620.8088179118931,0.055296000093221664,971b983a9d2ec8e45f34e52592fc664fd319a22ec2151b8d667aa7457edf8cfb,True
122,4,45,180,recent_k4,9.858868598937988,267.3195495605469,267.3195495605469,9.858868598937988,0.008331298828125,591.5321044921875,16039.171875,16039.171875,60,611.7748911492527,0.07475200295448303,afcdadab807ca9ca36f815b40d8a7018f8d29e44ee4b9f857ebda118e2b52205,True
123,4,45,195,recent_k4,4.305880069732666,43.16510772705078,43.16510772705078,4.305880069732666,0.0014238357543945312,258.352783203125,2589.90625,2589.90625,60,626.2488947249949,0.05632000043988228,3e244da259da49320a09eb455a400b0eb7bdaef5347ab490008ea68cf156ce4c,True
124,4,45,210,recent_k4,6.524695873260498,97.82140350341797,97.82140350341797,6.524695873260498,0.0030803680419921875,391.4817199707031,5869.28369140625,5869.28369140625,60,610.7506090775132,0.05632000043988228,63b8029c413cd344b57c6fe0add5b100a5f0b0b58b393a6cceb00760ff15ecd9,True
125,4,45,225,recent_k4,6.353528022766113,102.17438507080078,102.17438507080078,6.353528022766113,0.0031909942626953125,381.211669921875,6130.462890625,6130.462890625,60,610.6280307285488,0.055296000093221664,11cf525ac4e133823dced895f1c1d9bd1cea5aea34c714e465fda1c00f6e23a2,True
126,4,60,30,recent_k4,9.347898483276367,209.986572265625,209.986572265625,9.347898483276367,0.006591796875,560.8739013671875,12599.193359375,12599.193359375,60,610.9265768900514,0.05632000043988228,929772545939f7a41b7335023d70b5ba9da7f25b237d0f642461f5125821eef7,True
127,4,60,45,recent_k4,13.134841918945312,343.1418151855469,343.1418151855469,13.134841918945312,0.0107879638671875,788.0904541015625,20588.5078125,20588.5078125,60,610.2471030317247,0.05734400078654289,0f3e52dfa3dbec0a258e8b0646dbe92f015cef5e1d9703e76c6a41622c648bd6,True
0,4,83,30,recent_k2,14.794866561889648,386.3242492675781,386.3242492675781,14.794866561889648,0.013763427734375,887.6919555664062,23179.453125,23179.453125,60,609.4707688316703,0.058368001133203506,5f99b9e0d1775a7990452f1d4a6a92795ccb56b2f1c57b1c2dbf4b2f86302b45,True
1,4,83,45,recent_k2,22.400081634521484,750.2317504882812,750.2317504882812,22.400081634521484,0.0243377685546875,1344.0048828125,45013.90234375,45013.90234375,60,609.0533318929374,0.05632000043988228,1ddc126cfea647d83e1e21a2e66927ceb988b8e974eff76545d1e0cc8eff3052,True
2,4,83,60,recent_k2,12.799209594726562,269.89697265625,269.89697265625,12.799209594726562,0.00920867919921875,767.9525146484375,16193.818359375,16193.818359375,60,609.3672988936305,0.055296000093221664,478318328a37a88a0d016df3a539b57258d2b8de3c94a1b5e257231233cb3cd7,True
3,4,83,75,recent_k2,19.422319412231445,873.5609741210938,873.5609741210938,19.422319412231445,0.0284423828125,1165.339111328125,52413.65625,52413.65625,60,609.4595179893076,0.055296000093221664,8e2d5ad2d0f206efd7c8c1c81ce5a6d688a598994d0edc8e3a4ccebc350cacf5,True
4,4,83,90,recent_k2,24.055185317993164,11050.892578125,1596.2255859375,24.055185317993164,0.34326171875,1443.31103515625,663053.5,95773.53125,60,608.8683442212641,0.055296000093221664,57eabf07ccccd87f84e9390ff3bb0505ea8f58ab2c0602e23ce96a9fa1b55cf6,True
5,4,83,105,recent_k2,40.8357048034668,4584.6650390625,4498.81396484375,40.8357048034668,0.1439208984375,2450.14208984375,275079.875,269928.8125,60,608.920571859926,0.055296000093221664,1972275b708eb3786bafc0bf29006d367fd32c77d410803d587f411adc785c5f,True
6,4,83,120,recent_k2,6.702305316925049,75.90608978271484,75.90608978271484,6.702305316925049,0.0030345916748046875,402.1383056640625,4554.365234375,4554.365234375,60,609.3641882762313,0.05632000043988228,c69cf4d58c316673be48243c95a97894f97bed8ebae391e6aade0ecd41c5d1eb,True
7,4,83,135,recent_k2,6.421079158782959,50.637657165527344,50.637657165527344,6.421079158782959,0.0022792816162109375,385.2647399902344,3038.25927734375,3038.25927734375,60,609.3883677385747,0.05632000043988228,be694d3d07f21aa788e667562abf61ca725a740245239461e3feef8cb0437cb9,True
8,4,83,150,recent_k2,11.544086456298828,309.1996765136719,309.1996765136719,11.544086456298828,0.010498046875,692.6451416015625,18551.98046875,18551.98046875,60,610.8747869729996,0.055296000093221664,49c0c7f9ed550cd3a0a13717ee0eb4285e8d9b4dc479824c56e18404593c9020,True
9,4,83,165,recent_k2,7.292770862579346,89.85111999511719,89.85111999511719,7.292770862579346,0.002902984619140625,437.56622314453125,5391.06689453125,5391.06689453125,60,621.8095882795751,0.07065600156784058,bfb0138e1281afa9fb8b97f92c8502c310a0dc80c198c0055aa683371685281e,True
10,4,83,180,recent_k2,27.885662078857422,2220.2763671875,2220.2763671875,27.885662078857422,0.07183837890625,1673.1396484375,133216.578125,133216.578125,60,610.0967219099402,0.06656000018119812,423964ef217e65def3e85197975cd90c21558e7ea1fa5f87e991ef0b22519a52,True
11,4,83,195,recent_k2,12.975024223327637,249.3582000732422,249.3582000732422,12.975024223327637,0.01178741455078125,778.5014038085938,14961.4912109375,14961.4912109375,60,613.0454875528812,0.055296000093221664,a1cc2a2e0c2e2adc6a1fd0838a23a34b8e8f256e625215bc3fca4640ad967350,True
12,4,83,210,recent_k2,12.05698013305664,430.40057373046875,430.40057373046875,12.05698013305664,0.01369476318359375,723.4187622070312,25824.033203125,25824.033203125,60,610.13438180089,0.0655359998345375,1216ca87aae75ad2535c2f1e7eafe05dfe8b4eacaba6e126e9c67803891c8ddf,True
13,4,83,225,recent_k2,30.856569290161133,9524.8154296875,2228.698486328125,30.856569290161133,0.296142578125,1851.39404296875,571488.875,133721.90625,60,610.7444274239242,0.05734400078654289,ce066c121bd7c7b4153532024a1b42ef6225777e5f5dea396beeb4cc75f68c0a,True
14,4,15,30,recent_k2,10.150179862976074,156.81600952148438,156.81600952148438,10.150179862976074,0.00539398193359375,609.0107421875,9408.9599609375,9408.9599609375,60,610.5180089361966,0.05632000043988228,74b6ee059ca3684cd2960f80df553f192ad7c829d5cb60aec5702d24346a8f69,True
15,4,15,45,recent_k2,3.038217067718506,15.858173370361328,15.858173370361328,3.038217067718506,0.0004973411560058594,182.2930145263672,951.4903564453125,951.4903564453125,60,611.4740907214582,0.058368001133203506,12916d01df16ef0cb7dad2a32c5b94672bc47eb8e049be445922b6ec56341193,True
16,4,15,60,recent_k2,1.5873881578445435,4.047112941741943,4.047112941741943,1.5873881578445435,0.00013697147369384766,95.2432861328125,242.82675170898438,242.82675170898438,60,609.5937662757933,0.055296000093221664,7692c60fc2377367efae32781af4d09a49fd7ed23336489ef5a8b91bca3e0c11,True
17,4,15,75,recent_k2,1.4719278812408447,3.827267646789551,3.827267646789551,1.4719278812408447,0.0001329183578491211,88.31566619873047,229.63604736328125,229.63604736328125,60,609.8542539402843,0.05734400078654289,1ae0669d616db84c24f6e98b74fb056b88401d9a67f9c4733ac563200f2f1a51,True
18,4,15,90,recent_k2,1.4953837394714355,4.23445987701416,4.23445987701416,1.4953837394714355,0.0001386404037475586,89.7230224609375,254.06756591796875,254.06756591796875,60,608.4230449050665,0.055296000093221664,eeb01fef3e83f2630a0ddae4233532d3b12cddd6ebeca8c4acb8225a4fb66692,True
19,4,15,105,recent_k2,7.0037713050842285,143.699462890625,143.699462890625,7.0037713050842285,0.005054473876953125,420.22625732421875,8621.9677734375,8621.9677734375,60,608.5091950371861,0.05632000043988228,b6cc5a1fc3a7b01287d2e109adbe7947ba0cc2d2971040f8d3f061c6806fa936,True
20,4,15,120,recent_k2,8.597312927246094,167.67031860351562,167.67031860351562,8.597312927246094,0.0053253173828125,515.8387451171875,10060.21875,10060.21875,60,609.3107280321419,0.055296000093221664,e164ba233aa467541209616cb684eda5603ec96278dd29b5c1d3d1ad41e06d7e,True
21,4,15,135,recent_k2,1.3263245820999146,4.059085369110107,4.059085369110107,1.3263245820999146,0.00013518333435058594,79.5794677734375,243.54510498046875,243.54510498046875,60,609.7710439935327,0.05632000043988228,ae90dbc942a74caea8e35c5b0b751f5c4d1c83cbd03ac64fe83d0eb13fc4b776,True
22,4,15,150,recent_k2,1.2868329286575317,3.106093168258667,3.106093168258667,1.2868329286575317,0.00010353326797485352,77.20996856689453,186.36558532714844,186.36558532714844,60,610.3177098557353,0.05632000043988228,9035126e317632f86e85403dd3f4940b4a0c0d6e84aeeeaa9767b635f027e480,True
23,4,15,165,recent_k2,7.013252258300781,175.33187866210938,175.33187866210938,7.013252258300781,0.00555419921875,420.79510498046875,10519.912109375,10519.912109375,60,611.0034142620862,0.06963200122117996,8b8ad5d05b6b1c55136c00fd5ccf72234642ae7f597eb6b1f8f6a80515e63151,True
24,4,15,180,recent_k2,13.51523494720459,549.6756591796875,549.6756591796875,13.51523494720459,0.017913818359375,810.9140625,32980.5390625,32980.5390625,60,610.8720540069044,0.060416001826524734,bb7ac84ef150e97aeb080fec0cac73e5cc4a51665255265a3386fc57e9b86b43,True
25,4,15,195,recent_k2,7.677124500274658,100.04794311523438,100.04794311523438,7.677124500274658,0.0035419464111328125,460.62744140625,6002.87646484375,6002.87646484375,60,610.7506449334323,0.055296000093221664,8d43734069635659c4fce95128fc8385eb6f7385aa5e0394019a00bf3e8e8e2e,True
26,4,15,210,recent_k2,23.34529685974121,4719.65185546875,1868.8607177734375,23.34529685974121,0.146728515625,1400.7177734375,283179.09375,112131.640625,60,610.1140403188765,0.05427199974656105,4ad53a0a469afdbb7b8f47074fc213cff420104df3e1a5cb289d1037a8bcf98e,True
27,4,15,225,recent_k2,12.902140617370605,9805.623046875,359.50653076171875,12.902140617370605,0.3046875,774.12841796875,588337.375,21570.390625,60,609.6260938793421,0.05734400078654289,80aaa82cd9b3d3bf5c1d26d0c97e0f2047fcdb8bf3af97d3d6bdabac18de9410,True
28,4,3,30,recent_k2,13.158584594726562,357.901123046875,357.901123046875,13.158584594726562,0.01425933837890625,789.5150146484375,21474.06640625,21474.06640625,60,611.3529009744525,0.06348799914121628,e3bc7cb313cfdf226edf6cffb3c51cfcad9ceb6a9f72879430a105e4ad0ba0b1,True
29,4,3,45,recent_k2,20.746688842773438,801.5119018554688,801.5119018554688,20.746688842773438,0.0252838134765625,1244.80126953125,48090.7109375,48090.7109375,60,609.8208320327103,0.056352000683546066,89767bfc53b84c6d7f6b7f8a5088c713486644b2c36fcde4dd192b09f8f00497,True
30,4,3,60,recent_k2,8.460003852844238,92.66185760498047,92.66185760498047,8.460003852844238,0.0037975311279296875,507.6002197265625,5559.7109375,5559.7109375,60,611.0675721429288,0.05632000043988228,bb01d99b61c4df6c8861ee7ed8cb1dbfc950264aadd30d6fd3eac129ebbd75ff,True
31,4,3,75,recent_k2,6.319321155548096,70.82662200927734,70.82662200927734,6.319321155548096,0.002349853515625,379.15924072265625,4249.59716796875,4249.59716796875,60,604.4156262651086,0.05632000043988228,85a76c22dec578ca7c9830a5c808df275ae13855b0ae36ce5f0d8d590d136490,True
32,4,3,90,recent_k2,2.4307870864868164,13.50736141204834,13.50736141204834,2.4307870864868164,0.0005221366882324219,145.8472137451172,810.441650390625,810.441650390625,60,608.4940531291068,0.05632000043988228,d670d7b6df7ec43fda6579cf2b36aaf9a665fa3e86f731124b290d1fe2cc8d06,True
33,4,3,105,recent_k2,4.5866923332214355,50.334354400634766,50.334354400634766,4.5866923332214355,0.001689910888671875,275.2015380859375,3020.06103515625,3020.06103515625,60,635.3552769869566,0.05632000043988228,7797a257bdb0a77e5f16f97265a354b34930eac38fdff4f938f1e897b3a9038a,True
34,4,3,120,recent_k2,3.455436944961548,32.081214904785156,32.081214904785156,3.455436944961548,0.0016164779663085938,207.32620239257812,1924.872802734375,1924.872802734375,60,617.4517013132572,0.06656000018119812,6bf7bc478425e968ca38dc3d12588745e8158838d9ff590ac8364c8f1566d5ab,True
35,4,3,135,recent_k2,11.796234130859375,225.28468322753906,225.28468322753906,11.796234130859375,0.0092010498046875,707.7739868164062,13517.080078125,13517.080078125,60,645.8796509541571,0.060416001826524734,2e20bd83213c9a112bc92c173ec38caf69744517f15b8d90bd9c20f52d46f6b2,True
36,4,3,150,recent_k2,11.561100959777832,261.1346740722656,261.1346740722656,11.561100959777832,0.00839996337890625,693.666015625,15668.080078125,15668.080078125,60,646.5082461945713,0.05939200147986412,08d88f0f79347797734056bad6ed0facb7760abcb943b1f388934a48b74a0308,True
37,4,3,165,recent_k2,13.93609619140625,335.78564453125,335.78564453125,13.93609619140625,0.0139923095703125,836.1657104492188,20147.13671875,20147.13671875,60,645.5846941098571,0.058368001133203506,e5bdc40c357d1853854643dd0d5578f9528d23bd0659d8c3548fa66125899efc,True
38,4,3,180,recent_k2,6.853189468383789,140.7196044921875,140.7196044921875,6.853189468383789,0.004489898681640625,411.19134521484375,8443.17578125,8443.17578125,60,641.1548601463437,0.062463998794555664,c2d822c77293c121c9ebf3c58825cf0fcea41d5ff42e84d536190afb28eda5d3,True
39,4,3,195,recent_k2,4.130381107330322,37.67133712768555,37.67133712768555,4.130381107330322,0.0012264251708984375,247.82286071777344,2260.280029296875,2260.280029296875,60,644.0628063865006,0.06054399907588959,71ceaa08623c9ea52383dcc7b5d5c2de47af53e9f3d71403fe0b1f81d26abb01,True
40,4,3,210,recent_k2,1.6292048692703247,4.276736259460449,4.276736259460449,1.6292048692703247,0.00024020671844482422,97.75228881835938,256.6041564941406,256.6041564941406,60,642.780055757612,0.05939200147986412,5b1fa6d22bac07a1dca45e677c5d6a6c141ebafc88416837004e8b462989c234,True
41,4,3,225,recent_k2,3.474485158920288,14.342704772949219,14.342704772949219,3.474485158920288,0.0008287429809570312,208.46910095214844,860.562255859375,860.562255859375,60,644.6584397926927,0.06032000109553337,10fe5c17939f5e5db1a74e910d67218af54001ed19fe3bc330d4ccd1804f0dfd,True
42,4,35,30,recent_k2,8.27336311340332,108.03412628173828,108.03412628173828,8.27336311340332,0.00453948974609375,496.4017639160156,6482.04736328125,6482.04736328125,60,644.3067737855017,0.05942400172352791,ced26c46feace6d69c8d1158cbdc971baa8cb504654206bc77d553b9e7fc62b8,True
43,4,35,45,recent_k2,6.769251823425293,63.62443542480469,63.62443542480469,6.769251823425293,0.0023746490478515625,406.15509033203125,3817.4658203125,3817.4658203125,60,656.2527162022889,0.05939200147986412,a006e3e4932bb1e7b5039269f9e6a677f4e1d424fe678a7bba69caed2dff9039,True
44,4,35,60,recent_k2,3.6253488063812256,28.202438354492188,28.202438354492188,3.6253488063812256,0.0009975433349609375,217.5209197998047,1692.146240234375,1692.146240234375,60,644.58775985986,0.05939200147986412,86f59c47e5806f659571b6fd065102047fd431aea2f4f0abd640660fa0f596dc,True
45,4,35,75,recent_k2,2.2822370529174805,11.224742889404297,11.224742889404297,2.2822370529174805,0.0003826618194580078,136.93421936035156,673.4845581054688,673.4845581054688,60,646.6476735658944,0.05939200147986412,91b57ba78ec03d4f368d1fc5af3303ec968f614193ed463cf92dcea879abbd79,True
46,4,35,90,recent_k2,2.9544317722320557,41.92316818237305,41.92316818237305,2.9544317722320557,0.001384735107421875,177.26589965820312,2515.389892578125,2515.389892578125,60,609.2274957336485,0.058368001133203506,7d70a92f7dc2839cb9f09a6ebdb7890614cb5553f3a2dd4bed6af4f9da3e1d42,True
47,4,35,105,recent_k2,5.728599548339844,59.40102005004883,59.40102005004883,5.728599548339844,0.002471923828125,343.7159423828125,3564.06103515625,3564.06103515625,60,613.4450822137296,0.05632000043988228,535bf197826c87216e8a169505b565e8c6dcbc3818edf526f07bfdf4e0b0a5a2,True
48,4,35,120,recent_k2,4.908321380615234,39.78607940673828,39.78607940673828,4.908321380615234,0.002155303955078125,294.499267578125,2387.16455078125,2387.16455078125,60,636.0800587572157,0.062463998794555664,4eb6baadc2ca35f960f47159b15f1d7aac50394fc15fc50fccd74f1c7c503708,True
49,4,35,135,recent_k2,3.355363130569458,28.597143173217773,28.597143173217773,3.355363130569458,0.0010089874267578125,201.32177734375,1715.8284912109375,1715.8284912109375,60,626.5351260080934,0.06656000018119812,eb7d9e2409f903b880884832c90afeecfff16682806dab72ee737b67feb0c627,True
50,4,35,150,recent_k2,4.021727561950684,31.257463455200195,31.257463455200195,4.021727561950684,0.0014009475708007812,241.3036346435547,1875.44775390625,1875.44775390625,60,610.0162789225578,0.062463998794555664,93b6c45615b9f82049fcbca1cc7d031afea252aff5d7508c1c35a166af24889b,True
51,4,35,165,recent_k2,11.209202766418457,273.2652893066406,273.2652893066406,11.209202766418457,0.00958251953125,672.5521240234375,16395.916015625,16395.916015625,60,626.5071863308549,0.05734400078654289,a873ca00a67aac88e8e25e3129c4f2da2ed1650970982a83c1ab0647c2ce75e2,True
52,4,35,180,recent_k2,22.772127151489258,1432.0216064453125,1432.0216064453125,22.772127151489258,0.047882080078125,1366.3275146484375,85921.2890625,85921.2890625,60,645.4519331455231,0.05939200147986412,8ac039184424366c7bde08debad7a6da7ae8155b2f9ccbf5fcae9c8801167660,True
53,4,35,195,recent_k2,5.290241241455078,49.77849197387695,49.77849197387695,5.290241241455078,0.0019006729125976562,317.4144592285156,2986.70947265625,2986.70947265625,60,644.5239298045635,0.060416001826524734,915c013fe4276d0ddfee463d1a187bb31e4a969a0b10850d84063ae09aef86f5,True
54,4,35,210,recent_k2,2.564145088195801,10.96500301361084,10.96500301361084,2.564145088195801,0.000492095947265625,153.84869384765625,657.900146484375,657.900146484375,60,645.6422805786133,0.05942400172352791,dab64c5779e14dbf16ad5ab7104deb8ab01282d471bf93e6cc69639efe421d86,True
55,4,35,225,recent_k2,4.488407135009766,59.224830627441406,59.224830627441406,4.488407135009766,0.001941680908203125,269.3044128417969,3553.48974609375,3553.48974609375,60,636.2247369252145,0.055296000093221664,99e48fe1059a0fb0974034dc0705d455f9dc0605ec072927bcc32175187ec940,True
56,4,48,30,recent_k2,4.999573230743408,62.766353607177734,62.766353607177734,4.999573230743408,0.0027942657470703125,299.974365234375,3765.98095703125,3765.98095703125,60,645.8415291272104,0.060416001826524734,ed64efa6544042669a777cf0cc13a19024643974ee2b044234758792867e9da7,True
57,4,48,45,recent_k2,14.766351699829102,489.7484130859375,489.7484130859375,14.766351699829102,0.016357421875,885.9810791015625,29384.90234375,29384.90234375,60,646.5039239265025,0.06143999844789505,1844ad600a162e40ed9de89922f750848bd99743751495ff240fcabbdd70a2bc,True
58,4,48,60,recent_k2,13.27682113647461,417.2413024902344,417.2413024902344,13.27682113647461,0.01348114013671875,796.6092529296875,25034.4765625,25034.4765625,60,640.7747799530625,0.060416001826524734,9de7cbe929e4bd4cdb2cb5f52c2bd37efb5c9156e1dad0f341f360930ede9e13,True
59,4,48,75,recent_k2,5.347095489501953,71.25015258789062,71.25015258789062,5.347095489501953,0.00229644775390625,320.8257141113281,4275.0087890625,4275.0087890625,60,609.977079089731,0.05632000043988228,d8c7cf10241853ebd240364cb0fd1d974603c6ad5a40fcfce5413b8b11f5e11b,True
60,4,48,90,recent_k2,4.893989086151123,40.19599151611328,40.19599151611328,4.893989086151123,0.001873016357421875,293.63934326171875,2411.75927734375,2411.75927734375,60,609.3332841992378,0.05632000043988228,5acdacb886992437a2ba413365aa935649dcdc6f99e5fd06d54c4851ca15d8fd,True
61,4,48,105,recent_k2,7.809174060821533,138.4280242919922,138.4280242919922,7.809174060821533,0.004978179931640625,468.5504150390625,8305.6806640625,8305.6806640625,60,608.8605066761374,0.05632000043988228,f04447c59d5a80a6440fccf505ef49b59faf19bd919e996a7cac13c2bc6c9547,True
62,4,48,120,recent_k2,27.749900817871094,1753.2171630859375,1753.2171630859375,27.749900817871094,0.056610107421875,1664.9940185546875,105193.0234375,105193.0234375,60,609.1011250391603,0.055296000093221664,a75f297c31bae86d81eb6a7fdddaa40a3b0210ed6c3a4045a82169c62d137cd9,True
63,4,48,135,recent_k2,25.317590713500977,1339.8878173828125,1339.8878173828125,25.317590713500977,0.041961669921875,1519.055419921875,80393.265625,80393.265625,60,609.3774819746614,0.05632000043988228,888b8b62bf5da3f2dfb78417e2480fbda53d64b9d521c4ef62c005fce5d8f0c0,True
64,4,48,150,recent_k2,12.046867370605469,245.8922882080078,245.8922882080078,12.046867370605469,0.01380157470703125,722.81201171875,14753.5361328125,14753.5361328125,60,610.6222518719733,0.05427199974656105,35c23d799667730269190abcc5493bc123f8bed39679bd0c46eea2f28ebde7f1,True
65,4,48,165,recent_k2,5.808727741241455,41.84107208251953,41.84107208251953,5.808727741241455,0.0023593902587890625,348.5236511230469,2510.464111328125,2510.464111328125,60,608.9262273162603,0.06348799914121628,6caf4efc311abfe63336d27ef98650a733766dcd534940b29c91b8008cf3b356,True
66,4,48,180,recent_k2,10.020535469055176,298.6553039550781,298.6553039550781,10.020535469055176,0.01065826416015625,601.2321166992188,17919.31640625,17919.31640625,60,609.7745089791715,0.05632000043988228,27af1d025a3ee6ae85075f78169e4a9f18b0e7fb8b1993662ec4a13bd27276a6,True
67,4,48,195,recent_k2,12.484672546386719,389.65899658203125,389.65899658203125,12.484672546386719,0.0122833251953125,749.080322265625,23379.5390625,23379.5390625,60,609.4748522154987,0.06348799914121628,1a0993154cef0534381ae15d5f15e165070eeb6cd38975a2f48fb0cae8c5699e,True
68,4,48,210,recent_k2,12.951427459716797,387.0492248535156,387.0492248535156,12.951427459716797,0.01265716552734375,777.0856323242188,23222.953125,23222.953125,60,609.4871517270803,0.05628800019621849,e70c51dcba20aa7fa256a64d407f565d6dd6b5e20d3f5f0a1663bc649e437e73,True
69,4,48,225,recent_k2,16.176570892333984,468.6329040527344,468.6329040527344,16.176570892333984,0.0170745849609375,970.59423828125,28117.97265625,28117.97265625,60,608.5520586930215,0.05632000043988228,6af3ede2fd5249e89b7f4dd76fdd08089d167643e4aa550adc2cdc2eb80edaf5,True
70,4,22,30,recent_k2,3.3845129013061523,19.112714767456055,19.112714767456055,3.3845129013061523,0.0011196136474609375,203.07077026367188,1146.7628173828125,1146.7628173828125,60,609.0873349457979,0.05632000043988228,087f4751570796c4e420ac26c1c75ea6be84a77d3b1885102398b8229341c520,True
71,4,22,45,recent_k2,4.946822166442871,27.726877212524414,27.726877212524414,4.946822166442871,0.0018358230590820312,296.809326171875,1663.612548828125,1663.612548828125,60,609.5053707249463,0.05939200147986412,6cde4ee3e93bd5e770d170f7c3e3fae6ee1d4eb5565711540dffa884cdcb101a,True
72,4,22,60,recent_k2,1.9930866956710815,12.73684024810791,12.73684024810791,1.9930866956710815,0.0004029273986816406,119.58519744873047,764.2103881835938,764.2103881835938,60,609.3809818848968,0.05939200147986412,c6db0c5e2dbd147d7d46dc3384dc3a272d923cff3ca54ae204e58671b2e7a83e,True
73,4,22,75,recent_k2,2.369447946548462,9.565140724182129,9.565140724182129,2.369447946548462,0.0003139972686767578,142.1668701171875,573.9083862304688,573.9083862304688,60,610.1562757976353,0.057312000542879105,ab40614d96d7934764eec9011580517121322470b6ba6ae431dc243f892da7c8,True
74,4,22,90,recent_k2,3.7912583351135254,73.57980346679688,73.57980346679688,3.7912583351135254,0.0023021697998046875,227.47549438476562,4414.7880859375,4414.7880859375,60,609.5824800431728,0.062463998794555664,0036d5c8157f71b7d7b419b091e562e2f87e4a639e35e930ec3be442f079ec20,True
75,4,22,105,recent_k2,3.5314033031463623,43.11009979248047,43.11009979248047,3.5314033031463623,0.0013494491577148438,211.88418579101562,2586.60595703125,2586.60595703125,60,610.1844948716462,0.05734400078654289,956a7625c60810b9f2b6c0be3ab33f818768c55c2155a74f8272921a531b82f6,True
76,4,22,120,recent_k2,2.106322765350342,6.693803310394287,6.693803310394287,2.106322765350342,0.0003440380096435547,126.37935638427734,401.628173828125,401.628173828125,60,609.791177790612,0.055296000093221664,8fef4b5abd9ff81d6d4c4d9a262e479191d22fdf4b10ccdb3e84aa9245d7cb50,True
77,4,22,135,recent_k2,1.8567380905151367,6.35789155960083,6.35789155960083,1.8567380905151367,0.0002110004425048828,111.40428161621094,381.4734802246094,381.4734802246094,60,609.7141779027879,0.05632000043988228,ace0fce371270ad389a3caceb7e97064b064e59e9f28d2987cd3e11ca33ff09a,True
78,4,22,150,recent_k2,1.4658108949661255,4.092859268188477,4.092859268188477,1.4658108949661255,0.00017464160919189453,87.94864654541016,245.571533203125,245.571533203125,60,611.5036038681865,0.05632000043988228,732ed087ed9773d08ba4590e81ef178a77f6b97633c0f8742e9f67a07fe4a9b7,True
79,4,22,165,recent_k2,10.44957160949707,302.11590576171875,302.11590576171875,10.44957160949707,0.00981903076171875,626.9742431640625,18126.953125,18126.953125,60,612.0635098777711,0.05734400078654289,cde440796ca10a7e45d0b2342750e15f4e87f5ddfb33759f2bd1f0183a4d0137,True
80,4,22,180,recent_k2,16.672161102294922,910.9907836914062,910.9907836914062,16.672161102294922,0.0288543701171875,1000.3296508789062,54659.4453125,54659.4453125,60,609.6336487680674,0.05734400078654289,26792da7e06e0267d1ea16753c5170a236d3c8ce90d23a7b3da6dd04c2782847,True
81,4,22,195,recent_k2,3.9350454807281494,20.354103088378906,20.354103088378906,3.9350454807281494,0.0008521080017089844,236.10272216796875,1221.24609375,1221.24609375,60,609.9861059337854,0.05734400078654289,a4a816bfa75f74b0f9f3128f0bfbabdf051f6c98f67c96ea352bb193ee6be94c,True
82,4,22,210,recent_k2,5.877382755279541,47.73761749267578,47.73761749267578,5.877382755279541,0.0018205642700195312,352.6429443359375,2864.2568359375,2864.2568359375,60,608.1466409377754,0.055296000093221664,9c1c18706a246d0903735aa8638829617937340b93425723419651e939363023,True
83,4,22,225,recent_k2,5.168155670166016,103.406982421875,103.406982421875,5.168155670166016,0.003246307373046875,310.0893249511719,6204.41845703125,6204.41845703125,60,608.2028900273144,0.0655359998345375,f08a26294abe28b4b8eee93ae7063874c7f0d1d7e92285720a4e606c8b170034,True
84,4,55,30,recent_k2,10.207989692687988,180.614013671875,180.614013671875,10.207989692687988,0.006565093994140625,612.4793701171875,10836.83984375,10836.83984375,60,608.8318950496614,0.055296000093221664,abb98603b0e61317e9ad977c4436201601e2c45847b44b0d1602ab29c47577cb,True
85,4,55,45,recent_k2,8.414729118347168,102.66987609863281,102.66987609863281,8.414729118347168,0.003376007080078125,504.8836975097656,6160.1923828125,6160.1923828125,60,607.661894056946,0.05632000043988228,b50b1b37f3de16a6a90280e00a6e8464e368e1416e9efd8212393b314012d385,True
86,4,55,60,recent_k2,6.735199451446533,127.05818176269531,127.05818176269531,6.735199451446533,0.004302978515625,404.1119384765625,7623.49072265625,7623.49072265625,60,614.2874709330499,0.05532800033688545,e0080fd22ec42ade99d1b8bcd50446f15539a387a234174c7fa2305b259e759f,True
87,4,55,75,recent_k2,13.296107292175293,616.7644653320312,616.7644653320312,13.296107292175293,0.019287109375,797.7664184570312,37005.8671875,37005.8671875,60,611.3814548589289,0.060416001826524734,0cb74b446cde188497800f38e280953d1147fd843402aff8e981d8884dcf194c,True
88,4,55,90,recent_k2,3.610752582550049,47.749874114990234,47.749874114990234,3.610752582550049,0.0014963150024414062,216.6451416015625,2864.9921875,2864.9921875,60,609.8768459632993,0.056352000683546066,ae57875fb18ec241e79660c33d6f6ec046f237d7a10357bf81063831d3adcb10,True
89,4,55,105,recent_k2,3.6383211612701416,37.44297790527344,37.44297790527344,3.6383211612701416,0.0011968612670898438,218.29925537109375,2246.57861328125,2246.57861328125,60,610.0145848467946,0.05427199974656105,1692e68a543c121ac5493404bcf4da805066cf95d73cf4084c593f8decc144a8,True
90,4,55,120,recent_k2,2.415066719055176,14.25999927520752,14.25999927520752,2.415066719055176,0.000461578369140625,144.90399169921875,855.5999145507812,855.5999145507812,60,609.361020848155,0.05427199974656105,81de33beac836317ed4153515096b9bbd001f5ee54e5e5d6f945fe37da320cf3,True
91,4,55,135,recent_k2,7.039444446563721,71.1190185546875,71.1190185546875,7.039444446563721,0.002521514892578125,422.36663818359375,4267.14111328125,4267.14111328125,60,610.2856430225074,0.055296000093221664,88a00fba1975a7e0e1e0f7fdad9b3f59ae0103514909bcb2b09669a8a92169df,True
92,4,55,150,recent_k2,15.159086227416992,644.3297729492188,644.3297729492188,15.159086227416992,0.0207672119140625,909.5451049804688,38659.78515625,38659.78515625,60,610.0453538820148,0.05632000043988228,fedfd658341d4891bf38d8793a95d9345fa9ce2c04ee99d3e2d0aba458bd02a6,True
93,4,55,165,recent_k2,31.8901309967041,2944.67431640625,2176.6103515625,31.8901309967041,0.0953369140625,1913.40771484375,176680.453125,130596.609375,60,609.4037499278784,0.05632000043988228,c2c05fc75227f963702f0997ce71433cef91c30dab182be3633b1d03d7f0dcb0,True
94,4,55,180,recent_k2,18.574626922607422,8739.5400390625,1051.1298828125,18.574626922607422,0.271240234375,1114.4775390625,524372.375,63067.79296875,60,610.122833866626,0.05734400078654289,f5ae780c1728f0f8293f803884de8ca51810eba26e04ed84ba4bb6c795b6003e,True
95,4,55,195,recent_k2,11.458489418029785,208.34396362304688,208.34396362304688,11.458489418029785,0.01702880859375,687.5093383789062,12500.63671875,12500.63671875,60,609.8225759342313,0.05632000043988228,f51e5b171dd86ce51b3b6848b48184f38e42d4418f7d6a137180ee3355e2cca9,True
96,4,55,210,recent_k2,40.61769485473633,9149.201171875,4962.607421875,40.61769485473633,0.28564453125,2437.0615234375,548952.0625,297756.4375,60,625.7349569350481,0.055296000093221664,23da93922f4bcd80315000071008d7eef16de74037c6bc708eace3942881b5d7,True
97,4,55,225,recent_k2,30.464841842651367,4020.093505859375,2660.69921875,30.464841842651367,0.125732421875,1827.890380859375,241205.59375,159641.9375,60,610.9084878116846,0.05734400078654289,864a521f46ed7465ad894aae513d5fd487bd31eb63982291cf574d566215e2a4,True
98,4,4,30,recent_k2,19.39946174621582,9173.8935546875,1526.8743896484375,19.39946174621582,0.283447265625,1163.9676513671875,550433.5625,91612.4609375,60,608.8019339367747,0.05632000043988228,d6b6fa8bb7019259e10bf1889a09798469afd8d1ea89af0fd3e342fe013539f3,True
99,4,4,45,recent_k2,9.407431602478027,129.65919494628906,129.65919494628906,9.407431602478027,0.0049285888671875,564.4458618164062,7779.55126953125,7779.55126953125,60,608.8346433825791,0.055296000093221664,f04e2fcad92bcd377c1679ed9960cdd69449742933b5a432c9c8f5be1a23298f,True
100,4,4,60,recent_k2,9.974923133850098,219.4527130126953,219.4527130126953,9.974923133850098,0.00708770751953125,598.495361328125,13167.162109375,13167.162109375,60,609.6740472130477,0.058368001133203506,9bf0e822d6c203f62a9fcf5751dc241b89536458ee34a581770ca0cfc80dfcdc,True
101,4,4,75,recent_k2,10.455648422241211,243.7483367919922,243.7483367919922,10.455648422241211,0.007526397705078125,627.3388671875,14624.8994140625,14624.8994140625,60,609.3455092050135,0.055296000093221664,93c011d8437d2d810bc155a69a4ee83389102292759ce81fe9ae9385f46ddb7f,True
102,4,4,90,recent_k2,9.138076782226562,208.5590057373047,208.5590057373047,9.138076782226562,0.006694793701171875,548.2846069335938,12513.5400390625,12513.5400390625,60,609.7422558814287,0.055296000093221664,bc7615234a6ce80c6114de7dd51ac17445ac535a870277a404f5bc0790f7db86,True
103,4,4,105,recent_k2,9.175846099853516,155.98623657226562,155.98623657226562,9.175846099853516,0.004940032958984375,550.5507202148438,9359.173828125,9359.173828125,60,609.3468689359725,0.055296000093221664,a600b09efcb780a9ece3c5a05bb4958ef23d360f5d094a530b4cd2bf0f89bea3,True
104,4,4,120,recent_k2,7.81437873840332,162.78578186035156,162.78578186035156,7.81437873840332,0.005401611328125,468.8627014160156,9767.146484375,9767.146484375,60,609.2481799423695,0.05632000043988228,87c92bb881ecc3604adc86d85304d1cb2e55fde24230d35ef8875d2030192f0b,True
105,4,4,135,recent_k2,8.919584274291992,204.74929809570312,204.74929809570312,8.919584274291992,0.00675201416015625,535.175048828125,12284.95703125,12284.95703125,60,609.2273499816656,0.05632000043988228,a8ea314e55009b93c7b3baec082f8681b8c6452fde04231bf142e1ebfcfd090f,True
106,4,4,150,recent_k2,12.959369659423828,534.0211181640625,534.0211181640625,12.959369659423828,0.0167083740234375,777.5621337890625,32041.265625,32041.265625,60,610.0510028190911,0.055296000093221664,b4c10afdd00924fa2ef5d74c7cf47784603c6d3b3a8b68ea0dd90882d3aad1a9,True
107,4,4,165,recent_k2,10.418797492980957,216.39649963378906,216.39649963378906,10.418797492980957,0.006927490234375,625.1278076171875,12983.7890625,12983.7890625,60,609.2173401266336,0.05632000043988228,71d6a5ddf6bb8cbcf8efef4c2e00e288efed2159786e6df5c4f8fdefa90502cf,True
108,4,4,180,recent_k2,11.196967124938965,1340.86474609375,416.8070068359375,11.196967124938965,0.04150390625,671.8179931640625,80451.8828125,25008.419921875,60,608.6467946879566,0.055296000093221664,18e39698349b08f00f7b5c1d4c2ec6552e9647592f0479390830505a68d7a749,True
109,4,4,195,recent_k2,37.68215560913086,10083.08203125,4736.8837890625,37.68215560913086,0.311767578125,2260.92919921875,604984.875,284213.0,60,608.4954850375652,0.05632000043988228,43f5a030903099a1a6f3eb2ebca55483796e5784749280a0494908915e6af5ae,True
110,4,4,210,recent_k2,19.956287384033203,12187.5615234375,1555.5992431640625,19.956287384033203,0.376220703125,1197.377197265625,731253.625,93335.953125,60,609.070910140872,0.0655359998345375,1ad282fdbd58bbf783fae023b42d6840c4f644df08e67127e8f9a714aa0c2292,True
111,4,4,225,recent_k2,14.19544792175293,582.5553588867188,582.5553588867188,14.19544792175293,0.0183258056640625,851.726806640625,34953.3203125,34953.3203125,60,608.4738951176405,0.05632000043988228,ecb593f505b6d9e88141343d522aa4992ba355975bec1bdcd5b7bb3de73b8667,True
112,4,45,30,recent_k2,10.118952751159668,189.95484924316406,189.95484924316406,10.118952751159668,0.00644683837890625,607.1371459960938,11397.2900390625,11397.2900390625,60,608.8451030664146,0.05734400078654289,e646b9c2c439f10caad621b4efbd9399f5e51b69aa0a7395162cd4964f292235,True
113,4,45,45,recent_k2,10.295594215393066,270.369384765625,270.369384765625,10.295594215393066,0.00841522216796875,617.735595703125,16222.162109375,16222.162109375,60,608.6042537353933,0.05632000043988228,08b0b5141aabdeb355b50a84b2c8f3076292f99fbe902fa2083c606bc99b4320,True
114,4,45,60,recent_k2,8.334844589233398,162.4824676513672,162.4824676513672,8.334844589233398,0.00507354736328125,500.0906677246094,9748.947265625,9748.947265625,60,608.8457722216845,0.05632000043988228,764abb5415a11d05bc0728eac85ac069a63347705089a4845f81030f7b1ef7b8,True
115,4,45,75,recent_k2,22.135011672973633,2081.695068359375,2081.695068359375,22.135011672973633,0.06536865234375,1328.1005859375,124901.703125,124901.703125,60,609.8477742634714,0.05632000043988228,24ba821532d67e27b09a21ae8c3b8679dd1526910c871e6cbefa2f50ac6fb08e,True
116,4,45,90,recent_k2,45.62796401977539,5374.560546875,5374.560546875,45.62796401977539,0.1671142578125,2737.677734375,322473.625,322473.625,60,609.0101399458945,0.055296000093221664,86da7ff36656094d7a74a471569037362ffa4c161720da4ee5fd9bc2843a6e45,True
117,4,45,105,recent_k2,3.737830400466919,26.2702693939209,26.2702693939209,3.737830400466919,0.0009541511535644531,224.26980590820312,1576.216064453125,1576.216064453125,60,609.0673110447824,0.05632000043988228,f3d5e01e0311c1f5965c5fb9f99bfba6917fb500b46eaaf595a336f303d639e6,True
118,4,45,120,recent_k2,1.6626763343811035,4.359221935272217,4.359221935272217,1.6626763343811035,0.00014495849609375,99.76057434082031,261.5533142089844,261.5533142089844,60,609.3760868534446,0.05632000043988228,8587573899a4220e242e6e56d066c1e92ae8046b23c689c09c7b5569e405a3b3,True
119,4,45,135,recent_k2,1.6843055486679077,4.334163665771484,4.334163665771484,1.6843055486679077,0.00014197826385498047,101.0583267211914,260.0498046875,260.0498046875,60,608.9914701879025,0.05632000043988228,4587f19552f1271714e14d7cc96bfcd38bd1111c41065d74dad1534eacf493f9,True
120,4,45,150,recent_k2,1.546826958656311,3.684784173965454,3.684784173965454,1.546826958656311,0.00012052059173583984,92.80961608886719,221.0870361328125,221.0870361328125,60,611.3273105584085,0.055296000093221664,13aa6b422eebbea9650207adb2d0576699f575d4c55d240af6f8f22c816c9da3,True
121,4,45,165,recent_k2,3.3120577335357666,30.79493522644043,30.79493522644043,3.3120577335357666,0.0010433197021484375,198.72344970703125,1847.696044921875,1847.696044921875,60,609.6795350313187,0.06451199948787689,0a978f89cd86bb78564e145e10ddde9952e731207693bf5b5d75a1421c63d326,True
122,4,45,180,recent_k2,10.46864128112793,321.0910949707031,321.0910949707031,10.46864128112793,0.01003265380859375,628.1184692382812,19265.46484375,19265.46484375,60,609.0330500155687,0.05532800033688545,0191edc66f01b8b27d992a427f512bb3eb36b6773faac3d4435521beafa704bd,True
123,4,45,195,recent_k2,3.951096534729004,39.66441345214844,39.66441345214844,3.951096534729004,0.0013141632080078125,237.06578063964844,2379.86474609375,2379.86474609375,60,609.1628689318895,0.05632000043988228,8132a64d9f7d303ac3b2fc713e66d0337797b98fcf1358700b6f1488b4605ab7,True
124,4,45,210,recent_k2,6.718258380889893,106.20280456542969,106.20280456542969,6.718258380889893,0.0033416748046875,403.0954895019531,6372.16796875,6372.16796875,60,608.9733210392296,0.055296000093221664,b017341d7d7f81197b1b802f02a0a9cfe236da87cc75ebc6a191df1da1b4d04b,True
125,4,45,225,recent_k2,6.608118534088135,115.6537857055664,115.6537857055664,6.608118534088135,0.00360870361328125,396.4870910644531,6939.2265625,6939.2265625,60,610.0985710509121,0.05632000043988228,86bcca033abe77ee4d9855fa00df44ffdf6cc396238a98e2ceec234bf0227356,True
126,4,60,30,recent_k2,9.262234687805176,199.02841186523438,199.02841186523438,9.262234687805176,0.006259918212890625,555.7340698242188,11941.7041015625,11941.7041015625,60,610.02746084705,0.06451199948787689,ef5622f41e2d1ff860cdc505f449dfded28b6d21e5a54690eea67103f430858e,True
127,4,60,45,recent_k2,14.860594749450684,385.1402587890625,385.1402587890625,14.860594749450684,0.01226806640625,891.6356201171875,23108.4140625,23108.4140625,60,609.084608964622,0.05632000043988228,a1cf2aaa06aca84c85a644d68084f9c2f0011466e2816eb5273f00785e26daef,True
