sample_id,video,user,timestep,mae,corrected_rmse,mean_angular_error,latency_ms,target_forward_count,accepted_sum,finite
0,4,83,30,14.190996867418288,20.34574114583424,14.190996867418288,928.1227360479534,20,,True
1,4,83,45,20.80272679626942,26.29567795526505,20.80272679626942,569.0170712769032,20,,True
2,4,83,60,12.554294092953205,16.100064785427527,12.554294092953205,571.321371011436,20,,True
3,4,83,75,22.060600521601735,32.57103282154466,22.060600521601735,573.6907511018217,20,,True
4,4,83,90,27.625117106735708,45.1002066213011,27.625117106735708,572.2308922559023,20,,True
5,4,83,105,50.65936374564966,82.73084205921461,50.65936374564966,572.9121407493949,20,,True
6,4,83,120,16.51490059097608,21.57944641745643,16.51490059097608,571.1772320792079,20,,True
7,4,83,135,3.595662506421407,5.193851920798581,3.595662506421407,562.3748041689396,20,,True
8,4,83,150,11.367475140094758,16.521721450645817,11.367475140094758,566.1905333399773,20,,True
9,4,83,165,15.08650203148524,21.092587305617425,15.08650203148524,572.8090819902718,20,,True
10,4,83,180,28.79044782059888,47.09781287464181,28.79044782059888,573.067971970886,20,,True
11,4,83,195,9.337030094489455,11.797032030542798,9.337030094489455,573.217611759901,20,,True
12,4,83,210,11.293173572669426,17.359439975352352,11.293173572669426,572.6264328695834,20,,True
13,4,83,225,30.412857251614334,46.807982939525075,30.412857251614334,567.6267137750983,20,,True
14,4,15,30,15.70988327736656,19.308141170878084,15.70988327736656,563.939434941858,20,,True
15,4,15,45,6.902944633364678,7.958485688254504,6.902944633364678,569.7720129974186,20,,True
16,4,15,60,1.1323537151018779,1.764665861165499,1.1323537151018779,565.5552251264453,20,,True
17,4,15,75,1.0855639060338338,1.6972348126539794,1.0855639060338338,562.4208459630609,20,,True
18,4,15,90,1.0690242846806843,1.8011739989255837,1.0690242846806843,571.6894040815532,20,,True
19,4,15,105,6.717548114806414,12.054522503738838,6.717548114806414,572.9494038969278,20,,True
20,4,15,120,12.200132288535436,18.085530173254185,12.200132288535436,572.7599840611219,20,,True
21,4,15,135,1.66037122408549,2.0605813251841094,1.66037122408549,574.5643139816821,20,,True
22,4,15,150,0.9621866861979167,1.4086944589799515,0.9621866861979167,572.2893448546529,20,,True
23,4,15,165,6.846121066808701,13.23388889166351,6.846121066808701,572.6806349121034,20,,True
24,4,15,180,14.95628195889294,22.451299009938,14.95628195889294,572.5552248768508,20,,True
25,4,15,195,17.183978000904123,28.766913100014946,17.183978000904123,573.0049652047455,20,,True
26,4,15,210,21.35270247211059,36.340321951412164,21.35270247211059,573.0751347728074,20,,True
27,4,15,225,14.451998408635458,28.684241301706287,14.451998408635458,572.3361046984792,20,,True
28,4,3,30,12.767186615864436,18.58415644083582,12.767186615864436,572.4574159830809,20,,True
29,4,3,45,17.31112593387564,22.348823616455462,17.31112593387564,572.1492748707533,20,,True
30,4,3,60,8.577130719708899,9.158956142140493,8.577130719708899,573.3546959236264,20,,True
31,4,3,75,6.230145163275301,8.412525767588669,6.230145163275301,572.0873759128153,20,,True
32,4,3,90,2.644953069711725,3.8367747876564637,2.644953069711725,572.1909557469189,20,,True
33,4,3,105,3.7713351861884195,5.421546629031074,3.7713351861884195,571.9228670932353,20,,True
34,4,3,120,5.392731925596793,7.3797972722238665,5.392731925596793,572.5892372429371,20,,True
35,4,3,135,13.035216371218363,15.449230708635474,13.035216371218363,572.8068873286247,20,,True
36,4,3,150,11.763917161524295,16.481495483600188,11.763917161524295,571.8124071136117,20,,True
37,4,3,165,10.753768420219421,13.488727863894484,10.753768420219421,572.2510670311749,20,,True
38,4,3,180,6.7559511741002405,11.301789114876808,6.7559511741002405,572.6548070088029,20,,True
39,4,3,195,8.117094773054124,11.142381578392396,8.117094773054124,578.0637771822512,20,,True
40,4,3,210,1.723472930987676,2.0144878520641214,1.723472930987676,572.317167185247,20,,True
41,4,3,225,3.2277896543343862,3.53627256662935,3.2277896543343862,575.2829178236425,20,,True
42,4,35,30,9.250109325659771,11.259585426626893,9.250109325659771,569.9161286465824,20,,True
43,4,35,45,3.4118208741148313,4.453596051840786,3.4118208741148313,563.7385686859488,20,,True
44,4,35,60,4.148810443282128,5.082680245183611,4.148810443282128,566.7128199711442,20,,True
45,4,35,75,4.065841146310171,5.530592679181805,4.065841146310171,566.1002499982715,20,,True
46,4,35,90,2.7183608253796896,6.096081660695483,2.7183608253796896,563.3019111119211,20,,True
47,4,35,105,6.167467654248079,8.424451765562816,6.167467654248079,572.3208687268198,20,,True
48,4,35,120,10.48684141288201,12.769087296354153,10.48684141288201,573.4937977977097,20,,True
49,4,35,135,2.9950953128437203,4.509521425163278,2.9950953128437203,573.8296802155674,20,,True
50,4,35,150,5.023181702196598,6.218957819858524,5.023181702196598,573.7041980028152,20,,True
51,4,35,165,15.100272285938264,21.389334366217415,15.100272285938264,571.9322999939322,20,,True
52,4,35,180,20.700824252764384,34.93553884192175,20.700824252764384,570.6700999289751,20,,True
53,4,35,195,7.406657485167186,12.871382398553685,7.406657485167186,570.0913700275123,20,,True
54,4,35,210,6.555941065152486,7.498095770555707,6.555941065152486,562.6625320874155,20,,True
55,4,35,225,3.43067640264829,6.598119527629649,3.43067640264829,566.4457520470023,20,,True
56,4,48,30,5.6248882479267195,8.281675523337292,5.6248882479267195,571.4487610384822,20,,True
57,4,48,45,15.444771846880515,22.92057678093538,15.444771846880515,571.7668300494552,20,,True
58,4,48,60,12.750443716098864,19.70049797515834,12.750443716098864,571.3755711913109,20,,True
59,4,48,75,5.028560522246213,8.211915344050873,5.028560522246213,572.299791034311,20,,True
60,4,48,90,3.978736471136411,4.845129627728476,3.978736471136411,570.4692318104208,20,,True
61,4,48,105,7.582556447883447,11.573201266335468,7.582556447883447,564.1804728657007,20,,True
62,4,48,120,24.17585885822773,37.931383876656724,24.17585885822773,565.1704329065979,20,,True
63,4,48,135,18.138622739414373,23.6521781863885,18.138622739414373,572.1456417813897,20,,True
64,4,48,150,12.297015140453974,15.820068735775473,12.297015140453974,571.4949918910861,20,,True
65,4,48,165,10.15632117986679,13.397847783969555,10.15632117986679,571.453541982919,20,,True
66,4,48,180,11.22675112231324,17.05893423289581,11.22675112231324,562.963274307549,20,,True
67,4,48,195,16.11585313677788,26.205205823811855,16.11585313677788,565.6413226388395,20,,True
68,4,48,210,14.050580897927285,21.67676297277639,14.050580897927285,571.5411030687392,20,,True
69,4,48,225,16.2837770678103,22.511696791601896,16.2837770678103,561.6877139545977,20,,True
70,4,22,30,4.274288636445999,5.0437501663103985,4.274288636445999,564.562713727355,20,,True
71,4,22,45,4.56411145851016,5.1456144922589795,4.56411145851016,571.9014927744865,20,,True
72,4,22,60,1.9668468420704206,3.459825173408414,1.9668468420704206,571.8735428526998,20,,True
73,4,22,75,2.719445906082789,4.081495688418528,2.719445906082789,572.3360744304955,20,,True
74,4,22,90,3.4553921103477476,8.278356486708883,3.4553921103477476,571.3810240849853,20,,True
75,4,22,105,4.654410384098688,8.564672090655888,4.654410384098688,572.2864829003811,20,,True
76,4,22,120,4.613281867404779,6.283848971302624,4.613281867404779,572.4740228615701,20,,True
77,4,22,135,2.203673048814138,2.76278053027791,2.203673048814138,572.3997238092124,20,,True
78,4,22,150,1.1517072640359403,1.8379123206497747,1.1517072640359403,572.5652542896569,20,,True
79,4,22,165,10.626015553126733,17.48839140493938,10.626015553126733,564.7098259069026,20,,True
80,4,22,180,16.26133636434873,29.301184618772943,16.26133636434873,563.62707586959,20,,True
81,4,22,195,5.766122667988141,8.81914237724332,5.766122667988141,572.0406752079725,20,,True
82,4,22,210,5.548427030444145,6.613324091109069,5.548427030444145,575.156953651458,20,,True
83,4,22,225,4.778144080463487,9.674041422029852,4.778144080463487,571.8868747353554,20,,True
84,4,55,30,9.318322328478098,11.861949979416515,9.318322328478098,572.4519649520516,20,,True
85,4,55,45,4.531017494450013,5.122140908419522,4.531017494450013,571.9159753061831,20,,True
86,4,55,60,6.691717641800642,11.120955614822831,6.691717641800642,571.1673554033041,20,,True
87,4,55,75,10.980713006854057,20.016448663774064,10.980713006854057,571.6906948946416,20,,True
88,4,55,90,13.380572972695033,19.024658922969987,13.380572972695033,571.9704357907176,20,,True
89,4,55,105,3.522616457939148,6.288411692254771,3.522616457939148,572.0182959921658,20,,True
90,4,55,120,4.706963325540225,6.554308101901275,4.706963325540225,571.2844058871269,20,,True
91,4,55,135,6.952003651958269,7.9294366770145475,6.952003651958269,571.8709663487971,20,,True
92,4,55,150,14.17617190219462,23.124149095978733,14.17617190219462,571.4599657803774,20,,True
93,4,55,165,35.09226666291555,50.41315025098595,35.09226666291555,571.0957669652998,20,,True
94,4,55,180,28.206973322232564,39.658551379740366,28.206973322232564,570.6357867456973,20,,True
95,4,55,195,57.80478773638606,84.48379262995142,57.80478773638606,570.3951073810458,20,,True
96,4,55,210,38.25592586199443,68.89149307447892,38.25592586199443,570.866507012397,20,,True
97,4,55,225,32.85092895328999,54.46323114940542,32.85092895328999,621.2771581485868,20,,True
98,4,4,30,19.025575222928698,39.74288167343598,19.025575222928698,575.9922172874212,20,,True
99,4,4,45,55.263993591070175,91.23823231288297,55.263993591070175,566.963248886168,20,,True
100,4,4,60,9.64148276783526,14.708042328588533,9.64148276783526,560.1304601877928,20,,True
101,4,4,75,9.775937482373168,15.789837367139244,9.775937482373168,568.021188955754,20,,True
102,4,4,90,9.164801255023727,14.503219199971893,9.164801255023727,561.3505099900067,20,,True
103,4,4,105,8.652815841635068,11.688339537143353,8.652815841635068,569.0700481645763,20,,True
104,4,4,120,7.696918903912107,13.113418744539377,7.696918903912107,569.7676590643823,20,,True
105,4,4,135,9.597951867431401,14.79015692007379,9.597951867431401,570.225358940661,20,,True
106,4,4,150,11.895712103197972,21.744294382860257,11.895712103197972,571.0250991396606,20,,True
107,4,4,165,9.951050609350204,16.535485696616934,9.951050609350204,571.3743893429637,20,,True
108,4,4,180,11.79520163933436,23.341564231271764,11.79520163933436,570.8602187223732,20,,True
109,4,4,195,38.35544450183709,68.78172081532996,38.35544450183709,570.8403601311147,20,,True
110,4,4,210,21.079442104076346,41.603578716004954,21.079442104076346,570.968868676573,20,,True
111,4,4,225,49.43766180773576,81.44592498429931,49.43766180773576,571.0023199208081,20,,True
112,4,45,30,10.534845165411632,13.06536379574644,10.534845165411632,569.5728901773691,20,,True
113,4,45,45,9.86194728364547,13.40915403264818,9.86194728364547,570.9643908776343,20,,True
114,4,45,60,7.4042368337512015,11.81250141848056,7.4042368337512015,571.1561613716185,20,,True
115,4,45,75,22.62800131266316,46.169838124894376,22.62800131266316,570.9775597788393,20,,True
116,4,45,90,23.614519825577737,37.5620335545936,23.614519825577737,571.0090408101678,20,,True
117,4,45,105,4.324517355114222,5.405601549186,4.324517355114222,634.2709101736546,20,,True
118,4,45,120,2.2550106619795165,2.731599988378228,2.2550106619795165,569.0635209903121,20,,True
119,4,45,135,1.2055861378709476,1.635684475125029,1.2055861378709476,561.841162852943,20,,True
120,4,45,150,1.0624549120664597,1.405474483627935,1.0624549120664597,574.3522001430392,20,,True
121,4,45,165,3.005796545371413,5.572318936040844,3.005796545371413,565.3372625820339,20,,True
122,4,45,180,8.740395323435466,13.742917511544727,8.740395323435466,565.1909820735455,20,,True
123,4,45,195,4.045671600103378,5.434490066398528,4.045671600103378,572.1081611700356,20,,True
124,4,45,210,5.473166670401891,7.4890803123336624,5.473166670401891,571.5014119632542,20,,True
125,4,45,225,6.5348481758264825,9.565068464173603,6.5348481758264825,570.9996521472931,20,,True
126,4,60,30,11.972435995439689,18.74464739920189,11.972435995439689,572.504160925746,20,,True
127,4,60,45,8.630258970459302,13.69444902432473,8.630258970459302,572.4041019566357,20,,True
128,4,60,60,6.12734601298968,10.259870145730023,6.12734601298968,571.5587618760765,20,,True
129,4,60,75,9.890200941264629,15.44173315725057,9.890200941264629,572.6108718663454,20,,True
130,4,60,90,6.63242009729147,10.227881585720985,6.63242009729147,571.8048331327736,20,,True
131,4,60,105,7.1469511469205225,13.044837344646696,7.1469511469205225,571.9736516475677,20,,True
132,4,60,120,10.358737230300903,16.750273306718025,10.358737230300903,570.4838531091809,20,,True
133,4,60,135,4.1598727107048035,6.259904698661395,4.1598727107048035,563.4363447315991,20,,True
134,4,60,150,3.842064150174459,5.051642010768481,3.842064150174459,566.324703861028,20,,True
135,4,60,165,10.063134288787841,14.795204836044576,10.063134288787841,572.3374937660992,20,,True
136,4,60,180,21.757514190673827,34.98559719635524,21.757514190673827,571.8556740321219,20,,True
137,4,60,195,8.584970027208328,12.25499530862658,8.584970027208328,571.5395929291844,20,,True
138,4,60,210,2.8631832202275596,4.027508551991657,2.8631832202275596,572.4169230088592,20,,True
139,4,60,225,3.8576056798299154,7.107809082904283,3.8576056798299154,572.057583834976,20,,True
140,4,26,30,6.1120675802230835,8.291369282957067,6.1120675802230835,572.8413839824498,20,,True
141,4,26,45,1.143149975935618,1.8965596620085494,1.143149975935618,574.2493839934468,20,,True
142,4,26,60,2.529236215353012,3.5742462716814907,2.529236215353012,571.3620251044631,20,,True
143,4,26,75,1.354691072801749,1.7100191786600831,1.354691072801749,572.5068151950836,20,,True
144,4,26,90,1.2730100485185782,1.8555683729091457,1.2730100485185782,572.633745148778,20,,True
145,4,26,105,2.23948701073726,2.7720881496105454,2.23948701073726,572.4460748024285,20,,True
146,4,26,120,1.836120883623759,2.297959704583722,1.836120883623759,573.1732849963009,20,,True
147,4,26,135,2.2345095455646513,2.989560364227159,2.2345095455646513,571.7986952513456,20,,True
148,4,26,150,1.3645722309748332,1.6763633854159172,1.3645722309748332,572.6811848580837,20,,True
149,4,26,165,3.6162692308425903,5.762622767774323,3.6162692308425903,571.8032652512193,20,,True
150,4,26,180,10.157435270150502,21.2082508428771,10.157435270150502,570.9033161401749,20,,True
151,4,26,195,7.751677646239599,13.131104215050076,7.751677646239599,564.0450268983841,20,,True
152,4,26,210,17.817106660207113,24.13531423263726,17.817106660207113,566.9336458668113,20,,True
153,4,26,225,27.426966661339005,39.574340605679524,27.426966661339005,571.4660561643541,20,,True
154,4,21,30,2.271369723199556,2.623648786757053,2.271369723199556,570.5228070728481,20,,True
155,4,21,45,2.06749183734258,2.55207503427436,2.06749183734258,563.0307071842253,20,,True
156,4,21,60,1.912048917512099,2.327737839516115,1.912048917512099,563.505508005619,20,,True
157,4,21,75,1.5415039529403052,2.001234084558952,1.5415039529403052,562.9943483509123,20,,True
158,4,21,90,1.6676242053508759,2.0720522800627292,1.6676242053508759,564.1296179965138,20,,True
159,4,21,105,1.353109339872996,1.8492795290088417,1.353109339872996,562.7120989374816,20,,True
160,4,21,120,1.7663393219312031,2.2015061319243503,1.7663393219312031,566.7157177813351,20,,True
161,4,21,135,1.5340765098730722,1.948045903126312,1.5340765098730722,573.9844269119203,20,,True
162,4,21,150,1.4922461609045665,1.950943948567578,1.4922461609045665,562.4891091138124,20,,True
163,4,21,165,5.129969946543375,8.929648930171865,5.129969946543375,563.0398890934885,20,,True
164,4,21,180,5.573682632048925,9.875926420727023,5.573682632048925,570.8160377107561,20,,True
165,4,21,195,4.12410558462143,5.69137287077543,4.12410558462143,571.5851481072605,20,,True
166,4,21,210,2.284564946095149,2.8610094814609335,2.284564946095149,572.2759580239654,20,,True
167,4,21,225,1.612545120716095,2.1333329982753773,1.612545120716095,571.5609276667237,20,,True
168,4,44,30,9.869239585101605,13.338535249182796,9.869239585101605,571.2882992811501,20,,True
169,4,44,45,4.399620858828227,6.081929569226114,4.399620858828227,563.7211101129651,20,,True
170,4,44,60,4.602009300390879,6.8078376478990235,4.602009300390879,565.3248797170818,20,,True
171,4,44,75,5.18507571319739,7.630389871100611,5.18507571319739,562.611190136522,20,,True
172,4,44,90,17.55240004360676,27.935486692782018,17.55240004360676,564.8596612736583,20,,True
173,4,44,105,16.10417458117008,29.166575771501343,16.10417458117008,567.8334701806307,20,,True
174,4,44,120,5.98472376887997,7.781873828701637,5.98472376887997,640.3527278453112,20,,True
175,4,44,135,5.9558679282665254,7.385002832129481,5.9558679282665254,567.8272601217031,20,,True
176,4,44,150,6.638466278711955,10.03544857511657,6.638466278711955,571.3549689389765,20,,True
177,4,44,165,14.888204232851665,20.207900501415356,14.888204232851665,582.2618389502168,20,,True
178,4,44,180,23.724795905407518,39.00739299949633,23.724795905407518,572.762549854815,20,,True
179,4,44,195,10.689796087145805,13.312965619758275,10.689796087145805,571.2826498784125,20,,True
180,4,44,210,13.674229390422504,20.450561063537403,13.674229390422504,571.3197500444949,20,,True
181,4,44,225,19.56420290072759,25.774361781109896,19.56420290072759,572.1619599498808,20,,True
182,4,23,30,37.944279167552786,59.83465037972527,37.944279167552786,571.2388507090509,20,,True
183,4,23,45,10.433570448557536,15.388844871283796,10.433570448557536,570.3484411351383,20,,True
184,4,23,60,29.676360029975573,42.63437329679596,29.676360029975573,572.1519300714135,20,,True
185,4,23,75,10.498431316018104,13.166252710231447,10.498431316018104,571.7819309793413,20,,True
186,4,23,90,11.275623881816864,14.40754733739515,11.275623881816864,566.2137721665204,20,,True
187,4,23,105,8.923435515662034,14.801170805970145,8.923435515662034,563.1773020140827,20,,True
188,4,23,120,42.450720234960315,74.18795035500041,42.450720234960315,570.6677422858775,20,,True
189,4,23,135,41.81167282064756,61.727432505182165,41.81167282064756,572.6813711225986,20,,True
190,4,23,150,21.469995595514774,30.425573092422827,21.469995595514774,573.0542307719588,20,,True
191,4,23,165,52.56634052445491,82.27518655730579,52.56634052445491,571.8282018788159,20,,True
192,4,23,180,29.72426128461957,47.304906652785384,29.72426128461957,573.3382310718298,20,,True
193,4,23,195,48.59862094148993,72.72191195426261,48.59862094148993,570.8878319710493,20,,True
194,4,23,210,33.62102045814196,46.62963363226564,33.62102045814196,572.0386318862438,20,,True
195,4,23,225,30.95680974299709,44.60032457133326,30.95680974299709,571.0152219980955,20,,True
196,4,53,30,7.6511135021845496,11.375824360915436,7.6511135021845496,572.5275329314172,20,,True
197,4,53,45,9.699554467201233,12.183983958957365,9.699554467201233,570.9161930717528,20,,True
198,4,53,60,4.532756900787353,6.579841923083168,4.532756900787353,572.390063200146,20,,True
199,4,53,75,14.310664076606432,20.09068155247958,14.310664076606432,572.7165220305324,20,,True
200,4,53,90,23.015586163600286,28.617675575518707,23.015586163600286,572.462753392756,20,,True
201,4,53,105,15.398934109012286,20.325138276610947,15.398934109012286,573.540423065424,20,,True
202,4,53,120,22.473532968759535,31.90771849409589,22.473532968759535,572.5891529582441,20,,True
203,4,53,135,11.755404457449913,16.265890212770586,11.755404457449913,568.77103401348,20,,True
204,4,53,150,7.3458913415670395,9.170411706621229,7.3458913415670395,564.304874278605,20,,True
205,4,53,165,16.168968867634735,23.227424154324464,16.168968867634735,567.9014343768358,20,,True
206,4,53,180,13.490929326911766,21.690854029011785,13.490929326911766,572.417763993144,20,,True
207,4,53,195,10.888613653182983,14.640981703330866,10.888613653182983,571.702713612467,20,,True
208,4,53,210,16.85590748836597,22.68386646354763,16.85590748836597,571.1803543381393,20,,True
209,4,53,225,14.247753522296746,22.873612090310626,14.247753522296746,571.959684137255,20,,True
210,4,84,30,36.12437510148933,61.189222961900946,36.12437510148933,572.2979041747749,20,,True
211,4,84,45,15.5091619455566,18.152902884789654,15.5091619455566,572.2396639175713,20,,True
212,4,84,60,33.99263768556217,56.06058409993004,33.99263768556217,572.1960039809346,20,,True
213,4,84,75,25.51679691274961,37.58405922821866,25.51679691274961,571.9617647118866,20,,True
214,4,84,90,7.66423916220665,11.072040880074155,7.66423916220665,572.7975452318788,20,,True
215,4,84,105,8.458763607343037,12.891789239491468,8.458763607343037,571.8957050703466,20,,True
216,4,84,120,12.179211973647277,15.430594627630608,12.179211973647277,571.9257150776684,20,,True
217,4,84,135,2.38405890862147,3.0146104999263676,2.38405890862147,571.0681257769465,20,,True
218,4,84,150,2.360482794046402,2.8830183121531356,2.360482794046402,571.72298617661,20,,True
219,4,84,165,13.899524690707524,22.187933922737116,13.899524690707524,572.2746257670224,20,,True
220,4,84,180,22.9106069256862,33.246805070291366,22.9106069256862,572.72889604792,20,,True
221,4,84,195,13.372942256927491,18.457441858997306,13.372942256927491,572.8627759963274,20,,True
222,4,84,210,13.553447595238685,17.959310280208,13.553447595238685,570.9165558218956,20,,True
223,4,84,225,6.712244659274195,11.353711166114614,6.712244659274195,563.2491270080209,20,,True
224,4,59,30,3.3985382000605266,3.8073936738354184,3.3985382000605266,566.9870371930301,20,,True
225,4,59,45,1.7859141565859318,2.3318035614501262,1.7859141565859318,572.7369571104646,20,,True
226,4,59,60,1.677342339605093,2.166307596732741,1.677342339605093,564.7372482344508,20,,True
227,4,59,75,1.7179987942179045,2.9780241072268843,1.7179987942179045,565.385767724365,20,,True
228,4,59,90,2.2800133948524794,4.062314705673252,2.2800133948524794,573.1615559197962,20,,True
229,4,59,105,3.2278559227784474,4.383005847651445,3.2278559227784474,572.8272460401058,20,,True
230,4,59,120,4.116671337683996,4.960502121322236,4.116671337683996,574.4613772258162,20,,True
231,4,59,135,2.0294369564081234,2.522044527591998,2.0294369564081234,572.0580769702792,20,,True
232,4,59,150,1.5732177872831623,2.4098678672074625,1.5732177872831623,572.3109277896583,20,,True
233,4,59,165,10.304014398654301,15.399957836730715,10.304014398654301,572.9632768779993,20,,True
234,4,59,180,11.759602417548498,17.782457758740662,11.759602417548498,573.1295682489872,20,,True
235,4,59,195,4.5132497678200405,7.099342850095821,4.5132497678200405,572.4598481319845,20,,True
236,4,59,210,3.723880724236369,4.147281154135928,3.723880724236369,570.8312490023673,20,,True
237,4,59,225,2.997216545169552,5.295228521542547,2.997216545169552,563.4717899374664,20,,True
238,4,49,30,21.55684079726537,29.10152522124755,21.55684079726537,567.9426481947303,20,,True
239,4,49,45,18.439756306012473,25.540860213143848,18.439756306012473,573.3721982687712,20,,True
240,4,49,60,24.108727190364153,31.198698182191233,24.108727190364153,575.1526281237602,20,,True
241,4,49,75,16.25131114721298,24.237335589400743,16.25131114721298,572.2438292577863,20,,True
242,4,49,90,9.833083230257035,12.348958855614635,9.833083230257035,573.4543390572071,20,,True
243,4,49,105,4.0562097405393915,4.917668939556781,4.0562097405393915,572.8903380222619,20,,True
244,4,49,120,10.153676038483779,13.895339324580457,10.153676038483779,573.2638100162148,20,,True
245,4,49,135,23.163955867290497,29.661251554939945,23.163955867290497,573.1284199282527,20,,True
246,4,49,150,36.60059329415672,55.95791494961751,36.60059329415672,572.7730700746179,20,,True
247,4,49,165,41.6765927508939,65.44797690521612,41.6765927508939,573.3106997795403,20,,True
248,4,49,180,11.426407623291016,14.87364907156395,11.426407623291016,572.9583892971277,20,,True
249,4,49,195,11.668186799685161,17.485225694245564,11.668186799685161,572.2125796601176,20,,True
250,4,49,210,32.97773975667854,53.58449528325765,32.97773975667854,573.6484504304826,20,,True
251,4,49,225,47.04639085792005,70.30662305605726,47.04639085792005,572.6124802604318,20,,True
252,4,7,30,13.64023515880108,16.690112535426778,13.64023515880108,572.2617800347507,20,,True
253,4,7,45,7.341312034055591,9.405312384120512,7.341312034055591,572.3920711316168,20,,True
254,4,7,60,7.740183921779195,10.956977506761012,7.740183921779195,572.5311902351677,20,,True
255,4,7,75,4.452861658732096,5.488336436705034,4.452861658732096,572.7424211800098,20,,True
256,4,7,90,3.784816869099935,7.571691468157497,3.784816869099935,567.6260320469737,20,,True
257,4,7,105,7.466543924808502,10.720990501661463,7.466543924808502,565.5938312411308,20,,True
258,4,7,120,9.964089624087016,12.628115219307515,9.964089624087016,568.9878007397056,20,,True
259,4,7,135,6.08796660763522,7.577040198218567,6.08796660763522,563.5492717847228,20,,True
260,4,7,150,5.4452614406744635,8.970959282126069,5.4452614406744635,564.0925019979477,20,,True
261,4,7,165,17.366621536016464,24.85752600181978,17.366621536016464,570.4647619277239,20,,True
262,4,7,180,21.674923417468865,30.44280923938301,21.674923417468865,571.3483821600676,20,,True
263,4,7,195,12.610153286655743,18.21778954957099,12.610153286655743,568.1568728759885,20,,True
264,4,7,210,2.1533881545066835,2.71114927877026,2.1533881545066835,563.1584138609469,20,,True
265,4,7,225,5.877341524263223,9.011540126197504,5.877341524263223,568.17079288885,20,,True
266,4,47,30,9.290345492089788,11.905517586340268,9.290345492089788,571.7533119022846,20,,True
267,4,47,45,6.986941732962927,7.957253792478785,6.986941732962927,570.7447221502662,20,,True
268,4,47,60,1.8336966534455617,2.130690236955408,1.8336966534455617,571.2193730287254,20,,True
269,4,47,75,1.3373963137467701,1.6546628832134607,1.3373963137467701,572.6292221806943,20,,True
270,4,47,90,1.998775420586268,2.7432695041186905,1.998775420586268,571.4838830754161,20,,True
271,4,47,105,3.377665307543551,4.645283453456099,3.377665307543551,571.465773973614,20,,True
272,4,47,120,1.7083855983490746,2.1861422732369,1.7083855983490746,577.0701831206679,20,,True
273,4,47,135,3.1526158481836317,3.877933601856233,3.1526158481836317,571.6874427162111,20,,True
274,4,47,150,9.281185707449913,17.07764449631237,9.281185707449913,572.4306832998991,20,,True
275,4,47,165,30.567964055637518,52.32724977109508,30.567964055637518,569.843573961407,20,,True
276,4,47,180,49.21392450258136,77.09338555937644,49.21392450258136,563.3368738926947,20,,True
277,4,47,195,9.653340217098593,12.059146754760986,9.653340217098593,566.3458150811493,20,,True
278,4,47,210,9.517068329825998,13.134079890524898,9.517068329825998,568.5877837240696,20,,True
279,4,47,225,12.150264613702893,15.565143078952934,12.150264613702893,563.191095367074,20,,True
280,4,30,30,1.6945300420125327,2.1416617895591594,1.6945300420125327,568.2072238996625,20,,True
281,4,30,45,1.2746617197990417,1.9225080733576847,1.2746617197990417,571.8455142341554,20,,True
282,4,30,60,2.86407940586408,4.161133960884066,2.86407940586408,572.6276342757046,20,,True
283,4,30,75,0.8334107160568237,1.4713273753117246,0.8334107160568237,572.2024636343122,20,,True
284,4,30,90,0.8899617989857992,1.1920638573719908,0.8899617989857992,572.8349536657333,20,,True
285,4,30,105,0.8965285936991374,1.3656838672871554,0.8965285936991374,572.1569047309458,20,,True
286,4,30,120,2.5105485670268535,3.2814586677245097,2.5105485670268535,572.1358247101307,20,,True
287,4,30,135,3.1932372622191907,3.950032495285928,3.1932372622191907,572.0791341736913,20,,True
288,4,30,150,1.6246305664380392,2.1784437855767402,1.6246305664380392,571.4716259390116,20,,True
289,4,30,165,3.0144899527231854,3.986393157122789,3.0144899527231854,571.2138460949063,20,,True
290,4,30,180,0.9933495442072551,1.641597472686683,0.9933495442072551,572.8416559286416,20,,True
291,4,30,195,2.6299094537893932,3.9407329604479284,2.6299094537893932,573.5694249160588,20,,True
292,4,30,210,1.0826339761416117,1.3058435976585907,1.0826339761416117,571.6450149193406,20,,True
293,4,30,225,1.0280163993438085,1.3739456386453996,1.0280163993438085,572.056045755744,20,,True
294,8,83,30,21.250054188569386,29.02181653093251,21.250054188569386,573.5760862007737,20,,True
295,8,83,45,11.842378634214402,21.43680920362439,11.842378634214402,565.0607966817915,20,,True
296,8,83,60,11.255908526976903,16.164037850453543,11.255908526976903,564.2330972477794,20,,True
297,8,83,75,15.058665996789932,22.864114087856336,15.058665996789932,573.0422558262944,20,,True
298,8,83,90,16.929956102371214,20.2210606634902,16.929956102371214,572.3614059388638,20,,True
299,8,83,105,1.5182946999867757,1.8501183059057709,1.5182946999867757,571.2371659465134,20,,True
300,8,83,120,14.807806104421616,25.701794361238033,14.807806104421616,576.0509958490729,20,,True
301,8,83,135,20.80076382768651,33.51443485155595,20.80076382768651,574.3179069831967,20,,True
302,8,83,150,6.996292251224319,8.927708642921647,6.996292251224319,572.8289857506752,20,,True
303,8,83,165,4.802531013886134,6.485312796436781,4.802531013886134,572.6158870384097,20,,True
304,8,83,180,6.061241269111633,8.106503803745005,6.061241269111633,572.9608573019505,20,,True
305,8,83,195,13.375889298319816,24.732313514945975,13.375889298319816,572.8684072382748,20,,True
306,8,83,210,20.279932694633803,36.32499938818077,20.279932694633803,572.7967070415616,20,,True
307,8,83,225,18.610721451044082,27.017151846298894,18.610721451044082,572.2390869632363,20,,True
308,8,15,30,21.565061068038144,30.452915700104327,21.565061068038144,572.0491977408528,20,,True
309,8,15,45,18.950710421303906,25.623518138163025,18.950710421303906,565.3909281827509,20,,True
310,8,15,60,11.839842938569685,12.669526938820471,11.839842938569685,564.5582592114806,20,,True
311,8,15,75,2.0708246095106007,2.739207732599087,2.0708246095106007,571.7987478710711,20,,True
312,8,15,90,11.145470967888832,20.742414636763993,11.145470967888832,572.2705880180001,20,,True
313,8,15,105,13.170658612251282,18.282842939277327,13.170658612251282,566.5633990429342,20,,True
314,8,15,120,6.3870699842770895,8.098032432901151,6.3870699842770895,564.1048499383032,20,,True
315,8,15,135,8.844716950257618,12.41122441212532,8.844716950257618,570.4542677849531,20,,True
316,8,15,150,6.899239644408226,9.123456621340546,6.899239644408226,572.434248868376,20,,True
317,8,15,165,1.3020158688227335,1.6385220623062313,1.3020158688227335,573.2042579911649,20,,True
318,8,15,180,1.055928075313568,1.401778494325264,1.055928075313568,573.0408788658679,20,,True
319,8,15,195,1.0778571486473083,1.4052597442787367,1.0778571486473083,573.2611888088286,20,,True
320,8,15,210,1.0875986774762472,1.3956077760956132,1.0875986774762472,573.5494489781559,20,,True
321,8,15,225,3.3386682629585267,4.284179446036492,3.3386682629585267,573.2125979848206,20,,True
322,8,3,30,31.64987924595674,49.699546080333434,31.64987924595674,573.0597199872136,20,,True
323,8,3,45,41.20583032568296,68.09923938859869,41.20583032568296,573.3308987691998,20,,True
324,8,3,60,41.642473590373996,64.90662401123357,41.642473590373996,572.8371092118323,20,,True
325,8,3,75,13.36618525981903,23.4970625641823,13.36618525981903,572.0229698345065,20,,True
326,8,3,90,14.398917627334594,19.209493109435297,14.398917627334594,573.3437901362777,20,,True
327,8,3,105,5.962139932314555,7.843406224748772,5.962139932314555,573.2047096826136,20,,True
328,8,3,120,12.420765260855356,16.867000500408547,12.420765260855356,567.0520607382059,20,,True
329,8,3,135,14.100932474931081,18.673872287392175,14.100932474931081,564.4894810393453,20,,True
330,8,3,150,18.974821098645528,21.31986464457953,18.974821098645528,572.0547400414944,20,,True
331,8,3,165,14.822092707951864,18.934617900464243,14.822092707951864,565.416491124779,20,,True
332,8,3,180,8.63973319530487,11.019134775620753,8.63973319530487,565.7804319635034,20,,True
333,8,3,195,2.5111420075098674,3.204601372099137,2.5111420075098674,572.9175209999084,20,,True
334,8,3,210,4.8713185548782345,6.351956721227562,4.8713185548782345,573.3953514136374,20,,True
335,8,3,225,5.691226760546367,9.057494079306212,5.691226760546367,572.9271098971367,20,,True
336,8,35,30,36.89080818171303,45.708206861197425,36.89080818171303,574.3247712962329,20,,True
337,8,35,45,17.807164959112804,23.04445666510559,17.807164959112804,572.2277308814228,20,,True
338,8,35,60,28.124721550941466,33.057199456018274,28.124721550941466,573.5627813264728,20,,True
339,8,35,75,4.174286849051714,4.594933796309499,4.174286849051714,572.8333219885826,20,,True
340,8,35,90,2.9509929622213047,3.943453863994994,2.9509929622213047,573.3855911530554,20,,True
341,8,35,105,8.643988848105073,14.366014385761368,8.643988848105073,573.3720809221268,20,,True
342,8,35,120,25.25342567761739,28.579470178088823,25.25342567761739,571.8900021165609,20,,True
343,8,35,135,27.899343394736448,30.983434866149782,27.899343394736448,573.1337922625244,20,,True
344,8,35,150,17.358357017238934,23.979293013591644,17.358357017238934,574.788642115891,20,,True
345,8,35,165,7.39682555180043,11.139616229119099,7.39682555180043,574.2508522234857,20,,True
346,8,35,180,2.1947127236053348,2.8951593625829948,2.1947127236053348,573.2771619223058,20,,True
347,8,35,195,2.634493140379588,2.945129357266491,2.634493140379588,574.6277822181582,20,,True
348,8,35,210,6.59537570628648,9.716752747914342,6.59537570628648,573.2201030477881,20,,True
349,8,35,225,22.940333072344462,44.056001389477856,22.940333072344462,568.5317628085613,20,,True
350,8,48,30,57.74564858774344,74.50714747976546,57.74564858774344,564.1687540337443,20,,True
351,8,48,45,57.95984893341859,87.82562424350117,57.95984893341859,580.4767617955804,20,,True
352,8,48,60,10.416606307138379,13.915895866915557,10.416606307138379,573.05429270491,20,,True
353,8,48,75,7.58017446884575,9.64282146197931,7.58017446884575,600.4033097997308,20,,True
354,8,48,90,1.508097576101621,1.9942695217833262,1.508097576101621,572.5715029984713,20,,True
355,8,48,105,2.5054869214693705,2.6895765853492897,2.5054869214693705,572.1002332866192,20,,True
356,8,48,120,1.5354100252191225,1.891677857560183,1.5354100252191225,573.0167841538787,20,,True
357,8,48,135,4.751433430239558,6.70064630773376,4.751433430239558,572.1996142528951,20,,True
358,8,48,150,2.9239672191441057,3.8052093066241235,2.9239672191441057,572.4061140790582,20,,True
359,8,48,165,5.818833772589763,7.441126357618122,5.818833772589763,572.4214632064104,20,,True
360,8,48,180,4.342019009093444,5.253162872719113,4.342019009093444,573.2998033054173,20,,True
361,8,48,195,6.410022564729055,7.667450977901107,6.410022564729055,572.4496743641794,20,,True
362,8,48,210,4.871423630913099,6.401295465655949,4.871423630913099,563.2867459207773,20,,True
363,8,48,225,6.958329697450002,10.039938750505387,6.958329697450002,565.1342063210905,20,,True
364,8,22,30,2.8041003147761026,3.433342221010577,2.8041003147761026,571.7256837524474,20,,True
365,8,22,45,2.5469711303710936,2.904648962113252,2.5469711303710936,571.5175345540047,20,,True
366,8,22,60,2.1023578042785327,2.683452412210034,2.1023578042785327,571.0207438096404,20,,True
367,8,22,75,1.54775466521581,1.90737083268994,1.54775466521581,564.39174618572,20,,True
368,8,22,90,2.7024102210998535,3.024652967489279,2.7024102210998535,564.1266559250653,20,,True
369,8,22,105,2.130945312976837,2.4097964210400504,2.130945312976837,570.9482650272548,20,,True
370,8,22,120,1.6512423594792685,1.8538205896292617,1.6512423594792685,564.25566598773,20,,True
371,8,22,135,2.6312979102134704,4.04522191965237,2.6312979102134704,562.328735832125,20,,True
372,8,22,150,2.896821363766988,4.051374038740047,2.896821363766988,654.7309057787061,20,,True
373,8,22,165,1.887941066424052,2.2598597493918975,1.887941066424052,563.3068569004536,20,,True
374,8,22,180,1.2662449518839518,1.570343803415922,1.2662449518839518,561.31207710132,20,,True
375,8,22,195,3.1650793770949046,4.758083378989802,3.1650793770949046,578.8240348920226,20,,True
376,8,22,210,3.0197308739026387,4.027052888248652,3.0197308739026387,571.1304070428014,20,,True
377,8,22,225,1.4528593042244513,1.6505745664383165,1.4528593042244513,574.1709461435676,20,,True
378,8,55,30,34.01697320441405,53.2737474369848,34.01697320441405,572.831155732274,20,,True
379,8,55,45,8.836351178586483,10.69642951625631,8.836351178586483,571.1773158982396,20,,True
380,8,55,60,1.904538381906847,2.498914943190518,1.904538381906847,569.6514858864248,20,,True
381,8,55,75,2.194573367453025,2.4694623353463294,2.194573367453025,564.6972069516778,20,,True
382,8,55,90,1.852009473492702,2.18752110310599,1.852009473492702,570.8749569021165,20,,True
383,8,55,105,1.8272381909191608,2.164768919262794,1.8272381909191608,567.3183570615947,20,,True
384,8,55,120,1.9478780873119832,2.3311405366464326,1.9478780873119832,642.2995189204812,20,,True
385,8,55,135,2.039711662878593,2.387024898448696,2.039711662878593,572.0819970592856,20,,True
386,8,55,150,1.9699242760737736,2.3421866988095483,1.9699242760737736,571.1901467293501,20,,True
387,8,55,165,1.8636373478919268,2.149687439489892,1.8636373478919268,767.1001963317394,20,,True
388,8,55,180,1.7497627278421228,2.0375459518902965,1.7497627278421228,565.1637981645763,20,,True
389,8,55,195,1.7823665247609217,2.1000273231271542,1.7823665247609217,584.3400056473911,20,,True
390,8,55,210,1.8312744609390696,2.1228829820651667,1.8312744609390696,568.7693380750716,20,,True
391,8,55,225,1.8328882515120009,2.1246779983079795,1.8328882515120009,566.9751479290426,20,,True
392,8,4,30,11.547126079599062,18.274382044963936,11.547126079599062,572.9373479261994,20,,True
393,8,4,45,6.916685210967747,13.229103574315356,6.916685210967747,571.5303579345345,20,,True
394,8,4,60,20.558504293859006,31.129154014693277,20.558504293859006,572.9125179350376,20,,True
395,8,4,75,11.892100675900776,19.550137591802688,11.892100675900776,573.1055978685617,20,,True
396,8,4,90,12.16680805484454,21.168149850124927,12.16680805484454,573.7187280319631,20,,True
397,8,4,105,11.901761024879912,18.717643755626753,11.901761024879912,572.3974579013884,20,,True
398,8,4,120,14.771770289974908,25.438481381477956,14.771770289974908,573.173837736249,20,,True
399,8,4,135,10.077530040343602,15.546440203710686,10.077530040343602,574.2123289965093,20,,True
400,8,4,150,33.3691587711374,57.40560800817532,33.3691587711374,568.0462289601564,20,,True
401,8,4,165,50.86969644849499,74.7436609597591,50.86969644849499,564.3187598325312,20,,True
402,8,4,180,47.2479958375295,74.98555271971172,47.2479958375295,565.875249914825,20,,True
403,8,4,195,10.580278791906313,13.634868083977542,10.580278791906313,563.6946698650718,20,,True
404,8,4,210,35.75949261585871,42.829927929724796,35.75949261585871,570.0387391261756,20,,True
405,8,4,225,12.821927198767662,16.978855668578028,12.821927198767662,571.2062190286815,20,,True
406,8,45,30,10.651529590288797,15.46447503247996,10.651529590288797,571.7785190790892,20,,True
407,8,45,45,26.797534162551166,34.16173693442207,26.797534162551166,572.8657902218401,20,,True
408,8,45,60,26.85688520297408,29.85452666621974,26.85688520297408,572.363258805126,20,,True
409,8,45,75,3.9483307000249623,5.429906144705204,3.9483307000249623,572.053019888699,20,,True
410,8,45,90,4.17040514163673,5.1618294376376594,4.17040514163673,573.1478803791106,20,,True
411,8,45,105,1.5076913316268474,1.9871786338639754,1.5076913316268474,572.4829202517867,20,,True
412,8,45,120,17.10405984905859,30.172406062718746,17.10405984905859,572.6991798728704,20,,True
413,8,45,135,15.448577499389648,22.37679420902818,15.448577499389648,572.633330244571,20,,True
414,8,45,150,5.906075016657511,8.686901435682845,5.906075016657511,566.423811018467,20,,True
415,8,45,165,5.882564369837443,8.503833346559649,5.882564369837443,564.1376520507038,20,,True
416,8,45,180,5.835101683934529,8.47542582327795,5.835101683934529,572.6240901276469,20,,True
417,8,45,195,5.890107536315918,8.61293170280251,5.890107536315918,572.5767510011792,20,,True
418,8,45,210,5.991069062550863,8.73363959101845,5.991069062550863,572.6160407066345,20,,True
419,8,45,225,5.991916020711263,8.725796807590395,5.991916020711263,573.486739769578,20,,True
420,8,60,30,5.439934491738677,9.974497429129887,5.439934491738677,569.9032307602465,20,,True
421,8,60,45,6.161987976233164,8.193037023406726,6.161987976233164,564.940600655973,20,,True
422,8,60,60,2.1691503723462424,2.9535757326725296,2.1691503723462424,567.6600723527372,20,,True
423,8,60,75,2.079023609558741,3.0261315549231935,2.079023609558741,571.5544209815562,20,,True
424,8,60,90,5.92078703319033,9.067904536308161,5.92078703319033,573.2049620710313,20,,True
425,8,60,105,6.02431732142965,8.202497492759376,6.02431732142965,573.4579521231353,20,,True
426,8,60,120,2.150792061785857,2.668353756427469,2.150792061785857,572.5072920322418,20,,True
427,8,60,135,1.2885770281155904,1.5584825193914693,1.2885770281155904,572.6631516590714,20,,True
428,8,60,150,1.6377609491348266,2.1525722870637876,1.6377609491348266,572.4120317026973,20,,True
429,8,60,165,2.43213902314504,3.7605389355926695,2.43213902314504,572.5467116571963,20,,True
430,8,60,180,3.4712215185165407,5.0566676909570045,3.4712215185165407,574.8340017162263,20,,True
431,8,60,195,2.1093928972880045,2.870915426235069,2.1093928972880045,576.4041119255126,20,,True
432,8,60,210,2.015260362625122,2.780171332153019,2.015260362625122,572.5372219458222,20,,True
433,8,60,225,2.2175345698992412,2.781478381174992,2.2175345698992412,563.9523128047585,20,,True
434,8,26,30,28.051251378655433,36.265224560911584,28.051251378655433,570.6567927263677,20,,True
435,8,26,45,21.20775081117948,27.454468264056157,21.20775081117948,567.0593529939651,20,,True
436,8,26,60,5.8389614671468735,6.888815453523171,5.8389614671468735,564.6075126715004,20,,True
437,8,26,75,3.7596611112356184,4.9967850537016805,3.7596611112356184,571.7284129932523,20,,True
438,8,26,90,2.119520084746182,2.3716121189450625,2.119520084746182,570.2026439830661,20,,True
439,8,26,105,3.563014103099704,4.7477807984751355,3.563014103099704,564.7566029801965,20,,True
440,8,26,120,10.87034445417424,13.620254990629054,10.87034445417424,569.981134030968,20,,True
441,8,26,135,9.765288019552827,12.644653436139372,9.765288019552827,572.2355428151786,20,,True
442,8,26,150,13.027740122253697,17.012753674096942,13.027740122253697,572.7641931734979,20,,True
443,8,26,165,4.307427970568339,6.792429401602711,4.307427970568339,573.2933138497174,20,,True
444,8,26,180,7.068848333507776,8.503824884760272,7.068848333507776,572.6009230129421,20,,True
445,8,26,195,5.818301419417064,8.493199110560463,5.818301419417064,572.6886438205838,20,,True
446,8,26,210,7.572976289192836,9.940645087978892,7.572976289192836,573.1846839189529,20,,True
447,8,26,225,9.755888451139132,10.956132390268788,9.755888451139132,572.868294082582,20,,True
448,8,21,30,1.6370648792013527,2.072711565222744,1.6370648792013527,571.9852549955249,20,,True
449,8,21,45,3.1872204954425496,4.029971817114193,3.1872204954425496,571.2644141167402,20,,True
450,8,21,60,5.181291760504246,5.983818907762801,5.181291760504246,571.2867137044668,20,,True
451,8,21,75,4.324316021800041,4.863642838671539,4.324316021800041,572.6706949062645,20,,True
452,8,21,90,1.6069170236587524,1.8458237714972427,1.6069170236587524,572.5885038264096,20,,True
453,8,21,105,1.8458809147278468,2.0970552862171394,1.8458809147278468,572.5673846900463,20,,True
454,8,21,120,5.203862065759798,8.533083910345644,5.203862065759798,572.5715346634388,20,,True
455,8,21,135,5.741676101957759,9.273263413168248,5.741676101957759,571.9884349964559,20,,True
456,8,21,150,2.286212323854367,2.6422378463332237,2.286212323854367,569.4109150208533,20,,True
457,8,21,165,1.5417906338969867,1.837844490154913,1.5417906338969867,562.8032661043108,20,,True
458,8,21,180,1.4683176650355259,1.7432433332875314,1.4683176650355259,569.3520256318152,20,,True
459,8,21,195,1.4394928704947234,1.7477842594816582,1.4394928704947234,572.5248153321445,20,,True
460,8,21,210,1.5614238845805326,1.863337437384124,1.5614238845805326,572.1342852339149,20,,True
461,8,21,225,1.5146592665463685,1.8034761642678536,1.5146592665463685,571.9306659884751,20,,True
462,8,44,30,12.657311249896884,18.570414538348864,12.657311249896884,572.6328049786389,20,,True
463,8,44,45,6.6791970809300745,10.587941612845068,6.6791970809300745,570.782785769552,20,,True
464,8,44,60,5.751278614997863,7.03942479592143,5.751278614997863,572.1115660853684,20,,True
465,8,44,75,2.7691556851069135,3.438967199605617,2.7691556851069135,571.7862360179424,20,,True
466,8,44,90,4.067223119735718,8.93120469997739,4.067223119735718,571.5933260507882,20,,True
467,8,44,105,4.264871509869893,7.5043094644390935,4.264871509869893,563.4518866427243,20,,True
468,8,44,120,3.538172125816345,4.848789116347184,3.538172125816345,565.6374162063003,20,,True
469,8,44,135,3.8984063784281413,5.4137529283167405,3.8984063784281413,571.6216373257339,20,,True
470,8,44,150,4.206339181462924,8.769772983479253,4.206339181462924,570.8775259554386,20,,True
471,8,44,165,4.764889584978421,8.709416018518327,4.764889584978421,571.5148556046188,20,,True
472,8,44,180,5.809133871396383,6.235141297251666,5.809133871396383,570.3335972502828,20,,True
473,8,44,195,3.353661068280538,5.124801086596399,3.353661068280538,563.5477281175554,20,,True
474,8,44,210,2.5833851118882496,3.607715443986393,2.5833851118882496,563.9543570578098,20,,True
475,8,44,225,3.6845495214064914,4.420095109870222,3.6845495214064914,563.9582080766559,20,,True
476,8,23,30,14.086404450237751,16.133851318689555,14.086404450237751,566.8344171717763,20,,True
477,8,23,45,12.48217507377267,18.505710040977235,12.48217507377267,570.6120966933668,20,,True
478,8,23,60,46.97076342888177,77.71292988425746,46.97076342888177,572.4284066818655,20,,True
479,8,23,75,33.81840280145407,53.01549298509642,33.81840280145407,572.3244673572481,20,,True
480,8,23,90,9.63752612148722,12.091241487135509,9.63752612148722,571.5725277550519,20,,True
481,8,23,105,4.840062950132415,5.972807341061577,4.840062950132415,571.9626569189131,20,,True
482,8,23,120,6.266760319471359,7.743973891225326,6.266760319471359,571.7390277422965,20,,True
483,8,23,135,11.321648330489795,15.442680946148132,11.321648330489795,572.2550177015364,20,,True
484,8,23,150,8.193891065319379,10.813239656925544,8.193891065319379,569.0814079716802,20,,True
485,8,23,165,9.910849709808826,11.11813182967975,9.910849709808826,563.0021188408136,20,,True
486,8,23,180,20.91017946501573,30.13638806474535,20.91017946501573,568.2488181628287,20,,True
487,8,23,195,18.42783858391146,27.546243620470637,18.42783858391146,570.1414491049945,20,,True
488,8,23,210,15.848700253168742,20.487175328539106,15.848700253168742,563.2952889427543,20,,True
489,8,23,225,6.46905926913023,9.640689305852085,6.46905926913023,565.3162091039121,20,,True
490,8,53,30,28.473059057195982,42.80253931553732,28.473059057195982,572.7699878625572,20,,True
491,8,53,45,55.22055870294571,75.53747583552565,55.22055870294571,572.7511392906308,20,,True
492,8,53,60,27.190496846536796,31.374557810497354,27.190496846536796,569.3433689884841,20,,True
493,8,53,75,4.552806604901949,7.37677627591947,4.552806604901949,563.6411989107728,20,,True
494,8,53,90,8.714571316043536,14.236480576834824,8.714571316043536,567.8674802184105,20,,True
495,8,53,105,9.801475158333778,16.953634359638073,9.801475158333778,572.6612186990678,20,,True
496,8,53,120,49.134460072716074,78.97441821579268,49.134460072716074,572.1460687927902,20,,True
497,8,53,135,26.512394629915555,41.438039048473655,26.512394629915555,571.5052890591323,20,,True
498,8,53,150,50.43401783605417,70.56215999148824,50.43401783605417,573.0414101853967,20,,True
499,8,53,165,8.039630422989527,12.439783241966083,8.039630422989527,572.1219200640917,20,,True
500,8,53,180,15.12203355083863,22.117762800860078,15.12203355083863,571.6847688890994,20,,True
501,8,53,195,11.399134416878223,16.19339701723965,11.399134416878223,572.5931501947343,20,,True
502,8,53,210,5.983190780878067,7.762608553422863,5.983190780878067,572.5285499356687,20,,True
503,8,53,225,3.6775502363840737,5.2697399435409125,3.6775502363840737,572.8670489042997,20,,True
504,8,84,30,45.37823789045215,61.82756940140601,45.37823789045215,572.5324009545147,20,,True
505,8,84,45,28.080611860069137,35.28262052939192,28.080611860069137,572.3296608775854,20,,True
506,8,84,60,41.96611417067858,48.324198202675696,41.96611417067858,570.074821356684,20,,True
507,8,84,75,4.65949749276042,5.498841493800179,4.65949749276042,562.5790911726654,20,,True
508,8,84,90,2.0670454297214746,2.882319222382077,2.0670454297214746,567.3190508969128,20,,True
509,8,84,105,2.265134627620379,3.150449655003649,2.265134627620379,571.2940497323871,20,,True
510,8,84,120,1.9913906281193097,2.667585247192284,1.9913906281193097,572.9640112258494,20,,True
511,8,84,135,8.014024347439408,13.024823222958517,8.014024347439408,572.7457408793271,20,,True
512,8,84,150,11.596310810248058,14.11630711077593,11.596310810248058,572.8521812707186,20,,True
513,8,84,165,3.1805940866470337,3.6112317955353705,3.1805940866470337,571.9826207496226,20,,True
514,8,84,180,2.930409383773804,3.425535709107406,2.930409383773804,572.5035108625889,20,,True
515,8,84,195,14.99577632745107,19.730519961332384,14.99577632745107,572.5077809765935,20,,True
516,8,84,210,11.981612027188142,14.095800895738476,11.981612027188142,570.8842319436371,20,,True
517,8,84,225,7.96686213662227,10.53922971793215,7.96686213662227,571.3112219236791,20,,True
518,8,59,30,4.33168483475844,5.355202282052583,4.33168483475844,572.9156313464046,20,,True
519,8,59,45,2.2235956601798534,3.392116817524698,2.2235956601798534,575.7147409021854,20,,True
520,8,59,60,5.95182118738691,6.936057957332324,5.95182118738691,563.4983628988266,20,,True
521,8,59,75,4.015213284889857,4.9646912629406685,4.015213284889857,563.4395722299814,20,,True
522,8,59,90,4.60525613874197,6.012061530652977,4.60525613874197,571.938291657716,20,,True
523,8,59,105,3.444753055771192,4.973225060872743,3.444753055771192,571.4388620108366,20,,True
524,8,59,120,8.51008749405543,11.322126728854148,8.51008749405543,573.0997119098902,20,,True
525,8,59,135,9.736239508291085,12.181717694948727,9.736239508291085,572.2031723707914,20,,True
526,8,59,150,10.687831783294678,12.084518074324347,10.687831783294678,572.0942220650613,20,,True
527,8,59,165,4.987767607936015,5.690599909641709,4.987767607936015,572.7901519276202,20,,True
528,8,59,180,3.510002434471001,4.83327012770114,3.510002434471001,571.0815931670368,20,,True
529,8,59,195,5.621963318188985,7.024273015277095,5.621963318188985,563.7718332000077,20,,True
530,8,59,210,10.463196961085002,14.63983619106331,10.463196961085002,566.4925631135702,20,,True
531,8,59,225,6.526608924070994,7.85488166023571,6.526608924070994,573.1367832049727,20,,True
532,8,49,30,42.109424173335235,57.01984065011264,42.109424173335235,572.4582429975271,20,,True
533,8,49,45,55.21790247559547,76.33559968502476,55.21790247559547,571.3403527624905,20,,True
534,8,49,60,15.16258559624354,25.105078779739557,15.16258559624354,571.6556129045784,20,,True
535,8,49,75,48.13421170214812,74.20714491727074,48.13421170214812,570.900303311646,20,,True
536,8,49,90,33.960972554485004,47.06126129958964,33.960972554485004,572.1223931759596,20,,True
537,8,49,105,28.74407378633817,42.938509044667065,28.74407378633817,568.772803992033,20,,True
538,8,49,120,43.53179458280405,54.64922517603741,43.53179458280405,562.644783873111,20,,True
539,8,49,135,37.80976366984348,55.40081344134456,37.80976366984348,568.1539140641689,20,,True
540,8,49,150,54.713711490357916,78.5963542070526,54.713711490357916,567.3429239541292,20,,True
541,8,49,165,12.864790748556455,16.272707380231992,12.864790748556455,562.8290940076113,20,,True
542,8,49,180,3.8318975806236266,5.2109125205172635,3.8318975806236266,567.8824940696359,20,,True
543,8,49,195,3.6340354919433593,4.499229003266088,3.6340354919433593,572.2169340588152,20,,True
544,8,49,210,3.0304035345713296,3.536712264393413,3.0304035345713296,572.2974641248584,20,,True
545,8,49,225,2.3425343592961627,3.1855775275423395,2.3425343592961627,572.1270451322198,20,,True
546,8,7,30,29.768021312480172,44.2254884141139,29.768021312480172,571.0462448187172,20,,True
547,8,7,45,31.639176666736603,51.57927511845351,31.639176666736603,563.1779250688851,20,,True
548,8,7,60,1.975751836101214,2.355736313834666,1.975751836101214,565.332714933902,20,,True
549,8,7,75,1.1397184371948241,1.5607167156405117,1.1397184371948241,571.824615355581,20,,True
550,8,7,90,14.2994597752889,20.84133372157093,14.2994597752889,571.8691442161798,20,,True
551,8,7,105,9.58723654995362,12.67620496631622,9.58723654995362,572.1138953231275,20,,True
552,8,7,120,23.830396290123463,36.09240545416153,23.830396290123463,572.3796552047133,20,,True
553,8,7,135,13.996958581606547,18.583596654659196,13.996958581606547,571.6589349322021,20,,True
554,8,7,150,13.984522658586503,21.19522903926554,13.984522658586503,573.0149350129068,20,,True
555,8,7,165,25.677998884022237,31.917534254000753,25.677998884022237,572.0542059279978,20,,True
556,8,7,180,12.568473833799363,18.103459601202164,12.568473833799363,571.661754976958,20,,True
557,8,7,195,10.967087001601856,12.608556846430533,10.967087001601856,571.5968147851527,20,,True
558,8,7,210,17.90914100309213,23.549185262087754,17.90914100309213,571.6210249811411,20,,True
559,8,7,225,9.346786499023438,14.203435321540153,9.346786499023438,573.3708059415221,20,,True
560,8,47,30,10.100626850128174,11.89243002723455,10.100626850128174,571.6805648989975,20,,True
561,8,47,45,11.068911806742351,12.91143352684667,11.068911806742351,570.710435975343,20,,True
562,8,47,60,9.54116013844808,10.1059397206222,9.54116013844808,571.0040060803294,20,,True
563,8,47,75,10.504142793019613,12.468028271900412,10.504142793019613,572.3635158501565,20,,True
564,8,47,90,16.244195302327473,21.610989168499863,16.244195302327473,570.2046668156981,20,,True
565,8,47,105,17.53355015317599,24.937876116641714,17.53355015317599,562.6164260320365,20,,True
566,8,47,120,37.22963645458221,42.54721331819244,37.22963645458221,565.2357670478523,20,,True
567,8,47,135,13.02325684397171,15.606796930924332,13.02325684397171,570.8450558595359,20,,True
568,8,47,150,6.743475792494913,7.9505424642229245,6.743475792494913,571.0761765949428,20,,True
569,8,47,165,3.5537010510762532,4.357668474350433,3.5537010510762532,571.1179571226239,20,,True
570,8,47,180,4.520113984743754,5.0408461171162475,4.520113984743754,571.382787078619,20,,True
571,8,47,195,3.0955129543940227,3.698413853006782,3.0955129543940227,571.2505667470396,20,,True
572,8,47,210,2.8210904598236084,3.1907253106823346,2.8210904598236084,569.7918767109513,20,,True
573,8,47,225,4.681665229797363,6.695788363264028,4.681665229797363,562.3029679991305,20,,True
574,8,30,30,21.52901800473531,33.74000894916095,21.52901800473531,567.4856370314956,20,,True
575,8,30,45,7.461494349439939,10.081676398290666,7.461494349439939,576.5013662166893,20,,True
576,8,30,60,3.7354001249419526,6.1991644750202894,3.7354001249419526,572.5286081433296,20,,True
577,8,30,75,6.1562380994631285,8.131162266670275,6.1562380994631285,571.5291970409453,20,,True
578,8,30,90,1.3274195853116302,1.7333482694233153,1.3274195853116302,563.4612780995667,20,,True
579,8,30,105,6.583878737408668,12.715233646773799,6.583878737408668,564.0819277614355,20,,True
580,8,30,120,22.66581925774614,33.88878913252113,22.66581925774614,571.9279483892024,20,,True
581,8,30,135,14.156842799981435,25.474832759954154,14.156842799981435,571.2761566974223,20,,True
582,8,30,150,17.99975481033325,32.428515299980056,17.99975481033325,571.3246976956725,20,,True
583,8,30,165,27.70265944401423,44.37758732372067,27.70265944401423,562.4600881710649,20,,True
584,8,30,180,6.551049158970515,10.94231507860711,6.551049158970515,566.2134392186999,20,,True
585,8,30,195,3.2839757998784385,4.540552080278524,3.2839757998784385,571.8996869400144,20,,True
586,8,30,210,1.2054437664647897,1.5841050168931403,1.2054437664647897,572.1039376221597,20,,True
587,8,30,225,1.1366061282654603,1.37413249913167,1.1366061282654603,572.0305670984089,20,,True
588,14,83,30,28.21064687569936,31.32100800627611,28.21064687569936,572.3913889378309,20,,True
589,14,83,45,11.462057155370712,19.984035293692433,11.462057155370712,572.7481981739402,20,,True
590,14,83,60,17.7580660281082,22.87993066257713,17.7580660281082,563.7888391502202,20,,True
591,14,83,75,9.843205650150775,15.496675660810892,9.843205650150775,562.5937785953283,20,,True
592,14,83,90,8.911201071739196,13.088796977788324,8.911201071739196,571.210227906704,20,,True
593,14,83,105,17.927754038820662,39.869319248990806,17.927754038820662,563.2840204052627,20,,True
594,14,83,120,21.969427962601184,38.2467385449085,21.969427962601184,564.669469371438,20,,True
595,14,83,135,19.22291422386964,36.020782329532224,19.22291422386964,572.0016788691282,20,,True
596,14,83,150,13.15379955371221,17.212840753799863,13.15379955371221,571.4620086364448,20,,True
597,14,83,165,13.045425913482905,19.297258265601073,13.045425913482905,570.598958991468,20,,True
598,14,83,180,4.823032020777464,5.910382772560303,4.823032020777464,571.0608088411391,20,,True
599,14,83,195,10.474726596226295,20.91813564452171,10.474726596226295,571.6785290278494,20,,True
600,14,83,210,8.464631119618813,11.433970932363625,8.464631119618813,571.4061590842903,20,,True
601,14,83,225,12.051608909418185,16.45662211637397,12.051608909418185,564.7976999171078,20,,True
602,14,15,30,18.254651301105817,25.63565125639451,18.254651301105817,562.9341201856732,20,,True
603,14,15,45,3.4708765506744386,5.262834115840336,3.4708765506744386,570.162289775908,20,,True
604,14,15,60,6.218102995554606,8.866428940783889,6.218102995554606,571.4867296628654,20,,True
605,14,15,75,1.8154725035031636,2.30417863712458,1.8154725035031636,571.0079502314329,20,,True
606,14,15,90,1.7446418364842733,1.9510959930756437,1.7446418364842733,571.7579401098192,20,,True
607,14,15,105,1.5238252560297647,1.8085824708612506,1.5238252560297647,575.72057005018,20,,True
608,14,15,120,1.6612781427645436,1.8636322595950472,1.6612781427645436,571.7500103637576,20,,True
609,14,15,135,2.103911807574332,3.113729777579891,2.103911807574332,573.2856402173638,20,,True
610,14,15,150,8.112126252551873,12.746602123695233,8.112126252551873,571.8057509511709,20,,True
611,14,15,165,11.224193927148978,16.345251161216204,11.224193927148978,572.3455608822405,20,,True
612,14,15,180,1.4932596178725361,1.7638625422780574,1.4932596178725361,572.0332697965205,20,,True
613,14,15,195,4.660559672117233,7.185507456670601,4.660559672117233,572.2883995622396,20,,True
614,14,15,210,4.57600901623567,5.850665547431957,4.57600901623567,571.4417211711407,20,,True
615,14,15,225,2.8682377739596023,3.7583722775302384,2.8682377739596023,572.1128210425377,20,,True
616,14,3,30,17.573824540774027,20.985998437892047,17.573824540774027,571.8808807432652,20,,True
617,14,3,45,18.6722886522611,28.532641081944035,18.6722886522611,572.8207910433412,20,,True
618,14,3,60,20.086336468656857,27.994838668400444,20.086336468656857,571.9744409434497,20,,True
619,14,3,75,20.357785392800967,29.53701349168905,20.357785392800967,565.5181617476046,20,,True
620,14,3,90,23.655165188014507,32.67668540359871,23.655165188014507,562.5997520983219,20,,True
621,14,3,105,4.637752304350337,5.492329899119304,4.637752304350337,571.53445109725,20,,True
622,14,3,120,2.9868544949839513,3.6791011147332497,2.9868544949839513,571.4147021062672,20,,True
623,14,3,135,7.8355754621326925,13.837568085508224,7.8355754621326925,571.4397812262177,20,,True
624,14,3,150,19.97039355635643,23.675266191685687,19.97039355635643,571.0731321014464,20,,True
625,14,3,165,8.481011925141017,10.489696715781722,8.481011925141017,569.1029019653797,20,,True
626,14,3,180,6.575161583224932,8.29657955148153,6.575161583224932,562.0088828727603,20,,True
627,14,3,195,16.994620274504026,23.63704981441036,16.994620274504026,565.3561619110405,20,,True
628,14,3,210,9.810323476791382,12.621662295010399,9.810323476791382,571.2232319638133,20,,True
629,14,3,225,3.9534825613101323,6.470627994254929,3.9534825613101323,571.2178419344127,20,,True
630,14,35,30,20.61087201461196,31.64512083996123,20.61087201461196,570.6810518167913,20,,True
631,14,35,45,34.553389786183835,54.260399948363926,34.553389786183835,571.9092418439686,20,,True
632,14,35,60,20.04454255104065,24.782715116681928,20.04454255104065,572.0705422572792,20,,True
633,14,35,75,9.046688548723857,11.473031141501712,9.046688548723857,571.8851718120277,20,,True
634,14,35,90,7.7149002631505335,8.697503077835753,7.7149002631505335,571.4603322558105,20,,True
635,14,35,105,6.347991079092026,10.46491696959631,6.347991079092026,572.8030120953918,20,,True
636,14,35,120,8.248017996549606,12.247597959076742,8.248017996549606,571.7823724262416,20,,True
637,14,35,135,8.855955787499745,11.027401143798963,8.855955787499745,571.881702169776,20,,True
638,14,35,150,4.825237513085207,6.89142556762942,4.825237513085207,571.8903234228492,20,,True
639,14,35,165,5.37292894674077,7.330843139967414,5.37292894674077,571.0976431146264,20,,True
640,14,35,180,2.344346746553977,2.7851284538729635,2.344346746553977,572.3642320372164,20,,True
641,14,35,195,1.855375590423743,2.520770791869312,1.855375590423743,572.9506518691778,20,,True
642,14,35,210,1.9101891609529653,2.383561604054965,1.9101891609529653,564.0264339745045,20,,True
643,14,35,225,6.38197463110555,9.910215110842039,6.38197463110555,563.6018640361726,20,,True
644,14,48,30,6.957971914609273,8.949392036790295,6.957971914609273,572.4518829956651,20,,True
645,14,48,45,4.664041910568873,5.786806863905412,4.664041910568873,567.5793741829693,20,,True
646,14,48,60,13.350562250986695,18.608636502787025,13.350562250986695,564.2853840254247,20,,True
647,14,48,75,13.695840911070507,20.418443608081503,13.695840911070507,569.0021137706935,20,,True
648,14,48,90,8.272580715020498,12.84720634788283,8.272580715020498,572.4934041500092,20,,True
649,14,48,105,4.91863498489062,6.756965734362263,4.91863498489062,573.5455229878426,20,,True
650,14,48,120,5.3304464767376585,6.536530484088709,5.3304464767376585,573.182204272598,20,,True
651,14,48,135,3.897178582350413,4.492443654871351,3.897178582350413,572.0703741535544,20,,True
652,14,48,150,3.3614609175672134,4.6867012653004565,3.3614609175672134,572.7941752411425,20,,True
653,14,48,165,4.448694904583196,6.702668661225765,4.448694904583196,571.8744350597262,20,,True
654,14,48,180,3.048980960374077,3.4859121018576515,3.048980960374077,571.997744962573,20,,True
655,14,48,195,7.505597918232282,11.831362040899664,7.505597918232282,566.8337042443454,20,,True
656,14,48,210,6.002717547863722,8.539728929888916,6.002717547863722,563.5113748721778,20,,True
657,14,48,225,2.44141814460357,2.806078380035886,2.44141814460357,571.3910339400172,20,,True
658,14,22,30,11.571432633449634,17.978614282852874,11.571432633449634,570.9056947380304,20,,True
659,14,22,45,9.88197609782219,14.52329481847678,9.88197609782219,573.8355838693678,20,,True
660,14,22,60,15.243133143832287,19.14318957724183,15.243133143832287,570.6066349521279,20,,True
661,14,22,75,7.385731198390325,11.082955756764663,7.385731198390325,571.5963849797845,20,,True
662,14,22,90,6.0980390706410015,9.341439935128287,6.0980390706410015,570.7378550432622,20,,True
663,14,22,105,4.680402244503299,7.121921408881268,4.680402244503299,571.0712647996843,20,,True
664,14,22,120,7.422498979791999,9.052890413289571,7.422498979791999,570.7413852214813,20,,True
665,14,22,135,4.438124136130015,5.775338272668749,4.438124136130015,570.4264552332461,20,,True
666,14,22,150,2.52097521374623,3.677922941585413,2.52097521374623,569.9487957172096,20,,True
667,14,22,165,6.308358885580674,9.167712651331929,6.308358885580674,570.7158050499856,20,,True
668,14,22,180,1.4945833629773309,2.1704516129741087,1.4945833629773309,571.887084748596,20,,True
669,14,22,195,5.3076957650482655,9.975394922803147,5.3076957650482655,571.520775090903,20,,True
670,14,22,210,3.823687424262365,6.181751467317717,3.823687424262365,571.7691848985851,20,,True
671,14,22,225,4.028854777570814,4.715013611708249,4.028854777570814,571.1441156454384,20,,True
672,14,55,30,35.21306338285407,52.900434710566785,35.21306338285407,571.4087751694024,20,,True
673,14,55,45,2.1830639832963548,2.6482419816574363,2.1830639832963548,562.8834161907434,20,,True
674,14,55,60,5.2542236586411795,8.373562688330198,5.2542236586411795,561.9638958014548,20,,True
675,14,55,75,2.966803667942683,3.5314707613017546,2.966803667942683,570.3304260969162,20,,True
676,14,55,90,1.2458324521780013,1.552136127891014,1.2458324521780013,571.3994358666241,20,,True
677,14,55,105,1.212937092781067,1.513859677297065,1.212937092781067,571.2120458483696,20,,True
678,14,55,120,1.2163065393765768,1.511443377975407,1.2163065393765768,568.9899772405624,20,,True
679,14,55,135,1.3058148562908172,1.5595868735644427,1.3058148562908172,562.1274071745574,20,,True
680,14,55,150,7.280165067315101,13.99087174651989,7.280165067315101,565.717067103833,20,,True
681,14,55,165,11.295217590530713,16.052698228463512,11.295217590530713,564.5005269907415,20,,True
682,14,55,180,2.6588568687438965,3.3302079903832214,2.6588568687438965,563.578047323972,20,,True
683,14,55,195,2.120139567057292,2.986822984290353,2.120139567057292,562.3023873195052,20,,True
684,14,55,210,2.3117941061655682,3.712794655241261,2.3117941061655682,562.3785769566894,20,,True
685,14,55,225,1.975009799003601,3.4391313828411323,1.975009799003601,572.4038272164762,20,,True
686,14,4,30,13.413583719730378,20.027886235792,13.413583719730378,567.234427202493,20,,True
687,14,4,45,24.47488911151886,40.408324809165265,24.47488911151886,562.7807867713273,20,,True
688,14,4,60,30.078703248749175,48.7368379108769,30.078703248749175,568.8825268298388,20,,True
689,14,4,75,4.453787849346797,6.01910042877677,4.453787849346797,570.3677469864488,20,,True
690,14,4,90,1.614458267452816,2.179852351228174,1.614458267452816,571.0122170858085,20,,True
691,14,4,105,6.0982747084150715,8.629052621942844,6.0982747084150715,570.8146868273616,20,,True
692,14,4,120,3.903522409933309,5.213748819256147,3.903522409933309,570.5474470742047,20,,True
693,14,4,135,6.050693087279797,9.40664172779031,6.050693087279797,570.4933982342482,20,,True
694,14,4,150,21.762422995766006,34.70459101654717,21.762422995766006,572.2526768222451,20,,True
695,14,4,165,13.25307382705311,21.067099449612183,13.25307382705311,565.5882279388607,20,,True
696,14,4,180,11.162630480527877,17.446523886780724,11.162630480527877,562.6329476945102,20,,True
697,14,4,195,4.38731263478597,7.313771347460996,4.38731263478597,568.7476280145347,20,,True
698,14,4,210,4.891646069288254,6.329153794279558,4.891646069288254,564.5554079674184,20,,True
699,14,4,225,7.78001317580541,10.06814709173156,7.78001317580541,565.3808088973165,20,,True
700,14,45,30,35.79215703010559,40.486652879508014,35.79215703010559,571.9181867316365,20,,True
701,14,45,45,4.2759685583412645,6.248712296283136,4.2759685583412645,572.0592588186264,20,,True
702,14,45,60,3.2703735342870157,4.45711629781103,3.2703735342870157,571.5844677761197,20,,True
703,14,45,75,4.394508930280184,6.599822007079254,4.394508930280184,572.3864282481372,20,,True
704,14,45,90,3.8929500745764622,5.003028516254399,3.8929500745764622,571.825047954917,20,,True
705,14,45,105,2.0146523902813596,2.60603311949461,2.0146523902813596,571.6859176754951,20,,True
706,14,45,120,3.569461088379224,4.559361187318143,3.569461088379224,570.7747577689588,20,,True
707,14,45,135,3.50430548787117,6.827398184850766,3.50430548787117,571.616108994931,20,,True
708,14,45,150,24.434500514467558,46.48764674730521,24.434500514467558,571.1367079056799,20,,True
709,14,45,165,42.465416034062706,69.84208000855864,42.465416034062706,567.9300189949572,20,,True
710,14,45,180,28.116451247533163,41.01402544910486,28.116451247533163,565.4373387806118,20,,True
711,14,45,195,5.365797553211451,7.0716327467809155,5.365797553211451,571.2643191218376,20,,True
712,14,45,210,4.154790878171722,5.721021463722074,4.154790878171722,573.4480088576674,20,,True
713,14,45,225,5.540339901049932,6.373090808684313,5.540339901049932,573.1999189592898,20,,True
714,14,60,30,10.574428091446558,15.018691269094752,10.574428091446558,570.1630390249193,20,,True
715,14,60,45,14.396701648831367,20.51707686208707,14.396701648831367,569.8441499844193,20,,True
716,14,60,60,7.782588039835294,13.96667121293879,7.782588039835294,571.553269866854,20,,True
717,14,60,75,6.575909925500552,11.371640882116775,6.575909925500552,571.8713188543916,20,,True
718,14,60,90,6.526369978984197,9.019559838484495,6.526369978984197,571.551539003849,20,,True
719,14,60,105,2.0904540101687115,2.6150722729017315,2.0904540101687115,571.964249946177,20,,True
720,14,60,120,1.676924987634023,2.1873874152370014,1.676924987634023,570.9475199691951,20,,True
721,14,60,135,1.6784037113189698,2.1187407905306324,1.6784037113189698,571.7582888901234,20,,True
722,14,60,150,1.6827610890070597,2.132155514415828,1.6827610890070597,570.7718096673489,20,,True
723,14,60,165,2.73651385307312,4.626787093009857,2.73651385307312,571.3475900702178,20,,True
724,14,60,180,4.646867740154266,6.808006780192011,4.646867740154266,572.4033899605274,20,,True
725,14,60,195,3.8211333950360618,4.798256384372159,3.8211333950360618,572.4130300804973,20,,True
726,14,60,210,2.201654084523519,3.27977203827519,2.201654084523519,572.1157002262771,20,,True
727,14,60,225,3.558185770114263,5.009281430821396,3.558185770114263,566.5163397789001,20,,True
728,14,26,30,38.86113095780214,60.103086490320045,38.86113095780214,564.3014810048044,20,,True
729,14,26,45,11.329961542785167,13.952823074841142,11.329961542785167,571.1610200814903,20,,True
730,14,26,60,12.284759947285057,17.456597693692856,12.284759947285057,572.387320920825,20,,True
731,14,26,75,9.15430313544348,15.029083436303202,9.15430313544348,568.6997906304896,20,,True
732,14,26,90,10.17904941936334,13.809097671020702,10.17904941936334,564.0152608975768,20,,True
733,14,26,105,5.934351707416742,8.66661975091449,5.934351707416742,569.6148709394038,20,,True
734,14,26,120,5.746200510809043,7.585659263268299,5.746200510809043,572.7646611630917,20,,True
735,14,26,135,1.1234686521192392,1.511215610089864,1.1234686521192392,571.9992010854185,20,,True
736,14,26,150,2.8210622128356286,5.727470143707886,2.8210622128356286,573.4961708076298,20,,True
737,14,26,165,14.605557569861412,23.642569054051997,14.605557569861412,573.4232710674405,20,,True
738,14,26,180,2.470533922314644,3.0926280093981853,2.470533922314644,576.2623809278011,20,,True
739,14,26,195,4.767503339548906,5.715483520362281,4.767503339548906,572.970240842551,20,,True
740,14,26,210,5.319174415556093,8.042657655636644,5.319174415556093,572.1028209663928,20,,True
741,14,26,225,7.238912305111686,8.93794463306844,7.238912305111686,571.9252009876072,20,,True
742,14,21,30,6.0377349078655245,8.987047998554239,6.0377349078655245,569.777141790837,20,,True
743,14,21,45,4.681707175138096,7.368049033359634,4.681707175138096,563.5222312994301,20,,True
744,14,21,60,9.055595970153808,13.580126498196364,9.055595970153808,567.0285820960999,20,,True
745,14,21,75,13.566082855065664,23.29344172179808,13.566082855065664,567.5523220561445,20,,True
746,14,21,90,15.790976699938376,22.600209271918903,15.790976699938376,563.4078718721867,20,,True
747,14,21,105,3.6649805823961894,4.764854653454023,3.6649805823961894,569.9306321330369,20,,True
748,14,21,120,1.8586276883414636,2.2777937490389277,1.8586276883414636,564.5133117213845,20,,True
749,14,21,135,1.7400086763159683,2.1667814033704285,1.7400086763159683,566.0955319181085,20,,True
750,14,21,150,1.5081291675567627,1.836693860867665,1.5081291675567627,570.921482052654,20,,True
751,14,21,165,2.5305876592795054,4.15241798482192,2.5305876592795054,562.843463383615,20,,True
752,14,21,180,2.624208517372608,4.0936139383925,2.624208517372608,566.6088219732046,20,,True
753,14,21,195,4.09826435248057,5.77457364481437,4.09826435248057,572.242661844939,20,,True
754,14,21,210,3.28821339905262,4.1825024598117455,3.28821339905262,573.029822204262,20,,True
755,14,21,225,1.7100105464458466,2.2092124567884865,1.7100105464458466,571.9738127663732,20,,True
756,14,44,30,18.665010325113933,24.941171924155224,18.665010325113933,571.5200020931661,20,,True
757,14,44,45,3.862230835358302,5.972518068729719,3.862230835358302,572.0534822903574,20,,True
758,14,44,60,8.393823633591333,13.129018835011102,8.393823633591333,572.6553029380739,20,,True
759,14,44,75,8.196500813961029,13.434316751830261,8.196500813961029,572.4158426746726,20,,True
760,14,44,90,5.956370772918065,10.286412980284434,5.956370772918065,570.8812233060598,20,,True
761,14,44,105,6.274000124633313,9.28994505120081,6.274000124633313,571.2750228121877,20,,True
762,14,44,120,7.068221564094226,9.491119239593765,7.068221564094226,572.0497630536556,20,,True
763,14,44,135,11.059338053315878,19.5150892514394,11.059338053315878,567.4298531375825,20,,True
764,14,44,150,15.701804242531459,27.6420542941825,15.701804242531459,562.1157442219555,20,,True
765,14,44,165,7.816245818138123,12.760188162852627,7.816245818138123,568.4573729522526,20,,True
766,14,44,180,9.06333048629264,12.245153913947126,9.06333048629264,573.0337630957365,20,,True
767,14,44,195,9.745377050961057,15.06330316081131,9.745377050961057,571.3453032076359,20,,True
768,14,44,210,6.435560352106889,9.063686409958871,6.435560352106889,571.3363639079034,20,,True
769,14,44,225,10.650718742609024,12.223743076525281,10.650718742609024,571.5075829066336,20,,True
770,14,23,30,24.80174153596163,43.76874886568855,24.80174153596163,569.5006442256272,20,,True
771,14,23,45,38.12432210768262,64.70926596429491,38.12432210768262,570.2053541317582,20,,True
772,14,23,60,59.905542364219826,97.49096796396609,59.905542364219826,571.7091136611998,20,,True
773,14,23,75,9.048010158538819,14.969381757110124,9.048010158538819,571.2945843115449,20,,True
774,14,23,90,10.162497846285502,16.338545447544377,10.162497846285502,571.0573042742908,20,,True
775,14,23,105,20.427381512646875,32.93698015852895,20.427381512646875,571.1201736703515,20,,True
776,14,23,120,52.61639508207639,84.60669253258936,52.61639508207639,571.4432541280985,20,,True
777,14,23,135,53.686549033721285,85.12331220811572,53.686549033721285,570.2833039686084,20,,True
778,14,23,150,35.37355284541845,48.968142338951125,35.37355284541845,565.7154740765691,20,,True
779,14,23,165,11.222187493741512,12.644190815236929,11.222187493741512,564.5936341024935,20,,True
780,14,23,180,12.06432743370533,22.52806224105523,12.06432743370533,570.9690740332007,20,,True
781,14,23,195,35.84700070930024,55.19555477292448,35.84700070930024,567.2272839583457,20,,True
782,14,23,210,47.184640840006374,76.6590893342841,47.184640840006374,563.8792151585221,20,,True
783,14,23,225,28.305447097929815,41.57678118164989,28.305447097929815,569.367584772408,20,,True
784,14,53,30,14.007154909769694,21.568739460201556,14.007154909769694,569.1679338924587,20,,True
785,14,53,45,12.412601725260417,16.144886093854083,12.412601725260417,562.6920750364661,20,,True
786,14,53,60,26.29753518452247,31.833924055170392,26.29753518452247,567.2679347917438,20,,True
787,14,53,75,18.01823745518923,26.36955567825303,18.01823745518923,570.7757649943233,20,,True
788,14,53,90,15.256865578889848,22.792755738999176,15.256865578889848,566.6833249852061,20,,True
789,14,53,105,2.1211008548736574,2.4307782356261147,2.1211008548736574,561.9965149089694,20,,True
790,14,53,120,3.8971678613995513,5.100571176807317,3.8971678613995513,568.7096458859742,20,,True
791,14,53,135,1.9623080832883715,2.2029388764862,1.9623080832883715,567.3573850654066,20,,True
792,14,53,150,1.2582648386557898,1.6517724499449116,1.2582648386557898,561.7765849456191,20,,True
793,14,53,165,1.1540725886821748,1.5715579983046555,1.1540725886821748,567.5442260690033,20,,True
794,14,53,180,2.0678275565306348,2.974824081675385,2.0678275565306348,571.1112949065864,20,,True
795,14,53,195,10.803560777505238,14.43531357563493,10.803560777505238,571.0212858393788,20,,True
796,14,53,210,12.376858304440976,15.071212899371464,12.376858304440976,572.5652952678502,20,,True
797,14,53,225,12.075799082888988,14.550415134988723,12.075799082888988,571.8162548728287,20,,True
798,14,84,30,2.5043597261110944,3.5864313576856146,2.5043597261110944,572.6724257692695,20,,True
799,14,84,45,2.8414275705814362,4.0064687005287185,2.8414275705814362,568.8037262298167,20,,True
800,14,84,60,2.5395412743091583,3.650041319877196,2.5395412743091583,562.9865359514952,20,,True
801,14,84,75,2.4508943279584248,3.671283429012831,2.4508943279584248,567.7459058351815,20,,True
802,14,84,90,1.7375626236200332,2.1662763557925584,1.7375626236200332,572.4292062222958,20,,True
803,14,84,105,1.5528249382972716,1.951360638956098,1.5528249382972716,568.1706871837378,20,,True
804,14,84,120,2.1602261583010356,2.98766014165661,2.1602261583010356,562.8265864215791,20,,True
805,14,84,135,2.011834724744161,2.823443962606913,2.011834724744161,567.4437372945249,20,,True
806,14,84,150,1.974834648768107,2.8553790839511577,1.974834648768107,572.4083660170436,20,,True
807,14,84,165,2.1112493773301444,2.9487364024918423,2.1112493773301444,570.7491957582533,20,,True
808,14,84,180,4.881447726984819,5.826675277741091,4.881447726984819,571.0929157212377,20,,True
809,14,84,195,7.2160525520642596,10.459073476260935,7.2160525520642596,572.4214962683618,20,,True
810,14,84,210,16.848500016331673,26.520204315546636,16.848500016331673,571.9942767173052,20,,True
811,14,84,225,16.268217085798582,20.457742819943167,16.268217085798582,572.5209056399763,20,,True
812,14,59,30,32.00274163981279,44.66430623211994,32.00274163981279,572.3432670347393,20,,True
813,14,59,45,20.137303581212958,24.73208851000742,20.137303581212958,571.1655667982996,20,,True
814,14,59,60,5.358528256416321,7.958136825420284,5.358528256416321,571.7384372837842,20,,True
815,14,59,75,5.55759670784076,8.007997520479039,5.55759670784076,571.9826072454453,20,,True
816,14,59,90,2.7650728339950246,3.186351137588793,2.7650728339950246,571.2258270941675,20,,True
817,14,59,105,4.526821626971166,6.516373349539556,4.526821626971166,568.7513966113329,20,,True
818,14,59,120,10.481269550323486,13.49245945972222,10.481269550323486,562.8761067055166,20,,True
819,14,59,135,7.321714074412982,8.899604112779432,7.321714074412982,567.4583967775106,20,,True
820,14,59,150,6.844302655259768,11.13308231689301,6.844302655259768,572.0448470674455,20,,True
821,14,59,165,11.092352936168512,17.1671590181624,11.092352936168512,572.738176677376,20,,True
822,14,59,180,5.537039255102475,7.272753093144658,5.537039255102475,571.2275570258498,20,,True
823,14,59,195,9.716616566975912,11.638052482808968,9.716616566975912,571.18956791237,20,,True
824,14,59,210,8.824886723856132,10.0841308608558,8.824886723856132,572.3558869212866,20,,True
825,14,59,225,11.425081466635069,13.39022635004701,11.425081466635069,571.2403771467507,20,,True
826,14,49,30,18.469559533149003,25.571391858076755,18.469559533149003,572.9832970537245,20,,True
827,14,49,45,11.320943992336591,13.399915697229357,11.320943992336591,571.4460168965161,20,,True
828,14,49,60,7.642452488342921,9.201024729467484,7.642452488342921,571.8094478361309,20,,True
829,14,49,75,8.326124787330627,11.247682587887049,8.326124787330627,572.3124677315354,20,,True
830,14,49,90,8.269337464372317,10.860341484340909,8.269337464372317,571.7903580516577,20,,True
831,14,49,105,8.994707029064497,10.714900529657719,8.994707029064497,572.9637579061091,20,,True
832,14,49,120,3.4260261228191666,4.131412479652507,3.4260261228191666,571.9696991145611,20,,True
833,14,49,135,6.447745643556118,7.334910785294163,6.447745643556118,571.0257375612855,20,,True
834,14,49,150,2.2971152856945993,2.6522117854253096,2.2971152856945993,572.840548120439,20,,True
835,14,49,165,2.108657463391622,2.751470667766435,2.108657463391622,571.5711177326739,20,,True
836,14,49,180,3.746948951857242,5.102702511303506,3.746948951857242,563.7742690742016,20,,True
837,14,49,195,8.196332367135135,10.4263120672135,8.196332367135135,566.6191577911377,20,,True
838,14,49,210,14.434900748729707,15.615642068509421,14.434900748729707,573.2815093360841,20,,True
839,14,49,225,5.505111487706502,5.790358755128834,5.505111487706502,572.1682282164693,20,,True
840,14,7,30,7.960647388299306,10.722628026609591,7.960647388299306,571.4198090136051,20,,True
841,14,7,45,6.959673929214477,10.630218550581816,6.959673929214477,571.5759582817554,20,,True
842,14,7,60,11.68102476397374,18.000241435354035,11.68102476397374,571.0772592574358,20,,True
843,14,7,75,19.440736444915334,26.203035890730924,19.440736444915334,570.8595388568938,20,,True
844,14,7,90,15.821488314494491,23.686830649952597,15.821488314494491,572.1562588587403,20,,True
845,14,7,105,6.042890565097332,8.828049819451623,6.042890565097332,572.8005189448595,20,,True
846,14,7,120,7.92991883357366,8.860022747950897,7.92991883357366,574.0004791878164,20,,True
847,14,7,135,3.9059146543343863,5.347963777284803,3.9059146543343863,572.4263689480722,20,,True
848,14,7,150,6.836056940257549,8.769839336641482,6.836056940257549,571.9529292546213,20,,True
849,14,7,165,11.514536853631338,13.576565476757077,11.514536853631338,572.8707490488887,20,,True
850,14,7,180,2.469996162255605,2.7717916694796303,2.469996162255605,572.7089890278876,20,,True
851,14,7,195,10.868317672237755,16.397367570897778,10.868317672237755,573.9845689386129,20,,True
852,14,7,210,9.731365117927393,12.140035271510367,9.731365117927393,569.431409239769,20,,True
853,14,7,225,13.273459353049596,16.870569516061465,13.273459353049596,563.5848799720407,20,,True
854,14,47,30,5.001469612121582,5.779140759000079,5.001469612121582,567.6796999759972,20,,True
855,14,47,45,5.214275169372558,5.780496651867001,5.214275169372558,570.7221003249288,20,,True
856,14,47,60,5.318038527170817,5.980444311727326,5.318038527170817,562.9419600591063,20,,True
857,14,47,75,5.459934679667155,6.125908383907344,5.459934679667155,566.100771073252,20,,True
858,14,47,90,5.49418109258016,6.071939537700323,5.49418109258016,574.5282201096416,20,,True
859,14,47,105,5.301027997334798,5.896541527912326,5.301027997334798,571.8551999889314,20,,True
860,14,47,120,5.425077978769938,6.053581391612235,5.425077978769938,572.6836700923741,20,,True
861,14,47,135,5.4279405275980634,6.0706216697109046,5.4279405275980634,571.7528602108359,20,,True
862,14,47,150,5.400253963470459,5.985456669219395,5.400253963470459,571.3302600197494,20,,True
863,14,47,165,8.842862864335379,12.15868521368405,8.842862864335379,572.0882597379386,20,,True
864,14,47,180,9.412163663903872,11.804636326920471,9.412163663903872,572.175629902631,20,,True
865,14,47,195,10.008584820230801,12.618997707725427,10.008584820230801,573.5621196217835,20,,True
866,14,47,210,16.179612517356873,17.825437753029366,16.179612517356873,573.2757500372827,20,,True
867,14,47,225,6.134955294926962,6.874308060301692,6.134955294926962,572.5557510741055,20,,True
868,14,30,30,3.078256932894389,4.344045561464957,3.078256932894389,570.596459787339,20,,True
869,14,30,45,9.127150635917982,12.360899019555934,9.127150635917982,571.2151108309627,20,,True
870,14,30,60,13.34206879635652,15.145503150020932,13.34206879635652,570.4849408939481,20,,True
871,14,30,75,3.8483793541789053,5.256363267657659,3.8483793541789053,567.6942514255643,20,,True
872,14,30,90,3.522971510825058,5.1388641868532,3.522971510825058,561.7646109312773,20,,True
873,14,30,105,2.09498208394895,2.554443333399014,2.09498208394895,565.3601409867406,20,,True
874,14,30,120,1.9512388871361812,2.4678866538403605,1.9512388871361812,570.2241607941687,20,,True
875,14,30,135,3.5974859879662593,5.659560180563778,3.5974859879662593,571.5799708850682,20,,True
876,14,30,150,1.4313125312328339,2.4246218435265874,1.4313125312328339,597.0245101489127,20,,True
877,14,30,165,1.5205267687638602,2.215795558602234,1.5205267687638602,577.3007008247077,20,,True
878,14,30,180,1.9327674296995003,2.1909448354859147,1.9327674296995003,600.2793302759528,20,,True
879,14,30,195,2.4757066421210765,3.0958282185655723,2.4757066421210765,572.8817908093333,20,,True
880,14,30,210,1.8219323391715685,2.2723418576873655,1.8219323391715685,570.9103909321129,20,,True
881,14,30,225,3.4857725388370455,4.670063607250828,3.4857725388370455,570.4269111156464,20,,True
882,18,83,30,18.23580269018809,27.02285737748977,18.23580269018809,571.1036310531199,20,,True
883,18,83,45,12.55500492254893,17.725682056056268,12.55500492254893,571.6988821513951,20,,True
884,18,83,60,19.51089957691729,27.56763332411117,19.51089957691729,570.3491610474885,20,,True
885,18,83,75,15.857015723362565,22.730935488464805,15.857015723362565,569.7691617533565,20,,True
886,18,83,90,6.477513250801712,9.674111737983534,6.477513250801712,569.7709918022156,20,,True
887,18,83,105,11.261474165227265,13.317391791326273,11.261474165227265,570.4623819328845,20,,True
888,18,83,120,28.887628921788806,50.467672907132005,28.887628921788806,570.9988712333143,20,,True
889,18,83,135,31.252374558647475,57.80838263360067,31.252374558647475,568.8370219431818,20,,True
890,18,83,150,30.12976787313819,39.329758493317755,30.12976787313819,561.9424227625132,20,,True
891,18,83,165,14.713307102521261,20.130469845916682,14.713307102521261,565.7740621827543,20,,True
892,18,83,180,12.604180642589927,15.857862849100982,12.604180642589927,570.9940819069743,20,,True
893,18,83,195,14.18911999327441,19.351023647940085,14.18911999327441,566.8453029356897,20,,True
894,18,15,30,8.943578293422858,12.85726677572619,8.943578293422858,562.060282099992,20,,True
895,18,15,45,8.100949951012929,11.806481601991754,8.100949951012929,568.7470631673932,20,,True
896,18,15,60,9.852730071948221,16.366904274189956,9.852730071948221,570.5316020175815,20,,True
897,18,15,75,9.178469561133534,13.219513902983039,9.178469561133534,570.8408430218697,20,,True
898,18,15,90,3.5980501691500346,4.10858368768753,3.5980501691500346,571.0605522617698,20,,True
899,18,15,105,3.4766445233913448,4.642337452151506,3.4766445233913448,570.9606627933681,20,,True
900,18,15,120,5.812070862452189,8.13137492863676,5.812070862452189,571.3070421479642,20,,True
901,18,15,135,6.9145196902255215,8.060728355513408,6.9145196902255215,570.4092723317444,20,,True
902,18,15,150,3.0383486735324063,4.206898642236648,3.0383486735324063,570.991552900523,20,,True
903,18,15,165,5.946072953939438,7.468278702637783,5.946072953939438,569.8723332025111,20,,True
904,18,3,30,20.049228691061337,26.46950720573992,20.049228691061337,570.9262229502201,20,,True
905,18,3,45,52.262746000289916,74.36904253018064,52.262746000289916,567.7830129861832,20,,True
906,18,3,60,36.95066978434722,63.473845082917556,36.95066978434722,561.8154439143836,20,,True
907,18,3,75,62.62902647654216,89.36573691302138,62.62902647654216,565.3775040991604,20,,True
908,18,3,90,59.65830443700155,79.98623906038253,59.65830443700155,562.0814627036452,20,,True
909,18,3,105,19.2556742866834,24.31063479421088,19.2556742866834,565.7237539999187,20,,True
910,18,3,120,35.146049811442694,39.05069577968791,35.146049811442694,570.4815131612122,20,,True
911,18,3,135,15.295033739258846,21.60040762388671,15.295033739258846,570.873374119401,20,,True
912,18,3,150,10.560215318202973,12.48280811956092,10.560215318202973,571.064013056457,20,,True
913,18,3,165,6.810975869496663,10.640593592168349,6.810975869496663,567.0365742407739,20,,True
914,18,35,30,18.095048322776954,27.057842823334557,18.095048322776954,562.5928230583668,20,,True
915,18,35,45,24.951413117845853,32.445346966799534,24.951413117845853,568.7676128000021,20,,True
916,18,35,60,8.432505840808153,9.587146169068962,8.432505840808153,570.1448540203273,20,,True
917,18,35,75,5.747804479840367,6.255930611621507,5.747804479840367,571.6096139512956,20,,True
918,18,35,90,4.223833075755587,5.542728479453684,4.223833075755587,570.9328940138221,20,,True
919,18,35,105,4.577342076242591,5.830944212147423,4.577342076242591,571.6671026311815,20,,True
920,18,35,120,7.984662156226113,16.668767071324496,7.984662156226113,571.2933838367462,20,,True
921,18,35,135,28.707725145419438,38.71989320326421,28.707725145419438,571.189584210515,20,,True
922,18,35,150,51.6830110480388,70.63341156573323,51.6830110480388,570.8350539207458,20,,True
923,18,35,165,49.96675439899166,64.98848650829822,49.96675439899166,571.3775539770722,20,,True
924,18,35,180,7.860258337606987,9.164126689402947,7.860258337606987,570.9969336166978,20,,True
925,18,35,195,3.5194065580765406,4.284597218554657,3.5194065580765406,570.0856242328882,20,,True
926,18,35,210,3.348069022099177,5.0642680077897495,3.348069022099177,562.5341348350048,20,,True
927,18,35,225,17.648603451251983,29.244682274231145,17.648603451251983,564.8130248300731,20,,True
928,18,48,30,18.891919193665185,22.928628251434247,18.891919193665185,571.1697144433856,20,,True
929,18,48,45,47.707903280109164,67.7655288963337,47.707903280109164,571.2822750210762,20,,True
930,18,48,60,26.332240424553554,31.942419241641296,26.332240424553554,572.0440051518381,20,,True
931,18,48,75,35.06282358641426,51.3910870741267,35.06282358641426,571.535674855113,20,,True
932,18,48,90,9.913464153309663,13.099198319354134,9.913464153309663,570.8894347772002,20,,True
933,18,48,105,7.799435122807821,8.192512532039116,7.799435122807821,571.7428550124168,20,,True
934,18,48,120,5.239559602240721,7.780583814691666,5.239559602240721,572.0213139429688,20,,True
935,18,48,135,6.675850823521614,10.325534397961244,6.675850823521614,570.9298648871481,20,,True
936,18,48,150,4.9710805733998615,5.962729144066407,4.9710805733998615,571.5721361339092,20,,True
937,18,48,165,7.023024115463098,8.683881874101088,7.023024115463098,571.4560556225479,20,,True
938,18,48,180,5.929189761976401,9.35673885683675,5.929189761976401,570.9556248039007,20,,True
939,18,48,195,8.71594287181894,11.054464017900573,8.71594287181894,572.7642350830138,20,,True
940,18,48,210,3.8301267584164935,5.3618150725687554,3.8301267584164935,571.6335950419307,20,,True
941,18,48,225,9.868662631511688,14.221219366538925,9.868662631511688,571.7325857840478,20,,True
942,18,22,30,7.113614809761445,10.244787708814837,7.113614809761445,572.0735751092434,20,,True
943,18,22,45,8.823957219719887,18.55545067593508,8.823957219719887,564.2637750133872,20,,True
944,18,22,60,10.982824703554313,17.810662363610906,10.982824703554313,563.5135960765183,20,,True
945,18,22,75,12.245794190466404,16.63486318448461,12.245794190466404,572.0001361332834,20,,True
946,18,22,90,2.8842364927132924,3.4621361739563583,2.8842364927132924,571.4999348856509,20,,True
947,18,22,105,2.4983197450637817,3.142633388825211,2.4983197450637817,571.5175662189722,20,,True
948,18,22,120,2.534792544444402,3.1670592686907852,2.534792544444402,571.5434961020947,20,,True
949,18,22,135,1.474436914920807,2.3172958146877356,1.474436914920807,570.975145790726,20,,True
950,18,22,150,3.5282208246644586,6.067126477698394,3.5282208246644586,571.6651258990169,20,,True
951,18,22,165,2.8930803312609594,3.627245770790494,2.8930803312609594,571.9559662975371,20,,True
952,18,55,30,9.457796055078507,19.55589960990717,9.457796055078507,572.6706758141518,20,,True
953,18,55,45,28.66054309854905,46.6803905691943,28.66054309854905,572.817905806005,20,,True
954,18,55,60,38.568290707965694,55.403393935035155,38.568290707965694,571.0319657810032,20,,True
955,18,55,75,5.378917582829794,7.298355289002849,5.378917582829794,571.7240059748292,20,,True
956,18,55,90,13.252418049176534,16.675845195815793,13.252418049176534,572.1860560588539,20,,True
957,18,55,105,20.680880499382813,24.24018184769562,20.680880499382813,570.9448857232928,20,,True
958,18,55,120,16.283731083075207,21.97204514409125,16.283731083075207,563.1670169532299,20,,True
959,18,55,135,9.725302984565497,10.568342079867216,9.725302984565497,569.0828757360578,20,,True
960,18,55,150,6.909570561101039,8.372612475930312,6.909570561101039,571.961356792599,20,,True
961,18,55,165,3.8340440437197687,5.456299033653639,3.8340440437197687,563.7136367149651,20,,True
962,18,4,30,14.481068416436512,18.75474263544469,14.481068416436512,564.7413972765207,20,,True
963,18,4,45,10.218058297798658,11.195872199583343,10.218058297798658,574.0264467895031,20,,True
964,18,4,60,1.6505463828643163,2.006349326671951,1.6505463828643163,571.7573668807745,20,,True
965,18,4,75,1.4374367316563925,1.8491934476677003,1.4374367316563925,571.8677071854472,20,,True
966,18,4,90,12.068382722139358,16.69292887409007,12.068382722139358,570.7416855730116,20,,True
967,18,4,105,6.057294267167648,8.04602163176713,6.057294267167648,572.1113071776927,20,,True
968,18,4,120,3.4032960874338944,3.9399502888389137,3.4032960874338944,571.5534673072398,20,,True
969,18,4,135,5.549315488152206,5.976275652230121,5.549315488152206,571.2435469031334,20,,True
970,18,4,150,3.412539884634316,4.605303719921826,3.412539884634316,572.243366856128,20,,True
971,18,4,165,4.019336822628975,5.442030648973484,4.019336822628975,572.3484167829156,20,,True
972,18,4,180,4.735310105482737,5.555308760311199,4.735310105482737,570.8884969353676,20,,True
973,18,45,30,17.792427488664785,27.22802044214066,17.792427488664785,570.7088969647884,20,,True
974,18,45,45,13.33802388906479,20.497684451664654,13.33802388906479,571.2979570962489,20,,True
975,18,45,60,27.197656059265135,35.47975887887343,27.197656059265135,570.3775780275464,20,,True
976,18,45,75,16.33377034465472,19.18078399353055,16.33377034465472,570.8752968348563,20,,True
977,18,45,90,16.412540800869465,23.848586742743784,16.412540800869465,571.6180680319667,20,,True
978,18,45,105,7.934204975919177,13.011114647035445,7.934204975919177,571.2821469642222,20,,True
979,18,45,120,3.012404430905978,3.9509637390632473,3.012404430905978,572.8248567320406,20,,True
980,18,45,135,2.9867704808712006,3.21794472101397,2.9867704808712006,563.5236478410661,20,,True
981,18,45,150,2.8761492262283963,3.2296046703001156,2.8761492262283963,561.3740179687738,20,,True
982,18,45,165,4.441726167996724,6.813043784702012,4.441726167996724,570.2281380072236,20,,True
983,18,60,30,4.682799616456032,6.242956722284266,4.682799616456032,570.4920780844986,20,,True
984,18,60,45,1.2172096858421961,1.4635242889667495,1.2172096858421961,569.7686769999564,20,,True
985,18,60,60,2.016040346523126,2.399964725102292,2.016040346523126,569.5034880191088,20,,True
986,18,60,75,9.236408576369286,17.651921220835945,9.236408576369286,569.5805982686579,20,,True
987,18,60,90,14.414010933786631,22.695033081262803,14.414010933786631,569.9840681627393,20,,True
988,18,60,105,27.006341772394567,44.119166344485116,27.006341772394567,570.3917583450675,20,,True
989,18,60,120,6.854188582797845,9.571739003969846,6.854188582797845,569.9067981913686,20,,True
990,18,60,135,3.563123627503713,5.024239178407729,3.563123627503713,570.8087091334164,20,,True
991,18,60,150,1.3770950039227803,1.6226801799667985,1.3770950039227803,571.7066079378128,20,,True
992,18,60,165,5.6366849465916555,8.268549538749447,5.6366849465916555,571.518998593092,20,,True
993,18,26,30,24.79244300723076,34.80257053011338,24.79244300723076,570.5490289255977,20,,True
994,18,26,45,44.59586002578338,68.86130120175346,44.59586002578338,571.6062476858497,20,,True
995,18,26,60,42.930468901991844,71.38574651763945,42.930468901991844,570.862827822566,20,,True
996,18,26,75,48.57383868296941,77.63087189362817,48.57383868296941,561.7689993232489,20,,True
997,18,26,90,21.954214131707946,33.81012644580461,21.954214131707946,563.509279396385,20,,True
998,18,26,105,6.467585084338983,8.779826132171825,6.467585084338983,569.2207389511168,20,,True
999,18,26,120,13.329635660536587,19.24137805323263,13.329635660536587,564.9871989153326,20,,True
1000,18,26,135,12.540899645288786,18.421549555101862,12.540899645288786,564.9720882065594,20,,True
1001,18,26,150,21.645265172918638,27.37205328851893,21.645265172918638,573.3047490939498,20,,True
1002,18,26,165,11.99952918862303,18.229884994660967,11.99952918862303,571.3009778410196,20,,True
1003,18,21,30,7.336825173596541,13.150437665346082,7.336825173596541,570.4054487869143,20,,True
1004,18,21,45,12.511266222099463,21.55629197024433,12.511266222099463,570.0588789768517,20,,True
1005,18,21,60,10.06276737054189,13.858894196111052,10.06276737054189,570.8118686452508,20,,True
1006,18,21,75,7.869342762231827,10.05053535256046,7.869342762231827,571.2236687541008,20,,True
1007,18,21,90,20.934193445183336,29.30810276781933,20.934193445183336,570.7063199952245,20,,True
1008,18,21,105,25.293390007317065,38.99460836853357,25.293390007317065,570.7233101129532,20,,True
1009,18,21,120,5.354689107338587,7.563595584933969,5.354689107338587,571.7285592108965,20,,True
1010,18,21,135,3.0109488440677525,4.604803096945826,3.0109488440677525,564.8027402348816,20,,True
1011,18,21,150,7.141238601505757,11.509734704406132,7.141238601505757,561.7913999594748,20,,True
1012,18,21,165,9.615247389177481,12.028759597637585,9.615247389177481,569.6361688897014,20,,True
1013,18,44,30,12.99879588286082,16.72604200786111,12.99879588286082,569.3028597161174,20,,True
1014,18,44,45,4.231752665837606,4.93826876453957,4.231752665837606,563.3705700747669,20,,True
1015,18,44,60,2.2983167012532553,2.51870722323316,2.2983167012532553,566.7883898131549,20,,True
1016,18,44,75,13.390237032373745,20.816236499824804,13.390237032373745,567.0679197646677,20,,True
1017,18,44,90,14.7136536763981,23.254584272692863,14.7136536763981,562.4152701348066,20,,True
1018,18,44,105,15.795261994811396,22.29525034327244,15.795261994811396,569.1176699474454,20,,True
1019,18,44,120,11.653221509854,14.927792954682305,11.653221509854,574.7309410944581,20,,True
1020,18,44,135,11.137838093439738,12.786484404998221,11.137838093439738,572.1169710159302,20,,True
1021,18,44,150,10.884107635418575,18.466441514668702,10.884107635418575,572.0532899722457,20,,True
1022,18,44,165,12.553766369819641,17.191325214473913,12.553766369819641,572.8716300800443,20,,True
1023,18,44,180,5.141937892511487,5.923514329422408,5.141937892511487,573.1748002581298,20,,True
1024,18,44,195,6.175451760614911,9.16855365208446,6.175451760614911,572.3765199072659,20,,True
1025,18,44,210,5.4228175378094114,6.801095080237373,5.4228175378094114,572.8598707355559,20,,True
1026,18,44,225,9.148526032765707,10.72788803945181,9.148526032765707,572.6979300379753,20,,True
1027,18,23,30,16.617438621322314,23.770133431148174,16.617438621322314,573.2588702812791,20,,True
1028,18,23,45,13.31737241744995,22.63849704231186,13.31737241744995,571.5066911652684,20,,True
1029,18,23,60,14.090849561989307,20.015356813697345,14.090849561989307,572.5766601972282,20,,True
1030,18,23,75,29.66182374159495,44.11857625960635,29.66182374159495,572.5409211590886,20,,True
1031,18,23,90,14.943599567810695,18.653212149131235,14.943599567810695,572.5887906737626,20,,True
1032,18,23,105,17.284907034536204,24.236000843378825,17.284907034536204,572.3187909461558,20,,True
1033,18,23,120,13.006551510095596,16.28551194135559,13.006551510095596,571.4529803954065,20,,True
1034,18,23,135,17.755298225798956,25.92367184138136,17.755298225798956,564.3282611854374,20,,True
1035,18,23,150,22.163366817310454,32.81517937708346,22.163366817310454,561.8478511460125,20,,True
1036,18,23,165,23.330902400612832,32.62574049056938,23.330902400612832,570.0888908468187,20,,True
1037,18,53,30,45.52178363576532,61.470306883453546,45.52178363576532,572.2136413678527,20,,True
1038,18,53,45,42.14167022742331,57.91839931266674,42.14167022742331,571.6507309116423,20,,True
1039,18,53,60,43.5065475491186,71.58231650343001,43.5065475491186,572.5899511016905,20,,True
1040,18,53,75,24.44171889623006,40.75809666928454,24.44171889623006,570.9019107744098,20,,True
1041,18,53,90,30.777801728248598,51.23052536847284,30.777801728248598,572.3991109989583,20,,True
1042,18,53,105,11.577350755532583,17.444939987171434,11.577350755532583,571.2016806937754,20,,True
1043,18,53,120,14.949264216423035,23.950429182344255,14.949264216423035,571.7070219106972,20,,True
1044,18,53,135,10.10632290840149,12.344920190620222,10.10632290840149,572.2134308889508,20,,True
1045,18,53,150,15.672908838993559,27.905655418303493,15.672908838993559,570.5875409767032,20,,True
1046,18,53,165,29.193998233384143,46.056115771557806,29.193998233384143,570.697512011975,20,,True
1047,18,84,30,46.85072577893734,57.98838398885264,46.85072577893734,570.4997112043202,20,,True
1048,18,84,45,40.00645211413503,59.199500474215206,40.00645211413503,571.1029511876404,20,,True
1049,18,84,60,23.88871151904265,31.633589240737958,23.88871151904265,563.3627916686237,20,,True
1050,18,84,75,23.969670049256333,28.359454595270712,23.969670049256333,562.7563023008406,20,,True
1051,18,84,90,7.571041798591613,9.116303614388366,7.571041798591613,570.379342418164,20,,True
1052,18,84,105,7.614081068833669,10.578969038789065,7.614081068833669,565.2442420832813,20,,True
1053,18,84,120,8.52378682134052,9.809128547982805,8.52378682134052,561.8553720414639,20,,True
1054,18,84,135,4.229691919746498,5.882361217367418,4.229691919746498,569.2336219362915,20,,True
1055,18,84,150,6.498542904170851,7.470266430573197,6.498542904170851,571.0505922324955,20,,True
1056,18,84,165,7.826144584516684,8.321772039241157,7.826144584516684,570.2812923118472,20,,True
1057,18,59,30,20.75876580675443,29.546602052695683,20.75876580675443,571.0198022425175,20,,True
1058,18,59,45,9.552391857405503,14.108301038329051,9.552391857405503,572.1997315995395,20,,True
1059,18,59,60,9.531939176718394,12.634643959683947,9.531939176718394,571.5561821125448,20,,True
1060,18,59,75,11.743510715166728,15.364776140933284,11.743510715166728,571.7391418293118,20,,True
1061,18,59,90,14.918424956003825,17.953855524595,14.918424956003825,571.0098817944527,20,,True
1062,18,59,105,8.794759740307928,12.344228390264407,8.794759740307928,572.305872105062,20,,True
1063,18,59,120,16.819543177013596,23.8477036886153,16.819543177013596,568.3272127062082,20,,True
1064,18,59,135,2.2942974110444387,2.995201109620241,2.2942974110444387,562.9198122769594,20,,True
1065,18,59,150,5.680353109538555,8.075870841459782,5.680353109538555,570.0847329571843,20,,True
1066,18,59,165,8.113834245999653,9.890173608315507,8.113834245999653,563.8474426232278,20,,True
1067,18,49,30,32.4538410594066,45.33731391121626,32.4538410594066,561.8020431138575,20,,True
1068,18,49,45,48.437444386879605,69.77478929708877,48.437444386879605,570.1155522838235,20,,True
1069,18,49,60,11.941610814879338,13.417646340444115,11.941610814879338,571.4119230397046,20,,True
1070,18,49,75,11.79565338200579,16.770860272158863,11.79565338200579,565.4392931610346,20,,True
1071,18,49,90,16.97687250133604,20.472953156929048,16.97687250133604,561.9921828620136,20,,True
1072,18,49,105,29.32304976681868,48.46730209175211,29.32304976681868,567.9480428807437,20,,True
1073,18,49,120,15.347959593931835,20.470921535558112,15.347959593931835,570.6633827649057,20,,True
1074,18,49,135,14.141682442029317,18.56454938482425,14.141682442029317,570.1418030075729,20,,True
1075,18,49,150,7.724114245176315,10.793274917065078,7.724114245176315,570.6825531087816,20,,True
1076,18,49,165,8.226141526503488,9.899582005597784,8.226141526503488,569.9532842263579,20,,True
1077,18,49,180,16.71968207359314,19.44274623764189,16.71968207359314,570.6908237189054,20,,True
1078,18,49,195,11.067756605148315,14.758187025028251,11.067756605148315,569.4909431040287,20,,True
1079,18,49,210,6.5217175324757894,10.6417719422209,6.5217175324757894,572.0068230293691,20,,True
1080,18,7,30,39.60674028793971,57.41554563099577,39.60674028793971,570.5288639292121,20,,True
1081,18,7,45,4.880251351992289,6.642499726344935,4.880251351992289,569.9070729315281,20,,True
1082,18,7,60,3.3536119725555182,4.550632733852158,3.3536119725555182,569.2397230304778,20,,True
1083,18,7,75,14.30897687797745,25.999904720619508,14.30897687797745,570.0743133202195,20,,True
1084,18,7,90,33.93853291273117,41.858762143265594,33.93853291273117,570.6412740983069,20,,True
1085,18,7,105,27.431339434782664,44.21132112299216,27.431339434782664,570.3649730421603,20,,True
1086,18,7,120,29.710937571090955,43.1763165139663,29.710937571090955,570.411944296211,20,,True
1087,18,7,135,33.29038581053416,44.013300231110705,33.29038581053416,570.3027038834989,20,,True
1088,18,7,150,17.85922926068306,28.37495527204541,17.85922926068306,563.6253640986979,20,,True
1089,18,7,165,16.250047185830773,21.710240120156186,16.250047185830773,563.1197039037943,20,,True
1090,18,47,30,14.662646017068376,21.406017621710426,14.662646017068376,567.7742036059499,20,,True
1091,18,47,45,11.719161159793536,16.513600376447936,11.719161159793536,571.2202838622034,20,,True
1092,18,47,60,10.232259058952332,12.309532177763693,10.232259058952332,570.7101239822805,20,,True
1093,18,47,75,1.0993756612141927,1.6085567347203789,1.0993756612141927,571.2436940521002,20,,True
1094,18,47,90,6.5327298204104105,9.874782476150095,6.5327298204104105,571.6563840396702,20,,True
1095,18,47,105,5.364187479019165,6.818000786604742,5.364187479019165,570.5580236390233,20,,True
1096,18,47,120,1.8864396810531616,2.651309153155705,1.8864396810531616,570.0619341805577,20,,True
1097,18,47,135,4.259151117006938,8.758965412693474,4.259151117006938,570.5836643464863,20,,True
1098,18,47,150,15.745184847712517,22.2826055273442,15.745184847712517,571.2646939791739,20,,True
1099,18,47,165,9.478432814528544,11.944319833715646,9.478432814528544,570.9076039493084,20,,True
1100,18,30,30,14.538690725776057,19.66660596896841,14.538690725776057,570.6832045689225,20,,True
1101,18,30,45,6.004115756352743,7.796041241902108,6.004115756352743,570.9093236364424,20,,True
1102,18,30,60,3.2303335825602213,3.854554635293981,3.2303335825602213,563.234084751457,20,,True
1103,18,30,75,4.115143616994222,4.46551244423621,4.115143616994222,561.6677850484848,20,,True
1104,18,30,90,2.5415555477142333,2.817478798349259,2.5415555477142333,570.3661851584911,20,,True
1105,18,30,105,2.3635626316070555,2.763279388167275,2.3635626316070555,565.9644450061023,20,,True
1106,18,30,120,2.16953337987264,3.199378786953705,2.16953337987264,561.5467447787523,20,,True
1107,18,30,135,4.204973983764648,5.452152982314092,4.204973983764648,566.7768148705363,20,,True
1108,18,30,150,2.899652846654256,3.257015758469825,2.899652846654256,569.5012039504945,20,,True
1109,18,30,165,1.7735461473464966,2.239552029806046,1.7735461473464966,570.4729841090739,20,,True
1110,24,83,30,13.452664211268226,16.190965623258613,13.452664211268226,570.279445964843,20,,True
1111,24,83,45,7.359013588602344,10.326978217254181,7.359013588602344,568.6361440457404,20,,True
1112,24,83,60,3.7029387096563977,4.585216340548802,3.7029387096563977,570.4796640202403,20,,True
1113,24,83,75,8.505549085202317,12.719638560667716,8.505549085202317,571.4973560534418,20,,True
1114,24,83,90,25.732188615451257,51.60684342190012,25.732188615451257,571.1691551841795,20,,True
1115,24,83,105,29.93719543516636,50.36632695339624,29.93719543516636,569.6752350777388,20,,True
1116,24,83,120,6.580599910020828,11.432247089416007,6.580599910020828,561.920024920255,20,,True
1117,24,83,135,8.200843307562172,11.197961012869452,8.200843307562172,564.9214661680162,20,,True
1118,24,83,150,15.477641287492588,24.78554305469983,15.477641287492588,569.4253453984857,20,,True
1119,24,83,165,13.514817773348963,20.54698758122685,13.514817773348963,562.3096060007811,20,,True
1120,24,83,180,6.828542073567708,7.657644704257058,6.828542073567708,565.3277751989663,20,,True
1121,24,83,195,5.999866956224044,8.88392436044179,5.999866956224044,570.3926458954811,20,,True
1122,24,83,210,7.9223529877762,11.183680112140657,7.9223529877762,570.4136146232486,20,,True
1123,24,83,225,6.082031162579854,7.950999115631181,6.082031162579854,571.5564056299627,20,,True
1124,24,15,30,26.5527025423944,41.21123818207592,26.5527025423944,566.1622462794185,20,,True
1125,24,15,45,14.640950489540895,20.897706114111912,14.640950489540895,562.91139498353,20,,True
1126,24,15,60,6.074538127581278,9.039297405113972,6.074538127581278,568.8732150010765,20,,True
1127,24,15,75,11.332988135019939,17.59578289162315,11.332988135019939,572.3938555456698,20,,True
1128,24,15,90,6.351529353857041,8.506077849929063,6.351529353857041,572.0763858407736,20,,True
1129,24,15,105,6.6255049258470535,8.808756454853375,6.6255049258470535,571.8873660080135,20,,True
1130,24,15,120,8.858996816476186,13.333075284248139,8.858996816476186,570.9087760187685,20,,True
1131,24,15,135,2.099934474627177,2.835666548613514,2.099934474627177,570.4378462396562,20,,True
1132,24,15,150,5.045875398317973,6.541131136088751,5.045875398317973,572.1348859369755,20,,True
1133,24,15,165,13.41064944267273,20.207619547562164,13.41064944267273,572.1060163341463,20,,True
1134,24,15,180,3.8048370440800983,5.779706593495473,3.8048370440800983,571.9956960529089,20,,True
1135,24,15,195,14.939652635653813,23.118491838034085,14.939652635653813,571.4548570103943,20,,True
1136,24,15,210,8.398531274000804,13.247445984258492,8.398531274000804,571.2401061318815,20,,True
1137,24,15,225,14.570871426661808,20.342498583821076,14.570871426661808,571.5289562940598,20,,True
1138,24,3,30,41.19940532843272,57.017006595943435,41.19940532843272,573.7698972225189,20,,True
1139,24,3,45,11.068194534381231,12.353379321361174,11.068194534381231,572.901866864413,20,,True
1140,24,3,60,35.19364503423373,51.09859409028147,35.19364503423373,571.2667061015964,20,,True
1141,24,3,75,23.960560860236487,29.30829766375014,23.960560860236487,572.2013670019805,20,,True
1142,24,3,90,18.24568033615748,21.292294979619058,18.24568033615748,567.7018770948052,20,,True
1143,24,3,105,3.2401737292607624,3.607882630625548,3.2401737292607624,563.1828061304986,20,,True
1144,24,3,120,11.369801346460978,18.100086841917722,11.369801346460978,568.6364569701254,20,,True
1145,24,3,135,8.643523410956066,12.219554513783253,8.643523410956066,570.7618971355259,20,,True
1146,24,3,150,7.950957198937734,9.458299795356183,7.950957198937734,570.940307341516,20,,True
1147,24,3,165,12.36345244248708,17.224377173909332,12.36345244248708,571.0414568893611,20,,True
1148,24,3,180,6.584311656157175,8.542533534918514,6.584311656157175,570.6940772943199,20,,True
1149,24,3,195,5.142487676938375,6.666861097547835,5.142487676938375,572.6767471060157,20,,True
1150,24,3,210,3.2822794715563455,3.6923428687430664,3.2822794715563455,571.7766368761659,20,,True
1151,24,3,225,4.40116270383199,6.079077468390297,4.40116270383199,571.9399470835924,20,,True
1152,24,35,30,21.947171573837597,28.453006440438475,21.947171573837597,570.950017310679,20,,True
1153,24,35,45,20.54645506578187,23.998865431003892,20.54645506578187,571.1116967722774,20,,True
1154,24,35,60,5.060923519730568,6.302330526131508,5.060923519730568,570.8869770169258,20,,True
1155,24,35,75,2.060451046625773,2.302086187108322,2.060451046625773,562.9229070618749,20,,True
1156,24,35,90,1.762700907389323,2.094731690915754,1.762700907389323,563.3748872205615,20,,True
1157,24,35,105,2.0204795082410176,2.3159567494139432,2.0204795082410176,571.7404969036579,20,,True
1158,24,35,120,7.7486730401714645,11.33529767568982,7.7486730401714645,572.9221282526851,20,,True
1159,24,35,135,7.608036899566651,8.92458904952629,7.608036899566651,571.4013273827732,20,,True
1160,24,35,150,3.6155632853507997,4.420411568065642,3.6155632853507997,569.6631078608334,20,,True
1161,24,35,165,2.9070849935213725,3.8267109576614877,2.9070849935213725,562.0392370037735,20,,True
1162,24,35,180,3.259691310611864,4.070382490067122,3.259691310611864,566.927766893059,20,,True
1163,24,35,195,6.64907171924909,10.696789720182755,6.64907171924909,571.6905281879008,20,,True
1164,24,35,210,13.24625187019507,17.089924376149714,13.24625187019507,571.6401170939207,20,,True
1165,24,35,225,18.008142958084743,19.60954242652833,18.008142958084743,571.3382279500365,20,,True
1166,24,48,30,29.14692720491439,38.815306031067124,29.14692720491439,572.4811777472496,20,,True
1167,24,48,45,33.11228541930517,47.266017704300225,33.11228541930517,572.0873079262674,20,,True
1168,24,48,60,16.397302691141764,22.58294362057404,16.397302691141764,568.7079168856144,20,,True
1169,24,48,75,14.853762563566367,21.66088410491807,14.853762563566367,563.0021090619266,20,,True
1170,24,48,90,4.956378450493018,6.104543910585616,4.956378450493018,567.1147182583809,20,,True
1171,24,48,105,4.875033964713414,7.962547818659893,4.875033964713414,566.4352090097964,20,,True
1172,24,48,120,19.256944686174393,24.73434707505865,19.256944686174393,562.9562390968204,20,,True
1173,24,48,135,13.45766303029959,15.175270094546468,13.45766303029959,568.5066380538046,20,,True
1174,24,48,150,5.5395767768224085,6.4964652743506806,5.5395767768224085,570.8348080515862,20,,True
1175,24,48,165,3.283948032061259,4.154752208802535,3.283948032061259,571.0485777817667,20,,True
1176,24,48,180,2.1490788499514264,3.4030033109892663,2.1490788499514264,572.5601580925286,20,,True
1177,24,48,195,9.971621622641882,16.991229519432633,9.971621622641882,570.8841378800571,20,,True
1178,24,48,210,4.550543689727784,6.144061681412041,4.550543689727784,569.8703182861209,20,,True
1179,24,48,225,4.5710210531949995,6.689316456384169,4.5710210531949995,561.829857993871,20,,True
1180,24,22,30,8.296205260356267,11.059574187401784,8.296205260356267,565.2569979429245,20,,True
1181,24,22,45,7.34515651166439,11.535560830913877,7.34515651166439,570.5175581388175,20,,True
1182,24,22,60,5.332118198275566,6.663264049698571,5.332118198275566,572.7868187241256,20,,True
1183,24,22,75,6.76258711827298,10.443928780422787,6.76258711827298,576.0897980071604,20,,True
1184,24,22,90,2.3240576524287464,2.929000902904262,2.3240576524287464,569.7741988115013,20,,True
1185,24,22,105,1.8706697680056095,2.4626679720368934,1.8706697680056095,563.4510787203908,20,,True
1186,24,22,120,1.7996687591075897,2.3673978635483643,1.7996687591075897,561.641588807106,20,,True
1187,24,22,135,1.7708625974133612,2.2462502241033375,1.7708625974133612,569.7239087894559,20,,True
1188,24,22,150,1.7359548901983848,2.4468518792862577,1.7359548901983848,570.7070780918002,20,,True
1189,24,22,165,1.9680307327614477,2.273826189926466,1.9680307327614477,570.8371191285551,20,,True
1190,24,22,180,3.982671096175909,10.288235454700988,3.982671096175909,572.8514292277396,20,,True
1191,24,22,195,12.536478373408318,19.61755314679519,12.536478373408318,572.1702687442303,20,,True
1192,24,22,210,1.4488083839416503,2.340694428369778,1.4488083839416503,571.7204292304814,20,,True
1193,24,22,225,2.632218933105469,4.426098254263274,2.632218933105469,570.6917690113187,20,,True
1194,24,55,30,8.111945282916228,11.563711351128854,8.111945282916228,569.3769888021052,20,,True
1195,24,55,45,2.5964691006268064,3.0455159156002356,2.5964691006268064,569.8256990872324,20,,True
1196,24,55,60,7.197147028706968,15.415855185976836,7.197147028706968,569.1823591478169,20,,True
1197,24,55,75,22.982593517005444,29.63554250919448,22.982593517005444,562.7340693026781,20,,True
1198,24,55,90,16.164505831493685,20.737359181154336,16.164505831493685,564.832768868655,20,,True
1199,24,55,105,12.715578282686572,17.467618254321614,12.715578282686572,571.2914899922907,20,,True
1200,24,55,120,1.6097362756729126,1.8270597523266117,1.6097362756729126,570.1684090308845,20,,True
1201,24,55,135,1.2936441898345947,1.903756823856258,1.2936441898345947,563.0147289484739,20,,True
1202,24,55,150,1.675153378645579,3.382439782337396,1.675153378645579,562.624670099467,20,,True
1203,24,55,165,14.849076728026072,24.950828158037535,14.849076728026072,570.8625689148903,20,,True
1204,24,55,180,4.176432545979818,5.773768380677976,4.176432545979818,574.3891787715256,20,,True
1205,24,55,195,8.507682704925537,16.724343870862654,8.507682704925537,562.439180444926,20,,True
1206,24,55,210,10.151304364204407,20.30149224796281,10.151304364204407,558.358449023217,20,,True
1207,24,55,225,3.9797215362389884,5.300748536345996,3.9797215362389884,562.6851390115917,20,,True
1208,24,4,30,23.922352728744347,36.40669938249613,23.922352728744347,556.8201597779989,20,,True
1209,24,4,45,13.414271244530877,19.25524207224347,13.414271244530877,554.2913796380162,20,,True
1210,24,4,60,6.485166944066683,9.983531675778694,6.485166944066683,558.0551098100841,20,,True
1211,24,4,75,5.318623857696851,7.030576599137273,5.318623857696851,553.4941800870001,20,,True
1212,24,4,90,3.7485952218373617,4.602141639019695,3.7485952218373617,555.0270508974791,20,,True
1213,24,4,105,1.195876709620158,1.5226002235995788,1.195876709620158,554.0877799503505,20,,True
1214,24,4,120,0.8607025464375814,1.354107189587727,0.8607025464375814,558.7450489401817,20,,True
1215,24,4,135,0.8790218671162923,1.3617769380720368,0.8790218671162923,555.2000710740685,20,,True
1216,24,4,150,1.0790515104929606,1.6893784018372815,1.0790515104929606,555.5736203677952,20,,True
1217,24,4,165,3.4815049628416697,6.672185147931181,3.4815049628416697,562.8610299900174,20,,True
1218,24,4,180,12.611250444998344,16.64974238396742,12.611250444998344,563.2070200517774,20,,True
1219,24,4,195,4.615479024251302,5.88930163540371,4.615479024251302,562.7341801300645,20,,True
1220,24,4,210,3.7393366138140363,5.471202026735026,3.7393366138140363,564.7780708968639,20,,True
1221,24,4,225,3.894306270281474,5.630596512826315,3.894306270281474,559.8382097668946,20,,True
1222,24,45,30,8.354266202449798,11.493736610802952,8.354266202449798,552.7411196380854,20,,True
1223,24,45,45,7.508869202931722,9.878048427569306,7.508869202931722,557.3762902058661,20,,True
1224,24,45,60,2.4780641237894696,3.046000424762628,2.4780641237894696,559.9349201656878,20,,True
1225,24,45,75,2.2652971585591635,2.5992267258495607,2.2652971585591635,554.904140997678,20,,True
1226,24,45,90,1.8826608180999755,2.2598551088622965,1.8826608180999755,560.2279300801456,20,,True
1227,24,45,105,2.1624945163726808,2.527283719607029,2.1624945163726808,563.6839107610285,20,,True
1228,24,45,120,16.024325512349606,23.8301063902275,16.024325512349606,564.0699709765613,20,,True
1229,24,45,135,21.769409343972804,27.326400503858284,21.769409343972804,563.759870827198,20,,True
1230,24,45,150,7.799330959717433,13.771005323604038,7.799330959717433,562.8811898641288,20,,True
1231,24,45,165,20.82350625395775,23.909707463990998,20.82350625395775,561.8889909237623,20,,True
1232,24,45,180,8.876874347527822,18.957128036655057,8.876874347527822,563.4571011178195,20,,True
1233,24,45,195,9.858306787411372,15.880733517168734,9.858306787411372,559.4834708608687,20,,True
1234,24,45,210,3.543554592132568,4.735448668836975,3.543554592132568,554.6410107053816,20,,True
1235,24,45,225,3.4508657932281492,4.370759221206184,3.4508657932281492,561.3895012065768,20,,True
1236,24,60,30,9.30843506505092,14.868725585274426,9.30843506505092,563.7848321348429,20,,True
1237,24,60,45,14.114249052107334,21.91794634937736,14.114249052107334,564.8689297959208,20,,True
1238,24,60,60,6.208993909756343,9.634890893308324,6.208993909756343,563.7820307165384,20,,True
1239,24,60,75,16.511844881127278,26.312526063406033,16.511844881127278,563.6030011810362,20,,True
1240,24,60,90,8.1718950888142,16.090591121628638,8.1718950888142,563.7404513545334,20,,True
1241,24,60,105,3.0740664997448524,3.8242316724929677,3.0740664997448524,563.996730837971,20,,True
1242,24,60,120,3.820539699991544,5.742478678309248,3.820539699991544,564.193231984973,20,,True
1243,24,60,135,6.488025321563085,11.864182941968396,6.488025321563085,563.2178722880781,20,,True
1244,24,60,150,10.34916851731638,15.04971803645028,10.34916851731638,564.4991910085082,20,,True
1245,24,60,165,3.416337775190671,4.376217825639497,3.416337775190671,564.3780422396958,20,,True
1246,24,60,180,6.748079543110604,10.427430248711834,6.748079543110604,563.5900408960879,20,,True
1247,24,60,195,4.910316031472758,6.651145235088006,4.910316031472758,563.7132306583226,20,,True
1248,24,60,210,3.8821441660324734,5.206004502555669,3.8821441660324734,564.7017722949386,20,,True
1249,24,60,225,3.836579644680023,5.255485788899425,3.836579644680023,563.6287122033536,20,,True
1250,24,26,30,16.469724683091044,22.646773997356632,16.469724683091044,564.0744408592582,20,,True
1251,24,26,45,3.090161193907261,4.818194693203411,3.090161193907261,561.4561717957258,20,,True
1252,24,26,60,20.636374700069428,27.90475627359901,20.636374700069428,554.8022221773863,20,,True
1253,24,26,75,19.54561848938465,39.464782423916716,19.54561848938465,559.2211810871959,20,,True
1254,24,26,90,16.469280120233694,25.757227695605902,16.469280120233694,563.4745210409164,20,,True
1255,24,26,105,14.470393152038257,21.510959594637292,14.470393152038257,564.4952319562435,20,,True
1256,24,26,120,16.89256519501408,32.61418085636156,16.89256519501408,565.5771219171584,20,,True
1257,24,26,135,34.371856980274124,56.58158893451902,34.371856980274124,564.8099319078028,20,,True
1258,24,26,150,10.761282596488794,18.236221493882244,10.761282596488794,564.7675320506096,20,,True
1259,24,26,165,10.857363878687222,13.761744138252233,10.857363878687222,566.4764521643519,20,,True
1260,24,26,180,4.430458806579312,6.278132810720843,4.430458806579312,565.3529120609164,20,,True
1261,24,26,195,4.17957949899137,6.584802512651236,4.17957949899137,564.9776221252978,20,,True
1262,24,26,210,4.021211606264115,4.545137653694714,4.021211606264115,555.7123320177197,20,,True
1263,24,26,225,9.207617859790723,18.81518349949666,9.207617859790723,557.713801972568,20,,True
1264,24,21,30,6.36835618019104,10.110753201829363,6.36835618019104,563.9585531316698,20,,True
1265,24,21,45,10.669234522183736,16.99937582859147,10.669234522183736,564.6825721487403,20,,True
1266,24,21,60,12.282269438107809,20.086107822111174,12.282269438107809,563.8898620381951,20,,True
1267,24,21,75,2.9796545108159385,4.141168631762914,2.9796545108159385,563.9734831638634,20,,True
1268,24,21,90,3.1336907068888347,4.680928663502132,3.1336907068888347,563.4430521167815,20,,True
1269,24,21,105,4.745546901226044,7.042490663061576,4.745546901226044,562.2989423573017,20,,True
1270,24,21,120,4.346073627471924,7.6529347558672915,4.346073627471924,555.7684232480824,20,,True
1271,24,21,135,3.0302046656608583,4.654757302332234,3.0302046656608583,556.7474816925824,20,,True
1272,24,21,150,3.7975062251091005,4.925989845906571,3.7975062251091005,563.2925629615784,20,,True
1273,24,21,165,3.124888291458289,6.48241062797056,3.124888291458289,563.6944621801376,20,,True
1274,24,21,180,12.558436994751295,19.906999162305368,12.558436994751295,559.8763218149543,20,,True
1275,24,21,195,5.063669118611142,6.580868839740833,5.063669118611142,554.5220128260553,20,,True
1276,24,21,210,4.908609617579107,6.911734817275983,4.908609617579107,559.9820930510759,20,,True
1277,24,21,225,2.7429610062390566,3.8128178455111223,2.7429610062390566,561.2305328249931,20,,True
1278,24,44,30,12.972798998157183,20.051465024917228,12.972798998157183,553.0162532813847,20,,True
1279,24,44,45,19.803800069044033,23.834939740539014,19.803800069044033,557.8074129298329,20,,True
1280,24,44,60,9.53594553594788,11.216371661936634,9.53594553594788,562.4272529967129,20,,True
1281,24,44,75,1.7508839935064315,2.49862647959134,1.7508839935064315,562.7436130307615,20,,True
1282,24,44,90,3.396490927537282,4.351276534558962,3.396490927537282,563.0596620030701,20,,True
1283,24,44,105,3.346281189719836,3.7528455637357068,3.346281189719836,563.2908530533314,20,,True
1284,24,44,120,3.413472119967143,3.7886516688476846,3.413472119967143,563.0154530517757,20,,True
1285,24,44,135,4.76240962545077,5.9850558018044,4.76240962545077,562.5951327383518,20,,True
1286,24,44,150,7.123265719413757,9.525114092400546,7.123265719413757,563.4745629504323,20,,True
1287,24,44,165,2.1042043526967364,3.1607813320211218,2.1042043526967364,563.0427431315184,20,,True
1288,24,44,180,5.534213483333588,9.14394869796497,5.534213483333588,556.9275333546102,20,,True
1289,24,44,195,6.262909523646036,9.212496374788238,6.262909523646036,554.1869536973536,20,,True
1290,24,44,210,4.2437127272288,5.961673277940496,4.2437127272288,562.3354739509523,20,,True
1291,24,44,225,3.9338300069173178,5.5034246615398965,3.9338300069173178,563.8040932826698,20,,True
1292,24,23,30,12.404967189331849,15.429960140505937,12.404967189331849,564.111864194274,20,,True
1293,24,23,45,9.814230537911255,13.186707791016557,9.814230537911255,563.8283528387547,20,,True
1294,24,23,60,8.583824938566734,11.808672841596142,8.583824938566734,564.5845639519393,20,,True
1295,24,23,75,13.390404195835194,18.860333684124353,13.390404195835194,563.9993138611317,20,,True
1296,24,23,90,22.46289419432481,34.14350854800879,22.46289419432481,563.4421040304005,20,,True
1297,24,23,105,41.8224019681414,63.934008488489965,41.8224019681414,562.2210730798542,20,,True
1298,24,23,120,17.08720462669929,21.27226208849828,17.08720462669929,561.7541740648448,20,,True
1299,24,23,135,2.7011765003204347,3.0064912137415307,2.7011765003204347,566.7086131870747,20,,True
1300,24,23,150,2.313200831413269,3.7093369538454843,2.313200831413269,562.83711316064,20,,True
1301,24,23,165,11.308672000467777,19.648521982593277,11.308672000467777,565.865873824805,20,,True
1302,24,23,180,5.383862197212875,7.842407939343673,5.383862197212875,563.2804040797055,20,,True
1303,24,23,195,3.7047128518422445,4.106836323693968,3.7047128518422445,563.895374070853,20,,True
1304,24,23,210,2.68016663591067,4.022397257314441,2.68016663591067,563.2444843649864,20,,True
1305,24,23,225,2.7676747759183247,4.256195601606977,2.7676747759183247,562.8573633730412,20,,True
1306,24,53,30,36.81985084116459,50.000164751873996,36.81985084116459,559.2236840166152,20,,True
1307,24,53,45,25.545120776693025,38.397029142022625,25.545120776693025,554.6242841519415,20,,True
1308,24,53,60,32.724649574483436,43.146342876215705,32.724649574483436,558.9714744128287,20,,True
1309,24,53,75,19.356892732406656,26.766256521244642,19.356892732406656,565.0130440481007,20,,True
1310,24,53,90,20.416748373707136,21.62003921515171,20.416748373707136,564.9779639206827,20,,True
1311,24,53,105,12.619415350755055,19.388592452072047,12.619415350755055,564.8034536279738,20,,True
1312,24,53,120,15.068581394354503,21.219917886781655,15.068581394354503,564.0199943445623,20,,True
1313,24,53,135,30.328391209244728,49.481903738046206,30.328391209244728,564.4126636907458,20,,True
1314,24,53,150,35.90064720312754,49.261506078253646,35.90064720312754,563.1998851895332,20,,True
1315,24,53,165,12.41536716222763,21.2840162990657,12.41536716222763,560.6640442274511,20,,True
1316,24,53,180,19.583877529700597,24.37822559585779,19.583877529700597,554.9563439562917,20,,True
1317,24,53,195,10.996813186009724,12.318256643574605,10.996813186009724,555.8371241204441,20,,True
1318,24,53,210,2.998165225982666,4.465437636563625,2.998165225982666,555.4278739728034,20,,True
1319,24,53,225,3.735165484746297,5.6711993856920655,3.735165484746297,559.3860549852252,20,,True
1320,24,84,30,23.116663332780202,32.22766586151317,23.116663332780202,563.64222522825,20,,True
1321,24,84,45,16.06564352909724,22.245923095356293,16.06564352909724,562.4469053000212,20,,True
1322,24,84,60,21.466656804084778,25.34845801449679,21.466656804084778,560.3431253693998,20,,True
1323,24,84,75,2.729113439718882,3.258972606429241,2.729113439718882,554.6738649718463,20,,True
1324,24,84,90,6.568157436450322,11.00968511167491,6.568157436450322,558.977825101465,20,,True
1325,24,84,105,11.353179174661637,14.88302977385168,11.353179174661637,563.3784951642156,20,,True
1326,24,84,120,14.160597944259644,16.492443555074043,14.160597944259644,562.7994649112225,20,,True
1327,24,84,135,13.154844319820404,24.90681105608792,13.154844319820404,564.7495952434838,20,,True
1328,24,84,150,20.631584771474202,32.92628399881656,20.631584771474202,559.2341041192412,20,,True
1329,24,84,165,5.526308965682984,6.99681822295394,5.526308965682984,556.5724847838283,20,,True
1330,24,84,180,4.257636785507202,4.913207778776577,4.257636785507202,564.072335138917,20,,True
1331,24,84,195,12.111720930536588,22.191108275128883,12.111720930536588,557.8538849949837,20,,True
1332,24,84,210,11.756219104925792,13.777128128531187,11.756219104925792,557.1346851065755,20,,True
1333,24,84,225,6.737934013207753,9.176950416438837,6.737934013207753,565.6028748489916,20,,True
1334,24,59,30,21.040254360375304,29.33022897173387,21.040254360375304,565.2475957758725,20,,True
1335,24,59,45,25.84015622213483,33.07457382858378,25.84015622213483,565.0492450222373,20,,True
1336,24,59,60,8.586881209909915,10.094982368154248,8.586881209909915,565.8324249088764,20,,True
1337,24,59,75,5.620650941506028,10.822588282981432,5.620650941506028,565.6706150621176,20,,True
1338,24,59,90,8.133798175056775,11.658889026525816,8.133798175056775,564.4338550046086,20,,True
1339,24,59,105,10.408860790729523,14.33637952154128,10.408860790729523,564.4784858450294,20,,True
1340,24,59,120,5.689583826065063,9.32979498282333,5.689583826065063,566.4332760497928,20,,True
1341,24,59,135,3.357345191637675,5.58213624893704,3.357345191637675,563.514375127852,20,,True
1342,24,59,150,4.753540448347727,7.268977270786363,4.753540448347727,563.9417157508433,20,,True
1343,24,59,165,2.862371403599779,4.6936126972969685,2.862371403599779,564.6070251241326,20,,True
1344,24,59,180,6.839879812424382,11.544415712067815,6.839879812424382,564.4660564139485,20,,True
1345,24,59,195,10.331848362763413,15.292530427464023,10.331848362763413,565.8974358811975,20,,True
1346,24,59,210,4.37444696596358,5.168350087679575,4.37444696596358,565.7525160349905,20,,True
1347,24,59,225,4.306878644227981,5.230554802928696,4.306878644227981,565.4353252612054,20,,True
1348,24,49,30,31.236838575204214,44.86515637986411,31.236838575204214,564.1446057707071,20,,True
1349,24,49,45,24.024958821137748,33.13008837622096,24.024958821137748,563.4837760590017,20,,True
1350,24,49,60,25.69244608779748,39.018544542421004,25.69244608779748,564.4151251763105,20,,True
1351,24,49,75,18.289645264546078,27.23702035317665,18.289645264546078,564.712445717305,20,,True
1352,24,49,90,22.84138755922516,29.444735324640536,22.84138755922516,585.3318059816957,20,,True
1353,24,49,105,6.692731440067291,10.07521916499808,6.692731440067291,612.2265961021185,20,,True
1354,24,49,120,5.224450174967448,8.218696437813449,5.224450174967448,614.8514659143984,20,,True
1355,24,49,135,3.1641574025154116,4.03699602173508,3.1641574025154116,613.1423357874155,20,,True
1356,24,49,150,5.702724194526672,6.5555847826833515,5.702724194526672,613.908426836133,20,,True
1357,24,49,165,4.819260162115097,7.482006614109403,4.819260162115097,613.5398256592453,20,,True
1358,24,49,180,13.793398741881052,19.707715972706897,13.793398741881052,614.9638071656227,20,,True
1359,24,49,195,9.359354590376219,13.890972756799453,9.359354590376219,616.316607221961,20,,True
1360,24,49,210,7.781903798381488,9.540982161365543,7.781903798381488,612.5373356044292,20,,True
1361,24,49,225,5.636219892899195,6.700995884980105,5.636219892899195,613.8203167356551,20,,True
1362,24,7,30,22.823440019289652,26.93769412638094,22.823440019289652,614.5696272142231,20,,True
1363,24,7,45,18.180566895008088,25.225040387269377,18.180566895008088,611.7155570536852,20,,True
1364,24,7,60,19.782190003991126,32.07711012011522,19.782190003991126,613.5717160068452,20,,True
1365,24,7,75,30.835133724411328,47.40766954179332,30.835133724411328,613.671257160604,20,,True
1366,24,7,90,49.4930790801843,69.96869360661535,49.4930790801843,612.5780460424721,20,,True
1367,24,7,105,23.750879955291747,29.95520596358117,23.750879955291747,612.501016817987,20,,True
1368,24,7,120,28.326097812255224,31.964588137049752,28.326097812255224,604.6721073798835,20,,True
1369,24,7,135,8.305871160825093,11.294606786553572,8.305871160825093,609.1761672869325,20,,True
1370,24,7,150,10.998975388209026,13.723861206066914,10.998975388209026,611.1520268023014,20,,True
1371,24,7,165,13.703698742141325,16.79365632885677,13.703698742141325,612.741778139025,20,,True
1372,24,7,180,6.533151218791803,9.879613017398528,6.533151218791803,614.9088670499623,20,,True
1373,24,7,195,7.157220543734729,10.19845224212343,7.157220543734729,613.8443574309349,20,,True
1374,24,7,210,8.98138123297443,11.449872864244254,8.98138123297443,613.3173671551049,20,,True
1375,24,7,225,6.506842224175731,7.772818443441962,6.506842224175731,614.3500581383705,20,,True
1376,24,47,30,22.146372939584158,39.62178010822647,22.146372939584158,612.5719072297215,20,,True
1377,24,47,45,47.32405187084029,72.4414375407882,47.32405187084029,610.2027879096568,20,,True
1378,24,47,60,51.44997928738594,85.27730032336011,51.44997928738594,607.3328480124474,20,,True
1379,24,47,75,17.04974724849065,26.675839788238775,17.04974724849065,611.995686776936,20,,True
1380,24,47,90,17.4879556397597,28.88204266838444,17.4879556397597,613.8479178771377,20,,True
1381,24,47,105,4.494965895016988,5.609190681883944,4.494965895016988,611.9819078594446,20,,True
1382,24,47,120,5.621912336846193,7.401660091533614,5.621912336846193,604.7365278936923,20,,True
1383,24,47,135,7.816810044149558,9.739499885783426,7.816810044149558,610.5116880498827,20,,True
1384,24,47,150,12.29939894080162,20.225615905052884,12.29939894080162,611.7835971526802,20,,True
1385,24,47,165,16.395975364247956,23.425007184239515,16.395975364247956,613.2191168144345,20,,True
1386,24,47,180,7.772448393702507,10.378659488340109,7.772448393702507,611.7302780039608,20,,True
1387,24,47,195,4.378690385818482,6.445838845833494,4.378690385818482,613.4240380488336,20,,True
1388,24,47,210,5.913035582502683,6.878400507556773,5.913035582502683,606.1041681095958,20,,True
1389,24,47,225,2.0935296495755513,3.4750958799712524,2.0935296495755513,604.2413981631398,20,,True
1390,24,30,30,4.610097938279311,5.519273239253475,4.610097938279311,612.7694882452488,20,,True
1391,24,30,45,4.053615000937134,5.308893666318915,4.053615000937134,611.584847792983,20,,True
1392,24,30,60,4.684987394635876,5.845236176571707,4.684987394635876,612.5996080227196,20,,True
1393,24,30,75,2.6075114610294503,3.0301434105971174,2.6075114610294503,612.0888576842844,20,,True
1394,24,30,90,2.180540285259485,3.3373227200211684,2.180540285259485,614.5862778648734,20,,True
1395,24,30,105,4.5735576828320825,6.628586993351162,4.5735576828320825,613.5196476243436,20,,True
1396,24,30,120,1.6941110466917355,2.2741306165371973,1.6941110466917355,613.979428075254,20,,True
1397,24,30,135,2.3874383479356767,4.133839508519883,2.3874383479356767,613.6591886170208,20,,True
1398,24,30,150,6.466499330600103,9.953400617533916,6.466499330600103,612.1879480779171,20,,True
1399,24,30,165,4.466872181495031,7.181872016586426,4.466872181495031,614.3081388436258,20,,True
1400,24,30,180,10.63243012924989,15.529261886790945,10.63243012924989,619.6753378026187,20,,True
1401,24,30,195,4.066675353050232,5.7646358582114825,4.066675353050232,633.7839891202748,20,,True
1402,24,30,210,3.1744754592577618,4.417328162609409,3.1744754592577618,615.4382191598415,20,,True
1403,24,30,225,3.3226245872676374,4.419461570889996,3.3226245872676374,607.202798128128,20,,True
1404,25,83,30,26.97538370763262,51.15709092507156,26.97538370763262,612.554098945111,20,,True
1405,25,83,45,37.54946022530397,62.373515660380974,37.54946022530397,613.2903080433607,20,,True
1406,25,83,60,54.564833808938666,90.95659284010961,54.564833808938666,613.347448874265,20,,True
1407,25,83,75,56.903368041912714,96.97520028864582,56.903368041912714,613.413198851049,20,,True
1408,25,83,90,56.06211734116077,93.46295400744621,56.06211734116077,612.6635782420635,20,,True
1409,25,83,105,58.38222459008296,91.9168488328526,58.38222459008296,612.566168885678,20,,True
1410,25,83,120,27.941753050933283,45.05058540814824,27.941753050933283,612.4673588201404,20,,True
1411,25,83,135,57.81694852809111,88.76071959779034,57.81694852809111,607.1655992418528,20,,True
1412,25,83,150,13.909108728170395,20.325867963201148,13.909108728170395,606.8500890396535,20,,True
1413,25,83,165,33.055115171770254,52.60436513099329,33.055115171770254,612.3388190753758,20,,True
1414,25,83,180,33.73377846429745,61.49419908142215,33.73377846429745,613.3811087347567,20,,True
1415,25,83,195,26.215750641624133,39.65368072305506,26.215750641624133,616.2177389487624,20,,True
1416,25,83,210,11.568578777710597,17.570669279386944,11.568578777710597,612.2228191234171,20,,True
1417,25,83,225,14.328898682941993,21.53032189600568,14.328898682941993,605.2107689902186,20,,True
1418,25,15,30,15.146036454041798,21.283166734083693,15.146036454041798,609.9981488659978,20,,True
1419,25,15,45,11.431107598543168,14.192494937099605,11.431107598543168,611.8570589460433,20,,True
1420,25,15,60,18.059007169802985,28.387270383753993,18.059007169802985,612.9143596626818,20,,True
1421,25,15,75,12.362743957938315,17.765445061711805,12.362743957938315,612.3574092052877,20,,True
1422,25,15,90,10.682301607976358,15.39220866167419,10.682301607976358,612.8120198845863,20,,True
1423,25,15,105,10.932680404186248,16.837171882976833,10.932680404186248,613.3640189655125,20,,True
1424,25,15,120,6.962911995251973,10.535575184962054,6.962911995251973,613.5335089638829,20,,True
1425,25,15,135,2.523793892065684,3.1557560359510815,2.523793892065684,613.0422190763056,20,,True
1426,25,15,150,5.4361756136020025,7.929141037013429,5.4361756136020025,612.8009296953678,20,,True
1427,25,15,165,5.974347110403081,7.578345646146647,5.974347110403081,613.8525786809623,20,,True
1428,25,15,180,5.096377779978017,7.972430567944874,5.096377779978017,605.8895098976791,20,,True
1429,25,15,195,5.100461606681347,10.934709654087342,5.100461606681347,607.8669186681509,20,,True
1430,25,15,210,27.58365559230248,42.69488018131065,27.58365559230248,611.3794897682965,20,,True
1431,25,15,225,13.753580229232709,22.148618107087824,13.753580229232709,604.8081591725349,20,,True
1432,25,3,30,21.04841019511223,29.86193285926229,21.04841019511223,609.0975496917963,20,,True
1433,25,3,45,29.17039291461309,46.29141333832303,29.17039291461309,613.328690174967,20,,True
1434,25,3,60,57.397496744819605,86.99487336614831,57.397496744819605,616.6387302801013,20,,True
1435,25,3,75,56.965081118714686,94.45841621653238,56.965081118714686,616.0501101985574,20,,True
1436,25,3,90,20.944081300745406,35.95306778366942,20.944081300745406,614.160489756614,20,,True
1437,25,3,105,56.67045692056418,86.39439797232052,56.67045692056418,615.2892499230802,20,,True
1438,25,3,120,21.18572709610065,26.112287727041785,21.18572709610065,613.7032699771225,20,,True
1439,25,3,135,10.583735616008441,15.811784767695512,10.583735616008441,612.7254902385175,20,,True
1440,25,3,150,13.563153862953186,19.89309307187297,13.563153862953186,613.4628802537918,20,,True
1441,25,3,165,18.525952815512817,41.02877701092468,18.525952815512817,614.3600810319185,20,,True
1442,25,3,180,30.42220673263073,51.17872283288334,30.42220673263073,614.5785800181329,20,,True
1443,25,3,195,45.513523912926516,75.12042757611565,45.513523912926516,615.4555999673903,20,,True
1444,25,3,210,59.36707387765249,96.35526064338222,59.36707387765249,612.7728302963078,20,,True
1445,25,3,225,18.086210403839747,29.116652243774627,18.086210403839747,604.502510279417,20,,True
1446,25,35,30,7.828985371192297,14.442169551854759,7.828985371192297,610.4924301616848,20,,True
1447,25,35,45,45.642140002300344,64.67628894105717,45.642140002300344,615.2401901781559,20,,True
1448,25,35,60,7.131893832236528,10.091196436921702,7.131893832236528,614.7218910045922,20,,True
1449,25,35,75,10.285729559262593,17.839309991521805,10.285729559262593,613.2192201912403,20,,True
1450,25,35,90,22.491120360791683,44.075787670460805,22.491120360791683,613.2561112754047,20,,True
1451,25,35,105,23.775438991002737,40.01737878338495,23.775438991002737,608.954839874059,20,,True
1452,25,35,120,43.31702109569063,68.48180177281961,43.31702109569063,606.7926506511867,20,,True
1453,25,35,135,19.69698877738168,33.020228830252634,19.69698877738168,613.8291712850332,20,,True
1454,25,35,150,41.676569977402686,52.69008784038793,41.676569977402686,613.8337599113584,20,,True
1455,25,35,165,11.786241714656352,15.436419402863482,11.786241714656352,615.4091712087393,20,,True
1456,25,35,180,9.348607657849788,11.348766131010596,9.348607657849788,614.222951233387,20,,True
1457,25,35,195,2.944801509877046,4.2112644964683055,2.944801509877046,614.0317707322538,20,,True
1458,25,35,210,3.508823005358378,7.125324365919425,3.508823005358378,614.2612709663808,20,,True
1459,25,35,225,7.892957152922948,11.440130176311104,7.892957152922948,615.9104309044778,20,,True
1460,25,48,30,54.08857780098915,80.93420730579919,54.08857780098915,615.1827019639313,20,,True
1461,25,48,45,20.98888704776764,30.748895550950056,20.98888704776764,611.0616801306605,20,,True
1462,25,48,60,26.570593903275828,43.491999253169794,26.570593903275828,605.896410997957,20,,True
1463,25,48,75,46.02355720084161,68.28833212264824,46.02355720084161,613.2900309748948,20,,True
1464,25,48,90,42.97147881090641,58.14036152901457,42.97147881090641,614.353931043297,20,,True
1465,25,48,105,6.747101928790411,8.664536367054124,6.747101928790411,615.2696618810296,20,,True
1466,25,48,120,5.515539882580439,7.324024732834654,5.515539882580439,610.5069811455905,20,,True
1467,25,48,135,5.8777084916830065,7.778929972086674,5.8777084916830065,605.9758514165878,20,,True
1468,25,48,150,5.998674461245537,7.471445195283907,5.998674461245537,612.8839110024273,20,,True
1469,25,48,165,4.073870644819302,5.433942903088335,4.073870644819302,614.6760820411146,20,,True
1470,25,48,180,4.079837499163114,6.078804993692339,4.079837499163114,613.5038807988167,20,,True
1471,25,48,195,5.721008552362521,9.01944170072473,5.721008552362521,614.3482509069145,20,,True
1472,25,48,210,27.814406766463073,45.64797905778322,27.814406766463073,614.3601723015308,20,,True
1473,25,48,225,26.691849535292324,37.34855981776234,26.691849535292324,614.0489405952394,20,,True
1474,25,22,30,3.0060902828971545,4.2190799741799525,3.0060902828971545,614.6240215748549,20,,True
1475,25,22,45,3.4604057016472023,4.695769628119269,3.4604057016472023,613.593190908432,20,,True
1476,25,22,60,2.3306889368842048,2.971789165644887,2.3306889368842048,610.9556616283953,20,,True
1477,25,22,75,6.292339950303236,13.41414547679834,6.292339950303236,606.1701509170234,20,,True
1478,25,22,90,19.492527151852848,35.51100336442567,19.492527151852848,613.1454920396209,20,,True
1479,25,22,105,42.026886092747255,65.14037194843156,42.026886092747255,620.8241218701005,20,,True
1480,25,22,120,6.006037469704946,7.776452709396256,6.006037469704946,607.1873120963573,20,,True
1481,25,22,135,5.57981876929601,8.32045207023385,5.57981876929601,609.6422621048987,20,,True
1482,25,22,150,3.9458350360393526,5.19947529494721,3.9458350360393526,613.6293215677142,20,,True
1483,25,22,165,4.381368522159756,8.401565895611423,4.381368522159756,613.6904521845281,20,,True
1484,25,22,180,15.809873057218889,27.587617416897523,15.809873057218889,614.6594318561256,20,,True
1485,25,22,195,17.73677563238889,35.12047351637199,17.73677563238889,614.0639022924006,20,,True
1486,25,22,210,55.922407260040444,92.99016874859392,55.922407260040444,612.786372192204,20,,True
1487,25,22,225,14.904555054505666,25.506264086740277,14.904555054505666,613.5983318090439,20,,True
1488,25,55,30,4.018674500783285,4.88554774504937,4.018674500783285,617.2197218984365,20,,True
1489,25,55,45,12.801032863557339,21.242234137269524,12.801032863557339,616.1660621874034,20,,True
1490,25,55,60,16.560343891382217,20.911396355235304,16.560343891382217,613.4430621750653,20,,True
1491,25,55,75,14.976714889208475,20.407578523067485,14.976714889208475,618.3220120146871,20,,True
1492,25,55,90,30.029714393615723,41.497283200733285,30.029714393615723,614.2902020365,20,,True
1493,25,55,105,12.180362192789714,23.030284307420462,12.180362192789714,613.7984930537641,20,,True
1494,25,55,120,20.957480049133302,30.73501255784733,20.957480049133302,614.1920420341194,20,,True
1495,25,55,135,3.496416362126668,4.419285970334601,3.496416362126668,613.2738320156932,20,,True
1496,25,55,150,4.085733954111735,4.96726460532194,4.085733954111735,614.3471822142601,20,,True
1497,25,55,165,13.059907877445221,28.36103663276575,13.059907877445221,612.9978317767382,20,,True
1498,25,55,180,27.194071135421595,45.27868678548556,27.194071135421595,612.5049027614295,20,,True
1499,25,55,195,33.09347485701243,51.88859419548922,33.09347485701243,613.0879619158804,20,,True
1500,25,55,210,17.756773098309836,32.92779134233956,17.756773098309836,612.902463413775,20,,True
1501,25,55,225,23.509250550468764,37.76221919876684,23.509250550468764,613.9396922662854,20,,True
1502,25,4,30,10.10116627116998,13.9039610661951,10.10116627116998,614.3933632411063,20,,True
1503,25,4,45,9.362681895370285,11.248261198741737,9.362681895370285,614.6792829968035,20,,True
1504,25,4,60,2.5239300529162088,3.00822468275941,2.5239300529162088,613.8298129662871,20,,True
1505,25,4,75,2.378706642985344,3.2252349666155276,2.378706642985344,614.1121732071042,20,,True
1506,25,4,90,11.443822786336144,18.123054877935544,11.443822786336144,613.6820130050182,20,,True
1507,25,4,105,33.843981508413954,50.39559345097304,33.843981508413954,614.2119318246841,20,,True
1508,25,4,120,15.501195059219997,23.766514445157096,15.501195059219997,615.5460332520306,20,,True
1509,25,4,135,43.0868187268575,70.05912829112667,43.0868187268575,611.7668319493532,20,,True
1510,25,4,150,10.287834378083547,16.750691981103245,10.287834378083547,612.5490432605147,20,,True
1511,25,4,165,15.965176423390707,23.971440464582578,15.965176423390707,612.3957931995392,20,,True
1512,25,4,180,57.42893793185552,93.37161060309273,57.42893793185552,613.4679429233074,20,,True
1513,25,4,195,20.045817567408086,36.07984484211754,20.045817567408086,614.146432839334,20,,True
1514,25,4,210,14.568757056817413,23.546005098499005,14.568757056817413,616.2222730927169,20,,True
1515,25,4,225,54.247821658849716,90.4741896638204,54.247821658849716,605.8834530413151,20,,True
1516,25,45,30,2.911942235628764,3.869098130119572,2.911942235628764,611.5054930560291,20,,True
1517,25,45,45,2.980126428604126,4.1215265832521295,2.980126428604126,618.0805140174925,20,,True
1518,25,45,60,2.837827976544698,3.8709989020963143,2.837827976544698,615.4592339880764,20,,True
1519,25,45,75,4.024254854520162,9.365984279192482,4.024254854520162,613.9744729734957,20,,True
1520,25,45,90,32.36698933442434,56.069280988472016,32.36698933442434,614.0322932042181,20,,True
1521,25,45,105,13.356905582609276,18.198871934581135,13.356905582609276,615.025504026562,20,,True
1522,25,45,120,6.756316416990012,10.322712509257213,6.756316416990012,614.7537929937243,20,,True
1523,25,45,135,6.316966581561913,9.245237078877024,6.316966581561913,615.0584737770259,20,,True
1524,25,45,150,24.93630333940188,51.160640420945185,24.93630333940188,613.9473328366876,20,,True
1525,25,45,165,40.799573516349,62.35909255801942,40.799573516349,609.624823089689,20,,True
1526,25,45,180,19.978782798349858,30.043475066847044,19.978782798349858,606.4898539334536,20,,True
1527,25,45,195,62.971495982011156,92.95460636918405,62.971495982011156,614.2269130796194,20,,True
1528,25,45,210,21.611044263839723,27.16845807552724,21.611044263839723,609.6990439109504,20,,True
1529,25,45,225,46.704381783803306,73.95278868056458,46.704381783803306,605.4693227633834,20,,True
1530,25,60,30,18.963117607682943,34.27576885552348,18.963117607682943,612.376743927598,20,,True
1531,25,60,45,21.740652236590783,36.4914691780304,21.740652236590783,613.4493029676378,20,,True
1532,25,60,60,42.55358831460277,69.73607943917618,42.55358831460277,613.9392438344657,20,,True
1533,25,60,75,12.815185785293579,18.650416176654563,12.815185785293579,614.2290439456701,20,,True
1534,25,60,90,9.348575761914253,16.872956502898923,9.348575761914253,613.5497437790036,20,,True
1535,25,60,105,10.66796450316906,17.970361699763114,10.66796450316906,615.2461641468108,20,,True
1536,25,60,120,5.056922938053806,5.842028692610072,5.056922938053806,614.0021728351712,20,,True
1537,25,60,135,16.75862360050281,28.947074793206962,16.75862360050281,613.4046050719917,20,,True
1538,25,60,150,18.684754594167075,27.672719066077715,18.684754594167075,615.096343215555,20,,True
1539,25,60,165,7.951997105280558,10.593178166655294,7.951997105280558,614.1129452735186,20,,True
1540,25,60,180,9.86717707713445,17.67780333404518,9.86717707713445,615.2647649869323,20,,True
1541,25,60,195,12.411942923069,19.18330801935429,12.411942923069,613.8466750271618,20,,True
1542,25,60,210,30.141021951039633,42.504389235993024,30.141021951039633,612.9961838014424,20,,True
1543,25,60,225,18.328460280100504,29.582337091421667,18.328460280100504,615.0089642032981,20,,True
1544,25,26,30,18.30604968269666,31.339148259461542,18.30604968269666,614.9979839101434,20,,True
1545,25,26,45,59.56385054488977,91.86857208653713,59.56385054488977,616.3096940144897,20,,True
1546,25,26,60,6.565838169058164,8.791196689259289,6.565838169058164,614.4591253250837,20,,True
1547,25,26,75,12.243033553411562,21.64898390599716,12.243033553411562,615.8032440580428,20,,True
1548,25,26,90,13.936221499632422,23.050408805789996,13.936221499632422,615.2514340355992,20,,True
1549,25,26,105,5.0043230454282215,5.891956453694422,5.0043230454282215,613.3676846511662,20,,True
1550,25,26,120,5.175077970822652,8.736459621055236,5.175077970822652,614.3494038842618,20,,True
1551,25,26,135,16.909669038156668,29.179994626363058,16.909669038156668,614.8297251202166,20,,True
1552,25,26,150,27.702127561966577,38.84451259868745,27.702127561966577,616.2616740912199,20,,True
1553,25,26,165,21.59051431020101,31.817133945272634,21.59051431020101,614.8400153033435,20,,True
1554,25,26,180,35.32737698132793,56.29857639966056,35.32737698132793,616.1216939799488,20,,True
1555,25,26,195,26.747973489295692,41.57440762960689,26.747973489295692,615.0582847185433,20,,True
1556,25,26,210,42.3801653166612,66.56112132572308,42.3801653166612,614.9747152812779,20,,True
1557,25,26,225,15.550345455979308,25.513588921143892,15.550345455979308,617.8504750132561,20,,True
1558,25,21,30,3.7407559514045716,4.071553453162314,3.7407559514045716,615.2758551761508,20,,True
1559,25,21,45,2.909923017024994,3.4976435906527907,2.909923017024994,614.4209252670407,20,,True
1560,25,21,60,3.305015301704407,4.067624089628668,3.305015301704407,616.0558345727623,20,,True
1561,25,21,75,3.103717935085297,3.8803430987668523,3.103717935085297,615.2481348253787,20,,True
1562,25,21,90,3.0269457856814066,3.810701868557922,3.0269457856814066,606.8328646942973,20,,True
1563,25,21,105,3.0832475582758585,3.9006669682531805,3.0832475582758585,608.0731046386063,20,,True
1564,25,21,120,3.1904876430829368,4.00949846135645,3.1904876430829368,613.8087948784232,20,,True
1565,25,21,135,3.191378688812256,3.971694790474372,3.191378688812256,613.9471842907369,20,,True
1566,25,21,150,3.2059353788693747,3.975773444536811,3.2059353788693747,614.8807550780475,20,,True
1567,25,21,165,2.9275616347789764,3.6186779131787215,2.9275616347789764,613.4386351332068,20,,True
1568,25,21,180,26.25742469308898,52.04204943580507,26.25742469308898,615.5053460970521,20,,True
1569,25,21,195,19.474901992672432,32.56557704178597,19.474901992672432,614.8119661957026,20,,True
1570,25,21,210,7.7588922371466955,11.059211887633529,7.7588922371466955,614.1010546125472,20,,True
1571,25,21,225,18.341876999040444,39.74194606774711,18.341876999040444,614.8446849547327,20,,True
1572,25,44,30,2.8881396522124607,4.000097535490713,2.8881396522124607,614.5732752047479,20,,True
1573,25,44,45,7.557698795199395,10.800834978293084,7.557698795199395,615.0482660159469,20,,True
1574,25,44,60,8.71160438346366,17.15499110143843,8.71160438346366,613.1560551002622,20,,True
1575,25,44,75,11.835932515809933,17.739022226047005,11.835932515809933,605.6598550640047,20,,True
1576,25,44,90,14.716409358428791,24.08350753758473,14.716409358428791,611.2583051435649,20,,True
1577,25,44,105,3.728989229754855,4.68236049292089,3.728989229754855,608.3926949650049,20,,True
1578,25,44,120,5.336273631453514,7.551088897884212,5.336273631453514,605.6016446091235,20,,True
1579,25,44,135,5.437006229658921,6.384106960204261,5.437006229658921,613.8266758061945,20,,True
1580,25,44,150,4.734882421294848,6.223608521035601,4.734882421294848,613.2204150781035,20,,True
1581,25,44,165,4.936663938313723,6.15928018254211,4.936663938313723,612.212385982275,20,,True
1582,25,44,180,5.921167892217636,8.363748921489004,5.921167892217636,614.1880750656128,20,,True
1583,25,44,195,11.633377603193123,17.85666825203813,11.633377603193123,615.7029164023697,20,,True
1584,25,44,210,19.117078320185342,31.047540141444088,19.117078320185342,614.2934649251401,20,,True
1585,25,44,225,10.003494103501241,13.397882902689702,10.003494103501241,615.3406761586666,20,,True
1586,25,23,30,5.225113499164581,7.486659221467921,5.225113499164581,616.0590560175478,20,,True
1587,25,23,45,20.58289474248886,36.21472341475698,20.58289474248886,614.5116458646953,20,,True
1588,25,23,60,53.181014224886894,86.52055812947027,53.181014224886894,614.4417058676481,20,,True
1589,25,23,75,56.36737610946099,91.03793961758679,56.36737610946099,614.10614522174,20,,True
1590,25,23,90,29.872113963464894,51.95699158149863,29.872113963464894,615.7787260599434,20,,True
1591,25,23,105,50.825054444372654,84.47670893471589,50.825054444372654,614.2665860243142,20,,True
1592,25,23,120,37.45024795730909,56.058267488913266,37.45024795730909,614.3964659422636,20,,True
1593,25,23,135,7.572200183073679,9.697440978464904,7.572200183073679,613.979556132108,20,,True
1594,25,23,150,12.629246258735657,15.740484130878482,12.629246258735657,612.2533860616386,20,,True
1595,25,23,165,8.063298339024186,9.532228089670992,8.063298339024186,613.2034757174551,20,,True
1596,25,23,180,6.092861616487304,7.3261892667349935,6.092861616487304,613.2528660818934,20,,True
1597,25,23,195,8.110239462554455,10.943381930641836,8.110239462554455,613.9768660068512,20,,True
1598,25,23,210,6.789500402286649,12.561980844186184,6.789500402286649,614.3883857876062,20,,True
1599,25,23,225,39.52836734186858,69.7024215225658,39.52836734186858,614.6387662738562,20,,True
1600,25,53,30,28.042344764402756,45.47360409350209,28.042344764402756,613.3743659593165,20,,True
1601,25,53,45,46.807884914179645,71.21976925817773,46.807884914179645,615.2649358846247,20,,True
1602,25,53,60,17.213631859670084,26.680958037530555,17.213631859670084,613.1889261305332,20,,True
1603,25,53,75,22.597736067324877,36.24327603741063,22.597736067324877,613.351205829531,20,,True
1604,25,53,90,25.875765625635783,39.65492833520204,25.875765625635783,614.371876232326,20,,True
1605,25,53,105,26.367057165006795,42.05197906246953,26.367057165006795,613.6616659350693,20,,True
1606,25,53,120,8.779086438566447,13.36499085490185,8.779086438566447,614.7783570922911,20,,True
1607,25,53,135,14.203968347360691,16.73485611413029,14.203968347360691,613.3164260536432,20,,True
1608,25,53,150,12.792931922276814,13.81467165686802,12.792931922276814,614.0268868766725,20,,True
1609,25,53,165,10.02885911812385,12.090135524589462,10.02885911812385,613.9848660677671,20,,True
1610,25,53,180,10.746185475587845,11.946112547122144,10.746185475587845,612.8434459678829,20,,True
1611,25,53,195,8.12969822466063,13.556633037238884,8.12969822466063,611.9757671840489,20,,True
1612,25,53,210,7.323644161651221,11.497876036345543,7.323644161651221,606.1238260008395,20,,True
1613,25,53,225,4.968248901547243,8.186496541027823,4.968248901547243,605.044576805085,20,,True
1614,25,84,30,4.628131993611654,5.145059323713576,4.628131993611654,613.7072560377419,20,,True
1615,25,84,45,18.972540216644607,34.372232584370835,18.972540216644607,613.731597084552,20,,True
1616,25,84,60,39.33002088069916,58.5012172012154,39.33002088069916,613.8825467787683,20,,True
1617,25,84,75,16.329097827275593,26.54205608031464,16.329097827275593,613.1419269368052,20,,True
1618,25,84,90,18.825611564517022,33.26808847692223,18.825611564517022,614.2968465574086,20,,True
1619,25,84,105,43.301616459091505,65.39686090038099,43.301616459091505,613.8018667697906,20,,True
1620,25,84,120,4.847530921300252,5.388642325377616,4.847530921300252,611.8080769665539,20,,True
1621,25,84,135,5.2725813070933025,5.874202050710894,5.2725813070933025,613.842657301575,20,,True
1622,25,84,150,5.118193467458089,5.692513539300504,5.118193467458089,614.3455561250448,20,,True
1623,25,84,165,13.397609947125117,27.343455773893286,13.397609947125117,611.0292868688703,20,,True
1624,25,84,180,40.363511655231314,56.195627437826545,40.363511655231314,605.5097072385252,20,,True
1625,25,84,195,15.44825132365028,21.73635664395632,15.44825132365028,612.3240669257939,20,,True
1626,25,84,210,34.99388397062818,51.872803238613535,34.99388397062818,606.3543269410729,20,,True
1627,25,84,225,15.853070942560832,18.80074341452637,15.853070942560832,606.4684670418501,20,,True
1628,25,59,30,6.630651658773422,14.89854677610831,6.630651658773422,612.6425266265869,20,,True
1629,25,59,45,37.935891212554026,62.25744155028885,37.935891212554026,613.3122071623802,20,,True
1630,25,59,60,11.074861019353072,19.059858875820915,11.074861019353072,613.6890966445208,20,,True
1631,25,59,75,21.63567532449961,39.00649938917539,21.63567532449961,615.7998368144035,20,,True
1632,25,59,90,39.86279064938426,64.61799465340357,39.86279064938426,614.1329780220985,20,,True
1633,25,59,105,13.669272792711855,22.85932484062532,13.669272792711855,614.399807062,20,,True
1634,25,59,120,31.82123696328296,52.84564224915516,31.82123696328296,613.8052167370915,20,,True
1635,25,59,135,6.974296103914579,8.072049925866366,6.974296103914579,613.056437112391,20,,True
1636,25,59,150,3.112138235569,4.479297451311515,3.112138235569,614.488166756928,20,,True
1637,25,59,165,17.117531355222066,37.30357429134581,17.117531355222066,614.7752972319722,20,,True
1638,25,59,180,23.632011509950583,39.7462268853755,23.632011509950583,616.9484280981123,20,,True
1639,25,59,195,38.80716268842419,69.2340504016484,38.80716268842419,617.6875666715205,20,,True
1640,25,59,210,29.972010948012272,48.72372593129535,29.972010948012272,615.3413481079042,20,,True
1641,25,59,225,14.764759375050199,24.8941365254614,14.764759375050199,616.0874171182513,20,,True
1642,25,49,30,38.24472210208575,53.16964443021561,38.24472210208575,614.0099670737982,20,,True
1643,25,49,45,27.604251552621523,38.75045993471141,27.604251552621523,614.980676677078,20,,True
1644,25,49,60,23.837333555022877,44.701917526370416,23.837333555022877,613.5253082029521,20,,True
1645,25,49,75,11.97256763279438,18.864323967474693,11.97256763279438,614.3225380219519,20,,True
1646,25,49,90,25.251234023769698,40.71693096582609,25.251234023769698,614.3520879559219,20,,True
1647,25,49,105,45.54759659071763,74.04225520417909,45.54759659071763,615.2445380575955,20,,True
1648,25,49,120,35.08409084479014,55.53576585636244,35.08409084479014,614.6040977910161,20,,True
1649,25,49,135,63.191507380207376,98.40895449831666,63.191507380207376,614.1446176916361,20,,True
1650,25,49,150,28.124318939447402,38.91493735605386,28.124318939447402,614.7578079253435,20,,True
1651,25,49,165,38.98801485498746,50.61624038503688,38.98801485498746,614.5284571684897,20,,True
1652,25,49,180,31.897425413131714,35.23299064538101,31.897425413131714,614.3425377085805,20,,True
1653,25,49,195,14.945323371887207,15.705738298305315,14.945323371887207,613.5588078759611,20,,True
1654,25,49,210,10.606848112742107,16.131204933874084,10.606848112742107,614.9474778212607,20,,True
1655,25,49,225,8.296738688151041,10.653931559358847,8.296738688151041,614.3794977106154,20,,True
1656,25,7,30,16.407779274880887,33.77175479819858,16.407779274880887,615.9463580697775,20,,True
1657,25,7,45,33.40514086484909,49.40386555482878,33.40514086484909,615.2282981202006,20,,True
1658,25,7,60,59.381462186574936,88.09361457960901,59.381462186574936,615.0287776254117,20,,True
1659,25,7,75,29.530969760318598,34.308260235285424,29.530969760318598,614.2612686380744,20,,True
1660,25,7,90,40.178845503926276,66.09626055710851,40.178845503926276,614.1741778701544,20,,True
1661,25,7,105,22.288474217057228,33.72099817589098,22.288474217057228,615.5894780531526,20,,True
1662,25,7,120,48.69251583019892,75.51752437506697,48.69251583019892,613.27990796417,20,,True
1663,25,7,135,56.512730687856674,85.6238601669945,56.512730687856674,604.6578781679273,20,,True
1664,25,7,150,16.56275836030642,23.601929322485883,16.56275836030642,610.7806083746254,20,,True
1665,25,7,165,6.2629753669102985,7.534101086489792,6.2629753669102985,614.7368275560439,20,,True
1666,25,7,180,8.529939969877402,14.436108800641255,8.529939969877402,614.5120281726122,20,,True
1667,25,7,195,36.0832735935847,53.14642038179176,36.0832735935847,613.2559981197119,20,,True
1668,25,7,210,57.52026176452637,86.16138454063753,57.52026176452637,615.0581790134311,20,,True
1669,25,7,225,19.16942653656006,28.659782643814363,19.16942653656006,614.9386879988015,20,,True
1670,25,47,30,2.4931010882059734,3.6483323797355283,2.4931010882059734,616.6307493112981,20,,True
1671,25,47,45,12.876276620229085,32.51125550204418,12.876276620229085,616.5680778212845,20,,True
1672,25,47,60,36.63324516514937,59.06815936622146,36.63324516514937,609.5762993209064,20,,True
1673,25,47,75,21.872692900399368,36.586869995823584,21.872692900399368,606.2288978137076,20,,True
1674,25,47,90,57.73435220172008,90.00775462320338,57.73435220172008,613.352089188993,20,,True
1675,25,47,105,12.708045274019241,22.087413166927803,12.708045274019241,607.4704490602016,20,,True
1676,25,47,120,12.57901321252187,21.86557227993618,12.57901321252187,609.2694383114576,20,,True
1677,25,47,135,12.650469867388408,21.95268266849706,12.650469867388408,615.1698790490627,20,,True
1678,25,47,150,12.518766751885414,21.884436391282087,12.518766751885414,614.5138489082456,20,,True
1679,25,47,165,12.32498684177796,21.611248470394795,12.32498684177796,615.8673078753054,20,,True
1680,25,47,180,25.497303602596123,48.84841462839292,25.497303602596123,615.2378986589611,20,,True
1681,25,47,195,59.99124023318291,89.46434344705357,59.99124023318291,614.762669429183,20,,True
1682,25,47,210,33.98069913921257,49.82728948224636,33.98069913921257,614.3272193148732,20,,True
1683,25,47,225,14.010893514255683,22.166488225452117,14.010893514255683,614.1147492453456,20,,True
1684,25,30,30,7.552988388761878,10.453399697259115,7.552988388761878,615.3633985668421,20,,True
1685,25,30,45,3.5988972157239916,4.556149447009175,3.5988972157239916,615.1275490410626,20,,True
1686,25,30,60,3.270998712380727,4.038020665831667,3.270998712380727,613.522328902036,20,,True
1687,25,30,75,3.5208456821739675,4.196922810139836,3.5208456821739675,614.9121993221343,20,,True
1688,25,30,90,2.6079816788434984,3.2881430427761043,2.6079816788434984,615.1252291165292,20,,True
1689,25,30,105,2.533789747953415,4.070120025670806,2.533789747953415,614.6062188781798,20,,True
1690,25,30,120,3.040006780003508,3.9357013660307345,3.040006780003508,615.2275893837214,20,,True
1691,25,30,135,2.6142295747995377,3.469038780605446,2.6142295747995377,615.1823690161109,20,,True
1692,25,30,150,2.9319530272545915,3.6787072149065505,2.9319530272545915,615.009609144181,20,,True
1693,25,30,165,4.241819104334961,6.62263531776364,4.241819104334961,617.7794388495386,20,,True
1694,25,30,180,3.9705752773831287,5.17221355013407,3.9705752773831287,613.6470693163574,20,,True
1695,25,30,195,4.18966459116588,4.826066097195633,4.18966459116588,613.7415589764714,20,,True
1696,25,30,210,3.310281572304666,4.186543197353799,3.310281572304666,613.8642593286932,20,,True
1697,25,30,225,2.3626389402896164,3.493752447764257,2.3626389402896164,614.116569980979,20,,True
