sample_id,video,user,timestep,selector,mae,upstream_mse,corrected_mse,mean_angular_error,evaluation_loss,absolute_error_sum,upstream_squared_error_sum,corrected_squared_error_sum,element_count,latency_ms,selector_latency_ms,prediction_sha256,finite
0,4,83,30,recent_k2,14.794866561889648,386.3242492675781,386.3242492675781,14.794866561889648,0.013763427734375,887.6919555664062,23179.453125,23179.453125,60,606.2683807685971,0.05632000043988228,5f99b9e0d1775a7990452f1d4a6a92795ccb56b2f1c57b1c2dbf4b2f86302b45,True
1,4,83,45,recent_k2,22.400081634521484,750.2317504882812,750.2317504882812,22.400081634521484,0.0243377685546875,1344.0048828125,45013.90234375,45013.90234375,60,606.3291798345745,0.055296000093221664,1ddc126cfea647d83e1e21a2e66927ceb988b8e974eff76545d1e0cc8eff3052,True
2,4,83,60,recent_k2,12.799209594726562,269.89697265625,269.89697265625,12.799209594726562,0.00920867919921875,767.9525146484375,16193.818359375,16193.818359375,60,605.940043926239,0.055296000093221664,478318328a37a88a0d016df3a539b57258d2b8de3c94a1b5e257231233cb3cd7,True
3,4,83,75,recent_k2,19.422319412231445,873.5609741210938,873.5609741210938,19.422319412231445,0.0284423828125,1165.339111328125,52413.65625,52413.65625,60,610.081606078893,0.05632000043988228,8e2d5ad2d0f206efd7c8c1c81ce5a6d688a598994d0edc8e3a4ccebc350cacf5,True
4,4,83,90,recent_k2,24.055185317993164,11050.892578125,1596.2255859375,24.055185317993164,0.34326171875,1443.31103515625,663053.5,95773.53125,60,606.5387888811529,0.062463998794555664,57eabf07ccccd87f84e9390ff3bb0505ea8f58ab2c0602e23ce96a9fa1b55cf6,True
5,4,83,105,recent_k2,40.8357048034668,4584.6650390625,4498.81396484375,40.8357048034668,0.1439208984375,2450.14208984375,275079.875,269928.8125,60,618.2793038897216,0.055296000093221664,1972275b708eb3786bafc0bf29006d367fd32c77d410803d587f411adc785c5f,True
6,4,83,120,recent_k2,6.702305316925049,75.90608978271484,75.90608978271484,6.702305316925049,0.0030345916748046875,402.1383056640625,4554.365234375,4554.365234375,60,607.4533797800541,0.055296000093221664,c69cf4d58c316673be48243c95a97894f97bed8ebae391e6aade0ecd41c5d1eb,True
7,4,83,135,recent_k2,6.421079158782959,50.637657165527344,50.637657165527344,6.421079158782959,0.0022792816162109375,385.2647399902344,3038.25927734375,3038.25927734375,60,605.9255851432681,0.055296000093221664,be694d3d07f21aa788e667562abf61ca725a740245239461e3feef8cb0437cb9,True
8,4,83,150,recent_k2,11.544086456298828,309.1996765136719,309.1996765136719,11.544086456298828,0.010498046875,692.6451416015625,18551.98046875,18551.98046875,60,606.3632108271122,0.055296000093221664,49c0c7f9ed550cd3a0a13717ee0eb4285e8d9b4dc479824c56e18404593c9020,True
9,4,83,165,recent_k2,7.292770862579346,89.85111999511719,89.85111999511719,7.292770862579346,0.002902984619140625,437.56622314453125,5391.06689453125,5391.06689453125,60,600.1939759589732,0.055296000093221664,bfb0138e1281afa9fb8b97f92c8502c310a0dc80c198c0055aa683371685281e,True
10,4,83,180,recent_k2,27.885662078857422,2220.2763671875,2220.2763671875,27.885662078857422,0.07183837890625,1673.1396484375,133216.578125,133216.578125,60,619.8346111923456,0.055296000093221664,423964ef217e65def3e85197975cd90c21558e7ea1fa5f87e991ef0b22519a52,True
11,4,83,195,recent_k2,12.975024223327637,249.3582000732422,249.3582000732422,12.975024223327637,0.01178741455078125,778.5014038085938,14961.4912109375,14961.4912109375,60,606.8931370973587,0.09523200243711472,a1cc2a2e0c2e2adc6a1fd0838a23a34b8e8f256e625215bc3fca4640ad967350,True
12,4,83,210,recent_k2,12.05698013305664,430.40057373046875,430.40057373046875,12.05698013305664,0.01369476318359375,723.4187622070312,25824.033203125,25824.033203125,60,605.0776829943061,0.05632000043988228,1216ca87aae75ad2535c2f1e7eafe05dfe8b4eacaba6e126e9c67803891c8ddf,True
13,4,83,225,recent_k2,30.856569290161133,9524.8154296875,2228.698486328125,30.856569290161133,0.296142578125,1851.39404296875,571488.875,133721.90625,60,604.8668650910258,0.055296000093221664,ce066c121bd7c7b4153532024a1b42ef6225777e5f5dea396beeb4cc75f68c0a,True
14,4,15,30,recent_k2,10.150179862976074,156.81600952148438,156.81600952148438,10.150179862976074,0.00539398193359375,609.0107421875,9408.9599609375,9408.9599609375,60,603.3045989461243,0.055296000093221664,74b6ee059ca3684cd2960f80df553f192ad7c829d5cb60aec5702d24346a8f69,True
15,4,15,45,recent_k2,3.038217067718506,15.858173370361328,15.858173370361328,3.038217067718506,0.0004973411560058594,182.2930145263672,951.4903564453125,951.4903564453125,60,597.372941672802,0.05427199974656105,12916d01df16ef0cb7dad2a32c5b94672bc47eb8e049be445922b6ec56341193,True
16,4,15,60,recent_k2,1.5873881578445435,4.047112941741943,4.047112941741943,1.5873881578445435,0.00013697147369384766,95.2432861328125,242.82675170898438,242.82675170898438,60,602.9868419282138,0.055296000093221664,7692c60fc2377367efae32781af4d09a49fd7ed23336489ef5a8b91bca3e0c11,True
17,4,15,75,recent_k2,1.4719278812408447,3.827267646789551,3.827267646789551,1.4719278812408447,0.0001329183578491211,88.31566619873047,229.63604736328125,229.63604736328125,60,600.354656111449,0.05632000043988228,1ae0669d616db84c24f6e98b74fb056b88401d9a67f9c4733ac563200f2f1a51,True
18,4,15,90,recent_k2,1.4953837394714355,4.23445987701416,4.23445987701416,1.4953837394714355,0.0001386404037475586,89.7230224609375,254.06756591796875,254.06756591796875,60,599.3943447247148,0.055296000093221664,eeb01fef3e83f2630a0ddae4233532d3b12cddd6ebeca8c4acb8225a4fb66692,True
19,4,15,105,recent_k2,7.0037713050842285,143.699462890625,143.699462890625,7.0037713050842285,0.005054473876953125,420.22625732421875,8621.9677734375,8621.9677734375,60,606.5261913463473,0.055296000093221664,b6cc5a1fc3a7b01287d2e109adbe7947ba0cc2d2971040f8d3f061c6806fa936,True
20,4,15,120,recent_k2,8.597312927246094,167.67031860351562,167.67031860351562,8.597312927246094,0.0053253173828125,515.8387451171875,10060.21875,10060.21875,60,606.2081437557936,0.05632000043988228,e164ba233aa467541209616cb684eda5603ec96278dd29b5c1d3d1ad41e06d7e,True
21,4,15,135,recent_k2,1.3263245820999146,4.059085369110107,4.059085369110107,1.3263245820999146,0.00013518333435058594,79.5794677734375,243.54510498046875,243.54510498046875,60,606.2219338491559,0.062463998794555664,ae90dbc942a74caea8e35c5b0b751f5c4d1c83cbd03ac64fe83d0eb13fc4b776,True
22,4,15,150,recent_k2,1.2868329286575317,3.106093168258667,3.106093168258667,1.2868329286575317,0.00010353326797485352,77.20996856689453,186.36558532714844,186.36558532714844,60,605.9896168299019,0.05427199974656105,9035126e317632f86e85403dd3f4940b4a0c0d6e84aeeeaa9767b635f027e480,True
23,4,15,165,recent_k2,7.013252258300781,175.33187866210938,175.33187866210938,7.013252258300781,0.00555419921875,420.79510498046875,10519.912109375,10519.912109375,60,606.0360567644238,0.05427199974656105,8b8ad5d05b6b1c55136c00fd5ccf72234642ae7f597eb6b1f8f6a80515e63151,True
24,4,15,180,recent_k2,13.51523494720459,549.6756591796875,549.6756591796875,13.51523494720459,0.017913818359375,810.9140625,32980.5390625,32980.5390625,60,606.1034258455038,0.055296000093221664,bb7ac84ef150e97aeb080fec0cac73e5cc4a51665255265a3386fc57e9b86b43,True
25,4,15,195,recent_k2,7.677124500274658,100.04794311523438,100.04794311523438,7.677124500274658,0.0035419464111328125,460.62744140625,6002.87646484375,6002.87646484375,60,606.0199472121894,0.05734400078654289,8d43734069635659c4fce95128fc8385eb6f7385aa5e0394019a00bf3e8e8e2e,True
26,4,15,210,recent_k2,23.34529685974121,4719.65185546875,1868.8607177734375,23.34529685974121,0.146728515625,1400.7177734375,283179.09375,112131.640625,60,606.158475857228,0.05628800019621849,4ad53a0a469afdbb7b8f47074fc213cff420104df3e1a5cb289d1037a8bcf98e,True
27,4,15,225,recent_k2,12.902140617370605,9805.623046875,359.50653076171875,12.902140617370605,0.3046875,774.12841796875,588337.375,21570.390625,60,605.4462133906782,0.05632000043988228,80aaa82cd9b3d3bf5c1d26d0c97e0f2047fcdb8bf3af97d3d6bdabac18de9410,True
28,4,3,30,recent_k2,13.158584594726562,357.901123046875,357.901123046875,13.158584594726562,0.01425933837890625,789.5150146484375,21474.06640625,21474.06640625,60,604.8686383292079,0.055296000093221664,e3bc7cb313cfdf226edf6cffb3c51cfcad9ceb6a9f72879430a105e4ad0ba0b1,True
29,4,3,45,recent_k2,20.746688842773438,801.5119018554688,801.5119018554688,20.746688842773438,0.0252838134765625,1244.80126953125,48090.7109375,48090.7109375,60,604.0159249678254,0.05427199974656105,89767bfc53b84c6d7f6b7f8a5088c713486644b2c36fcde4dd192b09f8f00497,True
30,4,3,60,recent_k2,8.460003852844238,92.66185760498047,92.66185760498047,8.460003852844238,0.0037975311279296875,507.6002197265625,5559.7109375,5559.7109375,60,605.540731921792,0.055296000093221664,bb01d99b61c4df6c8861ee7ed8cb1dbfc950264aadd30d6fd3eac129ebbd75ff,True
31,4,3,75,recent_k2,6.319321155548096,70.82662200927734,70.82662200927734,6.319321155548096,0.002349853515625,379.15924072265625,4249.59716796875,4249.59716796875,60,603.9769761264324,0.058368001133203506,85a76c22dec578ca7c9830a5c808df275ae13855b0ae36ce5f0d8d590d136490,True
32,4,3,90,recent_k2,2.4307870864868164,13.50736141204834,13.50736141204834,2.4307870864868164,0.0005221366882324219,145.8472137451172,810.441650390625,810.441650390625,60,604.5808508060873,0.05427199974656105,d670d7b6df7ec43fda6579cf2b36aaf9a665fa3e86f731124b290d1fe2cc8d06,True
33,4,3,105,recent_k2,4.5866923332214355,50.334354400634766,50.334354400634766,4.5866923332214355,0.001689910888671875,275.2015380859375,3020.06103515625,3020.06103515625,60,604.7534300014377,0.055296000093221664,7797a257bdb0a77e5f16f97265a354b34930eac38fdff4f938f1e897b3a9038a,True
34,4,3,120,recent_k2,3.455436944961548,32.081214904785156,32.081214904785156,3.455436944961548,0.0016164779663085938,207.32620239257812,1924.872802734375,1924.872802734375,60,604.5121322385967,0.05632000043988228,6bf7bc478425e968ca38dc3d12588745e8158838d9ff590ac8364c8f1566d5ab,True
35,4,3,135,recent_k2,11.796234130859375,225.28468322753906,225.28468322753906,11.796234130859375,0.0092010498046875,707.7739868164062,13517.080078125,13517.080078125,60,605.1108371466398,0.05632000043988228,2e20bd83213c9a112bc92c173ec38caf69744517f15b8d90bd9c20f52d46f6b2,True
36,4,3,150,recent_k2,11.561100959777832,261.1346740722656,261.1346740722656,11.561100959777832,0.00839996337890625,693.666015625,15668.080078125,15668.080078125,60,604.4889031909406,0.05427199974656105,08d88f0f79347797734056bad6ed0facb7760abcb943b1f388934a48b74a0308,True
37,4,3,165,recent_k2,13.93609619140625,335.78564453125,335.78564453125,13.93609619140625,0.0139923095703125,836.1657104492188,20147.13671875,20147.13671875,60,605.21883610636,0.05632000043988228,e5bdc40c357d1853854643dd0d5578f9528d23bd0659d8c3548fa66125899efc,True
38,4,3,180,recent_k2,6.853189468383789,140.7196044921875,140.7196044921875,6.853189468383789,0.004489898681640625,411.19134521484375,8443.17578125,8443.17578125,60,604.8059603199363,0.05734400078654289,c2d822c77293c121c9ebf3c58825cf0fcea41d5ff42e84d536190afb28eda5d3,True
39,4,3,195,recent_k2,4.130381107330322,37.67133712768555,37.67133712768555,4.130381107330322,0.0012264251708984375,247.82286071777344,2260.280029296875,2260.280029296875,60,603.9457777515054,0.05632000043988228,71ceaa08623c9ea52383dcc7b5d5c2de47af53e9f3d71403fe0b1f81d26abb01,True
40,4,3,210,recent_k2,1.6292048692703247,4.276736259460449,4.276736259460449,1.6292048692703247,0.00024020671844482422,97.75228881835938,256.6041564941406,256.6041564941406,60,603.9753779768944,0.055296000093221664,5b1fa6d22bac07a1dca45e677c5d6a6c141ebafc88416837004e8b462989c234,True
41,4,3,225,recent_k2,3.474485158920288,14.342704772949219,14.342704772949219,3.474485158920288,0.0008287429809570312,208.46910095214844,860.562255859375,860.562255859375,60,604.6538120135665,0.055296000093221664,10fe5c17939f5e5db1a74e910d67218af54001ed19fe3bc330d4ccd1804f0dfd,True
42,4,35,30,recent_k2,8.27336311340332,108.03412628173828,108.03412628173828,8.27336311340332,0.00453948974609375,496.4017639160156,6482.04736328125,6482.04736328125,60,604.5565633103251,0.055296000093221664,ced26c46feace6d69c8d1158cbdc971baa8cb504654206bc77d553b9e7fc62b8,True
43,4,35,45,recent_k2,6.769251823425293,63.62443542480469,63.62443542480469,6.769251823425293,0.0023746490478515625,406.15509033203125,3817.4658203125,3817.4658203125,60,605.022419244051,0.055296000093221664,a006e3e4932bb1e7b5039269f9e6a677f4e1d424fe678a7bba69caed2dff9039,True
44,4,35,60,recent_k2,3.6253488063812256,28.202438354492188,28.202438354492188,3.6253488063812256,0.0009975433349609375,217.5209197998047,1692.146240234375,1692.146240234375,60,604.9508103169501,0.05632000043988228,86f59c47e5806f659571b6fd065102047fd431aea2f4f0abd640660fa0f596dc,True
45,4,35,75,recent_k2,2.2822370529174805,11.224742889404297,11.224742889404297,2.2822370529174805,0.0003826618194580078,136.93421936035156,673.4845581054688,673.4845581054688,60,599.6044371277094,0.055296000093221664,91b57ba78ec03d4f368d1fc5af3303ec968f614193ed463cf92dcea879abbd79,True
46,4,35,90,recent_k2,2.9544317722320557,41.92316818237305,41.92316818237305,2.9544317722320557,0.001384735107421875,177.26589965820312,2515.389892578125,2515.389892578125,60,599.3522899225354,0.05427199974656105,7d70a92f7dc2839cb9f09a6ebdb7890614cb5553f3a2dd4bed6af4f9da3e1d42,True
47,4,35,105,recent_k2,5.728599548339844,59.40102005004883,59.40102005004883,5.728599548339844,0.002471923828125,343.7159423828125,3564.06103515625,3564.06103515625,60,597.9913119226694,0.05734400078654289,535bf197826c87216e8a169505b565e8c6dcbc3818edf526f07bfdf4e0b0a5a2,True
48,4,35,120,recent_k2,4.908321380615234,39.78607940673828,39.78607940673828,4.908321380615234,0.002155303955078125,294.499267578125,2387.16455078125,2387.16455078125,60,605.8242316357791,0.055296000093221664,4eb6baadc2ca35f960f47159b15f1d7aac50394fc15fc50fccd74f1c7c503708,True
49,4,35,135,recent_k2,3.355363130569458,28.597143173217773,28.597143173217773,3.355363130569458,0.0010089874267578125,201.32177734375,1715.8284912109375,1715.8284912109375,60,601.854708045721,0.05427199974656105,eb7d9e2409f903b880884832c90afeecfff16682806dab72ee737b67feb0c627,True
50,4,35,150,recent_k2,4.021727561950684,31.257463455200195,31.257463455200195,4.021727561950684,0.0014009475708007812,241.3036346435547,1875.44775390625,1875.44775390625,60,603.6188630387187,0.06348799914121628,93b6c45615b9f82049fcbca1cc7d031afea252aff5d7508c1c35a166af24889b,True
51,4,35,165,recent_k2,11.209202766418457,273.2652893066406,273.2652893066406,11.209202766418457,0.00958251953125,672.5521240234375,16395.916015625,16395.916015625,60,602.4046731181443,0.05632000043988228,a873ca00a67aac88e8e25e3129c4f2da2ed1650970982a83c1ab0647c2ce75e2,True
52,4,35,180,recent_k2,22.772127151489258,1432.0216064453125,1432.0216064453125,22.772127151489258,0.047882080078125,1366.3275146484375,85921.2890625,85921.2890625,60,601.4910619705915,0.05523199960589409,8ac039184424366c7bde08debad7a6da7ae8155b2f9ccbf5fcae9c8801167660,True
53,4,35,195,recent_k2,5.290241241455078,49.77849197387695,49.77849197387695,5.290241241455078,0.0019006729125976562,317.4144592285156,2986.70947265625,2986.70947265625,60,602.6503322646022,0.06348799914121628,915c013fe4276d0ddfee463d1a187bb31e4a969a0b10850d84063ae09aef86f5,True
54,4,35,210,recent_k2,2.564145088195801,10.96500301361084,10.96500301361084,2.564145088195801,0.000492095947265625,153.84869384765625,657.900146484375,657.900146484375,60,604.950490873307,0.054207999259233475,dab64c5779e14dbf16ad5ab7104deb8ab01282d471bf93e6cc69639efe421d86,True
55,4,35,225,recent_k2,4.488407135009766,59.224830627441406,59.224830627441406,4.488407135009766,0.001941680908203125,269.3044128417969,3553.48974609375,3553.48974609375,60,606.0632220469415,0.055296000093221664,99e48fe1059a0fb0974034dc0705d455f9dc0605ec072927bcc32175187ec940,True
56,4,48,30,recent_k2,4.999573230743408,62.766353607177734,62.766353607177734,4.999573230743408,0.0027942657470703125,299.974365234375,3765.98095703125,3765.98095703125,60,606.1454019509256,0.05427199974656105,ed64efa6544042669a777cf0cc13a19024643974ee2b044234758792867e9da7,True
57,4,48,45,recent_k2,14.766351699829102,489.7484130859375,489.7484130859375,14.766351699829102,0.016357421875,885.9810791015625,29384.90234375,29384.90234375,60,606.4416589215398,0.05632000043988228,1844ad600a162e40ed9de89922f750848bd99743751495ff240fcabbdd70a2bc,True
58,4,48,60,recent_k2,13.27682113647461,417.2413024902344,417.2413024902344,13.27682113647461,0.01348114013671875,796.6092529296875,25034.4765625,25034.4765625,60,609.3225730583072,0.055296000093221664,9de7cbe929e4bd4cdb2cb5f52c2bd37efb5c9156e1dad0f341f360930ede9e13,True
59,4,48,75,recent_k2,5.347095489501953,71.25015258789062,71.25015258789062,5.347095489501953,0.00229644775390625,320.8257141113281,4275.0087890625,4275.0087890625,60,616.1014530807734,0.06656000018119812,d8c7cf10241853ebd240364cb0fd1d974603c6ad5a40fcfce5413b8b11f5e11b,True
60,4,48,90,recent_k2,4.893989086151123,40.19599151611328,40.19599151611328,4.893989086151123,0.001873016357421875,293.63934326171875,2411.75927734375,2411.75927734375,60,604.6037850901484,0.05632000043988228,5acdacb886992437a2ba413365aa935649dcdc6f99e5fd06d54c4851ca15d8fd,True
61,4,48,105,recent_k2,7.809174060821533,138.4280242919922,138.4280242919922,7.809174060821533,0.004978179931640625,468.5504150390625,8305.6806640625,8305.6806640625,60,604.8928941600025,0.05632000043988228,f04447c59d5a80a6440fccf505ef49b59faf19bd919e996a7cac13c2bc6c9547,True
62,4,48,120,recent_k2,27.749900817871094,1753.2171630859375,1753.2171630859375,27.749900817871094,0.056610107421875,1664.9940185546875,105193.0234375,105193.0234375,60,604.6035061590374,0.05632000043988228,a75f297c31bae86d81eb6a7fdddaa40a3b0210ed6c3a4045a82169c62d137cd9,True
63,4,48,135,recent_k2,25.317590713500977,1339.8878173828125,1339.8878173828125,25.317590713500977,0.041961669921875,1519.055419921875,80393.265625,80393.265625,60,605.1395707763731,0.05427199974656105,888b8b62bf5da3f2dfb78417e2480fbda53d64b9d521c4ef62c005fce5d8f0c0,True
64,4,48,150,recent_k2,12.046867370605469,245.8922882080078,245.8922882080078,12.046867370605469,0.01380157470703125,722.81201171875,14753.5361328125,14753.5361328125,60,604.9066530540586,0.05632000043988228,35c23d799667730269190abcc5493bc123f8bed39679bd0c46eea2f28ebde7f1,True
65,4,48,165,recent_k2,5.808727741241455,41.84107208251953,41.84107208251953,5.808727741241455,0.0023593902587890625,348.5236511230469,2510.464111328125,2510.464111328125,60,605.3939093835652,0.055296000093221664,6caf4efc311abfe63336d27ef98650a733766dcd534940b29c91b8008cf3b356,True
66,4,48,180,recent_k2,10.020535469055176,298.6553039550781,298.6553039550781,10.020535469055176,0.01065826416015625,601.2321166992188,17919.31640625,17919.31640625,60,605.1797121763229,0.055296000093221664,27af1d025a3ee6ae85075f78169e4a9f18b0e7fb8b1993662ec4a13bd27276a6,True
67,4,48,195,recent_k2,12.484672546386719,389.65899658203125,389.65899658203125,12.484672546386719,0.0122833251953125,749.080322265625,23379.5390625,23379.5390625,60,605.4784092120826,0.055296000093221664,1a0993154cef0534381ae15d5f15e165070eeb6cd38975a2f48fb0cae8c5699e,True
68,4,48,210,recent_k2,12.951427459716797,387.0492248535156,387.0492248535156,12.951427459716797,0.01265716552734375,777.0856323242188,23222.953125,23222.953125,60,604.8269853927195,0.055296000093221664,e70c51dcba20aa7fa256a64d407f565d6dd6b5e20d3f5f0a1663bc649e437e73,True
69,4,48,225,recent_k2,16.176570892333984,468.6329040527344,468.6329040527344,16.176570892333984,0.0170745849609375,970.59423828125,28117.97265625,28117.97265625,60,604.6301471069455,0.05427199974656105,6af3ede2fd5249e89b7f4dd76fdd08089d167643e4aa550adc2cdc2eb80edaf5,True
70,4,22,30,recent_k2,3.3845129013061523,19.112714767456055,19.112714767456055,3.3845129013061523,0.0011196136474609375,203.07077026367188,1146.7628173828125,1146.7628173828125,60,609.3799448572099,0.05427199974656105,087f4751570796c4e420ac26c1c75ea6be84a77d3b1885102398b8229341c520,True
71,4,22,45,recent_k2,4.946822166442871,27.726877212524414,27.726877212524414,4.946822166442871,0.0018358230590820312,296.809326171875,1663.612548828125,1663.612548828125,60,604.5839171856642,0.06143999844789505,6cde4ee3e93bd5e770d170f7c3e3fae6ee1d4eb5565711540dffa884cdcb101a,True
72,4,22,60,recent_k2,1.9930866956710815,12.73684024810791,12.73684024810791,1.9930866956710815,0.0004029273986816406,119.58519744873047,764.2103881835938,764.2103881835938,60,605.2212920039892,0.055296000093221664,c6db0c5e2dbd147d7d46dc3384dc3a272d923cff3ca54ae204e58671b2e7a83e,True
73,4,22,75,recent_k2,2.369447946548462,9.565140724182129,9.565140724182129,2.369447946548462,0.0003139972686767578,142.1668701171875,573.9083862304688,573.9083862304688,60,605.9533064253628,0.05632000043988228,ab40614d96d7934764eec9011580517121322470b6ba6ae431dc243f892da7c8,True
74,4,22,90,recent_k2,3.7912583351135254,73.57980346679688,73.57980346679688,3.7912583351135254,0.0023021697998046875,227.47549438476562,4414.7880859375,4414.7880859375,60,605.5120499804616,0.05427199974656105,0036d5c8157f71b7d7b419b091e562e2f87e4a639e35e930ec3be442f079ec20,True
75,4,22,105,recent_k2,3.5314033031463623,43.11009979248047,43.11009979248047,3.5314033031463623,0.0013494491577148438,211.88418579101562,2586.60595703125,2586.60595703125,60,606.0538552701473,0.05628800019621849,956a7625c60810b9f2b6c0be3ab33f818768c55c2155a74f8272921a531b82f6,True
76,4,22,120,recent_k2,2.106322765350342,6.693803310394287,6.693803310394287,2.106322765350342,0.0003440380096435547,126.37935638427734,401.628173828125,401.628173828125,60,605.30697228387,0.05427199974656105,8fef4b5abd9ff81d6d4c4d9a262e479191d22fdf4b10ccdb3e84aa9245d7cb50,True
77,4,22,135,recent_k2,1.8567380905151367,6.35789155960083,6.35789155960083,1.8567380905151367,0.0002110004425048828,111.40428161621094,381.4734802246094,381.4734802246094,60,604.1476028040051,0.055296000093221664,ace0fce371270ad389a3caceb7e97064b064e59e9f28d2987cd3e11ca33ff09a,True
78,4,22,150,recent_k2,1.4658108949661255,4.092859268188477,4.092859268188477,1.4658108949661255,0.00017464160919189453,87.94864654541016,245.571533203125,245.571533203125,60,604.6094479970634,0.055296000093221664,732ed087ed9773d08ba4590e81ef178a77f6b97633c0f8742e9f67a07fe4a9b7,True
79,4,22,165,recent_k2,10.44957160949707,302.11590576171875,302.11590576171875,10.44957160949707,0.00981903076171875,626.9742431640625,18126.953125,18126.953125,60,604.4201203621924,0.055296000093221664,cde440796ca10a7e45d0b2342750e15f4e87f5ddfb33759f2bd1f0183a4d0137,True
80,4,22,180,recent_k2,16.672161102294922,910.9907836914062,910.9907836914062,16.672161102294922,0.0288543701171875,1000.3296508789062,54659.4453125,54659.4453125,60,604.3272721581161,0.06451199948787689,26792da7e06e0267d1ea16753c5170a236d3c8ce90d23a7b3da6dd04c2782847,True
81,4,22,195,recent_k2,3.9350454807281494,20.354103088378906,20.354103088378906,3.9350454807281494,0.0008521080017089844,236.10272216796875,1221.24609375,1221.24609375,60,604.9995659850538,0.05632000043988228,a4a816bfa75f74b0f9f3128f0bfbabdf051f6c98f67c96ea352bb193ee6be94c,True
82,4,22,210,recent_k2,5.877382755279541,47.73761749267578,47.73761749267578,5.877382755279541,0.0018205642700195312,352.6429443359375,2864.2568359375,2864.2568359375,60,604.0136339142919,0.05427199974656105,9c1c18706a246d0903735aa8638829617937340b93425723419651e939363023,True
83,4,22,225,recent_k2,5.168155670166016,103.406982421875,103.406982421875,5.168155670166016,0.003246307373046875,310.0893249511719,6204.41845703125,6204.41845703125,60,604.9201767891645,0.05632000043988228,f08a26294abe28b4b8eee93ae7063874c7f0d1d7e92285720a4e606c8b170034,True
84,4,55,30,recent_k2,10.207989692687988,180.614013671875,180.614013671875,10.207989692687988,0.006565093994140625,612.4793701171875,10836.83984375,10836.83984375,60,604.1542338207364,0.055296000093221664,abb98603b0e61317e9ad977c4436201601e2c45847b44b0d1602ab29c47577cb,True
85,4,55,45,recent_k2,8.414729118347168,102.66987609863281,102.66987609863281,8.414729118347168,0.003376007080078125,504.8836975097656,6160.1923828125,6160.1923828125,60,604.2885221540928,0.055296000093221664,b50b1b37f3de16a6a90280e00a6e8464e368e1416e9efd8212393b314012d385,True
86,4,55,60,recent_k2,6.735199451446533,127.05818176269531,127.05818176269531,6.735199451446533,0.004302978515625,404.1119384765625,7623.49072265625,7623.49072265625,60,605.1149060949683,0.05427199974656105,e0080fd22ec42ade99d1b8bcd50446f15539a387a234174c7fa2305b259e759f,True
87,4,55,75,recent_k2,13.296107292175293,616.7644653320312,616.7644653320312,13.296107292175293,0.019287109375,797.7664184570312,37005.8671875,37005.8671875,60,605.5195718072355,0.055296000093221664,0cb74b446cde188497800f38e280953d1147fd843402aff8e981d8884dcf194c,True
88,4,55,90,recent_k2,3.610752582550049,47.749874114990234,47.749874114990234,3.610752582550049,0.0014963150024414062,216.6451416015625,2864.9921875,2864.9921875,60,604.8061377368867,0.06348799914121628,ae57875fb18ec241e79660c33d6f6ec046f237d7a10357bf81063831d3adcb10,True
89,4,55,105,recent_k2,3.6383211612701416,37.44297790527344,37.44297790527344,3.6383211612701416,0.0011968612670898438,218.29925537109375,2246.57861328125,2246.57861328125,60,605.5759820155799,0.055296000093221664,1692e68a543c121ac5493404bcf4da805066cf95d73cf4084c593f8decc144a8,True
90,4,55,120,recent_k2,2.415066719055176,14.25999927520752,14.25999927520752,2.415066719055176,0.000461578369140625,144.90399169921875,855.5999145507812,855.5999145507812,60,605.7408200576901,0.055296000093221664,81de33beac836317ed4153515096b9bbd001f5ee54e5e5d6f945fe37da320cf3,True
91,4,55,135,recent_k2,7.039444446563721,71.1190185546875,71.1190185546875,7.039444446563721,0.002521514892578125,422.36663818359375,4267.14111328125,4267.14111328125,60,605.3696940653026,0.055296000093221664,88a00fba1975a7e0e1e0f7fdad9b3f59ae0103514909bcb2b09669a8a92169df,True
92,4,55,150,recent_k2,15.159086227416992,644.3297729492188,644.3297729492188,15.159086227416992,0.0207672119140625,909.5451049804688,38659.78515625,38659.78515625,60,606.0158479958773,0.05427199974656105,fedfd658341d4891bf38d8793a95d9345fa9ce2c04ee99d3e2d0aba458bd02a6,True
93,4,55,165,recent_k2,31.8901309967041,2944.67431640625,2176.6103515625,31.8901309967041,0.0953369140625,1913.40771484375,176680.453125,130596.609375,60,605.0027371384203,0.06656000018119812,c2c05fc75227f963702f0997ce71433cef91c30dab182be3633b1d03d7f0dcb0,True
94,4,55,180,recent_k2,18.574626922607422,8739.5400390625,1051.1298828125,18.574626922607422,0.271240234375,1114.4775390625,524372.375,63067.79296875,60,604.889509268105,0.055296000093221664,f5ae780c1728f0f8293f803884de8ca51810eba26e04ed84ba4bb6c795b6003e,True
95,4,55,195,recent_k2,11.458489418029785,208.34396362304688,208.34396362304688,11.458489418029785,0.01702880859375,687.5093383789062,12500.63671875,12500.63671875,60,606.2101670540869,0.055296000093221664,f51e5b171dd86ce51b3b6848b48184f38e42d4418f7d6a137180ee3355e2cca9,True
96,4,55,210,recent_k2,40.61769485473633,9149.201171875,4962.607421875,40.61769485473633,0.28564453125,2437.0615234375,548952.0625,297756.4375,60,605.9601400047541,0.055296000093221664,23da93922f4bcd80315000071008d7eef16de74037c6bc708eace3942881b5d7,True
97,4,55,225,recent_k2,30.464841842651367,4020.093505859375,2660.69921875,30.464841842651367,0.125732421875,1827.890380859375,241205.59375,159641.9375,60,605.8719595894217,0.05427199974656105,864a521f46ed7465ad894aae513d5fd487bd31eb63982291cf574d566215e2a4,True
98,4,4,30,recent_k2,19.39946174621582,9173.8935546875,1526.8743896484375,19.39946174621582,0.283447265625,1163.9676513671875,550433.5625,91612.4609375,60,605.6681619957089,0.055296000093221664,d6b6fa8bb7019259e10bf1889a09798469afd8d1ea89af0fd3e342fe013539f3,True
99,4,4,45,recent_k2,9.407431602478027,129.65919494628906,129.65919494628906,9.407431602478027,0.0049285888671875,564.4458618164062,7779.55126953125,7779.55126953125,60,605.6263926438987,0.05427199974656105,f04e2fcad92bcd377c1679ed9960cdd69449742933b5a432c9c8f5be1a23298f,True
100,4,4,60,recent_k2,9.974923133850098,219.4527130126953,219.4527130126953,9.974923133850098,0.00708770751953125,598.495361328125,13167.162109375,13167.162109375,60,607.5921352021396,0.1372160017490387,9bf0e822d6c203f62a9fcf5751dc241b89536458ee34a581770ca0cfc80dfcdc,True
101,4,4,75,recent_k2,10.455648422241211,243.7483367919922,243.7483367919922,10.455648422241211,0.007526397705078125,627.3388671875,14624.8994140625,14624.8994140625,60,605.5359342135489,0.055296000093221664,93c011d8437d2d810bc155a69a4ee83389102292759ce81fe9ae9385f46ddb7f,True
102,4,4,90,recent_k2,9.138076782226562,208.5590057373047,208.5590057373047,9.138076782226562,0.006694793701171875,548.2846069335938,12513.5400390625,12513.5400390625,60,605.376445222646,0.055296000093221664,bc7615234a6ce80c6114de7dd51ac17445ac535a870277a404f5bc0790f7db86,True
103,4,4,105,recent_k2,9.175846099853516,155.98623657226562,155.98623657226562,9.175846099853516,0.004940032958984375,550.5507202148438,9359.173828125,9359.173828125,60,605.7439730502665,0.05632000043988228,a600b09efcb780a9ece3c5a05bb4958ef23d360f5d094a530b4cd2bf0f89bea3,True
104,4,4,120,recent_k2,7.81437873840332,162.78578186035156,162.78578186035156,7.81437873840332,0.005401611328125,468.8627014160156,9767.146484375,9767.146484375,60,605.7315426878631,0.055296000093221664,87c92bb881ecc3604adc86d85304d1cb2e55fde24230d35ef8875d2030192f0b,True
105,4,4,135,recent_k2,8.919584274291992,204.74929809570312,204.74929809570312,8.919584274291992,0.00675201416015625,535.175048828125,12284.95703125,12284.95703125,60,606.1149500310421,0.05430399999022484,a8ea314e55009b93c7b3baec082f8681b8c6452fde04231bf142e1ebfcfd090f,True
106,4,4,150,recent_k2,12.959369659423828,534.0211181640625,534.0211181640625,12.959369659423828,0.0167083740234375,777.5621337890625,32041.265625,32041.265625,60,606.1962000094354,0.055296000093221664,b4c10afdd00924fa2ef5d74c7cf47784603c6d3b3a8b68ea0dd90882d3aad1a9,True
107,4,4,165,recent_k2,10.418797492980957,216.39649963378906,216.39649963378906,10.418797492980957,0.006927490234375,625.1278076171875,12983.7890625,12983.7890625,60,606.0858001001179,0.055296000093221664,71d6a5ddf6bb8cbcf8efef4c2e00e288efed2159786e6df5c4f8fdefa90502cf,True
108,4,4,180,recent_k2,11.196967124938965,1340.86474609375,416.8070068359375,11.196967124938965,0.04150390625,671.8179931640625,80451.8828125,25008.419921875,60,610.124004073441,0.05632000043988228,18e39698349b08f00f7b5c1d4c2ec6552e9647592f0479390830505a68d7a749,True
109,4,4,195,recent_k2,37.68215560913086,10083.08203125,4736.8837890625,37.68215560913086,0.311767578125,2260.92919921875,604984.875,284213.0,60,607.147891074419,0.06348799914121628,43f5a030903099a1a6f3eb2ebca55483796e5784749280a0494908915e6af5ae,True
110,4,4,210,recent_k2,19.956287384033203,12187.5615234375,1555.5992431640625,19.956287384033203,0.376220703125,1197.377197265625,731253.625,93335.953125,60,604.6230741776526,0.0655359998345375,1ad282fdbd58bbf783fae023b42d6840c4f644df08e67127e8f9a714aa0c2292,True
111,4,4,225,recent_k2,14.19544792175293,582.5553588867188,582.5553588867188,14.19544792175293,0.0183258056640625,851.726806640625,34953.3203125,34953.3203125,60,604.7085030004382,0.055296000093221664,ecb593f505b6d9e88141343d522aa4992ba355975bec1bdcd5b7bb3de73b8667,True
112,4,45,30,recent_k2,10.118952751159668,189.95484924316406,189.95484924316406,10.118952751159668,0.00644683837890625,607.1371459960938,11397.2900390625,11397.2900390625,60,617.489280179143,0.055296000093221664,e646b9c2c439f10caad621b4efbd9399f5e51b69aa0a7395162cd4964f292235,True
113,4,45,45,recent_k2,10.295594215393066,270.369384765625,270.369384765625,10.295594215393066,0.00841522216796875,617.735595703125,16222.162109375,16222.162109375,60,607.0115934126079,0.05632000043988228,08b0b5141aabdeb355b50a84b2c8f3076292f99fbe902fa2083c606bc99b4320,True
114,4,45,60,recent_k2,8.334844589233398,162.4824676513672,162.4824676513672,8.334844589233398,0.00507354736328125,500.0906677246094,9748.947265625,9748.947265625,60,606.0918420553207,0.055296000093221664,764abb5415a11d05bc0728eac85ac069a63347705089a4845f81030f7b1ef7b8,True
115,4,45,75,recent_k2,22.135011672973633,2081.695068359375,2081.695068359375,22.135011672973633,0.06536865234375,1328.1005859375,124901.703125,124901.703125,60,611.7666908539832,0.055296000093221664,24ba821532d67e27b09a21ae8c3b8679dd1526910c871e6cbefa2f50ac6fb08e,True
116,4,45,90,recent_k2,45.62796401977539,5374.560546875,5374.560546875,45.62796401977539,0.1671142578125,2737.677734375,322473.625,322473.625,60,611.7429509758949,0.06656000018119812,86da7ff36656094d7a74a471569037362ffa4c161720da4ee5fd9bc2843a6e45,True
117,4,45,105,recent_k2,3.737830400466919,26.2702693939209,26.2702693939209,3.737830400466919,0.0009541511535644531,224.26980590820312,1576.216064453125,1576.216064453125,60,606.2794299796224,0.062463998794555664,f3d5e01e0311c1f5965c5fb9f99bfba6917fb500b46eaaf595a336f303d639e6,True
118,4,45,120,recent_k2,1.6626763343811035,4.359221935272217,4.359221935272217,1.6626763343811035,0.00014495849609375,99.76057434082031,261.5533142089844,261.5533142089844,60,606.4481888897717,0.055296000093221664,8587573899a4220e242e6e56d066c1e92ae8046b23c689c09c7b5569e405a3b3,True
119,4,45,135,recent_k2,1.6843055486679077,4.334163665771484,4.334163665771484,1.6843055486679077,0.00014197826385498047,101.0583267211914,260.0498046875,260.0498046875,60,607.558339368552,0.055296000093221664,4587f19552f1271714e14d7cc96bfcd38bd1111c41065d74dad1534eacf493f9,True
120,4,45,150,recent_k2,1.546826958656311,3.684784173965454,3.684784173965454,1.546826958656311,0.00012052059173583984,92.80961608886719,221.0870361328125,221.0870361328125,60,606.1932719312608,0.05632000043988228,13aa6b422eebbea9650207adb2d0576699f575d4c55d240af6f8f22c816c9da3,True
121,4,45,165,recent_k2,3.3120577335357666,30.79493522644043,30.79493522644043,3.3120577335357666,0.0010433197021484375,198.72344970703125,1847.696044921875,1847.696044921875,60,609.9853469058871,0.0655359998345375,0a978f89cd86bb78564e145e10ddde9952e731207693bf5b5d75a1421c63d326,True
122,4,45,180,recent_k2,10.46864128112793,321.0910949707031,321.0910949707031,10.46864128112793,0.01003265380859375,628.1184692382812,19265.46484375,19265.46484375,60,607.3135118931532,0.055296000093221664,0191edc66f01b8b27d992a427f512bb3eb36b6773faac3d4435521beafa704bd,True
123,4,45,195,recent_k2,3.951096534729004,39.66441345214844,39.66441345214844,3.951096534729004,0.0013141632080078125,237.06578063964844,2379.86474609375,2379.86474609375,60,607.5374498032033,0.05427199974656105,8132a64d9f7d303ac3b2fc713e66d0337797b98fcf1358700b6f1488b4605ab7,True
124,4,45,210,recent_k2,6.718258380889893,106.20280456542969,106.20280456542969,6.718258380889893,0.0033416748046875,403.0954895019531,6372.16796875,6372.16796875,60,606.2619513832033,0.055296000093221664,b017341d7d7f81197b1b802f02a0a9cfe236da87cc75ebc6a191df1da1b4d04b,True
125,4,45,225,recent_k2,6.608118534088135,115.6537857055664,115.6537857055664,6.608118534088135,0.00360870361328125,396.4870910644531,6939.2265625,6939.2265625,60,606.0808631591499,0.05427199974656105,86bcca033abe77ee4d9855fa00df44ffdf6cc396238a98e2ceec234bf0227356,True
126,4,60,30,recent_k2,9.262234687805176,199.02841186523438,199.02841186523438,9.262234687805176,0.006259918212890625,555.7340698242188,11941.7041015625,11941.7041015625,60,606.0726228170097,0.05632000043988228,ef5622f41e2d1ff860cdc505f449dfded28b6d21e5a54690eea67103f430858e,True
127,4,60,45,recent_k2,14.860594749450684,385.1402587890625,385.1402587890625,14.860594749450684,0.01226806640625,891.6356201171875,23108.4140625,23108.4140625,60,607.0130951702595,0.055296000093221664,a1cf2aaa06aca84c85a644d68084f9c2f0011466e2816eb5273f00785e26daef,True
128,4,60,60,recent_k2,4.068881034851074,27.149187088012695,27.149187088012695,4.068881034851074,0.0008955001831054688,244.13284301757812,1628.951171875,1628.951171875,60,607.2661830112338,0.055296000093221664,f3924a50d1f8cbc077f4ad3023013dfdebc6842050dd1a8acb4dee0596485681,True
129,4,60,75,recent_k2,9.468209266662598,216.91873168945312,216.91873168945312,9.468209266662598,0.006801605224609375,568.092529296875,13015.123046875,13015.123046875,60,609.7736009396613,0.055296000093221664,6d040af55219b7fb3664c5254bdc16ed33259e752f11b3dbe6003e76b4135774,True
130,4,60,90,recent_k2,7.360612392425537,126.43437957763672,126.43437957763672,7.360612392425537,0.004009246826171875,441.63671875,7586.0625,7586.0625,60,605.1954813301563,0.06143999844789505,e348434629d08ef3b0e2a03bd49cc78617593460e728ef2dfd03150ba792eb2b,True
131,4,60,105,recent_k2,6.990311145782471,155.46002197265625,155.46002197265625,6.990311145782471,0.0048980712890625,419.41864013671875,9327.6005859375,9327.6005859375,60,605.8478960767388,0.05632000043988228,7c6ea7b537820e3921b2a6eadc467e6c4a0ddc9737b96d05433474726205aab3,True
132,4,60,120,recent_k2,2.9780631065368652,15.95958137512207,15.95958137512207,2.9780631065368652,0.0005383491516113281,178.68377685546875,957.5748291015625,957.5748291015625,60,605.1360531710088,0.05427199974656105,0feabdd75e56ba708bedab713209a790d5ad76255fa058655c53545dd27edb47,True
133,4,60,135,recent_k2,4.423229217529297,42.48960876464844,42.48960876464844,4.423229217529297,0.0013875961303710938,265.39373779296875,2549.37646484375,2549.37646484375,60,604.4826889410615,0.05632000043988228,4ccc517e4de2a5108c0f8456856b8769b1f8b5abbf9d5c9d4627826f89e771a4,True
134,4,60,150,recent_k2,4.757631778717041,49.6826286315918,49.6826286315918,4.757631778717041,0.0015859603881835938,285.4578857421875,2980.95751953125,2980.95751953125,60,606.3265716657043,0.05427199974656105,3c7795172d93c6678ef3763de7241e0b9d564e21291988ec738bfa952c6e6c90,True
135,4,60,165,recent_k2,8.803508758544922,159.2960205078125,159.2960205078125,8.803508758544922,0.0050506591796875,528.2105102539062,9557.7607421875,9557.7607421875,60,605.4796096868813,0.055296000093221664,e0e2554373652e1bc7085d6d0b28c4ee2d7e8c6abe4b74aef6b21a4413e02615,True
136,4,60,180,recent_k2,21.225440979003906,1146.06103515625,1146.06103515625,21.225440979003906,0.035614013671875,1273.5263671875,68763.65625,68763.65625,60,605.3476608358324,0.055296000093221664,f7bcfbb8a2b88ecae40a40f98a0f6becced0c9a7c61e7bf9d0201c35098b3e07,True
137,4,60,195,recent_k2,13.494583129882812,390.0818786621094,390.0818786621094,13.494583129882812,0.0121612548828125,809.6749267578125,23404.912109375,23404.912109375,60,605.8493470773101,0.055296000093221664,58c20d4fcd830a03973c1f988b5ca191dc7f88ff84a44b39ec202859f5b5e037,True
138,4,60,210,recent_k2,4.803147315979004,39.308143615722656,39.308143615722656,4.803147315979004,0.00124359130859375,288.1888122558594,2358.488525390625,2358.488525390625,60,605.5134199559689,0.05734400078654289,bbff13c880759fedf9b340d698043646a8e3eb18c7e7ac66a4f3232d73ac8bdd,True
139,4,60,225,recent_k2,4.3051605224609375,56.18599319458008,56.18599319458008,4.3051605224609375,0.0017557144165039062,258.30963134765625,3371.159423828125,3371.159423828125,60,607.4075433425605,0.055296000093221664,b2c459e452bc02d60e99cd714115e2b33d5a92b2a4cf0f34acef7d104f60150f,True
140,4,26,30,recent_k2,7.067299842834473,100.68572235107422,100.68572235107422,7.067299842834473,0.0034942626953125,424.0379638671875,6041.14306640625,6041.14306640625,60,600.345425773412,0.05427199974656105,1f63cc56ce7f1082894ed6b99e5c49d41cc5a02f513a691713f0390a0ca82eca,True
141,4,26,45,recent_k2,2.411543846130371,9.365245819091797,9.365245819091797,2.411543846130371,0.000301361083984375,144.692626953125,561.9147338867188,561.9147338867188,60,614.1119841486216,0.055296000093221664,fdb4376c79c95fadee3cfaa0ba3482da36e71a926e1eecb8b46fbe69ec722552,True
142,4,26,60,recent_k2,3.004962682723999,15.300683975219727,15.300683975219727,3.004962682723999,0.0005145072937011719,180.29774475097656,918.041015625,918.041015625,60,606.9865683093667,0.06860800087451935,b882b264d6161dd5673c0d1b8253864d6257f19c089449062db4c639ad70a116,True
143,4,26,75,recent_k2,1.6092169284820557,4.153205394744873,4.153205394744873,1.6092169284820557,0.00013506412506103516,96.55300903320312,249.1923065185547,249.1923065185547,60,604.8030070960522,0.055296000093221664,4fa26c7261356a276f976bfe017dd1d279d5afe6aa1e10fb294202b1e8c53c85,True
144,4,26,90,recent_k2,1.7620835304260254,5.110909461975098,5.110909461975098,1.7620835304260254,0.0001666545867919922,105.72500610351562,306.654541015625,306.654541015625,60,605.3497921675444,0.05427199974656105,6e20ccb058f37a35eb88ac0fb96e110d0778e2fbebb4c40f8ad3c4e7f0508c3f,True
145,4,26,105,recent_k2,2.408221960067749,8.020696640014648,8.020696640014648,2.408221960067749,0.000274658203125,144.49331665039062,481.2417907714844,481.2417907714844,60,606.0852659866214,0.05427199974656105,7f44427a6ae4e8bd94d93c68137a6b0320b3f0d3e65d42664de51f43a494002c,True
146,4,26,120,recent_k2,1.9127312898635864,5.580669403076172,5.580669403076172,1.9127312898635864,0.00018084049224853516,114.76387023925781,334.84014892578125,334.84014892578125,60,604.625629261136,0.05427199974656105,f66bbc028d8f73cee0c02bde617c412f62fe84790d8d31cdcc8bb131120f6f0e,True
147,4,26,135,recent_k2,2.45902681350708,9.976358413696289,9.976358413696289,2.45902681350708,0.000324249267578125,147.54159545898438,598.5814819335938,598.5814819335938,60,599.0771190263331,0.054336000233888626,8f52ef0652164ecaad4448f93638c0b73ab29def1d8a22283b29f9af1cdb2ef8,True
148,4,26,150,recent_k2,1.7057656049728394,4.687023162841797,4.687023162841797,1.7057656049728394,0.00015866756439208984,102.34593200683594,281.22137451171875,281.22137451171875,60,603.8795057684183,0.05427199974656105,1fe7962b1bdbb9b73d81eef8153ee6e60aa2f324e452c8cbabe36c6391d8236f,True
149,4,26,165,recent_k2,3.9764106273651123,33.78666305541992,33.78666305541992,3.9764106273651123,0.0010690689086914062,238.58462524414062,2027.19970703125,2027.19970703125,60,602.347310166806,0.05632000043988228,bdcc2e3bbc3137ac5fe900b96d5aa1885ef25c5ddbf35bafec93549159e547b7,True
150,4,26,180,recent_k2,11.07717514038086,494.72894287109375,494.72894287109375,11.07717514038086,0.01535797119140625,664.6304931640625,29683.734375,29683.734375,60,602.949374821037,0.060416001826524734,c2f03b6b067dabe2a47a34c20ca48feddf610aadb03b1c004ca4f8a18b2e7770,True
151,4,26,195,recent_k2,7.402377128601074,146.62295532226562,146.62295532226562,7.402377128601074,0.00467681884765625,444.1426086425781,8797.376953125,8797.376953125,60,602.4464098736644,0.23350399732589722,a12137e5d1e683e3d3146c310727bb677f362a2ab9938bc4d0d7cc27295c8448,True
152,4,26,210,recent_k2,17.517812728881836,713.659912109375,713.659912109375,17.517812728881836,0.0233154296875,1051.0687255859375,42819.59375,42819.59375,60,601.9764337688684,0.05532800033688545,e3321aab01572d9056987167f67e9b93f6ca22896f829ba5bab39c1c71fe6a19,True
153,4,26,225,recent_k2,26.137359619140625,5888.05712890625,1306.3763427734375,26.137359619140625,0.1827392578125,1568.241455078125,353283.40625,78382.578125,60,602.6404779404402,0.055296000093221664,4c71ede1741c4adf9e9b4e7d943b712a74057c84a0a570514c8c026f86eb0c0b,True
154,4,21,30,recent_k2,2.178647756576538,6.872884273529053,6.872884273529053,2.178647756576538,0.0002262592315673828,130.71885681152344,412.373046875,412.373046875,60,605.3791739977896,0.05427199974656105,c86104aec4f83f27c90efc7c56d9828387cca0ab5e6c017fed4bb081f2b51b37,True
155,4,21,45,recent_k2,2.1963186264038086,7.420714378356934,7.420714378356934,2.1963186264038086,0.0002391338348388672,131.77911376953125,445.2428283691406,445.2428283691406,60,605.9519490227103,0.05632000043988228,43242d88f8f45c3fdd03291bfb399c58dc9ba034f5ca0de757aac37e9a264e9a,True
156,4,21,60,recent_k2,2.3493833541870117,8.08056354522705,8.08056354522705,2.3493833541870117,0.00026869773864746094,140.96299743652344,484.83380126953125,484.83380126953125,60,605.2779452875257,0.05427199974656105,bbbf0e0a89cb583042e812288aec12b7a8407702f3dfb3564476e1d817fb6978,True
157,4,21,75,recent_k2,1.9378690719604492,5.852999687194824,5.852999687194824,1.9378690719604492,0.00019371509552001953,116.27214050292969,351.1799621582031,351.1799621582031,60,605.6339023634791,0.055296000093221664,78de1beda420466bb262ec74e5ff0eeb84b9e9b31404a0dbe5a2850d289d372c,True
158,4,21,90,recent_k2,2.13801908493042,7.1487908363342285,7.1487908363342285,2.13801908493042,0.000232696533203125,128.28114318847656,428.92742919921875,428.92742919921875,60,605.0992668606341,0.055296000093221664,5d0a3df6f5069a03d2ede5a839340692e523291698d8f0ed48bf3e790b31b8c0,True
159,4,21,105,recent_k2,1.9345388412475586,6.796624183654785,6.796624183654785,1.9345388412475586,0.00021719932556152344,116.07232666015625,407.79742431640625,407.79742431640625,60,605.6141019798815,0.055296000093221664,e127e8d0f7dc1bac97d52c2723e8b6a58714c478a83b25d9335b2adb88a15744,True
160,4,21,120,recent_k2,2.0932323932647705,7.263760566711426,7.263760566711426,2.0932323932647705,0.0002340078353881836,125.59393310546875,435.82562255859375,435.82562255859375,60,605.0144876353443,0.05430399999022484,d3973b47fb913e1502da1a8288d0aa2a12ddc5e895b0b3d75eb0427187d536e3,True
161,4,21,135,recent_k2,1.9375898838043213,6.12531852722168,6.12531852722168,1.9375898838043213,0.00019824504852294922,116.25538635253906,367.51910400390625,367.51910400390625,60,606.1250977218151,0.055296000093221664,38fa404ed46b870b4ba3afb7c4335bc5cba35314d617d7c53f898fe63d899d06,True
162,4,21,150,recent_k2,1.9106673002243042,6.219156265258789,6.219156265258789,1.9106673002243042,0.00020205974578857422,114.64002990722656,373.14935302734375,373.14935302734375,60,605.623743031174,0.055296000093221664,bbbd0f7fda727fa930d26630013bf60e05f0fe886ce1ed0f677580922b267811,True
163,4,21,165,recent_k2,5.405294895172119,80.01918029785156,80.01918029785156,5.405294895172119,0.0024776458740234375,324.31768798828125,4801.150390625,4801.150390625,60,605.0199079327285,0.055296000093221664,660d0b1777d0f533edd96f3c304427c92028c0ac4c14b9ed79cc4dc90ca7c50e,True
164,4,21,180,recent_k2,6.157933712005615,114.47427368164062,114.47427368164062,6.157933712005615,0.0035762786865234375,369.47601318359375,6868.4560546875,6868.4560546875,60,605.630412697792,0.055296000093221664,3bc9368f71ecb6e705c1b0214747ff2f3b37acbe7fea928604ba60934b176b3f,True
165,4,21,195,recent_k2,3.7198853492736816,19.764266967773438,19.764266967773438,3.7198853492736816,0.0006246566772460938,223.193115234375,1185.85595703125,1185.85595703125,60,618.5027598403394,0.05632000043988228,205ea1aecf5a45706b5fb4c1bac6435d87001ce9a69c2ebaf8ceb59eb8378be3,True
166,4,21,210,recent_k2,2.111217975616455,7.5286431312561035,7.5286431312561035,2.111217975616455,0.00024187564849853516,126.6730728149414,451.71856689453125,451.71856689453125,60,606.3877972774208,0.06451199948787689,1b0f85712f0c4a029bd864e00b2fe7eef715474b529571a1cc4160dffe980811,True
167,4,21,225,recent_k2,2.135131359100342,7.985584735870361,7.985584735870361,2.135131359100342,0.000255584716796875,128.10787963867188,479.13507080078125,479.13507080078125,60,605.8522909879684,0.05632000043988228,0a245e0ccd212d6502d17a3fe63c5cbfbdd416bd6527ab1b03ec9e577c2f0c17,True
168,4,44,30,recent_k2,8.725851058959961,144.82872009277344,144.82872009277344,8.725851058959961,0.00604248046875,523.551025390625,8689.72265625,8689.72265625,60,605.5933637544513,0.055296000093221664,26bc59c7e86f75b1488d3d74ae14b98d08745ce8758855de192145f4f0423452,True
169,4,44,45,recent_k2,4.945497035980225,43.18584442138672,43.18584442138672,4.945497035980225,0.0016269683837890625,296.72979736328125,2591.150634765625,2591.150634765625,60,606.6067353822291,0.06451199948787689,aa37546389da12eafdeea2e4c5da9270c52a3106dcfc7b4d1625c37a8fa67c48,True
170,4,44,60,recent_k2,7.416493892669678,106.8043212890625,106.8043212890625,7.416493892669678,0.0034160614013671875,444.9896240234375,6408.2587890625,6408.2587890625,60,605.4011257365346,0.053247999399900436,5660c5734bbf9a44937ae7c03c6a4d3d618db5d7208cb4ffa5a3864a71116e76,True
171,4,44,75,recent_k2,3.9006969928741455,41.960289001464844,41.960289001464844,3.9006969928741455,0.00182342529296875,234.04180908203125,2517.6171875,2517.6171875,60,605.6397440843284,0.055296000093221664,af40b0b4589298c5e5d1cddf00fb0001ef0c8143840e913460646311c4c91ed6,True
172,4,44,90,recent_k2,16.936431884765625,805.9780883789062,805.9780883789062,16.936431884765625,0.02667236328125,1016.1859130859375,48358.68359375,48358.68359375,60,605.4279366508126,0.05632000043988228,329a5c4887e14d3e12de9782d1ac719157b9149cff019cc3a653ecadc4e0229a,True
173,4,44,105,recent_k2,18.669906616210938,980.2255859375,980.2255859375,18.669906616210938,0.0338134765625,1120.1943359375,58813.53125,58813.53125,60,606.2860889360309,0.05632000043988228,7dc85e762a6bf12c6c5741d1c409f43c840f97b0f6fded682910c4f732f3a48f,True
174,4,44,120,recent_k2,7.411577224731445,72.1272964477539,72.1272964477539,7.411577224731445,0.0026187896728515625,444.6946105957031,4327.6376953125,4327.6376953125,60,605.7110638357699,0.05430399999022484,bdc01eeb1e1bd75acffdc11c9aebb568164d33b6b1b1bf7976e577f67f51fd0d,True
175,4,44,135,recent_k2,5.4293389320373535,47.823665618896484,47.823665618896484,5.4293389320373535,0.002170562744140625,325.76031494140625,2869.419677734375,2869.419677734375,60,605.4918570443988,0.05632000043988228,e7d0b588827a90c7002562a03ccab4292e4c6d22b797d41be5a7df86b98b5ab2,True
176,4,44,150,recent_k2,9.927536964416504,214.6014404296875,214.6014404296875,9.927536964416504,0.00722503662109375,595.6521606445312,12876.0859375,12876.0859375,60,605.1257401704788,0.055296000093221664,f878afb8b32cace95982e780cd33b808e3bad5d1b9a3159f4b716fd553ad0cde,True
177,4,44,165,recent_k2,10.05491828918457,186.00250244140625,186.00250244140625,10.05491828918457,0.006397247314453125,603.2950439453125,11160.1494140625,11160.1494140625,60,604.9803011119366,0.05427199974656105,35e579857c90bda4affd337ce6210384d7dc8cd7947e2bae301b754fa6885f76,True
178,4,44,180,recent_k2,24.442514419555664,1596.6878662109375,1596.6878662109375,24.442514419555664,0.050323486328125,1466.55078125,95801.265625,95801.265625,60,605.2965680137277,0.0655359998345375,0c15a4f48b447942de9a0da5b940f87b0edb3fd00feae3d1a4d15b6975061519,True
179,4,44,195,recent_k2,13.061241149902344,293.6760559082031,293.6760559082031,13.061241149902344,0.01030731201171875,783.6744384765625,17620.5625,17620.5625,60,605.274829082191,0.0655359998345375,6372fe6da22e4ea8a663eeebcc85831f1e8ceac79760a8d96cda5f5e6c8565df,True
180,4,44,210,recent_k2,13.356844902038574,409.872314453125,409.872314453125,13.356844902038574,0.01377105712890625,801.41064453125,24592.337890625,24592.337890625,60,605.3736177273095,0.055296000093221664,1f3b5540a0a3be9355eec5a781a55fa5c74dcdee165d036bce829bf1bbd45a89,True
181,4,44,225,recent_k2,13.864531517028809,526.4464111328125,526.4464111328125,13.864531517028809,0.0167083740234375,831.871826171875,31586.78125,31586.78125,60,604.868893045932,0.05632000043988228,469acfecda84e074de2a8a7d27b781bbf6ae1820be234bef39d9a384e65c5bd4,True
182,4,23,30,recent_k2,37.3469123840332,3558.790771484375,3558.790771484375,37.3469123840332,0.1134033203125,2240.814697265625,213527.4375,213527.4375,60,605.3507989272475,0.055296000093221664,a289cd55daf444719d1229a6c8ffce39ac4e669b7c3145d1a6f2f7285b879cc7,True
183,4,23,45,recent_k2,9.191255569458008,186.73880004882812,186.73880004882812,9.191255569458008,0.00681304931640625,551.4752807617188,11204.3271484375,11204.3271484375,60,605.2003898657858,0.055296000093221664,30f4dde5d6b868b26e53d24e5a5c5634324fcf23d8a60ace24c7126daf7d9e4b,True
184,4,23,60,recent_k2,24.438764572143555,1187.642822265625,1187.642822265625,24.438764572143555,0.03863525390625,1466.3258056640625,71258.5625,71258.5625,60,605.4391078650951,0.05427199974656105,3fae32d01cbf48d164334361ef82c3275c6743555f000d8ef02dcda97449d69a,True
185,4,23,75,recent_k2,9.854028701782227,180.50006103515625,180.50006103515625,9.854028701782227,0.012939453125,591.24169921875,10830.0029296875,10830.0029296875,60,605.754944961518,0.055296000093221664,e5a9c8fb4efbf412400e5597bdd6905a8490a8878e71e650f606d141a3041e2f,True
186,4,23,90,recent_k2,7.755425453186035,96.3751449584961,96.3751449584961,7.755425453186035,0.007038116455078125,465.32550048828125,5782.50830078125,5782.50830078125,60,604.2502983473241,0.055296000093221664,ae4883f7ea35ca90944f22e376277b50166bbb3bb07fc0fa374412bf7108b841,True
187,4,23,105,recent_k2,7.076303482055664,177.62538146972656,177.62538146972656,7.076303482055664,0.006206512451171875,424.57818603515625,10657.5224609375,10657.5224609375,60,601.7206823453307,0.05632000043988228,3763b56b0661a53bcca1b274f38d9c5ab9f9d39deb4a39894ee943f53fb67055,True
188,4,23,120,recent_k2,40.92035675048828,5970.185546875,5500.9033203125,40.92035675048828,0.1844482421875,2455.22119140625,358211.125,330054.1875,60,602.8004321269691,0.05632000043988228,d1b584b7b9f5295cefcf7070264f2c0c4ae89bcc33143c28070f84bec8ca1498,True
189,4,23,135,recent_k2,30.709232330322266,18996.77734375,2165.492919921875,30.709232330322266,0.58740234375,1842.5538330078125,1139806.625,129929.5625,60,605.1545208320022,0.05734400078654289,d719e4960fb11d5c716f199e48c0d680d499df429faa6678b9a863168d042a71,True
190,4,23,150,recent_k2,24.29690933227539,13064.9697265625,1073.9576416015625,24.29690933227539,0.413330078125,1457.814453125,783898.125,64437.453125,60,603.0579600483179,0.05632000043988228,2aefdc5ea8ee2297f3c14d5990fc82c9d5324508b6fc57fb9762ade25278119f,True
191,4,23,165,recent_k2,34.18827438354492,22073.708984375,2678.47216796875,34.18827438354492,0.68701171875,2051.29638671875,1324422.5,160708.328125,60,602.2701570764184,0.055296000093221664,f039cc78ce367f92485fcb30914b6d0f1cfc32da9db81442ed65a55acf6353dd,True
192,4,23,180,recent_k2,35.26312255859375,12020.400390625,2713.982421875,35.26312255859375,0.376708984375,2115.787353515625,721224.0,162838.9375,60,603.5509160719812,0.055296000093221664,9328923408354afd9b6e7eee1c176cab24d192519a2bc6ae9a5e626c4268324c,True
193,4,23,195,recent_k2,11.800891876220703,241.81869506835938,241.81869506835938,11.800891876220703,0.00830078125,708.053466796875,14509.12109375,14509.12109375,60,605.7986160740256,0.05734400078654289,2e1b3d0d5fa1031c74f21e524d4c34544433d82b6f7386145de755b6fe5f7275,True
194,4,23,210,recent_k2,30.452714920043945,1965.162353515625,1965.162353515625,30.452714920043945,0.07012939453125,1827.162841796875,117909.734375,117909.734375,60,606.1933529563248,0.055296000093221664,28d5a5ed71e3a16c15b795151d27dba10bb86ee0de673e680d31f228122021d0,True
195,4,23,225,recent_k2,25.654428482055664,9725.0341796875,1501.6304931640625,25.654428482055664,0.30419921875,1539.265625,583502.0,90097.828125,60,606.3417317345738,0.055296000093221664,08306f5e7ec1a4969388d0682655e70cd41d961f9e95a817da6b084a949c40ad,True
196,4,53,30,recent_k2,7.260719299316406,121.23615264892578,121.23615264892578,7.260719299316406,0.0042266845703125,435.64312744140625,7274.1689453125,7274.1689453125,60,605.4198793135583,0.05427199974656105,474b334ed986e005fa28e6802dc80d2e92493474132194f7c7bcca01bc65327e,True
197,4,53,45,recent_k2,8.513580322265625,95.73609161376953,95.73609161376953,8.513580322265625,0.003398895263671875,510.8148193359375,5744.1650390625,5744.1650390625,60,604.5981370843947,0.05427199974656105,1326fe80b0918147a222a2e60a0f949c654322a68382b62dea3f28c8b77e1840,True
198,4,53,60,recent_k2,4.105774879455566,40.154327392578125,40.154327392578125,4.105774879455566,0.0012912750244140625,246.34646606445312,2409.259521484375,2409.259521484375,60,605.3758608177304,0.055296000093221664,036e2dbcc0d7335386370018feb5ad7082f57d6f9cf0a9987dc77400c83d54de,True
199,4,53,75,recent_k2,13.813847541809082,401.86407470703125,401.86407470703125,13.813847541809082,0.01261138916015625,828.830810546875,24111.84375,24111.84375,60,605.5150800384581,0.055296000093221664,d1a4131d848a2da332e23976191bf6f44f8ee0e81d7ff968e71eb986683a5a8e,True
200,4,53,90,recent_k2,19.431114196777344,631.7615356445312,631.7615356445312,19.431114196777344,0.021392822265625,1165.8668212890625,37905.69140625,37905.69140625,60,606.0025957413018,0.058368001133203506,888375596366f071b93b4aa7aa2afbfba2bf85f46d3beb060045ae1900ff8837,True
201,4,53,105,recent_k2,13.871729850769043,398.1091613769531,398.1091613769531,13.871729850769043,0.01324462890625,832.3037719726562,23886.548828125,23886.548828125,60,606.1609038151801,0.05532800033688545,8b4453ce067fe8d408e8a4a92609c382d63cddb0a2b6618297fd9f115a452180,True
202,4,53,120,recent_k2,15.6079683303833,577.9752807617188,577.9752807617188,15.6079683303833,0.020233154296875,936.47802734375,34678.515625,34678.515625,60,606.8418081849813,0.06348799914121628,5d6b6bd0459531ceefdec922db964f9d557e8992b22dfaab5a87d402f64b273d,True
203,4,53,135,recent_k2,7.358006000518799,93.81451416015625,93.81451416015625,7.358006000518799,0.004024505615234375,441.4803466796875,5628.87060546875,5628.87060546875,60,606.5677409060299,0.055296000093221664,d21fe4631bdf9e184c8acd32eea0827aef3ee0035ee5691ee952b52ade6a0844,True
204,4,53,150,recent_k2,5.942538738250732,53.07232666015625,53.07232666015625,5.942538738250732,0.0017080307006835938,356.55230712890625,3184.33935546875,3184.33935546875,60,605.6094388477504,0.05427199974656105,46662683d0c777243480760b24228c86bdecdd107b9f1ca08056d44231d244d3,True
205,4,53,165,recent_k2,14.997852325439453,478.91650390625,478.91650390625,14.997852325439453,0.0176544189453125,899.87109375,28734.98828125,28734.98828125,60,605.4918295703828,0.055296000093221664,aa0c4953de7ddeea52420c9a855c0c9cfbc30c4293f665495e6c6eb3ebb9a8a1,True
206,4,53,180,recent_k2,14.261159896850586,558.66796875,558.66796875,14.261159896850586,0.0201263427734375,855.6695556640625,33520.078125,33520.078125,60,605.937696993351,0.055296000093221664,196313a4e0d676b61ed778e898cc72a1297573244846415ef0deb659bea9d33c,True
207,4,53,195,recent_k2,6.282185077667236,95.78044128417969,95.78044128417969,6.282185077667236,0.0030498504638671875,376.93109130859375,5746.826171875,5746.826171875,60,605.8441079221666,0.055296000093221664,22413190cd9738bbc7b7fa28e3532ae84461a377399bb4e5bf1bb297e3a02f31,True
208,4,53,210,recent_k2,13.479683876037598,446.3061828613281,446.3061828613281,13.479683876037598,0.014984130859375,808.781005859375,26778.369140625,26778.369140625,60,606.0993052087724,0.055296000093221664,bc87d2f85f0f9f6cb9d391ca45185c1c9cc5fe9eeb86d8aacbd575828e121f8d,True
209,4,53,225,recent_k2,15.074173927307129,470.3218994140625,470.3218994140625,15.074173927307129,0.015533447265625,904.4503784179688,28219.3125,28219.3125,60,605.5892901495099,0.05632000043988228,219bd9bc7613f3426fdbec6425e2329d61aa9c114e79effe1caa910a2e54d790,True
210,4,84,30,recent_k2,41.23326110839844,11798.341796875,4977.16796875,41.23326110839844,0.366455078125,2473.99560546875,707900.5,298630.0625,60,605.49237113446,0.055296000093221664,70f39fca18c396a6c588bf94572503406a46ccc926acb02c3444a314b9c8aae8,True
211,4,84,45,recent_k2,8.029735565185547,101.56828308105469,101.56828308105469,8.029735565185547,0.003704071044921875,481.78411865234375,6094.0966796875,6094.0966796875,60,606.8199290893972,0.05632000043988228,8fe1e2a93e355b2050059c7b4bccd2d50d66669c2078840ae0523f4bc0f2b21c,True
212,4,84,60,recent_k2,35.1071662902832,3252.690185546875,3252.690185546875,35.1071662902832,0.1085205078125,2106.429931640625,195161.40625,195161.40625,60,605.6523998267949,0.055296000093221664,9c6ab4acc7f17a42dbe664a0ed72a228475083caa3d3b6ab039573afe316bc31,True
213,4,84,75,recent_k2,46.694602966308594,4767.20361328125,4767.20361328125,46.694602966308594,0.150390625,2801.676025390625,286032.1875,286032.1875,60,605.2831131964922,0.05532800033688545,cb7772ad41fd42e7834c087367a3490e7fa58e15f632e4e5153a8bf9ee8f7b6e,True
214,4,84,90,recent_k2,7.318576812744141,101.44950103759766,101.44950103759766,7.318576812744141,0.003566741943359375,439.1145935058594,6086.9697265625,6086.9697265625,60,606.2118052504957,0.055296000093221664,b84a7e329b4afaf4207b15f422cf637d709345032974dce4b85f0e38f58343e1,True
215,4,84,105,recent_k2,9.216081619262695,196.36856079101562,196.36856079101562,9.216081619262695,0.00807952880859375,552.96484375,11782.11328125,11782.11328125,60,606.2179049476981,0.055296000093221664,b65cc0d6ac9ad2c78ff948d739c0d42ae5ff8b2c8d1d3d04ec93aafa1b75e10d,True
216,4,84,120,recent_k2,4.363882541656494,26.974720001220703,26.974720001220703,4.363882541656494,0.0009531974792480469,261.83294677734375,1618.483154296875,1618.483154296875,60,608.1077787093818,0.055296000093221664,77ed056cefcf0570a32f89829326916a0222e02b7660fe76fd8ccace7899b7bf,True
217,4,84,135,recent_k2,2.8004934787750244,12.872825622558594,12.872825622558594,2.8004934787750244,0.0004291534423828125,168.02960205078125,772.3695068359375,772.3695068359375,60,605.1233648322523,0.05427199974656105,b2ae1d9300579567566d87bda48f6c0163bf89080f64d602df321e8c97922290,True
218,4,84,150,recent_k2,2.7485218048095703,11.238147735595703,11.238147735595703,2.7485218048095703,0.00038695335388183594,164.9113006591797,674.288818359375,674.288818359375,60,609.7517241723835,0.055296000093221664,6039ffbb9bb6f1f99cfd63e6f9daed2b11728bb97d794085d3e91477f760a780,True
219,4,84,165,recent_k2,13.93137264251709,494.1711120605469,494.1711120605469,13.93137264251709,0.0211334228515625,835.88232421875,29650.265625,29650.265625,60,599.7711229138076,0.05427199974656105,6e33c2ab506175337d45d85d23bad77f960da0b038b850b4f81c1855d3d569fb,True
220,4,84,180,recent_k2,28.676803588867188,1549.6888427734375,1549.6888427734375,28.676803588867188,0.06640625,1720.608154296875,92981.328125,92981.328125,60,606.8343711085618,0.054368000477552414,8f7001c4082d48a5deb04bfea2976507ed17d0e17639f889553a0a8648aace1e,True
221,4,84,195,recent_k2,8.876988410949707,147.8106689453125,147.8106689453125,8.876988410949707,0.004947662353515625,532.6192626953125,8868.6396484375,8868.6396484375,60,605.1130970008671,0.055296000093221664,abf20cd664dceee10d08ac2e129a230fe97e70d96ccab1f7d4232980f96f61c4,True
222,4,84,210,recent_k2,11.556575775146484,337.99005126953125,337.99005126953125,11.556575775146484,0.01119232177734375,693.39453125,20279.40234375,20279.40234375,60,607.4078460223973,0.05632000043988228,ed57e4351ad35b2f271eeab36c00d3f84cef6b390bf0fbe9bc94b20cb18e9c0b,True
223,4,84,225,recent_k2,9.598381996154785,176.779296875,176.779296875,9.598381996154785,0.005706787109375,575.9028930664062,10606.7568359375,10606.7568359375,60,605.266725178808,0.06143999844789505,4a731eec5f0d99319951bff76306b63e1bd5e7185d94575cb7014f32206246bf,True
224,4,59,30,recent_k2,2.633413553237915,9.459831237792969,9.459831237792969,2.633413553237915,0.0003566741943359375,158.0048065185547,567.58984375,567.58984375,60,599.8684228397906,0.055296000093221664,54cb0144f5a8443c523f923f7484a159530a57417a207e38cf60e5b5dc20d381,True
225,4,59,45,recent_k2,1.697866678237915,3.661935329437256,3.661935329437256,1.697866678237915,0.00023365020751953125,101.87199401855469,219.7161102294922,219.7161102294922,60,601.7785570584238,0.055296000093221664,5265e7941047c43e10c72c50ec445e966383b6dece61b64c2d211f7574f41c51,True
226,4,59,60,recent_k2,1.8917264938354492,5.512977600097656,5.512977600097656,1.8917264938354492,0.0002715587615966797,113.50358581542969,330.77862548828125,330.77862548828125,60,605.3409348241985,0.055296000093221664,b0e06fafcf45c9f45f5c004ed700f73e5124d73d5ab4204419a6ee0d5f759754,True
227,4,59,75,recent_k2,1.799842119216919,8.214771270751953,8.214771270751953,1.799842119216919,0.00026106834411621094,107.99052429199219,492.88623046875,492.88623046875,60,605.4466739296913,0.055296000093221664,9c13607b063c835595831b150439d6b5b7c5b84a4c702c77fcc18e85a44bcdce,True
228,4,59,90,recent_k2,2.232732057571411,15.580255508422852,15.580255508422852,2.232732057571411,0.0005741119384765625,133.9639129638672,934.8153076171875,934.8153076171875,60,604.8496989533305,0.05632000043988228,45ac9f105a4a44424f0a2990b7169492570b6b4fc1663fc1b1fd8844b8ee46aa,True
229,4,59,105,recent_k2,2.985121726989746,17.23784828186035,17.23784828186035,2.985121726989746,0.0007658004760742188,179.1072998046875,1034.2708740234375,1034.2708740234375,60,608.1375698558986,0.055296000093221664,0df46dc103b814486c5474a4b089ca1b15eb578bf379116561219e2a5eb4e2c4,True
230,4,59,120,recent_k2,3.25628924369812,14.647037506103516,14.647037506103516,3.25628924369812,0.0005540847778320312,195.37734985351562,878.8222045898438,878.8222045898438,60,606.7375633865595,0.05939200147986412,22b38f866f35b378ba983756d8c4beb8cca88db570c81a5d0c22eff4ae53e873,True
231,4,59,135,recent_k2,2.2918550968170166,7.0939741134643555,7.0939741134643555,2.2918550968170166,0.0004315376281738281,137.51129150390625,425.638427734375,425.638427734375,60,606.3476465642452,0.06348799914121628,1c3e2ed692c51d2f4e02552e55b674ff75e34bb28613bcea41646a69b4ac9ce2,True
232,4,59,150,recent_k2,1.321535587310791,4.288145542144775,4.288145542144775,1.321535587310791,0.0001857280731201172,79.29212951660156,257.2887268066406,257.2887268066406,60,606.2766769900918,0.05427199974656105,e03a3675eb7b5edd3add96311e675dc731b21e2c64116a3664443fe4ffe0fe3d,True
233,4,59,165,recent_k2,9.143198013305664,185.07315063476562,185.07315063476562,9.143198013305664,0.00656890869140625,548.5918579101562,11104.388671875,11104.388671875,60,606.1951676383615,0.055296000093221664,1f7e7c6d9eaa8fd7d0af20bed3f684647028a346a27d123d3f15e81af306c79a,True
234,4,59,180,recent_k2,12.77974796295166,426.9981994628906,426.9981994628906,12.77974796295166,0.0150299072265625,766.7848510742188,25619.890625,25619.890625,60,605.7684323750436,0.05427199974656105,976dca3bff2b9dd1bf9bf6c11b3cda3995d2f3d9e6ab44f9a579eb37d8bf2e26,True
235,4,59,195,recent_k2,4.4793243408203125,31.734392166137695,31.734392166137695,4.4793243408203125,0.0017805099487304688,268.75946044921875,1904.0634765625,1904.0634765625,60,605.9291209094226,0.055296000093221664,484cc24c27a936977ff57864b28704b0cadd7dcac9783c75a26cf08058eb1048,True
236,4,59,210,recent_k2,2.606896162033081,8.808871269226074,8.808871269226074,2.606896162033081,0.0003714561462402344,156.41375732421875,528.5322265625,528.5322265625,60,605.370466131717,0.05632000043988228,d5ea9b7e4ea31c4d34a80ea01dd45490467984314cb92746e62cb92cb445398e,True
237,4,59,225,recent_k2,3.269972324371338,29.174882888793945,29.174882888793945,3.269972324371338,0.0010557174682617188,196.19833374023438,1750.492919921875,1750.492919921875,60,604.6888618730009,0.055296000093221664,0a271d9d5294d128a6fddeb2a4c129c1af448d383b1bc1e6cb1729bf669450f4,True
238,4,49,30,recent_k2,20.14602279663086,828.4594116210938,828.4594116210938,20.14602279663086,0.0293121337890625,1208.7613525390625,49707.5625,49707.5625,60,605.0922079011798,0.055296000093221664,6ca3d188d5537a27755a6e5e6cc421b6f0cdd0db30600ece76949c0a2b7ed4d4,True
239,4,49,45,recent_k2,11.865962982177734,241.92295837402344,241.92295837402344,11.865962982177734,0.011474609375,711.957763671875,14515.376953125,14515.376953125,60,608.7481756694615,0.055296000093221664,a84cba1e4b60533912cf18d36c2f23b536ae145bb847f1219c5c65ef03a16823,True
240,4,49,60,recent_k2,14.56896686553955,451.8606872558594,451.8606872558594,14.56896686553955,0.01532745361328125,874.137939453125,27111.640625,27111.640625,60,605.1724180579185,0.06348799914121628,f2e48273064f6b7471942085be58531c0469fceceacc63d631fedf6aa6ca6979,True
241,4,49,75,recent_k2,11.059412002563477,311.11114501953125,311.11114501953125,11.059412002563477,0.00966644287109375,663.564697265625,18666.66796875,18666.66796875,60,606.5125758759677,0.05427199974656105,5880f7c641b4b7860b5c2f8cfc4e9f8d195254d3b48529480eabda8c265d32c1,True
242,4,49,90,recent_k2,10.092730522155762,174.55227661132812,174.55227661132812,10.092730522155762,0.006664276123046875,605.5637817382812,10473.1357421875,10473.1357421875,60,605.2000182680786,0.055296000093221664,50df542e405149e8c73a3f548ba54800a7d11e550b3a37042adb79f75bc79c9e,True
243,4,49,105,recent_k2,5.024057388305664,33.501949310302734,33.501949310302734,5.024057388305664,0.0018129348754882812,301.44342041015625,2010.1168212890625,2010.1168212890625,60,605.3628772497177,0.06451199948787689,4c2fdd4b95b07ae13ad3bdf07907d60b901b860a7270e97ef3c9aab25be51ef4,True
244,4,49,120,recent_k2,10.867177963256836,213.68240356445312,213.68240356445312,10.867177963256836,0.00927734375,652.0306396484375,12820.943359375,12820.943359375,60,604.7012130729854,0.055296000093221664,1071670b04ae3da88c96f333734c72d4d495121f77093c43ebb93f5b838e6fad,True
245,4,49,135,recent_k2,17.51266860961914,561.3280029296875,561.3280029296875,17.51266860961914,0.01904296875,1050.760009765625,33679.6796875,33679.6796875,60,604.731431696564,0.055296000093221664,8a0a27ad376340302ceb8fa78ce6440348f00949531b5dc47a56ff5805534b47,True
246,4,49,150,recent_k2,39.405086517333984,4316.81884765625,3766.587646484375,39.405086517333984,0.135009765625,2364.30517578125,259009.125,225995.25,60,605.3388281725347,0.055296000093221664,832d1835b9b3cea3921a0c8332afb934f7f4483d1707fd8897bd559212a7de33,True
247,4,49,165,recent_k2,39.63169860839844,19318.6640625,3389.72265625,39.63169860839844,0.6044921875,2377.90185546875,1159119.75,203383.34375,60,605.8606430888176,0.055296000093221664,0e8f437b04c2619a2e6535a6dc015c35ea98f0ec3ccd1eb1ece7ae0017c64a83,True
248,4,49,180,recent_k2,10.159745216369629,155.20318603515625,155.20318603515625,10.159745216369629,0.005275726318359375,609.5846557617188,9312.1904296875,9312.1904296875,60,605.0252611748874,0.05427199974656105,09e6971d357284c6ea08293012d5480ad954adbbecfecac1d2355b243efb0a39,True
249,4,49,195,recent_k2,11.217516899108887,280.70440673828125,280.70440673828125,11.217516899108887,0.009429931640625,673.0509643554688,16842.263671875,16842.263671875,60,604.7092527151108,0.05632000043988228,4e966ff1decb98424bd87cc8321be57303a2cf23eb43bf76ea8b7001073a0bd1,True
250,4,49,210,recent_k2,28.56565284729004,6756.39404296875,2533.390380859375,28.56565284729004,0.212890625,1713.9390869140625,405383.625,152003.421875,60,604.93079200387,0.05632000043988228,b67a5445b4b1cd73900f6c4c8c23e45654f8af616f013062ee4cafc429497899,True
251,4,49,225,recent_k2,23.77994155883789,1126.3626708984375,1126.3626708984375,23.77994155883789,0.03497314453125,1426.79638671875,67581.7578125,67581.7578125,60,605.1510102115571,0.05632000043988228,774f1ce60f3ec57e6531e70cb0270c7a2ba3b307cc7729ff1d0806960b0587cc,True
252,4,7,30,recent_k2,11.56160831451416,235.53968811035156,235.53968811035156,11.56160831451416,0.01087188720703125,693.6964721679688,14132.380859375,14132.380859375,60,604.5584748499095,0.05427199974656105,9a342c5c5db2430d5edec9bada02db5d308789be7538d79409f12870ae6c55e1,True
253,4,7,45,recent_k2,8.8567533493042,155.1790771484375,155.1790771484375,8.8567533493042,0.007472991943359375,531.4051513671875,9310.744140625,9310.744140625,60,604.8363228328526,0.055296000093221664,009bc9e8db17be7d7e393c3b342736f66c2ef470c1c16afb3bb50a2a6a646618,True
254,4,7,60,recent_k2,3.6554203033447266,24.065593719482422,24.065593719482422,3.6554203033447266,0.001190185546875,219.32521057128906,1443.935546875,1443.935546875,60,604.6607042662799,0.05939200147986412,be9a4ff749274f3d89c7fe16a455a11168f174a88f0a419b6d0656ea2cfb3964,True
255,4,7,75,recent_k2,2.0143208503723145,7.6965484619140625,7.6965484619140625,2.0143208503723145,0.0003848075866699219,120.85923767089844,461.7928771972656,461.7928771972656,60,605.4228683933616,0.05427199974656105,89b33155839d74afffbde176046460495678b970f0d37b45b01faab5b4bfa904,True
256,4,7,90,recent_k2,3.490107536315918,53.80669403076172,53.80669403076172,3.490107536315918,0.0021724700927734375,209.4064483642578,3228.4013671875,3228.4013671875,60,606.334809679538,0.07065600156784058,4b0b366a04fdbf6a021a5ea7b5e11e2ad07af6d01ccee84e4d3441ee24737090,True
257,4,7,105,recent_k2,7.55757474899292,109.53398895263672,109.53398895263672,7.55757474899292,0.004726409912109375,453.4544677734375,6572.0390625,6572.0390625,60,605.1095309667289,0.06143999844789505,b8f30a8adab12fc98903a3723fdebdee04741315d12cc02137566b66bbaa36ff,True
258,4,7,120,recent_k2,5.195755481719971,54.56190490722656,54.56190490722656,5.195755481719971,0.00189208984375,311.74530029296875,3273.714111328125,3273.714111328125,60,604.932252317667,0.05632000043988228,2294cc8b156e45ad699bfb196edd1340fc17edf9e89a2b48b06c86bc98ce195e,True
259,4,7,135,recent_k2,5.857888221740723,57.27431869506836,57.27431869506836,5.857888221740723,0.0023956298828125,351.4732666015625,3436.458984375,3436.458984375,60,605.3411588072777,0.05427199974656105,53a6957057425ded88ba06a0dcd3d1bb3b0bdea0a2400c19bb9519b41cbe2465,True
260,4,7,150,recent_k2,5.048748970031738,72.53743743896484,72.53743743896484,5.048748970031738,0.0033588409423828125,302.9249267578125,4352.24609375,4352.24609375,60,604.8461641184986,0.05427199974656105,cf0bf97716e044056d90d0edd7d53f3bea4618249fd231b7e4d9f89e7cc721d7,True
261,4,7,165,recent_k2,13.440751075744629,420.23297119140625,420.23297119140625,13.440751075744629,0.0165252685546875,806.4450073242188,25213.9765625,25213.9765625,60,605.1365807652473,0.055296000093221664,d49595bab3556b251ca1e33a978483e2f18e608ca1793a3148b516e05c26ad34,True
262,4,7,180,recent_k2,23.320110321044922,1428.953857421875,1428.953857421875,23.320110321044922,0.05712890625,1399.20654296875,85737.2265625,85737.2265625,60,605.1142318174243,0.05427199974656105,ea84b8e3a6e603d0c14a29a52665bedbdc3532d0bf2bc1de28d62ab5888c8aae,True
263,4,7,195,recent_k2,12.123751640319824,232.7416534423828,232.7416534423828,12.123751640319824,0.01134490966796875,727.425048828125,13964.498046875,13964.498046875,60,604.5722169801593,0.05427199974656105,59843c82cabe29be76e6358acbecc441c381f2dbdbced09463f6521d276f3b0b,True
264,4,7,210,recent_k2,4.595693111419678,26.21163558959961,26.21163558959961,4.595693111419678,0.0011653900146484375,275.7415771484375,1572.697998046875,1572.697998046875,60,604.2934292927384,0.06451199948787689,b1b571a580dd7454ff58b0fec9fc288ff82520d5177d73b28687eb1f70c97d3c,True
265,4,7,225,recent_k2,5.80526876449585,87.27484130859375,87.27484130859375,5.80526876449585,0.002960205078125,348.31610107421875,5236.490234375,5236.490234375,60,604.8184838145971,0.06348799914121628,5e21419b9cc981a1c899d7dbf22c8eb212162412d318668ea45295270bb242ad,True
266,4,47,30,recent_k2,8.15190315246582,108.14892578125,108.14892578125,8.15190315246582,0.00994873046875,489.1141662597656,6488.93505859375,6488.93505859375,60,606.0144142247736,0.055296000093221664,798a4de6df162b834c41c16fdd981e073cbd859a7b7dea11de7939674d89b287,True
267,4,47,45,recent_k2,3.134162187576294,13.586784362792969,13.586784362792969,3.134162187576294,0.0005993843078613281,188.0497283935547,815.20703125,815.20703125,60,606.6585383377969,0.05427199974656105,adea25286faaa5df9cb2189c61dced2db65a37c9ed2e0dc5c6e8edc7f5347880,True
268,4,47,60,recent_k2,2.101128578186035,5.4954633712768555,5.4954633712768555,2.101128578186035,0.0003254413604736328,126.06770324707031,329.727783203125,329.727783203125,60,606.6992888227105,0.055296000093221664,5d76182ac1f15cba7fcce73f228b149d32198e4c28269801313cdf434dd012b1,True
269,4,47,75,recent_k2,1.4295209646224976,2.8950355052948,2.8950355052948,1.4295209646224976,0.0001195073127746582,85.77125549316406,173.70211791992188,173.70211791992188,60,605.8981558308005,0.055296000093221664,8e4fa9702fc2bde91ab545cc3234a7b97a483e074dbeb6b86e4bd396e211aec8,True
270,4,47,90,recent_k2,2.4778332710266113,12.330920219421387,12.330920219421387,2.4778332710266113,0.00041174888610839844,148.66998291015625,739.8551635742188,739.8551635742188,60,605.9423252008855,0.055296000093221664,36ccc0a1407306997a976f691b3ed380ce476d507e089bd5f1e544fdc6e6ae99,True
271,4,47,105,recent_k2,3.225191354751587,19.302169799804688,19.302169799804688,3.225191354751587,0.0006303787231445312,193.511474609375,1158.130126953125,1158.130126953125,60,617.2083858400583,0.055296000093221664,eead0f55969de01de8eefc8818e16435e3d4c50485b8ec3c015eb0b75125d50e,True
272,4,47,120,recent_k2,3.0981874465942383,12.205117225646973,12.205117225646973,3.0981874465942383,0.0007219314575195312,185.8912353515625,732.3070068359375,732.3070068359375,60,606.5580598078668,0.053279999643564224,c14029209d387f74e063aa5bee68afaed4c542930159cbbe1c81309fe56b8583,True
273,4,47,135,recent_k2,3.1992571353912354,15.866418838500977,15.866418838500977,3.1992571353912354,0.0006198883056640625,191.95541381835938,951.985107421875,951.985107421875,60,613.0542927421629,0.05427199974656105,41ba907b5f5fccad1be66ee0cc85aa00ba4d2fe7dea64bfe456172783e5add44,True
274,4,47,150,recent_k2,9.129968643188477,340.196533203125,340.196533203125,9.129968643188477,0.0119476318359375,547.798095703125,20411.791015625,20411.791015625,60,605.6335591711104,0.062463998794555664,e03b017225735d7e92cc3c7e5585e7ce723f4343c264e2d777c7d80497a7dac6,True
275,4,47,165,recent_k2,33.89747619628906,7814.109375,3687.12451171875,33.89747619628906,0.2432861328125,2033.8485107421875,468846.53125,221227.453125,60,605.0778538919985,0.055296000093221664,8fb7915d021d31a40fd23ddf42cb856f08a65931e920f1170f5acbc58c35dc1c,True
276,4,47,180,recent_k2,9.028675079345703,125.60679626464844,125.60679626464844,9.028675079345703,0.004055023193359375,541.720458984375,7536.4072265625,7536.4072265625,60,604.8824260942638,0.05427199974656105,83fef354c16be39cd1e76d08366eca7688fc12e2d354a6bb0b7abcb504abcfa2,True
277,4,47,195,recent_k2,10.630290031433105,199.67832946777344,199.67832946777344,10.630290031433105,0.006473541259765625,637.8173828125,11980.69921875,11980.69921875,60,603.9276639930904,0.055296000093221664,69a537957d85a9e9f6aec353f367ebfa5aafc73ac3e00d38cb41fffd3d7816aa,True
278,4,47,210,recent_k2,10.15611743927002,199.93838500976562,199.93838500976562,10.15611743927002,0.006481170654296875,609.3670043945312,11996.302734375,11996.302734375,60,604.2517810128629,0.05427199974656105,21df96cc4df3456706659fa129065bcd45303170b9676f71f6b8aa6fbbdba95a,True
279,4,47,225,recent_k2,11.876522064208984,254.54220581054688,254.54220581054688,11.876522064208984,0.0086517333984375,712.59130859375,15272.53125,15272.53125,60,608.1205466762185,0.05632000043988228,7c88e5a27e60e03eafa3a5671ac618be7f4fcc4602e3ba027d4c4256f7fecd29,True
280,4,30,30,recent_k2,1.810823678970337,4.94455099105835,4.94455099105835,1.810823678970337,0.00016391277313232422,108.6494140625,296.67303466796875,296.67303466796875,60,609.7288732416928,0.055296000093221664,0962758e2eae5d47f15b7649475f3bca5a2119fd649cce8525bf8cf9ef236a53,True
281,4,30,45,recent_k2,1.488175868988037,3.9627933502197266,3.9627933502197266,1.488175868988037,0.00017523765563964844,89.2905502319336,237.76759338378906,237.76759338378906,60,606.6375211812556,0.05632000043988228,5fd61fff7f305d649a531acd3091c41d3c342cfd6dc81fa25eec9bbcf2b6fe5c,True
282,4,30,60,recent_k2,2.359555721282959,11.3787841796875,11.3787841796875,2.359555721282959,0.00041675567626953125,141.57333374023438,682.7269897460938,682.7269897460938,60,606.1986950226128,0.05632000043988228,c2781286de17999b91fbbd0a42476aa6e218b855127bab36bc604fd07e907caa,True
283,4,30,75,recent_k2,1.179547667503357,2.7346251010894775,2.7346251010894775,1.179547667503357,9.524822235107422e-05,70.77285766601562,164.07749938964844,164.07749938964844,60,607.3238248936832,0.05427199974656105,a1d399cdb488b0a58a9ff8fc51c87a2b9da33d1960078d00ba2a8f03d9cd0434,True
284,4,30,90,recent_k2,1.0561069250106812,1.8538007736206055,1.8538007736206055,1.0561069250106812,7.587671279907227e-05,63.36640930175781,111.22804260253906,111.22804260253906,60,606.7163906991482,0.05939200147986412,ce45bbd9009d091f5888f759f52ea2ced0555fe3ad7e190697b7c53ae46e0ec7,True
285,4,30,105,recent_k2,1.2421845197677612,2.8636152744293213,2.8636152744293213,1.2421845197677612,9.751319885253906e-05,74.53106689453125,171.81690979003906,171.81690979003906,60,606.2470450997353,0.05628800019621849,650bb5702d5675de0f329957e5d5411ebd14f1acf7255af04a0f4e6697b80a58,True
286,4,30,120,recent_k2,2.3271608352661133,8.762081146240234,8.762081146240234,2.3271608352661133,0.0004825592041015625,139.629638671875,525.724853515625,525.724853515625,60,607.1716169826686,0.05734400078654289,4a1057f08ffb1d9131b7488eb7ce5c3b54f43cbc568c495290cc9ba399e43a1f,True
287,4,30,135,recent_k2,4.194404125213623,21.838747024536133,21.838747024536133,4.194404125213623,0.0008473396301269531,251.66424560546875,1310.32470703125,1310.32470703125,60,606.4871931448579,0.05632000043988228,44364a2d503cc68bb1e726541d4cb71224a1e71067b85c9afc3f718f55aa905f,True
288,4,30,150,recent_k2,2.4311325550079346,11.133166313171387,11.133166313171387,2.4311325550079346,0.0003757476806640625,145.86795043945312,667.9899291992188,667.9899291992188,60,606.3797636888921,0.06758400052785873,e5e4c3f490fd46c20161825665f5ee6845b80ee7d8f90fd0e14adb324faaa9a6,True
289,4,30,165,recent_k2,1.8764212131500244,5.589505195617676,5.589505195617676,1.8764212131500244,0.00018537044525146484,112.58526611328125,335.37030029296875,335.37030029296875,60,605.9147487394512,0.05632000043988228,1e3191017f11a86202e80c851d0d8142d1a9bad42fc9b9255e76c5170bb75b09,True
290,4,30,180,recent_k2,1.260585069656372,3.614215850830078,3.614215850830078,1.260585069656372,0.00011736154556274414,75.63510131835938,216.85293579101562,216.85293579101562,60,606.0467166826129,0.05427199974656105,97ac999b57b89334fb9b3ddebac9422087cdaac0ffe55384e58c02cf35f52e73,True
291,4,30,195,recent_k2,2.590723752975464,12.773982048034668,12.773982048034668,2.590723752975464,0.0005054473876953125,155.44342041015625,766.4389038085938,766.4389038085938,60,606.2924950383604,0.055296000093221664,8320221b866e8d2e5c377288987e6a91b4a21074c32b275b778a7b842df97442,True
292,4,30,210,recent_k2,2.478494167327881,10.468551635742188,10.468551635742188,2.478494167327881,0.00033664703369140625,148.7096405029297,628.113037109375,628.113037109375,60,606.1718459241092,0.05430399999022484,0d953798ef0c135670993ec8be899d31b7a962858d4481c36eb08217d61fdb23,True
293,4,30,225,recent_k2,1.1957441568374634,2.588228940963745,2.588228940963745,1.1957441568374634,0.00010943412780761719,71.74464416503906,155.29373168945312,155.29373168945312,60,609.4756470993161,0.055296000093221664,3c2693851d97a393ad584e5f44ba8856c69469b80ebce64621d8308be41e9d69,True
294,8,83,30,recent_k2,15.220996856689453,683.358154296875,683.358154296875,15.220996856689453,0.0236053466796875,913.259765625,41001.48828125,41001.48828125,60,607.7772728167474,0.055296000093221664,690a77caef8a3dd4424b2d7b2c80697a73f20b9a64b84aeb930760bd43889cd0,True
295,8,83,45,recent_k2,6.958183288574219,199.91082763671875,199.91082763671875,6.958183288574219,0.006328582763671875,417.490966796875,11994.6494140625,11994.6494140625,60,609.3250880949199,0.055296000093221664,1475899abfdbcc9dd0215a8148e955b7b697dfaba2a630a08cd057746f77da81,True
296,8,83,60,recent_k2,4.066748142242432,95.54266357421875,95.54266357421875,4.066748142242432,0.0030765533447265625,244.00486755371094,5732.5595703125,5732.5595703125,60,606.6200127825141,0.055296000093221664,05e1414271026b57f65424be38bc376ea10a14126e3ff8457c28b93a0627f70a,True
297,8,83,75,recent_k2,13.999848365783691,470.89154052734375,470.89154052734375,13.999848365783691,0.01520538330078125,839.9908447265625,28253.490234375,28253.490234375,60,603.954616934061,0.055296000093221664,530c0bebd6652d0648f416f3e38cbfd21778fb948ec666af446f657c83434ccf,True
298,8,83,90,recent_k2,9.869826316833496,211.06268310546875,211.06268310546875,9.869826316833496,0.006626129150390625,592.1895751953125,12663.7607421875,12663.7607421875,60,611.7862481623888,0.0655359998345375,7f94b51bc3fad1aad26e347112b2401f208a1f5ca2b3cd95e7a07f6f2143d14c,True
299,8,83,105,recent_k2,1.7999032735824585,4.3557047843933105,4.3557047843933105,1.7999032735824585,0.0003254413604736328,107.99419403076172,261.34228515625,261.34228515625,60,615.2814668603241,0.07577600330114365,c1199b9c7f5560eb19360dde12a9eb04b6f3ed861dddf8797f31c0f6d23daa88,True
300,8,83,120,recent_k2,15.03181266784668,671.2327270507812,671.2327270507812,15.03181266784668,0.0218963623046875,901.90869140625,40273.9609375,40273.9609375,60,606.866751331836,0.06451199948787689,457aaf58c452b1ca0de48a2c1d39bd31deebf430a504ad87134f3876ac3b0bbd,True
301,8,83,135,recent_k2,9.664436340332031,379.43536376953125,379.43536376953125,9.664436340332031,0.0121002197265625,579.8661499023438,22766.12109375,22766.12109375,60,606.5168250352144,0.055296000093221664,530c300074931f7940103fefcea3313efa189e31df6acfde2212f84987054058,True
302,8,83,150,recent_k2,2.70736026763916,11.143150329589844,11.143150329589844,2.70736026763916,0.0006299018859863281,162.4416046142578,668.5889892578125,668.5889892578125,60,606.8937219679356,0.05632000043988228,b1a48f9be0b4dd99e2646da831aed3f4fe530779848a8b22275057e2e649299f,True
303,8,83,165,recent_k2,3.961038112640381,32.9215087890625,32.9215087890625,3.961038112640381,0.0017910003662109375,237.6622772216797,1975.29052734375,1975.29052734375,60,606.6503538750112,0.05632000043988228,321737ce5c66ce1407d51719d5b4fd2b14c7077fd577d924ea0ec2b4ac403318,True
304,8,83,180,recent_k2,5.569859504699707,41.936668395996094,41.936668395996094,5.569859504699707,0.001422882080078125,334.1915588378906,2516.199951171875,2516.199951171875,60,606.4130151644349,0.05632000043988228,52cac851b5487514a7127aad13c02b21ff478e885bf9a02545507181c402b5af,True
305,8,83,195,recent_k2,13.32059383392334,626.2677001953125,626.2677001953125,13.32059383392334,0.02001953125,799.235595703125,37576.05859375,37576.05859375,60,603.6330601200461,0.05632000043988228,606c69c22fbf8ffdf291ebe13f711dd2d0dd42cf46d21af6caa95a805dabea36,True
306,8,83,210,recent_k2,34.91950988769531,3351.833251953125,3351.833251953125,34.91950988769531,0.10516357421875,2095.17041015625,201109.984375,201109.984375,60,600.6360868923366,0.055296000093221664,bb643546898bbb4a1575a01fa10ff39f475f9f017e0bfe749893c1848913409e,True
307,8,83,225,recent_k2,6.632996082305908,74.15565490722656,74.15565490722656,6.632996082305908,0.004077911376953125,397.979736328125,4449.3388671875,4449.3388671875,60,603.7993989884853,0.055296000093221664,301e29f709002c9ea423473eb63737c070eaf1456e55d8ad7fe54fd5432a535a,True
308,8,15,30,recent_k2,20.560182571411133,891.0878295898438,891.0878295898438,20.560182571411133,0.03240966796875,1233.61083984375,53465.265625,53465.265625,60,601.3309406116605,0.055296000093221664,b365318ff7f025132bb60c7fcc07ba06b21e5e4ea74966702626f0219509f6af,True
309,8,15,45,recent_k2,25.617599487304688,1164.888427734375,1164.888427734375,25.617599487304688,0.041900634765625,1537.055908203125,69893.3046875,69893.3046875,60,601.0088748298585,0.05628800019621849,999172fd9c1952323522c239d25063244e9fa03214ae19962ac0b68ee63c3ed1,True
310,8,15,60,recent_k2,11.224105834960938,157.91822814941406,157.91822814941406,11.224105834960938,0.005908966064453125,673.4462890625,9475.0927734375,9475.0927734375,60,602.7477392926812,0.05427199974656105,380145cd2ace42477383255f3a1b0ad3b833d321b520230f16f9b4f265b6905f,True
311,8,15,75,recent_k2,2.040388345718384,6.866214275360107,6.866214275360107,2.040388345718384,0.00022017955780029297,122.42329406738281,411.97283935546875,411.97283935546875,60,602.398281916976,0.055296000093221664,51915b09de9caec7a521d3fd652e9fd5f044f2572179f08d325d0a64e84a4d6d,True
312,8,15,90,recent_k2,10.87343978881836,408.9796447753906,408.9796447753906,10.87343978881836,0.01458740234375,652.4063720703125,24538.77734375,24538.77734375,60,602.5181608274579,0.055296000093221664,4fc696aaa6c2f3cf2eabd5dc211685a259084f53cd01059a112e94b8669b6e27,True
313,8,15,105,recent_k2,18.234386444091797,726.714111328125,726.714111328125,18.234386444091797,0.0269622802734375,1094.0631103515625,43602.84375,43602.84375,60,606.894742231816,0.05632000043988228,6a3f61de50914602e2d10456628de322c9f9d9786f00802286119fcdae2fb700,True
314,8,15,120,recent_k2,5.381127834320068,40.838417053222656,40.838417053222656,5.381127834320068,0.0015230178833007812,322.8676452636719,2450.304931640625,2450.304931640625,60,607.0251618511975,0.05427199974656105,04cffcc4f291f0b9747f2aea3360e4469847d0834a1e21e2a0bbd24d31fa25ea,True
315,8,15,135,recent_k2,6.160146713256836,104.76531982421875,104.76531982421875,6.160146713256836,0.003955841064453125,369.6087951660156,6285.9189453125,6285.9189453125,60,606.1186790466309,0.05632000043988228,66521092d735f89e2739a8b3682d1021506491445b9ef9d2eff0d0afe7849285,True
316,8,15,150,recent_k2,14.689210891723633,405.2004699707031,405.2004699707031,14.689210891723633,0.0152435302734375,881.3526000976562,24312.02734375,24312.02734375,60,606.8234038539231,0.05427199974656105,8540fb6c9a5527359f2ea9a7f7a7e431232f42a20ea38909a86cd5c25b6b165f,True
317,8,15,165,recent_k2,1.760374665260315,4.177077293395996,4.177077293395996,1.760374665260315,0.0001552104949951172,105.62247467041016,250.6246337890625,250.6246337890625,60,605.6578140705824,0.055296000093221664,624aaae9354be16a5e9af25f53f1aa0c571b9f0ac90740a846222e7cda636713,True
318,8,15,180,recent_k2,1.4641790390014648,3.0394222736358643,3.0394222736358643,1.4641790390014648,0.00012791156768798828,87.85073852539062,182.36532592773438,182.36532592773438,60,606.2530088238418,0.058368001133203506,54481d4e6e61a2382bed987f21f44aac555ddcaf4f6160b9e2093377e27650e1,True
319,8,15,195,recent_k2,1.5266786813735962,3.1967856884002686,3.1967856884002686,1.5266786813735962,0.0001323223114013672,91.60071563720703,191.80712890625,191.80712890625,60,605.4528057575226,0.055296000093221664,5a287d9b387491a11a457a00cb96a4d96569096714698a3e936b9af356fce653,True
320,8,15,210,recent_k2,1.5321124792099,3.249972105026245,3.249972105026245,1.5321124792099,0.00012683868408203125,91.92674255371094,194.99832153320312,194.99832153320312,60,606.2606489285827,0.05632000043988228,90284533fc8ec4723e8ad0fd17acc02f7baf1bf3f2db9e96c7967a330b4f794d,True
321,8,15,225,recent_k2,3.2273404598236084,16.55385971069336,16.55385971069336,3.2273404598236084,0.0005960464477539062,193.64041137695312,993.2315063476562,993.2315063476562,60,606.3972380943596,0.055296000093221664,b7947598fc7dfb72c416c1848eb68beed2ce16c695d54125422f79430d15dd56,True
322,8,3,30,recent_k2,24.97533416748047,1752.5118408203125,1752.5118408203125,24.97533416748047,0.056671142578125,1498.52001953125,105150.703125,105150.703125,60,605.8839331381023,0.05427199974656105,41a35ae3bf90297dcfecd5b45707d0738bb53715f132dcb5a178e40a4b8189ba,True
323,8,3,45,recent_k2,32.4122314453125,15403.7216796875,2925.65576171875,32.4122314453125,0.47998046875,1944.7337646484375,924223.25,175539.34375,60,606.6121659241617,0.0655359998345375,78fbad7968fb1527588c7d97df4a11c62ae6ed8701c6da343745e308b40f6222,True
324,8,3,60,recent_k2,39.18144607543945,7274.51708984375,4631.9033203125,39.18144607543945,0.2261962890625,2350.88671875,436471.0,277914.1875,60,615.9537038765848,0.05632000043988228,907a55c9e0326759f5626a664a86e9706533336f454c4c2d23dff60f28850b73,True
325,8,3,75,recent_k2,15.45105266571045,700.511474609375,700.511474609375,15.45105266571045,0.02191162109375,927.0631103515625,42030.6875,42030.6875,60,604.8230128362775,0.06348799914121628,668764731cc64e60455304ed44b91b976e1fe4b99f0aa0e856af2147e7330123,True
326,8,3,90,recent_k2,4.459047794342041,31.701072692871094,31.701072692871094,4.459047794342041,0.0012178421020507812,267.5428466796875,1902.064208984375,1902.064208984375,60,609.9776569753885,0.055296000093221664,14d3f4e8865b6aac4dbf611c5a06a6748d5dad84b24eb3d6eaea46cd12889eb4,True
327,8,3,105,recent_k2,3.266038656234741,17.575220108032227,17.575220108032227,3.266038656234741,0.0010786056518554688,195.96231079101562,1054.51318359375,1054.51318359375,60,614.3230688758194,0.05939200147986412,1c4bdf85857af6a46ad9ff4dba62da0031ac4e196aa264b6d0413a2c1a7e05c6,True
328,8,3,120,recent_k2,12.569064140319824,338.7003173828125,338.7003173828125,12.569064140319824,0.01275634765625,754.143798828125,20322.017578125,20322.017578125,60,621.206188108772,0.05734400078654289,b4bedb22724a2200d90e362591a746c1b99f533e67b69e08b1e29eb9b722d55e,True
329,8,3,135,recent_k2,11.885451316833496,254.08653259277344,254.08653259277344,11.885451316833496,0.01305389404296875,713.1270141601562,15245.19140625,15245.19140625,60,624.9549747444689,0.05734400078654289,6454a5dd07ca7c0e86c4dfa3c408014313ee3c9be8d28266dd1133fa3330b229,True
330,8,3,150,recent_k2,13.964088439941406,299.8690185546875,299.8690185546875,13.964088439941406,0.013885498046875,837.8452758789062,17992.140625,17992.140625,60,625.0937841832638,0.05427199974656105,09bbc9116c9df06d81305f56c49ee7ade49e292ec6660e6516e24fcbf96ff857,True
331,8,3,165,recent_k2,9.514357566833496,120.47660827636719,120.47660827636719,9.514357566833496,0.004482269287109375,570.8614501953125,7228.59619140625,7228.59619140625,60,626.3049426488578,0.055296000093221664,78c390a1da154a50192fff2e98a803dae008846303fcda238fcae133eace4827,True
332,8,3,180,recent_k2,4.36281156539917,34.66488265991211,34.66488265991211,4.36281156539917,0.0011186599731445312,261.7686767578125,2079.892822265625,2079.892822265625,60,605.0545913167298,0.055296000093221664,1817387778c35e4fef898fd2f6aab617d5fb660226ad968b76d6eb2c7112d488,True
333,8,3,195,recent_k2,2.370980978012085,9.608195304870605,9.608195304870605,2.370980978012085,0.00038743019104003906,142.25885009765625,576.49169921875,576.49169921875,60,604.8942822962999,0.05427199974656105,ea2ea5a98fcd7bc0d878e30e83fc5ee28431adabef9e91627b748835544f495e,True
334,8,3,210,recent_k2,4.867959976196289,40.5646858215332,40.5646858215332,4.867959976196289,0.002185821533203125,292.07757568359375,2433.881103515625,2433.881103515625,60,605.6196670979261,0.06348799914121628,b3244bf5f2996d13a9eddfb962dd754a06700d52382e9f12249f0e4b8960e874,True
335,8,3,225,recent_k2,6.313973426818848,99.43569946289062,99.43569946289062,6.313973426818848,0.0031566619873046875,378.83837890625,5966.1416015625,5966.1416015625,60,603.6052037961781,0.055296000093221664,01ddf12a84bea10c80d762b62cdbd86dc988c51240932829ef0278e30c525380,True
336,8,35,30,recent_k2,37.698612213134766,2203.35595703125,2203.35595703125,37.698612213134766,0.07623291015625,2261.91650390625,132201.34375,132201.34375,60,605.328818783164,0.05632000043988228,ed891a9027d8b2ad83d5da6356a9fe7bf8dee8a224bfe96c247fb02e9e979014,True
337,8,35,45,recent_k2,16.176258087158203,423.79541015625,423.79541015625,16.176258087158203,0.0262908935546875,970.5753784179688,25427.72265625,25427.72265625,60,605.1588212139904,0.055296000093221664,cfa87590849854fd67f5d9774e1739fa594aab59d8af4854d1b36b544e4331bc,True
338,8,35,60,recent_k2,25.567108154296875,837.2059326171875,837.2059326171875,25.567108154296875,0.032501220703125,1534.0263671875,50232.3515625,50232.3515625,60,604.6328255906701,0.05427199974656105,550bbf23652c232c591ec385624ebda72ef591bb11a6a5937b548c0b6b85a66b,True
339,8,35,75,recent_k2,2.857921600341797,11.956852912902832,11.956852912902832,2.857921600341797,0.0011072158813476562,171.47528076171875,717.4111328125,717.4111328125,60,605.5226479656994,0.05734400078654289,3e597781091c00ba302ccf0471cc95537997d2ea21bece7e236303c9eaf56fa7,True
340,8,35,90,recent_k2,3.0644233226776123,20.663042068481445,20.663042068481445,3.0644233226776123,0.0006818771362304688,183.86538696289062,1239.782470703125,1239.782470703125,60,605.6532068178058,0.055296000093221664,fb38366cf7a562aa947f4f138852e887a74f40f1a52521968abe6500b846e66c,True
341,8,35,105,recent_k2,8.80847454071045,211.59420776367188,211.59420776367188,8.80847454071045,0.0163421630859375,528.5084228515625,12695.6513671875,12695.6513671875,60,604.5825369656086,0.055296000093221664,cf45c84cc674f0c32c5a37232943772959727029f83a3ff3a73cbe90770e33e1,True
342,8,35,120,recent_k2,22.596721649169922,668.5958862304688,668.5958862304688,22.596721649169922,0.043975830078125,1355.80322265625,40115.75,40115.75,60,605.1280819810927,0.05632000043988228,a15094e31fecbd13f5e8eb85409e6a6db4eb6f20b054a6b51d30696f4084b4bf,True
343,8,35,135,recent_k2,17.39943504333496,405.8904113769531,405.8904113769531,17.39943504333496,0.0208892822265625,1043.966064453125,24353.423828125,24353.423828125,60,605.2655912935734,0.055296000093221664,e4551956aede251915e00f56dd08d5428707a404ea0cf581ad213356c1873e7d,True
344,8,35,150,recent_k2,16.003387451171875,562.8035278320312,562.8035278320312,16.003387451171875,0.0228271484375,960.2032470703125,33768.2109375,33768.2109375,60,605.0359532237053,0.055296000093221664,6b4831ad1d7a75b20bce11b90ea7e501e3999211d21e5accab7b55d8d9771244,True
345,8,35,165,recent_k2,19.18282699584961,626.237548828125,626.237548828125,19.18282699584961,0.0229949951171875,1150.9696044921875,37574.25,37574.25,60,604.9980539828539,0.055296000093221664,e5efd96e0a974e73565b7ec3498e9bf4cb8435fd01b962dba7d4d6bab6cd319e,True
346,8,35,180,recent_k2,2.5678439140319824,8.422381401062012,8.422381401062012,2.5678439140319824,0.0005640983581542969,154.0706329345703,505.34283447265625,505.34283447265625,60,605.3951298817992,0.05427199974656105,5622d68d6c077c886ed2efa47125435fa72bb92131d20445e49e42194bb2c2ff,True
347,8,35,195,recent_k2,2.5157430171966553,8.01712417602539,8.01712417602539,2.5157430171966553,0.00047397613525390625,150.944580078125,481.02740478515625,481.02740478515625,60,605.9462646953762,0.055296000093221664,a4746f7b5f54447b0665a975b3d96015f73de6d9162885862e0ab131cc9dcd4c,True
348,8,35,210,recent_k2,6.773467063903809,103.0242919921875,103.0242919921875,6.773467063903809,0.0035247802734375,406.4079895019531,6181.45703125,6181.45703125,60,609.6225730143487,0.05427199974656105,9c3e2ac62a49d684827e6000ce66f16d3055b06663a5ac0f09878256f4c4840a,True
349,8,35,225,recent_k2,21.584203720092773,1756.447998046875,1756.447998046875,21.584203720092773,0.05657958984375,1295.0521240234375,105386.875,105386.875,60,605.2249721251428,0.055296000093221664,4cfdc5fd47fe0a9e613e1d4d828e2e2237db3e1d0333d6df3ba4d2153dc48e43,True
350,8,48,30,recent_k2,27.03963851928711,3721.7509765625,1386.9500732421875,27.03963851928711,0.143310546875,1622.378173828125,223305.046875,83217.0,60,605.3125308826566,0.12902399897575378,e2ae52717fb51d67605c678fcfc1dddb662c28318e35b3ae362c46fd2bac790b,True
351,8,48,45,recent_k2,57.29195022583008,12689.3447265625,7678.5888671875,57.29195022583008,0.39599609375,3437.516845703125,761360.625,460715.3125,60,604.9741650931537,0.062463998794555664,cf4c46e68a0483fcf04389708528a0cfa0fa9cb0a8decba4fdcd5c68196ebfb1,True
352,8,48,60,recent_k2,7.632307529449463,103.60528564453125,103.60528564453125,7.632307529449463,0.004680633544921875,457.93841552734375,6216.31689453125,6216.31689453125,60,604.8998851329088,0.05430399999022484,ddd0364b3165ee17be3c3c431bd4f3402fc28d5a56bb66a6f80135ac3192c384,True
353,8,48,75,recent_k2,3.6165950298309326,19.100162506103516,19.100162506103516,3.6165950298309326,0.0006437301635742188,216.99569702148438,1146.0096435546875,1146.0096435546875,60,605.7931678369641,0.05632000043988228,718c6dcbac7ca4fc2454abd571b58a15ad300c5bf715f34b649e18e311a14af1,True
354,8,48,90,recent_k2,1.6466683149337769,4.001316547393799,4.001316547393799,1.6466683149337769,0.0002951622009277344,98.80009460449219,240.0789794921875,240.0789794921875,60,605.2530719898641,0.055296000093221664,79b505f861d94ca4b6a77018f33c7207ce080f642f11ad7ed7d38b5bf847bf7a,True
355,8,48,105,recent_k2,2.361614942550659,6.847382068634033,6.847382068634033,2.361614942550659,0.0005121231079101562,141.69688415527344,410.8428955078125,410.8428955078125,60,605.3186217322946,0.055296000093221664,6ef0929fc61f7b9bed3fd8ee6d43fe2a7edf09554ce19e4e5bff504dd7bc6fff,True
356,8,48,120,recent_k2,1.5467010736465454,3.8088574409484863,3.8088574409484863,1.5467010736465454,0.0002086162567138672,92.80206298828125,228.53143310546875,228.53143310546875,60,605.549730360508,0.055296000093221664,bfc7753ca9178a42806eaa0e847f1be46f19745ccae3f5445bade93eecebb93e,True
357,8,48,135,recent_k2,4.827195644378662,46.50125503540039,46.50125503540039,4.827195644378662,0.001628875732421875,289.6317138671875,2790.0751953125,2790.0751953125,60,604.932215064764,0.05734400078654289,8d44efba1c881133ce1c3391713e7515dfb7450729b22280d00c9a099ed425c3,True
358,8,48,150,recent_k2,2.453479051589966,10.153241157531738,10.153241157531738,2.453479051589966,0.0003666877746582031,147.208740234375,609.1944580078125,609.1944580078125,60,604.9546049907804,0.055296000093221664,ad868fbfad202c8986558cb48d9cb775faa85d65de0fa9203ed7655e89abcfac,True
359,8,48,165,recent_k2,5.188822269439697,48.350563049316406,48.350563049316406,5.188822269439697,0.0017595291137695312,311.3293151855469,2901.03369140625,2901.03369140625,60,604.9843551591039,0.055296000093221664,d203cddeb9da39b4ef89db02c3acc13b42b4b9711e65af2f7ac94f4960dee1a7,True
360,8,48,180,recent_k2,3.701040267944336,20.214677810668945,20.214677810668945,3.701040267944336,0.0011653900146484375,222.06240844726562,1212.880615234375,1212.880615234375,60,605.1991730928421,0.06348799914121628,b67c89d5f2a1a9b018f32886a4a3b26852beb9faf68bc6c228d7a48fe04d893f,True
361,8,48,195,recent_k2,4.934063911437988,49.883419036865234,49.883419036865234,4.934063911437988,0.0029392242431640625,296.0438232421875,2993.0048828125,2993.0048828125,60,605.1314040087163,0.05427199974656105,c5c6fff1bd4d9e1016e2a8ca67be4777c491eefe644cd66d3f07e8587133eae1,True
362,8,48,210,recent_k2,3.960052251815796,39.84056091308594,39.84056091308594,3.960052251815796,0.0016450881958007812,237.60311889648438,2390.43359375,2390.43359375,60,605.2226931788027,0.055296000093221664,2def1908ca2c7029ad7eea96b3fc7f37c3fef3156b37ddaea3a1a5700f0cb16c,True
363,8,48,225,recent_k2,7.336481094360352,76.79582977294922,76.79582977294922,7.336481094360352,0.00366973876953125,440.1888427734375,4607.74951171875,4607.74951171875,60,605.1924340426922,0.055296000093221664,870fd7856e08d098016c0d372f23b92ea641252e165f8917aab741734ce4c69c,True
364,8,22,30,recent_k2,2.7224626541137695,10.418875694274902,10.418875694274902,2.7224626541137695,0.00046634674072265625,163.34774780273438,625.1325073242188,625.1325073242188,60,605.37537233904,0.055296000093221664,c41a5f7cc55ee26816d5744f38fa766765e9ce8d2e5cac802000e29cc60223f5,True
365,8,22,45,recent_k2,2.409496784210205,7.77827787399292,7.77827787399292,2.409496784210205,0.00048613548278808594,144.56979370117188,466.6966552734375,466.6966552734375,60,604.7092080116272,0.05632000043988228,817f5855c20595fb223504a51bb2be53034b47244131cc9a7fd18cb3c01c6766,True
366,8,22,60,recent_k2,2.042912006378174,7.3289408683776855,7.3289408683776855,2.042912006378174,0.00031876564025878906,122.57471466064453,439.7364196777344,439.7364196777344,60,608.9462912641466,0.05632000043988228,f9acc7b34fc1830178bdd49de61f7556ce540530164550e7510f5e0dc6127c66,True
367,8,22,75,recent_k2,1.7904070615768433,4.437626361846924,4.437626361846924,1.7904070615768433,0.00019562244415283203,107.4244155883789,266.257568359375,266.257568359375,60,605.3187930956483,0.06656000018119812,aa8fc4b9c6bc8d864a1da9ccaf2c1891e2a8f5736738fe7ae0196374ab48fbe1,True
368,8,22,90,recent_k2,3.4423885345458984,13.83765697479248,13.83765697479248,3.4423885345458984,0.0006470680236816406,206.54330444335938,830.2593994140625,830.2593994140625,60,605.1438450813293,0.053279999643564224,a58fbdc857d0ac297e866bda880c516563e17eaadd62c3faeba8387ec70a5579,True
369,8,22,105,recent_k2,2.5858876705169678,8.552396774291992,8.552396774291992,2.5858876705169678,0.00044083595275878906,155.15325927734375,513.143798828125,513.143798828125,60,605.0086561590433,0.055296000093221664,1b6b208b831ffb975074863112b2f8a888b73468222c39d69c2bcb28b937f21f,True
370,8,22,120,recent_k2,1.3789063692092896,2.772486448287964,2.772486448287964,1.3789063692092896,0.00017833709716796875,82.734375,166.34918212890625,166.34918212890625,60,604.3340917676687,0.055296000093221664,524cbd8f8cf4051f7bc558fe9232bf4f07bc49eb686e00218116b816d824cc3e,True
371,8,22,135,recent_k2,2.7114970684051514,15.932403564453125,15.932403564453125,2.7114970684051514,0.0007386207580566406,162.6898193359375,955.9441528320312,955.9441528320312,60,605.1413449458778,0.055296000093221664,a08619618a8b564ef97f2e4cd44a1a793859b1a1b3f85c066eb598e8314515a4,True
372,8,22,150,recent_k2,3.8612351417541504,43.3370475769043,43.3370475769043,3.8612351417541504,0.001369476318359375,231.67410278320312,2600.22265625,2600.22265625,60,604.7672689892352,0.05427199974656105,0d12fbcb3cfdddc6a0958951e7659ab502f2ca501224ca1a6649433e916254de,True
373,8,22,165,recent_k2,1.707399606704712,4.337864398956299,4.337864398956299,1.707399606704712,0.0002713203430175781,102.4439697265625,260.2718505859375,260.2718505859375,60,605.2792249247432,0.055296000093221664,1ff40d15be2cf18fb20c9adc335443b64cbcdea65e2581ca05d0959bfe4a0d8f,True
374,8,22,180,recent_k2,1.8112941980361938,4.301728248596191,4.301728248596191,1.8112941980361938,0.0002529621124267578,108.67764282226562,258.1036682128906,258.1036682128906,60,604.8684781417251,0.05632000043988228,4fb263b766d5e9180dc23c72f815db51bdc764293f93c61d39c0ac4b8fa4c317,True
375,8,22,195,recent_k2,3.5358808040618896,26.54647445678711,26.54647445678711,3.5358808040618896,0.0008397102355957031,212.15283203125,1592.788330078125,1592.788330078125,60,604.2074938304722,0.05427199974656105,dc08f32df7e707ce0015ca5692a3d5d0ead163ee552bdf88708a726936df9989,True
376,8,22,210,recent_k2,1.8841044902801514,4.464881896972656,4.464881896972656,1.8841044902801514,0.00024700164794921875,113.0462646484375,267.8929138183594,267.8929138183594,60,605.1646051928401,0.055296000093221664,e6ca31be25dd4efb238bed8c98166a6a704863a5f8933041c09df3c69c7075bd,True
377,8,22,225,recent_k2,1.2980976104736328,2.7774181365966797,2.7774181365966797,1.2980976104736328,0.0001405477523803711,77.88584899902344,166.64508056640625,166.64508056640625,60,616.2284975871444,0.058368001133203506,443ade1d550850d24128e1a24e9be64c99446e97eaa3c988abbdeac302f642ab,True
378,8,55,30,recent_k2,51.78898239135742,11156.21875,7053.15673828125,51.78898239135742,0.3544921875,3107.3388671875,669373.0625,423189.375,60,603.2316531054676,0.055296000093221664,83343016c03797efbac14d05099082b278877fe9b2cd8dd60ec880c3fc6ed7ce,True
379,8,55,45,recent_k2,9.751441955566406,137.2736358642578,137.2736358642578,9.751441955566406,0.007904052734375,585.0864868164062,8236.41796875,8236.41796875,60,603.3325223252177,0.055296000093221664,08681b81f5400eedf9da49fcc3b44fd6c5b6b3bda526c694b332fa6fbe4f3353,True
380,8,55,60,recent_k2,2.277742624282837,7.575973033905029,7.575973033905029,2.277742624282837,0.00038552284240722656,136.66455078125,454.558349609375,454.558349609375,60,602.1171333268285,0.05427199974656105,a4d5313373ac0aa77a4b14cb62448f9f281b4740497e1c5a13986db2608ee266,True
381,8,55,75,recent_k2,1.7819501161575317,3.9088220596313477,3.9088220596313477,1.7819501161575317,0.00020420551300048828,106.91699981689453,234.52931213378906,234.52931213378906,60,602.2819420322776,0.0655359998345375,60172a9ee925fa2473031c3b990e2cc753f1ee06c25e463e274b60339790d2f7,True
382,8,55,90,recent_k2,1.9662328958511353,4.983566761016846,4.983566761016846,1.9662328958511353,0.0002148151397705078,117.97396850585938,299.01397705078125,299.01397705078125,60,603.2502828165889,0.06656000018119812,5789d83f866ed878462eb2e9208a57c3666e8199e9534bd45d495520b9387145,True
383,8,55,105,recent_k2,1.7551807165145874,4.173333168029785,4.173333168029785,1.7551807165145874,0.00017404556274414062,105.31083679199219,250.3999786376953,250.3999786376953,60,606.429145205766,0.05430399999022484,46addb07856ea8a2d38437431b31d7cfe3abff6f77c99fd81d3ff0cd838b3803,True
384,8,55,120,recent_k2,1.8218082189559937,4.536775588989258,4.536775588989258,1.8218082189559937,0.0001817941665649414,109.30848693847656,272.2065124511719,272.2065124511719,60,606.2222369946539,0.055296000093221664,682e0b9e473c1db709ffd8eb1a23786e76988be157e7c4de661ec0071eea07ec,True
385,8,55,135,recent_k2,1.9389437437057495,4.854134559631348,4.854134559631348,1.9389437437057495,0.00020515918731689453,116.33661651611328,291.248046875,291.248046875,60,606.6724732518196,0.06656000018119812,0c0a372e5ece9fea184992706d17c40c9039716da6c3a751c6f1dadbc382dfe3,True
386,8,55,150,recent_k2,1.8600553274154663,4.757530689239502,4.757530689239502,1.8600553274154663,0.00019824504852294922,111.60331726074219,285.4518127441406,285.4518127441406,60,606.5371236763895,0.055296000093221664,be4c161344292f5496a44bd22593471039ec0df2114718cee6d4d306662c29ac,True
387,8,55,165,recent_k2,1.6781734228134155,3.776139974594116,3.776139974594116,1.6781734228134155,0.00016772747039794922,100.69039916992188,226.56838989257812,226.56838989257812,60,606.5560448914766,0.055296000093221664,15fa8bd5b44f0852e905779f4695feb1868cb18ae471756c4eda0030ed7dc9e4,True
388,8,55,180,recent_k2,1.6624674797058105,3.843277931213379,3.843277931213379,1.6624674797058105,0.00017344951629638672,99.748046875,230.59666442871094,230.59666442871094,60,606.316486839205,0.05427199974656105,736a5de0eb5bacece23318b913f417bc7394d9611554b40e8bbd661b7d791156,True
389,8,55,195,recent_k2,1.7039841413497925,3.996610164642334,3.996610164642334,1.7039841413497925,0.0001819133758544922,102.23904418945312,239.79660034179688,239.79660034179688,60,605.5341237224638,0.05632000043988228,537abd98d529b7e6d060dfeed6f3e3fd28e23fd6d44e8218badd78b7af1c07d7,True
390,8,55,210,recent_k2,1.7097917795181274,3.9257218837738037,3.9257218837738037,1.7097917795181274,0.00017690658569335938,102.5875015258789,235.54330444335938,235.54330444335938,60,605.6311931461096,0.05427199974656105,aa9147c749d7aa520c6a96b7d21de2acf31336cc416ced7ff112d06c5da2719c,True
391,8,55,225,recent_k2,1.7057223320007324,3.979536533355713,3.979536533355713,1.7057223320007324,0.00017690658569335938,102.34333801269531,238.77218627929688,238.77218627929688,60,606.6895131953061,0.05628800019621849,0e560f05be6e52d09570c9d0184454f7ddc136ffc31c458f4205117d2be930db,True
392,8,4,30,recent_k2,10.420768737792969,276.1105041503906,276.1105041503906,10.420768737792969,0.00856781005859375,625.24609375,16566.62890625,16566.62890625,60,606.3026366755366,0.055296000093221664,a57353f0439c0550b3d7e1884995ac4b7727bd785bac0a2e4ad9824bc8ec996d,True
393,8,4,45,recent_k2,7.378371715545654,188.6569366455078,188.6569366455078,7.378371715545654,0.00603485107421875,442.7022705078125,11319.416015625,11319.416015625,60,606.1083786189556,0.05628800019621849,07d749ffa4ba96dd23b5ca7b3f6fbbf3e3ada3760721590aee2bb192a428729e,True
394,8,4,60,recent_k2,17.941858291625977,698.13525390625,698.13525390625,17.941858291625977,0.0218658447265625,1076.511474609375,41888.11328125,41888.11328125,60,604.9826289527118,0.055296000093221664,e3f95bfbccad665dae4b2ddc90ae7fe5a525027489e9f13b8c4376a66b042681,True
395,8,4,75,recent_k2,10.892553329467773,295.64691162109375,295.64691162109375,10.892553329467773,0.0091552734375,653.5531616210938,17738.814453125,17738.814453125,60,605.5765440687537,0.055296000093221664,6c4c8c3c71a26813e70ac2375663946dc8a4a4a429e4c6f9f7909ef699e2c615,True
396,8,4,90,recent_k2,11.897656440734863,395.48455810546875,395.48455810546875,11.897656440734863,0.012359619140625,713.859375,23729.072265625,23729.072265625,60,605.3912658244371,0.05632000043988228,58d30beb8af94aa35600816d1075f09ed0bdd507e4cb3e6e6a2e96c87d0035e4,True
397,8,4,105,recent_k2,9.853631973266602,168.3770294189453,168.3770294189453,9.853631973266602,0.006244659423828125,591.2178955078125,10102.62109375,10102.62109375,60,605.5470439605415,0.05632000043988228,7f762dc6cf9969a9b069e9a57428fe357f258ddd147464a84a1052a15992bde1,True
398,8,4,120,recent_k2,12.27265453338623,455.34814453125,455.34814453125,12.27265453338623,0.014068603515625,736.3592529296875,27320.88671875,27320.88671875,60,605.9755110181868,0.05632000043988228,a4d17c3792e6c54d9e2bc3919cd7e7045e7c244f39e33d741f9fffaa4f1e9035,True
399,8,4,135,recent_k2,10.19064712524414,236.715087890625,236.715087890625,10.19064712524414,0.00756072998046875,611.4387817382812,14202.904296875,14202.904296875,60,605.7089827954769,0.055296000093221664,2e3e5c1861fd0b7cb6c58a8510ef5d37803686530fd4b0972224d044f5c569cf,True
400,8,4,150,recent_k2,33.38136291503906,4717.52099609375,3299.697509765625,33.38136291503906,0.156005859375,2002.881591796875,283051.25,197981.84375,60,606.7812442779541,0.05734400078654289,d63bb628c62acffb7af26a57a2fb53712e677e9dfbc38d351e5290281564076f,True
401,8,4,165,recent_k2,32.74064636230469,10250.1044921875,2425.0361328125,32.74064636230469,0.330810546875,1964.4385986328125,615006.25,145502.15625,60,606.4247479662299,0.05632000043988228,08c5480453626f4cb4c1be7b4856b414cfc5eb99785274244f65865a4503af68,True
402,8,4,180,recent_k2,7.912356853485107,98.26449584960938,98.26449584960938,7.912356853485107,0.004123687744140625,474.74139404296875,5895.86962890625,5895.86962890625,60,606.3748481683433,0.05632000043988228,9a2a8857f3725bce15a4497b66134c0f09b87ed1c8909fd1b278e80f47c3c230,True
403,8,4,195,recent_k2,11.584321022033691,275.9255065917969,275.9255065917969,11.584321022033691,0.0091552734375,695.0592041015625,16555.529296875,16555.529296875,60,606.5320768393576,0.055296000093221664,10f3c7dcd60e7f7c25995eb633681ed636cbf120ff2cd298410b355d5830d54a,True
404,8,4,210,recent_k2,35.30794906616211,1982.666015625,1982.666015625,35.30794906616211,0.075927734375,2118.476806640625,118959.953125,118959.953125,60,606.1236802488565,0.05427199974656105,a203c6921874995c38bb7137e434648c579d1911288449763e1b3d921240de20,True
405,8,4,225,recent_k2,13.91510009765625,332.58831787109375,332.58831787109375,13.91510009765625,0.0136871337890625,834.9059448242188,19955.298828125,19955.298828125,60,606.1761002056301,0.055296000093221664,211bf80bae9528d9d1de62671e2826faa062668ced0e6f16318f24deb749c153,True
406,8,45,30,recent_k2,10.694010734558105,244.47030639648438,244.47030639648438,10.694010734558105,0.01336669921875,641.640625,14668.2177734375,14668.2177734375,60,607.3814397677779,0.05632000043988228,0772fcb939bfe42fe68559fa00e47620e6d26d74d1db330e9622969ff2d7d5b9,True
407,8,45,45,recent_k2,27.10841941833496,1202.265380859375,1202.265380859375,27.10841941833496,0.06298828125,1626.505126953125,72135.921875,72135.921875,60,606.2172502279282,0.055296000093221664,6a877c5931d275f20319103ece6711d3055dd562bba791070b4995b7f1487ffe,True
408,8,45,60,recent_k2,7.780415058135986,96.07567596435547,96.07567596435547,7.780415058135986,0.00310516357421875,466.82489013671875,5764.5400390625,5764.5400390625,60,605.7834140956402,0.05427199974656105,f37bbc120aff6fa2709ca55be83a08af4506dfb4ce664b1ab07164281472b0b2,True
409,8,45,75,recent_k2,4.588618278503418,44.1466178894043,44.1466178894043,4.588618278503418,0.0015401840209960938,275.31707763671875,2648.796875,2648.796875,60,605.8368431404233,0.06451199948787689,5828e2753ae367af4eeb6e72a866aa58e7f64feb8d361bba61f003268a769007,True
410,8,45,90,recent_k2,3.4840731620788574,19.89752769470215,19.89752769470215,3.4840731620788574,0.00112152099609375,209.04437255859375,1193.8515625,1193.8515625,60,605.8850125409663,0.055296000093221664,9baedcd2b3d571bcdd3d0bb6b47583726bfbb3e770b7c6857ffb27e3ba66757b,True
411,8,45,105,recent_k2,1.8073580265045166,5.462452411651611,5.462452411651611,1.8073580265045166,0.0001933574676513672,108.44147491455078,327.74713134765625,327.74713134765625,60,605.7860138826072,0.055296000093221664,f4897a6a0eb215e7edfc970a8d424fc8b6411ef9a528472960eec6b3fe646a79,True
412,8,45,120,recent_k2,17.88812828063965,964.1001586914062,964.1001586914062,17.88812828063965,0.031646728515625,1073.28759765625,57846.0078125,57846.0078125,60,606.0958611778915,0.05632000043988228,70e183185689a1b98c6cadb41026ce0129579138cc1c786f8d9c23359a957d56,True
413,8,45,135,recent_k2,6.452179431915283,93.65135955810547,93.65135955810547,6.452179431915283,0.0029506683349609375,387.1307373046875,5619.0810546875,5619.0810546875,60,606.5315678715706,0.055296000093221664,e25df879ac857956520c4cc215917b96a602ae0d04efbe4f654f5bea49f42a33,True
414,8,45,150,recent_k2,6.43585729598999,87.88922882080078,87.88922882080078,6.43585729598999,0.0028247833251953125,386.15142822265625,5273.353515625,5273.353515625,60,606.6834167577326,0.05427199974656105,93c317fb88d206b773e3681145025c119a11e42fa07d255ecc401eb276ac6f24,True
415,8,45,165,recent_k2,6.420932769775391,85.5748062133789,85.5748062133789,6.420932769775391,0.0027713775634765625,385.2559509277344,5134.48828125,5134.48828125,60,606.3647991977632,0.055296000093221664,85182e3f264be290f67b104a7416182c3b7243ce6ee13e85b82a24dc93b8f190,True
416,8,45,180,recent_k2,6.397225856781006,85.58390045166016,85.58390045166016,6.397225856781006,0.0027637481689453125,383.8335266113281,5135.03369140625,5135.03369140625,60,606.0060332529247,0.055296000093221664,6146cbf9b5070f7ba14b179927889f5c233171162ee9d5f26166c643381d09b5,True
417,8,45,195,recent_k2,6.397027015686035,86.36190032958984,86.36190032958984,6.397027015686035,0.002788543701171875,383.82159423828125,5181.7138671875,5181.7138671875,60,606.5118378028274,0.055296000093221664,3b3961bd1d985733db17e7ecda5080dc139f75010e709952ce46c35513f52c9a,True
418,8,45,210,recent_k2,6.465348720550537,87.98818969726562,87.98818969726562,6.465348720550537,0.002849578857421875,387.9208984375,5279.291015625,5279.291015625,60,605.831544380635,0.055296000093221664,c5a48114af99f01086a4f030b09a8f9541e30b066573ecca9bce901d76612052,True
419,8,45,225,recent_k2,6.451961994171143,87.42449188232422,87.42449188232422,6.451961994171143,0.00283050537109375,387.1177062988281,5245.46923828125,5245.46923828125,60,606.0320129618049,0.055296000093221664,95bfef8a3000be973f0a6066b34fc0c83a47d9d4f7ac997d4d49d28859181bf8,True
420,8,60,30,recent_k2,4.907807350158691,88.75594329833984,88.75594329833984,4.907807350158691,0.0027904510498046875,294.4684143066406,5325.3564453125,5325.3564453125,60,607.6004789210856,0.055296000093221664,c94a025d30051363e4e78784e51681acdd79a3643c7656432633c4fb3acceb1f,True
421,8,60,45,recent_k2,2.4171297550201416,8.76479721069336,8.76479721069336,2.4171297550201416,0.00028777122497558594,145.02777099609375,525.8878173828125,525.8878173828125,60,605.6976360268891,0.06143999844789505,fd2418443a2da8865ae9571d03f54509cda7b5467c0645920aa61badd67a1db4,True
422,8,60,60,recent_k2,2.574553966522217,10.75588607788086,10.75588607788086,2.574553966522217,0.0003533363342285156,154.47323608398438,645.3531494140625,645.3531494140625,60,606.5474590286613,0.05628800019621849,de8137317ed3f1680140d405aa56abf8efb1c3fa29e76e12968f9fa29b637431,True
423,8,60,75,recent_k2,2.375131607055664,10.266035079956055,10.266035079956055,2.375131607055664,0.0003371238708496094,142.5078887939453,615.9620971679688,615.9620971679688,60,605.8821752667427,0.055296000093221664,3ec20304b970068d74ee6903824c10ac9ad494cd83aa5c001626c9b6a3d336b3,True
424,8,60,90,recent_k2,6.335483551025391,87.3669662475586,87.3669662475586,6.335483551025391,0.003223419189453125,380.1289978027344,5242.017578125,5242.017578125,60,606.344339903444,0.05427199974656105,aa9d02838d6b420c54ac95a9cfc9552060a83a41bf47d74847910170b40be215,True
425,8,60,105,recent_k2,11.996849060058594,255.82843017578125,255.82843017578125,11.996849060058594,0.0084381103515625,719.8109130859375,15349.705078125,15349.705078125,60,606.9499161094427,0.055296000093221664,75fb7c54e988c4bd7f3334ae62cb4745a7b9d4c83b067dff94b81ed3895ae709,True
426,8,60,120,recent_k2,3.4670512676239014,16.538333892822266,16.538333892822266,3.4670512676239014,0.0005903244018554688,208.0230712890625,992.2999877929688,992.2999877929688,60,607.9776962287724,0.055296000093221664,acf6028fa37dcc791e705f2113b2ffa1ee3213fb0df1925a4ed395c99c66345a,True
427,8,60,135,recent_k2,2.138861656188965,6.710628509521484,6.710628509521484,2.138861656188965,0.00022149085998535156,128.33169555664062,402.6376953125,402.6376953125,60,606.8061869591475,0.058368001133203506,11fce2bee90ec68ffd23adfbf6bd4cfa9c8354a9bbbc85a9858751108d165c3d,True
428,8,60,150,recent_k2,1.934535264968872,6.079330921173096,6.079330921173096,1.934535264968872,0.00019478797912597656,116.07211303710938,364.75982666015625,364.75982666015625,60,606.7052879370749,0.05632000043988228,3f9c5809ca0f629c3c4b46d4c441d1080cc7f209ead435477d4975c957c5a19d,True
429,8,60,165,recent_k2,2.8086042404174805,15.285303115844727,15.285303115844727,2.8086042404174805,0.0005121231079101562,168.51625061035156,917.1181640625,917.1181640625,60,606.2238728627563,0.05532800033688545,2e2c626540af3a3133457e72ef98fccd9332770fe97f1baf33854599a9c4480d,True
430,8,60,180,recent_k2,4.040501117706299,29.68462562561035,29.68462562561035,4.040501117706299,0.0010042190551757812,242.4300537109375,1781.077392578125,1781.077392578125,60,607.0340257138014,0.055296000093221664,5aead7a97a63d31080cc95f19618f486e4fe763ac68ef521c6022004d341895a,True
431,8,60,195,recent_k2,3.183692693710327,18.98195457458496,18.98195457458496,3.183692693710327,0.0005936622619628906,191.02154541015625,1138.917236328125,1138.917236328125,60,616.6488598100841,0.06451199948787689,a3d06f696bd8c2b3f26524134f406550583f51c12d9e4054c8a5b07b01aad511,True
432,8,60,210,recent_k2,2.030694007873535,6.471728801727295,6.471728801727295,2.030694007873535,0.00021004676818847656,121.84162902832031,388.3037109375,388.3037109375,60,606.5342598594725,0.055296000093221664,ad506fe38063b2d51d56cfb053181c9ce7bed88311228e470ed6662d7658f8f8,True
433,8,60,225,recent_k2,2.552424907684326,9.57375717163086,9.57375717163086,2.552424907684326,0.00032019615173339844,153.14549255371094,574.4254150390625,574.4254150390625,60,606.9871359504759,0.05632000043988228,ff051c69b388b11d678d1a85020026e122e3acb2bc70b224cb1108d07e7d55f8,True
434,8,26,30,recent_k2,23.236799240112305,890.0494995117188,890.0494995117188,23.236799240112305,0.032135009765625,1394.2078857421875,53402.96875,53402.96875,60,605.4539601318538,0.055296000093221664,0f1fdae840662dd041b6485fcbd079387716d4608b62503106a255cff365fcd5,True
435,8,26,45,recent_k2,20.902015686035156,571.2022705078125,571.2022705078125,20.902015686035156,0.0284881591796875,1254.120849609375,34272.1328125,34272.1328125,60,605.8940347284079,0.055296000093221664,4fb9bdb9884c293f1bedf1123b9dc2551fca4fc3d3fb9b15cd9830d41594f7a5,True
436,8,26,60,recent_k2,5.296053409576416,46.19710159301758,46.19710159301758,5.296053409576416,0.0017633438110351562,317.76318359375,2771.825927734375,2771.825927734375,60,606.337551958859,0.055296000093221664,477daaca69f09645da687d5281116bcb865000f61fd243d8a7296a9fd7259698,True
437,8,26,75,recent_k2,3.163785457611084,18.366273880004883,18.366273880004883,3.163785457611084,0.000583648681640625,189.82711791992188,1101.976318359375,1101.976318359375,60,605.6841579265893,0.055296000093221664,297cb7625b2754d96e21906371a19bcb56032bfe819ea37c5e4521fa5208666b,True
438,8,26,90,recent_k2,2.201871633529663,7.465526580810547,7.465526580810547,2.201871633529663,0.0003764629364013672,132.11228942871094,447.93157958984375,447.93157958984375,60,606.2775831669569,0.055296000093221664,38aabfa6fa0cfacdabd617d8d549a897130b76cbeb32b1a67cbc2b16f85b3612,True
439,8,26,105,recent_k2,2.8273873329162598,13.964543342590332,13.964543342590332,2.8273873329162598,0.0005164146423339844,169.6432342529297,837.87255859375,837.87255859375,60,606.1568539589643,0.055296000093221664,4ee9f4d5ef7906335a23ff362a3208a190e408ff80fc4258c91a722d36e349dc,True
440,8,26,120,recent_k2,10.358805656433105,171.11407470703125,171.11407470703125,10.358805656433105,0.006107330322265625,621.5283203125,10266.84375,10266.84375,60,606.1320141889155,0.05632000043988228,16169403f74d07f768f154c675031e1f643761f1a5ba310733ce1020f736a49b,True
441,8,26,135,recent_k2,6.695268154144287,92.65589141845703,92.65589141845703,6.695268154144287,0.0029888153076171875,401.716064453125,5559.35302734375,5559.35302734375,60,607.0921760983765,0.055296000093221664,f6cfda03e5f618afd9e6beb8743c07fc6f49036ee728fb92ac52a12035bb6763,True
442,8,26,150,recent_k2,8.355706214904785,112.92153930664062,112.92153930664062,8.355706214904785,0.007106781005859375,501.34234619140625,6775.2919921875,6775.2919921875,60,605.4626097902656,0.05427199974656105,cb10d1bb91e935b23c2c7166b208455046b4ace815ebdfe363f7607457e822ce,True
443,8,26,165,recent_k2,4.395016193389893,36.79765701293945,36.79765701293945,4.395016193389893,0.001399993896484375,263.7009582519531,2207.859375,2207.859375,60,605.7856278494,0.055296000093221664,34047e53ab2cf377b8cd1a8276d4c85e2af6ceccb1c201fc20f6bb6275de55c4,True
444,8,26,180,recent_k2,5.238831520080566,41.88312530517578,41.88312530517578,5.238831520080566,0.0016345977783203125,314.3298645019531,2512.9873046875,2512.9873046875,60,605.7047280482948,0.05427199974656105,800208efa90802fe70610fb9aa11ab0e3df1fd7a0eb0c3bef795d4dfcf9d1bc9,True
445,8,26,195,recent_k2,5.633918762207031,74.66515350341797,74.66515350341797,5.633918762207031,0.0030078887939453125,338.03509521484375,4479.9091796875,4479.9091796875,60,609.0789292939007,0.05632000043988228,713b40b6493a884816eef73dc2c6b05531bb506b943ef28dd10997af12cd3022,True
446,8,26,210,recent_k2,6.584634304046631,62.22659683227539,62.22659683227539,6.584634304046631,0.003215789794921875,395.0780334472656,3733.595703125,3733.595703125,60,606.543802190572,0.07065600156784058,cac1008d7cf8f569211b4e23636b3ac43c544df088db5d28d64d8f424d9de153,True
447,8,26,225,recent_k2,2.173107624053955,7.793363571166992,7.793363571166992,2.173107624053955,0.0003159046173095703,130.38644409179688,467.6017761230469,467.6017761230469,60,606.3936529681087,0.05427199974656105,b705ba55754d364ac67641fc22deff283d8e556f4fe4a9aa16e96169ef4cb0f1,True
448,8,21,30,recent_k2,2.0532071590423584,6.124975681304932,6.124975681304932,2.0532071590423584,0.00020742416381835938,123.19242858886719,367.49853515625,367.49853515625,60,605.8916067704558,0.05427199974656105,28df9dbe517531ae66f29e3cd7494819896b5ccc5c4f842e76c076b0c17b27d6,True
449,8,21,45,recent_k2,3.4168906211853027,17.116504669189453,17.116504669189453,3.4168906211853027,0.000980377197265625,205.013427734375,1026.990234375,1026.990234375,60,605.431511066854,0.055296000093221664,12c7f4d13287facc60105aef0e2e1928bd5f902dc5aeedd2d68b2c37c092f658,True
450,8,21,60,recent_k2,4.91322660446167,29.205677032470703,29.205677032470703,4.91322660446167,0.00194549560546875,294.7935791015625,1752.340576171875,1752.340576171875,60,606.825209222734,0.06348799914121628,a03dcc392eb735bdeb5abf4f5b65b96081c7ca359f3389d4c46f7fd2901a2a5c,True
451,8,21,75,recent_k2,3.4140987396240234,14.165117263793945,14.165117263793945,3.4140987396240234,0.000621795654296875,204.84591674804688,849.906982421875,849.906982421875,60,606.1022360809147,0.055296000093221664,5025eca245d78a01e08e36ce3b6372621ae757abbb9cfa13e0fe5a8971f9780d,True
452,8,21,90,recent_k2,1.8287317752838135,4.357425212860107,4.357425212860107,1.8287317752838135,0.0002548694610595703,109.7238998413086,261.44549560546875,261.44549560546875,60,606.1863261274993,0.05427199974656105,1f9d296bb3564b624529d27b02780246545e48e236327f6c53870e3fddcae836,True
453,8,21,105,recent_k2,2.340074300765991,6.738700866699219,6.738700866699219,2.340074300765991,0.0003647804260253906,140.40444946289062,404.322021484375,404.322021484375,60,605.9629376977682,0.05427199974656105,d812ef1f9e979e1a3e76fe8b40c0e6d3215aef7cc5cee8da725674755c123b9a,True
454,8,21,120,recent_k2,5.395193576812744,75.70267486572266,75.70267486572266,5.395193576812744,0.0027561187744140625,323.71160888671875,4542.16015625,4542.16015625,60,605.6787502020597,0.05632000043988228,9fcb86178fcee47c0b9d29ec2369c79ba10d075e61efab15f43a5daa245b5ab8,True
455,8,21,135,recent_k2,3.5932257175445557,26.877971649169922,26.877971649169922,3.5932257175445557,0.00098419189453125,215.59353637695312,1612.67822265625,1612.67822265625,60,605.98219698295,0.05632000043988228,23d736b86ba90ccfeceb64a414a0f27af32543bb05c347c4bfb5829fcb2a3623,True
456,8,21,150,recent_k2,1.9786324501037598,4.963931560516357,4.963931560516357,1.9786324501037598,0.0003428459167480469,118.71794128417969,297.83587646484375,297.83587646484375,60,608.4743048995733,0.05427199974656105,f1985d37c1cee36005ef958581b8f1bf236e33b716be92553fa3e661293b538e,True
457,8,21,165,recent_k2,1.959628701210022,4.8327860832214355,4.8327860832214355,1.959628701210022,0.0003337860107421875,117.57771301269531,289.9671630859375,289.9671630859375,60,606.7134812474251,0.058368001133203506,df79ed5556097455c4a7c694369442c937dcd388f42cd82a7c3da22c4ae8e18e,True
458,8,21,180,recent_k2,1.9995933771133423,5.005703926086426,5.005703926086426,1.9995933771133423,0.0003151893615722656,119.97559356689453,300.34222412109375,300.34222412109375,60,607.0945379324257,0.060416001826524734,d9469362580266d4e707e783caffdd5cd8b30b01f1ebf4eaa712cc69008117df,True
459,8,21,195,recent_k2,1.9427454471588135,4.813836097717285,4.813836097717285,1.9427454471588135,0.00031948089599609375,116.5647201538086,288.83013916015625,288.83013916015625,60,607.0040282793343,0.06143999844789505,5caed02932df823e843d3236bf840f60f9d9ee84270eeb8d6f94e3c86c83d461,True
460,8,21,210,recent_k2,1.9995527267456055,5.157201290130615,5.157201290130615,1.9995527267456055,0.00034236907958984375,119.97315979003906,309.43206787109375,309.43206787109375,60,605.6234212592244,0.055296000093221664,266747bc08b8bb82cd3b8b3488fa0035840b65e35310e8f00e66ab1105c1b07a,True
461,8,21,225,recent_k2,1.9156535863876343,4.803526878356934,4.803526878356934,1.9156535863876343,0.0003018379211425781,114.939208984375,288.21160888671875,288.21160888671875,60,606.119445990771,0.055296000093221664,0f6ed793d568d67455312a9493e19bb51b8d1930914b3de08ff6637581b5e406,True
462,8,44,30,recent_k2,5.533164978027344,71.16545104980469,71.16545104980469,5.533164978027344,0.00357818603515625,331.9898681640625,4269.9267578125,4269.9267578125,60,615.3206862509251,0.055296000093221664,13dd15708b9b19fd6a30d5e25aa78b7cfa629b5f78e0baa844b830a50af470db,True
463,8,44,45,recent_k2,6.01797342300415,94.9559555053711,94.9559555053711,6.01797342300415,0.0032978057861328125,361.0783996582031,5697.35693359375,5697.35693359375,60,607.8699408099055,0.062463998794555664,9fc298646e9b1138af89742b1780a0b94a6d1585f6174e63607aa15b1dc11ec3,True
464,8,44,60,recent_k2,2.396519899368286,11.387649536132812,11.387649536132812,2.396519899368286,0.0005846023559570312,143.7911834716797,683.2589111328125,683.2589111328125,60,607.0599192753434,0.05734400078654289,613dd467e2742352aa1eec6caf163f06816b563b8b9dd38fbf9be34207f1e8d2,True
465,8,44,75,recent_k2,2.7348971366882324,11.923909187316895,11.923909187316895,2.7348971366882324,0.0011625289916992188,164.0938262939453,715.4345092773438,715.4345092773438,60,606.8953699432313,0.05632000043988228,9964bc06a768ef2d1feeeadbf7c5ab74034cf85fd3d41a29bf751afbb02dc2e9,True
466,8,44,90,recent_k2,4.095865726470947,84.53923034667969,84.53923034667969,4.095865726470947,0.002719879150390625,245.75192260742188,5072.353515625,5072.353515625,60,603.8423269055784,0.05532800033688545,b796f63fcab1fbc014be5314a23289d98fec0f75ad096e063ddb167ceddf971b,True
467,8,44,105,recent_k2,6.179969310760498,78.74942016601562,78.74942016601562,6.179969310760498,0.0026874542236328125,370.7981262207031,4724.96484375,4724.96484375,60,605.6286222301424,0.055296000093221664,9dbf62767060dac711926b13ff51c7179915b7c7080c9c6c202ba993209c8a86,True
468,8,44,120,recent_k2,3.415722370147705,24.23712158203125,24.23712158203125,3.415722370147705,0.0012140274047851562,204.94332885742188,1454.2271728515625,1454.2271728515625,60,606.4238250255585,0.055296000093221664,87a191257b172571a69df5b3d2b1ab15617bc62a3ccb44a656b269499f1a967f,True
469,8,44,135,recent_k2,3.146866798400879,19.109188079833984,19.109188079833984,3.146866798400879,0.0007758140563964844,188.81199645996094,1146.55126953125,1146.55126953125,60,606.1698971316218,0.05632000043988228,04d696d234133d4e8f3ad25d7b2380866d1791831667ee95dc68d4e355a1aee2,True
470,8,44,150,recent_k2,5.46743106842041,76.90962982177734,76.90962982177734,5.46743106842041,0.00251007080078125,328.04583740234375,4614.57763671875,4614.57763671875,60,606.9158199243248,0.05427199974656105,695360e1b1578bfbb79974355d22a09dd40182dcaefbbecf3fcafad4c092d48b,True
471,8,44,165,recent_k2,4.291187763214111,59.492427825927734,59.492427825927734,4.291187763214111,0.0021228790283203125,257.47125244140625,3569.54541015625,3569.54541015625,60,606.2524067237973,0.05632000043988228,928207e3440e943f791b500d1c3e099e9a82bf705569163f4d30c09515947604,True
472,8,44,180,recent_k2,3.111711263656616,12.833834648132324,12.833834648132324,3.111711263656616,0.0007548332214355469,186.70266723632812,770.030029296875,770.030029296875,60,605.1717959344387,0.06451199948787689,d73e7a521e6fdb7394decc7dfb48fbf19348a0b1e42d06a5b322606ddc319734,True
473,8,44,195,recent_k2,3.211710214614868,27.47919273376465,27.47919273376465,3.211710214614868,0.0010194778442382812,192.70260620117188,1648.75146484375,1648.75146484375,60,604.6979310922325,0.055296000093221664,648a8de24558330fa38cc7880c64432c3202fc97bac87874b9c0b0e49685dcdc,True
474,8,44,210,recent_k2,3.0095608234405518,14.43699836730957,14.43699836730957,3.0095608234405518,0.0006055831909179688,180.57363891601562,866.2198486328125,866.2198486328125,60,604.9602190032601,0.055296000093221664,73da410c718cd43878956722b4c10a864cf57116177774247dc7dd99bca00695,True
475,8,44,225,recent_k2,3.4357547760009766,17.37336540222168,17.37336540222168,3.4357547760009766,0.001338958740234375,206.14527893066406,1042.40185546875,1042.40185546875,60,605.1354072988033,0.06451199948787689,f98b23b1865b1c3ae45acd1c7f3ccbfa8f192bf7393615910496fa0319b4a3ab,True
476,8,23,30,recent_k2,11.737749099731445,224.41099548339844,224.41099548339844,11.737749099731445,0.00861358642578125,704.264892578125,13464.6591796875,13464.6591796875,60,605.4113041609526,0.05632000043988228,65258fa623dc324291c555fffcceb56c4ceaeadc7ecd0541339baf44923df02d,True
477,8,23,45,recent_k2,15.131132125854492,1563.919921875,535.8367309570312,15.131132125854492,0.048492431640625,907.8678588867188,93835.1875,32150.203125,60,619.6023100055754,0.055296000093221664,e25f30ac58b8c97ff7540c7c308e0b42dc2c3ffb212489aa61df464c97a358af,True
478,8,23,60,recent_k2,46.0284423828125,10976.640625,5984.1455078125,46.0284423828125,0.33935546875,2761.706298828125,658598.375,359048.71875,60,606.0797185637057,0.06348799914121628,9f13dec8a773480c85907ab36c930004d7b38313c1a604f002f7b5618ab8020d,True
479,8,23,75,recent_k2,19.87042808532715,1111.4378662109375,1111.4378662109375,19.87042808532715,0.0350341796875,1192.2255859375,66686.265625,66686.265625,60,606.9814111106098,0.055296000093221664,0924aa4827af1855d7fbcc4919490b7cb54cc0ffb23cc48ac45c76f2a2ce3f82,True
480,8,23,90,recent_k2,3.213228464126587,14.714938163757324,14.714938163757324,3.213228464126587,0.00118255615234375,192.793701171875,882.896240234375,882.896240234375,60,606.6908030770719,0.062463998794555664,1e537a6e2881fdbf5fc2c073b5402dd8429d653ebc87255cb3868efeed14f356,True
481,8,23,105,recent_k2,5.20394229888916,43.43479919433594,43.43479919433594,5.20394229888916,0.0021610260009765625,312.23651123046875,2606.087890625,2606.087890625,60,607.001141179353,0.05632000043988228,55b6a17ede86378b622e575d0514b4ffc1efb89fb1f4b62fb221099d30b343e8,True
482,8,23,120,recent_k2,5.321751594543457,40.73143005371094,40.73143005371094,5.321751594543457,0.0019121170043945312,319.3050842285156,2443.8857421875,2443.8857421875,60,606.2448378652334,0.055296000093221664,f7512cf47c59ebc33c312abf5534e6947728ecef20b7451d6fa0451e21e372b6,True
483,8,23,135,recent_k2,13.056325912475586,295.059326171875,295.059326171875,13.056325912475586,0.01293182373046875,783.3795166015625,17703.55859375,17703.55859375,60,609.7140270285308,0.06860800087451935,ee4480072c26bb0f9213d80a99e1ff9cacdaa0c3f9ed9e013e47dabbcece843a,True
484,8,23,150,recent_k2,5.200538635253906,52.621673583984375,52.621673583984375,5.200538635253906,0.0022449493408203125,312.03228759765625,3157.30029296875,3157.30029296875,60,629.002786707133,0.055296000093221664,965e2589abb70e073625ff4595aebd5b128cc1be7445c14180f2dc8f9f4c01a2,True
485,8,23,165,recent_k2,6.240764617919922,61.25407409667969,61.25407409667969,6.240764617919922,0.004856109619140625,374.44586181640625,3675.244140625,3675.244140625,60,615.4451267793775,0.06451199948787689,400330e2cdb3bcf4ab0f77a940ffe18b9f3e3b3085a4eda42fe4d451a4ceef25,True
486,8,23,180,recent_k2,21.518667221069336,889.5792846679688,889.5792846679688,21.518667221069336,0.033416748046875,1291.1199951171875,53374.75390625,53374.75390625,60,606.4504068344831,0.055296000093221664,6e8f5ad3e0d317c1692c2b76d7762f5babd1f5808a45950be752ea79a5ac09e8,True
487,8,23,195,recent_k2,14.42429256439209,487.84063720703125,487.84063720703125,14.42429256439209,0.01544952392578125,865.45751953125,29270.4375,29270.4375,60,606.3310471363366,0.055296000093221664,a302df12ba2819df773b946505f3a82bf22aed60ba2f9312f826c369fe1dfda2,True
488,8,23,210,recent_k2,13.400230407714844,311.33282470703125,311.33282470703125,13.400230407714844,0.00971221923828125,804.0137939453125,18679.96875,18679.96875,60,605.1877583377063,0.05427199974656105,a58d1f06329779fdec51908c1c19e2101900efdd6023f2838f063a0b9bf4cb06,True
489,8,23,225,recent_k2,5.427249431610107,64.93032836914062,64.93032836914062,5.427249431610107,0.00218963623046875,325.63494873046875,3895.819580078125,3895.819580078125,60,605.1862882450223,0.05632000043988228,3630023b4c886c84dde8c0e85fa28cce7cc30b987c24c093b97124e4caefa336,True
490,8,53,30,recent_k2,23.206315994262695,1950.3416748046875,1950.3416748046875,23.206315994262695,0.060516357421875,1392.37890625,117020.4921875,117020.4921875,60,605.2094884216785,0.055296000093221664,069a015ded3267a6da1c142b1ed43f29184baed949af5b93c5647ef93502898d,True
491,8,53,45,recent_k2,28.74740982055664,1461.1182861328125,1461.1182861328125,28.74740982055664,0.048583984375,1724.844482421875,87667.09375,87667.09375,60,606.7388448864222,0.055296000093221664,212159bb5c17e6e656097f9d11c114d145812a20f6a411209f3f8c98e1599990,True
492,8,53,60,recent_k2,18.833003997802734,874.1456298828125,874.1456298828125,18.833003997802734,0.0282135009765625,1129.980224609375,52448.734375,52448.734375,60,607.374229002744,0.05427199974656105,5f54a18b23f268ee4147ba930f4ed1204be56f3e66ce9af8db4b39b4ca18bba4,True
493,8,53,75,recent_k2,6.8000617027282715,74.32085418701172,74.32085418701172,6.8000617027282715,0.002956390380859375,408.0036926269531,4459.2509765625,4459.2509765625,60,605.5459049530327,0.06656000018119812,55a50e516e4f48b6b529e13e20367ddaaccc4d76cd74c68bc38ef03d344f1713,True
494,8,53,90,recent_k2,8.560678482055664,215.4149169921875,215.4149169921875,8.560678482055664,0.00745391845703125,513.6406860351562,12924.89453125,12924.89453125,60,605.897331610322,0.05427199974656105,496dd5cf074cea349b14f6212ffcd802b54ebd881e69a5a16f539216c9acbe86,True
495,8,53,105,recent_k2,10.889362335205078,309.014404296875,309.014404296875,10.889362335205078,0.0106964111328125,653.3616943359375,18540.86328125,18540.86328125,60,605.4745963774621,0.055296000093221664,bc0b84e198e7d3ad95a2faa3bc92603f8a8bf5476b940ec4e38bbf7695a13871,True
496,8,53,120,recent_k2,45.24100112915039,5722.4462890625,5722.4462890625,45.24100112915039,0.1793212890625,2714.4599609375,343346.75,343346.75,60,605.1067598164082,0.05632000043988228,c887a449f1fb35ede5a3795dc7ee226ef71475679255a65abd1c6089962c408d,True
497,8,53,135,recent_k2,23.04428482055664,2205.91162109375,2205.91162109375,23.04428482055664,0.06866455078125,1382.656982421875,132354.6875,132354.6875,60,606.0901898890734,0.05427199974656105,d3c3f111cb546a8fb3ba8140a833613bc3144191842e3df89f7ea78410308deb,True
498,8,53,150,recent_k2,22.64510726928711,791.8233032226562,791.8233032226562,22.64510726928711,0.02618408203125,1358.7064208984375,47509.39453125,47509.39453125,60,606.2198602594435,0.05632000043988228,fcec82f50438c23c6b0056098e81e121a84495369f576b0789a5e53f99f19c09,True
499,8,53,165,recent_k2,9.318658828735352,198.74290466308594,198.74290466308594,9.318658828735352,0.00638580322265625,559.1195068359375,11924.5732421875,11924.5732421875,60,606.2736199237406,0.05532800033688545,fa7121af3eeceb79d634c1e5c5d2ff0048f09470f5531c30d166ee5b7585f3f2,True
500,8,53,180,recent_k2,12.22990894317627,442.263916015625,442.263916015625,12.22990894317627,0.0162811279296875,733.7944946289062,26535.833984375,26535.833984375,60,607.6815873384476,0.058368001133203506,fa5cc4938a37d7b9a377d020c4d1a121c0f25f818fd1a2e0bf5628c3fb8cd900,True
501,8,53,195,recent_k2,21.292505264282227,910.7142333984375,910.7142333984375,21.292505264282227,0.03271484375,1277.55029296875,54642.8515625,54642.8515625,60,607.5239479541779,0.05628800019621849,3a0f377f694e0340696ca10b16a4c8fcace47f2305ecfc8dfa91ef1009a7b0a5,True
502,8,53,210,recent_k2,5.541082859039307,56.598575592041016,56.598575592041016,5.541082859039307,0.002105712890625,332.4649658203125,3395.914306640625,3395.914306640625,60,601.1402043513954,0.055296000093221664,4d4dd0a9515d23856c48bed1adf009d367416702b2a1e81c6bfbc796a7f45f2d,True
503,8,53,225,recent_k2,2.115389823913574,10.769430160522461,10.769430160522461,2.115389823913574,0.0003573894500732422,126.92337799072266,646.165771484375,646.165771484375,60,610.0001870654523,0.055296000093221664,5b0ad4e1a03a2ac74d8255fc65ff73b1c6c01e42d7835abd7b3941be79a1b804,True
504,8,84,30,recent_k2,40.04163360595703,3520.53857421875,3520.53857421875,40.04163360595703,0.1253662109375,2402.497802734375,211232.296875,211232.296875,60,624.5075790211558,0.07475200295448303,b6272999813ec32eee21e980c0c23041410d1b8db939bb74de49dbc33dd651ca,True
505,8,84,45,recent_k2,28.528301239013672,1797.2054443359375,1797.2054443359375,28.528301239013672,0.06304931640625,1711.697998046875,107832.3203125,107832.3203125,60,608.2176328636706,0.08908800035715103,d7e59fb190791e18d4a933c468050e7d7969b148252c81d906d7987beedfc2b1,True
506,8,84,60,recent_k2,15.067330360412598,342.7229919433594,342.7229919433594,15.067330360412598,0.0211944580078125,904.039794921875,20563.37890625,20563.37890625,60,605.4869168438017,0.05427199974656105,312dca03e6feaf0013d34293f77b278d7e19027af2012571ebe990ab72dc4c6c,True
507,8,84,75,recent_k2,3.0582640171051025,16.48463249206543,16.48463249206543,3.0582640171051025,0.0005307197570800781,183.49583435058594,989.077880859375,989.077880859375,60,605.2039000205696,0.0655359998345375,f0bf8fe723d5d1f4f9a5898403916f23f63b5a3854e5139070d2836f773a8a96,True
508,8,84,90,recent_k2,2.5652873516082764,12.0033597946167,12.0033597946167,2.5652873516082764,0.0003924369812011719,153.917236328125,720.2015380859375,720.2015380859375,60,602.7066521346569,0.055296000093221664,d1bbe865264525f88875704903c996d47e44d699efd34460587823a4afff09c2,True
509,8,84,105,recent_k2,2.6635069847106934,13.46717643737793,13.46717643737793,2.6635069847106934,0.0004286766052246094,159.81040954589844,808.030517578125,808.030517578125,60,599.4900404475629,0.055296000093221664,d952488cff1d59880659a8954d41270247ab97f31538a47cb51bbd76105a5f48,True
510,8,84,120,recent_k2,2.487137794494629,10.832170486450195,10.832170486450195,2.487137794494629,0.00035262107849121094,149.22825622558594,649.93017578125,649.93017578125,60,603.1492277979851,0.05632000043988228,303b2eee07ce993bae0d51b9d51ef37d15c8ae857c822579e914b970254b0fba,True
511,8,84,135,recent_k2,8.534627914428711,176.19363403320312,176.19363403320312,8.534627914428711,0.007236480712890625,512.07763671875,10571.6171875,10571.6171875,60,602.4139551445842,0.05632000043988228,cc84eead58ef876f78831da3ef6a6e37bea925ac4ba8a013ea1839317ab1b383,True
512,8,84,150,recent_k2,5.641080379486084,43.62431716918945,43.62431716918945,5.641080379486084,0.0015087127685546875,338.4648132324219,2617.458984375,2617.458984375,60,612.7073736861348,0.05427199974656105,9e0c39c41d3224a46c154e62460700c33393952e98e15349362581dc46887553,True
513,8,84,165,recent_k2,3.6203441619873047,18.300859451293945,18.300859451293945,3.6203441619873047,0.0007343292236328125,217.22064208984375,1098.051513671875,1098.051513671875,60,602.2105370648205,0.055296000093221664,c67ca0287b9d77424db217d8233c325fb61d4d4492df08871eec65e72ce011fc,True
514,8,84,180,recent_k2,3.5040578842163086,17.34517478942871,17.34517478942871,3.5040578842163086,0.0007009506225585938,210.24346923828125,1040.71044921875,1040.71044921875,60,602.9075114056468,0.055296000093221664,067dfec08661e7885c0b4de3b74da8dde99272514ff9541eb831bd513f5369af,True
515,8,84,195,recent_k2,15.507781028747559,412.1083679199219,412.1083679199219,15.507781028747559,0.0176239013671875,930.466796875,24726.5,24726.5,60,602.7633119374514,0.055296000093221664,f439cc85a099a67554f71e464599102b704bd8a8727bd20cddbe3e8fa0f7f7d0,True
516,8,84,210,recent_k2,10.334102630615234,130.8862762451172,130.8862762451172,10.334102630615234,0.006378173828125,620.046142578125,7853.17626953125,7853.17626953125,60,605.4118988104165,0.055296000093221664,85633a237faa99d8f95238f39125762731fbca183953d280ec59322d23559570,True
517,8,84,225,recent_k2,8.492765426635742,112.86370086669922,112.86370086669922,8.492765426635742,0.00589752197265625,509.56591796875,6771.82177734375,6771.82177734375,60,605.5370778776705,0.056352000683546066,ab7c27bd941d5e35d694835c126ca1ce06c5b14b1d84c2d8a52671b51ca059d1,True
518,8,59,30,recent_k2,2.2274105548858643,8.33120059967041,8.33120059967041,2.2274105548858643,0.0003247261047363281,133.64462280273438,499.87200927734375,499.87200927734375,60,617.3937940038741,0.05628800019621849,3fda43ff5b58dcbaaeedeb675f15adfb62f347a31ac0c8e8b6c6c781327d5e63,True
519,8,59,45,recent_k2,2.4219770431518555,14.053315162658691,14.053315162658691,2.4219770431518555,0.0004935264587402344,145.31861877441406,843.1988525390625,843.1988525390625,60,608.7114801630378,0.05734400078654289,f69ee5b18328401fa3f05e8080b9760d5d6abc934dd36981f2c518143fe651ba,True
520,8,59,60,recent_k2,8.289857864379883,88.45438385009766,88.45438385009766,8.289857864379883,0.00428009033203125,497.3914489746094,5307.2626953125,5307.2626953125,60,605.8540646918118,0.055296000093221664,29473b898ce19fa3538bfb28bdd99519aaae01164b4ee9aec21b65b98ccb6b0e,True
521,8,59,75,recent_k2,3.777841806411743,25.621421813964844,25.621421813964844,3.777841806411743,0.0009140968322753906,226.67050170898438,1537.2852783203125,1537.2852783203125,60,605.2648010663688,0.055296000093221664,172cd3cd69a66fafc82f08806c3bd0a247369253c9dccedddce8ab83c6813ae7,True
522,8,59,90,recent_k2,3.8620500564575195,31.842679977416992,31.842679977416992,3.8620500564575195,0.0011196136474609375,231.72299194335938,1910.5606689453125,1910.5606689453125,60,603.7854431197047,0.05632000043988228,40b07094114e94bab7c8dd34efa6893c34eb112b5fab7d8134d75d11f68eb3ad,True
523,8,59,105,recent_k2,4.935588836669922,37.79907989501953,37.79907989501953,4.935588836669922,0.0015888214111328125,296.13531494140625,2267.944580078125,2267.944580078125,60,604.6265857294202,0.055296000093221664,8b823f3a5cba8d5780b9035d32d44fbdd5bd6978bce5552c41d3897949c6e730,True
524,8,59,120,recent_k2,8.617582321166992,150.1021270751953,150.1021270751953,8.617582321166992,0.0063934326171875,517.054931640625,9006.126953125,9006.126953125,60,603.6786939948797,0.05632000043988228,abf31a4bba67808c7c5c7f1541279226963c8bf977a861e3c6caea07b36c34cf,True
525,8,59,135,recent_k2,10.426998138427734,213.276123046875,213.276123046875,10.426998138427734,0.00982666015625,625.619873046875,12796.56640625,12796.56640625,60,607.6471703127027,0.055296000093221664,a28e71d7cfa57bdd285b1fdbfcdf88d52b114c5829976458d6e368735f155917,True
526,8,59,150,recent_k2,7.081690311431885,60.20145797729492,60.20145797729492,7.081690311431885,0.003696441650390625,424.9013977050781,3612.08740234375,3612.08740234375,60,604.7422746196389,0.05734400078654289,5a19a5c706f54872a8aa9eb9137c1cfb40b7f2737a4fa1ed52f72d507d30ac05,True
527,8,59,165,recent_k2,4.838176727294922,30.996356964111328,30.996356964111328,4.838176727294922,0.0016622543334960938,290.29058837890625,1859.7813720703125,1859.7813720703125,60,603.8894732482731,0.055296000093221664,9ac2a7940b247c9ee68b67236555bb7e7d006ed25af3a069c5ce256db5952dfb,True
528,8,59,180,recent_k2,2.593332290649414,12.867888450622559,12.867888450622559,2.593332290649414,0.0006403923034667969,155.5999298095703,772.0732421875,772.0732421875,60,604.9785031937063,0.055296000093221664,3ca1dbc64cef1eb24987797094f82e9e048348d20209954122a7a3c57aebeeee,True
529,8,59,195,recent_k2,2.972545623779297,13.050461769104004,13.050461769104004,2.972545623779297,0.0008559226989746094,178.35272216796875,783.0276489257812,783.0276489257812,60,605.0212429836392,0.055296000093221664,31554b7b9335a3ba3dc9bddbb306e1ad7d95ccc689cef698f71644c3fe5825b4,True
530,8,59,210,recent_k2,9.383980751037598,173.94281005859375,173.94281005859375,9.383980751037598,0.006443023681640625,563.038818359375,10436.568359375,10436.568359375,60,604.8129051923752,0.055296000093221664,159eb9f3ef6d9efe5300bbf95e76ee2c18d1b37bc086246028dda7ba68c8493e,True
531,8,59,225,recent_k2,9.204050064086914,117.63355255126953,117.63355255126953,9.204050064086914,0.004673004150390625,552.2429809570312,7058.0126953125,7058.0126953125,60,609.5479037612677,0.05632000043988228,2608fde1517c052dd02b4e8f5ed12009f245b734856950ad925aebd9f97dc36b,True
532,8,49,30,recent_k2,41.17475128173828,4861.47119140625,3329.719970703125,41.17475128173828,0.17431640625,2470.48486328125,291688.25,199783.1875,60,605.0520427525043,0.055296000093221664,3ff2d45e78a6b70b000d2a874f03cb49106c2da5b5888d60913226af88e9cda7,True
533,8,49,45,recent_k2,44.427955627441406,22751.419921875,3844.334716796875,44.427955627441406,0.71240234375,2665.67724609375,1365085.125,230660.078125,60,603.9487929083407,0.05632000043988228,bb26ed143e96a7ed68c9256a4ef7d1fb2e9a894f40ba5ba70b22b0c9e0ce44de,True
534,8,49,60,recent_k2,16.529491424560547,1589.12939453125,626.4533081054688,16.529491424560547,0.05340576171875,991.7694091796875,95347.7578125,37587.1953125,60,604.1183322668076,0.05632000043988228,40c353facfe47f6baff309fcd14c75534b1a1c8f435c86684df9a01949cadbd5,True
535,8,49,75,recent_k2,46.73965835571289,9122.474609375,5551.94384765625,46.73965835571289,0.2822265625,2804.37939453125,547348.4375,333116.625,60,604.055383708328,0.055296000093221664,b86f88f8626707ae32b3d00f501973a199e7da8f75942fba722138a3c535f938,True
536,8,49,90,recent_k2,17.57056999206543,679.4244995117188,679.4244995117188,17.57056999206543,0.0228424072265625,1054.234130859375,40765.46875,40765.46875,60,604.4757389463484,0.055296000093221664,61010a6fa4d95701d1a6dc8473db25f2787936d0954a60829a2636fa9845e6b2,True
537,8,49,105,recent_k2,30.255002975463867,2030.32763671875,2030.32763671875,30.255002975463867,0.0751953125,1815.300048828125,121819.6484375,121819.6484375,60,621.2908099405468,0.055296000093221664,3659b3f8401638f8749bb748d42a3f73f64a444f9e5c6c55e6f4f05ed17b7a0e,True
538,8,49,120,recent_k2,36.60681915283203,10037.298828125,2130.25390625,36.60681915283203,0.37158203125,2196.408935546875,602237.875,127815.2265625,60,622.3849807865918,0.06451199948787689,12918c19783dc15c2f50e3c6ea842c937c8ee2767967de2dcbbd21e8568617b9,True
539,8,49,135,recent_k2,18.643213272094727,11004.5,967.9299926757812,18.643213272094727,0.35009765625,1118.5927734375,660269.9375,58075.796875,60,615.5936610884964,0.05734400078654289,0bc44f8bf94c3641c398b87cc52bd5249ac65d8e617a8c02f09026d2a4bc34d4,True
540,8,49,150,recent_k2,14.035883903503418,354.1551513671875,354.1551513671875,14.035883903503418,0.0115509033203125,842.1530151367188,21249.30859375,21249.30859375,60,605.0239740870893,0.055296000093221664,c21cc7685c4401f847dbcd92417387e7406f1e4965242db94125bf85c3570e3e,True
541,8,49,165,recent_k2,10.526358604431152,237.09950256347656,237.09950256347656,10.526358604431152,0.0074615478515625,631.5814819335938,14225.9697265625,14225.9697265625,60,604.7821668908,0.05427199974656105,39de014e68aaf2eb5974740a011391c36e7420577c428fe45c7d65c49935172e,True
542,8,49,180,recent_k2,3.1525285243988037,15.989879608154297,15.989879608154297,3.1525285243988037,0.0011539459228515625,189.15170288085938,959.3927001953125,959.3927001953125,60,604.6547680161893,0.055296000093221664,bdcbe26101a36b39f095dbad55d8df1066da3d6b53a0fe1fb5aa14fd8c820fdb,True
543,8,49,195,recent_k2,3.761195659637451,17.616981506347656,17.616981506347656,3.761195659637451,0.0009484291076660156,225.67172241210938,1057.018798828125,1057.018798828125,60,604.4241897761822,0.05427199974656105,b5516ab4db01f7949a37332def8a96f055b6487a335c020040824c7c00d15308,True
544,8,49,210,recent_k2,2.647090435028076,11.594983100891113,11.594983100891113,2.647090435028076,0.0007462501525878906,158.82542419433594,695.698974609375,695.698974609375,60,605.5501298978925,0.05430399999022484,cc8bd719560b21f71f4ef73123e9f225da8dbe3b708223e90008dd4d6c80d0a2,True
545,8,49,225,recent_k2,2.121784210205078,9.128198623657227,9.128198623657227,2.121784210205078,0.0005459785461425781,127.30705261230469,547.69189453125,547.69189453125,60,611.4898882806301,0.058368001133203506,30d0da8ffaae4f236ea64c95d9e6ea27bd1ac4e0b97a43ab203fac17a503d58f,True
546,8,7,30,recent_k2,19.86968231201172,853.093017578125,853.093017578125,19.86968231201172,0.031341552734375,1192.180908203125,51185.578125,51185.578125,60,603.7796060554683,0.055296000093221664,376b5a96eff0221e5c2113fb3e211452fa1a38fdde267fbdcb37fc23e7e559ef,True
547,8,7,45,recent_k2,16.435415267944336,606.784423828125,606.784423828125,16.435415267944336,0.019317626953125,986.1248168945312,36407.0625,36407.0625,60,602.8382452204823,0.05628800019621849,c10aa6b68562c657db2020c68935a17b580e01d964442db8abc1fe8848d3e911,True
548,8,7,60,recent_k2,2.083266258239746,5.5007452964782715,5.5007452964782715,2.083266258239746,0.00030040740966796875,124.99596405029297,330.0447082519531,330.0447082519531,60,603.0126931145787,0.05427199974656105,c811d4b26dd6d912caa86931ad91956e784431bc5288c5952b6602f07b588b95,True
549,8,7,75,recent_k2,1.2076975107192993,3.2169229984283447,3.2169229984283447,1.2076975107192993,0.00011491775512695312,72.46184539794922,193.01536560058594,193.01536560058594,60,603.3993600867689,0.05430399999022484,d1eb6163c7592e273172064aa482a8c23cfea745ff265f3afb801c890a39b53b,True
550,8,7,90,recent_k2,14.424034118652344,435.11669921875,435.11669921875,14.424034118652344,0.0223846435546875,865.4420166015625,26107.0,26107.0,60,605.415471829474,0.05939200147986412,9223317d13ec47528a1c357dea752e5ebc7a05cc510305966bdeb597f2080b96,True
551,8,7,105,recent_k2,12.230103492736816,308.0163269042969,308.0163269042969,12.230103492736816,0.0122833251953125,733.80615234375,18480.978515625,18480.978515625,60,604.7730469144881,0.05632000043988228,2a59dc2d57facade45690d97c408a4f7cbf96a6b1222bb856c2f58f6689e3f8f,True
552,8,7,120,recent_k2,22.72130584716797,1298.6646728515625,1298.6646728515625,22.72130584716797,0.040496826171875,1363.2783203125,77919.875,77919.875,60,605.0124359317124,0.05632000043988228,3e817b14de506b2b62955b9b0f2ae7ac8939fc9e606f4b872272b0f6164fed79,True
553,8,7,135,recent_k2,10.085905075073242,179.29458618164062,179.29458618164062,10.085905075073242,0.005767822265625,605.154296875,10757.6748046875,10757.6748046875,60,606.8210802040994,0.05734400078654289,ee73d68a54abec6801aed89b93a07f986a2048281dbf4b02c2aecbdc13e9cd5d,True
554,8,7,150,recent_k2,12.988076210021973,403.128173828125,403.128173828125,12.988076210021973,0.0140838623046875,779.2845458984375,24187.689453125,24187.689453125,60,605.4439819417894,0.055296000093221664,82d6f449a1a835c80dbf4c2b6945bb14de0f51884520f87e7ed345f81f78b83f,True
555,8,7,165,recent_k2,17.145496368408203,454.27911376953125,454.27911376953125,17.145496368408203,0.0189361572265625,1028.729736328125,27256.74609375,27256.74609375,60,604.9815169535577,0.05632000043988228,1172ff30dea05c6042eefc1ff5bbdb7cbd2cc92a0ea62b8515fefc80fa72b0cd,True
556,8,7,180,recent_k2,13.196638107299805,353.84417724609375,353.84417724609375,13.196638107299805,0.0147247314453125,791.7982177734375,21230.650390625,21230.650390625,60,604.6584290452302,0.05632000043988228,8438f05f28b6562f18b271a0c92a4e6a55d8371db1ccfadfeb08f981918bb6e2,True
557,8,7,195,recent_k2,3.6964800357818604,61.00251007080078,61.00251007080078,3.6964800357818604,0.002880096435546875,221.78878784179688,3660.150390625,3660.150390625,60,604.5402600429952,0.055296000093221664,16462a95c4bfb97b33a67611f648de57c5d6673c0b7a99ed876257c60add24b0,True
558,8,7,210,recent_k2,18.33696746826172,568.8175048828125,568.8175048828125,18.33696746826172,0.025054931640625,1100.218017578125,34129.046875,34129.046875,60,611.4724199287593,0.05632000043988228,3bb8d0355860f473aa5a1ba690f9304c357cce4b490166f2704974d1ea3cb546,True
559,8,7,225,recent_k2,9.3757905960083,204.37782287597656,204.37782287597656,9.3757905960083,0.00872802734375,562.5474243164062,12262.6689453125,12262.6689453125,60,604.8296079970896,0.05632000043988228,d3579b40de682f6c1bda44a67f408180cc9fc1adc8b27c497d0078664fbe6441,True
560,8,47,30,recent_k2,15.960236549377441,432.8249206542969,432.8249206542969,15.960236549377441,0.014495849609375,957.6141357421875,25969.494140625,25969.494140625,60,604.0353951975703,0.055296000093221664,d73b610d99096657ccef457bbcf69fd54f9ad357a69b110d247440a3931212f5,True
561,8,47,45,recent_k2,11.486785888671875,173.2335968017578,173.2335968017578,11.486785888671875,0.00939178466796875,689.2070922851562,10394.015625,10394.015625,60,605.0435961224139,0.055296000093221664,f6c6d5c99ff8d0aad3117986073cc34a1b5a9579fca5fc2d3dffa47f369db4fd,True
562,8,47,60,recent_k2,8.385583877563477,88.7176284790039,88.7176284790039,8.385583877563477,0.004425048828125,503.1349792480469,5323.0576171875,5323.0576171875,60,604.8510177060962,0.05427199974656105,dc09dca50fd9c80821d8c7733c68005fcf033a6622f11f8777bf36643c2a6f1e,True
563,8,47,75,recent_k2,10.791985511779785,161.15756225585938,161.15756225585938,10.791985511779785,0.01013946533203125,647.5191040039062,9669.453125,9669.453125,60,605.3923340514302,0.055296000093221664,4046e5c959d73660d1149d866aadf95a47e6ddd8327a7844f41c8caab394d34b,True
564,8,47,90,recent_k2,15.846211433410645,471.5354919433594,471.5354919433594,15.846211433410645,0.0160064697265625,950.7726440429688,28292.12890625,28292.12890625,60,609.7319452092052,0.06348799914121628,7df8ed0c4ebc0447859f42e3270b75e1e3bc806d1a2f27b0b3f0e19ae5843a10,True
565,8,47,105,recent_k2,17.181720733642578,648.8084716796875,648.8084716796875,17.181720733642578,0.027374267578125,1030.9031982421875,38928.5078125,38928.5078125,60,603.8736556656659,0.05939200147986412,9e76afa8b03dd89e193806ecc34d21e80501db299d579cc2464e2b7f59f64d13,True
566,8,47,120,recent_k2,18.631637573242188,425.8492736816406,425.8492736816406,18.631637573242188,0.035888671875,1117.898193359375,25550.955078125,25550.955078125,60,605.0707171671093,0.05734400078654289,f0ea3a0a405b7f1e4b2c18ee74667b94c08fa3626d9f3f6b1f2d3972676f29fd,True
567,8,47,135,recent_k2,18.69894790649414,539.0614624023438,539.0614624023438,18.69894790649414,0.024383544921875,1121.936767578125,32343.6875,32343.6875,60,604.836059268564,0.055296000093221664,67f3262e2fceb2420d76c050a65a80fe1793a47210403eea11763d6c310c3ba4,True
568,8,47,150,recent_k2,8.60531234741211,106.71110534667969,106.71110534667969,8.60531234741211,0.00647735595703125,516.3187255859375,6402.666015625,6402.666015625,60,604.4591418467462,0.05430399999022484,ce7183382e0c068b8a7435ea4e478d2aa82b96466ea1f061f70c0ae7df34ffa9,True
569,8,47,165,recent_k2,3.0907888412475586,17.113004684448242,17.113004684448242,3.0907888412475586,0.0006327629089355469,185.44732666015625,1026.7802734375,1026.7802734375,60,604.4640019536018,0.055296000093221664,98da47d286bd4d8f6645b86ffa0921e15667828fbb28ecb89f908695d8fcaf54,True
570,8,47,180,recent_k2,3.8207175731658936,20.166580200195312,20.166580200195312,3.8207175731658936,0.0009760856628417969,229.2430419921875,1209.9947509765625,1209.9947509765625,60,603.9117970503867,0.055296000093221664,b2ded0d81fb6fedc253e8b16000d9b075ab8e2cdd08570bb92bf5e34e61d326e,True
571,8,47,195,recent_k2,2.844712495803833,13.304600715637207,13.304600715637207,2.844712495803833,0.000537872314453125,170.6827392578125,798.2760009765625,798.2760009765625,60,607.811682857573,0.05632000043988228,71da625a8665482eae42bd717549e95c17226570186bfa33e64d439f75b24525,True
572,8,47,210,recent_k2,2.6186683177948,9.768630027770996,9.768630027770996,2.6186683177948,0.0006718635559082031,157.12008666992188,586.1177978515625,586.1177978515625,60,604.8835790716112,0.055296000093221664,1c58bd567d2819e8e4d6e32eccb6d5085629f336cfce9d8553573f14fff5a5a9,True
573,8,47,225,recent_k2,4.461907386779785,44.068939208984375,44.068939208984375,4.461907386779785,0.001605987548828125,267.71441650390625,2644.13623046875,2644.13623046875,60,605.9597786515951,0.055296000093221664,58307b97775cada34b962a811b13cc6276dcfc7cfb917a85434f745d0f97f814,True
574,8,30,30,recent_k2,16.590614318847656,692.4202270507812,692.4202270507812,16.590614318847656,0.022552490234375,995.436767578125,41545.2109375,41545.2109375,60,604.3191938661039,0.058368001133203506,fb251f7bf8542a0c5817aa1953fffe712f7ff582c92f41e7d084daf5ea9ca8d0,True
575,8,30,45,recent_k2,9.860514640808105,198.8395233154297,198.8395233154297,9.860514640808105,0.007129669189453125,591.630859375,11930.37109375,11930.37109375,60,604.1706250980496,0.05632000043988228,d93d91bf40a9720bbd64bb3df507c14bcffce24587245714b6772a1c998bea8d,True
576,8,30,60,recent_k2,3.961197853088379,51.73411178588867,51.73411178588867,3.961197853088379,0.0016918182373046875,237.67185974121094,3104.046630859375,3104.046630859375,60,604.3018139898777,0.055296000093221664,7dc437338f81797c409d20c13cf375ea244dfe5cec8d0f6db171d69efd655538,True
577,8,30,75,recent_k2,8.07137393951416,134.62904357910156,134.62904357910156,8.07137393951416,0.004550933837890625,484.28240966796875,8077.7421875,8077.7421875,60,604.9108589068055,0.055296000093221664,4ebdcf1e1e8156e390ff48b735affb7578cc919857b592075f0906856812916e,True
578,8,30,90,recent_k2,0.8545551896095276,1.3895494937896729,1.3895494937896729,0.8545551896095276,6.41942024230957e-05,51.27330780029297,83.37296295166016,83.37296295166016,60,604.4848230667412,0.05632000043988228,caeb1b7ba8b84f104421835615ca84f74c0e7953b14f06d1e980ea6b48a26ffa,True
579,8,30,105,recent_k2,6.936413764953613,161.0916748046875,161.0916748046875,6.936413764953613,0.00530242919921875,416.184814453125,9665.5,9665.5,60,604.358202777803,0.055296000093221664,5f05d2247d25f6279a0bc1e9d706815627580bce7774690d1dd6eb812af3b96a,True
580,8,30,120,recent_k2,22.24604034423828,1086.658203125,1086.658203125,22.24604034423828,0.034637451171875,1334.7623291015625,65199.4921875,65199.4921875,60,604.6890909783542,0.062463998794555664,9567f1862cde9b319424eb5bbb24fab99b0303e5407ba2ae876c0839c182ae5b,True
581,8,30,135,recent_k2,12.021991729736328,494.7353820800781,494.7353820800781,12.021991729736328,0.0153350830078125,721.3194580078125,29684.12109375,29684.12109375,60,603.758588898927,0.055296000093221664,735870015a6980da2d9720b66d333c9754666b71d34760c7b775f0d69a461e8e,True
582,8,30,150,recent_k2,18.99570655822754,1348.588134765625,1348.588134765625,18.99570655822754,0.04180908203125,1139.7423095703125,80915.28125,80915.28125,60,603.8301689550281,0.05427199974656105,df17337f2102c6fc21313f5c9cc346ac3b4cd83d427bac00f650bce0a7793f11,True
583,8,30,165,recent_k2,13.797616958618164,649.173583984375,649.173583984375,13.797616958618164,0.0202789306640625,827.8569946289062,38950.4140625,38950.4140625,60,603.7662392482162,0.055296000093221664,1cbd479124b8dde3c35f5a5e28041960d49c66da44e8b84ed802de7fc281e1aa,True
584,8,30,180,recent_k2,9.193591117858887,196.0831756591797,196.0831756591797,9.193591117858887,0.006359100341796875,551.6154174804688,11764.990234375,11764.990234375,60,608.6878860369325,0.055296000093221664,1c110b1632725f0f31031481c682408cc28d04f41e1b40372e7f17bd4b37193c,True
585,8,30,195,recent_k2,1.2611668109893799,3.224259614944458,3.224259614944458,1.2611668109893799,0.0001289844512939453,75.67000579833984,193.45556640625,193.45556640625,60,605.205207131803,0.062463998794555664,595fc989ce918e5c13e9bec71525a9582d2454bb3c36116b5cf027158aa7970a,True
586,8,30,210,recent_k2,1.6637974977493286,3.9185407161712646,3.9185407161712646,1.6637974977493286,0.00020837783813476562,99.82784271240234,235.1124267578125,235.1124267578125,60,604.7241021879017,0.05427199974656105,ab66e90e82a16fe72de8d39f5c0b6c6f1702700941c1bf0aff8f46a47b38198e,True
587,8,30,225,recent_k2,1.3478021621704102,2.446951150894165,2.446951150894165,1.3478021621704102,0.0001443624496459961,80.86812591552734,146.8170623779297,146.8170623779297,60,604.4086539186537,0.05427199974656105,e01d2b4efffd7463e316849b7980c6c388a0424179e2bae432d2b005ca6ca2ba,True
588,14,83,30,recent_k2,12.548381805419922,233.68801879882812,233.68801879882812,12.548381805419922,0.0079803466796875,752.9028930664062,14021.2802734375,14021.2802734375,60,604.5123538933694,0.05427199974656105,b056e08334bf3111184c23fa90718236f6cfb9d7b10dfc6e162c28a939397bc3,True
589,14,83,45,recent_k2,11.241183280944824,369.8135070800781,369.8135070800781,11.241183280944824,0.01318359375,674.470947265625,22188.80859375,22188.80859375,60,604.6032616868615,0.06656000018119812,97414d92a152eca136808eb3797084117e7758ae878f95ad96d32438e5a8c049,True
590,14,83,60,recent_k2,18.208703994750977,614.5679931640625,614.5679931640625,18.208703994750977,0.0211029052734375,1092.522216796875,36874.078125,36874.078125,60,622.3967559635639,0.05532800033688545,b29e8369a940ab5d00d452aedbf7d1de25e9c67117145cb160433368021729b5,True
591,14,83,75,recent_k2,10.02973461151123,169.84681701660156,169.84681701660156,10.02973461151123,0.005443572998046875,601.7840576171875,10190.80859375,10190.80859375,60,613.5560139082372,0.06348799914121628,a454f9b67b10a6407525aab0b9d89824f4007fc1349a1cb71aa574cb03c97479,True
592,14,83,90,recent_k2,3.8002703189849854,24.089195251464844,24.089195251464844,3.8002703189849854,0.00110626220703125,228.01620483398438,1445.3516845703125,1445.3516845703125,60,605.6925030425191,0.05632000043988228,47b8db40a5b763ce5c7c4459085815303a74d18cdd99a16a3a481fbda9a88529,True
593,14,83,105,recent_k2,18.302724838256836,1598.61328125,1598.61328125,18.302724838256836,0.04962158203125,1098.1634521484375,95916.7890625,95916.7890625,60,604.7410713508725,0.05632000043988228,eb84171cab784a1bff5e10b683800410d9fb6d8031f4c85bcd811be29d2f2e64,True
594,14,83,120,recent_k2,30.59098243713379,2860.371337890625,2860.371337890625,30.59098243713379,0.0885009765625,1835.4588623046875,171622.265625,171622.265625,60,604.8302911221981,0.05427199974656105,77075d84c0d94cbf8e081e7fd2735e098c0a6c048b5a609c12cbdc380430e605,True
595,14,83,135,recent_k2,17.995044708251953,3471.555908203125,1161.800537109375,17.995044708251953,0.10772705078125,1079.70263671875,208293.34375,69708.03125,60,605.2363379858434,0.055296000093221664,d39036db5806aa8b4321721e1f5b8f2e3b8795bff6a3053952a11872fef06bc4,True
596,14,83,150,recent_k2,20.70153045654297,690.36962890625,690.36962890625,20.70153045654297,0.0254058837890625,1242.091796875,41422.17578125,41422.17578125,60,605.5594645440578,0.05632000043988228,25457e893009d353c2df02f565ff5e16ad7f6b63ab1093b6ed31321144848bd4,True
597,14,83,165,recent_k2,16.378196716308594,638.609130859375,638.609130859375,16.378196716308594,0.020660400390625,982.6917724609375,38316.546875,38316.546875,60,614.0189305879176,0.05632000043988228,3b7dcacf31c481699b03d41ea4f35ae387ec46c5718d81a6259945274f1f4dc1,True
598,14,83,180,recent_k2,6.286667346954346,81.05281829833984,81.05281829833984,6.286667346954346,0.0027141571044921875,377.20001220703125,4863.1689453125,4863.1689453125,60,606.0723308473825,0.055296000093221664,bc816c66214d9e7c2ba55e935b0924e6cdb57d330825d2968d413f14b33b5ac0,True
599,14,83,195,recent_k2,10.033772468566895,413.8972473144531,413.8972473144531,10.033772468566895,0.0129547119140625,602.0263061523438,24833.833984375,24833.833984375,60,605.6822440586984,0.05632000043988228,4fcd291f6773404a0a3978805d1c94b45e1f4d33449cfb47e4fac6beb2c55066,True
600,14,83,210,recent_k2,19.99987030029297,936.4390869140625,936.4390869140625,19.99987030029297,0.029388427734375,1199.9921875,56186.34375,56186.34375,60,606.2011597678065,0.062463998794555664,7e62da0e24a339e15a807cf0085fe6d54a9497327ad218c219a2421779a19471,True
601,14,83,225,recent_k2,8.189634323120117,94.34798431396484,94.34798431396484,8.189634323120117,0.004039764404296875,491.3780517578125,5660.87890625,5660.87890625,60,618.2911130599678,0.05734400078654289,4d2ca59f444ae30984f624829f38c367a741377caff556de1bd69cbb979546f2,True
602,14,15,30,recent_k2,4.233587741851807,24.827922821044922,24.827922821044922,4.233587741851807,0.0010156631469726562,254.01524353027344,1489.67529296875,1489.67529296875,60,605.9791212901473,0.06348799914121628,6a41f492e51acb06561563d1aa2f1990e9fa1b296e5d6c7df121bed1efeadb92,True
603,14,15,45,recent_k2,3.5236966609954834,26.117136001586914,26.117136001586914,3.5236966609954834,0.0008287429809570312,211.42178344726562,1567.028076171875,1567.028076171875,60,606.482757255435,0.05632000043988228,3e7427dd49973ceab19774b9110cb12fcfff9a86c0477deba4808a9fdaff4300,True
604,14,15,60,recent_k2,5.709072113037109,62.08669662475586,62.08669662475586,5.709072113037109,0.0020294189453125,342.5443115234375,3725.20166015625,3725.20166015625,60,609.3552820384502,0.055296000093221664,964a0131d403f6bd7c7dd1931673d8f4d3edf71ec73308420b1b634436f59afb,True
605,14,15,75,recent_k2,2.2605485916137695,7.975265026092529,7.975265026092529,2.2605485916137695,0.00030159950256347656,135.63290405273438,478.515869140625,478.515869140625,60,606.2361197546124,0.055296000093221664,c77b0f1bfba51b7a611ccd8346319c2ab442d3dd5da3e60f507d606280105dfa,True
606,14,15,90,recent_k2,1.8479745388031006,4.331785202026367,4.331785202026367,1.8479745388031006,0.00019252300262451172,110.87846374511719,259.9071044921875,259.9071044921875,60,605.8794227428734,0.055296000093221664,3a8709974421d4816ec2bc2e7c289593e2964606be46e3217a30e46b39f68d19,True
607,14,15,105,recent_k2,1.885164499282837,4.51581335067749,4.51581335067749,1.885164499282837,0.00025272369384765625,113.10986328125,270.94879150390625,270.94879150390625,60,609.0544150210917,0.055296000093221664,af209ac5f91c4a822015aaa6214537eafcc23f022b8355fb79c2a8f32a2b3efe,True
608,14,15,120,recent_k2,1.9597151279449463,4.673342227935791,4.673342227935791,1.9597151279449463,0.0002294778823852539,117.58290100097656,280.4005126953125,280.4005126953125,60,623.2379199936986,0.055296000093221664,7082ff627ec98171867028aea5c24d4c68c74b8e8c68f5b23723fda55251297c,True
609,14,15,135,recent_k2,2.3342299461364746,10.54703426361084,10.54703426361084,2.3342299461364746,0.0004892349243164062,140.0537872314453,632.822021484375,632.822021484375,60,606.7369361408055,0.06348799914121628,512a64077babb7188b95952f7707c62b24f33c1681c6ed917a56d7f0e0007cb9,True
610,14,15,150,recent_k2,8.199321746826172,166.8809051513672,166.8809051513672,8.199321746826172,0.00594329833984375,491.95928955078125,10012.853515625,10012.853515625,60,612.057528924197,0.05632000043988228,7e6d8787fb550e09a761ee205e80419dee328015414cb527423e335ec1d416b1,True
611,14,15,165,recent_k2,6.865596771240234,74.11345672607422,74.11345672607422,6.865596771240234,0.002445220947265625,411.935791015625,4446.80712890625,4446.80712890625,60,607.0738229900599,0.05734400078654289,3b33cb348e13745605d0b7d5e37e6b95c3033a1fab71f1b0b072e0a92152aa08,True
612,14,15,180,recent_k2,2.21356463432312,6.963418960571289,6.963418960571289,2.21356463432312,0.0002880096435546875,132.81387329101562,417.80511474609375,417.80511474609375,60,606.7480659112334,0.05427199974656105,da09250f1e0e512228ef38d5af7d2b8545e2dffccc9c518cb3b7063e51cc4cdb,True
613,14,15,195,recent_k2,4.381758213043213,53.66812515258789,53.66812515258789,4.381758213043213,0.0017690658569335938,262.9054870605469,3220.08740234375,3220.08740234375,60,607.1499120444059,0.0655359998345375,3dc8e11cd4d2c1d399f186847e5d642ab3d96290e73ddde241009461311d3e6d,True
614,14,15,210,recent_k2,3.447841167449951,17.041481018066406,17.041481018066406,3.447841167449951,0.0006022453308105469,206.87045288085938,1022.48876953125,1022.48876953125,60,646.7973138205707,0.055296000093221664,35155f8beb04eab5d42332a6958bdbded7fd109819559e5a7de0cba3f1bc8ecc,True
615,14,15,225,recent_k2,3.0435903072357178,15.671463012695312,15.671463012695312,3.0435903072357178,0.0005230903625488281,182.6154022216797,940.2877197265625,940.2877197265625,60,611.3548763096333,0.06348799914121628,3958627f7415f8fee1e142b114a1f38ceb10667c1f1c24ac692bc065dfd52718,True
616,14,3,30,recent_k2,15.429293632507324,406.5634460449219,406.5634460449219,15.429293632507324,0.01605224609375,925.757568359375,24393.8046875,24393.8046875,60,607.7205277979374,0.0562559999525547,9234cf43d02fc0538dba68e348c94d74ece200509af28b51007fa16acaf17a1c,True
617,14,3,45,recent_k2,21.028175354003906,1018.4680786132812,1018.4680786132812,21.028175354003906,0.033538818359375,1261.6904296875,61108.08203125,61108.08203125,60,609.8652291111648,0.05632000043988228,22d5338de58541fc16cdc58f8518e3d85d97c26c9a8eabf73312b26417935c92,True
618,14,3,60,recent_k2,12.228999137878418,306.4891662597656,306.4891662597656,12.228999137878418,0.01103973388671875,733.7399291992188,18389.349609375,18389.349609375,60,603.3193469047546,0.055296000093221664,db0c7b4ca8be41312bc2ea6f8114f818e79a843b21a1d4c4bacefa40eaff15b6,True
619,14,3,75,recent_k2,18.763944625854492,760.8157958984375,760.8157958984375,18.763944625854492,0.028472900390625,1125.836669921875,45648.9453125,45648.9453125,60,607.9067857936025,0.05632000043988228,812764df374247da1d237a32c3bb43302ccdec80e0d353a6a05478d59c6b69c3,True
620,14,3,90,recent_k2,4.40364408493042,25.462343215942383,25.462343215942383,4.40364408493042,0.0010995864868164062,264.2186279296875,1527.740478515625,1527.740478515625,60,607.4664103798568,0.05632000043988228,eb2371e4d18692bf29ee16c02987328531387b24d04aabf0055b22de4e6947c2,True
621,14,3,105,recent_k2,3.5216825008392334,18.089702606201172,18.089702606201172,3.5216825008392334,0.0011587142944335938,211.30093383789062,1085.382080078125,1085.382080078125,60,605.7504448108375,0.055296000093221664,9a6b06ce7f3fce37d5002a15391c4508f1b686f6567b596b4df656a1770773e6,True
622,14,3,120,recent_k2,3.5285584926605225,18.408754348754883,18.408754348754883,3.5285584926605225,0.0006761550903320312,211.7135009765625,1104.525146484375,1104.525146484375,60,605.9593139216304,0.05632000043988228,2ed59688a154d47dd4bf95be641aa69e4e9c8fb9b8212c83f09506ddfbcbd0c1,True
623,14,3,135,recent_k2,8.413226127624512,215.08328247070312,215.08328247070312,8.413226127624512,0.006900787353515625,504.79351806640625,12904.99609375,12904.99609375,60,609.0022269636393,0.055296000093221664,4c53d97b401fd98b784bb003c729fb6222890b2d60045f9d1f8ae7bd362b1eaf,True
624,14,3,150,recent_k2,18.514659881591797,481.68780517578125,481.68780517578125,18.514659881591797,0.0158843994140625,1110.8795166015625,28901.267578125,28901.267578125,60,610.7225520536304,0.05734400078654289,6cf47e635ebf9a1197c26b047751b8e2aae975bc3aae825c21a4cc4c4a92c6c6,True
625,14,3,165,recent_k2,9.47707748413086,123.72052764892578,123.72052764892578,9.47707748413086,0.00481414794921875,568.6246337890625,7423.2314453125,7423.2314453125,60,606.2677912414074,0.05632000043988228,f54e15e4140860491ed6cb2c3ac5d6035b032d324898b7488eb5adb5db33ccff,True
626,14,3,180,recent_k2,6.416134834289551,64.80712127685547,64.80712127685547,6.416134834289551,0.003322601318359375,384.96807861328125,3888.42724609375,3888.42724609375,60,606.5271589905024,0.055296000093221664,9d622803d2b151df49990a6e3ce833e7c63dd930ffd8a7d180df96d6c0a83530,True
627,14,3,195,recent_k2,13.062032699584961,383.27392578125,383.27392578125,13.062032699584961,0.013763427734375,783.721923828125,22996.43359375,22996.43359375,60,607.0774137042463,0.055296000093221664,410c933da25f4988d6ed609f79cde002bc06f22b3c24671b1d6b3f45b24309d5,True
628,14,3,210,recent_k2,5.493246078491211,50.5153694152832,50.5153694152832,5.493246078491211,0.00173187255859375,329.5947570800781,3030.922119140625,3030.922119140625,60,605.7017561979592,0.055296000093221664,f8f5978d91d2b905627be8f18f4c2761b57faf6be44a4cb756d680784541b9cf,True
629,14,3,225,recent_k2,4.1911797523498535,45.07265090942383,45.07265090942383,4.1911797523498535,0.0014486312866210938,251.47076416015625,2704.35888671875,2704.35888671875,60,605.6133769452572,0.05427199974656105,2714cf4fa32e38149f97f11d8697e47d29c5dd4241e6f4ca87481c9846f689b0,True
630,14,35,30,recent_k2,15.922085762023926,906.4495849609375,906.4495849609375,15.922085762023926,0.02838134765625,955.3250732421875,54386.97265625,54386.97265625,60,610.4277549311519,0.055296000093221664,9bab2d686799364140e22da0b98a95f21489b7102cda119998ebcc2bc401dca8,True
631,14,35,45,recent_k2,29.070646286010742,2020.8963623046875,2020.8963623046875,29.070646286010742,0.06378173828125,1744.2386474609375,121253.7734375,121253.7734375,60,605.2284110337496,0.055296000093221664,ea9c3f1bcbaac4f324a0f5efcc0e2e83681a25dc3d4385addef46982dc80d8ec,True
632,14,35,60,recent_k2,16.72374725341797,464.8724060058594,464.8724060058594,16.72374725341797,0.018768310546875,1003.4248046875,27892.34375,27892.34375,60,605.8985558338463,0.055296000093221664,b367a2389e67d3f8ed10fb34d0c89b3f298bac7ae982ba1148b1cddabb28dd9f,True
633,14,35,75,recent_k2,4.4146318435668945,25.887603759765625,25.887603759765625,4.4146318435668945,0.00130462646484375,264.8778991699219,1553.256103515625,1553.256103515625,60,606.2019728124142,0.055296000093221664,38fa402ee08df06f11f6e5725388e5fc197ce4464fc5bb513fd978c5a06f0ef4,True
634,14,35,90,recent_k2,3.796922445297241,26.681533813476562,26.681533813476562,3.796922445297241,0.0008988380432128906,227.81533813476562,1600.8919677734375,1600.8919677734375,60,607.278082985431,0.05628800019621849,4363faaaadbacbc276538df65199207e41941a1583ab05ea6da693f52499be18,True
635,14,35,105,recent_k2,6.253133296966553,104.62223815917969,104.62223815917969,6.253133296966553,0.00344085693359375,375.18798828125,6277.333984375,6277.333984375,60,600.5490021780133,0.055296000093221664,44f78197644dfaf3c910b682cc9cb66d1c6aaa06a316b8d5a096d80dc1a5d99d,True
636,14,35,120,recent_k2,6.296693325042725,103.55165100097656,103.55165100097656,6.296693325042725,0.0041046142578125,377.80157470703125,6213.0986328125,6213.0986328125,60,626.236807089299,0.05939200147986412,8c98518f06cbfcb1d32ea300b07d0d0e2c4a3ccd9964ab73b60888ca8396e16e,True
637,14,35,135,recent_k2,3.6796464920043945,23.73288345336914,23.73288345336914,3.6796464920043945,0.0007796287536621094,220.77877807617188,1423.972900390625,1423.972900390625,60,606.2024529092014,0.06143999844789505,c03b19f22bc5c35edb16d0f3c02ba6cf187abb879b30bd0ae2d8484c024f7b59,True
638,14,35,150,recent_k2,5.339142322540283,52.78541564941406,52.78541564941406,5.339142322540283,0.001941680908203125,320.3485107421875,3167.124755859375,3167.124755859375,60,606.4505907706916,0.05734400078654289,114fb4e4ef400ab5ed483320f11dd8f1b67d932feba3bf67536e45f683abca30,True
639,14,35,165,recent_k2,5.314594745635986,51.81349182128906,51.81349182128906,5.314594745635986,0.0019855499267578125,318.87567138671875,3108.809326171875,3108.809326171875,60,606.1003729701042,0.055296000093221664,4808090439965110d1b5ee5d0d9aa9553dc045c0f2a99c5da2701940cf3d309e,True
640,14,35,180,recent_k2,1.7325804233551025,4.795999050140381,4.795999050140381,1.7325804233551025,0.00022649765014648438,103.95481872558594,287.7599182128906,287.7599182128906,60,606.532390229404,0.05532800033688545,7331e3c887d0aba60435b788355feb0be2c7f9f83f8937fe94301e7553903664,True
641,14,35,195,recent_k2,1.8811513185501099,6.6782941818237305,6.6782941818237305,1.8811513185501099,0.00021898746490478516,112.86907196044922,400.6976318359375,400.6976318359375,60,603.0192710459232,0.05632000043988228,fba0b4e3b99758074ce601be8dfecb2f786ff6677ea518a6bff6d720ee400293,True
642,14,35,210,recent_k2,1.9789234399795532,5.599949359893799,5.599949359893799,1.9789234399795532,0.0003230571746826172,118.73539733886719,335.9969482421875,335.9969482421875,60,602.5679348967969,0.05526399984955788,0651cba07b2d1b69dead527f8700f16e3e473b4a78b03d3ecf6cecad70c32e18,True
643,14,35,225,recent_k2,6.4477715492248535,99.30953979492188,99.30953979492188,6.4477715492248535,0.003162384033203125,386.86627197265625,5958.572265625,5958.572265625,60,626.2305271811783,0.05632000043988228,8a64be1bd2a99df970763f31f16f96b0dafd64334064cb84501993e8b7eeae41,True
644,14,48,30,recent_k2,4.49616813659668,43.224151611328125,43.224151611328125,4.49616813659668,0.0017070770263671875,269.77008056640625,2593.448974609375,2593.448974609375,60,603.3239490352571,0.06646399945020676,f2edb85449c472c512bf3c9839201c380b708e6f4ae1cfa5635d461824b3a4bd,True
645,14,48,45,recent_k2,4.7728047370910645,32.41819763183594,32.41819763183594,4.7728047370910645,0.0016269683837890625,286.3682556152344,1945.0916748046875,1945.0916748046875,60,603.2756590284407,0.055296000093221664,fc02de8be4af35fa5df82cdfba24713d1a1b00b606613db5fba2e9fe795de04a,True
646,14,48,60,recent_k2,11.659541130065918,284.9417419433594,284.9417419433594,11.659541130065918,0.01045989990234375,699.5724487304688,17096.50390625,17096.50390625,60,603.4673368558288,0.05632000043988228,05e7e1e9b46aa00fda5c98e549578e4f6769bdb6b8b1f71d55baed4196441289,True
647,14,48,75,recent_k2,8.45777702331543,167.8186798095703,167.8186798095703,8.45777702331543,0.005523681640625,507.46661376953125,10069.1201171875,10069.1201171875,60,603.4665280021727,0.053247999399900436,4e7359f39b47c81bce5ce0e4c8b3c0c7242fb44585141cd3f4644e4795af0e94,True
648,14,48,90,recent_k2,6.038094520568848,78.89232635498047,78.89232635498047,6.038094520568848,0.0028362274169921875,362.28564453125,4733.53955078125,4733.53955078125,60,603.0916320160031,0.05632000043988228,5bf9f011275a86778cbf9fc168120a5b8d40d66d1fb1e49dad8441dfcaf1201f,True
649,14,48,105,recent_k2,5.0440473556518555,41.944034576416016,41.944034576416016,5.0440473556518555,0.001621246337890625,302.642822265625,2516.641845703125,2516.641845703125,60,606.5186709165573,0.05734400078654289,cdc2b2448ee60d98da6955f8a94f19b9a460de5c162f1943dd387a2aa213920e,True
650,14,48,120,recent_k2,3.3806607723236084,15.176970481872559,15.176970481872559,3.3806607723236084,0.0007090568542480469,202.83963012695312,910.6181640625,910.6181640625,60,607.7740900218487,0.06143999844789505,9c473460ffaf1f72cfb53f29777a6ba3a587f2b98a4714add1de3258f4fbcbd3,True
651,14,48,135,recent_k2,2.926690101623535,11.601996421813965,11.601996421813965,2.926690101623535,0.00042629241943359375,175.6013946533203,696.1197509765625,696.1197509765625,60,605.3104507736862,0.05632000043988228,b7bd0d58f523fb1210a87fcdffd30043046c9ef649fb4a6e130ae5dff7b75bb4,True
652,14,48,150,recent_k2,3.2052183151245117,18.55361557006836,18.55361557006836,3.2052183151245117,0.0008435249328613281,192.31309509277344,1113.2169189453125,1113.2169189453125,60,606.0708747245371,0.05632000043988228,c82bb96a37b6df8072eae3dc5392937ac403de098d6eef8389258f04fe763ae1,True
653,14,48,165,recent_k2,4.323209762573242,39.24147415161133,39.24147415161133,4.323209762573242,0.0014066696166992188,259.392578125,2354.48828125,2354.48828125,60,604.3732301332057,0.056352000683546066,7a5b2e01c12e8064479a2e38cef84dd4ddb031488b0d0b2fd9bd996f9590ed31,True
654,14,48,180,recent_k2,3.086527109146118,11.75168514251709,11.75168514251709,3.086527109146118,0.0007100105285644531,185.19161987304688,705.10107421875,705.10107421875,60,605.3119315765798,0.05632000043988228,9d49213130c2d40973edf5c17bc7697fa6bab2a652eda33aa045e2d073fdabdd,True
655,14,48,195,recent_k2,5.830134391784668,95.96231079101562,95.96231079101562,5.830134391784668,0.003173828125,349.80804443359375,5757.73828125,5757.73828125,60,604.8360061831772,0.055296000093221664,a575675843e669bb645f8900d5ec976f423b94a1efc5c9145062bd71d0fc5a9a,True
656,14,48,210,recent_k2,3.959998846054077,25.069995880126953,25.069995880126953,3.959998846054077,0.0012063980102539062,237.59991455078125,1504.19970703125,1504.19970703125,60,607.7853213064373,0.055296000093221664,609e60ad6bb15b7dfb4721ec6c74cacde0159d8a546d7dc631c67934ac2b5ef8,True
657,14,48,225,recent_k2,2.7190959453582764,9.164044380187988,9.164044380187988,2.7190959453582764,0.0005803108215332031,163.145751953125,549.8426513671875,549.8426513671875,60,604.8275069333613,0.05632000043988228,cf09546b20157e771e04fb31a5c7ebb12dc10ade93d4081cc11b553fd58e7023,True
658,14,22,30,recent_k2,12.616986274719238,396.80841064453125,396.80841064453125,12.616986274719238,0.01430511474609375,757.0191650390625,23808.50390625,23808.50390625,60,604.2512520216405,0.055296000093221664,57c359b3cf6023abbe6217def22978028dad0a2e7aaeadc24b821e2d6d03ac7f,True
659,14,22,45,recent_k2,5.809230804443359,51.51175308227539,51.51175308227539,5.809230804443359,0.002288818359375,348.5538330078125,3090.705078125,3090.705078125,60,604.8142071813345,0.055296000093221664,da9f0ddaa71178eadbdee16285cf8b872cd6b57902aef6d31d5c06ec2528e21b,True
660,14,22,60,recent_k2,9.496903419494629,149.32774353027344,149.32774353027344,9.496903419494629,0.00475311279296875,569.8141479492188,8959.6640625,8959.6640625,60,604.8296266235411,0.055296000093221664,b7adb15aaa84199c95f6ea074a83148707ce17dab3e3f597f35134d16ae42769,True
661,14,22,75,recent_k2,7.670094013214111,124.57068634033203,124.57068634033203,7.670094013214111,0.0039520263671875,460.20562744140625,7474.24072265625,7474.24072265625,60,604.33314088732,0.055296000093221664,6089235c0b0542ff56b3fbda8e96a4f3704ae002a12016cd92118916c2ebe67f,True
662,14,22,90,recent_k2,3.710202217102051,36.80669403076172,36.80669403076172,3.710202217102051,0.001163482666015625,222.61212158203125,2208.401611328125,2208.401611328125,60,604.8796568065882,0.05632000043988228,47ea51c3d4c5730a0ef88e91fe18ebbcc6553a34fdff7173b885ab9bdec65b29,True
663,14,22,105,recent_k2,5.286445617675781,54.91151428222656,54.91151428222656,5.286445617675781,0.0018129348754882812,317.18670654296875,3294.690673828125,3294.690673828125,60,606.3434639945626,0.05734400078654289,c9e3a9a2a1b4b7e2a6b6c98fd8a98236084b5c79ec6166f08081639451fb4afc,True
664,14,22,120,recent_k2,4.424224376678467,26.33381462097168,26.33381462097168,4.424224376678467,0.0011186599731445312,265.4534606933594,1580.02880859375,1580.02880859375,60,604.7840882092714,0.05632000043988228,578a0115efcbc4e5a6cb20b288a9dc7939a2e18f33f4fdec605924b0d0d13b90,True
665,14,22,135,recent_k2,2.0648841857910156,9.43111515045166,9.43111515045166,2.0648841857910156,0.0003192424774169922,123.8930435180664,565.8668823242188,565.8668823242188,60,604.877236764878,0.05632000043988228,5aab1f7f6dbc9816751ffafae488fd9ff3e6695cbaccc83eaa49341d821aa52d,True
666,14,22,150,recent_k2,2.4751527309417725,13.199379920959473,13.199379920959473,2.4751527309417725,0.00047135353088378906,148.5091552734375,791.9627685546875,791.9627685546875,60,604.7094292007387,0.05430399999022484,48057a20e7404059d092619a88f1cdd50a365dbe9449055191ddad1abdfa8e6d,True
667,14,22,165,recent_k2,6.538462162017822,83.4515151977539,83.4515151977539,6.538462162017822,0.00260162353515625,392.3077087402344,5007.0908203125,5007.0908203125,60,606.3229837454855,0.05632000043988228,2cbc07270fb5e524ec361865bb5500780659ccbb512038ad03cbcd9d84cecad1,True
668,14,22,180,recent_k2,1.902205467224121,8.356359481811523,8.356359481811523,1.902205467224121,0.00027680397033691406,114.13232421875,501.38153076171875,501.38153076171875,60,606.1321161687374,0.06656000018119812,270621445a5df279bceb6bcc5de0e9c5f522b4c865a145a18090c64b189f969f,True
669,14,22,195,recent_k2,5.693380355834961,132.19924926757812,132.19924926757812,5.693380355834961,0.004123687744140625,341.6028137207031,7931.9541015625,7931.9541015625,60,605.1579238846898,0.05632000043988228,644d6bb4b0d2fed76eb0c4cc812c49336ef4bbd246cfcea8d921b3ba862f6100,True
670,14,22,210,recent_k2,3.6135592460632324,16.799081802368164,16.799081802368164,3.6135592460632324,0.0007119178771972656,216.81353759765625,1007.94482421875,1007.94482421875,60,609.0811002068222,0.05734400078654289,d6f7c5f7c084e5fa5f3481f7233543753f69bd82a9e27df5615f577b7f769d32,True
671,14,22,225,recent_k2,3.667191982269287,16.919910430908203,16.919910430908203,3.667191982269287,0.00067901611328125,220.03150939941406,1015.194580078125,1015.194580078125,60,616.2154879420996,0.055296000093221664,8c89d2fb066271230da37f2e3f9a64ba14ae3744c22227e2b3a04bec7071a256,True
672,14,55,30,recent_k2,22.939184188842773,1227.9979248046875,1227.9979248046875,22.939184188842773,0.038604736328125,1376.3509521484375,73679.875,73679.875,60,604.905498214066,0.06656000018119812,944012391340a3f99300fa821b7e626e92bf7a581a1754aeff61bb2bb1fd63b8,True
673,14,55,45,recent_k2,1.8631905317306519,5.013490200042725,5.013490200042725,1.8631905317306519,0.00017273426055908203,111.79142761230469,300.80938720703125,300.80938720703125,60,605.9455890208483,0.055296000093221664,79a8358e06c565dc3137931b89645ad180096ee90e9bafb4c378f43992b0ea17,True
674,14,55,60,recent_k2,4.240939617156982,41.409400939941406,41.409400939941406,4.240939617156982,0.0013179779052734375,254.45635986328125,2484.56396484375,2484.56396484375,60,605.2520950324833,0.05734400078654289,cb9172ba29c68970b9f995982a7abf4a3e2aaf4de049a1273e2584823a6c0b25,True
675,14,55,75,recent_k2,1.4043740034103394,3.096104145050049,3.096104145050049,1.4043740034103394,0.00016117095947265625,84.26243591308594,185.7662353515625,185.7662353515625,60,605.5696522817016,0.05632000043988228,1edea91167a296adaa2c04781a2a84d7f189cd4857ca8ba3025427da713a7346,True
676,14,55,90,recent_k2,1.3199710845947266,2.8078176975250244,2.8078176975250244,1.3199710845947266,0.00011587142944335938,79.19825744628906,168.46905517578125,168.46905517578125,60,612.8403278999031,0.05734400078654289,50d391d9ecab24e5990e5f43340fdf4879f62267d500cc3f9bed0a51fa123f4e,True
677,14,55,105,recent_k2,1.2381795644760132,2.7046191692352295,2.7046191692352295,1.2381795644760132,0.00011348724365234375,74.290771484375,162.2771453857422,162.2771453857422,60,604.0450846776366,0.05734400078654289,93b5a3bf5ff7be57db29d978a861e712ca9a3feabe8804bb0d1455adf4771efe,True
678,14,55,120,recent_k2,1.2511261701583862,2.61132550239563,2.61132550239563,1.2511261701583862,0.00011533498764038086,75.06756591796875,156.6795196533203,156.6795196533203,60,602.5880281813443,0.06758400052785873,8204511f413ed148f81fbdadd457200f689f9701a352bf41e0b8093bca840438,True
679,14,55,135,recent_k2,1.2525743246078491,2.596827983856201,2.596827983856201,1.2525743246078491,0.00011360645294189453,75.15445709228516,155.80967712402344,155.80967712402344,60,603.3104518428445,0.05632000043988228,667eebf5504986eb582ddbdf814dc9190eb2ac6cd870d160a1c350e46afa747f,True
680,14,55,150,recent_k2,7.489884853363037,201.891357421875,201.891357421875,7.489884853363037,0.0064849853515625,449.39306640625,12113.48046875,12113.48046875,60,603.877336718142,0.055296000093221664,c4164176b27ff8fb81d9ee9e563539adfa86f6c53e1ff72dae92b1afa7fd1e67,True
681,14,55,165,recent_k2,6.668426990509033,50.762657165527344,50.762657165527344,6.668426990509033,0.002655029296875,400.1055908203125,3045.75927734375,3045.75927734375,60,604.9550678580999,0.055296000093221664,860d45e017860f5f4ca86cc221cc50fa277ef99eb037108189d87a3d0f59620e,True
682,14,55,180,recent_k2,2.600066661834717,9.322526931762695,9.322526931762695,2.600066661834717,0.0003619194030761719,156.00399780273438,559.3515625,559.3515625,60,604.4270829297602,0.055296000093221664,325d6a60f4703bb44f1e40320df5eebe0a386ddc21aee7996cb08e002e6b3c46,True
683,14,55,195,recent_k2,2.2358694076538086,14.595787048339844,14.595787048339844,2.2358694076538086,0.0004589557647705078,134.15216064453125,875.7471923828125,875.7471923828125,60,606.652001850307,0.058368001133203506,aa0cb1c7b3d53bb78b1c6794191935b5649e7141f49e3fc870cc9c72371397a0,True
684,14,55,210,recent_k2,2.087087869644165,13.167499542236328,13.167499542236328,2.087087869644165,0.00041413307189941406,125.22526550292969,790.0499267578125,790.0499267578125,60,605.8939499780536,0.05632000043988228,4fe14ba8fd5ce335450b189c85f527a07a10b8fc30d930f8bbdf6f6969e9cbef,True
685,14,55,225,recent_k2,2.127478837966919,12.836442947387695,12.836442947387695,2.127478837966919,0.0004048347473144531,127.64871978759766,770.1865234375,770.1865234375,60,605.6600720621645,0.055296000093221664,4acb32ff2346349b51262933d9c75a4d58e31e27dc60a3988d8d0a8ae5a5cbad,True
686,14,4,30,recent_k2,11.813661575317383,403.1570129394531,403.1570129394531,11.813661575317383,0.012847900390625,708.8196411132812,24189.419921875,24189.419921875,60,605.2005947567523,0.05632000043988228,27ac5e6a55f9e68d34b8a77c3c7ab7d4c7970be7d1a7635fc5ac46aa2a804eb9,True
687,14,4,45,recent_k2,20.062997817993164,10522.5087890625,1233.1290283203125,20.062997817993164,0.326416015625,1203.77978515625,631350.5,73987.734375,60,604.4715917669237,0.055296000093221664,54939eab4588c79d74996d5e5166e62a43162da741a199729cd780395588f07d,True
688,14,4,60,recent_k2,45.725311279296875,14140.267578125,5696.2431640625,45.725311279296875,0.440185546875,2743.5185546875,848416.0,341774.5625,60,604.7218600288033,0.055296000093221664,d87d2f68ba70565a0b0054d17c287357304ef8f05a4f64e922d5f9adc249b102,True
689,14,4,75,recent_k2,2.5094311237335205,8.361804008483887,8.361804008483887,2.5094311237335205,0.0006017684936523438,150.56585693359375,501.7082214355469,501.7082214355469,60,605.3231949917972,0.05632000043988228,c133f1806074eca2bb72a642357653d80b5c97206db26a8d97a8199265fdd056,True
690,14,4,90,recent_k2,1.7536041736602783,4.993495941162109,4.993495941162109,1.7536041736602783,0.00020122528076171875,105.21624755859375,299.6097412109375,299.6097412109375,60,604.8112893477082,0.055296000093221664,b73f95a2a82d15ec95f99fadcb67e0f0fb7fe6bab67c1faa06fe2f31b2778775,True
691,14,4,105,recent_k2,6.401760101318359,81.53409576416016,81.53409576416016,6.401760101318359,0.002552032470703125,384.1055908203125,4892.04541015625,4892.04541015625,60,605.1754360087216,0.055296000093221664,fef8030ee95728531ae8ad2923942be01a67d6f2209b221abf1c75a698852d5f,True
692,14,4,120,recent_k2,1.5494893789291382,4.323592185974121,4.323592185974121,1.5494893789291382,0.0001480579376220703,92.9693603515625,259.41552734375,259.41552734375,60,604.6924209222198,0.055296000093221664,2087aa68fce2a9c6c88c3cfa4b28c24bfe3491c4af21547ecc67f37c9f7be1c0,True
693,14,4,135,recent_k2,5.842857837677002,92.32178497314453,92.32178497314453,5.842857837677002,0.003292083740234375,350.5714416503906,5539.306640625,5539.306640625,60,604.8559490591288,0.05427199974656105,c604cd61cf50e44ddedb53cc04a94ce45db9c04820e295dee0ec47b5214a68ed,True
694,14,4,150,recent_k2,21.841236114501953,1160.65234375,1160.65234375,21.841236114501953,0.036529541015625,1310.47412109375,69639.140625,69639.140625,60,604.9329494126141,0.055296000093221664,6f7bcb1983254c5b1f46ea7612ee7077cb50cda3ee25f440e04a424237089157,True
695,14,4,165,recent_k2,7.745237827301025,119.55792999267578,119.55792999267578,7.745237827301025,0.003879547119140625,464.7142333984375,7173.4755859375,7173.4755859375,60,604.4838218949735,0.05427199974656105,46904bff9f2884b924506334f2c551bbf3c1ccc736cf51be5e9bb29b2303987d,True
696,14,4,180,recent_k2,8.048147201538086,148.01449584960938,148.01449584960938,8.048147201538086,0.004669189453125,482.8887939453125,8880.869140625,8880.869140625,60,621.4597239159048,0.05427199974656105,0a3786069f85733e102161ba12372b00e61e00f6cef700c46065410da48c5d7e,True
697,14,4,195,recent_k2,5.22257137298584,71.93819427490234,71.93819427490234,5.22257137298584,0.0023193359375,313.3542785644531,4316.29150390625,4316.29150390625,60,604.8998991027474,0.06451199948787689,1d89b47e46e3ed12acb4c951b922894aebca023ccfd33d7c2674a9e19f0fdccc,True
698,14,4,210,recent_k2,4.218404769897461,36.97126388549805,36.97126388549805,4.218404769897461,0.0013818740844726562,253.10427856445312,2218.275634765625,2218.275634765625,60,605.5963137187064,0.05427199974656105,e5493409cd4a31ac50815dc77895c2fe2c1374801092689f9499f1f3604e72ba,True
699,14,4,225,recent_k2,8.057604789733887,92.83000183105469,92.83000183105469,8.057604789733887,0.003322601318359375,483.45623779296875,5569.7998046875,5569.7998046875,60,605.9141610749066,0.055296000093221664,6809d47487e8a75c17b83c73305f9b5b03485c804bf9721965e7b33061b38989,True
700,14,45,30,recent_k2,20.88221549987793,545.969970703125,545.969970703125,20.88221549987793,0.024200439453125,1252.932861328125,32758.197265625,32758.197265625,60,605.3648847155273,0.060416001826524734,3bec264eba32a06db4a9cae1437eb0631d573722d35ff557f0654816d35ba7ae,True
701,14,45,45,recent_k2,6.294771671295166,72.4698715209961,72.4698715209961,6.294771671295166,0.002292633056640625,377.686279296875,4348.19189453125,4348.19189453125,60,604.9851491115987,0.055296000093221664,2764c69e1663fe3557cd7c30496c72386176e8749945894e56267fe0e6e616e2,True
702,14,45,60,recent_k2,3.901343584060669,24.13377571105957,24.13377571105957,3.901343584060669,0.0008668899536132812,234.08059692382812,1448.0264892578125,1448.0264892578125,60,609.4121998175979,0.05632000043988228,a73fcabb6c79d3c74c5c9aea4b390ab3eefb20439bed42bfcb0cc408206fa869,True
703,14,45,75,recent_k2,3.4794886112213135,20.69119644165039,20.69119644165039,3.4794886112213135,0.0006842613220214844,208.76930236816406,1241.4716796875,1241.4716796875,60,604.9269801005721,0.06451199948787689,3f0aafe9900fda4d174457ab0248cb570d959d174672d48481b98f6fa3f69476,True
704,14,45,90,recent_k2,2.037097215652466,7.51166296005249,7.51166296005249,2.037097215652466,0.00027298927307128906,122.22582244873047,450.69976806640625,450.69976806640625,60,604.364475235343,0.055296000093221664,5930acb861e984ac7441e06369a22882a3f2697e9025b2bf8acf6d6505c8b2bd,True
705,14,45,105,recent_k2,2.686572313308716,10.89340877532959,10.89340877532959,2.686572313308716,0.00038933753967285156,161.1943359375,653.6044921875,653.6044921875,60,604.4841730035841,0.055296000093221664,bcb7262c998fb4716be7790084ac3db19ff7dabc3b1b064004eac688cb7db5ac,True
706,14,45,120,recent_k2,4.197802543640137,29.402576446533203,29.402576446533203,4.197802543640137,0.0010271072387695312,251.86813354492188,1764.154541015625,1764.154541015625,60,605.1025278866291,0.055296000093221664,14d23f1da54b3438832042eca88c2c6e0809875b7bbf93809d1413925f00d0bf,True
707,14,45,135,recent_k2,4.952605247497559,55.8839225769043,55.8839225769043,4.952605247497559,0.0017728805541992188,297.15631103515625,3353.03515625,3353.03515625,60,604.8705508001149,0.055296000093221664,ce88af2047a24f5b9d47e89f0a91d3e6b3ddcc9824252b25517d9775f10431bd,True
708,14,45,150,recent_k2,23.54475212097168,8297.2900390625,2077.833740234375,23.54475212097168,0.258544921875,1412.68505859375,497837.375,124670.0234375,60,604.9374300055206,0.055296000093221664,74ba8984b60c4c725ff7148b09f1aae57271476f4fa23983e4861b72fd7795a2,True
709,14,45,165,recent_k2,32.26406478881836,11808.0029296875,3300.63330078125,32.26406478881836,0.364990234375,1935.84375,708480.125,198037.984375,60,617.9831149056554,0.05427199974656105,fa7171e43cb6f011dacc60fbec109ae3f7fd24afea42cb44efef2e2096997b22,True
710,14,45,180,recent_k2,3.6995131969451904,23.045602798461914,23.045602798461914,3.6995131969451904,0.0008854866027832031,221.9707794189453,1382.736083984375,1382.736083984375,60,614.6857040002942,0.05632000043988228,1edcac6992e1cfece614113d8595d6e3a1154616bb9b104b9284c110e6740c9b,True
711,14,45,195,recent_k2,5.5080156326293945,75.52278900146484,75.52278900146484,5.5080156326293945,0.002658843994140625,330.4809265136719,4531.3671875,4531.3671875,60,605.111779179424,0.05427199974656105,703da68ad7d4a5cf035768796f6e4112b795ab99f0523ff162a8bf9c94ee6f15,True
712,14,45,210,recent_k2,4.550464630126953,51.43705749511719,51.43705749511719,4.550464630126953,0.0017757415771484375,273.0278625488281,3086.223388671875,3086.223388671875,60,604.7100620344281,0.055296000093221664,679990d484f4b67c9dfdf25850ddb1da4a292afc6518145463f6b7d9760e31bb,True
713,14,45,225,recent_k2,4.670522212982178,31.192615509033203,31.192615509033203,4.670522212982178,0.00116729736328125,280.2313232421875,1871.556884765625,1871.556884765625,60,605.0081900320947,0.055296000093221664,cd07c162114b02b8294dfbcbe89e6ae7308ed9696b7addaf0ec0e5acd2a7c9f6,True
714,14,60,30,recent_k2,12.160984992980957,297.4950256347656,297.4950256347656,12.160984992980957,0.009307861328125,729.6590576171875,17849.701171875,17849.701171875,60,604.4620838947594,0.05632000043988228,0930d4a233c82678a190efddf4dfffb1d072c226e7ca0d083381dfb3d830d1ba,True
715,14,60,45,recent_k2,5.510410308837891,42.50596618652344,42.50596618652344,5.510410308837891,0.0013647079467773438,330.6246032714844,2550.35791015625,2550.35791015625,60,604.6767118386924,0.05734400078654289,84d4eb2d055fcf5606c02021b6c73ba5a34764af5a4c1bdadaaeb361f6fe22ef,True
716,14,60,60,recent_k2,6.991650581359863,165.48826599121094,165.48826599121094,6.991650581359863,0.005123138427734375,419.4990234375,9929.2958984375,9929.2958984375,60,605.9227320365608,0.055296000093221664,a0aa4c29e72275cab0e5678a3e237ea0db13bc6621b89a57ebd56745cf895428,True
717,14,60,75,recent_k2,5.990457057952881,71.75435638427734,71.75435638427734,5.990457057952881,0.0022525787353515625,359.4273986816406,4305.26123046875,4305.26123046875,60,606.3783476129174,0.05628800019621849,19d4e7407e5a402f77cf565e3b81e3d777b2b6d36b041d391444c860354131b5,True
718,14,60,90,recent_k2,2.2223851680755615,9.231331825256348,9.231331825256348,2.2223851680755615,0.0002989768981933594,133.34310913085938,553.8798828125,553.8798828125,60,605.5731950327754,0.06348799914121628,948ab5c065875048ee2051c6b70016767f5d02305a120ac47b0bb77ddc6c4a23,True
719,14,60,105,recent_k2,2.388115167617798,9.095723152160645,9.095723152160645,2.388115167617798,0.0003039836883544922,143.28689575195312,545.7433471679688,545.7433471679688,60,604.4224849902093,0.05632000043988228,1f678a5fcbce548eca7dcf2e5927b55bd3e83898d53091bfc31cac58fcfde31e,True
720,14,60,120,recent_k2,2.4454126358032227,8.869881629943848,8.869881629943848,2.4454126358032227,0.0002911090850830078,146.72474670410156,532.19287109375,532.19287109375,60,607.4830777943134,0.05734400078654289,49b5d5ca8f324bd0bea8e4f9e036cafed7f6f819ba385cbc703582596e5395d7,True
721,14,60,135,recent_k2,2.0871005058288574,6.927855491638184,6.927855491638184,2.0871005058288574,0.00023031234741210938,125.22602844238281,415.6712951660156,415.6712951660156,60,604.6428228728473,0.055296000093221664,c24285541b38cd1535f3c628fd252a0c1950efe33380c86e3fb33b059274e53b,True
722,14,60,150,recent_k2,2.1334362030029297,7.715215682983398,7.715215682983398,2.1334362030029297,0.0002467632293701172,128.00616455078125,462.91290283203125,462.91290283203125,60,605.4214970208704,0.055296000093221664,af130b67a00bcc398b22e9397efdbde4bb759c91d8819f05435825baca61ed83,True
723,14,60,165,recent_k2,3.1941123008728027,24.759571075439453,24.759571075439453,3.1941123008728027,0.0007953643798828125,191.646728515625,1485.57421875,1485.57421875,60,605.2707782946527,0.06348799914121628,d0020a798979e0824fb82ba16773b40b74d7a4f11307a6ff82c17072d3f27644,True
724,14,60,180,recent_k2,4.8385796546936035,44.59229278564453,44.59229278564453,4.8385796546936035,0.0014772415161132812,290.31475830078125,2675.537353515625,2675.537353515625,60,604.2842869646847,0.055296000093221664,d464ad8f27fcd7ac3123832f1d4c5755064df0c20191fd31602e2f2fa8552280,True
725,14,60,195,recent_k2,2.666304111480713,10.578287124633789,10.578287124633789,2.666304111480713,0.00037169456481933594,159.97824096679688,634.6972045898438,634.6972045898438,60,603.7949011661112,0.055296000093221664,c7693ab8aba4d4130f5384e70826012f1a418d3cf1cfe5c2914e4b58964626cc,True
726,14,60,210,recent_k2,3.437131643295288,21.111698150634766,21.111698150634766,3.437131643295288,0.0006680488586425781,206.22789001464844,1266.7017822265625,1266.7017822265625,60,604.2883172631264,0.055296000093221664,b0ac997fdfa4c8b5893bbc17ad9ef000dad8d749adc5e4b44c0f94c43e5a5aaf,True
727,14,60,225,recent_k2,4.273919105529785,35.86070251464844,35.86070251464844,4.273919105529785,0.0011377334594726562,256.43511962890625,2151.64208984375,2151.64208984375,60,604.3917760252953,0.055296000093221664,02c3d9727a2f50e829919ac38c60a77876863df7386632edd19d8463d56c1894,True
728,14,26,30,recent_k2,31.759052276611328,2444.479248046875,2172.444580078125,31.759052276611328,0.084716796875,1905.5430908203125,146668.75,130346.6640625,60,604.9558008089662,0.05734400078654289,92bb1b39dff375b24d17905503d3fc5cd98ec34c3481a511ff19f44cf9c9241a,True
729,14,26,45,recent_k2,14.970704078674316,361.745849609375,361.745849609375,14.970704078674316,0.01125335693359375,898.2421875,21704.75,21704.75,60,606.2040501274168,0.055296000093221664,57af130e44403408731edafdf83161bd084b27231a10617d2710d5fbccd06600,True
730,14,26,60,recent_k2,11.865958213806152,287.6669921875,287.6669921875,11.865958213806152,0.009185791015625,711.9574584960938,17260.01953125,17260.01953125,60,605.0862702541053,0.05532800033688545,b50d015e982b92a68dc86fc4669188e785f054ae0843401300ffa79b5bcd6f22,True
731,14,26,75,recent_k2,6.448879718780518,69.91507720947266,69.91507720947266,6.448879718780518,0.0022678375244140625,386.9327697753906,4194.904296875,4194.904296875,60,605.1381002180278,0.05632000043988228,6c414f96931a51bd83d9238d0706994586926f59c73ae19a1ed0705c631ba046,True
732,14,26,90,recent_k2,8.540013313293457,131.90643310546875,131.90643310546875,8.540013313293457,0.00418853759765625,512.4007568359375,7914.3857421875,7914.3857421875,60,604.9946211278439,0.05427199974656105,c08adc9d05ba4a779745a32a06b49a2403e60de95b2f170f224d07d5e2b09192,True
733,14,26,105,recent_k2,6.374456882476807,74.94696044921875,74.94696044921875,6.374456882476807,0.0024013519287109375,382.4674072265625,4496.8173828125,4496.8173828125,60,605.2873278968036,0.055296000093221664,3fe2148bdae71e31ec000041f91a63770c4a884bbc8ea6d0a9e907fc14c580c4,True
734,14,26,120,recent_k2,5.640666961669922,57.842655181884766,57.842655181884766,5.640666961669922,0.0018377304077148438,338.44000244140625,3470.55908203125,3470.55908203125,60,606.1470108106732,0.055296000093221664,2672c0e108b2b4689a7c3a449c52417c9ee4043ae3a0472cdfa67b13eb68654a,True
735,14,26,135,recent_k2,1.7999112606048584,4.875203609466553,4.875203609466553,1.7999112606048584,0.00016832351684570312,107.99466705322266,292.51220703125,292.51220703125,60,609.3083643354475,0.055296000093221664,72f37d5d04d88c43385d028e58022fe77faa4cbe08b9a58642b93aa0d8e9546a,True
736,14,26,150,recent_k2,3.628584384918213,39.05508041381836,39.05508041381836,3.628584384918213,0.00124359130859375,217.71505737304688,2343.3046875,2343.3046875,60,608.9981561526656,0.058368001133203506,8bbff142dda721133858404de39f06bcd3aaa1ced19dfe02118bc789ccbc6db2,True
737,14,26,165,recent_k2,13.997315406799316,524.4061279296875,524.4061279296875,13.997315406799316,0.0166778564453125,839.8388671875,31464.3671875,31464.3671875,60,606.4876387827098,0.055296000093221664,17654a38e747e9890977de7b915cd10365be200d0611b7ffd8bf6df3b3761150,True
738,14,26,180,recent_k2,2.5573127269744873,9.746198654174805,9.746198654174805,2.5573127269744873,0.00038433074951171875,153.43875122070312,584.7719116210938,584.7719116210938,60,605.8363649062812,0.05628800019621849,61999ca2ab9fbb71f4f4f85ebe358363c00efd093f7c95e7b23d8243882e3d4f,True
739,14,26,195,recent_k2,5.611400604248047,45.1462516784668,45.1462516784668,5.611400604248047,0.0018720626831054688,336.68402099609375,2708.77490234375,2708.77490234375,60,606.0892529785633,0.055296000093221664,e034324560c857fb8a307b0b5a815e929a93e436118704e3b61fc089dab920dd,True
740,14,26,210,recent_k2,5.457251071929932,86.8406982421875,86.8406982421875,5.457251071929932,0.0027217864990234375,327.43505859375,5210.44140625,5210.44140625,60,617.1794049441814,0.05427199974656105,9a95fbe828d3f9c3b651a552c79bd9cbde7400a921883b391e8126ab70eba4af,True
741,14,26,225,recent_k2,7.133821964263916,73.13960266113281,73.13960266113281,7.133821964263916,0.002826690673828125,428.029296875,4388.3759765625,4388.3759765625,60,605.4423078894615,0.062463998794555664,291cda9f0a64d7a76b55495ddf370e76ad47e6e549c5ba8407e98257dea66896,True
742,14,21,30,recent_k2,3.7273237705230713,36.54586410522461,36.54586410522461,3.7273237705230713,0.001190185546875,223.63941955566406,2192.751708984375,2192.751708984375,60,610.5163330212235,0.055296000093221664,e4372c9ba26ff60a4d28f0482e3eba203402794d5a5dbe23a708c4ef10184bba,True
743,14,21,45,recent_k2,4.469379425048828,51.421268463134766,51.421268463134766,4.469379425048828,0.0016965866088867188,268.1627502441406,3085.27587890625,3085.27587890625,60,605.2348697558045,0.060416001826524734,550ef1da1559094870419c1b9807c89b6f178bb653f908019b5e90405c268274,True
744,14,21,60,recent_k2,9.490204811096191,187.75669860839844,187.75669860839844,9.490204811096191,0.00643157958984375,569.4122314453125,11265.4013671875,11265.4013671875,60,605.2886401303113,0.055296000093221664,0a30440ce61b7159cff51068c14c84efa530481d8b4036fadd3caadd340c6084,True
745,14,21,75,recent_k2,14.683244705200195,543.8296508789062,543.8296508789062,14.683244705200195,0.0180511474609375,880.99462890625,32629.77734375,32629.77734375,60,605.4154681041837,0.055296000093221664,9a3aeda54da3fe9918466fef2b48c6a56ac85ff431aa9c683fab739168df5273,True
746,14,21,90,recent_k2,9.43294620513916,175.179443359375,175.179443359375,9.43294620513916,0.005756378173828125,565.9767456054688,10510.765625,10510.765625,60,608.0478453077376,0.05632000043988228,05c2aae0526818e1c9205d45797354d9efcd09ba34d7a6ede4f184dd07845c9c,True
747,14,21,105,recent_k2,4.567866325378418,29.811321258544922,29.811321258544922,4.567866325378418,0.0011568069458007812,274.07196044921875,1788.67919921875,1788.67919921875,60,606.8460359238088,0.055296000093221664,60cece2f49c0f418a3c19afefc2075f3110bff601ed1144db3428e1c2ca5e08c,True
748,14,21,120,recent_k2,2.149895429611206,7.040104389190674,7.040104389190674,2.149895429611206,0.0002334117889404297,128.99371337890625,422.40625,422.40625,60,606.4815288409591,0.05427199974656105,6737c55b476cce0f3de98b86eff3acfe2cbf282f7bb3184553ef2f92b2b28e9f,True
749,14,21,135,recent_k2,2.1054763793945312,7.007835388183594,7.007835388183594,2.1054763793945312,0.00022852420806884766,126.32857513427734,420.4700927734375,420.4700927734375,60,635.0687788799405,0.05532800033688545,dd3361c6188af7642c6503fdc8bcaa2db4d20f548797daef43a7086a4de502cc,True
750,14,21,150,recent_k2,1.910323143005371,5.377003192901611,5.377003192901611,1.910323143005371,0.00018477439880371094,114.619384765625,322.62017822265625,322.62017822265625,60,606.8889959715307,0.06963200122117996,48900f70b76930c07ad1ec15d38836b79ec71930fd9f782bafa417138de2d0bb,True
751,14,21,165,recent_k2,2.890577554702759,19.966251373291016,19.966251373291016,2.890577554702759,0.0006346702575683594,173.4346466064453,1197.9749755859375,1197.9749755859375,60,606.8971459753811,0.05734400078654289,613ad5ee3c8be82393193893a42cbec6fac0812e188feef3bf2a1a04ccad471a,True
752,14,21,180,recent_k2,2.666788101196289,15.045869827270508,15.045869827270508,2.666788101196289,0.00048732757568359375,160.0072784423828,902.7521362304688,902.7521362304688,60,607.1033449843526,0.05632000043988228,7fc26b8e262b99c47c07c0d01e9d28630addf1b84ee3f174b267c3caf72e9083,True
753,14,21,195,recent_k2,3.586514949798584,20.435564041137695,20.435564041137695,3.586514949798584,0.0006885528564453125,215.19088745117188,1226.1337890625,1226.1337890625,60,605.7521272450686,0.055296000093221664,e2399e09b59ca3aa2438ff106f4a94f1918beb1a708cb41dc13fb36ff568de49,True
754,14,21,210,recent_k2,2.9246273040771484,11.467350959777832,11.467350959777832,2.9246273040771484,0.0003829002380371094,175.47763061523438,688.041015625,688.041015625,60,606.0842042788863,0.05430399999022484,2cbd16715d8c98432e42facc7a566940752afdf23bb0d294e32fd7afdaae6534,True
755,14,21,225,recent_k2,2.0629913806915283,7.228693008422852,7.228693008422852,2.0629913806915283,0.0002353191375732422,123.77947998046875,433.7215576171875,433.7215576171875,60,618.7857920303941,0.062463998794555664,e6fdef82f8330446c016336100539be4357bab1b8ed663b26f274b7e17fb3e2e,True
756,14,44,30,recent_k2,21.68251609802246,886.4862060546875,886.4862060546875,21.68251609802246,0.032379150390625,1300.950927734375,53189.16796875,53189.16796875,60,606.045993976295,0.05734400078654289,4e53ab42998991bfdd65ccee3f6a993a0618140407a337269405a8cfca32bb15,True
757,14,44,45,recent_k2,4.664409160614014,50.94307327270508,50.94307327270508,4.664409160614014,0.0016727447509765625,279.8645324707031,3056.584228515625,3056.584228515625,60,605.3763790987432,0.055296000093221664,61dd6d66b9bfd5b4fd8d5959ebeead286e6e09db57086e11d0714e0b9db56f55,True
758,14,44,60,recent_k2,8.118623733520508,164.95655822753906,164.95655822753906,8.118623733520508,0.005344390869140625,487.1174011230469,9897.392578125,9897.392578125,60,605.0374330952764,0.05632000043988228,7225ac0b8b3311bcd5b849bbaaded8fb701642bb5dbf2507c87db29421b8eefa,True
759,14,44,75,recent_k2,7.96652364730835,127.38224792480469,127.38224792480469,7.96652364730835,0.004268646240234375,477.99139404296875,7642.9345703125,7642.9345703125,60,605.7876460254192,0.05632000043988228,0264d5a195bb6e9e740bd091bb45b7e9cf174f05c687600991eae702575f602e,True
760,14,44,90,recent_k2,4.284778118133545,70.0981216430664,70.0981216430664,4.284778118133545,0.0022144317626953125,257.086669921875,4205.88720703125,4205.88720703125,60,605.4269094020128,0.055296000093221664,529b824d73d8017bdd87e245f10b5b8f41c1d2347d6203f006797868bdf9089e,True
761,14,44,105,recent_k2,6.0991997718811035,79.1218032836914,79.1218032836914,6.0991997718811035,0.0025959014892578125,365.95196533203125,4747.30810546875,4747.30810546875,60,606.5569487400353,0.055296000093221664,908891ef4859ca2bdd600ca821bb142e2f2e3c741f04453b3c6f76b71f097c20,True
762,14,44,120,recent_k2,7.385364055633545,96.9224853515625,96.9224853515625,7.385364055633545,0.003925323486328125,443.121826171875,5815.3486328125,5815.3486328125,60,606.9181459024549,0.058368001133203506,8c81b36da218cbdbe384060c31705d291b0253bdac2f3ae655181dbc4c44b6d7,True
763,14,44,135,recent_k2,9.506190299987793,418.2052917480469,418.2052917480469,9.506190299987793,0.01316070556640625,570.3713989257812,25092.31640625,25092.31640625,60,602.6184540241957,0.055296000093221664,614bcf38cf9c2c01b729a6987e6092d1ef7ea031de1a8f298dd88ced00fc4a08,True
764,14,44,150,recent_k2,14.31940746307373,628.2442016601562,628.2442016601562,14.31940746307373,0.0199432373046875,859.1644287109375,37694.6484375,37694.6484375,60,602.4886360391974,0.06550399959087372,8c1af9cbfe1d94c0dbe383399b314adef4ecdb7954e8114f3bc2e314f2cc77f3,True
765,14,44,165,recent_k2,8.944869041442871,223.76153564453125,223.76153564453125,8.944869041442871,0.00763702392578125,536.692138671875,13425.69140625,13425.69140625,60,637.992633972317,0.055296000093221664,d4cc5fc0e558990fd4fb97fb0e60a30d30080d0df099c83def8bb185e7920907,True
766,14,44,180,recent_k2,8.04924201965332,235.962890625,235.962890625,8.04924201965332,0.007366180419921875,482.9544982910156,14157.7724609375,14157.7724609375,60,606.3612010329962,0.062463998794555664,9fcf16ee9800ecd2e2629436ddea4ebfee4fd793f6f70c42011006724b78c0ae,True
767,14,44,195,recent_k2,8.561139106750488,161.43898010253906,161.43898010253906,8.561139106750488,0.00506591796875,513.6683349609375,9686.337890625,9686.337890625,60,608.7231710553169,0.05632000043988228,c49dbf121535649a110d977ddd4aea544840e625d172e3fc8275a2599afc2991,True
768,14,44,210,recent_k2,5.9269208908081055,48.500335693359375,48.500335693359375,5.9269208908081055,0.0020809173583984375,355.615234375,2910.02001953125,2910.02001953125,60,615.3831328265369,0.07475200295448303,a2b5ce40694ecf8a9dfa4a41a8ed7cc9d371b206b22a3467edf37f4958bbd1eb,True
769,14,44,225,recent_k2,7.836956024169922,76.56443786621094,76.56443786621094,7.836956024169922,0.0036220550537109375,470.21734619140625,4593.8662109375,4593.8662109375,60,609.863571356982,0.06348799914121628,c855c067e902c746ffe93a31112216aafc4fb2a3140cda6503da1c0968e97588,True
770,14,23,30,recent_k2,23.88890838623047,1799.670654296875,1799.670654296875,23.88890838623047,0.056640625,1433.33447265625,107980.234375,107980.234375,60,605.5983677506447,0.055296000093221664,fb05ddf04e64aa3212d2e3184de8050b11c8f96214c41c30eb58352144e4d041,True
771,14,23,45,recent_k2,34.511802673339844,7665.9169921875,3280.88671875,34.511802673339844,0.2373046875,2070.7080078125,459955.0,196853.1875,60,614.5009910687804,0.05734400078654289,c23d80860fa9423beedbbc2a73e911a81adf21339adfb536886040e6bdb935b3,True
772,14,23,60,recent_k2,10.99661636352539,278.0500183105469,278.0500183105469,10.99661636352539,0.00890350341796875,659.7969360351562,16683.0,16683.0,60,608.1528570502996,0.060416001826524734,3f1daaf836411bf0d71282539a14dfcc4ef31f2eec4c1a4c66f98c826677e8b2,True
773,14,23,75,recent_k2,10.344196319580078,225.88914489746094,225.88914489746094,10.344196319580078,0.007293701171875,620.6517333984375,13553.34765625,13553.34765625,60,613.3987102657557,0.058368001133203506,0f9891515eb704f1f57fcad918d2afed518df1a8413835a2fbb5caaab90387e8,True
774,14,23,90,recent_k2,11.018064498901367,267.6908874511719,267.6908874511719,11.018064498901367,0.0085296630859375,661.0838623046875,16061.453125,16061.453125,60,607.6808110810816,0.06348799914121628,8956794cf4056b68cb75523fb22e576b0a1dac6b35a8b12cbb6720025480bfed,True
775,14,23,105,recent_k2,20.601640701293945,18925.68359375,1045.024169921875,20.601640701293945,0.5849609375,1236.098388671875,1135541.0,62701.4453125,60,614.3862819299102,0.058368001133203506,0cac4a1e7fe05bae99a464f338d7c482345d2d69019502d13dadda99c16adc57,True
776,14,23,120,recent_k2,22.512983322143555,12375.7099609375,1554.225830078125,22.512983322143555,0.382568359375,1350.7789306640625,742542.5625,93253.546875,60,609.1533079743385,0.05632000043988228,3e35f28fe51c1584e5aca483a844b8a29e83a44f4f42cb9b3e587080a7dfa04f,True
777,14,23,135,recent_k2,10.596429824829102,1666.489013671875,276.453369140625,10.596429824829102,0.05474853515625,635.7857666015625,99989.3359375,16587.201171875,60,608.171007130295,0.055296000093221664,9e04cb29980234f7f77ce008266fd7f9bcbd6b6068cc58faa5a1f2a6aba31daf,True
778,14,23,150,recent_k2,35.14585876464844,20327.521484375,2319.202880859375,35.14585876464844,0.6357421875,2108.75146484375,1219651.25,139152.171875,60,609.2554880306125,0.05632000043988228,53ad70b62d8c24f46427eec4f183041be03a34f3e3b53bc13f3972aab2783344,True
779,14,23,165,recent_k2,7.395485877990723,69.56396484375,69.56396484375,7.395485877990723,0.0035495758056640625,443.7291259765625,4173.837890625,4173.837890625,60,607.9281587153673,0.06656000018119812,0fa1e8d5e3df197440785e62b7d5277f48ad5b5f4aa723735f839ad55a2406b7,True
780,14,23,180,recent_k2,12.017273902893066,564.864990234375,564.864990234375,12.017273902893066,0.0182647705078125,721.036376953125,33891.8984375,33891.8984375,60,609.0682186186314,0.055296000093221664,b6f4dc04edcddc93ab50a899b6a8505baae91faa9579b46402688f3a5b1d7d3f,True
781,14,23,195,recent_k2,30.784122467041016,6116.70947265625,2377.029052734375,30.784122467041016,0.1905517578125,1847.0472412109375,367002.5625,142621.734375,60,614.8741380311549,0.05632000043988228,06906774c66269995e2a8aeb59dbdb187313599abc80048512b0915ef9eb5664,True
782,14,23,210,recent_k2,31.41423225402832,13051.5634765625,3540.1875,31.41423225402832,0.40283203125,1884.8538818359375,783093.75,212411.234375,60,609.4251670874655,0.058368001133203506,4442937679729e038936d384033297d1885e4096f97e758b88745ea32f4b1391,True
783,14,23,225,recent_k2,14.765625,415.1904602050781,415.1904602050781,14.765625,0.0132904052734375,885.9374389648438,24911.42578125,24911.42578125,60,608.0120792612433,0.057312000542879105,0e76455a7fb29ad1e08398d6437057e9d5132bf5873686f4d2a8f228eff64df2,True
784,14,53,30,recent_k2,14.419920921325684,487.45379638671875,487.45379638671875,14.419920921325684,0.01531219482421875,865.1951904296875,29247.2265625,29247.2265625,60,607.911538798362,0.06758400052785873,f0b67ed58cd7185164f00f4a242aa3ff30d1a41092284a1f5fa04f49a2b0151a,True
785,14,53,45,recent_k2,9.739192962646484,223.44354248046875,223.44354248046875,9.739192962646484,0.007549285888671875,584.3515625,13406.6123046875,13406.6123046875,60,607.3670336045325,0.05632000043988228,2abca9edd66992bc060045c70a8b051b140a7fca635656591aaf0bd4fc070f68,True
786,14,53,60,recent_k2,21.119958877563477,660.2959594726562,660.2959594726562,21.119958877563477,0.0208587646484375,1267.197509765625,39617.75390625,39617.75390625,60,608.0153780058026,0.058368001133203506,ae0cccb70243d7a141749ccaca599828135062364cae75f7ceebabb8510fa7bb,True
787,14,53,75,recent_k2,13.899590492248535,465.8941955566406,465.8941955566406,13.899590492248535,0.0165863037109375,833.9754028320312,27953.650390625,27953.650390625,60,608.1011882051826,0.05539200082421303,96508628563f0594b335fbd63dfba9fe03a18eb7fa5fe54fcb69fb580254bf22,True
788,14,53,90,recent_k2,16.83149528503418,659.0023193359375,659.0023193359375,16.83149528503418,0.0230865478515625,1009.8896484375,39540.13671875,39540.13671875,60,605.8178478851914,0.05632000043988228,15de3c5a390881a976c187d58a877a0b7b03d875dd869857f474b3d605294c44,True
789,14,53,105,recent_k2,2.639274835586548,15.463583946228027,15.463583946228027,2.639274835586548,0.0004978179931640625,158.35647583007812,927.8150024414062,927.8150024414062,60,609.7082439810038,0.05632000043988228,babf040c44387da41d4a33c5dc1a292e415cecc1672324ea49069f43853c2de1,True
790,14,53,120,recent_k2,4.112643718719482,28.301612854003906,28.301612854003906,4.112643718719482,0.0011205673217773438,246.7586212158203,1698.0966796875,1698.0966796875,60,608.6941128596663,0.055296000093221664,096952d2f72f0545effc79929131792b52987547604a4fab8c8469277c097de2,True
791,14,53,135,recent_k2,1.762113332748413,4.468279838562012,4.468279838562012,1.762113332748413,0.0001933574676513672,105.72679138183594,268.0967712402344,268.0967712402344,60,607.5232238508761,0.05427199974656105,4fe9567dc3a5abcd828ecf895c240121c91d66478ea8456e7555ed148d850cca,True
792,14,53,150,recent_k2,1.6646943092346191,4.044034004211426,4.044034004211426,1.6646943092346191,0.0001862049102783203,99.88165283203125,242.6420135498047,242.6420135498047,60,600.5041752941906,0.05632000043988228,a08486357c2ac38a1d0705230314fb217abda19fdd7de57eb4e42897b2c7acb2,True
793,14,53,165,recent_k2,1.4789267778396606,3.559252977371216,3.559252977371216,1.4789267778396606,0.00015473365783691406,88.73560333251953,213.55516052246094,213.55516052246094,60,603.3247001469135,0.055296000093221664,fc5d60f34fcf8f26f9654256d860490be1ddfdc212d875378685b039a4e2295f,True
794,14,53,180,recent_k2,2.4394567012786865,9.662360191345215,9.662360191345215,2.4394567012786865,0.0004074573516845703,146.36740112304688,579.7415771484375,579.7415771484375,60,602.79337503016,0.05632000043988228,2fc0e090ae653b37848fa9a79ddd5b19ca24bb51a6f3210318a1867b3b9380ae,True
795,14,53,195,recent_k2,9.740995407104492,171.888671875,171.888671875,9.740995407104492,0.0069580078125,584.459716796875,10313.3193359375,10313.3193359375,60,603.2949308864772,0.055296000093221664,0d45491e3087708370eafc06318ce72737ff446dae814ee4dc4d519779886a22,True
796,14,53,210,recent_k2,11.621124267578125,263.0927429199219,263.0927429199219,11.621124267578125,0.00885772705078125,697.2673950195312,15785.564453125,15785.564453125,60,603.1722808256745,0.05427199974656105,54850dc578b5cdfb74549122dfe1e28fa5514502e4db8c66d1804326e3c76965,True
797,14,53,225,recent_k2,8.73941707611084,218.66091918945312,218.66091918945312,8.73941707611084,0.0071563720703125,524.364990234375,13119.654296875,13119.654296875,60,602.4721479043365,0.05734400078654289,f6bd0f839048217b4377911a49ca8c10a9e04d697a74e3413b6293865fb9a902,True
798,14,84,30,recent_k2,3.022855281829834,17.890357971191406,17.890357971191406,3.022855281829834,0.0005664825439453125,181.37130737304688,1073.42138671875,1073.42138671875,60,603.2594311982393,0.05427199974656105,0779905377c3f504efc6c185ed8de5a9b3b7d39ce27550f8a6aed7fd7f6bc3fa,True
799,14,84,45,recent_k2,3.3710813522338867,21.397443771362305,21.397443771362305,3.3710813522338867,0.0006837844848632812,202.26487731933594,1283.8465576171875,1283.8465576171875,60,607.9645799472928,0.05734400078654289,b8a6c401d904f26c4a955a38fd8659bdd8c7f2813d3447dbf342b740e963d2de,True
800,14,84,60,recent_k2,3.0421743392944336,17.915935516357422,17.915935516357422,3.0421743392944336,0.0005750656127929688,182.53045654296875,1074.9560546875,1074.9560546875,60,606.9928491488099,0.062463998794555664,bf357a9629c7eb40f86c1ff151f0a244dc38ed930c3b81c5cfd71a98a439e6a3,True
801,14,84,75,recent_k2,3.053671360015869,19.40288734436035,19.40288734436035,3.053671360015869,0.0006070137023925781,183.22027587890625,1164.1732177734375,1164.1732177734375,60,607.1475269272923,0.05632000043988228,7c39c110ec7dd09a7ef2d41c0435ddaad1965797d351e68ed7efbaef9b53f5de,True
802,14,84,90,recent_k2,1.7601453065872192,5.8343377113342285,5.8343377113342285,1.7601453065872192,0.000202178955078125,105.60871124267578,350.06024169921875,350.06024169921875,60,623.8438207656145,0.058368001133203506,93ebeaaf72ef248e797b8f65de3ab00f25a07dc7386cc53b75bbc4229c93f43c,True
803,14,84,105,recent_k2,2.944538116455078,16.526750564575195,16.526750564575195,2.944538116455078,0.0005230903625488281,176.67227172851562,991.60498046875,991.60498046875,60,608.009550254792,0.06454399973154068,53efcbce1e1011c47ec30ea8c5735af3850dbaf87c7ad833769107e2f653da4a,True
804,14,84,120,recent_k2,2.6991782188415527,13.718650817871094,13.718650817871094,2.6991782188415527,0.0004363059997558594,161.95068359375,823.1190185546875,823.1190185546875,60,607.2066971100867,0.05427199974656105,0eb5914ed1960feecca72c67afde251cf72a9088079294ecb3f94bf5cb4a4fdf,True
805,14,84,135,recent_k2,2.495487689971924,12.06441593170166,12.06441593170166,2.495487689971924,0.0003809928894042969,149.729248046875,723.8649291992188,723.8649291992188,60,608.1155091524124,0.055296000093221664,ca5f5e539ac643a739d8603499a8a60dcc64ca4b54c4f0830023296bbe360cbb,True
806,14,84,150,recent_k2,2.459223508834839,11.761570930480957,11.761570930480957,2.459223508834839,0.00037169456481933594,147.55340576171875,705.6942138671875,705.6942138671875,60,607.6903631910682,0.0634239986538887,4712bd918a21bcc94d315cd8258e0e711c68d62bc9c618466fe02f06518a0996,True
807,14,84,165,recent_k2,2.6224915981292725,12.651721954345703,12.651721954345703,2.6224915981292725,0.0004062652587890625,157.3494873046875,759.103271484375,759.103271484375,60,606.1612260527909,0.05632000043988228,1870685cf6bc410f5cfe5a0e1a4faf4e48e03c75ad5ea9593a67117ff21660b1,True
808,14,84,180,recent_k2,5.267062664031982,37.34502029418945,37.34502029418945,5.267062664031982,0.001739501953125,316.02374267578125,2240.701171875,2240.701171875,60,606.0627982951701,0.055296000093221664,021a40370bef49545f5db7b81b150eb33e7dc3d2d4b1bdb938467ff786ee1878,True
809,14,84,195,recent_k2,6.567300796508789,85.3265609741211,85.3265609741211,6.567300796508789,0.003177642822265625,394.03802490234375,5119.59326171875,5119.59326171875,60,606.5451237373054,0.05734400078654289,d173c450c180f68e8f2ec20f00b922fd5662c518bb417eac2052736b94c4efe5,True
810,14,84,210,recent_k2,17.372892379760742,902.244384765625,902.244384765625,17.372892379760742,0.0283050537109375,1042.37353515625,54134.66015625,54134.66015625,60,607.2321482934058,0.05532800033688545,2d646388c8dccf32f0a83e8cd2f98d4dc768de809de852fce5706330a8c33daa,True
811,14,84,225,recent_k2,21.39606285095215,855.0972290039062,855.0972290039062,21.39606285095215,0.0266571044921875,1283.763671875,51305.83203125,51305.83203125,60,609.6108159981668,0.055296000093221664,8e2907c286c1d5e19238f1a4ed9b09657ebf26a0d8807e989300d721942058db,True
812,14,59,30,recent_k2,25.19545555114746,959.3883666992188,959.3883666992188,25.19545555114746,0.034393310546875,1511.727294921875,57563.30078125,57563.30078125,60,616.4271770976484,0.05427199974656105,102a3f1490b6d13c15076e851d40c88bd9f33f841f76df635448bf39e6b93c81,True
813,14,59,45,recent_k2,11.954412460327148,188.53982543945312,188.53982543945312,11.954412460327148,0.00811004638671875,717.2647094726562,11312.388671875,11312.388671875,60,612.1505438350141,0.05632000043988228,6cb78f65425e79d3db5aca1a9c2557b0b73a3a80401b452c3357d2e02c93b9af,True
814,14,59,60,recent_k2,4.478178977966309,42.67570114135742,42.67570114135742,4.478178977966309,0.0014276504516601562,268.69073486328125,2560.5419921875,2560.5419921875,60,615.5754742212594,0.05430399999022484,e8399dac46c34a1b250e3eb5606fedcfb53e7866f5759a90b14b782b61aece34,True
815,14,59,75,recent_k2,5.915176868438721,72.01715850830078,72.01715850830078,5.915176868438721,0.002532958984375,354.91058349609375,4321.029296875,4321.029296875,60,610.195891931653,0.058368001133203506,0746c65735c106ced4d2e1a2a5aa56d8328969bc258cb5e9b5aa9e7ae7e30780,True
816,14,59,90,recent_k2,3.2501025199890137,17.735612869262695,17.735612869262695,3.2501025199890137,0.0006561279296875,195.00613403320312,1064.13671875,1064.13671875,60,604.3434329330921,0.05427199974656105,7b99244606c1f5e45d37340b94e686c051e7f470f4ab0841060c4475bd341e49,True
817,14,59,105,recent_k2,5.269107818603516,50.10830307006836,50.10830307006836,5.269107818603516,0.0017786026000976562,316.1464538574219,3006.498046875,3006.498046875,60,604.4710320420563,0.05628800019621849,d030166a7fcc5912c8247270f0bcd531a2c6f632e5d26fb7ed021245fac39e51,True
818,14,59,120,recent_k2,9.522860527038574,152.68829345703125,152.68829345703125,9.522860527038574,0.00574493408203125,571.37158203125,9161.296875,9161.296875,60,606.35572578758,0.06451199948787689,913b3e87fa13acdf62295585417e1feb72829406e740bc2f896e7fe85b8b5219,True
819,14,59,135,recent_k2,7.379354953765869,82.27897644042969,82.27897644042969,7.379354953765869,0.0034389495849609375,442.7612609863281,4936.73828125,4936.73828125,60,605.0880057737231,0.05632000043988228,7a04689e70d762bc120db01a2672f4bce42c315630d61b25eca964ee1dd2bc8c,True
820,14,59,150,recent_k2,5.340692043304443,103.23613739013672,103.23613739013672,5.340692043304443,0.003337860107421875,320.4414978027344,6194.16796875,6194.16796875,60,606.0664877295494,0.05427199974656105,594b3cf79c5a89ca60b5116cc85fc19849b87aacefd2daf06956fb5702d6684f,True
821,14,59,165,recent_k2,9.324261665344238,201.6097412109375,201.6097412109375,9.324261665344238,0.006679534912109375,559.4556884765625,12096.583984375,12096.583984375,60,605.0913571380079,0.060416001826524734,88460616e7c73c938c1ccbc7322feb84cffae566429f251bb92fc43863e2ad0d,True
822,14,59,180,recent_k2,3.5518438816070557,18.62360954284668,18.62360954284668,3.5518438816070557,0.0008172988891601562,213.11062622070312,1117.41650390625,1117.41650390625,60,606.7148917354643,0.05427199974656105,6b7a8be9b81a911b6d7b451b42a4c32afea618fb2be64389c4e8dc3e3fdcacbd,True
823,14,59,195,recent_k2,10.3972806930542,188.74964904785156,188.74964904785156,10.3972806930542,0.009613037109375,623.8367919921875,11324.978515625,11324.978515625,60,605.574662797153,0.055296000093221664,0cdb785ebc42238e6db85c802c1dd561588d387fa77973f0c288f61e6a0d7f5b,True
824,14,59,210,recent_k2,9.578868865966797,118.24271392822266,118.24271392822266,9.578868865966797,0.007244110107421875,574.7321166992188,7094.5625,7094.5625,60,605.470182839781,0.055296000093221664,e1a865becaf8f7c2db463c7ce0a1774960719374860c1d90135da46e6f40841c,True
825,14,59,225,recent_k2,7.9123077392578125,94.27481842041016,94.27481842041016,7.9123077392578125,0.0037059783935546875,474.7384338378906,5656.48876953125,5656.48876953125,60,604.6186313033104,0.055296000093221664,755ac60f709183ac9737a7b74f1be00840765a04e57e449f46acb492161038b2,True
826,14,49,30,recent_k2,14.468709945678711,374.95867919921875,374.95867919921875,14.468709945678711,0.01552581787109375,868.12255859375,22497.51953125,22497.51953125,60,603.8208180107176,0.055296000093221664,b42b6e0e3a67ac96c0cbf1f6469888b060cdf840a846ed433dcfc427f11ffa63,True
827,14,49,45,recent_k2,3.9208343029022217,37.392066955566406,37.392066955566406,3.9208343029022217,0.0016107559204101562,235.2500457763672,2243.52392578125,2243.52392578125,60,610.269361641258,0.055296000093221664,1ac09ba86266417907a2aee59c4660ca52d98142dec9f05ec9e9f4cc1f6ddb36,True
828,14,49,60,recent_k2,6.943951606750488,78.38517761230469,78.38517761230469,6.943951606750488,0.0026531219482421875,416.6370849609375,4703.1103515625,4703.1103515625,60,605.2014660090208,0.05734400078654289,a33fa39ea6e532ab593b8427db88db4ccf6a4af2967a2191feb133c4f0f02779,True
829,14,49,75,recent_k2,6.552495002746582,85.23848724365234,85.23848724365234,6.552495002746582,0.003696441650390625,393.1496887207031,5114.30908203125,5114.30908203125,60,604.737110901624,0.05632000043988228,35c97e869f16800d31d08af4637a22218e419ce2574e6c2bbb3d078bb2e65c13,True
830,14,49,90,recent_k2,12.612991333007812,298.6280212402344,298.6280212402344,12.612991333007812,0.0097808837890625,756.7794189453125,17917.6796875,17917.6796875,60,605.0378680229187,0.05427199974656105,7f1b00605b71d2a394f972bb0005ace1ae498798c343fe6962cb8d766e370406,True
831,14,49,105,recent_k2,9.014446258544922,104.95098114013672,104.95098114013672,9.014446258544922,0.004535675048828125,540.8667602539062,6297.05859375,6297.05859375,60,611.9245877489448,0.055296000093221664,f89d2103d787de49ed46ce2d608056b5c8ec65d000ac53bc9a1b062235fb1c21,True
832,14,49,120,recent_k2,3.7660045623779297,19.01016616821289,19.01016616821289,3.7660045623779297,0.0012264251708984375,225.96026611328125,1140.60986328125,1140.60986328125,60,605.1825368776917,0.05632000043988228,177bf8c72d508d466ffd370435060ecc323d1d1e2ff3889d2de20fa57e589edd,True
833,14,49,135,recent_k2,5.178962230682373,33.97328567504883,33.97328567504883,5.178962230682373,0.0017118453979492188,310.73773193359375,2038.39697265625,2038.39697265625,60,606.1339788138866,0.05632000043988228,dcf54684a43f53fff0479fe7f15a3076043147595213de9f91f8a4c95d2df9b2,True
834,14,49,150,recent_k2,2.8601176738739014,13.657459259033203,13.657459259033203,2.8601176738739014,0.00043845176696777344,171.6070556640625,819.447509765625,819.447509765625,60,605.8345315977931,0.05632000043988228,01bb22e9e07ab556cb7410762d7268a148451c6fb0031db0564cd04297c01fce,True
835,14,49,165,recent_k2,2.263798236846924,8.31804084777832,8.31804084777832,2.263798236846924,0.00026488304138183594,135.827880859375,499.0823974609375,499.0823974609375,60,604.7314507886767,0.055296000093221664,f0fa6454e41f3032e75521c4517f26dbe336e2c7b62856eadc4f7ac1b957e18b,True
836,14,49,180,recent_k2,3.723644733428955,25.048744201660156,25.048744201660156,3.723644733428955,0.0010356903076171875,223.41867065429688,1502.924560546875,1502.924560546875,60,605.79948220402,0.055296000093221664,ffaf5a7014e1a6efbfaa12f78f6c05e06f7501515e208876c97a7db694725830,True
837,14,49,195,recent_k2,8.42685604095459,120.84034729003906,120.84034729003906,8.42685604095459,0.00826263427734375,505.6113586425781,7250.42041015625,7250.42041015625,60,604.4557332061231,0.05427199974656105,82ff091cfbd84726fb7beae152767608f15068c38c54c98e148dac194a7f7412,True
838,14,49,210,recent_k2,10.27089786529541,128.5996551513672,128.5996551513672,10.27089786529541,0.010101318359375,616.2538452148438,7715.978515625,7715.978515625,60,605.1974669098854,0.05632000043988228,1701b7b579d5450b4641e441cc314b3e13d8fe2c8e82ef60b040bc6aeaf1e3be,True
839,14,49,225,recent_k2,4.158742427825928,20.35999870300293,20.35999870300293,4.158742427825928,0.0012836456298828125,249.52452087402344,1221.599853515625,1221.599853515625,60,604.8211613669991,0.05734400078654289,a53048034f001ecdb233beed1884445c9098aef0a10e21295a04f1ae4aa1e865,True
840,14,7,30,recent_k2,5.347501754760742,44.91011047363281,44.91011047363281,5.347501754760742,0.00157928466796875,320.85009765625,2694.6064453125,2694.6064453125,60,606.8977429531515,0.055296000093221664,c3eeb84a32edc0895c668309ddf8a25dc0b0911308c2c0cd5a59cb11ba932730,True
841,14,7,45,recent_k2,7.15791654586792,109.94447326660156,109.94447326660156,7.15791654586792,0.00345611572265625,429.4749755859375,6596.66796875,6596.66796875,60,607.4395678006113,0.058368001133203506,5bf21afc15122e43e5384aa5358f5bc9c7833d64f5934859e39a33c646cd9f20,True
842,14,7,60,recent_k2,13.143519401550293,420.135009765625,420.135009765625,13.143519401550293,0.0160369873046875,788.6111450195312,25208.099609375,25208.099609375,60,606.3170479610562,0.05632000043988228,8bc5e68b483173061ec1dc33774bafa90011e2add3d97575d31073d3c1939f65,True
843,14,7,75,recent_k2,12.364781379699707,293.7832336425781,293.7832336425781,12.364781379699707,0.012420654296875,741.8868408203125,17626.9921875,17626.9921875,60,605.381356086582,0.05632000043988228,a620a1bb5e120bc2abd59713e299bb5a08393e3ac5dd356a2bd0e8b825eedc93,True
844,14,7,90,recent_k2,14.870488166809082,489.7423400878906,489.7423400878906,14.870488166809082,0.0177459716796875,892.229248046875,29384.5390625,29384.5390625,60,605.1336382515728,0.055296000093221664,d7dc69453a9ea6718496327a88730897257135ab68eb5c683025a2ac069d0342,True
845,14,7,105,recent_k2,6.332902431488037,72.47432708740234,72.47432708740234,6.332902431488037,0.002323150634765625,379.97412109375,4348.45947265625,4348.45947265625,60,604.1321870870888,0.055296000093221664,1046d7fc3da9be928c7ab4c3bd76bba2201055b5fad0026f96974f2be6a16b1b,True
846,14,7,120,recent_k2,6.924435615539551,54.59474563598633,54.59474563598633,6.924435615539551,0.0024852752685546875,415.46612548828125,3275.6845703125,3275.6845703125,60,604.9786498770118,0.055296000093221664,a18902c73e07330878d1e8152d3e107407121f589c448d227bae36c283a63136,True
847,14,7,135,recent_k2,3.706328868865967,29.200876235961914,29.200876235961914,3.706328868865967,0.0009226799011230469,222.3797149658203,1752.052490234375,1752.052490234375,60,605.594355147332,0.06351999938488007,66a7dfc1cadd74de31e804ba4b69482a7b13912ac11db56ccfe2b1bb520629d9,True
848,14,7,150,recent_k2,7.274430751800537,88.01535034179688,88.01535034179688,7.274430751800537,0.0030384063720703125,436.4658203125,5280.9208984375,5280.9208984375,60,604.8646313138306,0.055296000093221664,e490a2ce7666fa310986c2d4a5c7b0336062cd04281adc913842faac2768410e,True
849,14,7,165,recent_k2,8.706907272338867,131.6621856689453,131.6621856689453,8.706907272338867,0.004528045654296875,522.4144287109375,7899.73046875,7899.73046875,60,605.389665812254,0.055296000093221664,a758aede4e0b70e8d85d3674c07ee42289cca317d3533ec798d44b05da6b5a2b,True
850,14,7,180,recent_k2,2.4643208980560303,7.33939266204834,7.33939266204834,2.4643208980560303,0.0004246234893798828,147.8592529296875,440.363525390625,440.363525390625,60,604.7760020010173,0.06348799914121628,789f7706e39d3e9c8f43ecb9801eb9e8d3f7a551d46cb594625ebf051785dfba,True
851,14,7,195,recent_k2,10.390625953674316,256.22320556640625,256.22320556640625,10.390625953674316,0.01189422607421875,623.4375,15373.3916015625,15373.3916015625,60,604.0709177032113,0.05632000043988228,7c6393925db18853ef70433eadc9d93b8e0512e2ab7f5994af01cb3dc54827ae,True
852,14,7,210,recent_k2,10.872005462646484,181.49176025390625,181.49176025390625,10.872005462646484,0.00807952880859375,652.3203125,10889.5048828125,10889.5048828125,60,603.6596312187612,0.05427199974656105,ed77afa751beb0149109fb1bed7c2abe4bbcee176f6f4acb1aa15b1508bda0a8,True
853,14,7,225,recent_k2,11.759662628173828,202.57041931152344,202.57041931152344,11.759662628173828,0.007293701171875,705.5797119140625,12154.224609375,12154.224609375,60,603.7541911937296,0.05632000043988228,dd6995ab0cac32c1c083b2099a979a303793389108c7c00cbf75647bb9d469d9,True
854,14,47,30,recent_k2,8.809917449951172,89.45345306396484,89.45345306396484,8.809917449951172,0.0063323974609375,528.5950317382812,5367.20703125,5367.20703125,60,609.9592871032655,0.05427199974656105,ec6dbb22ea20b3c89a338df4713355ba44bab5160d1fe001cabf689beed6f28b,True
855,14,47,45,recent_k2,5.734661102294922,40.43665313720703,40.43665313720703,5.734661102294922,0.00258636474609375,344.07965087890625,2426.198974609375,2426.198974609375,60,619.6844507940114,0.055296000093221664,8334f0269cf85a8df5809a4db08d5a2a70fc5d9fc11e21eb2c7ce53f7ca99d2f,True
856,14,47,60,recent_k2,5.878758907318115,44.011817932128906,44.011817932128906,5.878758907318115,0.0027980804443359375,352.72552490234375,2640.708984375,2640.708984375,60,603.6701421253383,0.06348799914121628,2a445ea85f78b2468b460b55487c544a091b762648d52bded37999967e7f00f8,True
857,14,47,75,recent_k2,5.9736552238464355,45.54820251464844,45.54820251464844,5.9736552238464355,0.002758026123046875,358.4192810058594,2732.89208984375,2732.89208984375,60,604.9454910680652,0.055296000093221664,337ec52167a3906c764431c5738b7ea850b7ee13c845966a2da74a86c5a52984,True
858,14,47,90,recent_k2,5.926214694976807,43.46189880371094,43.46189880371094,5.926214694976807,0.002643585205078125,355.5728759765625,2607.7138671875,2607.7138671875,60,604.2958660982549,0.055296000093221664,b798452ac47f2304851b2067fc6640718aabfa1dd89a457f9058fad7f9974efe,True
859,14,47,105,recent_k2,5.808230400085449,42.18393325805664,42.18393325805664,5.808230400085449,0.0026569366455078125,348.4938049316406,2531.035888671875,2531.035888671875,60,604.931591078639,0.055296000093221664,ac8731190fd11a5d247124f337f3da2464da5212918372647df137ba6c49ae51,True
860,14,47,120,recent_k2,5.866894721984863,43.39813995361328,43.39813995361328,5.866894721984863,0.002666473388671875,352.013671875,2603.88818359375,2603.88818359375,60,611.4257741719484,0.055296000093221664,edee8501bf517a14b14ede17e725a2d5a4733c39570732ea96ec901a4c7b25a3,True
861,14,47,135,recent_k2,5.856161117553711,43.326019287109375,43.326019287109375,5.856161117553711,0.002666473388671875,351.3696594238281,2599.56103515625,2599.56103515625,60,612.5712939538062,0.05734400078654289,06005cafd749a311b6280e86c42cb4ba81fc77f80609d1ba0c9d15dacc546abd,True
862,14,47,150,recent_k2,5.837933540344238,42.41921615600586,42.41921615600586,5.837933540344238,0.0026073455810546875,350.2760009765625,2545.15283203125,2545.15283203125,60,602.342673111707,0.05632000043988228,2bf083d9af6abd66fb9ebde1a5f0750e2d7f1d92dd7fe1d28126eecdfa0f3312,True
863,14,47,165,recent_k2,8.852750778198242,141.93862915039062,141.93862915039062,8.852750778198242,0.01016998291015625,531.1650390625,8516.3173828125,8516.3173828125,60,603.2438459806144,0.06451199948787689,6fc24ffd1620b3770fdd3f758efe26c0244ca5b0dc9e7439bba0c1d95ffcae89,True
864,14,47,180,recent_k2,8.411953926086426,137.57400512695312,137.57400512695312,8.411953926086426,0.012481689453125,504.7171936035156,8254.439453125,8254.439453125,60,602.0525069907308,0.055296000093221664,65d3fac2ed31440853cddbd2b7833160e0cf745ce700da574b54661fd8c9f4e6,True
865,14,47,195,recent_k2,10.349054336547852,169.25299072265625,169.25299072265625,10.349054336547852,0.0082855224609375,620.9432373046875,10155.1787109375,10155.1787109375,60,612.6545029692352,0.055296000093221664,c62b5368f2aaa330a49269e2a033478e2ba78e5a9d5a9a2055000110cf0b01ab,True
866,14,47,210,recent_k2,16.923389434814453,459.8907165527344,459.8907165527344,16.923389434814453,0.0450439453125,1015.4033203125,27593.44140625,27593.44140625,60,605.5638859979808,0.06348799914121628,d6ff3a9b7b70211099705764e4b4e9c827c6838c5277c029cdef7fd469b5bb56,True
867,14,47,225,recent_k2,5.919424533843994,43.602500915527344,43.602500915527344,5.919424533843994,0.003673553466796875,355.16546630859375,2616.14990234375,2616.14990234375,60,606.5877568908036,0.05939200147986412,65834a50901ef34f824f9da5b4fa81ef1b939d12d47f345ee343eccd835b3258,True
868,14,30,30,recent_k2,3.2588138580322266,20.870159149169922,20.870159149169922,3.2588138580322266,0.0007538795471191406,195.52882385253906,1252.20947265625,1252.20947265625,60,604.7931229695678,0.06348799914121628,baa85061639833e740a4708d6083df5ac58398dbb71e020c8707efc99f6062a0,True
869,14,30,45,recent_k2,9.626753807067871,162.37863159179688,162.37863159179688,9.626753807067871,0.0060577392578125,577.605224609375,9742.7177734375,9742.7177734375,60,605.3496282547712,0.05737600103020668,0dbdff4f5a234a1ea861eb67eb7166988bf8b49bf9f204feadb35049d81cc241,True
870,14,30,60,recent_k2,12.382962226867676,201.470947265625,201.470947265625,12.382962226867676,0.00774383544921875,742.9777221679688,12088.255859375,12088.255859375,60,605.7371948845685,0.05734400078654289,3b10de9ed694ed2cd7d8d9178f5ef48ef7a0e8ffc4d4260e59681c2e96b2b039,True
871,14,30,75,recent_k2,4.078909397125244,31.408666610717773,31.408666610717773,4.078909397125244,0.001171112060546875,244.73455810546875,1884.5198974609375,1884.5198974609375,60,605.8753626421094,0.05734400078654289,91580c8a29f4fb22fa6a8636a7a5fb10e7a824dcef2969d4eb252255bc8e10fe,True
872,14,30,90,recent_k2,3.146846055984497,17.663095474243164,17.663095474243164,3.146846055984497,0.0007543563842773438,188.81076049804688,1059.78564453125,1059.78564453125,60,605.4173381999135,0.055296000093221664,ba4ae85b7dd60d8a6236f0dd4f35e4bc2d2cbc40ce5ef4a79446dac7eb980a6f,True
873,14,30,105,recent_k2,2.598080635070801,10.788778305053711,10.788778305053711,2.598080635070801,0.0003554821014404297,155.88482666015625,647.32666015625,647.32666015625,60,607.1285428479314,0.05632000043988228,0ad3b4677dd2073b7f31c9a7796d54634d330b5fa8f62b8feec748e4e88c3f61,True
874,14,30,120,recent_k2,2.0381877422332764,6.4112114906311035,6.4112114906311035,2.0381877422332764,0.0002288818359375,122.29125213623047,384.67266845703125,384.67266845703125,60,604.2657080106437,0.05423999950289726,8a8f7bdda6d2aae7b86e87331bd7df3bab87a653e7512eb7552db8c0f227e724,True
875,14,30,135,recent_k2,3.2504780292510986,32.053401947021484,32.053401947021484,3.2504780292510986,0.001003265380859375,195.02867126464844,1923.2041015625,1923.2041015625,60,604.1579390875995,0.05532800033688545,4bdc2ad1679cb0b730b307d05616ce8e41cca05d8b0d47bebb1a4680cf8565aa,True
876,14,30,150,recent_k2,2.062976360321045,7.618474006652832,7.618474006652832,2.062976360321045,0.00026607513427734375,123.77857971191406,457.1084289550781,457.1084289550781,60,604.5020860619843,0.05427199974656105,8f2a721bb8afc5b0d23c299973713c66e52fde4e5799523928a9bb730dba78c4,True
877,14,30,165,recent_k2,2.04569149017334,6.665689468383789,6.665689468383789,2.04569149017334,0.0002522468566894531,122.74148559570312,399.94134521484375,399.94134521484375,60,604.2013489641249,0.055296000093221664,1a3e19c9dd0babab1ae150e7d492d7679b6788e951bffd0b4f4446a353572390,True
878,14,30,180,recent_k2,2.2429375648498535,6.222622871398926,6.222622871398926,2.2429375648498535,0.00027251243591308594,134.5762481689453,373.35736083984375,373.35736083984375,60,604.5128447003663,0.055296000093221664,2664855ad005bbdbd8dc5f38db2a3b63b570e52a265cad01a804d8996db28736,True
879,14,30,195,recent_k2,2.7344231605529785,9.765264511108398,9.765264511108398,2.7344231605529785,0.00039267539978027344,164.0653839111328,585.9158325195312,585.9158325195312,60,604.7480539418757,0.055296000093221664,66e04677a7dba3d5b85d5e1b83ac954570eaed11c560d19c04efbaa6a9b8976b,True
880,14,30,210,recent_k2,2.1206021308898926,6.454441547393799,6.454441547393799,2.1206021308898926,0.0002465248107910156,127.23611450195312,387.2664794921875,387.2664794921875,60,616.5279797278345,0.055296000093221664,9967958ef3ff45746c1608f518c3b97b68631b1ca3d810a1cfd02e4076e01f8f,True
881,14,30,225,recent_k2,3.6930160522460938,24.09682273864746,24.09682273864746,3.6930160522460938,0.0008029937744140625,221.58094787597656,1445.809326171875,1445.809326171875,60,604.829743038863,0.05632000043988228,e02708b37cd2c0bfdeea0d9d2281e027847371edde1befe26e45b8a60f4f0da7,True
882,18,83,30,recent_k2,16.50670623779297,632.5410766601562,632.5410766601562,16.50670623779297,0.0205535888671875,990.40234375,37952.4609375,37952.4609375,60,604.3638773262501,0.055296000093221664,850bdcb0bc40d24570143a826637fc70fcc808721fc3217eb3f7cd7fbd83574f,True
883,18,83,45,recent_k2,4.649449825286865,50.93915939331055,50.93915939331055,4.649449825286865,0.0015964508056640625,278.96697998046875,3056.349365234375,3056.349365234375,60,605.0189421512187,0.055296000093221664,2eddc6188984018879b02c5b0b26aed5783eb7023bd96ed1b3dbbb8201b32b64,True
884,18,83,60,recent_k2,19.420082092285156,751.9221801757812,751.9221801757812,19.420082092285156,0.02520751953125,1165.204833984375,45115.328125,45115.328125,60,606.2224400229752,0.05632000043988228,ef9cd00ccc98eba6594b92f94d29c507139764ca79b5f07bcb0e35c166b3ceb8,True
885,18,83,75,recent_k2,5.510540008544922,81.7771987915039,81.7771987915039,5.510540008544922,0.0027179718017578125,330.63238525390625,4906.6318359375,4906.6318359375,60,605.4674577899277,0.05632000043988228,c60da80d2e6866ae55535e78eae2f86a3e01145e41c2207a8d3fc85125bdd4c9,True
886,18,83,90,recent_k2,7.644079208374023,105.412841796875,105.412841796875,7.644079208374023,0.0036334991455078125,458.64471435546875,6324.77001953125,6324.77001953125,60,605.7402058504522,0.05734400078654289,10c8f5a937a28de15ad8e80ec7055b8aadbc8426f90e76145b5fa8b50df931ac,True
887,18,83,105,recent_k2,4.509378910064697,45.81278991699219,45.81278991699219,4.509378910064697,0.0022945404052734375,270.5627136230469,2748.767333984375,2748.767333984375,60,632.3926718905568,0.055296000093221664,8dcc094893a1c0df5de3d5a0ca47ea7a7bd0eec6bc048965094004dfebb58845,True
888,18,83,120,recent_k2,30.607126235961914,8041.37109375,2828.1669921875,30.607126235961914,0.255859375,1836.427490234375,482482.25,169690.015625,60,608.247104100883,0.05734400078654289,2bd219901776bd4b9b3677209cc14be16499a5e1a3cbcf1c0eaefccc14eb2f10,True
889,18,83,135,recent_k2,37.72677230834961,8560.7099609375,3770.45751953125,37.72677230834961,0.267822265625,2263.606201171875,513642.5625,226227.4375,60,607.363942079246,0.055296000093221664,9a59dbe105022b13507c0ecf4da2b5f15f3cf8f2415673b5abe03e45c605adc5,True
890,18,83,150,recent_k2,34.743831634521484,2306.145751953125,2306.145751953125,34.743831634521484,0.07696533203125,2084.6298828125,138368.734375,138368.734375,60,606.8409560248256,0.055296000093221664,d87a2f8afb03f47bb9bf5dee63e178193c6403179506b40fb619bc8b3efd5462,True
891,18,83,165,recent_k2,11.585171699523926,213.86068725585938,213.86068725585938,11.585171699523926,0.008056640625,695.1102905273438,12831.640625,12831.640625,60,606.3525201752782,0.05427199974656105,76f40f34539c792c48e8b6c832babbc7fa1e71cc8684916adfc93aaecd995256,True
892,18,83,180,recent_k2,5.658426284790039,70.979248046875,70.979248046875,5.658426284790039,0.0022373199462890625,339.50555419921875,4258.7548828125,4258.7548828125,60,605.5105179548264,0.05632000043988228,af5492bfd95781e898b7f0cc9f62e1e94c1a4c614c2e4e44dbba48431fb7c327,True
893,18,83,195,recent_k2,13.737560272216797,348.4695739746094,348.4695739746094,13.737560272216797,0.01177978515625,824.2536010742188,20908.173828125,20908.173828125,60,605.5716574192047,0.055296000093221664,6a2f146fe5a7c093eb514ca23d4fcaff710d72de04556782b8d19918bb6cca1e,True
894,18,15,30,recent_k2,8.051508903503418,127.6792221069336,127.6792221069336,8.051508903503418,0.0040740966796875,483.09051513671875,7660.7529296875,7660.7529296875,60,604.6630260534585,0.055296000093221664,3939782c622358bfe723efab4cc9aa412475d4d2a549ab34df455332ce56d5cf,True
895,18,15,45,recent_k2,7.97287654876709,119.92046356201172,119.92046356201172,7.97287654876709,0.0039825439453125,478.37255859375,7195.2275390625,7195.2275390625,60,605.1188912242651,0.055296000093221664,42260b05c2530584c1b3de92f40e45178daf42d18976e088b0c73d20220f0083,True
896,18,15,60,recent_k2,8.480785369873047,192.1990966796875,192.1990966796875,8.480785369873047,0.006008148193359375,508.84710693359375,11531.9453125,11531.9453125,60,605.6306869722903,0.05427199974656105,097225c9033de3f19da1930c0ff62fff9943442556d7c4f3aaae6debed0b09be,True
897,18,15,75,recent_k2,7.43781042098999,110.52619171142578,110.52619171142578,7.43781042098999,0.003582000732421875,446.26861572265625,6631.5712890625,6631.5712890625,60,605.4891180247068,0.055296000093221664,d04a0b5e6f8b807ac2f1d6b40c38bd22f2b3112b5258002e6b3658653521bd24,True
898,18,15,90,recent_k2,4.16306209564209,27.956859588623047,27.956859588623047,4.16306209564209,0.0008983612060546875,249.78372192382812,1677.4114990234375,1677.4114990234375,60,605.0552520900965,0.055296000093221664,5c056a7dd820c56f9676e6351e20d951fc7f741510da1dc760c4482358922d25,True
899,18,15,105,recent_k2,3.5674240589141846,21.469486236572266,21.469486236572266,3.5674240589141846,0.0008234977722167969,214.04542541503906,1288.1690673828125,1288.1690673828125,60,605.3112098015845,0.055296000093221664,d22b715cb796e7a93561eb8b3414f99476ec337e9af677fa6a1e4306e8654b01,True
900,18,15,120,recent_k2,7.759556293487549,91.81238555908203,91.81238555908203,7.759556293487549,0.003765106201171875,465.5733642578125,5508.74267578125,5508.74267578125,60,605.7435059919953,0.06656000018119812,34d1543f605657ec3ce96f5edd3692ba55f234b18007b6a5c191a2eec02467d7,True
901,18,15,135,recent_k2,5.6847100257873535,56.39143753051758,56.39143753051758,5.6847100257873535,0.0026226043701171875,341.08258056640625,3383.486083984375,3383.486083984375,60,604.3393393047154,0.05632000043988228,5e675ecd5be3c546244fe945e61a8d322e08bc97c14209b472e31fd8e87f172b,True
902,18,15,150,recent_k2,5.921681880950928,49.213172912597656,49.213172912597656,5.921681880950928,0.0019044876098632812,355.3009033203125,2952.790283203125,2952.790283203125,60,605.9792647138238,0.05632000043988228,837d1cba7b729c5179724a39ef6bc08b908a2fd8593902b3fadc61259ca36454,True
903,18,15,165,recent_k2,7.726123332977295,102.99605560302734,102.99605560302734,7.726123332977295,0.0032196044921875,463.5673828125,6179.76318359375,6179.76318359375,60,605.1138318143785,0.055296000093221664,b3175abc02f81548909cf60b42616491fbd1c9b4f5b720c4e551f8e85e7e125f,True
904,18,3,30,recent_k2,20.367338180541992,747.9154052734375,747.9154052734375,20.367338180541992,0.031097412109375,1222.040283203125,44874.921875,44874.921875,60,605.1061018370092,0.055296000093221664,72d03a202ff3ba9aaeb6435edcf59ce685fa4e49f496bd9e25747b186657e808,True
905,18,3,45,recent_k2,45.53871536254883,4060.9560546875,4060.9560546875,45.53871536254883,0.1314697265625,2732.32275390625,243657.34375,243657.34375,60,605.2867509424686,0.055296000093221664,ab46d1b72bebb41d0f25204d354404dbce28cbf4c1bb107c0cc36e9b13330eac,True
906,18,3,60,recent_k2,36.560462951660156,4932.74072265625,3983.88134765625,36.560462951660156,0.1575927734375,2193.627685546875,295964.4375,239032.875,60,605.7937759906054,0.055296000093221664,136678f0b7373bf6355f6e5e4fb2cabbd4041b62cbf39b07abbd747d292153b3,True
907,18,3,75,recent_k2,44.132205963134766,15112.4423828125,3204.5849609375,44.132205963134766,0.474609375,2647.93212890625,906746.5,192275.09375,60,606.9669458083808,0.05427199974656105,8709ec505de500d346ec742932f173985abe3d6a8ecd8f4c4d8641c44b366e94,True
908,18,3,90,recent_k2,58.63018798828125,15964.7216796875,6249.33447265625,58.63018798828125,0.51318359375,3517.81103515625,957883.25,374960.0625,60,621.3036309927702,0.05632000043988228,cceddfd426acc74da891db7bec970fcbbc10704b7397efda0e979ed5d1baea2d,True
909,18,3,105,recent_k2,18.726499557495117,602.0275268554688,602.0275268554688,18.726499557495117,0.032135009765625,1123.5899658203125,36121.6484375,36121.6484375,60,605.0121327862144,0.06348799914121628,bd5fab45d96659b7fb7fbfd5efd13cfd0fb9c3457d02bfe57cafcb3c82842132,True
910,18,3,120,recent_k2,40.62683868408203,1970.713623046875,1970.713623046875,40.62683868408203,0.104736328125,2437.610107421875,118242.8125,118242.8125,60,605.2314611151814,0.06249599903821945,aa93889f4425b2049dc49268f28a57430b95a9e073b6a0c5b5e6d506fa54e8c8,True
911,18,3,135,recent_k2,16.00188636779785,423.7021789550781,423.7021789550781,16.00188636779785,0.01447296142578125,960.1130981445312,25422.12890625,25422.12890625,60,604.8539946787059,0.05427199974656105,c82ff2dca841b720c2395bcd81e9a140837235f74c914ba4a93cbf0ac65b5db7,True
912,18,3,150,recent_k2,4.2739739418029785,27.56749153137207,27.56749153137207,4.2739739418029785,0.0012426376342773438,256.43841552734375,1654.0494384765625,1654.0494384765625,60,605.1169019192457,0.055296000093221664,aed02e4cf69f3384f97f2547e189aa83641a95775040d0c9939189ed069678ca,True
913,18,3,165,recent_k2,5.055971622467041,76.11734008789062,76.11734008789062,5.055971622467041,0.0030651092529296875,303.3582763671875,4567.0400390625,4567.0400390625,60,605.7870169170201,0.05632000043988228,ccc89de81f7fd57d5d6d8b9b095bbbc2af4171919edcdb12092450a1feb58a5c,True
914,18,35,30,recent_k2,16.0499210357666,551.7096557617188,551.7096557617188,16.0499210357666,0.0173492431640625,962.9951782226562,33102.578125,33102.578125,60,604.9621938727796,0.05632000043988228,0a961a8e32013acbd3ceeec45771fdcea57ac1fbefd1d1d19746a8acffc0aa91,True
915,18,35,45,recent_k2,13.846604347229004,356.06396484375,356.06396484375,13.846604347229004,0.01168060302734375,830.7962036132812,21363.8359375,21363.8359375,60,605.0079939886928,0.055296000093221664,045d3ea0d6e156c6e9cbcadf007a53a2060b699626be9cd501d75fd533364467,True
916,18,35,60,recent_k2,7.274878025054932,76.33692169189453,76.33692169189453,7.274878025054932,0.0028934478759765625,436.4926452636719,4580.21484375,4580.21484375,60,604.9457243643701,0.05427199974656105,a903e95c0603f75bd34273839de19482fd76fb8d522159d1a430273621fabe61,True
917,18,35,75,recent_k2,4.938619136810303,36.45467758178711,36.45467758178711,4.938619136810303,0.0017871856689453125,296.317138671875,2187.280517578125,2187.280517578125,60,604.2017107829452,0.055296000093221664,118387a4ec351678d134acfe2b6f3e6b53f18c1d45363968a9e8b29c0d942c14,True
918,18,35,90,recent_k2,4.888840198516846,41.379844665527344,41.379844665527344,4.888840198516846,0.0013103485107421875,293.33038330078125,2482.79052734375,2482.79052734375,60,604.7445358708501,0.05632000043988228,2dea571c4aa25084a8940122a95e3594115c029df64b7f5cc94357bf2fa7359d,True
919,18,35,105,recent_k2,4.853488445281982,41.57791519165039,41.57791519165039,4.853488445281982,0.0013971328735351562,291.20928955078125,2494.6748046875,2494.6748046875,60,604.8359861597419,0.055296000093221664,3a0226764b1a12ee9401868a37cce9eb2c24ad9d59895a343b0973665f8f466d,True
920,18,35,120,recent_k2,8.291604995727539,259.8547058105469,259.8547058105469,8.291604995727539,0.00841522216796875,497.4962463378906,15591.28125,15591.28125,60,605.0335243344307,0.055296000093221664,94fdf6cabb467197315350650b0594db584604b01e407e0344f5bb59b05234a1,True
921,18,35,135,recent_k2,20.852149963378906,905.8795776367188,905.8795776367188,20.852149963378906,0.033172607421875,1251.12890625,54352.7734375,54352.7734375,60,604.9137748777866,0.05632000043988228,b67337674245f1e153dbd84ad7ce252b624a22314e90c4c056e8d3c7d8fc7868,True
922,18,35,150,recent_k2,49.098960876464844,4541.595703125,4541.595703125,49.098960876464844,0.1522216796875,2945.9375,272495.71875,272495.71875,60,604.7383360564709,0.05427199974656105,435f0d3de0bf893c7e8d5313003b22efd409b1064ee3ee2f073834a251501410,True
923,18,35,165,recent_k2,42.798667907714844,2722.970947265625,2722.970947265625,42.798667907714844,0.08990478515625,2567.919921875,163378.25,163378.25,60,605.1593632437289,0.05632000043988228,819a422a46bd9ffbc1609bd845b5af3f00abf0d3956d9235ee98565ec8741291,True
924,18,35,180,recent_k2,5.262837886810303,46.575042724609375,46.575042724609375,5.262837886810303,0.0016431808471679688,315.770263671875,2794.50244140625,2794.50244140625,60,605.1954729482532,0.05632000043988228,0f90cd421782f241d692b6a20af6c4f6f3eb310d699d2aa1e7d2a8c834205042,True
925,18,35,195,recent_k2,4.661357402801514,34.726741790771484,34.726741790771484,4.661357402801514,0.0010938644409179688,279.6814270019531,2083.6044921875,2083.6044921875,60,605.713308788836,0.05632000043988228,7b413e0e9afd17c7ca632c4594e0985bd4cd18418f11d823b6e7843c75952f1b,True
926,18,35,210,recent_k2,3.5984647274017334,29.03240394592285,29.03240394592285,3.5984647274017334,0.0010547637939453125,215.90786743164062,1741.944091796875,1741.944091796875,60,605.4842509329319,0.05628800019621849,1b8080fbad32481304d9de2c67dea2a5eb60ab0f1b0772ca4356f04e5612f02a,True
927,18,35,225,recent_k2,16.71101951599121,769.9142456054688,769.9142456054688,16.71101951599121,0.024444580078125,1002.6611328125,46194.8515625,46194.8515625,60,604.797107167542,0.055296000093221664,f5906f1ecbf56b431ff68bc31c40e3cf54e6489efcc1c1fcf53f69f193037382,True
928,18,48,30,recent_k2,20.606401443481445,591.8419799804688,591.8419799804688,20.606401443481445,0.0236968994140625,1236.384033203125,35510.515625,35510.515625,60,604.9699252471328,0.055296000093221664,2d00f34f385c4ca5a678811d98040834ee313624ad231271d5a2efa24c887ea7,True
929,18,48,45,recent_k2,47.79524612426758,4557.8759765625,4557.8759765625,47.79524612426758,0.1629638671875,2867.714599609375,273472.53125,273472.53125,60,605.2479729987681,0.055296000093221664,36f85b1445bcc542cdcdca2c444b24388e6429ff9311d5a8ab3679a7714a3637,True
930,18,48,60,recent_k2,19.85428810119629,974.7739868164062,974.7739868164062,19.85428810119629,0.03814697265625,1191.2572021484375,58486.4375,58486.4375,60,605.1803329028189,0.05632000043988228,d0ea8e870b4ba194e45251ccf2d29a3a960a82c83f1e40ed8b3d97eafeaef279,True
931,18,48,75,recent_k2,22.23652458190918,850.4344482421875,850.4344482421875,22.23652458190918,0.032470703125,1334.19140625,51026.0625,51026.0625,60,605.57173890993,0.05632000043988228,5c782ac6f6869af8de382c5d48b04415c04618a961ea6f4510ec0656d185f32f,True
932,18,48,90,recent_k2,6.908916473388672,79.70426940917969,79.70426940917969,6.908916473388672,0.00323486328125,414.53497314453125,4782.255859375,4782.255859375,60,605.4244008846581,0.05427199974656105,3b15580790c935fd8eadedf7d28d95fa6ff1c284242e2668257380ed98076326,True
933,18,48,105,recent_k2,3.1621720790863037,17.28680419921875,17.28680419921875,3.1621720790863037,0.00077056884765625,189.73031616210938,1037.208251953125,1037.208251953125,60,605.0075148232281,0.055296000093221664,2300448e0b9f3a1337cd2e13e326e655d0d8ecb9ae609fab6c2231be24889130,True
934,18,48,120,recent_k2,5.692681789398193,67.18917083740234,67.18917083740234,5.692681789398193,0.0022373199462890625,341.5608825683594,4031.35009765625,4031.35009765625,60,605.3768512792885,0.055296000093221664,62b9fbf16c7675d53fbd4f555c2492135fcaf37c8981d32423f8475d2ea0e133,True
935,18,48,135,recent_k2,3.2546491622924805,16.51959228515625,16.51959228515625,3.2546491622924805,0.0008797645568847656,195.27894592285156,991.175537109375,991.175537109375,60,604.0541543625295,0.05427199974656105,5fae0fa08a66c349fc47819ee2f76d162cd964b0429292132c9ebed8e930e977,True
936,18,48,150,recent_k2,3.6718568801879883,24.27375030517578,24.27375030517578,3.6718568801879883,0.002452850341796875,220.3114013671875,1456.4249267578125,1456.4249267578125,60,604.579018894583,0.05632000043988228,fc88e684c1e46d87bc82f9e44dfa25af8c17b5813ccc2de51f2464f9d0330279,True
937,18,48,165,recent_k2,8.830863952636719,108.83287048339844,108.83287048339844,8.830863952636719,0.004070281982421875,529.851806640625,6529.9716796875,6529.9716796875,60,605.4249620065093,0.055296000093221664,2a33b02b071ff77f0523b22998cb9103b73fe45ef56047ec126969c3f89476d9,True
938,18,48,180,recent_k2,5.6957106590271,73.65267944335938,73.65267944335938,5.6957106590271,0.00344085693359375,341.74261474609375,4419.16064453125,4419.16064453125,60,605.1850337535143,0.055296000093221664,4a58eaddb353fb32c3ec205f9d4c7371e486a42de27e100ff270232c539b4002,True
939,18,48,195,recent_k2,5.71181583404541,43.30609130859375,43.30609130859375,5.71181583404541,0.002292633056640625,342.70892333984375,2598.365234375,2598.365234375,60,605.4015620611608,0.055296000093221664,37c278870d7e3ebc448a8cbcbe3a53f791d33dfba24ec102de664ea5949a2ccb,True
940,18,48,210,recent_k2,4.193625450134277,32.26258087158203,32.26258087158203,4.193625450134277,0.0013675689697265625,251.61752319335938,1935.754638671875,1935.754638671875,60,604.8730369657278,0.05632000043988228,864217a6e65805266d95df3169868e0020070a3588d57efde4ba2dd9c69f272e,True
941,18,48,225,recent_k2,8.457847595214844,157.5452880859375,157.5452880859375,8.457847595214844,0.00530242919921875,507.4708251953125,9452.716796875,9452.716796875,60,604.3020910583436,0.055296000093221664,660965e0071f39e684ad209b7f700a06630433340fd2e655aaa403c3e15163ca,True
942,18,22,30,recent_k2,2.466857433319092,10.072052955627441,10.072052955627441,2.466857433319092,0.0004858970642089844,148.01144409179688,604.3231201171875,604.3231201171875,60,605.3718021139503,0.05427199974656105,a30f154cdefc86ee83c32f8da835b04a696f6c4576fecff611359b7c3b86702d,True
943,18,22,45,recent_k2,8.333267211914062,315.0046081542969,315.0046081542969,8.333267211914062,0.00981903076171875,499.9960021972656,18900.275390625,18900.275390625,60,604.6641780994833,0.0655359998345375,8e3364326898a4d557ea134e4d6aead58c940a73cec048b5535ffa09d20a49b6,True
944,18,22,60,recent_k2,9.06723690032959,138.67906188964844,138.67906188964844,9.06723690032959,0.004558563232421875,544.0341796875,8320.7431640625,8320.7431640625,60,603.7102174013853,0.05532800033688545,5b8054113b7cb9bef1dbdafd8ef6957b0e08cf3c4d4eb83ad204d3d39c2a4d68,True
945,18,22,75,recent_k2,9.654862403869629,150.28526306152344,150.28526306152344,9.654862403869629,0.004840850830078125,579.2916870117188,9017.115234375,9017.115234375,60,605.2448530681431,0.05628800019621849,c31849f3bc990b05d22dcac8786c358b6e79b013912483d4d9f3d633578f497c,True
946,18,22,90,recent_k2,3.1678855419158936,14.487791061401367,14.487791061401367,3.1678855419158936,0.0005574226379394531,190.0731201171875,869.2673950195312,869.2673950195312,60,605.181644205004,0.05427199974656105,207a81c9a88bff6ff6f556eccef97a9a5054035311cc2ba8ca5d25b44bc959e0,True
947,18,22,105,recent_k2,3.0325026512145996,13.656108856201172,13.656108856201172,3.0325026512145996,0.00047969818115234375,181.9501495361328,819.3665161132812,819.3665161132812,60,605.156984180212,0.056352000683546066,a7ae5884bcb7a9fc8d624532fe9d833370536d1745f81a5c9b212107cacdb2be,True
948,18,22,120,recent_k2,2.930659294128418,12.754993438720703,12.754993438720703,2.930659294128418,0.00044798851013183594,175.8395538330078,765.299560546875,765.299560546875,60,604.8888871446252,0.05427199974656105,6541b83b5d0ab0878f9cc68d8049018b36d965c0316ecb540f1140454c22d0df,True
949,18,22,135,recent_k2,2.0061042308807373,7.067086696624756,7.067086696624756,2.0061042308807373,0.0002567768096923828,120.36624145507812,424.0251770019531,424.0251770019531,60,604.3603708967566,0.055296000093221664,983cec1b2f282fed0a2c312341b5d88ee26256788692e48ff590a7195844671d,True
950,18,22,150,recent_k2,3.4607534408569336,36.216487884521484,36.216487884521484,3.4607534408569336,0.0011548995971679688,207.64520263671875,2172.9892578125,2172.9892578125,60,605.7940190657973,0.06348799914121628,4b6c17e2c0558425540a156772c34f7c52b3e47977ba9336adc7308c05ca2604,True
951,18,22,165,recent_k2,6.028556823730469,59.88093948364258,59.88093948364258,6.028556823730469,0.0019283294677734375,361.71337890625,3592.856201171875,3592.856201171875,60,605.0749346613884,0.06348799914121628,d07ea0384caa2522bdc1b210001574313c92222a8d7e5230e42bfd969e87ab14,True
952,18,55,30,recent_k2,9.566113471984863,384.3951416015625,384.3951416015625,9.566113471984863,0.01247406005859375,573.966796875,23063.70703125,23063.70703125,60,605.5734711699188,0.055296000093221664,493d229a90ec6ad220e55aaa8b2e95bfea6875a23b8a4ac8749c598739d07475,True
953,18,55,45,recent_k2,28.099424362182617,2069.63232421875,2069.63232421875,28.099424362182617,0.06463623046875,1685.96533203125,124177.9375,124177.9375,60,611.2846410833299,0.058368001133203506,56b5eca94678ec3f3e218173afe2cca082cd0cb75d7fdd5c740191557158c02b,True
954,18,55,60,recent_k2,22.81561851501465,974.6265869140625,974.6265869140625,22.81561851501465,0.031097412109375,1368.93701171875,58477.59375,58477.59375,60,618.6306159943342,0.05632000043988228,8e78881520e39bf07cbbc4f866b96d79cc0060b8bfd4006cb4e7c920f9da63ad,True
955,18,55,75,recent_k2,2.2258856296539307,10.534680366516113,10.534680366516113,2.2258856296539307,0.0003554821014404297,133.55313110351562,632.080810546875,632.080810546875,60,605.0070761702955,0.06451199948787689,62873558f7a68714d841068ab8bcd26483ab9a5bca3d096d09708afbd674f6e3,True
956,18,55,90,recent_k2,13.513816833496094,286.8193359375,286.8193359375,13.513816833496094,0.01479339599609375,810.8289794921875,17209.16015625,17209.16015625,60,605.3544129244983,0.055296000093221664,6e638c9fbe8550186ec9af00f813be7863edfa2c6938d384953b2d7de12c31ab,True
957,18,55,105,recent_k2,19.183025360107422,541.5973510742188,541.5973510742188,19.183025360107422,0.02337646484375,1150.9814453125,32495.83984375,32495.83984375,60,604.980206117034,0.055296000093221664,1622bd221f97f85bf522d3aafa473a413a77167fb8a8fa46cdbb418cc688ad19,True
958,18,55,120,recent_k2,7.691673278808594,90.7176742553711,90.7176742553711,7.691673278808594,0.004169464111328125,461.5003662109375,5443.06005859375,5443.06005859375,60,606.3118549063802,0.055296000093221664,7ba4d381f4f09a2b640518ee6fd22bb0d8b6fcd528a704476278c954670fa26b,True
959,18,55,135,recent_k2,6.861567974090576,69.10989379882812,69.10989379882812,6.861567974090576,0.002506256103515625,411.6940612792969,4146.59326171875,4146.59326171875,60,605.359073728323,0.055296000093221664,3e9c5af7fc440858e1e2a5747f5865c5c5384a0601e0a9f16f0675e7e3997f1e,True
960,18,55,150,recent_k2,8.059982299804688,91.24101257324219,91.24101257324219,8.059982299804688,0.003887176513671875,483.59893798828125,5474.46044921875,5474.46044921875,60,607.9029911197722,0.05427199974656105,10bb161cf856e508e3f6c716e519a1cc2d1413dcd9ff74727be524b08f3c48d8,True
961,18,55,165,recent_k2,5.339949607849121,45.0447998046875,45.0447998046875,5.339949607849121,0.0020236968994140625,320.39697265625,2702.687744140625,2702.687744140625,60,647.7405829355121,0.05632000043988228,5b9a3942e5aaa857e10d3c6887335879147a77049b3276c3f66871b9c3a4c336,True
962,18,4,30,recent_k2,11.836326599121094,230.93630981445312,230.93630981445312,11.836326599121094,0.0151824951171875,710.1795654296875,13856.177734375,13856.177734375,60,617.1509800478816,0.06348799914121628,ed81ba4f338572b9b016de57248d7f8e09d630d7b10ef4730847f2509e8b5674,True
963,18,4,45,recent_k2,5.033123970031738,40.373085021972656,40.373085021972656,5.033123970031738,0.0012683868408203125,301.9874267578125,2422.385009765625,2422.385009765625,60,609.8594842478633,0.06656000018119812,c3637b7584354c227fa4381ca4995d86f6fba05e2cd6d61549742a496090d70c,True
964,18,4,60,recent_k2,1.9569578170776367,5.529717445373535,5.529717445373535,1.9569578170776367,0.0001856088638305664,117.41746520996094,331.78302001953125,331.78302001953125,60,606.6750017926097,0.058368001133203506,513627d476b96e1e1d6d61c8a72365881167c7e7570221526afee52e25fc8a72,True
965,18,4,75,recent_k2,1.8882579803466797,5.482463836669922,5.482463836669922,1.8882579803466797,0.00017774105072021484,113.29547119140625,328.94781494140625,328.94781494140625,60,608.6323759518564,0.058368001133203506,b1eaaf9918e1d4bb7b53c5a5939629f571c699855911f603f6bf167bdffde015,True
966,18,4,90,recent_k2,12.011399269104004,274.0124816894531,274.0124816894531,12.011399269104004,0.01114654541015625,720.6838989257812,16440.748046875,16440.748046875,60,607.64264408499,0.062463998794555664,bd51fcd11619899ce5ad9eef12bebcf1e23f95359333752e4e039189b4d878ad,True
967,18,4,105,recent_k2,5.386127948760986,41.07828903198242,41.07828903198242,5.386127948760986,0.001399993896484375,323.16766357421875,2464.697265625,2464.697265625,60,606.5922533161938,0.06140799820423126,e34e3b3bc363851825fbcf854b0787d159e3144c8689557096f7dc98664f0c80,True
968,18,4,120,recent_k2,2.4521267414093018,13.079086303710938,13.079086303710938,2.4521267414093018,0.00054931640625,147.12759399414062,784.7451171875,784.7451171875,60,606.3451752997935,0.05734400078654289,a21c24d971028f0517838930fdff798bfc0d07712dd3e4b0b7dd031c2ffc1e97,True
969,18,4,135,recent_k2,5.82277250289917,39.39088821411133,39.39088821411133,5.82277250289917,0.0026035308837890625,349.3663330078125,2363.453125,2363.453125,60,607.3064268566668,0.05632000043988228,ebd395952fae05827febb94a24ac652b21d9cdd18764bcdc5301279e2f30862b,True
970,18,4,150,recent_k2,3.498643398284912,22.486515045166016,22.486515045166016,3.498643398284912,0.0007252693176269531,209.91859436035156,1349.1907958984375,1349.1907958984375,60,606.4565451815724,0.05734400078654289,d5ec3740eeedd44ce4b549da8c43e88072652220023750ec9e9ad414db28dd25,True
971,18,4,165,recent_k2,4.345953464508057,31.68935775756836,31.68935775756836,4.345953464508057,0.0011739730834960938,260.7572021484375,1901.361328125,1901.361328125,60,605.4000137373805,0.05734400078654289,8248dd6d2b48fe87a448bfacb0a8edb8ae3088dff93d5eb1839cc27a1d464633,True
972,18,4,180,recent_k2,3.895871639251709,23.799537658691406,23.799537658691406,3.895871639251709,0.0007853507995605469,233.75228881835938,1427.97216796875,1427.97216796875,60,606.8486808799207,0.055296000093221664,8edd17eaa45965d58a5dcc93966d629247e6f876826b6f72c4b19e7781dcf8a4,True
973,18,45,30,recent_k2,22.212854385375977,903.1963500976562,903.1963500976562,22.212854385375977,0.0287322998046875,1332.771240234375,54191.77734375,54191.77734375,60,607.0252391509712,0.05632000043988228,59eefffddde0b980f4b4acd9c767ca555265703eadcda384665793296e5d279a,True
974,18,45,45,recent_k2,9.889348983764648,338.07415771484375,338.07415771484375,9.889348983764648,0.0123291015625,593.3609008789062,20284.44921875,20284.44921875,60,614.45132503286,0.060416001826524734,5d8667739d50f18104349b9722f2c251fd2835297083235d91055f49c48e5aeb,True
975,18,45,60,recent_k2,25.19049835205078,1166.8016357421875,1166.8016357421875,25.19049835205078,0.041656494140625,1511.4298095703125,70008.09375,70008.09375,60,604.9303179606795,0.062463998794555664,c2bb0861f042716b708d874a56f5d5724391f69083b73880a86cd3c7fcde2679,True
976,18,45,75,recent_k2,17.6301212310791,575.28076171875,575.28076171875,17.6301212310791,0.02032470703125,1057.8072509765625,34516.84375,34516.84375,60,607.7473629266024,0.05632000043988228,4b995ad622c4c53603ee57790b26e5bcb53476404235f67c464e7fa338abfdd7,True
977,18,45,90,recent_k2,12.837610244750977,451.0665283203125,451.0665283203125,12.837610244750977,0.014312744140625,770.256591796875,27063.990234375,27063.990234375,60,605.8000102639198,0.05734400078654289,2f01854d0b05ebfc28737685b34ddda21faf1d03a820e54caec157676be33aef,True
978,18,45,105,recent_k2,13.734440803527832,515.0492553710938,515.0492553710938,13.734440803527832,0.01629638671875,824.06640625,30902.955078125,30902.955078125,60,606.8251919932663,0.056384000927209854,97087083c3718ef324b0ada4f5de14782faeaa13d4c5336daf4d7e846bd26708,True
979,18,45,120,recent_k2,2.4157073497772217,8.612277030944824,8.612277030944824,2.4157073497772217,0.00036025047302246094,144.9424285888672,516.736572265625,516.736572265625,60,624.7393246740103,0.06963200122117996,bcb1a0367b12891b10b5c81a5092bace56f5a9ca039899033ec891f7dbb26e00,True
980,18,45,135,recent_k2,3.416550397872925,13.795099258422852,13.795099258422852,3.416550397872925,0.0007457733154296875,204.99301147460938,827.7059326171875,827.7059326171875,60,607.794732786715,0.062463998794555664,58dafb2d7d09cd5b30add3352838bd9a46448ad4ff4ebbf040acbd65964b7b76,True
981,18,45,150,recent_k2,3.045722723007202,11.796581268310547,11.796581268310547,3.045722723007202,0.0004756450653076172,182.74334716796875,707.7948608398438,707.7948608398438,60,644.2528245970607,0.055296000093221664,d943b91e839a226ed40c710f6c52ecca10b8fec2c56ebf285110458d5a1ae615,True
982,18,45,165,recent_k2,4.567789554595947,50.4166145324707,50.4166145324707,4.567789554595947,0.0020694732666015625,274.0673522949219,3024.996826171875,3024.996826171875,60,616.8491239659488,0.06758400052785873,fd42b503b419c9e5a7b75009ff5cf0a0022b9a0cbb5d109d03d1a55073204677,True
983,18,60,30,recent_k2,7.035905361175537,92.92725372314453,92.92725372314453,7.035905361175537,0.0030422210693359375,422.154296875,5575.634765625,5575.634765625,60,608.2792798988521,0.06348799914121628,0d416fd3d72a301db6c0f76d66cde1f5f69a2fdc189a43242a5cd639226538b7,True
984,18,60,45,recent_k2,1.3158904314041138,2.4634604454040527,2.4634604454040527,1.3158904314041138,0.0001437664031982422,78.95342254638672,147.8076171875,147.8076171875,60,608.8251047767699,0.05734400078654289,e5163e00a4e120b924391facf02298c6126e65be9069e24002827f2b72079168,True
985,18,60,60,recent_k2,2.434161901473999,9.558913230895996,9.558913230895996,2.434161901473999,0.00030803680419921875,146.04971313476562,573.5347900390625,573.5347900390625,60,608.5422271862626,0.05632000043988228,17ea678aff670e4518eca204ddbc04e4043466e5d84036a41828a71784fee677,True
986,18,60,75,recent_k2,9.085721015930176,299.5195007324219,299.5195007324219,9.085721015930176,0.01024627685546875,545.1432495117188,17971.169921875,17971.169921875,60,613.248486071825,0.055296000093221664,40749823364307f4fc2bcd67bd056832f7a4be54dfdb4b0d3df28f5b0562e613,True
987,18,60,90,recent_k2,11.609149932861328,245.8140411376953,245.8140411376953,11.609149932861328,0.00830078125,696.5489501953125,14748.841796875,14748.841796875,60,616.0090416669846,0.07273600250482559,03e1e6607e68eff8823fb61b004c29fece63cd4036d6e5b76d5703f97d1d394a,True
988,18,60,105,recent_k2,22.261781692504883,1325.6187744140625,1325.6187744140625,22.261781692504883,0.04193115234375,1335.706787109375,79537.125,79537.125,60,622.5042752921581,0.07577600330114365,5cc50c31f2a794fb1d9b0bccc86a3ee3d7bb4007e51c86ed43b4a69f80edd7c8,True
989,18,60,120,recent_k2,11.917110443115234,264.2339782714844,264.2339782714844,11.917110443115234,0.0087127685546875,715.026611328125,15854.037109375,15854.037109375,60,601.6611279919744,0.06143999844789505,dcdfbe47f6908a369f11b58ab6708a9782b02cbe86f9fb2070d131ea983afed6,True
990,18,60,135,recent_k2,2.0241401195526123,5.308852195739746,5.308852195739746,2.0241401195526123,0.00023508071899414062,121.44839477539062,318.5311279296875,318.5311279296875,60,601.4675493352115,0.055296000093221664,72cdb4db5110e4e0f5f7f83e2ad84936bd39821994795568ca3781bafd662be1,True
991,18,60,150,recent_k2,1.6541861295700073,3.846653938293457,3.846653938293457,1.6541861295700073,0.00014472007751464844,99.25115966796875,230.79922485351562,230.79922485351562,60,607.7666538767517,0.055296000093221664,0b5e32684a2d263a93e2931978d0a8c86593db62ea73c0987d39ce21bdf25980,True
992,18,60,165,recent_k2,5.670120716094971,65.92919921875,65.92919921875,5.670120716094971,0.0022296905517578125,340.20721435546875,3955.751953125,3955.751953125,60,611.478861887008,0.055296000093221664,071f52ea7e1c32918c15e8ce8b21637979998dce4d84629aa1704239be464cb2,True
993,18,26,30,recent_k2,17.356409072875977,728.7030029296875,728.7030029296875,17.356409072875977,0.0262451171875,1041.384521484375,43722.1796875,43722.1796875,60,618.5165611095726,0.055296000093221664,ccc24b6e797861431254de8c8fafb8d13e741ca32219add4ebe40aed15db0865,True
994,18,26,45,recent_k2,30.39581871032715,2552.20947265625,2552.20947265625,30.39581871032715,0.08062744140625,1823.7490234375,153132.5625,153132.5625,60,615.6833162531257,0.06143999844789505,797cc73e09d11b836e07a7332ecc075c7156a62b0524bd69f4263d22cf23d070,True
995,18,26,60,recent_k2,46.22077941894531,5299.67529296875,5133.50439453125,46.22077941894531,0.172119140625,2773.24658203125,317980.5,308010.25,60,670.4170759767294,0.06143999844789505,09461020c72e566bba2ebe650c7e90ae2f34b019f6f1b888d4f6dfa96185d8f0,True
996,18,26,75,recent_k2,26.498170852661133,17595.61328125,1914.2484130859375,26.498170852661133,0.54833984375,1589.89013671875,1055736.75,114854.8984375,60,659.9101289175451,0.07065600156784058,82b3625908b800cb6338718ff0df8eadd257fa185fdb39b5d33c6d3e6e4ad0b1,True
997,18,26,90,recent_k2,8.559779167175293,127.2545166015625,127.2545166015625,8.559779167175293,0.00495147705078125,513.5867309570312,7635.2705078125,7635.2705078125,60,678.8693629205227,0.0798719972372055,c46b6e245519e77117990787305de86cdfdc9dca77277ca9d700087666214700,True
998,18,26,105,recent_k2,7.975870132446289,104.38018798828125,104.38018798828125,7.975870132446289,0.004390716552734375,478.55218505859375,6262.81103515625,6262.81103515625,60,626.0408153757453,0.06252799928188324,09994ece4d1de93f4d2466250992c0bc5e2ae1a96e577c1e74475bc0c05de082,True
999,18,26,120,recent_k2,14.67809772491455,412.4828796386719,412.4828796386719,14.67809772491455,0.0156097412109375,880.685791015625,24748.970703125,24748.970703125,60,640.4875079169869,0.0727040022611618,b96357b8105947d51b4b03d27df5798963e6ea90ca86217257dda6457721f19c,True
1000,18,26,135,recent_k2,12.663284301757812,327.90325927734375,327.90325927734375,12.663284301757812,0.0119171142578125,759.7969970703125,19674.1953125,19674.1953125,60,621.7195820063353,0.06758400052785873,a1d86857bc629c94a6ebd7b86249dfb0586af87dd080dd2e1be28613318661ae,True
1001,18,26,150,recent_k2,21.419898986816406,605.063720703125,605.063720703125,21.419898986816406,0.025482177734375,1285.19384765625,36303.8203125,36303.8203125,60,604.0427568368614,0.06348799914121628,5f6275131e4f1b51a905a608ecb3be5bcbcb0257dfdef431179e079a3edd2c46,True
1002,18,26,165,recent_k2,11.22376537322998,395.9621276855469,395.9621276855469,11.22376537322998,0.0152130126953125,673.4259033203125,23757.7265625,23757.7265625,60,606.443006079644,0.05632000043988228,ea730ffdd0ddc32e5a6d9b32c605cf07aeaaea5054d1e8948b7f96c3d24e4504,True
1003,18,21,30,recent_k2,6.727199077606201,147.5226593017578,147.5226593017578,6.727199077606201,0.00460052490234375,403.6319274902344,8851.359375,8851.359375,60,645.2954867854714,0.06348799914121628,1133fa0a4c8a727edcf987fd051630cdde70954172ca6cce9e818f04fe77d295,True
1004,18,21,45,recent_k2,16.05076789855957,676.8023681640625,676.8023681640625,16.05076789855957,0.02203369140625,963.0460205078125,40608.140625,40608.140625,60,707.3439341038465,0.06451199948787689,b1ef5ef4a85d1cd47ffc71d0d92ba0bb2ea566c7232533925663efd56eefb045,True
1005,18,21,60,recent_k2,6.357072830200195,82.61225128173828,82.61225128173828,6.357072830200195,0.0025997161865234375,381.4243469238281,4956.73486328125,4956.73486328125,60,664.9715341627598,0.06758400052785873,2a85f3b9bcd03570886a0b0b43175f50bef364e1dd2a134e59b1b8d54a5749ee,True
1006,18,21,75,recent_k2,5.55712366104126,64.41287231445312,64.41287231445312,5.55712366104126,0.0022602081298828125,333.4273986816406,3864.77197265625,3864.77197265625,60,620.4383540898561,0.07065600156784058,935a5c2773ec9639e48cc3479719c7a3615e145bb87529583f8f74b96cf7ed14,True
1007,18,21,90,recent_k2,20.649715423583984,847.1810913085938,847.1810913085938,20.649715423583984,0.0284271240234375,1238.98291015625,50830.86328125,50830.86328125,60,602.9195380397141,0.06137600168585777,92ba823783d96b7d80c98cccc229abad59452be78f549669fd27339dc9f59fa1,True
1008,18,21,105,recent_k2,19.81678581237793,839.4989013671875,839.4989013671875,19.81678581237793,0.02655029296875,1189.007080078125,50369.9296875,50369.9296875,60,602.352733258158,0.05632000043988228,2fdc7d17c1d55824f713cc43a71edbf20e934c31315a0d9b816c3884c6d4fba6,True
1009,18,21,120,recent_k2,1.604109287261963,3.6157314777374268,3.6157314777374268,1.604109287261963,0.0002435445785522461,96.24655151367188,216.94387817382812,216.94387817382812,60,604.4043251313269,0.05427199974656105,8d66b6e927a23f68c8adca406f7a990ebdaccbded4883f204fa2e956c908ae4a,True
1010,18,21,135,recent_k2,3.322545051574707,23.090097427368164,23.090097427368164,3.322545051574707,0.0008058547973632812,199.35269165039062,1385.40576171875,1385.40576171875,60,603.8639689795673,0.0655359998345375,21950afa7048f676cd104f9a48f784ba6da96bd1ce9dee9b82ffe1e1f877f570,True
1011,18,21,150,recent_k2,7.179747104644775,129.1613311767578,129.1613311767578,7.179747104644775,0.004634857177734375,430.7847900390625,7749.67919921875,7749.67919921875,60,603.1230958178639,0.05532800033688545,17dbafb0b75d143ab82e5bd7e879ce8a2d09e52e4ce55283d4b24e085bff6c58,True
1012,18,21,165,recent_k2,4.423503875732422,27.204050064086914,27.204050064086914,4.423503875732422,0.0009484291076660156,265.41021728515625,1632.242919921875,1632.242919921875,60,599.8541247099638,0.05427199974656105,dbeee5fd27d7460751bc324f13a9854924f921fa8a19a106c896b338811b4323,True
1013,18,44,30,recent_k2,9.961109161376953,183.20448303222656,183.20448303222656,9.961109161376953,0.00568389892578125,597.66650390625,10992.2685546875,10992.2685546875,60,603.1993259675801,0.055296000093221664,08e397dc5d2a9c2d5889951ab3e3250beab3c08d5c353615913a58c4499eb5c8,True
1014,18,44,45,recent_k2,3.9387102127075195,21.158327102661133,21.158327102661133,3.9387102127075195,0.0011768341064453125,236.32260131835938,1269.49951171875,1269.49951171875,60,604.8865909688175,0.055296000093221664,3de082a27533e383fb4f918ebd7dbc5baa865ad13fde8e1272f8706d567ce152,True
1015,18,44,60,recent_k2,3.457822561264038,16.757898330688477,16.757898330688477,3.457822561264038,0.0007529258728027344,207.46934509277344,1005.473876953125,1005.473876953125,60,604.9390002153814,0.05734400078654289,84534b899974ed3caf8afd997fefe87d02f5e229415fd8327239ca290cd1ba30,True
1016,18,44,75,recent_k2,13.529437065124512,438.1814270019531,438.1814270019531,13.529437065124512,0.0141754150390625,811.7661743164062,26290.884765625,26290.884765625,60,606.3259076327085,0.05427199974656105,1a8f97bc4c5d1821cc784164da06e08937d81df98cbac5c9dec384533cd55506,True
1017,18,44,90,recent_k2,11.791419982910156,517.8053588867188,517.8053588867188,11.791419982910156,0.0162811279296875,707.4851684570312,31068.318359375,31068.318359375,60,606.3630180433393,0.055296000093221664,d0159054d1f72018d2828cb0206ffe04a65d980f00c346e138998f5964687b6a,True
1018,18,44,105,recent_k2,24.132326126098633,1054.9810791015625,1054.9810791015625,24.132326126098633,0.035614013671875,1447.939453125,63298.86328125,63298.86328125,60,605.1488178782165,0.055296000093221664,beda22cb800ad637b990f14f3801702654a1127f7e38e19601db11b808493ce9,True
1019,18,44,120,recent_k2,15.110785484313965,352.5967102050781,352.5967102050781,15.110785484313965,0.0126800537109375,906.6470947265625,21155.80078125,21155.80078125,60,604.5348336920142,0.055296000093221664,257cb8e1ce7e1ead343e8213aa8bc4f44a420a7cecddaf28c8a27d87a317fc16,True
1020,18,44,135,recent_k2,5.713680267333984,52.849342346191406,52.849342346191406,5.713680267333984,0.0020599365234375,342.82080078125,3170.96044921875,3170.96044921875,60,605.0563487224281,0.05734400078654289,33fc8ac86ef893cbb95de303ef04d3c26eae302c6e473f355e670ce57609dfb1,True
1021,18,44,150,recent_k2,11.027433395385742,337.7653503417969,337.7653503417969,11.027433395385742,0.010955810546875,661.64599609375,20265.919921875,20265.919921875,60,604.7538723796606,0.055296000093221664,f0a4ffb9c08d9f356378b0760fd1cad06591da391ee3eeb704737103eafb4640,True
1022,18,44,165,recent_k2,11.888418197631836,326.51751708984375,326.51751708984375,11.888418197631836,0.01026153564453125,713.3050537109375,19591.05078125,19591.05078125,60,605.2019079215825,0.055296000093221664,5258deb68ff42664f4df063d6f4e217aeed9dea30fff6f4c07ff47152737bc7d,True
1023,18,44,180,recent_k2,3.38128924369812,14.239043235778809,14.239043235778809,3.38128924369812,0.0006594657897949219,202.87734985351562,854.342529296875,854.342529296875,60,604.8993710428476,0.05427199974656105,6ebe79e31422bdf7527f6428c14e706cc8da3d752bb262d903940dabb2a9da79,True
1024,18,44,195,recent_k2,5.959410190582275,79.80192565917969,79.80192565917969,5.959410190582275,0.0035533905029296875,357.5646057128906,4788.115234375,4788.115234375,60,605.235428083688,0.05632000043988228,e76c2dd1ff405836b61e1af8a6349c3c7eccd92b87e675227d822e09c902e077,True
1025,18,44,210,recent_k2,5.848873138427734,59.294437408447266,59.294437408447266,5.848873138427734,0.0021762847900390625,350.932373046875,3557.666015625,3557.666015625,60,604.9081911332905,0.05532800033688545,5db1e508f88be156c92867b1efb85c75e5a9eae8effc0d08f0de2d017aefaf79,True
1026,18,44,225,recent_k2,6.841109752655029,65.77615356445312,65.77615356445312,6.841109752655029,0.0026340484619140625,410.466552734375,3946.56884765625,3946.56884765625,60,604.8361416906118,0.055296000093221664,ceadf7e195c6e58294bca883194d502c08bd0121faff1c01a447c75e4d5d8992,True
1027,18,23,30,recent_k2,18.55068016052246,908.3599243164062,908.3599243164062,18.55068016052246,0.028167724609375,1113.040771484375,54501.59375,54501.59375,60,604.235497303307,0.05632000043988228,954fc7df02be421ac77a14ef886f680d4d1842691b047efe2a7827ca13a57a0f,True
1028,18,23,45,recent_k2,13.416707992553711,454.45843505859375,454.45843505859375,13.416707992553711,0.0141143798828125,805.00244140625,27267.50390625,27267.50390625,60,606.354549061507,0.05427199974656105,00ae7173bd0c38e5d9fe462f453203cc88f75a74afa9c710626f638cb9d5a463,True
1029,18,23,60,recent_k2,15.119696617126465,440.3434753417969,440.3434753417969,15.119696617126465,0.01416778564453125,907.1817626953125,26420.607421875,26420.607421875,60,605.1420192234218,0.055296000093221664,21c3c88a7454b3cb7a81a7094f37e34035d15282e9dfacbeb1b8fcaca7660b8b,True
1030,18,23,75,recent_k2,20.24998664855957,676.0193481445312,676.0193481445312,20.24998664855957,0.0228424072265625,1214.9991455078125,40561.16015625,40561.16015625,60,605.6412849575281,0.055296000093221664,2e33db492b6202a80dd7a0193d781df09f4d8cb6c136fb0326aeff784de85bc0,True
1031,18,23,90,recent_k2,9.804380416870117,195.23638916015625,195.23638916015625,9.804380416870117,0.007053375244140625,588.2628173828125,11714.1826171875,11714.1826171875,60,605.0689499825239,0.05427199974656105,c094a03820afc0da169061de20abee247209c46faffbc5381aa7f93b1da71965,True
1032,18,23,105,recent_k2,19.10626792907715,745.3622436523438,745.3622436523438,19.10626792907715,0.032470703125,1146.3759765625,44721.73046875,44721.73046875,60,605.1682787947357,0.05632000043988228,6a61b052bb08ef344ab02e92e9a5e9585467d3f3f4e1ea516c759274e993eea7,True
1033,18,23,120,recent_k2,15.569546699523926,362.4789123535156,362.4789123535156,15.569546699523926,0.02313232421875,934.1727294921875,21748.734375,21748.734375,60,607.0835329592228,0.055296000093221664,1078fac5bd91fa8c1c9ca17e11b9269c90ef3f302dd87ec1b1346e3a0678fbb5,True
1034,18,23,135,recent_k2,14.614169120788574,591.9522705078125,591.9522705078125,14.614169120788574,0.020294189453125,876.85009765625,35517.1328125,35517.1328125,60,605.8015730232,0.055296000093221664,bb84e3d63b10a76783fb9f43d93f87e45f74844d187620a87b6ddf92b554caec,True
1035,18,23,150,recent_k2,16.359106063842773,674.4659423828125,674.4659423828125,16.359106063842773,0.02227783203125,981.5462646484375,40467.953125,40467.953125,60,604.9873209558427,0.062463998794555664,0a274ed9af331608031174af14243414692e763f9202324ac4a6cb47ad9361ed,True
1036,18,23,165,recent_k2,19.242877960205078,685.46923828125,685.46923828125,19.242877960205078,0.0223236083984375,1154.5726318359375,41128.15234375,41128.15234375,60,605.0384701229632,0.055296000093221664,56483fb888dc012e2005c1e46195b73c2f860ca89f0a0ac1d97041740fae574b,True
1037,18,53,30,recent_k2,44.74505615234375,3728.818359375,3728.818359375,44.74505615234375,0.1578369140625,2684.703125,223729.09375,223729.09375,60,604.7125337645411,0.055296000093221664,b1c11104a624028e9d7fc2e797b94eea53241451c1eb602ae78c00b56480ff1d,True
1038,18,53,45,recent_k2,27.722471237182617,1469.547607421875,1469.547607421875,27.722471237182617,0.0482177734375,1663.34814453125,88172.8515625,88172.8515625,60,605.3944570012391,0.055296000093221664,8802f8707dac7e5fb96845832276eeee4e80b7106c296a6206a4485b4e6fdf03,True
1039,18,53,60,recent_k2,38.21982192993164,5985.26171875,4920.43994140625,38.21982192993164,0.1893310546875,2293.189208984375,359115.6875,295226.375,60,605.1621688529849,0.06451199948787689,2c305030a8729f5fb6cc6936f5df653229eb85e430d92257c33d41147f089df7,True
1040,18,53,75,recent_k2,9.916801452636719,213.92764282226562,213.92764282226562,9.916801452636719,0.007266998291015625,595.008056640625,12835.658203125,12835.658203125,60,605.2027600817382,0.055296000093221664,b31838377a313726b72d761ad6e84b3ea2c073aa0235669c1c9372154f9511fa,True
1041,18,53,90,recent_k2,22.966638565063477,1625.5601806640625,1625.5601806640625,22.966638565063477,0.05035400390625,1377.998291015625,97533.609375,97533.609375,60,605.1543802022934,0.05632000043988228,c40a1ccc89f87454d2b0675a5634cb1bf8be5a9299bb9339c6a5836eb18fcd70,True
1042,18,53,105,recent_k2,4.737782001495361,52.72665023803711,52.72665023803711,4.737782001495361,0.0016832351684570312,284.26690673828125,3163.598876953125,3163.598876953125,60,604.6735537238419,0.05632000043988228,436a71f524cab393945b457f4acb73faac33db28a821fa09b813cd8c893e9b9f,True
1043,18,53,120,recent_k2,14.683018684387207,549.0697021484375,549.0697021484375,14.683018684387207,0.0177764892578125,880.9810791015625,32944.1796875,32944.1796875,60,605.2045589312911,0.06348799914121628,638ecb7920dfedce62f1620bed56f224b529bf39e6d3305a598e1332891911b4,True
1044,18,53,135,recent_k2,5.910516738891602,45.09942626953125,45.09942626953125,5.910516738891602,0.0018663406372070312,354.6309814453125,2705.96533203125,2705.96533203125,60,606.0139429755509,0.055296000093221664,c91fd30301e312f682613fdad12719e7f48d6803dee3c44c5d7c434a176a8a10,True
1045,18,53,150,recent_k2,16.136138916015625,818.7290649414062,818.7290649414062,16.136138916015625,0.026885986328125,968.1683349609375,49123.7421875,49123.7421875,60,605.1675099879503,0.055296000093221664,c090a93b6fcc997b274e824287f65e3658e0ae9051a5685f736cfd0e2132929c,True
1046,18,53,165,recent_k2,21.033111572265625,1169.635498046875,1169.635498046875,21.033111572265625,0.037353515625,1261.986572265625,70178.125,70178.125,60,605.5790060199797,0.055296000093221664,debb36ea98f4148c6322985932150fe46fef9e9fe0ba427a52535f00595ef934,True
1047,18,84,30,recent_k2,33.885311126708984,1848.4239501953125,1848.4239501953125,33.885311126708984,0.062744140625,2033.11865234375,110905.4296875,110905.4296875,60,605.6814049370587,0.055296000093221664,1d6db56a8f051a08fdb84fa626f626d07911c0470d764ed79e270ae6cd1700c2,True
1048,18,84,45,recent_k2,32.92267990112305,2456.174072265625,2456.174072265625,32.92267990112305,0.09027099609375,1975.3607177734375,147370.4375,147370.4375,60,605.517887044698,0.055296000093221664,5816c46dfd1519766959ccd53263d81b958a7661a2ac8a2e13796e5b759ef8ba,True
1049,18,84,60,recent_k2,17.176090240478516,461.47625732421875,461.47625732421875,17.176090240478516,0.021240234375,1030.5653076171875,27688.57421875,27688.57421875,60,606.0776319354773,0.05632000043988228,cf5f061d45dee4e64d081b38fd57cb5c170937220244c8372ea8cd25e582fb52,True
1050,18,84,75,recent_k2,15.732778549194336,309.6177978515625,309.6177978515625,15.732778549194336,0.01160430908203125,943.9666748046875,18577.06640625,18577.06640625,60,614.1154719516635,0.0655680000782013,25c3abf11a9a2b1c73acf4b61359d2e97cfa62e6631d1315cf0b242728a99349,True
1051,18,84,90,recent_k2,4.485945701599121,36.6203498840332,36.6203498840332,4.485945701599121,0.001308441162109375,269.15673828125,2197.220947265625,2197.220947265625,60,606.0862420126796,0.05632000043988228,018df89d29227ce2881c438ef2d637a9bac764d31cf78942bafcad397bcf5ba3,True
1052,18,84,105,recent_k2,7.817448139190674,113.21419525146484,113.21419525146484,7.817448139190674,0.00823211669921875,469.046875,6792.8515625,6792.8515625,60,600.9370372630656,0.055296000093221664,247c564b749aae33293cb4785f20c131ab1d411202dfa04070d7e6b3c982664a,True
1053,18,84,120,recent_k2,11.968756675720215,186.8423309326172,186.8423309326172,11.968756675720215,0.00811004638671875,718.1253662109375,11210.5390625,11210.5390625,60,601.1458146385849,0.055296000093221664,3b779166d0f4f3add0c7022c4d5c752873704846c8ead88105e9dc32e7cef680,True
1054,18,84,135,recent_k2,4.025095462799072,30.215375900268555,30.215375900268555,4.025095462799072,0.0010671615600585938,241.50570678710938,1812.9224853515625,1812.9224853515625,60,600.4750318825245,0.05427199974656105,4da67bcc91517046ff05245d194314b6b3aa39d8f88f85b081ea847db540a9c1,True
1055,18,84,150,recent_k2,8.363941192626953,111.22645568847656,111.22645568847656,8.363941192626953,0.004619598388671875,501.8364562988281,6673.5869140625,6673.5869140625,60,601.9216477870941,0.05427199974656105,6d1b7fc7555a9ed2e5f4b9ffa8892a480d0815124e156939060c130cb7d71e1c,True
1056,18,84,165,recent_k2,5.833320140838623,56.78150177001953,56.78150177001953,5.833320140838623,0.0023212432861328125,349.9991760253906,3406.889892578125,3406.889892578125,60,601.0808567516506,0.062463998794555664,a3cf0c54d56fab6bb2df31e6024526ccb0e90b980296f937e89b8fe4f8862ae5,True
1057,18,59,30,recent_k2,20.858070373535156,768.0488891601562,768.0488891601562,20.858070373535156,0.0289306640625,1251.484130859375,46082.9296875,46082.9296875,60,605.9891139157116,0.05628800019621849,2c6eabc8ffd4c4261e874f55cd71f97af8f19584a55a39c9d6526fc198a75afd,True
1058,18,59,45,recent_k2,5.487754821777344,46.15040969848633,46.15040969848633,5.487754821777344,0.002536773681640625,329.2652587890625,2769.0244140625,2769.0244140625,60,606.550017837435,0.062463998794555664,77576d2e7c21914689af73b0fee4088c9154fb803213240801483d6e6a4727ef,True
1059,18,59,60,recent_k2,4.910182952880859,53.6286735534668,53.6286735534668,4.910182952880859,0.0019130706787109375,294.6109619140625,3217.72021484375,3217.72021484375,60,606.2589213252068,0.05632000043988228,0f30f1dfe3395c01e983b6a155296da3cb5a3bf4ca63675cb814326d9b46be01,True
1060,18,59,75,recent_k2,10.107213973999023,188.81863403320312,188.81863403320312,10.107213973999023,0.00789642333984375,606.4328002929688,11329.1171875,11329.1171875,60,606.0268930159509,0.06656000018119812,288f166d8aad0a4970c1629b20eb86354d3fb4a41718a850329823fcd6ce3489,True
1061,18,59,90,recent_k2,15.125740051269531,319.9698486328125,319.9698486328125,15.125740051269531,0.01160430908203125,907.5443725585938,19198.189453125,19198.189453125,60,604.6399362385273,0.058368001133203506,3d13ea2b9d1c2880f0b37959da2c82c8760a9a0800c1187542942495cbbbc038,True
1062,18,59,105,recent_k2,5.849129676818848,70.33858489990234,70.33858489990234,5.849129676818848,0.002414703369140625,350.94775390625,4220.31494140625,4220.31494140625,60,606.1094431206584,0.05632000043988228,7dec161c4dc18c818db87dc0d2a16cdab00f84fe5a03464efd7a1fc74b47d192,True
1063,18,59,120,recent_k2,12.999938011169434,392.8800354003906,392.8800354003906,12.999938011169434,0.0128021240234375,779.9962158203125,23572.80078125,23572.80078125,60,607.7559380792081,0.055296000093221664,78198eb34594a4e62cde7ff472d1682760d5f292438a886f9f873a740c6acef9,True
1064,18,59,135,recent_k2,1.4803245067596436,3.9884133338928223,3.9884133338928223,1.4803245067596436,0.00022494792938232422,88.81946563720703,239.30479431152344,239.30479431152344,60,604.6879952773452,0.055296000093221664,9b66c05d420c91b17b2434e8c120c317cf9ea4e80595ab51dc009af319de5822,True
1065,18,59,150,recent_k2,5.140381336212158,56.02042007446289,56.02042007446289,5.140381336212158,0.0019388198852539062,308.4228515625,3361.22509765625,3361.22509765625,60,605.3021387197077,0.05427199974656105,8c0809402a4f957a584a0e17fd4a71ff1122fa6fc57feb5fd15d42d096232b56,True
1066,18,59,165,recent_k2,5.473104953765869,61.085174560546875,61.085174560546875,5.473104953765869,0.00217437744140625,328.38629150390625,3665.1103515625,3665.1103515625,60,610.1806173101068,0.05427199974656105,dc6edbd31b569cd78def81d2457588b707bad42e4a8c5759e00fa64fe48b706b,True
1067,18,49,30,recent_k2,32.64480209350586,5043.43603515625,2022.12353515625,32.64480209350586,0.1798095703125,1958.68798828125,302606.15625,121327.40625,60,602.6794733479619,0.05632000043988228,428409bb8c91a2b65f9f5c19b2d4dcf91c58720cd161b6496873b6741c45c317,True
1068,18,49,45,recent_k2,45.71659469604492,21721.955078125,3961.043701171875,45.71659469604492,0.68212890625,2742.99560546875,1303317.25,237662.609375,60,599.9768660403788,0.0551999993622303,d99459cef848b0471622696b54b16416cb027c9de68c216512c9492d29c35a9c,True
1069,18,49,60,recent_k2,9.819361686706543,172.9868621826172,172.9868621826172,9.819361686706543,0.007152557373046875,589.1616821289062,10379.2109375,10379.2109375,60,605.4685483686626,0.05740800127387047,f54c32e8b7cf889c31ff27d24a23fa4ccc9c43067eb427c7f2e12c575c17488e,True
1070,18,49,75,recent_k2,14.254807472229004,401.6104736328125,401.6104736328125,14.254807472229004,0.01519775390625,855.2883911132812,24096.626953125,24096.626953125,60,605.8113458566368,0.062463998794555664,72d340cf951050784b6a200317d0fc077fa67f7d0e819dc018f41905b77758b2,True
1071,18,49,90,recent_k2,12.591043472290039,295.8811340332031,295.8811340332031,12.591043472290039,0.01401519775390625,755.4625854492188,17752.8671875,17752.8671875,60,607.1198750287294,0.055296000093221664,b02668f20f3e037abe8eb8d1ae59f9116ebab02320ec94fffa1b82391dcbfc19,True
1072,18,49,105,recent_k2,23.506874084472656,1577.285888671875,1577.285888671875,23.506874084472656,0.048980712890625,1410.412353515625,94637.1484375,94637.1484375,60,602.6318036019802,0.05427199974656105,fc77e3c7dc5477e1a38ce0c6df5e8425e4e177ab7682fe14e2eb6e0976c77be7,True
1073,18,49,120,recent_k2,14.060623168945312,364.8863525390625,364.8863525390625,14.060623168945312,0.01134490966796875,843.6373291015625,21893.1796875,21893.1796875,60,606.1750422231853,0.055296000093221664,ed5cd582804ecd5e185b72a125c83d993529cd11bc74a1411e8d3642a44ca3a1,True
1074,18,49,135,recent_k2,12.453598022460938,299.09722900390625,299.09722900390625,12.453598022460938,0.0092620849609375,747.2158203125,17945.83203125,17945.83203125,60,603.8589929230511,0.055296000093221664,479857cc1c1d6ffde2e36ee6f8773a38e02d74e97f0c32c8bb6925f55af98bfe,True
1075,18,49,150,recent_k2,8.463836669921875,115.60729217529297,115.60729217529297,8.463836669921875,0.0036869049072265625,507.8301696777344,6936.43701171875,6936.43701171875,60,605.08280294016,0.055296000093221664,f8268d72d94b39eb3ff8b777d0d9e9fcab13549d45ab608300725c705ff9d3e2,True
1076,18,49,165,recent_k2,9.262545585632324,115.53874206542969,115.53874206542969,9.262545585632324,0.00665283203125,555.752685546875,6932.32421875,6932.32421875,60,607.0092860609293,0.055296000093221664,e3043ebbbf00862ab78d7f169cb648dd246b803415d24593d03ab146f472630d,True
1077,18,49,180,recent_k2,15.138849258422852,298.2258605957031,298.2258605957031,15.138849258422852,0.017303466796875,908.3309326171875,17893.55078125,17893.55078125,60,606.570360250771,0.06140799820423126,6dba9d63e8952645fb07f0d5182bd9a32a15dac3c90ca1b1677488ba62e71f36,True
1078,18,49,195,recent_k2,7.609745502471924,95.57010650634766,95.57010650634766,7.609745502471924,0.0036602020263671875,456.584716796875,5734.2060546875,5734.2060546875,60,604.634016752243,0.05632000043988228,a77c23644bca5b92397d58b3ce3cac7acbe3e262609adea848e5f816e05e9dba,True
1079,18,49,210,recent_k2,6.976917743682861,114.65660095214844,114.65660095214844,6.976917743682861,0.00354766845703125,418.61505126953125,6879.3955078125,6879.3955078125,60,604.751595761627,0.055296000093221664,c4ea3a7510fb78f5092f3382fb80283bbd8cbe799826d4b05f4477037ab79c76,True
1080,18,7,30,recent_k2,41.25530242919922,3512.0625,3512.0625,41.25530242919922,0.11273193359375,2475.318115234375,210723.734375,210723.734375,60,605.7406668551266,0.055296000093221664,c23b5fc29b7e7d52e50a89377e8f72d8f1c414ed6d56656da5382e8900482a87,True
1081,18,7,45,recent_k2,5.963656902313232,69.36605072021484,69.36605072021484,5.963656902313232,0.0023288726806640625,357.81939697265625,4161.962890625,4161.962890625,60,606.695638038218,0.055296000093221664,b14e0923c3afb946cee87955925a0d1faa4d7bbf0cefcf7a0b417736762438f9,True
1082,18,7,60,recent_k2,4.004737854003906,30.95136833190918,30.95136833190918,4.004737854003906,0.0011148452758789062,240.28427124023438,1857.08203125,1857.08203125,60,605.4483489133418,0.055296000093221664,dc3bb98c7fb3e519feff48a972eedf3629dc6d49d8f4fc1a9986e1f6b4a90832,True
1083,18,7,75,recent_k2,12.956863403320312,560.1408081054688,560.1408081054688,12.956863403320312,0.0198516845703125,777.4117431640625,33608.4453125,33608.4453125,60,606.7242878489196,0.055296000093221664,2cc370a51cc8c4ab4b4c214531a7aa53d58d1dc592b1c622a51c16f293db08cf,True
1084,18,7,90,recent_k2,23.578479766845703,691.2923583984375,691.2923583984375,23.578479766845703,0.0272216796875,1414.708740234375,41477.5390625,41477.5390625,60,605.6247381493449,0.055296000093221664,19ad5b060f06f86de8cb86b2dde259210e049a732ef727c19f61b8983af26fe2,True
1085,18,7,105,recent_k2,27.61408042907715,1918.923583984375,1918.923583984375,27.61408042907715,0.0614013671875,1656.8447265625,115135.40625,115135.40625,60,603.9931322447956,0.055296000093221664,d9ea51b09d59a95e9fd0b44923636313528bcc7a937935cad22119e8bf2ae069,True
1086,18,7,120,recent_k2,29.658817291259766,2371.594482421875,2371.594482421875,29.658817291259766,0.0758056640625,1779.5289306640625,142295.65625,142295.65625,60,604.9402141943574,0.05632000043988228,a35db66b8d440b2a12f9759453d35e2c0475966971aa7630577b6dab90676232,True
1087,18,7,135,recent_k2,14.034063339233398,240.76895141601562,240.76895141601562,14.034063339233398,0.0084381103515625,842.0437622070312,14446.13671875,14446.13671875,60,604.4487981125712,0.06451199948787689,31a73636ed8079451e8a700e6333e6244e4f805b4c22f0f0b3a84a490c9beffb,True
1088,18,7,150,recent_k2,17.812002182006836,795.4116821289062,795.4116821289062,17.812002182006836,0.027923583984375,1068.7200927734375,47724.69921875,47724.69921875,60,604.2797192931175,0.05427199974656105,2ebbbefabe1cd665d4234a954cea499aa7fc35fa5200ffd30da677057f2ac7bd,True
1089,18,7,165,recent_k2,14.428693771362305,326.177978515625,326.177978515625,14.428693771362305,0.01363372802734375,865.7215576171875,19570.677734375,19570.677734375,60,607.9897680319846,0.055296000093221664,86b8044eeb5480ab9399c5819d6d56a6877aff1e30c67de2d02b4c372cc017db,True
1090,18,47,30,recent_k2,19.32864761352539,662.7833862304688,662.7833862304688,19.32864761352539,0.0261688232421875,1159.71875,39767.0,39767.0,60,605.0632833503187,0.05427199974656105,f018b5fe52fe7f22285933bf00756d83e04631762f21ecb69694f2f46e9035ca,True
1091,18,47,45,recent_k2,6.712937831878662,73.83907318115234,73.83907318115234,6.712937831878662,0.00311279296875,402.7762451171875,4430.34423828125,4430.34423828125,60,605.4900800809264,0.055296000093221664,676907cefac79fa462f058ad451554bebf3267e8628e7f9a58f381a6b76f474e,True
1092,18,47,60,recent_k2,3.929774284362793,29.4000186920166,29.4000186920166,3.929774284362793,0.0009365081787109375,235.78643798828125,1764.0009765625,1764.0009765625,60,604.8683547414839,0.055296000093221664,bfb75457f21fa743dfdb81a7c518693e5c87ea56a754577cd3b79cc7230338aa,True
1093,18,47,75,recent_k2,1.4287991523742676,3.6431519985198975,3.6431519985198975,1.4287991523742676,0.00014162063598632812,85.72794342041016,218.589111328125,218.589111328125,60,605.4319702088833,0.05632000043988228,b6b83aabe5931528ada5d239977004e347218692c25a5a0d16582b3ce3e68e46,True
1094,18,47,90,recent_k2,6.452495574951172,94.7972412109375,94.7972412109375,6.452495574951172,0.0030574798583984375,387.14971923828125,5687.833984375,5687.833984375,60,604.1117422282696,0.05427199974656105,f278af65371a69fda788ba0ee244a152de1e3caf3f4c74ed8a8130bd2cfc2a2f,True
1095,18,47,105,recent_k2,2.5980143547058105,10.677681922912598,10.677681922912598,2.5980143547058105,0.0005846023559570312,155.880859375,640.660888671875,640.660888671875,60,604.9953829497099,0.055296000093221664,41735d1aa00c337965ce017a14b1844bba7ed6534dd6fe9e7a3c282c0389d664,True
1096,18,47,120,recent_k2,2.1213583946228027,8.714364051818848,8.714364051818848,2.1213583946228027,0.0002925395965576172,127.281494140625,522.86181640625,522.86181640625,60,605.4011210799217,0.055296000093221664,cbafaeb381fa377dd80f021ed7ebb586d4ae78d116c92d78fafebf6864e4db63,True
1097,18,47,135,recent_k2,4.465266704559326,79.26598358154297,79.26598358154297,4.465266704559326,0.00260162353515625,267.9159851074219,4755.958984375,4755.958984375,60,604.690246284008,0.05734400078654289,2ea990fe3f3b55afb6afa291af0172144ca71cdaf5ad6e97945c6d7ad253f175,True
1098,18,47,150,recent_k2,15.901982307434082,491.4541320800781,491.4541320800781,15.901982307434082,0.01593017578125,954.118896484375,29487.24609375,29487.24609375,60,604.5859679579735,0.05427199974656105,3c1f1abf1312ef6e4a21321328f33bc9a0174bd93eab327775c174619e0cae9f,True
1099,18,47,165,recent_k2,8.317020416259766,139.28167724609375,139.28167724609375,8.317020416259766,0.004817962646484375,499.02117919921875,8356.900390625,8356.900390625,60,606.5051010809839,0.055296000093221664,04228559cc4d8b75404c18947b852f0aefdb7d74c4630d8f8b4caebbc6ae8ee0,True
1100,18,30,30,recent_k2,15.905221939086914,491.79779052734375,491.79779052734375,15.905221939086914,0.0186614990234375,954.3132934570312,29507.865234375,29507.865234375,60,606.0632639564574,0.06348799914121628,351ca667002ef1dee9d27b6fc3dfbc02ad4dcbb27ac78bf0d0c63dda3f9cca50,True
1101,18,30,45,recent_k2,6.799989223480225,77.38729858398438,77.38729858398438,6.799989223480225,0.00365447998046875,407.99932861328125,4643.23779296875,4643.23779296875,60,605.1948219537735,0.05632000043988228,2214f192b35e39ddc82bd43bb09de22f44db296638cb236b743fcf3bd945302c,True
1102,18,30,60,recent_k2,3.1235430240631104,13.551365852355957,13.551365852355957,3.1235430240631104,0.0006785392761230469,187.41256713867188,813.0819091796875,813.0819091796875,60,604.9490449950099,0.05632000043988228,8ed4f380fa07873c28cacc046267a48facb876ba1181612d4f4570a796ed76f9,True
1103,18,30,75,recent_k2,2.609867811203003,9.569439888000488,9.569439888000488,2.609867811203003,0.0008025169372558594,156.59205627441406,574.1663818359375,574.1663818359375,60,605.6154379621148,0.055296000093221664,954a145add3b369b8f204700d109f6641346870623df07ecc7aaceef7944ca65,True
1104,18,30,90,recent_k2,2.365316867828369,8.199701309204102,8.199701309204102,2.365316867828369,0.0006690025329589844,141.91900634765625,491.9820556640625,491.9820556640625,60,604.8606461845338,0.05532800033688545,873f61454388fc1ef48ebc27e18a5b75ec44ac7de4808150932b9f09aaaa9ad6,True
1105,18,30,105,recent_k2,2.2221553325653076,8.056099891662598,8.056099891662598,2.2221553325653076,0.0007243156433105469,133.32931518554688,483.365966796875,483.365966796875,60,605.5264491587877,0.06451199948787689,0f6280f70ff685427fef9b603563486cb968ca0267136c80a7a02108b66e9447,True
1106,18,30,120,recent_k2,2.428316354751587,11.045478820800781,11.045478820800781,2.428316354751587,0.001178741455078125,145.698974609375,662.7286987304688,662.7286987304688,60,605.146843008697,0.055296000093221664,471b9347c1b3dacbbdbc0370d7895b458482adac5d1abe2d8b3a214a97d63e87,True
1107,18,30,135,recent_k2,3.914485216140747,26.618152618408203,26.618152618408203,3.914485216140747,0.00099945068359375,234.8690948486328,1597.089111328125,1597.089111328125,60,605.4563107900321,0.05632000043988228,2f5393dbd0fe4056d775ffbd4890d62987f0952c46014d31546d10afc6f07925,True
1108,18,30,150,recent_k2,1.4019536972045898,3.1966712474823,3.1966712474823,1.4019536972045898,0.00018167495727539062,84.11721801757812,191.80026245117188,191.80026245117188,60,605.1039132289588,0.055296000093221664,a7c796271e58a3f3549bd3508325a9b5450eaf6a5d8026a1d81cf0a5070837ca,True
1109,18,30,165,recent_k2,2.049638509750366,5.981084823608398,5.981084823608398,2.049638509750366,0.0005097389221191406,122.97830200195312,358.8650817871094,358.8650817871094,60,604.9708649516106,0.05632000043988228,1355f57e049a9b102cddc89584424fc5ebe39307248a2b94ee176b5670d79e20,True
1110,24,83,30,recent_k2,14.759271621704102,361.5628662109375,361.5628662109375,14.759271621704102,0.01427459716796875,885.5562744140625,21693.771484375,21693.771484375,60,604.7107269987464,0.05632000043988228,63064df58d6709b4c32532ee5841008765c221410bcbd81bb50126a5ae9c46c9,True
1111,24,83,45,recent_k2,7.212948799133301,98.61832427978516,98.61832427978516,7.212948799133301,0.004474639892578125,432.77691650390625,5917.09912109375,5917.09912109375,60,605.1924130879343,0.055296000093221664,533751d2baa652fe8ba6463ac1ef26c37d61bfdde37013e729566fa88f82cdbf,True
1112,24,83,60,recent_k2,8.934944152832031,103.78327941894531,103.78327941894531,8.934944152832031,0.003978729248046875,536.0966186523438,6226.99658203125,6226.99658203125,60,604.9910141155124,0.055296000093221664,9071768f9e37fa27ce0e81ef10d4f8e3328e76ceb3d6c05e50aa595e49279af8,True
1113,24,83,75,recent_k2,8.932666778564453,167.86358642578125,167.86358642578125,8.932666778564453,0.00574493408203125,535.9599609375,10071.814453125,10071.814453125,60,605.531670153141,0.05737600103020668,77e521b8cec720cd6a36aab3eaa439bde12f684738b492f8c6aded30f61a1182,True
1114,24,83,90,recent_k2,25.383155822753906,7779.12744140625,2503.97216796875,25.383155822753906,0.2406005859375,1522.9892578125,466747.625,150238.328125,60,604.647567961365,0.06451199948787689,07d57b047df6f0c338f5294be81d852bac5f9809e1aa0978ed4b4c38175db769,True
1115,24,83,105,recent_k2,51.7954216003418,9685.7451171875,7929.00146484375,51.7954216003418,0.30029296875,3107.72509765625,581144.6875,475740.0625,60,605.8258567936718,0.055296000093221664,0c0ed76d2f7878b9e9b90429f2aba9e6db659e2a07077d115c861aca84e93d05,True
1116,24,83,120,recent_k2,5.618816375732422,100.68009948730469,100.68009948730469,5.618816375732422,0.0031948089599609375,337.12896728515625,6040.8056640625,6040.8056640625,60,607.5233230367303,0.055296000093221664,ac3ec45f19fc53fdbd11d5f2220bdc5809328a51c8af20844025f08d05da8483,True
1117,24,83,135,recent_k2,7.903171062469482,145.0191192626953,145.0191192626953,7.903171062469482,0.005054473876953125,474.19024658203125,8701.146484375,8701.146484375,60,605.3495421074331,0.05939200147986412,b01c90d6febe6d256fba3bc5eb2963d33f551bbb7ffcd508e89c0452b0326577,True
1118,24,83,150,recent_k2,9.550597190856934,314.428466796875,314.428466796875,9.550597190856934,0.0099334716796875,573.0358276367188,18865.70703125,18865.70703125,60,604.8819860443473,0.055296000093221664,08fec5af062747a0b3739da29f1fc292eb0cb2e9e5bb7ee102e644d0f34f5c6f,True
1119,24,83,165,recent_k2,13.172996520996094,421.6110534667969,421.6110534667969,13.172996520996094,0.01355743408203125,790.3797607421875,25296.662109375,25296.662109375,60,605.980537366122,0.055296000093221664,76825b48570222c02a8155ae68a772955faa62d9b49db3390739c9d3a855db50,True
1120,24,83,180,recent_k2,9.05930233001709,163.88311767578125,163.88311767578125,9.05930233001709,0.00540924072265625,543.55810546875,9832.986328125,9832.986328125,60,606.7372299730778,0.05632000043988228,9ac5afc5a9036726a16bd7451a6c0159d1bc0e575987447c68b5bdbc75bb6f9d,True
1121,24,83,195,recent_k2,5.896187782287598,73.81279754638672,73.81279754638672,5.896187782287598,0.002910614013671875,353.771240234375,4428.767578125,4428.767578125,60,606.5862411633134,0.062463998794555664,6a6d78a95788d7273912331128a11c84eb6b4a3ead88f1e53ccace3a543f87df,True
1122,24,83,210,recent_k2,11.219146728515625,288.2088317871094,288.2088317871094,11.219146728515625,0.00919342041015625,673.1487426757812,17292.529296875,17292.529296875,60,605.3756619803607,0.05427199974656105,b30cf895d679d7188e0d1768c64d50161d7df1f92d3964792e8a3a146efc215f,True
1123,24,83,225,recent_k2,6.241523742675781,64.45381164550781,64.45381164550781,6.241523742675781,0.0022640228271484375,374.49139404296875,3867.228515625,3867.228515625,60,605.9198877774179,0.055296000093221664,0ad2b73202fdab255c2e1bb7c967afba328fc2aad310b38c4e3c93458d4b9d5a,True
1124,24,15,30,recent_k2,33.24912643432617,2723.205810546875,2723.205810546875,33.24912643432617,0.09625244140625,1994.947509765625,163392.34375,163392.34375,60,604.473140090704,0.05734400078654289,d93070f3a8f207285a791fbc9e90cb4fe600897bb2bbf1f3aa1855b53b002bd6,True
1125,24,15,45,recent_k2,12.909214973449707,273.6644592285156,273.6644592285156,12.909214973449707,0.00968170166015625,774.5528564453125,16419.8671875,16419.8671875,60,604.2311517521739,0.05532800033688545,93ba8fcbac92eb9ae6d49a76180715f5a6202050e54c48af8b7f9f356e49a541,True
1126,24,15,60,recent_k2,4.2561469078063965,29.12649154663086,29.12649154663086,4.2561469078063965,0.0010042190551757812,255.36880493164062,1747.58935546875,1747.58935546875,60,605.4655220359564,0.055296000093221664,f103401115b2f85526b0f46ac7a102e52fa29379da796dc63b0454108cb81935,True
1127,24,15,75,recent_k2,10.694404602050781,288.81689453125,288.81689453125,10.694404602050781,0.0091552734375,641.6642456054688,17329.013671875,17329.013671875,60,605.2025938406587,0.055296000093221664,29ba5dc0a2866756f768935cfab733d7792e58b51b62f750ca3b199c4fd2d8c0,True
1128,24,15,90,recent_k2,8.014336585998535,105.19328308105469,105.19328308105469,8.014336585998535,0.004276275634765625,480.86016845703125,6311.5966796875,6311.5966796875,60,604.8885770142078,0.055296000093221664,937b5015753bdbaa86cd479e9ccad1889e3a2e660286da2143bbb7c8a839453d,True
1129,24,15,105,recent_k2,7.608284950256348,89.8567886352539,89.8567886352539,7.608284950256348,0.0038166046142578125,456.4970703125,5391.4072265625,5391.4072265625,60,605.9936368837953,0.05632000043988228,8b4f883c93a3787944f181c2a95255bbf258e27b5fd1491dee4cc6eba683168d,True
1130,24,15,120,recent_k2,9.00381851196289,185.22860717773438,185.22860717773438,9.00381851196289,0.0059051513671875,540.2290649414062,11113.7158203125,11113.7158203125,60,605.1518241874874,0.05632000043988228,d82572ef1e3f0aa8c153ed1258b1de21a1f7df4262d955e53787e3b573fe66ff,True
1131,24,15,135,recent_k2,2.0114524364471436,8.415806770324707,8.415806770324707,2.0114524364471436,0.0003108978271484375,120.6871337890625,504.9483642578125,504.9483642578125,60,605.5321209132671,0.055296000093221664,8eb013e3b94c2d066fe8833a398096d586feb332ae1028b28b6ff7a42e4d3d51,True
1132,24,15,150,recent_k2,5.3056488037109375,49.210269927978516,49.210269927978516,5.3056488037109375,0.0025577545166015625,318.3388977050781,2952.615966796875,2952.615966796875,60,604.9556061625481,0.05632000043988228,eae537d23f3ebe0c650bac3b800b9a058a7e121ba687bfca88db4f8707900136,True
1133,24,15,165,recent_k2,13.547500610351562,531.4617919921875,531.4617919921875,13.547500610351562,0.0167999267578125,812.8499755859375,31887.705078125,31887.705078125,60,604.905225802213,0.05632000043988228,fff14877822b79b33fa95b8e4d4a3bfb27e020499f8c257d823dcbb0c974bea4,True
1134,24,15,180,recent_k2,3.723768949508667,27.745134353637695,27.745134353637695,3.723768949508667,0.0010519027709960938,223.42613220214844,1664.7080078125,1664.7080078125,60,605.2023936063051,0.055296000093221664,037a9620779c6a06a6ebbaa503ae4acc5318b72a471003fd83a920421e97ec34,True
1135,24,15,195,recent_k2,15.558093070983887,1775.64111328125,537.284423828125,15.558093070983887,0.057098388671875,933.4855346679688,106538.4609375,32237.0625,60,605.6718300096691,0.055296000093221664,166da720eef7a626a80fdb326c12fd61ff796272f248bb63bcec96b3aadf0875,True
1136,24,15,210,recent_k2,11.237058639526367,271.78857421875,271.78857421875,11.237058639526367,0.0101318359375,674.2235107421875,16307.314453125,16307.314453125,60,606.9840784184635,0.05632000043988228,8105f09210f7f0d30f9447d3cd83610c3807092a779e33c68794286ddf9b4a6d,True
1137,24,15,225,recent_k2,13.69395637512207,334.0977478027344,334.0977478027344,13.69395637512207,0.01763916015625,821.6373291015625,20045.86328125,20045.86328125,60,606.6783713176847,0.07168000191450119,cc2155c0a73088aa0e17b08e8a9883ea69208b52b41819c12de1fcd71e38a9c0,True
1138,24,3,30,recent_k2,40.72511291503906,3119.57568359375,3119.57568359375,40.72511291503906,0.1024169921875,2443.506591796875,187174.53125,187174.53125,60,606.5572123043239,0.055296000093221664,aedef7434fab57dcd7ed31df7ecad396b53445905e1b3fbb7b1a24d5e75df465,True
1139,24,3,45,recent_k2,8.569619178771973,96.73187255859375,96.73187255859375,8.569619178771973,0.004642486572265625,514.1771240234375,5803.912109375,5803.912109375,60,606.7558210343122,0.055296000093221664,744aed756ed55e2d77793a683e4bb6bf20b21e0d4c75de68639ca222b9103edf,True
1140,24,3,60,recent_k2,33.270809173583984,2376.354248046875,2376.354248046875,33.270809173583984,0.08416748046875,1996.2484130859375,142581.25,142581.25,60,606.7995307967067,0.05734400078654289,c5e4f8005140f4b2e16df22005d96abe1309a1ee735c7ad682d812a7754b2a95,True
1141,24,3,75,recent_k2,8.48396110534668,118.63113403320312,118.63113403320312,8.48396110534668,0.0069732666015625,509.0376281738281,7117.86767578125,7117.86767578125,60,606.340364087373,0.055296000093221664,b7783d5b85625af29b16707cfcbf3f883204742c806cd538d98d73cf04cca156,True
1142,24,3,90,recent_k2,12.61214828491211,291.90478515625,291.90478515625,12.61214828491211,0.00922393798828125,756.7288818359375,17514.287109375,17514.287109375,60,606.9839592091739,0.055296000093221664,066711327a0b79f54f3dca0fbac036ab00accd6e4d1cb991ae9890bb8a4d3ae1,True
1143,24,3,105,recent_k2,3.4018938541412354,18.372093200683594,18.372093200683594,3.4018938541412354,0.000720977783203125,204.11361694335938,1102.3255615234375,1102.3255615234375,60,606.1677471734583,0.055296000093221664,34a1c0e94bb424b7054b38256587ab10b7c11c985ed264d565d9843f853d5ffb,True
1144,24,3,120,recent_k2,11.0752534866333,332.9035949707031,332.9035949707031,11.0752534866333,0.0133056640625,664.5151977539062,19974.21484375,19974.21484375,60,606.6949018277228,0.055296000093221664,707da540b7ee0d24eb5d845745ae7cd91df595d4acd01633f09ba594bca1f3a9,True
1145,24,3,135,recent_k2,7.945324897766113,103.32638549804688,103.32638549804688,7.945324897766113,0.006931304931640625,476.719482421875,6199.5830078125,6199.5830078125,60,607.5863628648221,0.05632000043988228,6e52cc500d7bebc0d3c43d170aa68da411032738a11ad6d3961136852bc86e45,True
1146,24,3,150,recent_k2,4.01731014251709,42.36331558227539,42.36331558227539,4.01731014251709,0.0014047622680664062,241.03860473632812,2541.798828125,2541.798828125,60,613.7404497712851,0.05734400078654289,6be4e9adea2cf43414c0c319c8e234db9e9b27926d4b65da5ae454a408737285,True
1147,24,3,165,recent_k2,11.743951797485352,287.36492919921875,287.36492919921875,11.743951797485352,0.0096435546875,704.6370849609375,17241.89453125,17241.89453125,60,606.4390237443149,0.06348799914121628,b0d0ba1f8f9a2c567ea8d0773332a146ba032a7f6f43430c993c246fb5756b91,True
1148,24,3,180,recent_k2,4.985898971557617,43.73038864135742,43.73038864135742,4.985898971557617,0.0014743804931640625,299.1539306640625,2623.8232421875,2623.8232421875,60,606.5948219038546,0.055296000093221664,66b40a1d92710ecf97d824abcf3a4551c6bdab415bfcc262d54fe07261349a08,True
1149,24,3,195,recent_k2,4.968055248260498,49.70648956298828,49.70648956298828,4.968055248260498,0.0017156600952148438,298.08331298828125,2982.38916015625,2982.38916015625,60,605.9217280708253,0.0655359998345375,9b246bc8d21770f325d641451a0af6a1416015eb83eaf77d21736f0dd4601750,True
1150,24,3,210,recent_k2,3.7287628650665283,17.227108001708984,17.227108001708984,3.7287628650665283,0.001056671142578125,223.7257537841797,1033.62646484375,1033.62646484375,60,606.7556920461357,0.06758400052785873,defe48efe9564d72a579698c3c61e51d23ccdd9013cbd0be2cc41097f439de8a,True
1151,24,3,225,recent_k2,3.7938625812530518,33.417022705078125,33.417022705078125,3.7938625812530518,0.0010890960693359375,227.63174438476562,2005.0213623046875,2005.0213623046875,60,605.8544190600514,0.055296000093221664,54d7ec51512f491a7b6aa110ed469f2abac0a57e355fff1adf6bdb4fa730b416,True
1152,24,35,30,recent_k2,20.924325942993164,768.4651489257812,768.4651489257812,20.924325942993164,0.0260009765625,1255.45947265625,46107.90625,46107.90625,60,608.1950389780104,0.055296000093221664,bd10d0f105152d14ccd3f43fcf08afc293416919764e5f5a0d2bf1ba0a01bf1d,True
1153,24,35,45,recent_k2,13.045642852783203,369.37091064453125,369.37091064453125,13.045642852783203,0.01220703125,782.738525390625,22162.25390625,22162.25390625,60,613.9580588787794,0.05632000043988228,ce846fa012240106085942c0b6d0fed06bfee702950f65d48128d92abf3c5ccf,True
1154,24,35,60,recent_k2,4.112719535827637,23.614255905151367,23.614255905151367,4.112719535827637,0.0017414093017578125,246.76315307617188,1416.855224609375,1416.855224609375,60,607.7960119582713,0.06451199948787689,dcaf0b8afcd97770a42bbae770557ca43e972670312fe9ea1dbc857906f5e836,True
1155,24,35,75,recent_k2,1.8312145471572876,4.561598777770996,4.561598777770996,1.8312145471572876,0.00022685527801513672,109.87286376953125,273.6959228515625,273.6959228515625,60,607.1839868091047,0.05632000043988228,e7088ead4832217415f1a835aac6c9016a39162bed2eba9971289a97fd82b5cb,True
1156,24,35,90,recent_k2,1.8038073778152466,4.5556817054748535,4.5556817054748535,1.8038073778152466,0.00025653839111328125,108.22843933105469,273.34088134765625,273.34088134765625,60,605.9707379899919,0.05427199974656105,5f3e4b7513913c00eeb9a0cdcb7a774250b3a016748b026c2b7488a888c972c8,True
1157,24,35,105,recent_k2,1.831226110458374,4.6879143714904785,4.6879143714904785,1.831226110458374,0.0002551078796386719,109.8735580444336,281.27484130859375,281.27484130859375,60,606.0886383056641,0.055296000093221664,591db5ef276042826ce6108b10591064c0775bc862639da6fb050b4077384cf6,True
1158,24,35,120,recent_k2,7.602947235107422,124.86225891113281,124.86225891113281,7.602947235107422,0.005096435546875,456.17681884765625,7491.7353515625,7491.7353515625,60,606.2782746739686,0.05427199974656105,2a3873472637292edec7e5d6b21785ec672bad3cb5e2ae2064f84285651a49b4,True
1159,24,35,135,recent_k2,9.595778465270996,121.90856170654297,121.90856170654297,9.595778465270996,0.01154327392578125,575.7467041015625,7314.51318359375,7314.51318359375,60,606.7018918693066,0.05427199974656105,85bce16ae6f144fc923ef3fa64603acc6e5507088f99b40379c071f8c7145ab8,True
1160,24,35,150,recent_k2,2.6202714443206787,15.62434196472168,15.62434196472168,2.6202714443206787,0.0005216598510742188,157.21627807617188,937.46044921875,937.46044921875,60,605.4138336330652,0.05734400078654289,e78401386082afc35309612cecd4b5a049de9b2457dc8df1e7f685b99cba480e,True
1161,24,35,165,recent_k2,2.8941760063171387,14.58206844329834,14.58206844329834,2.8941760063171387,0.0005106925964355469,173.6505584716797,874.924072265625,874.924072265625,60,606.0218079946935,0.05632000043988228,74208dd5a809ad144a5c7686605af0159450e3abe90220ab3052c2e53ef97a3b,True
1162,24,35,180,recent_k2,2.731759786605835,13.116087913513184,13.116087913513184,2.731759786605835,0.0004425048828125,163.90557861328125,786.9652099609375,786.9652099609375,60,605.8298097923398,0.055296000093221664,020326693f15fe3359de4a88f831a983f47187e48d49ba7072bca407e250771b,True
1163,24,35,195,recent_k2,6.309453964233398,111.66088104248047,111.66088104248047,6.309453964233398,0.004669189453125,378.5672302246094,6699.65234375,6699.65234375,60,606.6962131299078,0.05632000043988228,a2bdc9ceacd4fcb74d53a425c42fcfc36bf53b6de9bf89edeaf270b3743b8424,True
1164,24,35,210,recent_k2,13.70099925994873,335.6968688964844,335.6968688964844,13.70099925994873,0.01145172119140625,822.0599365234375,20141.810546875,20141.810546875,60,605.7921699248254,0.05632000043988228,885c323102dbb2c3bf6e13c522b672ab28d1bcfccce5ebffd78c63931e265ff4,True
1165,24,35,225,recent_k2,10.35206127166748,195.79437255859375,195.79437255859375,10.35206127166748,0.0085906982421875,621.1236572265625,11747.662109375,11747.662109375,60,606.094746850431,0.05632000043988228,b0da4bed84d7948f8355e74000dbf422f37df012d0876d76737e04936a8f057e,True
1166,24,48,30,recent_k2,25.82929801940918,1172.7037353515625,1172.7037353515625,25.82929801940918,0.04119873046875,1549.7578125,70362.21875,70362.21875,60,607.6865936629474,0.058368001133203506,6f1ed0e8092dc6d12176230cbf6967e2c9becd34461dbae2220b43d98ee46f6d,True
1167,24,48,45,recent_k2,36.214412689208984,2559.35107421875,2559.35107421875,36.214412689208984,0.10418701171875,2172.86474609375,153561.0625,153561.0625,60,605.7519502937794,0.06860800087451935,b60018e6edbac4e7fa7a5debebc7556f0a2d978328132982c6c2b99bbccf9c09,True
1168,24,48,60,recent_k2,6.213569641113281,51.86797332763672,51.86797332763672,6.213569641113281,0.003482818603515625,372.81414794921875,3112.078125,3112.078125,60,606.4507947303355,0.055296000093221664,ccc60365ceed6cd4056a92ed16369f19bd1ca839a38e2ea4e83af8b5c39f9a0b,True
1169,24,48,75,recent_k2,13.797913551330566,441.8907775878906,441.8907775878906,13.797913551330566,0.0137481689453125,827.874755859375,26513.4453125,26513.4453125,60,606.8017007783055,0.055296000093221664,3f9e566a9c1b5f2a69c80eea45d0daefb12db048ec6ae09db9ee5ad2f074ce41,True
1170,24,48,90,recent_k2,3.15158748626709,17.200366973876953,17.200366973876953,3.15158748626709,0.0013217926025390625,189.09524536132812,1032.02197265625,1032.02197265625,60,602.6230282150209,0.05632000043988228,c0f0b59a38861678b89a6b59803a03635a5fb7611b3207f888e1cd484da73262,True
1171,24,48,105,recent_k2,5.9257049560546875,84.03699493408203,84.03699493408203,5.9257049560546875,0.002681732177734375,355.5422668457031,5042.21923828125,5042.21923828125,60,604.1587046347558,0.05632000043988228,8510fa2425e631ae41b9c8293ad704f22463adc371e3523e3c17b9eedc53c9ec,True
1172,24,48,120,recent_k2,18.377763748168945,582.1463623046875,582.1463623046875,18.377763748168945,0.0220489501953125,1102.665771484375,34928.78125,34928.78125,60,621.0773070342839,0.055296000093221664,90fd61b99f9294e02c0deb6d55b90bc87807524387c061de73e43a72dbd2d2a4,True
1173,24,48,135,recent_k2,17.727073669433594,408.6033935546875,408.6033935546875,17.727073669433594,0.0180206298828125,1063.6243896484375,24516.203125,24516.203125,60,610.5802091769874,0.062463998794555664,52cad17dc3ce636c9c0889e79577b619430495252a400c25a1c93e6051251a18,True
1174,24,48,150,recent_k2,4.46511697769165,44.71791458129883,44.71791458129883,4.46511697769165,0.0019321441650390625,267.9070129394531,2683.07470703125,2683.07470703125,60,606.6266628913581,0.05833600088953972,e7bb9b8433d409a84c15b9fcf85bd01346084418220c1e341ca744a3fc18d287,True
1175,24,48,165,recent_k2,1.610637903213501,4.77528715133667,4.77528715133667,1.610637903213501,0.0002110004425048828,96.63826751708984,286.5172119140625,286.5172119140625,60,610.461079981178,0.05734400078654289,2d0d0e386b785ef1a865e88cb4bb9b020fca90f186d20e60c2efd99ef2761efc,True
1176,24,48,180,recent_k2,2.284374713897705,14.103116035461426,14.103116035461426,2.284374713897705,0.0005054473876953125,137.06246948242188,846.1868896484375,846.1868896484375,60,606.1645676381886,0.060416001826524734,f7691aacbe62a2796858e1087cfd05924de5b3648ed773daafdbc40815839af0,True
1177,24,48,195,recent_k2,10.267949104309082,289.98944091796875,289.98944091796875,10.267949104309082,0.00896453857421875,616.076904296875,17399.365234375,17399.365234375,60,606.8511712364852,0.055296000093221664,1c1a04e66dbebe2a06b2a61cca3df85ba5e3eb1d128981239accaafcd2441362,True
1178,24,48,210,recent_k2,3.6016552448272705,26.598615646362305,26.598615646362305,3.6016552448272705,0.0009212493896484375,216.09930419921875,1595.9168701171875,1595.9168701171875,60,605.7882909663022,0.055296000093221664,2bb364cefa47ce4eb0164c1bbebd769ae99885a63f663ebc28bfa6a90e74158f,True
1179,24,48,225,recent_k2,4.567446708679199,45.719364166259766,45.719364166259766,4.567446708679199,0.0015573501586914062,274.0467834472656,2743.16162109375,2743.16162109375,60,607.6489938423038,0.055296000093221664,f09c3b3907b290e3ea38ad30b854e0f9e99e321d6c2e044a0def93dac2d8de2e,True
1180,24,22,30,recent_k2,6.008354187011719,73.08204650878906,73.08204650878906,6.008354187011719,0.0023937225341796875,360.501220703125,4384.92236328125,4384.92236328125,60,599.8342325910926,0.05632000043988228,433495716b0733fb720b8e085f6372d6c15e175bd5c0208c73ef530a87c81858,True
1181,24,22,45,recent_k2,2.00284481048584,5.120548725128174,5.120548725128174,2.00284481048584,0.0002918243408203125,120.1706771850586,307.23291015625,307.23291015625,60,605.1870859228075,0.05628800019621849,50a26ebe23816251dfc724f18ecb924cba77192f8a4c360864013fdde873323c,True
1182,24,22,60,recent_k2,5.616435527801514,47.852874755859375,47.852874755859375,5.616435527801514,0.0015802383422851562,336.9861145019531,2871.17236328125,2871.17236328125,60,604.4798027724028,0.055296000093221664,d7c49b2a4cc17a06a9ac5f76010256459dd7eb43e55aec3bd5332c2a1a9e56c7,True
1183,24,22,75,recent_k2,5.801966667175293,135.92138671875,135.92138671875,5.801966667175293,0.004241943359375,348.11798095703125,8155.283203125,8155.283203125,60,602.7914178557694,0.054368000477552414,9d0588b5591e9612678ca1ce77f57e83d227d2c3c8e30a418d712a81c02d69bc,True
1184,24,22,90,recent_k2,8.623152732849121,142.94468688964844,142.94468688964844,8.623152732849121,0.00452423095703125,517.38916015625,8576.6806640625,8576.6806640625,60,603.5655699670315,0.05427199974656105,8c8dbdbf21ba47a8d523d9e77ff4a81b10055e73691ff5ddbea579f1bf44c253,True
1185,24,22,105,recent_k2,2.0912106037139893,7.213953018188477,7.213953018188477,2.0912106037139893,0.00033926963806152344,125.47262573242188,432.837158203125,432.837158203125,60,603.5017007961869,0.055296000093221664,7f5d6e92dd25c55910dd952aa314ff60948c0390066814d0f881ef160066ef04,True
1186,24,22,120,recent_k2,2.27608323097229,6.7749810218811035,6.7749810218811035,2.27608323097229,0.0003266334533691406,136.5649871826172,406.49884033203125,406.49884033203125,60,604.0164967998862,0.055296000093221664,2ccf84411d7bbed6855b9410b3acf0e1527507bb0268a245d34d6daef0760140,True
1187,24,22,135,recent_k2,2.2835423946380615,7.534106254577637,7.534106254577637,2.2835423946380615,0.00028133392333984375,137.01254272460938,452.0463562011719,452.0463562011719,60,605.1078266464174,0.05734400078654289,9f52cce3ce9910974ef38b954ccd474bdb76fd57a6ff0fd8979fe0a386ad5917,True
1188,24,22,150,recent_k2,1.768949270248413,5.7461838722229,5.7461838722229,1.768949270248413,0.00018465518951416016,106.13694763183594,344.7710266113281,344.7710266113281,60,606.0015386901796,0.055296000093221664,c3791cfa5a109476e9d2030acefe3d86306742d55d83606d57d722696abc02db,True
1189,24,22,165,recent_k2,1.817966103553772,5.061953067779541,5.061953067779541,1.817966103553772,0.00024771690368652344,109.07795715332031,303.7171630859375,303.7171630859375,60,605.2986760623753,0.055296000093221664,1fba1ddc1ac06fa178a9a532cb7581a0a7eb85f07425a2d36daa25afa50ca46d,True
1190,24,22,180,recent_k2,4.215236186981201,106.90103912353516,106.90103912353516,4.215236186981201,0.0033397674560546875,252.91416931152344,6414.06201171875,6414.06201171875,60,606.034389231354,0.05632000043988228,6d5fc964d308ff2b08da592576523821070cc6d3bc613c029fa5c7937c8045a7,True
1191,24,22,195,recent_k2,12.1439790725708,377.8500061035156,377.8500061035156,12.1439790725708,0.01184844970703125,728.6387329101562,22671.0,22671.0,60,605.8976501226425,0.055296000093221664,1724c11167c7cccc176e94a2e11c8f35e91bfd8c56752f72895dcb31ee60b574,True
1192,24,22,210,recent_k2,2.6457598209381104,8.938719749450684,8.938719749450684,2.6457598209381104,0.00035572052001953125,158.74557495117188,536.3231811523438,536.3231811523438,60,605.6746230460703,0.05427199974656105,f50846817248c6a8128c6a493ada36c9ea31015472699ffb65aa3ea33a436c14,True
1193,24,22,225,recent_k2,2.891740083694458,19.40860366821289,19.40860366821289,2.891740083694458,0.0006237030029296875,173.50439453125,1164.51611328125,1164.51611328125,60,605.7633119635284,0.05532800033688545,ae312dc40190bd2789b7dbaefc6596c9a7b72d30f01f10dd48d8aa09689c5c9e,True
1194,24,55,30,recent_k2,17.714921951293945,633.5103759765625,633.5103759765625,17.714921951293945,0.02020263671875,1062.895263671875,38010.62109375,38010.62109375,60,605.947079602629,0.05632000043988228,ef6c066115d958691447bd608d449150973b6c3cfa8ec944d03b94959c4a787e,True
1195,24,55,45,recent_k2,1.734497308731079,5.062787055969238,5.062787055969238,1.734497308731079,0.00019443035125732422,104.06983184814453,303.7672119140625,303.7672119140625,60,606.4210361801088,0.055296000093221664,8c13e844853db12125054c4a4bb389e6dd6f1da91f138326b0906a66f6e27a9e,True
1196,24,55,60,recent_k2,7.416581153869629,236.0444793701172,236.0444793701172,7.416581153869629,0.0093841552734375,444.9948425292969,14162.66796875,14162.66796875,60,605.0939578562975,0.05734400078654289,96b5f1902112994b4f7682020bcce6339f1f2c614cc08d97d926025d5c14c1e4,True
1197,24,55,75,recent_k2,22.72699546813965,865.9075317382812,865.9075317382812,22.72699546813965,0.0340576171875,1363.61962890625,51954.44921875,51954.44921875,60,604.8234500922263,0.05632000043988228,a2695d5935efb584afbb54e580110f27bacea565618ab31a9402fc1b1dedef05,True
1198,24,55,90,recent_k2,13.683893203735352,370.02252197265625,370.02252197265625,13.683893203735352,0.018096923828125,821.0335693359375,22201.349609375,22201.349609375,60,605.2186973392963,0.05632000043988228,3abf1aa7fa100db4624ac70ca208f3e8c93f7eb04a1c18cff9c562bf60e7ae5f,True
1199,24,55,105,recent_k2,3.3470425605773926,21.291975021362305,21.291975021362305,3.3470425605773926,0.0007033348083496094,200.82254028320312,1277.5184326171875,1277.5184326171875,60,605.8379109017551,0.062463998794555664,7ce555ca3332cc5b10929515f81935649c0649b5cad848074073a9a5d3c8a065,True
1200,24,55,120,recent_k2,0.9563858509063721,1.5774455070495605,1.5774455070495605,0.9563858509063721,6.860494613647461e-05,57.383148193359375,94.646728515625,94.646728515625,60,609.6124793402851,0.0644799992442131,6eb9aaaaff55ed17f0611facab9b71148abbf124a50332ebe754f2bd4dbbbfac,True
1201,24,55,135,recent_k2,1.452008605003357,3.6748058795928955,3.6748058795928955,1.452008605003357,0.00012993812561035156,87.12051391601562,220.48834228515625,220.48834228515625,60,605.2265870384872,0.05936000123620033,214d440757a52e098493528a134ae21319d56bbcbe06d52d08eb53dacc902f70,True
1202,24,55,150,recent_k2,1.6010468006134033,12.009223937988281,12.009223937988281,1.6010468006134033,0.0003986358642578125,96.06280517578125,720.5534057617188,720.5534057617188,60,605.45191494748,0.055296000093221664,2c9de066b7f0abefbfa7cb2a6ec66b1052df73b2c193359d97c5faca87ce27d4,True
1203,24,55,165,recent_k2,14.642216682434082,608.2933959960938,608.2933959960938,14.642216682434082,0.0191650390625,878.532958984375,36497.6015625,36497.6015625,60,605.4622051306069,0.055296000093221664,7392b8416121c55fdb252303894c3c1ae58f1f99f93e70e28a0c71a7d8c161fc,True
1204,24,55,180,recent_k2,4.603999614715576,35.07266616821289,35.07266616821289,4.603999614715576,0.0011568069458007812,276.2399597167969,2104.35986328125,2104.35986328125,60,605.4672547616065,0.055296000093221664,d74a1f47b506ae190633d168d72b017ee5bea287df7618ad8ac15e5efdc895e8,True
1205,24,55,195,recent_k2,8.797450065612793,283.613037109375,283.613037109375,8.797450065612793,0.0105438232421875,527.8469848632812,17016.78125,17016.78125,60,604.9614287912846,0.05632000043988228,5545f3d29addf8a2e176224d63744b7c3b681230402fd5747c8afe5eb2c16782,True
1206,24,55,210,recent_k2,9.36098575592041,224.484130859375,224.484130859375,9.36098575592041,0.00817108154296875,561.6591186523438,13469.046875,13469.046875,60,605.0168788060546,0.055296000093221664,58ed2ace95e40e51c39aa9a779f4e73b626e07f627ede344fd4398d46b69f67c,True
1207,24,55,225,recent_k2,2.0414206981658936,5.983047962188721,5.983047962188721,2.0414206981658936,0.00020754337310791016,122.4852294921875,358.98284912109375,358.98284912109375,60,604.8700013197958,0.05427199974656105,5c3f15b0c025e2e3debb68a513c7c28ad6f39878d4239850f91e802c4f1bff81,True
1208,24,4,30,recent_k2,19.230125427246094,3304.988525390625,745.5052490234375,19.230125427246094,0.10595703125,1153.8074951171875,198299.296875,44730.3125,60,604.7560409642756,0.055296000093221664,97b3912216cf609bec4d09f1756cc5131c4922716d8d203c98e1aabb2a0d3ff5,True
1209,24,4,45,recent_k2,18.839384078979492,739.363037109375,739.363037109375,18.839384078979492,0.0294189453125,1130.363037109375,44361.78125,44361.78125,60,604.4893926009536,0.05427199974656105,e9d8ba56ece81816d08b19f4fc3579f0db12a5209510b450f54b6d1890babe91,True
1210,24,4,60,recent_k2,15.974512100219727,385.0003967285156,385.0003967285156,15.974512100219727,0.01251983642578125,958.470703125,23100.0234375,23100.0234375,60,604.4921139255166,0.055296000093221664,f2a6658ada287f13d1ab95f9d10a7df6cede8f2ab4b4735daa49fc7158e95ed6,True
1211,24,4,75,recent_k2,3.960745334625244,26.8278865814209,26.8278865814209,3.960745334625244,0.0009469985961914062,237.64471435546875,1609.673095703125,1609.673095703125,60,604.7680806368589,0.055296000093221664,8b3b916bc1463a39e1fa171fd6a18ba6fe4241d4d183a200d948d7b3b3923878,True
1212,24,4,90,recent_k2,2.6445939540863037,10.579095840454102,10.579095840454102,2.6445939540863037,0.00033283233642578125,158.67562866210938,634.7457275390625,634.7457275390625,60,604.0498572401702,0.055296000093221664,4badfee4bbc327e5e92d080030fa81d1cb01d37e62660d1dbfb9ee7d2038a7a3,True
1213,24,4,105,recent_k2,1.2420499324798584,2.915980100631714,2.915980100631714,1.2420499324798584,0.00011152029037475586,74.52299499511719,174.95880126953125,174.95880126953125,60,604.1665468364954,0.05632000043988228,a5eb316b4f26b0b8202ca30fcc9606054bc08553c7b3746cee386b4a22d33dd8,True
1214,24,4,120,recent_k2,1.1330468654632568,2.6161983013153076,2.6161983013153076,1.1330468654632568,8.96453857421875e-05,67.9828109741211,156.97189331054688,156.97189331054688,60,604.7297520563006,0.05632000043988228,e1ca63e9727fe8187e202623e31e04741b41e211a3e1ddd82a9934d0afa879ea,True
1215,24,4,135,recent_k2,1.1153862476348877,2.6758852005004883,2.6758852005004883,1.1153862476348877,8.922815322875977e-05,66.92317199707031,160.5531005859375,160.5531005859375,60,606.3397680409253,0.05632000043988228,ba21e715f86fdf26271316430553c429b4be19da7bd8021f545d390ab3b36750,True
1216,24,4,150,recent_k2,1.3008869886398315,3.56463885307312,3.56463885307312,1.3008869886398315,0.00012159347534179688,78.05321502685547,213.87832641601562,213.87832641601562,60,605.2885670214891,0.05734400078654289,0f1bccabc37904984aac6676a7468ca8b65772adaf0640129ae88d318fbc95b0,True
1217,24,4,165,recent_k2,3.797929286956787,46.90761184692383,46.90761184692383,3.797929286956787,0.0015993118286132812,227.87574768066406,2814.45654296875,2814.45654296875,60,604.716531932354,0.055296000093221664,7ad0c2ebee6b4cb92ea7741d4fa9f5f322dc3cb5ac768184a66c581a4d726087,True
1218,24,4,180,recent_k2,11.891875267028809,245.86929321289062,245.86929321289062,11.891875267028809,0.0084686279296875,713.512451171875,14752.1572265625,14752.1572265625,60,604.6131430193782,0.06348799914121628,714cc44b03166ccc7bd6346e970d25a88dad1d4a92d939b9f299923c0d05a983,True
1219,24,4,195,recent_k2,3.2232742309570312,20.81908416748047,20.81908416748047,3.2232742309570312,0.0008373260498046875,193.3964385986328,1249.14501953125,1249.14501953125,60,604.8418208956718,0.05632000043988228,a30e742ef51dffdee7d619058058c70f515621a9ee4571b8b3d872b103ca1dd9,True
1220,24,4,210,recent_k2,4.114748954772949,31.96452522277832,31.96452522277832,4.114748954772949,0.0010747909545898438,246.88491821289062,1917.8714599609375,1917.8714599609375,60,605.2735568955541,0.05427199974656105,3d38ca5f1314bd09a64426dead9a97fc081dfd7d93b89cc68d16d9cd90b8774d,True
1221,24,4,225,recent_k2,4.238728046417236,32.986228942871094,32.986228942871094,4.238728046417236,0.0011301040649414062,254.32366943359375,1979.173583984375,1979.173583984375,60,604.8108306713402,0.055296000093221664,48d95cb9d10f67da47ca1c24a4b66e15c93caa0a1effca4b2e70626b4852085b,True
1222,24,45,30,recent_k2,8.417119026184082,129.3365020751953,129.3365020751953,8.417119026184082,0.0040130615234375,505.0271301269531,7760.18994140625,7760.18994140625,60,604.9624099396169,0.055296000093221664,6409b8c3a9cc89d36220af0561e4ecb3152ae45db1ab7db5ef322682bc360937,True
1223,24,45,45,recent_k2,1.804311990737915,5.490838050842285,5.490838050842285,1.804311990737915,0.0002396106719970703,108.25871276855469,329.45025634765625,329.45025634765625,60,604.8077112063766,0.055296000093221664,bc15d5cb99c0d17db6ed2ae6bc2a24937c4f49bd1b96a45619dbec0639aff7d8,True
1224,24,45,60,recent_k2,1.773848295211792,5.321564674377441,5.321564674377441,1.773848295211792,0.00018966197967529297,106.43089294433594,319.2938537597656,319.2938537597656,60,605.294746812433,0.055296000093221664,ac4e93bd40573124eb0b936de47fbdd15882620ea1a5ae685493b9f8e8d3b2a8,True
1225,24,45,75,recent_k2,1.9460049867630005,5.0312604904174805,5.0312604904174805,1.9460049867630005,0.00021708011627197266,116.76029205322266,301.8756103515625,301.8756103515625,60,604.875321034342,0.05632000043988228,f7aa06366a028e40c5f72feb8d43f9479597ee9347a1d2157a44efd581121485,True
1226,24,45,90,recent_k2,1.8426523208618164,4.950699329376221,4.950699329376221,1.8426523208618164,0.00019562244415283203,110.55913543701172,297.04193115234375,297.04193115234375,60,604.7322922386229,0.055296000093221664,b323d7be0744e75f292cad1d212543f4a8d67c7d30c8b2dd5d6bce6aa6935772,True
1227,24,45,105,recent_k2,2.038058280944824,5.710072994232178,5.710072994232178,2.038058280944824,0.00024962425231933594,122.28349304199219,342.6043701171875,342.6043701171875,60,605.2177282981575,0.05427199974656105,80ee790dfdcd5d6fd4d0ba46a9addee017b269d7c1260dc1bb420aa7a7c4aa59,True
1228,24,45,120,recent_k2,16.218122482299805,574.8383178710938,574.8383178710938,16.218122482299805,0.031341552734375,973.0873413085938,34490.296875,34490.296875,60,605.4258560761809,0.055296000093221664,137c5bd90363a72f1023fc18d9734b53257e343ff00fbf421d1982c70b146f9a,True
1229,24,45,135,recent_k2,18.075481414794922,768.437255859375,768.437255859375,18.075481414794922,0.0239410400390625,1084.52880859375,46106.234375,46106.234375,60,605.0579999573529,0.05632000043988228,d8070e25498ccd528d291719a9c1ead98913651c7841b4260534415256fede86,True
1230,24,45,150,recent_k2,7.994968891143799,191.56253051757812,191.56253051757812,7.994968891143799,0.00830841064453125,479.6981201171875,11493.7509765625,11493.7509765625,60,607.0291516371071,0.055296000093221664,746e16dd44b1440ac7bfd9cdf14e139b084dd4dd2c3b9bf407e651fffe658d4d,True
1231,24,45,165,recent_k2,20.82538414001465,552.25537109375,552.25537109375,20.82538414001465,0.02581787109375,1249.52294921875,33135.3203125,33135.3203125,60,605.0345790572464,0.055296000093221664,0f8909eec6e64ca38f55d8b91ea4aaf8b9867f63e43ac5980b3900d50f1cc477,True
1232,24,45,180,recent_k2,8.107226371765137,288.4504699707031,288.4504699707031,8.107226371765137,0.0089569091796875,486.4335632324219,17307.02734375,17307.02734375,60,605.5161659605801,0.05427199974656105,ae3afa19e49176eb6ff57418ec176313dfdaeca3601a0b13275731a2c0788c10,True
1233,24,45,195,recent_k2,17.000452041625977,869.66455078125,869.66455078125,17.000452041625977,0.026947021484375,1020.027099609375,52179.87109375,52179.87109375,60,605.7712230831385,0.05632000043988228,e0255b1932f9f2ab9fca5cd9c6d39c2fba6de402c5ffe702cf18524b3e9a52b8,True
1234,24,45,210,recent_k2,3.570678472518921,21.486188888549805,21.486188888549805,3.570678472518921,0.0006847381591796875,214.24069213867188,1289.1712646484375,1289.1712646484375,60,605.215827934444,0.055296000093221664,2abbf04c29146ed25819d6362611d1e64c334d6c48aca15d82b11a6becba04b8,True
1235,24,45,225,recent_k2,3.7775163650512695,23.278636932373047,23.278636932373047,3.7775163650512695,0.0007395744323730469,226.65097045898438,1396.7181396484375,1396.7181396484375,60,606.4851577393711,0.055296000093221664,a92a802e85ef1b4841b8502c552bf69b133a8c2dafac71150aeb62415f072e34,True
1236,24,60,30,recent_k2,6.271559238433838,120.15150451660156,120.15150451660156,6.271559238433838,0.0038089752197265625,376.2935485839844,7209.08984375,7209.08984375,60,605.4029669612646,0.05939200147986412,231573d09ac470884f3e41e0328fa65b0f5a49d588e067d25a268cdcd861ff16,True
1237,24,60,45,recent_k2,10.975194931030273,253.9535675048828,253.9535675048828,10.975194931030273,0.00794219970703125,658.5116577148438,15237.212890625,15237.212890625,60,605.2180379629135,0.05632000043988228,066d1f4f24419a1531ed4e4436af4c14ee0076c75bc38027040a29adf493dd14,True
1238,24,60,60,recent_k2,5.946789741516113,93.88712310791016,93.88712310791016,5.946789741516113,0.00345611572265625,356.807373046875,5633.22705078125,5633.22705078125,60,605.6266846135259,0.05427199974656105,7a0f7cab770e426065b2f58a5f5db583b72fae0a00e774441c393592289984b5,True
1239,24,60,75,recent_k2,16.859838485717773,721.3726806640625,721.3726806640625,16.859838485717773,0.023681640625,1011.5902099609375,43282.359375,43282.359375,60,605.5365856736898,0.05427199974656105,6e06356755373d426b246ae3c071737c43e6f69447409c3b1c3f1479a926f4c3,True
1240,24,60,90,recent_k2,11.800585746765137,390.3020935058594,390.3020935058594,11.800585746765137,0.012237548828125,708.0350952148438,23418.125,23418.125,60,604.7997921705246,0.055296000093221664,1f4a0ed034cb8723eaf20a1b5b34a54777791659c7102caf68c3128a1b402d0f,True
1241,24,60,105,recent_k2,2.066582679748535,6.2893571853637695,6.2893571853637695,2.066582679748535,0.0002046823501586914,123.99494934082031,377.3614196777344,377.3614196777344,60,605.544715654105,0.055296000093221664,482145a940437a1e1405306d13f9d348aeaeb5b7a9aaba22269a0aefdabcbf65,True
1242,24,60,120,recent_k2,4.279437065124512,38.968929290771484,38.968929290771484,4.279437065124512,0.0012149810791015625,256.7662048339844,2338.1357421875,2338.1357421875,60,605.2196589298546,0.055296000093221664,07f6acde9e8d38a0986b0d4ff3560873990e844fd3c109fefbd6fcfc6672eed6,True
1243,24,60,135,recent_k2,6.923091888427734,135.4585418701172,135.4585418701172,6.923091888427734,0.004421234130859375,415.385498046875,8127.51171875,8127.51171875,60,605.1110201515257,0.055296000093221664,7596338e10f465b6183d299fc431b02e484124aed5d2af1e04eab312bf097d6e,True
1244,24,60,150,recent_k2,6.479294776916504,82.16272735595703,82.16272735595703,6.479294776916504,0.002704620361328125,388.7576599121094,4929.76318359375,4929.76318359375,60,604.7959518618882,0.055296000093221664,a47bc3ee5cfb50d71a474d307206c6b887a4cd89f5592dc70ad10584fa8743d4,True
1245,24,60,165,recent_k2,3.222984552383423,21.85920524597168,21.85920524597168,3.222984552383423,0.00069427490234375,193.37905883789062,1311.55224609375,1311.55224609375,60,604.2676866054535,0.055296000093221664,e4d9fe6fa4065d2698a3987228c2dd28f3beb2e7e942530658ae29dcaa99c0aa,True
1246,24,60,180,recent_k2,7.221848011016846,115.93008422851562,115.93008422851562,7.221848011016846,0.0036373138427734375,433.31085205078125,6955.8046875,6955.8046875,60,604.8201420344412,0.055296000093221664,8721585de90e6d9631074f0ce96187bb5d582d604ecb4730948ddbbbac7c2dab,True
1247,24,60,195,recent_k2,3.343611717224121,16.536720275878906,16.536720275878906,3.343611717224121,0.0005664825439453125,200.61669921875,992.2031860351562,992.2031860351562,60,605.201618745923,0.05427199974656105,51c546f3a60b4498142a0349fe7a3345e580cd0944cc533b1d20535dacf96c11,True
1248,24,60,210,recent_k2,4.188109397888184,29.923755645751953,29.923755645751953,4.188109397888184,0.0009546279907226562,251.28656005859375,1795.42529296875,1795.42529296875,60,604.7334228642285,0.05632000043988228,59f97c92f653997772ff41aa84b1865a0a8a20022a01ece18927cd8bb23b2871,True
1249,24,60,225,recent_k2,4.276228427886963,31.579389572143555,31.579389572143555,4.276228427886963,0.0010023117065429688,256.5736999511719,1894.7633056640625,1894.7633056640625,60,605.3260383196175,0.05632000043988228,780d36150ef15dbd9af3b69c025c2acbeeb1fac7ef4528787e921a71002179f8,True
1250,24,26,30,recent_k2,3.8311479091644287,59.33534240722656,59.33534240722656,3.8311479091644287,0.0018768310546875,229.86886596679688,3560.120361328125,3560.120361328125,60,605.8285040780902,0.06963200122117996,90e0d96521fd9721ff326a980f21232683d14d28b2d485e0054716e81f79c03f,True
1251,24,26,45,recent_k2,3.073701858520508,24.1630802154541,24.1630802154541,3.073701858520508,0.0008006095886230469,184.42210388183594,1449.7847900390625,1449.7847900390625,60,605.7350048795342,0.05632000043988228,feeb484e2f726816009014aadc225101c018c9f17a1ea4c4a8528d09a09cad29,True
1252,24,26,60,recent_k2,22.055360794067383,870.6744384765625,870.6744384765625,22.055360794067383,0.0300445556640625,1323.321533203125,52240.46484375,52240.46484375,60,605.4640961810946,0.055296000093221664,e870780d0b5246c16ab3b63524bac6121abd8a4dbebb11e6080df91297f5ff7d,True
1253,24,26,75,recent_k2,21.04328727722168,1595.7275390625,1595.7275390625,21.04328727722168,0.053497314453125,1262.59716796875,95743.6484375,95743.6484375,60,607.5429199263453,0.05632000043988228,335698cce468e64cf2c9e11d7e5fbb504f0185007711c713e84ef5a65d844e5f,True
1254,24,26,90,recent_k2,29.200239181518555,2097.194580078125,2097.194580078125,29.200239181518555,0.06756591796875,1752.0142822265625,125831.6640625,125831.6640625,60,605.0976999104023,0.05734400078654289,25225f1056d68490d93ce0d6bd9088ac668fb2ad4e5d87307b030f3834c3633c,True
1255,24,26,105,recent_k2,14.574460983276367,462.2613830566406,462.2613830566406,14.574460983276367,0.01556396484375,874.4675903320312,27735.681640625,27735.681640625,60,604.4723060913384,0.055296000093221664,7d2dcdab33b62582de9fb247f11c0ceef3e05829adf71bac7c3f5a0418ffdd8a,True
1256,24,26,120,recent_k2,13.968067169189453,599.284912109375,599.284912109375,13.968067169189453,0.0186614990234375,838.083984375,35957.09375,35957.09375,60,603.706612251699,0.05632000043988228,fae7490dd38040a8fecb0691f0d033f20857ef433b456fee60bb46c3af748b02,True
1257,24,26,135,recent_k2,21.849071502685547,1462.554443359375,1462.554443359375,21.849071502685547,0.045257568359375,1310.9442138671875,87753.265625,87753.265625,60,604.5637051574886,0.05632000043988228,ceb8775d4922c3e8c2f8c4560ab6a34cf82874d50bbb808fead9b027eb97d789,True
1258,24,26,150,recent_k2,7.568198204040527,103.87794494628906,103.87794494628906,7.568198204040527,0.0034351348876953125,454.09185791015625,6232.67626953125,6232.67626953125,60,604.5061550103128,0.06348799914121628,baef69fb3282976bfa42a5fb67d8ff945fed09e1a447ef71cc280284e9bf9a1c,True
1259,24,26,165,recent_k2,11.95400333404541,283.8753356933594,283.8753356933594,11.95400333404541,0.00913238525390625,717.2401733398438,17032.51953125,17032.51953125,60,605.3660977631807,0.05427199974656105,ec44aa4acaad6fde122e8cd27432c53a0dd24680ec9b88d74cf5ee07ca136f34,True
1260,24,26,180,recent_k2,4.981313228607178,41.45865249633789,41.45865249633789,4.981313228607178,0.0013818740844726562,298.8787841796875,2487.51904296875,2487.51904296875,60,603.974040132016,0.058368001133203506,c203ee55e1afb3ff20de917d0ec7d2e8c2fb1e057e37d86547ebc52bbba4fb30,True
1261,24,26,195,recent_k2,6.346062660217285,88.4634017944336,88.4634017944336,6.346062660217285,0.0030345916748046875,380.76373291015625,5307.8037109375,5307.8037109375,60,606.3870289362967,0.055296000093221664,555a269a701bb5d1f23061908e30dcd7c0daaf3422785bbef97f5fa19b198715,True
1262,24,26,210,recent_k2,4.350524425506592,24.32242202758789,24.32242202758789,4.350524425506592,0.0013065338134765625,261.0314636230469,1459.34521484375,1459.34521484375,60,602.4118741042912,0.055296000093221664,fcee502283acc30f59d62ea957c21ef6bf2eb338ed7309acd6cc018dd42b97e6,True
1263,24,26,225,recent_k2,9.481653213500977,383.6722106933594,383.6722106933594,9.481653213500977,0.011993408203125,568.899169921875,23020.33203125,23020.33203125,60,609.6831802278757,0.055296000093221664,56e3bc8a187155fee7cc44594aeac1b8973c43c5d24325243dd170e61254329e,True
1264,24,21,30,recent_k2,4.281136512756348,54.87373733520508,54.87373733520508,4.281136512756348,0.0019197463989257812,256.8681640625,3292.424072265625,3292.424072265625,60,602.4853531271219,0.05939200147986412,4401c2d91004363669d2c59ca0a2485abf05e32b54c507ace4c2a5bda1f9b007,True
1265,24,21,45,recent_k2,11.084711074829102,309.15521240234375,309.15521240234375,11.084711074829102,0.010009765625,665.0826416015625,18549.3125,18549.3125,60,603.1948872841895,0.055296000093221664,575d243a1fd6944b0ff960757dd1baab2f3ec476dd69010fe444c2e81623944d,True
1266,24,21,60,recent_k2,2.8896453380584717,18.38547134399414,18.38547134399414,2.8896453380584717,0.000675201416015625,173.3787078857422,1103.128173828125,1103.128173828125,60,603.123027831316,0.05734400078654289,4ddc4a43601f67d3c7f48a41b527264aabc69b0f90b2a8816180cf0fb5c2722b,True
1267,24,21,75,recent_k2,2.175893783569336,7.396743297576904,7.396743297576904,2.175893783569336,0.0003693103790283203,130.55361938476562,443.8045654296875,443.8045654296875,60,604.5501958578825,0.058368001133203506,49d5ca4ccfd2fb87389500865c86cc7ad9bd6e01d130be56e8cb259b3563866d,True
1268,24,21,90,recent_k2,3.1203436851501465,22.388824462890625,22.388824462890625,3.1203436851501465,0.0008368492126464844,187.22061157226562,1343.329345703125,1343.329345703125,60,607.9835658892989,0.05734400078654289,e49a9752c17ebea36c646b8b18ee18d51b77582d190a50b38bdc58155d0220cb,True
1269,24,21,105,recent_k2,3.827375650405884,35.182960510253906,35.182960510253906,3.827375650405884,0.0011501312255859375,229.6425323486328,2110.9775390625,2110.9775390625,60,606.9408352486789,0.055296000093221664,c5acc2a3da99e7fcec3dd068293059217f90879e512c88b21b68d7738900fd27,True
1270,24,21,120,recent_k2,4.452497959136963,61.29597473144531,61.29597473144531,4.452497959136963,0.0018978118896484375,267.1498718261719,3677.75830078125,3677.75830078125,60,604.9958718940616,0.05939200147986412,e8ae51e842eef27e43703d2a385a9e064b67a6cc7eb3cd41eaae4dfcec61ce1f,True
1271,24,21,135,recent_k2,2.873141288757324,17.436357498168945,17.436357498168945,2.873141288757324,0.0005702972412109375,172.3884735107422,1046.181396484375,1046.181396484375,60,604.8321439884603,0.05632000043988228,0f84b7cf199aa1c2f711bce32473ebc2565e544bd6c1c21bb5b8a17d993ce7b1,True
1272,24,21,150,recent_k2,1.3924298286437988,3.322704792022705,3.322704792022705,1.3924298286437988,0.0001747608184814453,83.54578399658203,199.36227416992188,199.36227416992188,60,605.4696277715266,0.055296000093221664,be7869f65227e906b24435a0cc974fbadfba1a8764aab5ac6a36cbc9112a0675,True
1273,24,21,165,recent_k2,3.2226552963256836,44.510467529296875,44.510467529296875,3.2226552963256836,0.0014133453369140625,193.35931396484375,2670.6279296875,2670.6279296875,60,609.9695591256022,0.05532800033688545,465f041caebbbdec151500d0433ea6624f403483e66dbd5a89c0bad12f441f49,True
1274,24,21,180,recent_k2,11.004874229431152,338.1746520996094,338.1746520996094,11.004874229431152,0.01055908203125,660.2924194335938,20290.478515625,20290.478515625,60,608.9727380312979,0.055296000093221664,83e2e58c9aa78a0392311b95a027e84a031176ecb8b38e3b2c80a232ac6165b4,True
1275,24,21,195,recent_k2,3.740387201309204,23.80498695373535,23.80498695373535,3.740387201309204,0.0011386871337890625,224.4232177734375,1428.2991943359375,1428.2991943359375,60,605.7510445825756,0.055296000093221664,4f23f1c23317616868106a7fd7e3ce71ff869b8c8aadc9cf499695ba6d96098f,True
1276,24,21,210,recent_k2,3.7816431522369385,31.08137321472168,31.08137321472168,3.7816431522369385,0.0010404586791992188,226.89857482910156,1864.88232421875,1864.88232421875,60,606.3387901522219,0.057312000542879105,056d77d7d0b90d0a6517c50585e411028412acdf6404d2d12b46500d8c338427,True
1277,24,21,225,recent_k2,2.7949931621551514,14.615392684936523,14.615392684936523,2.7949931621551514,0.0005578994750976562,167.6995849609375,876.9235229492188,876.9235229492188,60,605.7298760861158,0.055296000093221664,5fea9d64fa88a58819e4c63143a8e846b93474ef0b0ae49f17f9b35f708d1600,True
1278,24,44,30,recent_k2,14.146692276000977,270.7225341796875,270.7225341796875,14.146692276000977,0.01385498046875,848.801513671875,16243.3505859375,16243.3505859375,60,605.4055490531027,0.055296000093221664,79bedb6f6144d1676a2798b029cea2b89306cea3dd060be19cf6eb10b148f214,True
1279,24,44,45,recent_k2,19.753725051879883,587.4222412109375,587.4222412109375,19.753725051879883,0.0230865478515625,1185.223388671875,35245.33203125,35245.33203125,60,605.186739936471,0.055296000093221664,314f02745932f294a3007f74564db40c280f7faf421d7be37b921197fbff47f3,True
1280,24,44,60,recent_k2,8.372767448425293,79.60569763183594,79.60569763183594,8.372767448425293,0.00400543212890625,502.36602783203125,4776.341796875,4776.341796875,60,605.6793960742652,0.05632000043988228,2b4e814f3ec869ee9a9c4e31e068488d644175a530a01a70740dca977c31cd01,True
1281,24,44,75,recent_k2,2.4499783515930176,9.643562316894531,9.643562316894531,2.4499783515930176,0.00034999847412109375,146.99868774414062,578.6137084960938,578.6137084960938,60,609.2191748321056,0.055296000093221664,5dbe6a62a4a24498aeb0723773e160c17622d11044c9b9b6ac76930b0c9992d6,True
1282,24,44,90,recent_k2,3.500199556350708,19.16527557373047,19.16527557373047,3.500199556350708,0.0014333724975585938,210.011962890625,1149.91650390625,1149.91650390625,60,628.4811678342521,0.055296000093221664,d23212b4d36b84ac05a7c7039c69077092015ba0ad3d73d172b3e205b13bd2fc,True
1283,24,44,105,recent_k2,4.206721782684326,33.83127975463867,33.83127975463867,4.206721782684326,0.0011377334594726562,252.40328979492188,2029.8765869140625,2029.8765869140625,60,625.1168269664049,0.055296000093221664,859c434692f36cb9c78199503d7ec2bb06b93cf9ed52e13b0d7be58f4df57376,True
1284,24,44,120,recent_k2,3.410107374191284,14.164834976196289,14.164834976196289,3.410107374191284,0.0009965896606445312,204.60643005371094,849.8900756835938,849.8900756835938,60,624.9268990941346,0.05427199974656105,3f04190b9ee5aad53adcd1305af9ecfe28a6cef6caea06e31949a4955e07d1cf,True
1285,24,44,135,recent_k2,4.780473709106445,33.34733200073242,33.34733200073242,4.780473709106445,0.0015411376953125,286.8283996582031,2000.83984375,2000.83984375,60,624.6754308231175,0.055296000093221664,cdb4247293e80759b3b6e47fe3d0a448d9a4fd91c4ece11fdf310ad575e7f059,True
1286,24,44,150,recent_k2,4.085219383239746,40.47858810424805,40.47858810424805,4.085219383239746,0.00130462646484375,245.1131591796875,2428.715087890625,2428.715087890625,60,625.2600750885904,0.055296000093221664,7f0c06182f3b70ec85846eba3c1918e7881bdb6782c80df8a8e1ddd990aff233,True
1287,24,44,165,recent_k2,3.620227336883545,23.60993766784668,23.60993766784668,3.620227336883545,0.0007443428039550781,217.213623046875,1416.59619140625,1416.59619140625,60,626.2370781041682,0.05632000043988228,d090f0fd8dc137afd475ff02051a768dfb7bd3c1cfe0fdd1a0b0319166c4037f,True
1288,24,44,180,recent_k2,5.358218669891357,76.44266510009766,76.44266510009766,5.358218669891357,0.0024890899658203125,321.49310302734375,4586.5595703125,4586.5595703125,60,619.0831903368235,0.055296000093221664,16c8218745cd43469fcd517cdc5405565d5e28e7376a8a580a2544047c33969a,True
1289,24,44,195,recent_k2,4.729659557342529,45.102500915527344,45.102500915527344,4.729659557342529,0.0015268325805664062,283.7795715332031,2706.14990234375,2706.14990234375,60,618.0102690123022,0.05632000043988228,08cc7064a4f7e841c28bd460f448390882f3a883a45bdb60cdddbf3273e258d1,True
1290,24,44,210,recent_k2,3.6722521781921387,28.27052116394043,28.27052116394043,3.6722521781921387,0.0011234283447265625,220.33511352539062,1696.231201171875,1696.231201171875,60,609.0448368340731,0.055296000093221664,6bad8a8184d91d3c96c46b3553addd9313ca0edcc74e7e9d3d5d62ebbe21e976,True
1291,24,44,225,recent_k2,4.1337504386901855,30.169178009033203,30.169178009033203,4.1337504386901855,0.0012073516845703125,248.0250244140625,1810.150634765625,1810.150634765625,60,605.3029601462185,0.06451199948787689,71052ec09df0d7489fd2f524507eb9529d73aae06e4d996cb389ff382f454831,True
1292,24,23,30,recent_k2,7.71125602722168,132.6191864013672,132.6191864013672,7.71125602722168,0.004993438720703125,462.6753234863281,7957.150390625,7957.150390625,60,604.7743642702699,0.055296000093221664,1921bacb4abea77489a306688e2d6d891ed27c5877977a581f7ed776615679c4,True
1293,24,23,45,recent_k2,14.927596092224121,361.58880615234375,361.58880615234375,14.927596092224121,0.01259613037109375,895.6557006835938,21695.328125,21695.328125,60,604.2472291737795,0.055296000093221664,dd590840703a523dcea5c02ade1571c41632259faa18358626bff93fd05662d5,True
1294,24,23,60,recent_k2,7.673831462860107,113.63470458984375,113.63470458984375,7.673831462860107,0.00373077392578125,460.42987060546875,6818.08203125,6818.08203125,60,620.7874352112412,0.055296000093221664,b10b5a4ac964125437d7ce358ef8a8e444ded92766617affc3c0023d673e6b8f,True
1295,24,23,75,recent_k2,11.817968368530273,275.46875,275.46875,11.817968368530273,0.011810302734375,709.0780639648438,16528.125,16528.125,60,607.1134549565613,0.0655359998345375,db5b639c1bcae02f05439540d9c4ef001ca5b67fef865f27f78b96f6e5c99b9e,True
1296,24,23,90,recent_k2,19.787477493286133,908.9278564453125,908.9278564453125,19.787477493286133,0.029632568359375,1187.24853515625,54535.66796875,54535.66796875,60,604.983433149755,0.05427199974656105,e86723c3ec7c70210fec0ceada69993082a869967b9486b1a099a5d1a85bbe83,True
1297,24,23,105,recent_k2,30.163434982299805,2126.14501953125,2126.14501953125,30.163434982299805,0.0697021484375,1809.8060302734375,127568.6875,127568.6875,60,604.5960066840053,0.05532800033688545,ba6a36ffe8670b825a990a0ccf0fc47454aa556a2aeff3959d838b64eeb97aeb,True
1298,24,23,120,recent_k2,14.500726699829102,329.9915466308594,329.9915466308594,14.500726699829102,0.012359619140625,870.0435791015625,19799.4921875,19799.4921875,60,603.9121020585299,0.055296000093221664,f9aaa40f381773388d384ecdbff15c481da84b20fe5ae3123a7dcc92ae1551c0,True
1299,24,23,135,recent_k2,1.768320083618164,5.239758491516113,5.239758491516113,1.768320083618164,0.0003464221954345703,106.09919738769531,314.385498046875,314.385498046875,60,604.0164106525481,0.055296000093221664,5801a1efb858e50820334a9e77e724c3b0a8dcddbb5c08a17dcf0311c24eea70,True
1300,24,23,150,recent_k2,2.3571488857269287,14.352568626403809,14.352568626403809,2.3571488857269287,0.0006489753723144531,141.42892456054688,861.154052734375,861.154052734375,60,606.6991379484534,0.06348799914121628,2efd6f6804027bfbf1996b388fb1d7472e630ebb3cf806ffce9cb4cbb45ad8cf,True
1301,24,23,165,recent_k2,11.40026569366455,381.6867370605469,381.6867370605469,11.40026569366455,0.01244354248046875,684.0159301757812,22901.203125,22901.203125,60,614.8272771388292,0.058368001133203506,4f5e904108d41fa89d20ca3015b8cd3867902aa6c834892a485572f6c4edd2fd,True
1302,24,23,180,recent_k2,3.899306297302246,20.061674118041992,20.061674118041992,3.899306297302246,0.001434326171875,233.95835876464844,1203.700439453125,1203.700439453125,60,605.1782420836389,0.055296000093221664,3ce0191c51174303eba23c2d2d6fb28efc53fe5f4a71f5b24d660fac9b699722,True
1303,24,23,195,recent_k2,3.365818977355957,19.900102615356445,19.900102615356445,3.365818977355957,0.0007600784301757812,201.94912719726562,1194.006103515625,1194.006103515625,60,604.2495500296354,0.05632000043988228,a6f9c4abb3243263b61aec2a9aaa3fcd1bf84b7eaa2a718915251f1c1621a4a5,True
1304,24,23,210,recent_k2,3.134073257446289,18.194082260131836,18.194082260131836,3.134073257446289,0.0006728172302246094,188.0443878173828,1091.6448974609375,1091.6448974609375,60,604.8943852074444,0.055296000093221664,f8d9fd8db948107b5aec0a9292df04da561d65b73b9907f59d6cc28ea158e027,True
1305,24,23,225,recent_k2,3.044049024581909,19.086271286010742,19.086271286010742,3.044049024581909,0.0006775856018066406,182.64292907714844,1145.17626953125,1145.17626953125,60,605.0642929039896,0.055296000093221664,2df60d4da0e59bc3c023715fea8a757fd5f122599d67cb395cf52b31ab89e029,True
1306,24,53,30,recent_k2,36.59800720214844,2340.387451171875,2340.387451171875,36.59800720214844,0.0771484375,2195.88037109375,140423.234375,140423.234375,60,604.318299330771,0.055296000093221664,1df407d92087992932e80afd2f6ad3afb7f86b7b9b683438fe132f112b485839,True
1307,24,53,45,recent_k2,21.347545623779297,5264.32666015625,1124.193603515625,21.347545623779297,0.1639404296875,1280.8526611328125,315859.59375,67451.609375,60,617.2768860124052,0.055296000093221664,c8818a5437e31d069277f3ff863b3d2185aa9c028bce1f71e09f1ea56cdbf002,True
1308,24,53,60,recent_k2,52.199825286865234,16148.9580078125,6883.34375,52.199825286865234,0.50048828125,3131.9892578125,968937.4375,413000.59375,60,608.8268402963877,0.05632000043988228,b725d098d473fee5b4242f01eb705a9e72b45300f17534389d03beebe0e1ec08,True
1309,24,53,75,recent_k2,16.050527572631836,496.271240234375,496.271240234375,16.050527572631836,0.034912109375,963.0316162109375,29776.2734375,29776.2734375,60,607.2768340818584,0.05427199974656105,5dd019fff31220a8d5eadd256b152752077c195d8cfcb1b8ea09f93fcd8988a4,True
1310,24,53,90,recent_k2,8.632184982299805,140.3250274658203,140.3250274658203,8.632184982299805,0.005458831787109375,517.9310913085938,8419.5009765625,8419.5009765625,60,606.7216880619526,0.058400001376867294,21cffa8e6e192ec546bbcd75fadc2f461a34b4975bad404a7d1bbc2376ff91e0,True
1311,24,53,105,recent_k2,12.545561790466309,372.2392272949219,372.2392272949219,12.545561790466309,0.01354217529296875,752.733642578125,22334.3515625,22334.3515625,60,605.2036210894585,0.06963200122117996,d290319592fda481f3531330a2d2d83122f99690340945d25e5f369035ee5797,True
1312,24,53,120,recent_k2,10.301154136657715,406.9305114746094,406.9305114746094,10.301154136657715,0.017791748046875,618.0692138671875,24415.830078125,24415.830078125,60,605.293130967766,0.055296000093221664,35ef25879cd386742d9d3e08266a07d158bf1c06a67eb7c89951fffd2b75ddfe,True
1313,24,53,135,recent_k2,27.35546112060547,1975.572265625,1975.572265625,27.35546112060547,0.07110595703125,1641.32763671875,118534.328125,118534.328125,60,605.135602876544,0.05632000043988228,6acd39c8afb4c655a69369b39f5e64741ba5dc99231bd26e01fed2126f9a03e4,True
1314,24,53,150,recent_k2,12.503923416137695,274.7890625,274.7890625,12.503923416137695,0.00933074951171875,750.2353515625,16487.34375,16487.34375,60,604.9379343166947,0.05423999950289726,1c871ce013753660eec5c3373a7bd33f7d1d13aeb6011b3db566ed877127b6aa,True
1315,24,53,165,recent_k2,12.704812049865723,474.26995849609375,474.26995849609375,12.704812049865723,0.017242431640625,762.2886962890625,28456.1953125,28456.1953125,60,605.391229968518,0.05632000043988228,95189021964702e07f83ef6eb5e1d9e69b70e2c1645c40365e838380e06044f1,True
1316,24,53,180,recent_k2,17.10552978515625,539.3270263671875,539.3270263671875,17.10552978515625,0.025970458984375,1026.331787109375,32359.62109375,32359.62109375,60,605.1236628554761,0.055296000093221664,34f61b7fa35f7cd31750fedff2a05167da106ba5b985c8592403d2bfa7f09c32,True
1317,24,53,195,recent_k2,5.399101257324219,51.75787353515625,51.75787353515625,5.399101257324219,0.0017423629760742188,323.946044921875,3105.47216796875,3105.47216796875,60,605.2361107431352,0.055296000093221664,f983bdd2e5763ae5d1dc04c6efcea59c9620b74f13d88c5994399e1ab6e3d89d,True
1318,24,53,210,recent_k2,2.8322455883026123,18.902753829956055,18.902753829956055,2.8322455883026123,0.0006222724914550781,169.93472290039062,1134.1651611328125,1134.1651611328125,60,604.9487642012537,0.055296000093221664,643dfb9af468ed52569e2d3a1c814e260f1e11f0200c6594f283d563ef6cb6a7,True
1319,24,53,225,recent_k2,3.573063850402832,31.926454544067383,31.926454544067383,3.573063850402832,0.0010395050048828125,214.38381958007812,1915.587158203125,1915.587158203125,60,604.2673802003264,0.055296000093221664,215faab44d6e692d5b7bc3d9d6eae87e35208106b60101688aa2e5db86a5a9eb,True
1320,24,84,30,recent_k2,22.041072845458984,1056.718017578125,1056.718017578125,22.041072845458984,0.04034423828125,1322.46435546875,63403.07421875,63403.07421875,60,612.4746478162706,0.055296000093221664,8782cacc940ba72773cb2b7174c16bcf2c09621aee2612276aec15320a98d8b2,True
1321,24,84,45,recent_k2,7.654562950134277,95.6716537475586,95.6716537475586,7.654562950134277,0.0033092498779296875,459.27374267578125,5740.298828125,5740.298828125,60,611.615396104753,0.05734400078654289,f9d8b243db08d5a3203a93c4217c3fbc24f7f728de9024b2945044f00c7e5ebf,True
1322,24,84,60,recent_k2,21.058917999267578,606.8118896484375,606.8118896484375,21.058917999267578,0.0253143310546875,1263.5350341796875,36408.7109375,36408.7109375,60,605.0864630378783,0.05427199974656105,9312ac9ff390c464b2451c1d014e4576fc614f5bc18549eb8e531e6c99d881a9,True
1323,24,84,75,recent_k2,9.15421199798584,122.14173889160156,122.14173889160156,9.15421199798584,0.004825592041015625,549.252685546875,7328.50390625,7328.50390625,60,605.5548992007971,0.05632000043988228,66c633630db5755ab411feaa59fd5354b3941689af4f53d7c2a0981b529d4e9c,True
1324,24,84,90,recent_k2,6.786039352416992,121.738037109375,121.738037109375,6.786039352416992,0.004787445068359375,407.162353515625,7304.28173828125,7304.28173828125,60,604.8760851845145,0.05427199974656105,dd34f07ba13898b9528d23eda7310c9c93578e85a75cc1158e616136af999b02,True
1325,24,84,105,recent_k2,9.680956840515137,225.85299682617188,225.85299682617188,9.680956840515137,0.0153350830078125,580.8573608398438,13551.1787109375,13551.1787109375,60,604.415719397366,0.055296000093221664,b89124fbdd5507883a97e598e0830f7cd082d26d0e5d02b18b867e4da2b7b512,True
1326,24,84,120,recent_k2,9.052013397216797,118.41112518310547,118.41112518310547,9.052013397216797,0.004241943359375,543.1207885742188,7104.6669921875,7104.6669921875,60,605.688838288188,0.05427199974656105,e72053fd48155286204d0d61ac50387551eb96a68dc85ac809977fde6d3ce0d5,True
1327,24,84,135,recent_k2,12.020743370056152,447.31732177734375,447.31732177734375,12.020743370056152,0.01476287841796875,721.2445678710938,26839.037109375,26839.037109375,60,606.5535009838641,0.05430399999022484,f2e5128e05f25ac8fc0e81610c029bfe0cedf846e313a3e7af2ecf7ed83e5b46,True
1328,24,84,150,recent_k2,12.601506233215332,291.9015808105469,291.9015808105469,12.601506233215332,0.00908660888671875,756.09033203125,17514.09375,17514.09375,60,604.4186088256538,0.05632000043988228,934439be4cc707d991c3ed0a9836e93ba3c47fac62293406a4f8a3a52e4e94bc,True
1329,24,84,165,recent_k2,5.230055809020996,37.68870544433594,37.68870544433594,5.230055809020996,0.0014743804931640625,313.8033447265625,2261.322265625,2261.322265625,60,605.2803220227361,0.0655359998345375,924a27a3c5cf0a5c49adc6a57013166e6fd1621d678d9457a1b1d87b2cc6c002,True
1330,24,84,180,recent_k2,5.006253242492676,37.51970291137695,37.51970291137695,5.006253242492676,0.0012578964233398438,300.37518310546875,2251.18212890625,2251.18212890625,60,604.8705554567277,0.06348799914121628,7eacf8741d0d0a7f8cd8e465fd51521c49dbe42e4088bd858bc6561896200754,True
1331,24,84,195,recent_k2,12.472111701965332,485.5302429199219,485.5302429199219,12.472111701965332,0.0173797607421875,748.32666015625,29131.8125,29131.8125,60,605.961156077683,0.05632000043988228,3e55ad6ada4bb55054035265bebe0c58216491cfbc7aa7472a8978e68f845973,True
1332,24,84,210,recent_k2,22.292680740356445,803.0086059570312,803.0086059570312,22.292680740356445,0.031585693359375,1337.560791015625,48180.515625,48180.515625,60,604.9213837832212,0.05632000043988228,56395a32ac01d43c6d94b34f81c8983b8561fb01ab17f341f7849b4c5f14c7c3,True
1333,24,84,225,recent_k2,6.717293739318848,85.12907409667969,85.12907409667969,6.717293739318848,0.00701904296875,403.03759765625,5107.744140625,5107.744140625,60,607.2881249710917,0.05532800033688545,4228fdf801fa6d0ea8c37e3202a4caada49604632705db30ee180c8d1de74c88,True
1334,24,59,30,recent_k2,17.297025680541992,554.4917602539062,554.4917602539062,17.297025680541992,0.019500732421875,1037.821533203125,33269.50390625,33269.50390625,60,611.0701207071543,0.06656000018119812,a0bf9e10d6ca698d2836a6f164890d5630e848dc8b3d477987a9459f7abfe94c,True
1335,24,59,45,recent_k2,17.96170425415039,532.1444702148438,532.1444702148438,17.96170425415039,0.0214691162109375,1077.7021484375,31928.66796875,31928.66796875,60,605.2112723700702,0.055296000093221664,5b8b397a2f2689104025c47c02cee202d3c0247983f531b6aeef9fe06bf83bc8,True
1336,24,59,60,recent_k2,10.441335678100586,144.40452575683594,144.40452575683594,10.441335678100586,0.005695343017578125,626.4801025390625,8664.271484375,8664.271484375,60,604.6136477962136,0.05526399984955788,c03efb7b152aef400fcf9fdaf686031a576b71d7938450ea85445494b9b98683,True
1337,24,59,75,recent_k2,5.6401686668396,114.54888153076172,114.54888153076172,5.6401686668396,0.0039043426513671875,338.41009521484375,6872.9326171875,6872.9326171875,60,604.5845178887248,0.06348799914121628,d052e1c7f4af06b8e68b345771e9a03b2de6b96776f8c4ef9e099566f1e3efc5,True
1338,24,59,90,recent_k2,1.5796070098876953,7.6648268699646,7.6648268699646,1.5796070098876953,0.00035452842712402344,94.77641296386719,459.88958740234375,459.88958740234375,60,604.7183969058096,0.05532800033688545,fbaa00327042f2cda3ab33f6a993eaf95efdfe846f4a888124a98874f7f0257a,True
1339,24,59,105,recent_k2,9.258652687072754,172.66758728027344,172.66758728027344,9.258652687072754,0.00728607177734375,555.5191040039062,10360.0546875,10360.0546875,60,605.6491290219128,0.05427199974656105,b599b8083699d75693d44d2f8fa54f9c5b43b9fcc2641928dfa86aa9a46d7e46,True
1340,24,59,120,recent_k2,5.742945194244385,77.4988021850586,77.4988021850586,5.742945194244385,0.00246429443359375,344.5766906738281,4649.927734375,4649.927734375,60,605.0058649852872,0.05427199974656105,f0690cc2690fd88b5f73cc19995b19fa81ec3130dedb927204aa572707cc32d7,True
1341,24,59,135,recent_k2,3.3038015365600586,32.809051513671875,32.809051513671875,3.3038015365600586,0.001056671142578125,198.22808837890625,1968.54296875,1968.54296875,60,604.211940895766,0.05632000043988228,3db1d00b6f7cd1dc98cc43f5edc814a1eff485e29b3a23e5b6d5d97e2d84295d,True
1342,24,59,150,recent_k2,3.4662656784057617,20.24244499206543,20.24244499206543,3.4662656784057617,0.0006732940673828125,207.97593688964844,1214.546630859375,1214.546630859375,60,605.2856124006212,0.055296000093221664,3352c0c3e4ce9fa400ee8bbdfd3f3595c66c24d4109bdcd7953d493ff4fc8958,True
1343,24,59,165,recent_k2,2.8416171073913574,21.047304153442383,21.047304153442383,2.8416171073913574,0.000728607177734375,170.4970245361328,1262.838134765625,1262.838134765625,60,605.551510117948,0.055296000093221664,f915970148d087437432324a7c0f11f73766f731042a163b37fef16c2e1d278a,True
1344,24,59,180,recent_k2,7.121008396148682,139.86712646484375,139.86712646484375,7.121008396148682,0.004505157470703125,427.2604675292969,8392.02734375,8392.02734375,60,605.5678501725197,0.06348799914121628,4ebb6ae06acf3794ea5d6f9659171482530b306ca9fc0df5351b88a62a228d0e,True
1345,24,59,195,recent_k2,5.54548454284668,59.38515090942383,59.38515090942383,5.54548454284668,0.0020122528076171875,332.72906494140625,3563.10888671875,3563.10888671875,60,605.618289206177,0.055296000093221664,efa085de7336cf3d3c2ff5bd9f5bf4a32bebd8aa9530dc9cad4d48866289ef4e,True
1346,24,59,210,recent_k2,4.654694080352783,29.00856590270996,29.00856590270996,4.654694080352783,0.0015764236450195312,279.2816162109375,1740.513916015625,1740.513916015625,60,605.3970907814801,0.055296000093221664,3e6da04f3010d635cc758c9f1f27a72eafde470b4b609f42a047ac3fae021ee7,True
1347,24,59,225,recent_k2,4.042818546295166,28.582061767578125,28.582061767578125,4.042818546295166,0.0010747909545898438,242.569091796875,1714.923583984375,1714.923583984375,60,605.1124641671777,0.05632000043988228,5a2888f89f3a2eb74abc47157570cb442fe6f2f7d060631f3b9517e43d79162a,True
1348,24,49,30,recent_k2,37.488319396972656,7825.865234375,3960.3623046875,37.488319396972656,0.2464599609375,2249.299072265625,469551.875,237621.71875,60,605.3000721149147,0.055296000093221664,14eeff22ce195c0034982dfbcc04951f4515a54d4f263fcfff68e544a7659acb,True
1349,24,49,45,recent_k2,10.775936126708984,225.1941680908203,225.1941680908203,10.775936126708984,0.01160430908203125,646.55615234375,13511.6494140625,13511.6494140625,60,605.3672507405281,0.055296000093221664,d20628896e3f2e4050d4b0b6370814b4332f0250708621ade94b00156636b5dd,True
1350,24,49,60,recent_k2,21.702011108398438,1177.632080078125,1177.632080078125,21.702011108398438,0.03924560546875,1302.12060546875,70657.921875,70657.921875,60,606.6744402050972,0.06143999844789505,248a5955990f48da944bf0fde550c65de8692dcf746d4dcece23de67ac1421cc,True
1351,24,49,75,recent_k2,14.059272766113281,342.119873046875,342.119873046875,14.059272766113281,0.01141357421875,843.5563354492188,20527.19140625,20527.19140625,60,605.1528030075133,0.05734400078654289,f4dfd08626ff418aad79632ab8c08dcb61826e0f22cd82f8c49e2495f91ff69d,True
1352,24,49,90,recent_k2,18.367097854614258,567.760498046875,567.760498046875,18.367097854614258,0.0191497802734375,1102.0257568359375,34065.62890625,34065.62890625,60,605.1456239074469,0.05632000043988228,d9cf78b82ac6fff7b8835e303b0c907b1337b720238df6d9effb00ea6df8a2af,True
1353,24,49,105,recent_k2,6.850239276885986,113.09697723388672,113.09697723388672,6.850239276885986,0.004878997802734375,411.01434326171875,6785.818359375,6785.818359375,60,609.8702233284712,0.05427199974656105,9a610072f99462a01b0cb1a663cb55037eb007bcc3bdd657ccd46bab94f2c1bc,True
1354,24,49,120,recent_k2,4.772900581359863,56.01960754394531,56.01960754394531,4.772900581359863,0.00202178955078125,286.3740234375,3361.17626953125,3361.17626953125,60,604.2279917746782,0.05632000043988228,046cd1d0aede03d98833f3b7624d779a1f96dca533ca46b3b69fe879177d7a83,True
1355,24,49,135,recent_k2,3.390996217727661,19.844663619995117,19.844663619995117,3.390996217727661,0.0008244514465332031,203.4597625732422,1190.6798095703125,1190.6798095703125,60,605.0781048834324,0.05632000043988228,4299753eff392b1f19f5870b852b360e39a219e13bda9e2fbe154fc6d1ff3cea,True
1356,24,49,150,recent_k2,5.700660705566406,45.79679489135742,45.79679489135742,5.700660705566406,0.001628875732421875,342.03961181640625,2747.8076171875,2747.8076171875,60,604.0455028414726,0.05427199974656105,f9d42e02b763b2e8f4a3ffbc36641c0849e57003fad9a69bb41e7c2f8b6b3bb1,True
1357,24,49,165,recent_k2,4.563501834869385,54.51694869995117,54.51694869995117,4.563501834869385,0.0018529891967773438,273.8100891113281,3271.016845703125,3271.016845703125,60,603.4593880176544,0.055296000093221664,0397d2ddead5b89901139db55a6c15dbfaa88ade61867365251ca991ba2857bd,True
1358,24,49,180,recent_k2,14.6576566696167,471.786865234375,471.786865234375,14.6576566696167,0.0152130126953125,879.4593505859375,28307.2109375,28307.2109375,60,604.1156728751957,0.055296000093221664,d7a5489bec617bd1c09559f6e03ce3569a70ebdbb0da605cbf58fd795ec3e77f,True
1359,24,49,195,recent_k2,6.276339530944824,100.24948120117188,100.24948120117188,6.276339530944824,0.003387451171875,376.5803527832031,6014.96875,6014.96875,60,604.6684090979397,0.058368001133203506,3d85152e9ebede89e9fedac14cbd2e7c7b72ccc4dd8a142271c43ba959de2e93,True
1360,24,49,210,recent_k2,7.011213779449463,84.93392944335938,84.93392944335938,7.011213779449463,0.004131317138671875,420.67279052734375,5096.03564453125,5096.03564453125,60,611.7417272180319,0.06348799914121628,6d562a4b1b1f9229339481a86945c261754f31b99122694ef42e27d8e731ffd1,True
1361,24,49,225,recent_k2,8.59577751159668,141.78836059570312,141.78836059570312,8.59577751159668,0.004428863525390625,515.7466430664062,8507.30078125,8507.30078125,60,604.4436409138143,0.06348799914121628,16df53a3a64f87cf6eb93939153588b9ad5a41719a8700271625565ec6ee0a23,True
1362,24,7,30,recent_k2,30.22180938720703,1111.745849609375,1111.745849609375,30.22180938720703,0.048065185546875,1813.3084716796875,66704.75,66704.75,60,604.2337920516729,0.055296000093221664,594b985f463cdc4b039fb0bd9d183896c0f20c1dd0aad3dc833f59676cfffbed,True
1363,24,7,45,recent_k2,12.33350658416748,274.560546875,274.560546875,12.33350658416748,0.00881195068359375,740.0103759765625,16473.6328125,16473.6328125,60,608.6275838315487,0.055296000093221664,f360f2dce0f13fef31cdbe7008848b4a2dccdb8d207fecc27b22eff5c89bf641,True
1364,24,7,60,recent_k2,19.10671043395996,1000.9871826171875,1000.9871826171875,19.10671043395996,0.033721923828125,1146.402587890625,60059.2265625,60059.2265625,60,605.7235393673182,0.06348799914121628,160d65eba14f2390b230b56e66d986d4222118a3ea8db41291eda48ecf09346a,True
1365,24,7,75,recent_k2,25.25055503845215,1403.68310546875,1403.68310546875,25.25055503845215,0.046112060546875,1515.033203125,84220.984375,84220.984375,60,606.9663879461586,0.05734400078654289,0d4b6a9e0d18e7751d5b0aa203d48216c29b9b10c06f4720f68614e795380ae7,True
1366,24,7,90,recent_k2,32.304771423339844,1799.3282470703125,1799.3282470703125,32.304771423339844,0.058380126953125,1938.2861328125,107959.6875,107959.6875,60,608.5907239466906,0.060416001826524734,1c619174ad74b6930c8530ee0625bdf196498f60e23caa4c9860b7cc014234c5,True
1367,24,7,105,recent_k2,28.007030487060547,1373.8763427734375,1373.8763427734375,28.007030487060547,0.048309326171875,1680.4217529296875,82432.578125,82432.578125,60,605.0699050538242,0.0655359998345375,54c46c7facfccac9b9ce4610090a50d3e007ea548d7da8d2a111e08eaf5edf8e,True
1368,24,7,120,recent_k2,19.545255661010742,730.4279174804688,730.4279174804688,19.545255661010742,0.0282745361328125,1172.71533203125,43825.671875,43825.671875,60,606.2544737942517,0.055296000093221664,848475c890cdd2a6b3a1388f44cd7766f87021c4b1c48c0468c9638adafd1eb2,True
1369,24,7,135,recent_k2,5.0485663414001465,53.6480827331543,53.6480827331543,5.0485663414001465,0.003383636474609375,302.9139709472656,3218.884765625,3218.884765625,60,606.2876852229238,0.058368001133203506,5547b1d065a109389d6738cb067486d35cf1c21a610429d4b9f3f08256136102,True
1370,24,7,150,recent_k2,10.607504844665527,175.815185546875,175.815185546875,10.607504844665527,0.0163726806640625,636.4502563476562,10548.91015625,10548.91015625,60,605.73087958619,0.055296000093221664,8d5f9e43a2bb8ff663030fb3306d53e243c399be5de0c54895c02458ba07c471,True
1371,24,7,165,recent_k2,13.805414199829102,280.00677490234375,280.00677490234375,13.805414199829102,0.01395416259765625,828.3248291015625,16800.40625,16800.40625,60,606.2969649210572,0.05632000043988228,342347038770f695eb780c54851528fe86c0513460b9c6e634fe10983eb5f720,True
1372,24,7,180,recent_k2,5.022316932678223,44.70857238769531,44.70857238769531,5.022316932678223,0.0017938613891601562,301.3389892578125,2682.51416015625,2682.51416015625,60,606.4179241657257,0.05427199974656105,8061527f5e23e5522d2ceaca3999d6521c539efaad332ee624deda2d9f065aeb,True
1373,24,7,195,recent_k2,6.676950454711914,89.06721496582031,89.06721496582031,6.676950454711914,0.0036945343017578125,400.61700439453125,5344.03271484375,5344.03271484375,60,619.2141221836209,0.05734400078654289,03b759eb2d9a9a40f3b222f81ab5d8c325ed8f4004bca186f568a06e78b2d2b7,True
1374,24,7,210,recent_k2,8.129485130310059,107.68119049072266,107.68119049072266,8.129485130310059,0.00506591796875,487.76910400390625,6460.87109375,6460.87109375,60,605.6593698449433,0.062463998794555664,59903f6218b1ed339c7634dad647aa892efa5a52347d92c25282f7526a0ee345,True
1375,24,7,225,recent_k2,7.229268550872803,80.64116668701172,80.64116668701172,7.229268550872803,0.00371551513671875,433.756103515625,4838.4697265625,4838.4697265625,60,606.7238710820675,0.0655359998345375,6f81a7113bd01d28844ddd9a7e09101a3a0c298e54f0adf3d2cccb4d3ad57746,True
1376,24,47,30,recent_k2,22.427087783813477,6979.421875,1579.7786865234375,22.427087783813477,0.2208251953125,1345.625244140625,418765.28125,94786.71875,60,610.7502561062574,0.05632000043988228,915f6fff1cc0adb8d02860dc2d73cb705e8f2b0737e73b55bc70737e372a4aa4,True
1377,24,47,45,recent_k2,48.87201690673828,16275.6865234375,5441.2119140625,48.87201690673828,0.50341796875,2932.32080078125,976541.125,326472.6875,60,604.817918036133,0.06348799914121628,60735e68e2b6af6c3ae532255511a25f1215cc73df730a420e1f51894541f5ce,True
1378,24,47,60,recent_k2,50.799400329589844,12378.958984375,7247.8681640625,50.799400329589844,0.384765625,3047.9638671875,742737.5,434872.0625,60,604.2228420265019,0.060416001826524734,05293256d3ea96ea324a13e82367fb5af0639789a4fc09e97eaee50117df558d,True
1379,24,47,75,recent_k2,13.751113891601562,2399.7939453125,861.9379272460938,13.751113891601562,0.07489013671875,825.0667724609375,143987.625,51716.2734375,60,608.6455141194165,0.058368001133203506,6a9bb2325c3cfbab72b5208344884041e1f94eaade63a26785adc7eb74dada85,True
1380,24,47,90,recent_k2,22.566417694091797,2915.242431640625,1063.6168212890625,22.566417694091797,0.09112548828125,1353.9849853515625,174914.53125,63817.00390625,60,619.3454810418189,0.06147199869155884,3b62e3a379f30f1b66b005abb95bc9cebba17aee8b504dadd69b8ad6addce3a5,True
1381,24,47,105,recent_k2,2.3430135250091553,7.707772254943848,7.707772254943848,2.3430135250091553,0.0003211498260498047,140.580810546875,462.46630859375,462.46630859375,60,626.4680889435112,0.06441599875688553,1c1dcbd68a030f98d4ad0b59d57e08b4a351ae098eb9cfe15a9b587ae5598e31,True
1382,24,47,120,recent_k2,5.081268787384033,48.085662841796875,48.085662841796875,5.081268787384033,0.0028533935546875,304.8760986328125,2885.1396484375,2885.1396484375,60,641.9820142909884,0.06656000018119812,b03e98103b9945eeadab18500dff190bce459ad2ee571f80067e4ee2055f015c,True
1383,24,47,135,recent_k2,7.230774402618408,71.24199676513672,71.24199676513672,7.230774402618408,0.003124237060546875,433.846435546875,4274.51953125,4274.51953125,60,637.8732197917998,0.0655359998345375,0b091776effc8d0f789da76b8c942535004a2cf07d57598b27efbfb5c7a7b5a5,True
1384,24,47,150,recent_k2,10.069845199584961,313.38677978515625,313.38677978515625,10.069845199584961,0.0136871337890625,604.190673828125,18803.205078125,18803.205078125,60,623.4424561262131,0.06143999844789505,9006c1077da521c0c4a2712cb29be6a5235d339bf3f6ab90482a5cb7cb1d916d,True
1385,24,47,165,recent_k2,14.841519355773926,435.2127380371094,435.2127380371094,14.841519355773926,0.0167083740234375,890.4910888671875,26112.763671875,26112.763671875,60,634.0886917896569,0.05734400078654289,0aa9fbfa61de6b91c7bd01623a3a6c0442d790dc080f7cdc563494d68e3465d8,True
1386,24,47,180,recent_k2,7.756506443023682,87.04173278808594,87.04173278808594,7.756506443023682,0.0030345916748046875,465.3903503417969,5222.50390625,5222.50390625,60,610.6496071442962,0.058368001133203506,8b9c0d8a992dc6435d09f30c39690836cc496f14fe763623bece5be37326a9d3,True
1387,24,47,195,recent_k2,3.7472968101501465,22.20958709716797,22.20958709716797,3.7472968101501465,0.0009279251098632812,224.83779907226562,1332.5751953125,1332.5751953125,60,618.0326729081571,0.06451199948787689,75a2bd7305a80bbbe095e5e6a5ddc62e9427fae913ae2a3377ed70adab3820dc,True
1388,24,47,210,recent_k2,6.226751804351807,52.697715759277344,52.697715759277344,6.226751804351807,0.002231597900390625,373.6051025390625,3161.86279296875,3161.86279296875,60,613.1855151616037,0.06963200122117996,a80f4507003a386d6eb118566f443ac944d99be0b413f22ef9b13476f20a489a,True
1389,24,47,225,recent_k2,2.366729259490967,13.164533615112305,13.164533615112305,2.366729259490967,0.0004210472106933594,142.00375366210938,789.8719482421875,789.8719482421875,60,614.6515621803701,0.058368001133203506,fbfe842f1058d3aea3c693c7f291fed26174f09274b4c884f9318ff4c876ad6d,True
1390,24,30,30,recent_k2,5.735801696777344,63.985572814941406,63.985572814941406,5.735801696777344,0.002132415771484375,344.1480712890625,3839.13427734375,3839.13427734375,60,613.700230140239,0.05734400078654289,8a4d2aded15f0e35aabbea3104c8747a8c47701543bb9b57b34c7b3867abf704,True
1391,24,30,45,recent_k2,3.408825397491455,19.26832389831543,19.26832389831543,3.408825397491455,0.0006375312805175781,204.52951049804688,1156.099365234375,1156.099365234375,60,617.8008550778031,0.05632000043988228,ee26d15e0658a90667ad2686219f657e9d01f5483c08e443cfa08005885fda47,True
1392,24,30,60,recent_k2,4.704328536987305,40.65758514404297,40.65758514404297,4.704328536987305,0.0012617111206054688,282.25970458984375,2439.455078125,2439.455078125,60,612.4260821379721,0.05734400078654289,ca5eb196f2223b9ada03ca60b17ccfd740f377454908938a1a9837c15281f5f1,True
1393,24,30,75,recent_k2,2.9344799518585205,10.856644630432129,10.856644630432129,2.9344799518585205,0.0005121231079101562,176.06878662109375,651.3986206054688,651.3986206054688,60,614.3841240555048,0.05734400078654289,19b52159cfc57f6178409fafb677affecfdf41b358374b2437b870ee3d1baeb0,True
1394,24,30,90,recent_k2,1.84964919090271,6.174245834350586,6.174245834350586,1.84964919090271,0.00022125244140625,110.97894287109375,370.4547424316406,370.4547424316406,60,614.1603961586952,0.05734400078654289,9e23ccceefa5b1a1d58f4f9e08b657a66a1118ea6df9083250b0ed8f7871a951,True
1395,24,30,105,recent_k2,2.5792205333709717,13.339056968688965,13.339056968688965,2.5792205333709717,0.00044846534729003906,154.7532196044922,800.3433837890625,800.3433837890625,60,614.3405949696898,0.05632000043988228,699be4091a5187a95b50704a8290d074de8d692993f3c5ac6e1e0c4473fb1510,True
1396,24,30,120,recent_k2,2.131971597671509,7.093984127044678,7.093984127044678,2.131971597671509,0.0002396106719970703,127.91828918457031,425.6390380859375,425.6390380859375,60,604.9846168607473,0.060416001826524734,64219bd20f3f544003e9a9b336670c5ecab60e4d7fee8b5af96d278487f40be0,True
1397,24,30,135,recent_k2,2.7038702964782715,19.24434471130371,19.24434471130371,2.7038702964782715,0.0007319450378417969,162.23220825195312,1154.66064453125,1154.66064453125,60,645.2822149731219,0.05628800019621849,f5a083a9a1fd9ece5c3f7f4eb557d6d2f9e2045b6a95f9c6dbc8f7e271c548ff,True
1398,24,30,150,recent_k2,5.787637710571289,79.2743148803711,79.2743148803711,5.787637710571289,0.002552032470703125,347.25823974609375,4756.45849609375,4756.45849609375,60,606.3907747156918,0.06143999844789505,331e7ef9c4851a0c60135744f72d0d5a986f0f5930c61222edf31562aefae1c3,True
1399,24,30,165,recent_k2,4.476744651794434,54.79044723510742,54.79044723510742,4.476744651794434,0.0018110275268554688,268.60467529296875,3287.4267578125,3287.4267578125,60,606.9209701381624,0.05939200147986412,54a22172ad749a2b7f93594a53dfb278babb06c1af6f17a2062526f6c27bb2ca,True
1400,24,30,180,recent_k2,10.980525016784668,248.09446716308594,248.09446716308594,10.980525016784668,0.0080108642578125,658.8314819335938,14885.6669921875,14885.6669921875,60,606.2975847162306,0.05846399813890457,cead77859a62b10c2d9344d633f497e9c333c051175f1e95a4f38a7db5d937b1,True
1401,24,30,195,recent_k2,4.179312705993652,34.1002082824707,34.1002082824707,4.179312705993652,0.0014219284057617188,250.75875854492188,2046.012451171875,2046.012451171875,60,625.8975653909147,0.06143999844789505,de27d27db6beb6090f2208bf415d539eaebc62cd47f558c0076badcb1bbf6d73,True
1402,24,30,210,recent_k2,2.813565254211426,13.24616813659668,13.24616813659668,2.813565254211426,0.00045561790466308594,168.81390380859375,794.77001953125,794.77001953125,60,605.0958861596882,0.06143999844789505,9830068c4b44d071eca49d046cfd51e5e19952bb3d12235c24f265604787aa60,True
1403,24,30,225,recent_k2,5.870893478393555,60.34157180786133,60.34157180786133,5.870893478393555,0.0021457672119140625,352.25360107421875,3620.494140625,3620.494140625,60,626.3294811360538,0.05734400078654289,e1c35a9fef0d582d02d0bb0700a953b69177617cc79ffaf7f2f62940b56ff202,True
1404,25,83,30,recent_k2,26.733823776245117,12516.1123046875,2605.6435546875,26.733823776245117,0.386474609375,1604.029296875,750966.6875,156338.609375,60,614.5006339065731,0.06451199948787689,f5e536041431d3f1a2200b0abacc24e6545252d79ccb64e835e38bea43e020cf,True
1405,25,83,45,recent_k2,27.511289596557617,6688.3994140625,3004.75,27.511289596557617,0.2069091796875,1650.67724609375,401303.9375,180284.984375,60,604.4730311259627,0.05734400078654289,b632843ef31bb5f2aee1b26b7bbab62404d18a59d07031f9223f544a559ac56d,True
1406,25,83,60,recent_k2,21.342952728271484,13439.52734375,1331.814453125,21.342952728271484,0.4150390625,1280.5771484375,806371.625,79908.859375,60,603.272991720587,0.05734400078654289,335c87aa2ccd29a8c4efe1e77f2f80941b9ff1245c10b4a6bf8a25f23a318acb,True
1407,25,83,75,recent_k2,15.278915405273438,9624.5712890625,603.9476928710938,15.278915405273438,0.2978515625,916.73486328125,577474.25,36236.859375,60,606.6424930468202,0.05734400078654289,d51f40342d76a4f70104afdbe8d870a4faba4265dd6914192baa49c81dd73497,True
1408,25,83,90,recent_k2,24.762819290161133,10768.001953125,1848.0364990234375,24.762819290161133,0.332763671875,1485.76904296875,646080.0625,110882.1875,60,606.6358615644276,0.056223999708890915,0ba9493573534c0f931fc4a6ec1b56445c546dee076805af9d063d7a6405ba10,True
1409,25,83,105,recent_k2,33.38069534301758,21998.38671875,3235.0595703125,33.38069534301758,0.6796875,2002.841552734375,1319903.125,194103.5625,60,605.5863308720291,0.058368001133203506,a9259f32f70561afda71b9f252df857e119424873ec1ead2443bc4699477cbf0,True
1410,25,83,120,recent_k2,25.34387969970703,4907.6064453125,1957.885009765625,25.34387969970703,0.152099609375,1520.6326904296875,294456.375,117473.09375,60,603.6905478686094,0.055296000093221664,98e396d86ddfb775d2ba174a859dd930b834d797714b74e0ef53623dff651baa,True
1411,25,83,135,recent_k2,42.6817741394043,21594.712890625,4368.94970703125,42.6817741394043,0.67138671875,2560.90625,1295682.75,262136.96875,60,604.164875112474,0.05632000043988228,b478e2383d4d609ccd29e04bab4a5cbcab1df5935c77b5a949478c130e436a71,True
1412,25,83,150,recent_k2,11.771088600158691,1613.824462890625,395.9342346191406,11.771088600158691,0.05096435546875,706.2652587890625,96829.4609375,23756.052734375,60,605.807560030371,0.05632000043988228,6548cbb45f5a3e64359ac13d80960acd5fa560a95bed7c5237ff9ab49dc63e49,True
1413,25,83,165,recent_k2,28.420387268066406,17329.701171875,2232.268310546875,28.420387268066406,0.53564453125,1705.22314453125,1039782.0,133936.09375,60,605.3552250377834,0.058368001133203506,17217551160191d7da29e492de02383934d891092d945e411d5034ebda951887,True
1414,25,83,180,recent_k2,34.79235076904297,17132.880859375,3884.789306640625,34.79235076904297,0.529296875,2087.541015625,1027972.75,233087.34375,60,607.6901741325855,0.05734400078654289,6b624cb6ef2a31547f7247b5c79484ac19b93e09ff531bf98d0ed02eac5d6617,True
1415,25,83,195,recent_k2,32.36727523803711,17476.41015625,3045.6064453125,32.36727523803711,0.541015625,1942.0364990234375,1048584.5,182736.375,60,607.2568073868752,0.06140799820423126,5b43466fd9ecd805d296ff377d6072f76e22d91c9ae95a32f293351075cc8471,True
1416,25,83,210,recent_k2,11.207136154174805,281.940185546875,281.940185546875,11.207136154174805,0.00951385498046875,672.4281616210938,16916.41015625,16916.41015625,60,605.0034267827868,0.058368001133203506,a5b799be4da85c6244b66a8dac473e9366a26a6fb11b157ce699a45726018e56,True
1417,25,83,225,recent_k2,14.961904525756836,519.9769897460938,519.9769897460938,14.961904525756836,0.0179443359375,897.7142333984375,31198.6171875,31198.6171875,60,605.5190628394485,0.05632000043988228,21e2f45582649ff1469fff01a1d91383a1be31f8b916078409ec2276f0236e1a,True
1418,25,15,30,recent_k2,11.705766677856445,296.1505126953125,296.1505126953125,11.705766677856445,0.009307861328125,702.345947265625,17769.029296875,17769.029296875,60,605.7897298596799,0.06656000018119812,0a8713e1f97d9f5bbce59e4e10bc1e5e43ee8feb8fabf5f4d84143104ee64b15,True
1419,25,15,45,recent_k2,12.370369911193848,228.26905822753906,228.26905822753906,12.370369911193848,0.00811004638671875,742.22216796875,13696.142578125,13696.142578125,60,604.782389011234,0.055296000093221664,1071783b46d4c3420914f97e69e539dbf4384f0a298ebcfc3fe87bf0145a041f,True
1420,25,15,60,recent_k2,20.834728240966797,981.7910766601562,981.7910766601562,20.834728240966797,0.030517578125,1250.0836181640625,58907.4609375,58907.4609375,60,606.283956207335,0.05632000043988228,f6803d35012b1dcaa7582ba99c0e4c27258ca8dfde6772ce308dac66b0620ef4,True
1421,25,15,75,recent_k2,11.539620399475098,271.86456298828125,271.86456298828125,11.539620399475098,0.00849151611328125,692.377197265625,16311.8720703125,16311.8720703125,60,601.5044581145048,0.05632000043988228,bf31d720d2a403b6af0fa18847e389d82d609c39f4dc31033e16501c74130ba2,True
1422,25,15,90,recent_k2,10.730395317077637,246.2305450439453,246.2305450439453,10.730395317077637,0.0097198486328125,643.8236694335938,14773.83203125,14773.83203125,60,602.1971320733428,0.05632000043988228,49b062b29e1dd7684491d62de91d367f57bed0836050dd67c98e46a07101a9db,True
1423,25,15,105,recent_k2,16.594829559326172,759.42431640625,759.42431640625,16.594829559326172,0.023773193359375,995.6897583007812,45565.45703125,45565.45703125,60,603.2576430588961,0.05632000043988228,960566e7aa923b4dd07562f364a0f408c5fce4bcae9b0e80bb018ac79a040b20,True
1424,25,15,120,recent_k2,9.363995552062988,166.85546875,166.85546875,9.363995552062988,0.005710601806640625,561.8397216796875,10011.3271484375,10011.3271484375,60,603.7080986425281,0.05939200147986412,d9261a4b50234e8a0041bc7a0aa2c7730376774e4c0c7ebcc732e767cfc3d9bf,True
1425,25,15,135,recent_k2,3.3354194164276123,14.253066062927246,14.253066062927246,3.3354194164276123,0.0006208419799804688,200.12515258789062,855.1838989257812,855.1838989257812,60,603.914646897465,0.05628800019621849,961c6e3f17a032efbc4fc9b89389696626af1da7010eee89695bfcd8085cabe3,True
1426,25,15,150,recent_k2,5.390806674957275,64.39698028564453,64.39698028564453,5.390806674957275,0.002910614013671875,323.4483947753906,3863.818603515625,3863.818603515625,60,620.5760217271745,0.055296000093221664,061fb40590af2c93d29d3e175285b216283c076107c7ab82d40bb2e4cf360476,True
1427,25,15,165,recent_k2,4.706277847290039,41.77522277832031,41.77522277832031,4.706277847290039,0.0015268325805664062,282.37664794921875,2506.51318359375,2506.51318359375,60,603.3372920937836,0.06143999844789505,e7d234493ebcfb91562d70644035bdf1482ed47e32ff0757cf403501efc4cd0d,True
1428,25,15,180,recent_k2,4.8624982833862305,32.55815505981445,32.55815505981445,4.8624982833862305,0.0012569427490234375,291.7498779296875,1953.4892578125,1953.4892578125,60,604.967137798667,0.05734400078654289,7350d26550125883532710b1365cf854b1453b3735bdefc3f59d1a8862ac3fbf,True
1429,25,15,195,recent_k2,4.519018650054932,116.6834945678711,116.6834945678711,4.519018650054932,0.0036869049072265625,271.14111328125,7001.00927734375,7001.00927734375,60,603.4631510265172,0.05536000058054924,9086a8975f3c39d8cfa024e826b7c2fa9cf1c9478bbd68f2c17890dfa499d54b,True
1430,25,15,210,recent_k2,30.652524948120117,2220.74072265625,2220.74072265625,30.652524948120117,0.06884765625,1839.1513671875,133244.4375,133244.4375,60,603.8956469856203,0.05632000043988228,74e14e562d61613b9b793b63151e48b4f90476a53fe12279b366e458ce0803c3,True
1431,25,15,225,recent_k2,12.03017807006836,363.8262023925781,363.8262023925781,12.03017807006836,0.01129913330078125,721.8106689453125,21829.5703125,21829.5703125,60,604.5985710807145,0.05632000043988228,a4acc07bce5e6f4509029f161de48c4a8f5e9ed739d665d3fb08dff3443fa5e8,True
1432,25,3,30,recent_k2,11.056674003601074,259.59014892578125,259.59014892578125,11.056674003601074,0.00933074951171875,663.400390625,15575.4072265625,15575.4072265625,60,610.5879400856793,0.05734400078654289,7b13dd2cac33e9e17cf8d5206d80db16ab70702ed60547a49f3d18abdb37d7f8,True
1433,25,3,45,recent_k2,28.745498657226562,2339.261474609375,2339.261474609375,28.745498657226562,0.07769775390625,1724.7298583984375,140355.6875,140355.6875,60,606.9431407377124,0.06143999844789505,00f478d982a7b79a50141f835d4c88ac604be0ab6ced1fd7b971f47a43d3b618,True
1434,25,3,60,recent_k2,43.35940170288086,11091.95703125,4313.01123046875,43.35940170288086,0.34375,2601.56396484375,665517.375,258780.65625,60,606.3982960768044,0.05427199974656105,34e1842ff1dd80e5d3578f1b5ac66f47d34107a36fbd32121c5620e71d11e857,True
1435,25,3,75,recent_k2,21.05406379699707,1256.7896728515625,1256.7896728515625,21.05406379699707,0.039306640625,1263.2437744140625,75407.375,75407.375,60,605.1677870564163,0.05632000043988228,1cdf41e0f47790efe905c4fed5130a073ce23d9a189fe256f0820734bde3a428,True
1436,25,3,90,recent_k2,20.186006546020508,14749.1416015625,1298.92431640625,20.186006546020508,0.45556640625,1211.1602783203125,884948.4375,77935.453125,60,605.1539061591029,0.055296000093221664,11402545d7ec1f92b4d002c51a8dfe2205da7550b145f2785b4c368f1040c56b,True
1437,25,3,105,recent_k2,15.898918151855469,469.8221740722656,469.8221740722656,15.898918151855469,0.01800537109375,953.93505859375,28189.328125,28189.328125,60,606.5272442065179,0.056352000683546066,c58d040a5573a435b443c252723054ad70ed1fb909d5ebedd61992eabfd45a53,True
1438,25,3,120,recent_k2,22.492441177368164,697.812255859375,697.812255859375,22.492441177368164,0.037933349609375,1349.54638671875,41868.734375,41868.734375,60,605.2878848277032,0.060416001826524734,515b53c2946ad1ae32efa511ac8ca785ed2a3511b1c178d26c2ce26a8ba3e1d1,True
1439,25,3,135,recent_k2,10.770365715026855,257.3603515625,257.3603515625,10.770365715026855,0.00833892822265625,646.221923828125,15441.62109375,15441.62109375,60,605.1466171629727,0.05632000043988228,2c62d29474b81a606361d7c75c3f35a837a649391235d194db18e33e10727f59,True
1440,25,3,150,recent_k2,10.487091064453125,237.96536254882812,237.96536254882812,10.487091064453125,0.00751495361328125,629.2254028320312,14277.9208984375,14277.9208984375,60,604.771229904145,0.06656000018119812,e2deb97c1e5ea16c6171db520960c09f566319b08c3ee44318bb4dce5f39d18f,True
1441,25,3,165,recent_k2,18.814922332763672,1708.0155029296875,1708.0155029296875,18.814922332763672,0.0528564453125,1128.895263671875,102480.921875,102480.921875,60,605.6212121620774,0.05632000043988228,70a8adeeee1f63d7283c775cbd540c4e1075c0f26b68a774537f9ee06b8db3d2,True
1442,25,3,180,recent_k2,16.222152709960938,666.9359741210938,666.9359741210938,16.222152709960938,0.0213623046875,973.3291015625,40016.15625,40016.15625,60,603.9165980182588,0.05734400078654289,c9a4a99b7148c1c0cca0cfa7b0f9987b86a9eb4f96d1b9e9bad679eb1d5de5bf,True
1443,25,3,195,recent_k2,45.602622985839844,5793.65869140625,5793.65869140625,45.602622985839844,0.1798095703125,2736.1572265625,347619.5,347619.5,60,604.5885710045695,0.05632000043988228,45913e13c61c67885cb938c055ab9d01b0db34d9a1d1dd76cbaba65e93729dbe,True
1444,25,3,210,recent_k2,16.444881439208984,659.9910278320312,659.9910278320312,16.444881439208984,0.02099609375,986.69287109375,39599.4609375,39599.4609375,60,607.5803362764418,0.055296000093221664,eaf428756f928f1671ff1f0ddfedbc2df72f53c0e78bfe9db3282fe695f367bd,True
1445,25,3,225,recent_k2,16.903181076049805,676.895263671875,676.895263671875,16.903181076049805,0.0218658447265625,1014.1907958984375,40613.71484375,40613.71484375,60,606.789511628449,0.060416001826524734,b95d791293cbc9ad02e8edfc93f4ff6d4838d9ed0c87d85ac3005d2856f9b8d9,True
1446,25,35,30,recent_k2,7.4953413009643555,206.63467407226562,206.63467407226562,7.4953413009643555,0.009796142578125,449.720458984375,12398.080078125,12398.080078125,60,605.5989130400121,0.0594559982419014,c59309318a2ccf6a530be3abf7e21b4e18b5755c4923f8c3d04eacf63331eca9,True
1447,25,35,45,recent_k2,42.26045608520508,3713.302490234375,3713.302490234375,42.26045608520508,0.11822509765625,2535.627197265625,222798.140625,222798.140625,60,604.8267292790115,0.0655359998345375,face2b6f0e3c58a3981eaf9b77516fece37b3f41c90053530a0beb9d71eb303b,True
1448,25,35,60,recent_k2,6.11731481552124,58.7588996887207,58.7588996887207,6.11731481552124,0.00452423095703125,367.03887939453125,3525.53369140625,3525.53369140625,60,603.2873229123652,0.05427199974656105,1bda6b7d6e6f568b079187a6a48e9b1f88fb89761231fe7112536f3ead9fb535,True
1449,25,35,75,recent_k2,15.108864784240723,599.8106079101562,599.8106079101562,15.108864784240723,0.0191802978515625,906.5318603515625,35988.6328125,35988.6328125,60,603.7364900112152,0.05734400078654289,86c5dab8918a10ab71bfccd48b86aaae7f6330e381952e32ce05c912d4c94638,True
1450,25,35,90,recent_k2,21.075286865234375,1788.3289794921875,1788.3289794921875,21.075286865234375,0.055694580078125,1264.51708984375,107299.734375,107299.734375,60,604.8278100788593,0.062463998794555664,6ece1f37aee2d2d2ea1a202f3e097272bac0754ebcfc6cffdb0211005b5758ff,True
1451,25,35,105,recent_k2,26.09459686279297,2248.125,2248.125,26.09459686279297,0.071044921875,1565.67578125,134887.5,134887.5,60,603.9518471807241,0.05734400078654289,422c7570d9e3873052b73af6d0b340005084190b028cceb7ec84a1db3f74d1bb,True
1452,25,35,120,recent_k2,23.91812515258789,1368.120849609375,1368.120849609375,23.91812515258789,0.042755126953125,1435.08740234375,82087.25,82087.25,60,607.9632230103016,0.05427199974656105,d3bac9075d03ccb756a7c508987f46fb0177a2e5f7da0853a62beaa5543b6c18,True
1453,25,35,135,recent_k2,18.80223274230957,6797.83203125,920.8728637695312,18.80223274230957,0.210205078125,1128.1339111328125,407869.90625,55252.3671875,60,608.4940978325903,0.060416001826524734,753f75c247d60efc2bb301fb7ea7cc5c54aff93d26454dd8e1e7bd0cf71713a8,True
1454,25,35,150,recent_k2,48.997127532958984,4645.55615234375,4277.765625,48.997127532958984,0.154541015625,2939.827392578125,278733.34375,256665.921875,60,609.1452622786164,0.05939200147986412,2baf70b8de6b9c63a278f2ef987edd5360c9e43f9c7ad670248b3aaca3ae0228,True
1455,25,35,165,recent_k2,15.306180000305176,431.1375732421875,431.1375732421875,15.306180000305176,0.01751708984375,918.3707275390625,25868.25390625,25868.25390625,60,614.1949188895524,0.05734400078654289,1dccc733412044ad970c96d31cffd1aab2cad9d7090daba52c6d7fd4cbb478c7,True
1456,25,35,180,recent_k2,2.509913206100464,14.61817455291748,14.61817455291748,2.509913206100464,0.0004992485046386719,150.59478759765625,877.0904541015625,877.0904541015625,60,609.4086300581694,0.06348799914121628,13eae2f39190547d55b570f5bf072ced810da5f69bdf775bc2ff5c34e3118c23,True
1457,25,35,195,recent_k2,2.9755306243896484,18.980091094970703,18.980091094970703,2.9755306243896484,0.0006279945373535156,178.53182983398438,1138.805419921875,1138.805419921875,60,609.2972410842776,0.05939200147986412,e2cbfb680bce97334b27aba45c6f5931699bff93ee9f80faccc375bc0eb3a8ec,True
1458,25,35,210,recent_k2,3.931596517562866,55.08782958984375,55.08782958984375,3.931596517562866,0.001750946044921875,235.89578247070312,3305.26953125,3305.26953125,60,614.5604150369763,0.062463998794555664,713475df4cdbbb724fbfb134dd5fc4428d0b10ccce886b87548335e4566df1a0,True
1459,25,35,225,recent_k2,7.496912479400635,110.62061309814453,110.62061309814453,7.496912479400635,0.003505706787109375,449.8147277832031,6637.236328125,6637.236328125,60,613.2478471845388,0.06656000018119812,48aefbad22b58e9bb77870f8805f3142107558fde31841dd8281049f5076472d,True
1460,25,48,30,recent_k2,19.613954544067383,793.9987182617188,793.9987182617188,19.613954544067383,0.025421142578125,1176.837158203125,47639.921875,47639.921875,60,609.4886902719736,0.06348799914121628,bcb0ae793af3e3c627f6444e78bc2041cc119decc729daad2c1e1feb694ce0b9,True
1461,25,48,45,recent_k2,20.43428611755371,816.8334350585938,816.8334350585938,20.43428611755371,0.0272979736328125,1226.05712890625,49010.00390625,49010.00390625,60,609.7818082198501,0.05939200147986412,b05430d3b88d235184fb9cdb72d21d01c863f32164aefbf314eb4247dc717d9e,True
1462,25,48,60,recent_k2,26.31953239440918,6960.8359375,1727.545166015625,26.31953239440918,0.219482421875,1579.171875,417650.125,103652.703125,60,608.4333690814674,0.060416001826524734,ccf0a4f523b4ccf8cba818d94232b961eb02da884adbeeaa0c85ca0d12800abd,True
1463,25,48,75,recent_k2,29.267614364624023,2583.516845703125,2077.106201171875,29.267614364624023,0.0924072265625,1756.0567626953125,155011.0,124626.3671875,60,607.8598541207612,0.058368001133203506,a0e8bed71b98326980950da94b46efee0b560c38c156ffa82e90526b22665d78,True
1464,25,48,90,recent_k2,29.537242889404297,1554.9224853515625,1554.9224853515625,29.537242889404297,0.054901123046875,1772.2344970703125,93295.34375,93295.34375,60,608.5908580571413,0.05632000043988228,48060436b795b33d7134cff322d16af694777203c160bf693c4e496e70a6ca7b,True
1465,25,48,105,recent_k2,4.4709272384643555,32.1400146484375,32.1400146484375,4.4709272384643555,0.00304412841796875,268.255615234375,1928.40087890625,1928.40087890625,60,610.135774128139,0.058368001133203506,3440fc1aa40bedfa7e14bb14a44f39f0854277f4a5e9975b50fffc21390ca30f,True
1466,25,48,120,recent_k2,5.94739294052124,58.42215347290039,58.42215347290039,5.94739294052124,0.0050201416015625,356.84356689453125,3505.3291015625,3505.3291015625,60,604.5526429079473,0.058368001133203506,eba7d58fed0bc0b1bb212485abe3a9921ddae9708f2ce28bb4b38ee0edd91ad0,True
1467,25,48,135,recent_k2,5.664318084716797,74.81129455566406,74.81129455566406,5.664318084716797,0.0023670196533203125,339.85906982421875,4488.67724609375,4488.67724609375,60,605.1504970528185,0.058368001133203506,06a19638709daefb522a54cb057c5c800bd97fc4bbd8364c60a562cc901ad753,True
1468,25,48,150,recent_k2,5.738709926605225,45.996910095214844,45.996910095214844,5.738709926605225,0.0023975372314453125,344.32257080078125,2759.814453125,2759.814453125,60,605.6360038928688,0.05641600117087364,5d34c820b19e6f84eb84e3f2e14c18f7c74408dd1d380e1c12e2e19e3b5a9125,True
1469,25,48,165,recent_k2,4.6246514320373535,62.57060241699219,62.57060241699219,4.6246514320373535,0.0019588470458984375,277.47906494140625,3754.23583984375,3754.23583984375,60,608.0140830017626,0.05734400078654289,acfcb09ee199b0f8b16d729374de5c00d5c96dd67454a521273e47f69b1693a3,True
1470,25,48,180,recent_k2,4.224151611328125,38.1236457824707,38.1236457824707,4.224151611328125,0.0012493133544921875,253.4490966796875,2287.418701171875,2287.418701171875,60,609.441920183599,0.06444799900054932,f8a2c8b06ab24c10c4515c05c916a3a5ffc69cb5a1ae4bc0c9f3c83b5e2365a9,True
1471,25,48,195,recent_k2,6.778930187225342,99.22161865234375,99.22161865234375,6.778930187225342,0.00341033935546875,406.73577880859375,5953.296875,5953.296875,60,610.9654167667031,0.05734400078654289,094683e5be759b57940c68b58a43850286a6e250d3f00176601b8c0860c790c5,True
1472,25,48,210,recent_k2,28.024789810180664,2096.26513671875,2096.26513671875,28.024789810180664,0.0655517578125,1681.4873046875,125775.90625,125775.90625,60,606.9882120937109,0.062463998794555664,4775558f4a86c5d5b965392961025465c69460911b2907623f0224ce439f1816,True
1473,25,48,225,recent_k2,20.40812873840332,856.4689331054688,856.4689331054688,20.40812873840332,0.0282135009765625,1224.4876708984375,51388.1328125,51388.1328125,60,609.3189120292664,0.05632000043988228,ca865602fd9108285a557258ef8a8cdedb43ae9afc1e7d35187eebb9b2b1ee45,True
1474,25,22,30,recent_k2,3.8313825130462646,23.96674156188965,23.96674156188965,3.8313825130462646,0.0008320808410644531,229.8829345703125,1438.00439453125,1438.00439453125,60,609.2103119008243,0.06963200122117996,432bbc4286d2e547734412ee23cfad7057240fed8a0e517582c1371535eef0a2,True
1475,25,22,45,recent_k2,3.7258963584899902,24.438514709472656,24.438514709472656,3.7258963584899902,0.0008149147033691406,223.55377197265625,1466.310791015625,1466.310791015625,60,608.7731057778001,0.05939200147986412,4f324129e8992b0f89adc580a8ef74adaa0bb185ca64f5e02ed1cc24038430ba,True
1476,25,22,60,recent_k2,2.70693039894104,10.685302734375,10.685302734375,2.70693039894104,0.00041103363037109375,162.4158172607422,641.1181030273438,641.1181030273438,60,609.3781013041735,0.05632000043988228,154f81543bb36427008a74ed582c29766ab612648fe3e7bac87ebbc6ea69a696,True
1477,25,22,75,recent_k2,6.729501724243164,217.9426727294922,217.9426727294922,6.729501724243164,0.006809234619140625,403.77008056640625,13076.5595703125,13076.5595703125,60,608.0025639384985,0.062463998794555664,174a8ceccbc363f48fc143c0035573e0af5e50f1b17e5947bbb3a17dc122918f,True
1478,25,22,90,recent_k2,18.864669799804688,9438.486328125,1219.9224853515625,18.864669799804688,0.291259765625,1131.880126953125,566309.125,73195.34375,60,608.383618760854,0.05734400078654289,799b813c0026ae2f68001253839d2d239bdfd854da48e4ec2762ec3836327fad,True
1479,25,22,105,recent_k2,12.233392715454102,317.1090087890625,317.1090087890625,12.233392715454102,0.0098419189453125,734.0035400390625,19026.5390625,19026.5390625,60,618.90306789428,0.058368001133203506,a8cac75af4c75b9027a07f385791a524fdd26234778cd0d1f718733d494d00dc,True
1480,25,22,120,recent_k2,6.327481269836426,68.96089172363281,68.96089172363281,6.327481269836426,0.0022563934326171875,379.64886474609375,4137.6533203125,4137.6533203125,60,609.010863583535,0.06348799914121628,f7fd208f8569fa2cf2d2a9a58f163f0a73f1309706fab1e912cd39ca0fdf2c8f,True
1481,25,22,135,recent_k2,5.944565773010254,71.54652404785156,71.54652404785156,5.944565773010254,0.0023479461669921875,356.6739196777344,4292.791015625,4292.791015625,60,618.4164322912693,0.06451199948787689,3416242e883b45bd031b16f7445a4db7cbd71173018b8adb6fbcc773158e2368,True
1482,25,22,150,recent_k2,4.592864036560059,27.869754791259766,27.869754791259766,4.592864036560059,0.0010309219360351562,275.57183837890625,1672.1851806640625,1672.1851806640625,60,606.457157060504,0.062463998794555664,747c5df41f7d9ad0f6453db7c6e7b59791af02831e6e1ea4f0aab113d94f8e77,True
1483,25,22,165,recent_k2,4.580744743347168,70.82865905761719,70.82865905761719,4.580744743347168,0.0022144317626953125,274.84466552734375,4249.71923828125,4249.71923828125,60,607.4629076756537,0.062463998794555664,bbbeeb64a6527bcab656551e8344fd57e6f66655d2d8103a8ffb7e43bd3b4f0b,True
1484,25,22,180,recent_k2,16.538434982299805,843.91650390625,843.91650390625,16.538434982299805,0.0264892578125,992.3060302734375,50634.98828125,50634.98828125,60,606.9789328612387,0.05632000043988228,8449881e5843c8628c1e44123e4fb821b115772a8df5f93a74f956f70d500c2c,True
1485,25,22,195,recent_k2,14.207632064819336,13704.748046875,638.2808227539062,14.207632064819336,0.423095703125,852.4578857421875,822284.8125,38296.84765625,60,607.1356409229338,0.05632000043988228,56817c2dabb463f7a43e3f8c875c9df6e32cac79d3a6bf303954f3dfac7dd919,True
1486,25,22,210,recent_k2,14.529816627502441,593.0001220703125,593.0001220703125,14.529816627502441,0.0183258056640625,871.7889404296875,35580.00390625,35580.00390625,60,606.4596869982779,0.058368001133203506,02839126ccd9bad9148814acfac610992140c8862a82ae447f1496f4e2a078c8,True
1487,25,22,225,recent_k2,15.154380798339844,571.827392578125,571.827392578125,15.154380798339844,0.017822265625,909.2628173828125,34309.640625,34309.640625,60,607.2025601752102,0.06451199948787689,1707d20313f7c5261e9ba0d5e722f3cfad94c3cb9109e69693218fd8748198a6,True
1488,25,55,30,recent_k2,3.9537360668182373,25.32846450805664,25.32846450805664,3.9537360668182373,0.0008802413940429688,237.22415161132812,1519.707763671875,1519.707763671875,60,606.2264791689813,0.06451199948787689,e8078f181dd929dbee0ec1e92bb705a38497ce5dbd0dc203b11ca52dbfcd5951,True
1489,25,55,45,recent_k2,13.067935943603516,458.4908142089844,458.4908142089844,13.067935943603516,0.014404296875,784.0761108398438,27509.447265625,27509.447265625,60,611.1272359266877,0.06143999844789505,6703c5355995bb532efcc928c3c26641af7dbb2b3c8695d7eaa3898b0418ea34,True
1490,25,55,60,recent_k2,10.586682319641113,233.30088806152344,233.30088806152344,10.586682319641113,0.0082550048828125,635.200927734375,13998.052734375,13998.052734375,60,604.265745729208,0.06963200122117996,33a1b11ab6950cf407ba3b6349443f51f36d405f06ecbddc06a6586f6dbfabdd,True
1491,25,55,75,recent_k2,11.888530731201172,494.1353454589844,494.1353454589844,11.888530731201172,0.016021728515625,713.3118286132812,29648.119140625,29648.119140625,60,607.8065857291222,0.05734400078654289,6fd040df8a83b1de66de9fff0fccc2899f4277109bdeee439d21b575a699e68b,True
1492,25,55,90,recent_k2,27.50774383544922,1340.0797119140625,1340.0797119140625,27.50774383544922,0.0423583984375,1650.464599609375,80404.78125,80404.78125,60,607.7983062714338,0.05939200147986412,cc97cac4a1ebc8e9d861fd10ce33dddae15ee460ed43a7e678124e85c727e60d,True
1493,25,55,105,recent_k2,12.88148021697998,525.1031494140625,525.1031494140625,12.88148021697998,0.0165863037109375,772.8887939453125,31506.1875,31506.1875,60,607.6918258331716,0.058368001133203506,fe164257bbb452f638bb305e8cad2da67d3887e219632e428c8fff40dd1e18f3,True
1494,25,55,120,recent_k2,9.842924118041992,149.4450225830078,149.4450225830078,9.842924118041992,0.004817962646484375,590.575439453125,8966.701171875,8966.701171875,60,607.7092373743653,0.05734400078654289,b6860ba774cf7191a839781b07e1e536c4721ff6ab858153cbb0e1b26b6fa9f1,True
1495,25,55,135,recent_k2,4.200246810913086,25.49500846862793,25.49500846862793,4.200246810913086,0.00091552734375,252.01478576660156,1529.700439453125,1529.700439453125,60,606.6056862473488,0.05632000043988228,f326d1b509ad446ae3b16973ee73767e201cc0306b56296ee1aba3f2d853ce15,True
1496,25,55,150,recent_k2,4.477285385131836,30.57168197631836,30.57168197631836,4.477285385131836,0.0010824203491210938,268.6371154785156,1834.30078125,1834.30078125,60,607.9394239932299,0.058368001133203506,9a5e1a932f56b22757437898aae86e900c060cbaf79b9ffc4533a711076c4ae1,True
1497,25,55,165,recent_k2,13.218351364135742,802.2042236328125,802.2042236328125,13.218351364135742,0.026153564453125,793.1010131835938,48132.25,48132.25,60,607.5812666676939,0.05632000043988228,e373d2d0746e7f5395c4d8538865644b3a36aa9af5d29cc2f6f1fd0eafdf4cae,True
1498,25,55,180,recent_k2,14.851221084594727,562.0143432617188,562.0143432617188,14.851221084594727,0.0181732177734375,891.0732421875,33720.859375,33720.859375,60,607.6389071531594,0.05734400078654289,4789463da1d65ed0f12a4db95fb96b73d60b95f1f3e3dd5550b1213e18cc016f,True
1499,25,55,195,recent_k2,29.77333641052246,2302.20751953125,2302.20751953125,29.77333641052246,0.072021484375,1786.400146484375,138132.4375,138132.4375,60,608.9640050195158,0.06451199948787689,a3f618ed3737ac698a3341d098b6cab968632a3631d446a77b49817d8a5830c0,True
1500,25,55,210,recent_k2,17.225584030151367,4018.486083984375,1084.386962890625,17.225584030151367,0.12457275390625,1033.5350341796875,241109.15625,65063.21484375,60,611.569703090936,0.06451199948787689,a998d00fe2de6b7d21760da42cb9345e8b4281c6d1a74df622b02e4106da5493,True
1501,25,55,225,recent_k2,15.539770126342773,17864.60546875,582.2916259765625,15.539770126342773,0.55224609375,932.3861694335938,1071876.25,34937.49609375,60,616.5862190537155,0.06143999844789505,4080036298fd6a9f3ebf9a9a05ff71c6c8cb02921c344c911b23ba0ee8fece66,True
1502,25,4,30,recent_k2,6.92651891708374,95.97057342529297,95.97057342529297,6.92651891708374,0.00429534912109375,415.59112548828125,5758.23388671875,5758.23388671875,60,619.9658289551735,0.0655359998345375,7b9ccd66ee5bc40755176b0f87aa785eccf308ce0224de48438aaaa5b557f0a4,True
1503,25,4,45,recent_k2,5.826333999633789,79.81627655029297,79.81627655029297,5.826333999633789,0.00305938720703125,349.58001708984375,4788.9765625,4788.9765625,60,619.54799387604,0.05939200147986412,f6a93706598bbf8f9bb11e19f5cc6da39f993c483225ed651026f351bbf248bb,True
1504,25,4,60,recent_k2,3.4823708534240723,23.085023880004883,23.085023880004883,3.4823708534240723,0.0008196830749511719,208.94224548339844,1385.101318359375,1385.101318359375,60,619.7059922851622,0.058368001133203506,bcb7298440315354240c86365225c0874095467883d24df9e27a68d7115349d5,True
1505,25,4,75,recent_k2,2.3375720977783203,8.816143989562988,8.816143989562988,2.3375720977783203,0.000347137451171875,140.2543182373047,528.9686279296875,528.9686279296875,60,620.0400786474347,0.058400001376867294,dac4c7b42ab14c5857205eae46b5755a52b68ba6f74f2a66aec5ca15bb0649d0,True
1506,25,4,90,recent_k2,12.03640365600586,342.20849609375,342.20849609375,12.03640365600586,0.0108795166015625,722.1842041015625,20532.5078125,20532.5078125,60,619.8423211462796,0.060416001826524734,24a9fefb9420122e80e3af04e332ba01be011618a4c6f2621e066023d803ab0c,True
1507,25,4,105,recent_k2,28.279315948486328,2931.04443359375,1903.4071044921875,28.279315948486328,0.09088134765625,1696.7589111328125,175862.65625,114204.421875,60,619.8522709310055,0.06038400158286095,bd697029ad6b1d44de65b392cb2ce555f0a353558144917145adbd4b44045d44,True
1508,25,4,120,recent_k2,14.479186058044434,11596.7890625,483.58587646484375,14.479186058044434,0.359375,868.7510986328125,695807.3125,29015.150390625,60,619.4646041840315,0.05939200147986412,0ea4d443edcbb14a3f386c839209efe73c070def83f80fce2c51e0276246e8aa,True
1509,25,4,135,recent_k2,19.173744201660156,26831.29296875,869.7695922851562,19.173744201660156,0.82861328125,1150.424560546875,1609877.5,52186.171875,60,619.3429152481258,0.05939200147986412,15cc84850e44fde74fd090e433cdeb3bb6dfe582550d80b2e180c406eda93b60,True
1510,25,4,150,recent_k2,10.617773056030273,273.1473388671875,273.1473388671875,10.617773056030273,0.00939178466796875,637.0663452148438,16388.83984375,16388.83984375,60,621.4036070741713,0.05939200147986412,504891dc69ee01345326ad2f8d1c9cf9475d7af28a27189552022d66bd045f0f,True
1511,25,4,165,recent_k2,15.650086402893066,15959.515625,558.1989135742188,15.650086402893066,0.493896484375,939.005126953125,957570.875,33491.93359375,60,620.1555291190743,0.0727040022611618,1282fd50386d302c276be940a45dc34e25477157e155f5a9c562a3b934f49df5,True
1512,25,4,180,recent_k2,18.243431091308594,2156.468017578125,839.518798828125,18.243431091308594,0.06671142578125,1094.6058349609375,129388.078125,50371.125,60,619.4343543611467,0.058368001133203506,6afa4cbf480477d5a751ab915af4a21758caceb1b1d06e9b5401cf1b53568885,True
1513,25,4,195,recent_k2,20.269773483276367,24328.234375,1149.9381103515625,20.269773483276367,0.7509765625,1216.1864013671875,1459694.0,68996.28125,60,619.9820498004556,0.058368001133203506,2b6604ae66460bab1891ce28a1edc96fbf7fab0053fdcfec03cfb25ccc110e49,True
1514,25,4,210,recent_k2,14.421177864074707,19447.064453125,537.0859375,14.421177864074707,0.60107421875,865.2706298828125,1166823.75,32225.15625,60,619.8417008854449,0.05939200147986412,5efe227e7c61349900b1c96b24e5f5502e48dafd433993b7f606a1e23bd8163e,True
1515,25,4,225,recent_k2,17.957557678222656,766.2979125976562,766.2979125976562,17.957557678222656,0.02386474609375,1077.453369140625,45977.87109375,45977.87109375,60,619.503244291991,0.05939200147986412,9326d2a1130513c1815e076718e8b0dea197e78ed0066c65af4b43833790e283,True
1516,25,45,30,recent_k2,3.5172221660614014,20.45729637145996,20.45729637145996,3.5172221660614014,0.0006499290466308594,211.0333251953125,1227.437744140625,1227.437744140625,60,607.9994738101959,0.0562559999525547,c1f34aa3c0a0520329db0c821fe66cb58d41540f438efd71a42e1f11fcc864a1,True
1517,25,45,45,recent_k2,3.335137128829956,20.017099380493164,20.017099380493164,3.335137128829956,0.0006251335144042969,200.10821533203125,1201.02587890625,1201.02587890625,60,610.1002860814333,0.05734400078654289,eab6a6518ae97f82abe511d6f0ccc971ff49e7940b26d09c395903d644eb7a46,True
1518,25,45,60,recent_k2,3.0785462856292725,17.077590942382812,17.077590942382812,3.0785462856292725,0.00054168701171875,184.7127685546875,1024.6553955078125,1024.6553955078125,60,609.5766508951783,0.05734400078654289,6d7de65c8e269ca1275410032b40619f0f3c84e98b8bdcab1497b97c9917627d,True
1519,25,45,75,recent_k2,4.311590194702148,89.5496826171875,89.5496826171875,4.311590194702148,0.00286865234375,258.6954040527344,5372.98046875,5372.98046875,60,609.9661369808018,0.055296000093221664,a86fd710fef30ac361ae6279f354f7242d0b197d9ce43a1ee00625515640f77e,True
1520,25,45,90,recent_k2,32.489776611328125,3166.83447265625,3166.83447265625,32.489776611328125,0.09930419921875,1949.3865966796875,190010.0625,190010.0625,60,609.145944006741,0.055296000093221664,9c4589d3912f1e846fbdd675a18f378a530a64e211498e1c895378c4d5847898,True
1521,25,45,105,recent_k2,20.647716522216797,836.7096557617188,836.7096557617188,20.647716522216797,0.0308990478515625,1238.8629150390625,50202.578125,50202.578125,60,610.0791860371828,0.05734400078654289,cfe465a1a6f43779fb0c0d2da5bc5bc492a24a9e1629100b4acf5b97b440d368,True
1522,25,45,120,recent_k2,7.061501979827881,109.99226379394531,109.99226379394531,7.061501979827881,0.0038166046142578125,423.6900939941406,6599.53564453125,6599.53564453125,60,612.3649072833359,0.055296000093221664,afa2294d7fefc3c69b5c297614e86479e525c2a6dabbc42dd07669dff5c6ae52,True
1523,25,45,135,recent_k2,6.91372013092041,94.06609344482422,94.06609344482422,6.91372013092041,0.0032558441162109375,414.82318115234375,5643.96533203125,5643.96533203125,60,608.5278298705816,0.062463998794555664,ed0d34b59df904b64804e923b2eb2506d0f00e2bafd8a419b2bb2c7894ebfaf7,True
1524,25,45,150,recent_k2,25.001474380493164,2560.914306640625,2560.914306640625,25.001474380493164,0.07940673828125,1500.08837890625,153654.84375,153654.84375,60,606.9464939646423,0.05427199974656105,cbe13e8e9e8eb0f94338a091243c606663f3b18e233e4912b0b01eb5c5099b04,True
1525,25,45,165,recent_k2,22.820398330688477,1143.47998046875,1143.47998046875,22.820398330688477,0.039154052734375,1369.223876953125,68608.796875,68608.796875,60,606.5622270107269,0.055296000093221664,c5423b75d22a2e6df229c9c4be4aa2c3c17f33e209d093f06236e6ef67b397b1,True
1526,25,45,180,recent_k2,16.834108352661133,10554.2314453125,682.6419067382812,16.834108352661133,0.327392578125,1010.0464477539062,633253.875,40958.51171875,60,607.899775262922,0.05632000043988228,5913a42053ebedca891082aafdacf419e20575b0b34b773e017986c75f0de115,True
1527,25,45,195,recent_k2,26.467456817626953,23480.54296875,1533.928466796875,26.467456817626953,0.7265625,1588.04736328125,1408832.5,92035.703125,60,606.911513954401,0.06758400052785873,cc71cf9a53b67ea795afcd256856664bc6850f097591be602eeae399fc99a8ac,True
1528,25,45,210,recent_k2,18.80575942993164,12145.1591796875,592.7638549804688,18.80575942993164,0.376220703125,1128.345458984375,728709.5,35565.828125,60,609.8337890580297,0.055296000093221664,3513c7926cc488784f37ef6971339fa061b689f87bce932e566d149b6452add7,True
1529,25,45,225,recent_k2,13.644181251525879,364.1146545410156,364.1146545410156,13.644181251525879,0.01153564453125,818.6508178710938,21846.87890625,21846.87890625,60,609.0723052620888,0.05532800033688545,de58b18a3b1355427ccc6e8081628be39c467bb000661b125f5de4e19b973839,True
1530,25,60,30,recent_k2,22.693883895874023,1593.7191162109375,1593.7191162109375,22.693883895874023,0.05108642578125,1361.6329345703125,95623.140625,95623.140625,60,609.2482740059495,0.05632000043988228,cb43d10ee63dfc685b99d739557cb4484e6aab24ca0c314a0c61d13b05333243,True
1531,25,60,45,recent_k2,15.063827514648438,466.6044006347656,466.6044006347656,15.063827514648438,0.0151519775390625,903.82958984375,27996.26171875,27996.26171875,60,610.5075632221997,0.06860800087451935,1028eca85d0e27f975daf41133ea5f010638ee40aee783f4b7186687ee8bf272,True
1532,25,60,60,recent_k2,40.884368896484375,4463.03271484375,4463.03271484375,40.884368896484375,0.140380859375,2453.06201171875,267781.9375,267781.9375,60,608.2561020739377,0.08499199897050858,f55049074c0856f3df5c3f3e4335f989b3252972645bfcce5025673299358a3c,True
1533,25,60,75,recent_k2,8.177050590515137,97.3879623413086,97.3879623413086,8.177050590515137,0.003246307373046875,490.6230163574219,5843.27734375,5843.27734375,60,607.648678123951,0.05632000043988228,07c90da49d43a36425c6623478bc64528b4f31db93454a8c2f04b39d21a43fc7,True
1534,25,60,90,recent_k2,9.263172149658203,259.19329833984375,259.19329833984375,9.263172149658203,0.00836181640625,555.790283203125,15551.59765625,15551.59765625,60,608.8299979455769,0.05632000043988228,62da3dbd264bdfa03feef99b458bea8b80f774ff1a27434208dc1e542340a3f4,True
1535,25,60,105,recent_k2,5.4652581214904785,59.551368713378906,59.551368713378906,5.4652581214904785,0.001983642578125,327.91546630859375,3573.08203125,3573.08203125,60,608.4349919110537,0.05632000043988228,925081568a2dad62b7df8d819335a5364834337cfdd6f6583b50e00c0524403d,True
1536,25,60,120,recent_k2,3.418527364730835,18.109704971313477,18.109704971313477,3.418527364730835,0.0006365776062011719,205.11163330078125,1086.582275390625,1086.582275390625,60,608.2225227728486,0.056352000683546066,53cdd686ae875b22abdd2f0a0e32ad6f314dcc342dea755b3abdd7559c7950e0,True
1537,25,60,135,recent_k2,17.261526107788086,859.9658203125,859.9658203125,17.261526107788086,0.028839111328125,1035.6915283203125,51597.9453125,51597.9453125,60,608.2921326160431,0.05632000043988228,1e70efc72043e8e8c1c6d7401facdf8dc707a50e5540aec9891353c59baee1be,True
1538,25,60,150,recent_k2,11.324069023132324,250.84194946289062,250.84194946289062,11.324069023132324,0.0084075927734375,679.444091796875,15050.5166015625,15050.5166015625,60,608.0063637346029,0.05939200147986412,be20cb3c8e8f1c635bcb36b69bc8ccb0883f2406b5bb849131ad4009cf24b4c1,True
1539,25,60,165,recent_k2,5.813304901123047,73.63965606689453,73.63965606689453,5.813304901123047,0.002330780029296875,348.79827880859375,4418.37890625,4418.37890625,60,609.3717231415212,0.05427199974656105,36c287e2952d67f0783d470e1f2bcda03b7f50247bc8377d60f67c3ec4ad3066,True
1540,25,60,180,recent_k2,10.83749008178711,332.20440673828125,332.20440673828125,10.83749008178711,0.01172637939453125,650.2493896484375,19932.263671875,19932.263671875,60,608.584770001471,0.055296000093221664,65d3b689e3a66142e478d5cad766700150971f23cfe94d413d2952f28427edc9,True
1541,25,60,195,recent_k2,9.705949783325195,4039.69970703125,456.68475341796875,9.705949783325195,0.125732421875,582.35693359375,242381.96875,27401.083984375,60,607.7364566735923,0.055296000093221664,04df2c855dfcbbc3fd73e6b5ee56b7df6e1af40fe53cf4b7ec366fd1f13faeec,True
1542,25,60,210,recent_k2,28.928178787231445,25195.91796875,1634.3172607421875,28.928178787231445,0.78271484375,1735.690673828125,1511755.0,98059.03125,60,607.9225661233068,0.055296000093221664,59d958f9fd28b94f55dd588f12357c3086ead7dd287352efb9e4973a629d43d7,True
1543,25,60,225,recent_k2,18.488523483276367,9282.54296875,773.036376953125,18.488523483276367,0.28662109375,1109.3114013671875,556952.5625,46382.1796875,60,607.5443187728524,0.05734400078654289,10694abfade3ac27cda6ead9fbe0ea7426b413c419d342b751ed989cdc8b1c19,True
1544,25,26,30,recent_k2,16.84096908569336,14679.271484375,531.0687255859375,16.84096908569336,0.456298828125,1010.4581298828125,880756.25,31864.12109375,60,609.8406291566789,0.055296000093221664,363b56a582c9826c4b6155839e0e5288725b2f880e6295884e2719fd3a115447,True
1545,25,26,45,recent_k2,8.806177139282227,143.844970703125,143.844970703125,8.806177139282227,0.004871368408203125,528.37060546875,8630.6982421875,8630.6982421875,60,602.2314950823784,0.05632000043988228,876b5aeabe1c66eba6506df8eb56f04073cad6737f0b33445208076d2f189029,True
1546,25,26,60,recent_k2,5.989627361297607,52.41254425048828,52.41254425048828,5.989627361297607,0.0020465850830078125,359.37762451171875,3144.75244140625,3144.75244140625,60,614.2537910491228,0.05632000043988228,dd25474c29cf12df5819dbe1ba6086cd8dc65da6cfb6e97c0c0a620f3a4a2aa6,True
1547,25,26,75,recent_k2,10.89583969116211,418.69415283203125,418.69415283203125,10.89583969116211,0.01294708251953125,653.7503662109375,25121.6484375,25121.6484375,60,608.8153277523816,0.0655359998345375,d947f402f85ecc7f983e5f4f0c78b3d3322c250843bcef38a896d955478230a8,True
1548,25,26,90,recent_k2,13.269807815551758,464.2270202636719,464.2270202636719,13.269807815551758,0.01435089111328125,796.1884155273438,27853.619140625,27853.619140625,60,608.4898300468922,0.055296000093221664,7f042fceaa2bd244edcd28aef5bb126560afc1510383d1f7baab10a43e4c5374,True
1549,25,26,105,recent_k2,4.958054065704346,33.85330581665039,33.85330581665039,4.958054065704346,0.0013074874877929688,297.48321533203125,2031.1982421875,2031.1982421875,60,611.9498810730875,0.06451199948787689,42f264eff0c39c1b786aff7a1cc6aee5286862b6c20692ea00cad2ae27d295e4,True
1550,25,26,120,recent_k2,5.156351089477539,76.32836151123047,76.32836151123047,5.156351089477539,0.002498626708984375,309.38104248046875,4579.70166015625,4579.70166015625,60,609.6289921551943,0.08601599931716919,3c87e6bf9a0dc41a9e2fab569ca9fd1eecd66495cea882d8f95f62daf1658910,True
1551,25,26,135,recent_k2,17.224790573120117,842.9996337890625,842.9996337890625,17.224790573120117,0.0263824462890625,1033.4874267578125,50579.9765625,50579.9765625,60,600.7987284101546,0.05734400078654289,d04ffb8a63976caea958cef979147c9f7e31e3839880f3a3c5acaf55b80d00ca,True
1552,25,26,150,recent_k2,24.2109432220459,22226.83203125,1158.2144775390625,24.2109432220459,0.69189453125,1452.656494140625,1333609.875,69492.8671875,60,605.7682642713189,0.05632000043988228,51bdcc3ac765fceae99cc8b1c214f376faa9f01c9ec9f087d01480a6f202410a,True
1553,25,26,165,recent_k2,23.269424438476562,3116.737548828125,1233.67236328125,23.269424438476562,0.096923828125,1396.1654052734375,187004.25,74020.3359375,60,606.5595378167927,0.05632000043988228,0c4975e0defaaa0968cd5429f459c12ba999f93cc09f6a525f27baf3231b0e4e,True
1554,25,26,180,recent_k2,34.468116760253906,19692.73046875,2911.77001953125,34.468116760253906,0.6142578125,2068.0869140625,1181563.75,174706.1875,60,603.0075489543378,0.055296000093221664,d438d19fee711208e81d7e23282498b517898afa0cacd3b232f50e69d76d1d5a,True
1555,25,26,195,recent_k2,21.370927810668945,9142.4443359375,1183.5125732421875,21.370927810668945,0.28515625,1282.255615234375,548546.625,71010.75,60,603.7442218512297,0.05632000043988228,699a3991d845c6fe0365d3f0c559d0a6f5d06bd068f56e995217d54daac381a2,True
1556,25,26,210,recent_k2,12.234147071838379,311.6378479003906,311.6378479003906,12.234147071838379,0.010589599609375,734.0487670898438,18698.26953125,18698.26953125,60,603.0867681838572,0.062463998794555664,a5df63d35bc7344bb71521ec538cf41fb970a9dd79666a83729837f226fa173a,True
1557,25,26,225,recent_k2,15.476217269897461,518.9497680664062,518.9497680664062,15.476217269897461,0.0169830322265625,928.572998046875,31136.984375,31136.984375,60,602.6458418928087,0.05734400078654289,417eec0611a48becdf4f71e078b9a9b6a175000d9787fb444d3741e7391d8d83,True
1558,25,21,30,recent_k2,4.139895439147949,21.90711784362793,21.90711784362793,4.139895439147949,0.0008654594421386719,248.39370727539062,1314.427001953125,1314.427001953125,60,605.5459473282099,0.055296000093221664,e570d5941cb53aea73b295e889d2a9e8a02c24b69c8bb52011d7f8fb163cc77b,True
1559,25,21,45,recent_k2,3.5442121028900146,17.480268478393555,17.480268478393555,3.5442121028900146,0.0006279945373535156,212.6527099609375,1048.8160400390625,1048.8160400390625,60,607.7380580827594,0.055296000093221664,6f0ae21331879eb9b81b2935eee8cf0c6d8aeea7cff3e410799eaeb6b3da033b,True
1560,25,21,60,recent_k2,3.785217761993408,20.579143524169922,20.579143524169922,3.785217761993408,0.0007500648498535156,227.11305236816406,1234.74853515625,1234.74853515625,60,607.5067701749504,0.055296000093221664,3249e42d0b048901067ce08d17218538f059a130740a795e1314fc684e3748b3,True
1561,25,21,75,recent_k2,3.519243001937866,18.183032989501953,18.183032989501953,3.519243001937866,0.0006551742553710938,211.15457153320312,1090.98193359375,1090.98193359375,60,607.50493966043,0.055296000093221664,df7c91299041470557e6b2284614420362562c624e432a479fd01a981ef518a9,True
1562,25,21,90,recent_k2,3.523270606994629,18.44515037536621,18.44515037536621,3.523270606994629,0.0006651878356933594,211.39622497558594,1106.708984375,1106.708984375,60,607.153772842139,0.055296000093221664,eb808a4aeb4d118f64cf924a8835218b9ba2ef2a2d2ece7e393f040aee3c9c66,True
1563,25,21,105,recent_k2,3.5492289066314697,18.88289451599121,18.88289451599121,3.5492289066314697,0.0006823539733886719,212.95372009277344,1132.9736328125,1132.9736328125,60,607.3404811322689,0.055296000093221664,309d92cf22f6cac842fc2f9b42d9dc8aeffc5ba7e14d0adef653f7eaa02f2c0a,True
1564,25,21,120,recent_k2,3.584308624267578,19.284290313720703,19.284290313720703,3.584308624267578,0.0006814002990722656,215.05850219726562,1157.057373046875,1157.057373046875,60,606.8944060243666,0.055296000093221664,ea71a6d29c999e2d0818cf5733bde2df455ff1f5a3490e89ee05830ac291fa71,True
1565,25,21,135,recent_k2,3.565603017807007,18.88235092163086,18.88235092163086,3.565603017807007,0.000675201416015625,213.93617248535156,1132.9410400390625,1132.9410400390625,60,606.7903470247984,0.05632000043988228,a2ebf546fcc90178c671be158eab08cea93c9a704dacc563c8b3e22d7d3de1fd,True
1566,25,21,150,recent_k2,3.590062141418457,18.995878219604492,18.995878219604492,3.590062141418457,0.0006823539733886719,215.40371704101562,1139.752685546875,1139.752685546875,60,607.3034820146859,0.05427199974656105,7b0f443cd3a16442f580b17527b0d6b026cce1955d81bac08ccbb67851ea916c,True
1567,25,21,165,recent_k2,3.2906594276428223,15.940629005432129,15.940629005432129,3.2906594276428223,0.0005640983581542969,197.43955993652344,956.4376831054688,956.4376831054688,60,607.4354313313961,0.055296000093221664,b347a94d94f4f65782b8075301f1644ec05751791bb68a5056ab124ca1081863,True
1568,25,21,180,recent_k2,26.292804718017578,2700.393310546875,2700.393310546875,26.292804718017578,0.08343505859375,1577.5682373046875,162023.59375,162023.59375,60,606.9580549374223,0.05427199974656105,ffc64a52f044dd85ad29e34388ae7230c7fa4683c0dd13ab3c0b233a318dc572,True
1569,25,21,195,recent_k2,5.469414234161377,105.83099365234375,105.83099365234375,5.469414234161377,0.00333404541015625,328.1648254394531,6349.859375,6349.859375,60,607.7470378950238,0.055296000093221664,790850cdcbc2e73d1f102a75cde600fcff520829305f705e40ed3d4faec025ef,True
1570,25,21,210,recent_k2,5.829923152923584,63.48050308227539,63.48050308227539,5.829923152923584,0.002246856689453125,349.7953796386719,3808.830078125,3808.830078125,60,606.9031958468258,0.05532800033688545,dbf72da17ed33995454c2a75ba091d20f66b2a4d4d4ae52952f7c6c89f194869,True
1571,25,21,225,recent_k2,18.393417358398438,1534.7540283203125,1534.7540283203125,18.393417358398438,0.0474853515625,1103.60498046875,92085.234375,92085.234375,60,607.6218588277698,0.05734400078654289,a0d90e83c9859e66bed7da412ce3ac8b69b0a0236c842f549e25cf19d05ea34d,True
1572,25,44,30,recent_k2,2.7951183319091797,14.981857299804688,14.981857299804688,2.7951183319091797,0.0006613731384277344,167.70709228515625,898.911376953125,898.911376953125,60,607.7770669944584,0.055296000093221664,846484345381cf394568c880617a8b23659599572c01b76113c796de98119b73,True
1573,25,44,45,recent_k2,9.386140823364258,151.6666717529297,151.6666717529297,9.386140823364258,0.00719451904296875,563.1683959960938,9100.0,9100.0,60,606.3695796765387,0.055296000093221664,cb907b61e96815816cc49e2b0dd305a13846cd8b7712ae331369fbc652170e62,True
1574,25,44,60,recent_k2,9.298399925231934,311.1576843261719,311.1576843261719,9.298399925231934,0.011016845703125,557.9039916992188,18669.4609375,18669.4609375,60,606.5827291458845,0.05632000043988228,0dd2d74ac574766146fa2e8ce27cd31643469019e4805d961bc94025a8c5f4e7,True
1575,25,44,75,recent_k2,10.711446762084961,391.39501953125,391.39501953125,10.711446762084961,0.01300048828125,642.686767578125,23483.69921875,23483.69921875,60,607.5750989839435,0.055296000093221664,07df185b3c544e6d0ff2ecc498b2abfe66548b9ac61bc336cdeff9a782f72b66,True
1576,25,44,90,recent_k2,9.868927955627441,231.602294921875,231.602294921875,9.868927955627441,0.00720977783203125,592.1356201171875,13896.13671875,13896.13671875,60,607.290122192353,0.0655359998345375,c744f325c5c266f21341628c75b0cf72358be4da454dbb69c598fe5d30a92639,True
1577,25,44,105,recent_k2,4.137678623199463,24.29667854309082,24.29667854309082,4.137678623199463,0.0010843276977539062,248.26071166992188,1457.8006591796875,1457.8006591796875,60,607.3574321344495,0.06656000018119812,bd1d974cb9aafa83808a79e99bd7b9a88596bda19046eda138134ec292480de1,True
1578,25,44,120,recent_k2,4.4604949951171875,45.14039611816406,45.14039611816406,4.4604949951171875,0.0014734268188476562,267.62969970703125,2708.423583984375,2708.423583984375,60,607.5130198150873,0.05734400078654289,8905596d014cb229962394feda85a8d6c5c497979d35099d3917a973e9547b3a,True
1579,25,44,135,recent_k2,4.953829288482666,34.96767807006836,34.96767807006836,4.953829288482666,0.0015106201171875,297.229736328125,2098.060546875,2098.060546875,60,607.2338833473623,0.05632000043988228,f698c8de760b77f65fb204db0dd3163a8ef51703263e7cac1b7a48f7c46b05a0,True
1580,25,44,150,recent_k2,5.034031391143799,39.41687774658203,39.41687774658203,5.034031391143799,0.0018873214721679688,302.0418701171875,2365.012451171875,2365.012451171875,60,607.155763078481,0.05632000043988228,4525e2ae22bf09d10eda1ab99e8603317d7b18acfd01362fba98e961543957ca,True
1581,25,44,165,recent_k2,5.014963150024414,36.486572265625,36.486572265625,5.014963150024414,0.0015592575073242188,300.89776611328125,2189.1943359375,2189.1943359375,60,606.9286363199353,0.05632000043988228,58f22f16db7b710b533aa505425a58d68e84c89abf1205eb875eb58f297aa25e,True
1582,25,44,180,recent_k2,5.672616481781006,63.82106018066406,63.82106018066406,5.672616481781006,0.002185821533203125,340.3569641113281,3829.263427734375,3829.263427734375,60,607.3590717278421,0.055296000093221664,28020dd8ad4ed07f20e2f93daa2bbb7fe5fb39f22122f296684ffba3f5f93b44,True
1583,25,44,195,recent_k2,8.16004753112793,247.18557739257812,247.18557739257812,8.16004753112793,0.00783538818359375,489.6028137207031,14831.1337890625,14831.1337890625,60,606.6698175854981,0.055296000093221664,aba5fae9666975ec324046a79de5f9675411d58a39fc50dc9d32027a0b8e6e1e,True
1584,25,44,210,recent_k2,18.555583953857422,946.6123657226562,946.6123657226562,18.555583953857422,0.0300140380859375,1113.3349609375,56796.73828125,56796.73828125,60,608.7287203408778,0.05632000043988228,c79ac3092e31c864fb1ba4da7df7c851c7a873f57a7bfe8ef2b951c09ae53da7,True
1585,25,44,225,recent_k2,11.277276039123535,176.08917236328125,176.08917236328125,11.277276039123535,0.0079345703125,676.6365356445312,10565.349609375,10565.349609375,60,607.2044130414724,0.05632000043988228,cf3a80f3f580e2a633aefaa5284e04f8399a6f37cb252b615faf1aa5516f0feb,True
1586,25,23,30,recent_k2,5.000717639923096,51.988563537597656,51.988563537597656,5.000717639923096,0.0018873214721679688,300.04302978515625,3119.313720703125,3119.313720703125,60,606.5610987134278,0.055296000093221664,3ce48451d9ad1a4b49ed9117c4f7a5e1aa160862469d3356a924b145e40e51c0,True
1587,25,23,45,recent_k2,19.11676597595215,9088.7001953125,1219.6881103515625,19.11676597595215,0.28076171875,1147.005859375,545322.0,73181.28125,60,607.1202037855983,0.05632000043988228,366f1604cff94e8ea365c8a177595e1699306cf634f493c3a222a07f75b1059f,True
1588,25,23,60,recent_k2,15.939966201782227,8442.4345703125,492.1489562988281,15.939966201782227,0.2666015625,956.39794921875,506546.0625,29528.935546875,60,607.8489581122994,0.055296000093221664,f118958ffdae2dbfc38dadb3ebe6a43bb35fceed34b8275c77b644b68ac224ec,True
1589,25,23,75,recent_k2,22.599624633789062,4791.169921875,1995.2862548828125,22.599624633789062,0.1480712890625,1355.9774169921875,287470.1875,119717.171875,60,606.3218107447028,0.05632000043988228,0cde4800e03f51326fa2567387f567be8eb3c120b1a52d05531020c0800e4b7e,True
1590,25,23,90,recent_k2,28.65667724609375,16567.30859375,2540.454833984375,28.65667724609375,0.51171875,1719.4005126953125,994038.5,152427.28125,60,606.5754787996411,0.05632000043988228,2208390c442d9d6d8548968c10965aedabc2e1d5c583a8bd647cefe87ba541e3,True
1591,25,23,105,recent_k2,21.34550666809082,14473.3193359375,1383.291015625,21.34550666809082,0.44677734375,1280.7303466796875,868399.125,82997.453125,60,606.5515987575054,0.05526399984955788,cf7d4ee38f4fc09bd9070daee77e4afcd18e6a5d32aaaeba0ee61f18c62e5192,True
1592,25,23,120,recent_k2,20.171770095825195,746.5305786132812,746.5305786132812,20.171770095825195,0.0278472900390625,1210.30615234375,44791.83203125,44791.83203125,60,607.204404193908,0.05632000043988228,306383add04793af764561ce0da535adddf7dce5eb9d17fc0c041da17775b485,True
1593,25,23,135,recent_k2,3.3983960151672363,21.336828231811523,21.336828231811523,3.3983960151672363,0.0008955001831054688,203.90374755859375,1280.2095947265625,1280.2095947265625,60,607.0716250687838,0.055296000093221664,607f9224f48834de7d25f7057c787604d96a82629b3b3f06066c525be6b4b975,True
1594,25,23,150,recent_k2,15.23266315460205,389.5074462890625,389.5074462890625,15.23266315460205,0.0157623291015625,913.959716796875,23370.4453125,23370.4453125,60,602.4199053645134,0.05427199974656105,2ef08e472a6d88e2071e5f4790f423b7f611e318bf00bfb9b153e4e7cbdca8e4,True
1595,25,23,165,recent_k2,7.690568923950195,81.40131378173828,81.40131378173828,7.690568923950195,0.004314422607421875,461.4341125488281,4884.07861328125,4884.07861328125,60,603.7415931932628,0.05734400078654289,48b7b0df853b0f554b1e8df43ec44073ab5a5dbc64dd4b6d038d5346c7bc34a4,True
1596,25,23,180,recent_k2,3.878774642944336,20.685304641723633,20.685304641723633,3.878774642944336,0.0012845993041992188,232.72647094726562,1241.1181640625,1241.1181640625,60,604.037122335285,0.05632000043988228,1cf25d46557994e476a60589608e8bd0286495aeece423ba6744de03a47b3cb7,True
1597,25,23,195,recent_k2,8.401076316833496,149.6323699951172,149.6323699951172,8.401076316833496,0.00478363037109375,504.0645751953125,8977.94140625,8977.94140625,60,603.745274245739,0.05632000043988228,1cc8041f466b7fb6b7f433f0f96e7de7442cbf82af0389c9e6299fb3c5bf9c93,True
1598,25,23,210,recent_k2,7.243897914886475,167.632080078125,167.632080078125,7.243897914886475,0.005435943603515625,434.63385009765625,10057.923828125,10057.923828125,60,604.1119899600744,0.05526399984955788,b95bdd0290f4ddddd31fb0df6ff28533ee4be369a852e7b9d8f521e12ad4ef7b,True
1599,25,23,225,recent_k2,39.9705924987793,4906.54296875,4906.54296875,39.9705924987793,0.1534423828125,2398.2353515625,294392.5625,294392.5625,60,605.2616205997765,0.055296000093221664,d3576c435b7c1f1e4bf882a7c0305277e70549f0c754161e048d0fa8ba0c9e2a,True
1600,25,53,30,recent_k2,23.99838638305664,1481.112060546875,1481.112060546875,23.99838638305664,0.047576904296875,1439.903076171875,88866.71875,88866.71875,60,609.8275207914412,0.06656000018119812,1d6508e4144ca97f7975ca16c28f3a53fd8366519d85a871e42f8442d9d09864,True
1601,25,53,45,recent_k2,50.442108154296875,5623.5693359375,5623.5693359375,50.442108154296875,0.1881103515625,3026.5263671875,337414.15625,337414.15625,60,608.7362607941031,0.05734400078654289,988bc5451630b4484a164ab0684c875a007fc6488c3b47169dbdfcf9ecd3c710,True
1602,25,53,60,recent_k2,17.0057315826416,676.6217041015625,676.6217041015625,17.0057315826416,0.023834228515625,1020.3438720703125,40597.30078125,40597.30078125,60,609.2428863048553,0.05632000043988228,0190afebecd41f2413061f3c612b1dbafb469db1ae18b0035b092ea355dd7411,True
1603,25,53,75,recent_k2,27.316118240356445,1495.83203125,1495.83203125,27.316118240356445,0.04718017578125,1638.967041015625,89749.9140625,89749.9140625,60,608.9135990478098,0.05427199974656105,b57efffbf73f85ce1889e3ea82930ec74192ae827ffb15b1af3f11a781deb659,True
1604,25,53,90,recent_k2,19.46139907836914,934.2571411132812,934.2571411132812,19.46139907836914,0.029571533203125,1167.683837890625,56055.42578125,56055.42578125,60,606.9183959625661,0.055296000093221664,ddf5862b954793d3626d46740271a643ecb9959eadd4e95e75672d86d208af8c,True
1605,25,53,105,recent_k2,27.073387145996094,1919.4957275390625,1919.4957275390625,27.073387145996094,0.0626220703125,1624.4031982421875,115169.734375,115169.734375,60,608.0376273021102,0.055296000093221664,c829d79185ed13dda14c6cf96839e0bd7c1bb1303099aded2a041b7c42c6ef85,True
1606,25,53,120,recent_k2,15.223569869995117,594.6956787109375,594.6956787109375,15.223569869995117,0.0188751220703125,913.4141235351562,35681.73828125,35681.73828125,60,607.8825080767274,0.05632000043988228,a89d37b93473d3b1fb47338b15df61fb8f38093ea0fe59b616e1c2fb69af0cb9,True
1607,25,53,135,recent_k2,11.105409622192383,181.29217529296875,181.29217529296875,11.105409622192383,0.00826263427734375,666.3245239257812,10877.5302734375,10877.5302734375,60,607.919747941196,0.055296000093221664,99d386ea64e0017a21d1fc9b0d18e88104f450711e46fcf4ae157a62b44cb33c,True
1608,25,53,150,recent_k2,6.154669284820557,75.19194793701172,75.19194793701172,6.154669284820557,0.002716064453125,369.2801513671875,4511.5166015625,4511.5166015625,60,608.1442655995488,0.055296000093221664,a05898959bf060830c76f2118555600ba3b3b8c977f8596b21bbf96c4b41f3bd,True
1609,25,53,165,recent_k2,9.943648338317871,155.2140350341797,155.2140350341797,9.943648338317871,0.011016845703125,596.618896484375,9312.841796875,9312.841796875,60,609.7617316991091,0.055296000093221664,5faf68dab1ea75fa4a547d0094a8fc3c4879030df890077088ebea03aaf8bf1c,True
1610,25,53,180,recent_k2,4.1390299797058105,30.042434692382812,30.042434692382812,4.1390299797058105,0.0013093948364257812,248.341796875,1802.5460205078125,1802.5460205078125,60,607.4853022582829,0.058368001133203506,cc95b3d02e7c9f4a94c74295856b95589ac76b3782fbb69482f5b70b91208581,True
1611,25,53,195,recent_k2,8.703408241271973,205.535400390625,205.535400390625,8.703408241271973,0.00655364990234375,522.2044677734375,12332.123046875,12332.123046875,60,607.899148017168,0.05632000043988228,435227231fbf93c0e9f166e8f781292d1e5792af42094ed80d8d1f1f0e5d2112,True
1612,25,53,210,recent_k2,6.536488056182861,99.94239044189453,99.94239044189453,6.536488056182861,0.0033702850341796875,392.18927001953125,5996.54296875,5996.54296875,60,607.0162560790777,0.055296000093221664,3c646f9e01c7118df3e55763e047df172ad66f6d867a2516a75de567c9cd437a,True
1613,25,53,225,recent_k2,5.314444065093994,73.61636352539062,73.61636352539062,5.314444065093994,0.002368927001953125,318.86663818359375,4416.9814453125,4416.9814453125,60,606.6524190828204,0.055296000093221664,493285a463d8fc4c97cdfd5ef2bf43edbbc2018d8f23cb4af9a4f0a22d73b693,True
1614,25,84,30,recent_k2,5.1576828956604,31.89690589904785,31.89690589904785,5.1576828956604,0.0018320083618164062,309.4609680175781,1913.814208984375,1913.814208984375,60,607.2078850120306,0.05632000043988228,bf21be45553fbac790cce4126d8f17a5cfe65327cfafdd6896bedbc43db8e099,True
1615,25,84,45,recent_k2,18.88445281982422,7606.40625,1181.400634765625,18.88445281982422,0.2353515625,1133.067138671875,456384.34375,70884.03125,60,607.6508210971951,0.055296000093221664,e4431f5e42c9374c0b0a2d9bda0c207a9fd4aeff0390a3a1ee7b81c23e5633a3,True
1616,25,84,60,recent_k2,41.052276611328125,22215.142578125,3578.552978515625,41.052276611328125,0.6904296875,2463.136474609375,1332908.5,214713.171875,60,607.351663056761,0.05632000043988228,434e9cb993040cbb0eb2ed928e422c6e8972d2fdd662829464d0b07d007a39de,True
1617,25,84,75,recent_k2,16.38367462158203,632.273193359375,632.273193359375,16.38367462158203,0.0199737548828125,983.0203857421875,37936.390625,37936.390625,60,607.571650762111,0.055296000093221664,7802ec2157e59e89418017b696603dfaeefb21f9fbbd4a5dae9ab70935c4ee36,True
1618,25,84,90,recent_k2,19.001005172729492,5139.39599609375,1046.78173828125,19.001005172729492,0.158935546875,1140.060302734375,308363.75,62806.8984375,60,606.8937671370804,0.05632000043988228,2274d5bd962bbd56b834fe888c9e4211bf76135ca775b704582f0f30ee4b8abd,True
1619,25,84,105,recent_k2,43.82948303222656,20466.244140625,4185.7177734375,43.82948303222656,0.63232421875,2629.768798828125,1227974.625,251143.046875,60,607.8262692317367,0.06451199948787689,8e25d0b90db7344a845a8fc722154c8939331ce1de72c5cf698ae6e8bc86d0cb,True
1620,25,84,120,recent_k2,5.284138202667236,35.24480056762695,35.24480056762695,5.284138202667236,0.0016164779663085938,317.04827880859375,2114.68798828125,2114.68798828125,60,607.2377939708531,0.055296000093221664,41b6b4b640bbb39a2224432c7b0204f2eb8f96907669a212a0c0a9a466baf2f6,True
1621,25,84,135,recent_k2,5.612823963165283,38.61530685424805,38.61530685424805,5.612823963165283,0.0019483566284179688,336.7694091796875,2316.918212890625,2316.918212890625,60,607.7473489567637,0.055296000093221664,e529ae20daf11f8431178aa0b120e955aa27b6248fcea7062c4e64055aa69141,True
1622,25,84,150,recent_k2,5.475434303283691,37.29711151123047,37.29711151123047,5.475434303283691,0.0017595291137695312,328.5260314941406,2237.82666015625,2237.82666015625,60,608.4798029623926,0.05632000043988228,456e801944fc33e03c5c8bc4f6e298794f56c0899e541679f1582955059a140c,True
1623,25,84,165,recent_k2,13.644403457641602,749.248291015625,749.248291015625,13.644403457641602,0.0316162109375,818.6641845703125,44954.89453125,44954.89453125,60,607.6875203289092,0.055296000093221664,e64fcfaefb418e37e4de0bbcb6ff23e710167766eb1246ea3d50d349594b67a8,True
1624,25,84,180,recent_k2,36.135101318359375,2502.672119140625,2502.672119140625,36.135101318359375,0.10467529296875,2168.10595703125,150160.3125,150160.3125,60,607.3542931117117,0.05427199974656105,4058c4e465c95fa37b0acbde983bee43ee9f4e54c12c2cafef7250da171f2aa0,True
1625,25,84,195,recent_k2,17.539661407470703,620.9132080078125,620.9132080078125,17.539661407470703,0.0224151611328125,1052.379638671875,37254.7890625,37254.7890625,60,608.3721239119768,0.055296000093221664,6167d9bd223b263344ad85477c7b927cf2302f2484b9939f54af70ba76f5d133,True
1626,25,84,210,recent_k2,38.41942596435547,3245.975341796875,3245.975341796875,38.41942596435547,0.1148681640625,2305.16552734375,194758.515625,194758.515625,60,607.5771609321237,0.055296000093221664,26d8dc7cd992a3fe1e6f524a2137eacb0dd76ea0455256b4ad2ea564af43cc7a,True
1627,25,84,225,recent_k2,7.847745895385742,66.8207015991211,66.8207015991211,7.847745895385742,0.00478363037109375,470.8647155761719,4009.24169921875,4009.24169921875,60,607.8677591867745,0.06143999844789505,89e61abb81830154df2d85c17e5978698aa33045d419304456623fe603967e7e,True
1628,25,59,30,recent_k2,6.951430797576904,223.47657775878906,223.47657775878906,6.951430797576904,0.007228851318359375,417.0858154296875,13408.59375,13408.59375,60,609.0007787570357,0.055296000093221664,9561eae32af7df3b403d8f0363029d94bd6f8a9cb4c97b51ba0164f137a353bd,True
1629,25,59,45,recent_k2,37.84441375732422,3692.413330078125,3692.413330078125,37.84441375732422,0.11712646484375,2270.664794921875,221544.78125,221544.78125,60,607.4934820644557,0.060416001826524734,37884f94fe2ce57c4dea52a0a76ac2a55d58d460a188ab7abe1d602bfb3f4a19,True
1630,25,59,60,recent_k2,10.627340316772461,391.7376708984375,391.7376708984375,10.627340316772461,0.013946533203125,637.640380859375,23504.259765625,23504.259765625,60,607.5423411093652,0.055296000093221664,fce2dcbe5d77198b97ae1ddb061375494f4d5d11b9d14a289169852f5eed68c9,True
1631,25,59,75,recent_k2,21.438547134399414,1327.7890625,1327.7890625,21.438547134399414,0.042633056640625,1286.312744140625,79667.3359375,79667.3359375,60,606.8319180049002,0.055296000093221664,e60ffa67a8971c2e993e8ee91ee558ee06cd0b0a0b6fe1805fe832d819a792d4,True
1632,25,59,90,recent_k2,20.03495216369629,1004.8417358398438,1004.8417358398438,20.03495216369629,0.031707763671875,1202.0970458984375,60290.5,60290.5,60,607.9158680513501,0.05632000043988228,f29f512dbd511430d46c6f977901c55429168a49956e6fd38e513f35db14351b,True
1633,25,59,105,recent_k2,8.894270896911621,272.8349304199219,272.8349304199219,8.894270896911621,0.00930023193359375,533.65625,16370.0947265625,16370.0947265625,60,607.9902984201908,0.06348799914121628,8728beb39ec0de84b82917a57aa55c25086af4dbfd2e0b91cdad725e427c9dcc,True
1634,25,59,120,recent_k2,24.29668617248535,1751.5382080078125,1751.5382080078125,24.29668617248535,0.05413818359375,1457.8011474609375,105092.2890625,105092.2890625,60,607.1064448915422,0.05632000043988228,191218387941af2501c842db31636028ad18b6709c52d26407b8a64eb43cab60,True
1635,25,59,135,recent_k2,5.016643524169922,32.41012191772461,32.41012191772461,5.016643524169922,0.0013427734375,300.99859619140625,1944.607177734375,1944.607177734375,60,607.6022409833968,0.05632000043988228,897cdc344ae7cc51e32d1489790f16d0d8640a7f3b4e0beb6c44f8c862e5d148,True
1636,25,59,150,recent_k2,3.3977713584899902,22.31574249267578,22.31574249267578,3.3977713584899902,0.0007314682006835938,203.86627197265625,1338.9444580078125,1338.9444580078125,60,607.8371088951826,0.055296000093221664,f11c022a90ab32d41afd418eb27c00a7edb5edd41af3a9e52bed2bf84f610402,True
1637,25,59,165,recent_k2,17.74236488342285,1407.29052734375,1407.29052734375,17.74236488342285,0.04351806640625,1064.5418701171875,84437.4296875,84437.4296875,60,609.9499110132456,0.05632000043988228,c2f6e395c392dfce3624d8bff068ef4dae070d763f0c055a554df6478efa6eb9,True
1638,25,59,180,recent_k2,8.942450523376465,187.40029907226562,187.40029907226562,8.942450523376465,0.005847930908203125,536.5469970703125,11244.017578125,11244.017578125,60,608.1375358626246,0.06348799914121628,356c24c33c0b3c0253b0228dba29a43048d689e99f94fc2719fc310359584895,True
1639,25,59,195,recent_k2,38.25365447998047,5266.8369140625,4783.70361328125,38.25365447998047,0.162841796875,2295.21923828125,316010.1875,287022.1875,60,607.7543301507831,0.05628800019621849,c9f4a8372223a674d9f8c7c60fc19dce56471a785a8a0b3bb60c4def4990ee02,True
1640,25,59,210,recent_k2,20.600391387939453,27236.9140625,1116.6217041015625,20.600391387939453,0.84130859375,1236.0234375,1634214.75,66997.296875,60,607.6959101483226,0.055296000093221664,5fa5f3f58d466960b4f029d1b1e226c6116bb512a140281121705e871c8ecc84,True
1641,25,59,225,recent_k2,15.163745880126953,632.781982421875,632.781982421875,15.163745880126953,0.019744873046875,909.82470703125,37966.91796875,37966.91796875,60,607.847258914262,0.05632000043988228,d0d34e24cc364d9e90c93571d0220d18115b140fa4ed6deb5025f032256a2773,True
1642,25,49,30,recent_k2,39.70567321777344,2982.906005859375,2982.906005859375,39.70567321777344,0.10528564453125,2382.34033203125,178974.34375,178974.34375,60,607.424883171916,0.055296000093221664,05bc57095cc73deaf1acfce474622c5a1439b5f0c72916e3323cea5fba5d20dc,True
1643,25,49,45,recent_k2,16.371362686157227,477.0758972167969,477.0758972167969,16.371362686157227,0.018096923828125,982.28173828125,28624.552734375,28624.552734375,60,607.7250298112631,0.055296000093221664,1165ee9b60ab49d48a0051dd9ad77e2ea9f6ee5d59ecb59d5edfefbea340f83d,True
1644,25,49,60,recent_k2,23.681650161743164,1863.8785400390625,1863.8785400390625,23.681650161743164,0.0589599609375,1420.89892578125,111832.703125,111832.703125,60,606.9187070243061,0.05427199974656105,ac766eba47a3a0596ba38e67424933190d09653419fd60b295e812376ae55848,True
1645,25,49,75,recent_k2,8.296051025390625,168.92227172851562,168.92227172851562,8.296051025390625,0.006237030029296875,497.7630310058594,10135.3359375,10135.3359375,60,608.5392432287335,0.05632000043988228,5f8195661b4889ba8eb545bd5a0edf93ab60528821982622d78405db0f00eb97,True
1646,25,49,90,recent_k2,25.98706817626953,1627.5789794921875,1627.5789794921875,25.98706817626953,0.051544189453125,1559.2239990234375,97654.734375,97654.734375,60,609.0011489577591,0.055296000093221664,e2295bf062e9c73d300e1210c4db66a293b961057f3018e8a9ec146763f5fedf,True
1647,25,49,105,recent_k2,39.754356384277344,6375.66748046875,4478.947265625,39.754356384277344,0.1982421875,2385.26123046875,382540.03125,268736.8125,60,608.6872317828238,0.055296000093221664,86a8a67f573365f8d0846c6a496c507ea593fec45e7e2d6c8efae59dd364c72b,True
1648,25,49,120,recent_k2,38.76274871826172,15940.36328125,3749.5791015625,38.76274871826172,0.49267578125,2325.764892578125,956421.75,224974.734375,60,609.1363481245935,0.05427199974656105,3f31ca1a9d2a222e3064a149ab401d4275dbabec6532d6b5d07aa69c1b178a86,True
1649,25,49,135,recent_k2,25.35914421081543,16662.896484375,1260.844482421875,25.35914421081543,0.5302734375,1521.548583984375,999773.75,75650.6640625,60,609.7968518733978,0.055296000093221664,726af5c34def218b26db6abb3700b27a0224bc8f2022a5db455a0a229435031a,True
1650,25,49,150,recent_k2,14.683038711547852,10415.0830078125,374.9717102050781,14.683038711547852,0.326904296875,880.9822998046875,624904.9375,22498.30078125,60,614.8920180276036,0.07065600156784058,9055272de37265ba09029c3a49854ec3bac5a162d10e322cbd4323b701303f07,True
1651,25,49,165,recent_k2,12.247821807861328,243.6094207763672,243.6094207763672,12.247821807861328,0.0134429931640625,734.8692626953125,14616.564453125,14616.564453125,60,608.5469932295382,0.06451199948787689,48f046c74d0cac3c7b4124fc708f803106705b69af19184a1fff3652a33a7560,True
1652,25,49,180,recent_k2,21.213905334472656,689.9713745117188,689.9713745117188,21.213905334472656,0.03985595703125,1272.834228515625,41398.28125,41398.28125,60,608.5564228706062,0.05632000043988228,5becc18e9b697977ccd0ed7fe4a51c6d540005b40b4d575f66dc617a2a9d20ca,True
1653,25,49,195,recent_k2,12.696236610412598,188.6138458251953,188.6138458251953,12.696236610412598,0.01064300537109375,761.774169921875,11316.830078125,11316.830078125,60,608.5980432108045,0.055296000093221664,febef31635ba3595fc4788235078e1eb7916ee25951b62d9cd620bd362a7c1c4,True
1654,25,49,210,recent_k2,12.114948272705078,332.87750244140625,332.87750244140625,12.114948272705078,0.01052093505859375,726.8968505859375,19972.6484375,19972.6484375,60,608.1198169849813,0.055296000093221664,4c86b1173b4ec59b2a5ee8a4f1025b2fa02b08f1c8a3d92bfbeb2f78477a32b5,True
1655,25,49,225,recent_k2,11.561084747314453,215.22128295898438,215.22128295898438,11.561084747314453,0.007083892822265625,693.6650390625,12913.2763671875,12913.2763671875,60,608.9248196221888,0.055296000093221664,baa4239b2e23d923bc61a86f745d8086924896bff11df1c86879d448bb24a8e3,True
1656,25,7,30,recent_k2,16.448699951171875,1169.561279296875,1169.561279296875,16.448699951171875,0.03704833984375,986.9219970703125,70173.671875,70173.671875,60,609.9285208620131,0.055296000093221664,c9323a650669efe57de633cab45ec9955970f6291f347445e46b44aa991be43d,True
1657,25,7,45,recent_k2,20.53903579711914,703.36767578125,703.36767578125,20.53903579711914,0.0308685302734375,1232.342041015625,42202.05859375,42202.05859375,60,613.1315943785012,0.058368001133203506,b40f64268ff2c6141741f97f70e0e0e0cee723e92c27ffd29ade93420049a4eb,True
1658,25,7,60,recent_k2,58.83668518066406,7720.328125,7581.68994140625,58.83668518066406,0.2548828125,3530.200927734375,463219.65625,454901.375,60,610.9618116170168,0.060416001826524734,5b8850bb91d133b4c3c82cffb4f5c10469a6bcc6dd8735c2932ce1eee10e0531,True
1659,25,7,75,recent_k2,17.035175323486328,14838.302734375,494.509521484375,17.035175323486328,0.4599609375,1022.1104736328125,890298.125,29670.5703125,60,609.3222359195352,0.06143999844789505,db42845793bed87e9cebf757f1f163d7b13da71e58b4886059d557fb477a8ba5,True
1660,25,7,90,recent_k2,35.29937744140625,4801.83349609375,2963.209228515625,35.29937744140625,0.1485595703125,2117.962646484375,288110.0,177792.546875,60,609.2806668020785,0.060416001826524734,aea70dbce9c424f0686953c6018bd4a99a8290743861c347f9ac2029bc14760a,True
1661,25,7,105,recent_k2,20.55006217956543,22254.16015625,779.5243530273438,20.55006217956543,0.6884765625,1233.003662109375,1335249.5,46771.45703125,60,608.7562120519578,0.05632000043988228,7d9bab8daedc392ff75280d92d3f7f6fc4629043a7d6bd2050de83314a8bca17,True
1662,25,7,120,recent_k2,23.499126434326172,14255.578125,1099.66259765625,23.499126434326172,0.44482421875,1409.947509765625,855334.625,65979.75,60,609.1018090955913,0.05632000043988228,00f51a3b09564285b995daf94bb585482d132c984a006091b474150f0a4e50c3,True
1663,25,7,135,recent_k2,12.577418327331543,267.55145263671875,267.55145263671875,12.577418327331543,0.0093231201171875,754.6450805664062,16053.0859375,16053.0859375,60,608.5193939507008,0.05632000043988228,405508c26ab3376b53fafc55c0ae27ba40ded5b58edadc07fcaa8fc232b4ee3e,True
1664,25,7,150,recent_k2,17.231494903564453,410.2809143066406,410.2809143066406,17.231494903564453,0.017669677734375,1033.8896484375,24616.853515625,24616.853515625,60,608.8977609761059,0.055296000093221664,f4952506f4a9803e674dae242f166a27c91a6e182584746314ba9ea1c211ef6c,True
1665,25,7,165,recent_k2,5.229022026062012,38.613868713378906,38.613868713378906,5.229022026062012,0.0015420913696289062,313.7413024902344,2316.83203125,2316.83203125,60,608.7499321438372,0.055296000093221664,235d6ef108211656357d9068fa8fcfca6fdfcc729e1f3b5274f4cd7e41a6ef52,True
1666,25,7,180,recent_k2,8.345988273620605,205.34906005859375,205.34906005859375,8.345988273620605,0.00753021240234375,500.7592468261719,12320.943359375,12320.943359375,60,608.2560769282281,0.055296000093221664,6d00a89229759656ea985244143a131a8618d876410e37fcad6452e0b9fc6e1f,True
1667,25,7,195,recent_k2,45.00654602050781,12362.7802734375,4519.1826171875,45.00654602050781,0.38525390625,2700.392578125,741766.75,271150.9375,60,609.0200990438461,0.05628800019621849,e788e732ff18cea1914ed9e65872653cd390851c5b918bd81199cbc1053c27bb,True
1668,25,7,210,recent_k2,19.41884994506836,741.65576171875,741.65576171875,19.41884994506836,0.02325439453125,1165.1309814453125,44499.34375,44499.34375,60,608.4478851407766,0.055296000093221664,44eabd93f647ccaaf3380ae30d4e2b06d3d5e044bfc20c01ee1292635104baa8,True
1669,25,7,225,recent_k2,19.44701385498047,758.6410522460938,758.6410522460938,19.44701385498047,0.023590087890625,1166.82080078125,45518.4609375,45518.4609375,60,608.6516426876187,0.06348799914121628,cf322e7f8c9db1145103f73cc3eeb0fe7b25ab38fa6d567a7176c91dfba22d5a,True
1670,25,47,30,recent_k2,2.6963608264923096,13.792807579040527,13.792807579040527,2.6963608264923096,0.0004911422729492188,161.78164672851562,827.5684204101562,827.5684204101562,60,609.782753046602,0.055296000093221664,17cc49dfb0dac77612d88593922a1d824d2c8461e806405c27e2a6c29c9f2ea3,True
1671,25,47,45,recent_k2,13.614550590515137,4059.97021484375,1079.3900146484375,13.614550590515137,0.1263427734375,816.8729858398438,243598.203125,64763.39453125,60,608.749401755631,0.05532800033688545,7cb1ff66fadd22e273b5bce20c221761064d91f864a753fc24ea620dd3a1248f,True
1672,25,47,60,recent_k2,36.61335754394531,21729.462890625,3183.078369140625,36.61335754394531,0.67138671875,2196.80126953125,1303767.75,190984.6875,60,608.7143421173096,0.055296000093221664,0b3e9b8b7504765532e6b835aba19893cd2cb422a08799943c92425a39bdec5d,True
1673,25,47,75,recent_k2,19.978809356689453,6199.56689453125,1215.9847412109375,19.978809356689453,0.1927490234375,1198.728515625,371974.0,72959.078125,60,607.1261968463659,0.055296000093221664,cd129b12d7789a985d68a103d5df15825df25fd1cf833dcad95e7aa4d70a2655,True
1674,25,47,90,recent_k2,29.926490783691406,26816.013671875,2053.29052734375,29.926490783691406,0.82958984375,1795.58935546875,1608960.75,123197.421875,60,603.6747763864696,0.055296000093221664,fd13684888def5fc80cff9f7ff5ba4cc6c95ef50eac84ccb6c7f74fb010bc9e7,True
1675,25,47,105,recent_k2,12.468048095703125,456.96661376953125,456.96661376953125,12.468048095703125,0.0141448974609375,748.0828247070312,27417.99609375,27417.99609375,60,614.7192302159965,0.05734400078654289,ebc4d498b8a76fc7190ac8bedfe8387a63d634fef8062ac047c355a624996ea6,True
1676,25,47,120,recent_k2,12.603809356689453,446.1825866699219,446.1825866699219,12.603809356689453,0.01385498046875,756.228515625,26770.953125,26770.953125,60,608.3219763822854,0.06348799914121628,9e4f0c0e11e69b109ac44ca66cafb70f8a9986a5b72f17582c4377c4011a1674,True
1677,25,47,135,recent_k2,12.421284675598145,450.05926513671875,450.05926513671875,12.421284675598145,0.013946533203125,745.2770385742188,27003.5546875,27003.5546875,60,607.8317598439753,0.055296000093221664,1df8808c6799f70c589e1b65681e4fa90ed9bf539bec66aed7119079bd0c965f,True
1678,25,47,150,recent_k2,12.096112251281738,440.3389892578125,440.3389892578125,12.096112251281738,0.01361846923828125,725.7667236328125,26420.337890625,26420.337890625,60,608.5725734010339,0.055296000093221664,3e56df9370873de3d987b43d257f57fb4216c1408cde7d2b831d34826a225ebd,True
1679,25,47,165,recent_k2,12.12879467010498,434.2550964355469,434.2550964355469,12.12879467010498,0.01343536376953125,727.7276611328125,26055.3046875,26055.3046875,60,608.225236646831,0.055296000093221664,734da4bf866926f427410ce2f506192e92e9e3cb07bd3d8b009fa2f732dcc861,True
1680,25,47,180,recent_k2,25.015764236450195,9588.9755859375,2302.2001953125,25.015764236450195,0.298095703125,1500.94580078125,575338.5,138132.0,60,599.8753388412297,0.055296000093221664,8b2f274ee1e37d498a3121f183107693689905e9757f9873a608bace83c8dd4a,True
1681,25,47,195,recent_k2,23.920455932617188,20648.87109375,1222.319580078125,23.920455932617188,0.6396484375,1435.227294921875,1238932.25,73339.171875,60,606.8393490277231,0.05632000043988228,cedd7bdc45e1c24de7e1f9213bc902526907a6b704546437f35c571f537b988e,True
1682,25,47,210,recent_k2,14.093659400939941,447.11590576171875,447.11590576171875,14.093659400939941,0.01457977294921875,845.6195068359375,26826.953125,26826.953125,60,605.7294788770378,0.055296000093221664,78ec324a5a49c882abcaebcd982b596418fa565afa93388aad85a66ddc5b9700,True
1683,25,47,225,recent_k2,13.650206565856934,451.5688171386719,451.5688171386719,13.650206565856934,0.01511383056640625,819.0123291015625,27094.126953125,27094.126953125,60,605.281971860677,0.055296000093221664,a7dd6422dc99798d1318299bfcc5eb0eb14caa522249a54ec385ea3d66b22146,True
1684,25,30,30,recent_k2,6.1045074462890625,68.1163101196289,68.1163101196289,6.1045074462890625,0.00244140625,366.2704162597656,4086.978515625,4086.978515625,60,607.9313298687339,0.05632000043988228,ae238e07b8e8f247165b9821df6dd78e0fac41e291eed013518461d353d34f59,True
1685,25,30,45,recent_k2,3.824099540710449,23.942466735839844,23.942466735839844,3.824099540710449,0.0010995864868164062,229.44595336914062,1436.5479736328125,1436.5479736328125,60,608.5924939252436,0.05632000043988228,9b5b9c9684518e7db99af66b4853aee72a6a5b7898bd8f403fdc780ceab17ee3,True
1686,25,30,60,recent_k2,2.6747376918792725,12.482787132263184,12.482787132263184,2.6747376918792725,0.000415802001953125,160.4842529296875,748.9671630859375,748.9671630859375,60,610.0890408270061,0.05632000043988228,15d314bd68d49f30492531245e526d9905fa899a324dbcce56ac1621ed13d24e,True
1687,25,30,75,recent_k2,3.4017333984375,17.157699584960938,17.157699584960938,3.4017333984375,0.0007128715515136719,204.10398864746094,1029.4619140625,1029.4619140625,60,612.0596239343286,0.055296000093221664,cfd17cef466c4d75509503aad4e4e988d4adf6e493e64057a549e073eb0c672f,True
1688,25,30,90,recent_k2,2.4883148670196533,10.500303268432617,10.500303268432617,2.4883148670196533,0.0003364086151123047,149.29888916015625,630.0181884765625,630.0181884765625,60,608.222127892077,0.05939200147986412,0ff6fe53652fa606ea5f3fdd20ab1466e46e59f565f1af144a41b77aa466e61d,True
1689,25,30,105,recent_k2,2.886766195297241,18.652551651000977,18.652551651000977,2.886766195297241,0.0005865097045898438,173.20596313476562,1119.153076171875,1119.153076171875,60,608.9703408069909,0.055296000093221664,96aae1282a2c9d1842f42494b9ea64f08bda404b5b7e4d62013085cf995246a5,True
1690,25,30,120,recent_k2,2.8318088054656982,13.420416831970215,13.420416831970215,2.8318088054656982,0.0005674362182617188,169.9085235595703,805.2249755859375,805.2249755859375,60,611.539397854358,0.055296000093221664,41cbf4501364412786d3b1e84f304c38fea928c437c875ef8c7ff963f7fd92b1,True
1691,25,30,135,recent_k2,3.286762237548828,18.04041862487793,18.04041862487793,3.286762237548828,0.0005865097045898438,197.20571899414062,1082.425048828125,1082.425048828125,60,610.0245108827949,0.05427199974656105,f8d62432e688eb91d6e0b1178b63f515a15c99299d4ec866ab19386093e471cd,True
1692,25,30,150,recent_k2,3.131168842315674,15.117829322814941,15.117829322814941,3.131168842315674,0.0005717277526855469,187.8701171875,907.0697021484375,907.0697021484375,60,609.3909870833158,0.055296000093221664,214139a1bd6717d8097e0874b38e50240f0a95ff400628ef56985ed6b96749d8,True
1693,25,30,165,recent_k2,4.4326043128967285,49.142486572265625,49.142486572265625,4.4326043128967285,0.0016984939575195312,265.95623779296875,2948.549072265625,2948.549072265625,60,611.0265431925654,0.05632000043988228,28021e0d56901e21150c17e36c83010507c138ae575fdb713b14edabef16b032,True
1694,25,30,180,recent_k2,2.908637046813965,16.260860443115234,16.260860443115234,2.908637046813965,0.0005459785461425781,174.51821899414062,975.651611328125,975.651611328125,60,609.2053288593888,0.055296000093221664,62a980c0af7a320efef06daa34fb09077238d694aaa727eea491eaf39e9645d0,True
1695,25,30,195,recent_k2,3.9923956394195557,22.168617248535156,22.168617248535156,3.9923956394195557,0.0008053779602050781,239.54373168945312,1330.116943359375,1330.116943359375,60,609.7656940110028,0.05427199974656105,d825621d66d975251c07f2e1c8a572b36102b24b5b0c60403e6732d76ca592ed,True
1696,25,30,210,recent_k2,3.845372200012207,21.910076141357422,21.910076141357422,3.845372200012207,0.000873565673828125,230.72232055664062,1314.6044921875,1314.6044921875,60,609.6650850959122,0.055296000093221664,d8e20246c4e8632caafa82973f12743e8d36a4d21dd16c9edd98a61b5411f93f,True
1697,25,30,225,recent_k2,2.501032590866089,11.911333084106445,11.911333084106445,2.501032590866089,0.00041747093200683594,150.06195068359375,714.679931640625,714.679931640625,60,611.5683880634606,0.055296000093221664,c959092602d013bc98b87250ff1cbaa4345e927233055091ff7a12789ba65f36,True
