sample_id,video,user,timestep,mae,corrected_rmse,mean_angular_error,latency_ms,target_forward_count,accepted_sum,finite,selected_k
0,4,83,30,14.784557200719913,19.647735907320293,14.784557200719913,765.3271229937673,20,,True,2
1,4,83,45,20.80272679626942,26.29567795526505,20.80272679626942,460.5614678002894,20,,True,10
2,4,83,60,12.798200908799966,16.42718907327695,12.798200908799966,461.2548495642841,20,,True,2
3,4,83,75,19.419250729121266,29.545746614447435,19.419250729121266,462.0545916259289,20,,True,2
4,4,83,90,24.072173118094604,39.97177335231967,24.072173118094604,458.8572350330651,20,,True,2
5,4,83,105,53.51648858288924,87.85994579605375,53.51648858288924,459.14260391145945,20,,True,4
6,4,83,120,11.085034881035487,13.69175446940382,11.085034881035487,459.2342982068658,20,,True,4
7,4,83,135,6.428620314598083,7.129997374232849,6.428620314598083,458.81624706089497,20,,True,2
8,4,83,150,11.539965228239696,17.602384798353953,11.539965228239696,463.42459321022034,20,,True,2
9,4,83,165,7.458981668949127,9.480920728330862,7.458981668949127,459.07627884298563,20,,True,4
10,4,83,180,27.889437307293218,47.11446116610048,27.889437307293218,459.6648523584008,20,,True,2
11,4,83,195,13.084705545132358,16.00621204457483,13.084705545132358,460.69420874118805,20,,True,4
12,4,83,210,11.655850228915613,19.22367824677352,11.655850228915613,462.0416169054806,20,,True,4
13,4,83,225,30.86711903139949,47.23098576043922,30.86711903139949,458.81808968260884,20,,True,2
14,4,15,30,10.141412274787823,12.510979990238287,10.141412274787823,462.90909918025136,20,,True,2
15,4,15,45,3.0453009178241093,3.980565877492067,3.0453009178241093,460.0830739364028,20,,True,2
16,4,15,60,1.596680724620819,2.022749198090737,1.596680724620819,460.0995136424899,20,,True,2
17,4,15,75,1.4721070051193237,1.9577025812901057,1.4721070051193237,462.8993412479758,20,,True,2
18,4,15,90,1.494445252418518,2.064342308240213,1.494445252418518,463.37309619411826,20,,True,2
19,4,15,105,7.003783447295428,12.005100210304553,7.003783447295428,459.4963537529111,20,,True,2
20,4,15,120,9.863243142763773,14.52294119883555,9.863243142763773,460.20331187173724,20,,True,4
21,4,15,135,1.3253271023432414,2.027286921301881,1.3253271023432414,458.54537608101964,20,,True,2
22,4,15,150,1.289876969655355,1.7632623103959137,1.289876969655355,460.9708930365741,20,,True,2
23,4,15,165,7.034973814090093,13.247626302391163,7.034973814090093,457.7946159988642,20,,True,2
24,4,15,180,13.513715283945203,23.431322261874808,13.513715283945203,457.15243089944124,20,,True,2
25,4,15,195,17.183978000904123,28.766913100014946,17.183978000904123,460.6226347386837,20,,True,10
26,4,15,210,23.342561588188012,43.22623416547238,23.342561588188012,457.75761594995856,20,,True,2
27,4,15,225,14.451998408635458,28.684241301706287,14.451998408635458,460.400755982846,20,,True,10
28,4,3,30,13.162583281596502,18.924368754911423,13.162583281596502,459.13237566128373,20,,True,2
29,4,3,45,20.781458397457996,28.834611581520914,20.781458397457996,460.010948125273,20,,True,4
30,4,3,60,8.463940275398393,9.636042012637592,8.463940275398393,460.0375280715525,20,,True,2
31,4,3,75,6.312340949910382,8.416980375819023,6.312340949910382,459.6648532897234,20,,True,2
32,4,3,90,2.43063381947577,3.6652171141379384,2.43063381947577,459.6361489966512,20,,True,2
33,4,3,105,4.599614312623938,7.110844813959515,4.599614312623938,460.65555699169636,20,,True,2
34,4,3,120,3.4493715055286884,5.667740633052295,3.4493715055286884,459.7951299510896,20,,True,2
35,4,3,135,11.786620179812113,15.007727320057851,11.786620179812113,460.04212694242597,20,,True,2
36,4,3,150,11.563984093566736,16.15597053891729,11.563984093566736,464.3510468304157,20,,True,2
37,4,3,165,14.038658420244852,18.564065408023975,14.038658420244852,459.28643830120564,20,,True,4
38,4,3,180,6.855020451545715,11.857516622749516,6.855020451545715,461.81894885376096,20,,True,2
39,4,3,195,4.131172472238541,6.139702722886416,4.131172472238541,471.73398081213236,20,,True,2
40,4,3,210,1.6218800048033397,2.05891164305488,1.6218800048033397,472.3110729828477,20,,True,2
41,4,3,225,3.479258630673091,3.792872033189641,3.479258630673091,510.8840512111783,20,,True,2
42,4,35,30,8.26782376250873,10.397532559020046,8.26782376250873,544.6853619068861,20,,True,2
43,4,35,45,6.767798433204492,7.973453038634831,6.767798433204492,618.4251047670841,20,,True,2
44,4,35,60,3.6261706123749415,5.313566764419595,3.6261706123749415,537.5460991635919,20,,True,2
45,4,35,75,2.278529179096222,3.3511840425656594,2.278529179096222,463.25929183512926,20,,True,2
46,4,35,90,2.965697737534841,6.477026858485097,2.965697737534841,467.93186105787754,20,,True,2
47,4,35,105,5.733817192415397,7.70589359086776,5.733817192415397,460.82759415730834,20,,True,2
48,4,35,120,4.894895605742931,6.288831112044855,4.894895605742931,468.0624180473387,20,,True,2
49,4,35,135,3.347082566966613,5.328372068301357,3.347082566966613,464.0917172655463,20,,True,2
50,4,35,150,4.029999728500843,5.604871858108436,4.029999728500843,468.3208470232785,20,,True,2
51,4,35,165,11.19325476884842,16.526406998067518,11.19325476884842,466.56773006543517,20,,True,2
52,4,35,180,22.76013325850169,37.83537908306305,22.76013325850169,493.1109850294888,20,,True,2
53,4,35,195,5.607325073083242,7.134344898341595,5.607325073083242,515.9582779742777,20,,True,4
54,4,35,210,2.5692719221115112,3.3225827736023024,2.5692719221115112,512.6956179738045,20,,True,2
55,4,35,225,4.499152034521103,7.700672171460243,4.499152034521103,504.3594096787274,20,,True,2
56,4,48,30,4.979468242009171,7.915945716723097,4.979468242009171,489.16455125436187,20,,True,2
57,4,48,45,14.759902271380026,22.115585029438904,14.759902271380026,458.0449922941625,20,,True,2
58,4,48,60,13.272444322953621,20.413229704901116,13.272444322953621,457.7854499220848,20,,True,2
59,4,48,75,5.344608750986906,8.439093671156938,5.344608750986906,458.21850886568427,20,,True,2
60,4,48,90,4.874050369858741,6.320436780580696,4.874050369858741,458.31428095698357,20,,True,2
61,4,48,105,7.816451948384444,11.777699835934417,7.816451948384444,460.1754108443856,20,,True,2
62,4,48,120,27.75264593263467,41.88817366043495,27.75264593263467,459.35846492648125,20,,True,2
63,4,48,135,24.289819600681465,34.689449166765684,24.289819600681465,457.52245280891657,20,,True,4
64,4,48,150,12.049367473522823,15.681412414691938,12.049367473522823,459.2814799398184,20,,True,2
65,4,48,165,7.5846404751141865,8.66343664880416,7.5846404751141865,459.75834177806973,20,,True,4
66,4,48,180,10.024746435321868,17.28040799707195,10.024746435321868,458.9206678792834,20,,True,2
67,4,48,195,12.490348094701767,19.74779099722602,12.490348094701767,457.5226530432701,20,,True,2
68,4,48,210,12.94998532831669,19.67567857872574,12.94998532831669,457.3077978566289,20,,True,2
69,4,48,225,16.178003714233636,21.656564225831644,16.178003714233636,456.88870502635837,20,,True,2
70,4,22,30,3.3706820785999296,4.36717567810142,3.3706820785999296,457.82360434532166,20,,True,2
71,4,22,45,4.953780463586251,5.26826632979087,4.953780463586251,458.4661591798067,20,,True,2
72,4,22,60,2.003921719888846,3.5827050170344057,2.003921719888846,456.6257270053029,20,,True,2
73,4,22,75,2.377376977602641,3.1074530553729343,2.377376977602641,457.3098123073578,20,,True,2
74,4,22,90,3.7956242581208546,8.595146741449765,3.7956242581208546,458.12588511034846,20,,True,2
75,4,22,105,3.5458114246527352,6.5723891036992015,3.5458114246527352,457.7641813084483,20,,True,2
76,4,22,120,2.0916283423701922,2.5668050216682725,2.0916283423701922,459.03590600937605,20,,True,2
77,4,22,135,1.8550328294436136,2.5239183447109514,1.8550328294436136,477.7948069386184,20,,True,2
78,4,22,150,1.471504160016775,2.0248393176639565,1.471504160016775,468.53305911645293,20,,True,2
79,4,22,165,10.44894213800629,17.383293175849175,10.44894213800629,462.2635319828987,20,,True,2
80,4,22,180,16.651014683643975,30.167398934816617,16.651014683643975,474.7721101157367,20,,True,2
81,4,22,195,3.913576166828473,4.496371223025058,3.913576166828473,471.75760893151164,20,,True,2
82,4,22,210,5.8834248433510465,6.920517175427913,5.8834248433510465,459.4866787083447,20,,True,2
83,4,22,225,5.172076398157515,10.16783620153462,5.172076398157515,459.83036886900663,20,,True,2
84,4,55,30,10.210506268093983,13.44145998677974,10.210506268093983,460.2189240977168,20,,True,2
85,4,55,45,8.409440596650045,10.1208186984649,8.409440596650045,459.6546068787575,20,,True,2
86,4,55,60,6.741033495714267,11.285974700921141,6.741033495714267,476.14820301532745,20,,True,2
87,4,55,75,11.829258502523105,21.51170919042236,11.829258502523105,503.3806818537414,20,,True,4
88,4,55,90,7.019154248634974,10.280425905044638,7.019154248634974,505.789858289063,20,,True,4
89,4,55,105,3.6343360980351767,6.111198671227596,3.6343360980351767,513.7009518221021,20,,True,2
90,4,55,120,2.3952939917643863,3.753991280705997,2.3952939917643863,511.84276724234223,20,,True,2
91,4,55,135,7.027976908387306,8.422559844878752,7.027976908387306,510.5126411654055,20,,True,2
92,4,55,150,15.157198228935401,25.377740948124945,15.157198228935401,511.9840339757502,20,,True,2
93,4,55,165,35.09226666291555,50.41315025098595,35.09226666291555,510.7035432010889,20,,True,10
94,4,55,180,28.206973322232564,39.658551379740366,28.206973322232564,510.4417968541384,20,,True,10
95,4,55,195,57.80478773638606,84.48379262995142,57.80478773638606,509.70521476119757,20,,True,10
96,4,55,210,41.08422762453556,70.05407098915019,41.08422762453556,509.44205606356263,20,,True,4
97,4,55,225,32.85092895328999,54.46323114940542,32.85092895328999,518.5937159694731,20,,True,10
98,4,4,30,19.391175862510377,39.074414134258255,19.391175862510377,505.6771547533572,20,,True,2
99,4,4,45,52.29147548625867,83.12448092972045,52.29147548625867,506.72178203240037,20,,True,4
100,4,4,60,9.97758255538841,14.81820424277448,9.97758255538841,504.6297060325742,20,,True,2
101,4,4,75,10.454816712035488,15.622249795324256,10.454816712035488,477.5313111022115,20,,True,2
102,4,4,90,9.131290464258443,14.435211307573557,9.131290464258443,494.9969449080527,20,,True,2
103,4,4,105,9.171741141875584,12.49436293809622,9.171741141875584,460.8448497019708,20,,True,2
104,4,4,120,7.82029037984709,12.764437366677711,7.82029037984709,460.47997986897826,20,,True,2
105,4,4,135,8.92842594558994,14.319673261636572,8.92842594558994,464.3176980316639,20,,True,2
106,4,4,150,12.965617304792007,23.130218663883618,12.965617304792007,464.85978411510587,20,,True,2
107,4,4,165,10.150418450435003,14.4133221439193,10.150418450435003,460.2762144058943,20,,True,4
108,4,4,180,11.192354094982147,20.40047788296701,11.192354094982147,463.8027143664658,20,,True,2
109,4,4,195,37.67447407444318,68.8232590139613,37.67447407444318,465.6922477297485,20,,True,2
110,4,4,210,21.669798950726786,43.67149550788073,21.669798950726786,460.58366587385535,20,,True,4
111,4,4,225,49.43766180773576,81.44592498429931,49.43766180773576,461.8740971200168,20,,True,10
112,4,45,30,10.104303681850434,13.770845853527398,10.104303681850434,460.60250187292695,20,,True,2
113,4,45,45,10.29897992759943,16.443124671873278,10.29897992759943,461.43958531320095,20,,True,2
114,4,45,60,8.340016874174276,12.743753491492514,8.340016874174276,461.080736014992,20,,True,2
115,4,45,75,22.110778264453014,45.61462552887526,22.110778264453014,461.17559587582946,20,,True,2
116,4,45,90,23.614519825577737,37.5620335545936,23.614519825577737,458.8587242178619,20,,True,10
117,4,45,105,3.7417192814250786,5.138942428951889,3.7417192814250786,460.17545368522406,20,,True,2
118,4,45,120,1.6682837342222532,2.0972798758320255,1.6682837342222532,459.48460698127747,20,,True,2
119,4,45,135,1.6775763258337975,2.0694506046511156,1.6775763258337975,459.8604291677475,20,,True,2
120,4,45,150,1.5422149767478308,1.910255538853567,1.5422149767478308,460.88592801243067,20,,True,2
121,4,45,165,3.3159873144080243,5.545282866621775,3.3159873144080243,459.79702891781926,20,,True,2
122,4,45,180,10.46108456850052,17.913989810763596,10.46108456850052,460.1806649006903,20,,True,2
123,4,45,195,3.9528131902217867,6.298946953314981,3.9528131902217867,460.22554906085134,20,,True,2
124,4,45,210,6.715042362610499,10.305950259449281,6.715042362610499,461.79963694885373,20,,True,2
125,4,45,225,6.614538560691289,10.758091015855959,6.614538560691289,460.0405697710812,20,,True,2
126,4,60,30,9.259133605659008,14.100486923549644,9.259133605659008,459.2329217121005,20,,True,2
127,4,60,45,14.844014582037925,19.60074731483285,14.844014582037925,459.89855099469423,20,,True,2
128,4,60,60,4.057788493235906,5.196610100232072,4.057788493235906,460.11393796652555,20,,True,2
129,4,60,75,9.478462378680707,14.740184207626013,9.478462378680707,459.85319605097175,20,,True,2
130,4,60,90,7.363084024687608,11.242903928146946,7.363084024687608,460.4012118652463,20,,True,2
131,4,60,105,6.980440994103749,12.467491304853496,6.980440994103749,460.24224208667874,20,,True,2
132,4,60,120,4.117720651626587,5.64757600312469,4.117720651626587,459.99513380229473,20,,True,4
133,4,60,135,4.419223821163177,6.51265986188399,4.419223821163177,462.3031592927873,20,,True,2
134,4,60,150,4.742982665697734,7.029055981660161,4.742982665697734,462.39033434540033,20,,True,2
135,4,60,165,8.798953453699747,12.618249167656659,8.798953453699747,465.3907101601362,20,,True,2
136,4,60,180,21.223609844843548,33.836529954230755,21.223609844843548,463.2987128570676,20,,True,2
137,4,60,195,12.307986670732499,18.213640128364457,12.307986670732499,458.6267559789121,20,,True,4
138,4,60,210,6.082816608746847,7.5929305153703535,6.082816608746847,458.87653809040785,20,,True,4
139,4,60,225,4.314394696553548,7.510642171141319,4.314394696553548,458.70194816961884,20,,True,2
140,4,26,30,7.055603547890981,10.022446469270633,7.055603547890981,458.38068099692464,20,,True,2
141,4,26,45,2.4076747139294943,3.0594684147529807,2.4076747139294943,459.2013140209019,20,,True,2
142,4,26,60,2.9942735532919564,3.9057966588456536,2.9942735532919564,461.31431870162487,20,,True,2
143,4,26,75,1.6030766849716505,2.031974344496494,1.6030766849716505,459.138804115355,20,,True,2
144,4,26,90,1.7523787590364615,2.2553955215876464,1.7523787590364615,461.9440617971122,20,,True,2
145,4,26,105,2.409646668533484,2.8391829423603547,2.409646668533484,459.0775892138481,20,,True,2
146,4,26,120,1.8978074312210083,2.3480939580875515,1.8978074312210083,458.3731070160866,20,,True,2
147,4,26,135,2.449078764518102,3.1437081915944094,2.449078764518102,458.9749560691416,20,,True,2
148,4,26,150,1.7167434612909953,2.1821350747140444,1.7167434612909953,458.7346510961652,20,,True,2
149,4,26,165,3.9706461826960244,5.811129503745453,3.9706461826960244,464.8323035798967,20,,True,2
150,4,26,180,11.066635592778523,22.237642486202947,11.066635592778523,462.64564897865057,20,,True,2
151,4,26,195,7.401673871278763,12.104158957121449,7.401673871278763,458.2650833763182,20,,True,2
152,4,26,210,17.508381430308024,26.70289318704237,17.508381430308024,459.0253899805248,20,,True,2
153,4,26,225,28.840312888349096,39.12795507999263,28.840312888349096,458.82397005334496,20,,True,4
154,4,21,30,2.1759889401185015,2.618128390191806,2.1759889401185015,458.76407623291016,20,,True,2
155,4,21,45,2.175052628914515,2.6992474566245788,2.175052628914515,460.3935177437961,20,,True,2
156,4,21,60,2.324456383287907,2.821415359809004,2.324456383287907,460.3844918310642,20,,True,2
157,4,21,75,1.9290962884823482,2.407813874731021,1.9290962884823482,461.02290879935026,20,,True,2
158,4,21,90,2.124300708373388,2.6619103462946994,2.124300708373388,460.24668077006936,20,,True,2
159,4,21,105,1.9411125818888346,2.61826042968863,1.9411125818888346,459.3956908211112,20,,True,2
160,4,21,120,2.106563945611318,2.711659217303367,2.106563945611318,460.27445420622826,20,,True,2
161,4,21,135,1.9399129013220469,2.4822278291921704,1.9399129013220469,459.779507946223,20,,True,2
162,4,21,150,1.9101607422033946,2.498039058207634,1.9101607422033946,462.3485072515905,20,,True,2
163,4,21,165,5.396333980560303,8.929874544009861,5.396333980560303,461.3693351857364,20,,True,2
164,4,21,180,6.149121862649918,10.691653893412179,6.149121862649918,459.93186673149467,20,,True,2
165,4,21,195,3.7019980470339457,4.421541838521325,3.7019980470339457,459.21940822154284,20,,True,2
166,4,21,210,2.1059249301751453,2.741308425702116,2.1059249301751453,467.3402481712401,20,,True,2
167,4,21,225,2.1486859122912088,2.8428172958987834,2.1486859122912088,477.4977611377835,20,,True,2
168,4,44,30,8.335399418572585,11.19185767659646,8.335399418572585,534.1279432177544,20,,True,4
169,4,44,45,6.336677177747091,8.570072798606605,6.336677177747091,576.7078688368201,20,,True,4
170,4,44,60,7.407841924826304,10.315379178994817,7.407841924826304,550.9417853318155,20,,True,2
171,4,44,75,3.9068305899699527,6.484245137662757,3.9068305899699527,495.02549273893237,20,,True,2
172,4,44,90,16.937759092450143,28.397799092704272,16.937759092450143,464.73703533411026,20,,True,2
173,4,44,105,16.10417458117008,29.166575771501343,16.10417458117008,488.81482565775514,20,,True,10
174,4,44,120,5.98472376887997,7.781873828701637,5.98472376887997,464.22377368435264,20,,True,10
175,4,44,135,5.429224556684494,6.922306798194292,5.429224556684494,495.6742813810706,20,,True,2
176,4,44,150,9.931152168909708,14.648649783221476,9.931152168909708,499.5569437742233,20,,True,2
177,4,44,165,10.054413652420044,13.641816599418243,10.054413652420044,486.4365286193788,20,,True,2
178,4,44,180,24.446565127031256,39.962877973749215,24.446565127031256,511.7967347614467,20,,True,2
179,4,44,195,13.057994334896405,17.13764373278137,13.057994334896405,517.2981307841837,20,,True,2
180,4,44,210,15.468109209338824,22.36751546194019,15.468109209338824,510.0383893586695,20,,True,4
181,4,44,225,19.56420290072759,25.774361781109896,19.56420290072759,499.53035498037934,20,,True,10
182,4,23,30,37.32953265259663,59.63504968556548,37.32953265259663,502.2437572479248,20,,True,2
183,4,23,45,9.46750454902649,13.579317888608768,9.46750454902649,504.0634390898049,20,,True,4
184,4,23,60,24.43633482356866,34.461182067021575,24.43633482356866,500.124819111079,20,,True,2
185,4,23,75,9.854972268144289,13.437678080817912,9.854972268144289,499.6583079919219,20,,True,2
186,4,23,90,7.7548003395398455,9.817493360779167,7.7548003395398455,501.44241098314524,20,,True,2
187,4,23,105,7.075779122610887,13.31604712727288,7.075779122610887,499.569087754935,20,,True,2
188,4,23,120,40.92786000991861,74.16415142193026,40.92786000991861,499.308455735445,20,,True,2
189,4,23,135,33.29546315471331,49.89501702924106,33.29546315471331,498.5771323554218,20,,True,4
190,4,23,150,24.295380116999148,32.77481354546919,24.295380116999148,500.17576571553946,20,,True,2
191,4,23,165,34.809694463511306,52.12375200054802,34.809694463511306,500.67214481532574,20,,True,4
192,4,23,180,35.284361840039494,52.121206576452195,35.284361840039494,500.26058591902256,20,,True,2
193,4,23,195,13.600749002148708,18.1204945513627,13.600749002148708,500.25560706853867,20,,True,4
194,4,23,210,30.448937835295997,44.33049259766418,30.448937835295997,499.7105756774545,20,,True,2
195,4,23,225,25.647961075852315,38.72139360713647,25.647961075852315,500.06490712985396,20,,True,2
196,4,53,30,7.249274404843648,11.002413827566047,7.249274404843648,472.09596494212747,20,,True,2
197,4,53,45,8.518249535560608,9.791835207182816,8.518249535560608,459.89948604255915,20,,True,2
198,4,53,60,4.0874639511108395,6.309975045029535,4.0874639511108395,458.0767289735377,20,,True,2
199,4,53,75,13.820941856503486,20.05265811311936,13.820941856503486,457.63088623061776,20,,True,2
200,4,53,90,19.417357709010442,25.125050819601967,19.417357709010442,457.52761978656054,20,,True,2
201,4,53,105,16.849212168653807,23.40713813139528,16.849212168653807,457.53399282693863,20,,True,4
202,4,53,120,17.288352304697035,25.54102139591279,17.288352304697035,458.3503766916692,20,,True,4
203,4,53,135,10.855945604046186,14.70822249971086,10.855945604046186,462.7743852324784,20,,True,4
204,4,53,150,5.945239282647768,7.288370890226871,5.945239282647768,495.1872113160789,20,,True,2
205,4,53,165,14.987714448943734,21.880373752592526,14.987714448943734,460.3162850253284,20,,True,2
206,4,53,180,14.24838710774978,23.62767154450196,14.24838710774978,457.6587276533246,20,,True,2
207,4,53,195,5.99846830368042,9.567149168895963,5.99846830368042,457.2671581991017,20,,True,4
208,4,53,210,14.375457557539145,21.293963729968922,14.375457557539145,457.91356079280376,20,,True,4
209,4,53,225,14.247753522296746,22.873612090310626,14.247753522296746,457.30857690796256,20,,True,10
210,4,84,30,40.48949469383806,69.69743465584008,40.48949469383806,461.12663904204965,20,,True,4
211,4,84,45,15.5091619455566,18.152902884789654,15.5091619455566,457.1742629632354,20,,True,10
212,4,84,60,35.102817729736365,57.02436547032394,35.102817729736365,457.50705199316144,20,,True,2
213,4,84,75,25.51679691274961,37.58405922821866,25.51679691274961,456.79932413622737,20,,True,10
214,4,84,90,6.920403803388278,8.717944630170251,6.920403803388278,460.5513010174036,20,,True,4
215,4,84,105,9.219240629673005,14.011629885048373,9.219240629673005,458.4174738265574,20,,True,2
216,4,84,120,4.350700064003467,5.175752424005864,4.350700064003467,457.60193187743425,20,,True,2
217,4,84,135,2.801289467016856,3.591460373093938,2.801289467016856,477.22077975049615,20,,True,2
218,4,84,150,2.750743490457535,3.3548276802001586,2.750743490457535,507.63977505266666,20,,True,2
219,4,84,165,13.940553857882817,22.243816881930332,13.940553857882817,482.3578670620918,20,,True,2
220,4,84,180,29.26223767697811,39.96197640538771,29.26223767697811,458.3030380308628,20,,True,4
221,4,84,195,8.8865105787913,12.054815154838423,8.8865105787913,456.76678232848644,20,,True,4
222,4,84,210,12.008462078372638,17.517837490288493,12.008462078372638,457.89744099602103,20,,True,4
223,4,84,225,7.621564517309889,10.667201430588165,7.621564517309889,458.18983390927315,20,,True,4
224,4,59,30,2.611852685610453,3.0548543580093748,2.611852685610453,457.8121597878635,20,,True,2
225,4,59,45,1.6966763553520043,1.9048158218838955,1.6966763553520043,457.704306114465,20,,True,2
226,4,59,60,1.8930712980528672,2.3541102121793624,1.8930712980528672,459.4680918380618,20,,True,2
227,4,59,75,1.8067476545770964,2.870389115195497,1.8067476545770964,460.1171500980854,20,,True,2
228,4,59,90,2.2522066995501517,3.96418558848148,2.2522066995501517,485.24436680600047,20,,True,2
229,4,59,105,3.001444484790166,4.173441105392155,3.001444484790166,498.0390570126474,20,,True,2
230,4,59,120,3.2543435871601103,3.8264836682435535,3.2543435871601103,495.2781437896192,20,,True,2
231,4,59,135,2.294641370140016,2.6631304449130138,2.294641370140016,493.6111932620406,20,,True,2
232,4,59,150,1.3229382961367568,2.058584667923392,1.3229382961367568,493.02615504711866,20,,True,2
233,4,59,165,9.129840532938639,13.60500376083959,9.129840532938639,494.68918005004525,20,,True,2
234,4,59,180,12.777160133918127,20.64560879711734,12.777160133918127,494.14175609126687,20,,True,2
235,4,59,195,4.486098930239677,5.632021016539717,4.486098930239677,492.81954439356923,20,,True,2
236,4,59,210,2.603800523405274,2.961589584042168,2.603800523405274,502.200358081609,20,,True,2
237,4,59,225,3.270362760250767,5.404495902045245,3.270362760250767,494.4991422817111,20,,True,2
238,4,49,30,20.151926934719086,28.77836792887525,20.151926934719086,498.7748279236257,20,,True,2
239,4,49,45,13.46011016368866,18.203713524179637,13.46011016368866,478.60182309523225,20,,True,4
240,4,49,60,19.396691057551653,25.300525244624158,19.396691057551653,498.84456023573875,20,,True,4
241,4,49,75,11.666243573029837,18.41862970356378,11.666243573029837,458.7624282576144,20,,True,4
242,4,49,90,10.089512823025386,13.205699592315911,10.089512823025386,471.4543540030718,20,,True,2
243,4,49,105,5.007114524145921,5.7746169706553205,5.007114524145921,463.79130985587835,20,,True,2
244,4,49,120,10.855206812918187,14.601343944103844,10.855206812918187,493.6511879786849,20,,True,2
245,4,49,135,17.513119939963023,23.701136791207993,17.513119939963023,493.7933557666838,20,,True,2
246,4,49,150,39.46642520969423,60.53897373901566,39.46642520969423,493.79984894767404,20,,True,4
247,4,49,165,40.10393196100679,59.565525744478165,40.10393196100679,493.91549825668335,20,,True,4
248,4,49,180,9.74823228518168,11.962295889918979,9.74823228518168,494.43424912169576,20,,True,4
249,4,49,195,11.2003954966863,16.744410313957758,11.2003954966863,495.2718741260469,20,,True,2
250,4,49,210,28.57989082199832,50.346336214791435,28.57989082199832,495.2496509067714,20,,True,2
251,4,49,225,38.647407252217334,57.077694303368226,38.647407252217334,471.692674793303,20,,True,4
252,4,7,30,11.571679517626762,15.34760589608126,11.571679517626762,472.1341310068965,20,,True,2
253,4,7,45,8.85372236284117,12.444863883319623,8.85372236284117,459.256692789495,20,,True,2
254,4,7,60,3.665078906342387,4.90862145540029,3.665078906342387,491.2699847482145,20,,True,2
255,4,7,75,2.012019475301107,2.767832067701885,2.012019475301107,493.59831865876913,20,,True,2
256,4,7,90,3.4702402432759603,7.317966668198478,3.4702402432759603,493.2346399873495,20,,True,2
257,4,7,105,7.570757893721263,10.491471611646558,7.570757893721263,492.0752081088722,20,,True,2
258,4,7,120,5.195843927065531,7.372874834986452,5.195843927065531,494.68904081732035,20,,True,2
259,4,7,135,5.8517083869626125,7.564778801352221,5.8517083869626125,469.6096759289503,20,,True,2
260,4,7,150,5.061485522985459,8.534041340719492,5.061485522985459,458.9662738144398,20,,True,2
261,4,7,165,13.452274729808172,20.512610508776383,13.452274729808172,490.04314467310905,20,,True,2
262,4,7,180,22.872427286207675,36.19434147337598,22.872427286207675,465.76751908287406,20,,True,4
263,4,7,195,12.610153286655743,18.21778954957099,12.610153286655743,461.4803302101791,20,,True,10
264,4,7,210,5.717718907197317,6.348268220739992,5.717718907197317,460.77990531921387,20,,True,4
265,4,7,225,5.805954805513223,9.34618113641959,5.805954805513223,461.8028411641717,20,,True,2
266,4,47,30,8.482741242771347,11.180758819548409,8.482741242771347,461.55125368386507,20,,True,4
267,4,47,45,3.0307784537474314,3.4052332586545613,3.0307784537474314,461.87044819816947,20,,True,4
268,4,47,60,2.1074094474315643,2.3439233947654206,2.1074094474315643,461.5616537630558,20,,True,2
269,4,47,75,1.4225285828113556,1.694632276090541,1.4225285828113556,460.5692168697715,20,,True,2
270,4,47,90,2.4707647979259493,3.5121867517027776,2.4707647979259493,461.3765240646899,20,,True,2
271,4,47,105,3.233224052609876,4.40556242203371,3.233224052609876,461.56030194833875,20,,True,2
272,4,47,120,3.0779884295538067,3.477024465667119,3.0779884295538067,460.39004903286695,20,,True,2
273,4,47,135,3.2068120310703914,3.9923403835604923,3.2068120310703914,460.5945348739624,20,,True,2
274,4,47,150,9.127290442585945,18.42607640419695,9.127290442585945,463.57059432193637,20,,True,2
275,4,47,165,31.715611358980336,55.40498993319745,31.715611358980336,460.5723428539932,20,,True,4
276,4,47,180,49.21392450258136,77.09338555937644,49.21392450258136,464.2006759531796,20,,True,10
277,4,47,195,10.634908126170437,14.144368186216381,10.634908126170437,462.64789905399084,20,,True,2
278,4,47,210,10.161231294646859,14.13389201705052,10.161231294646859,460.4095760732889,20,,True,2
279,4,47,225,11.879520289972424,15.967283401788015,11.879520289972424,461.09931031242013,20,,True,2
280,4,30,30,1.8028185923894247,2.217725598175373,1.8028185923894247,462.77314657345414,20,,True,2
281,4,30,45,1.4821110049883524,1.9766894937652577,1.4821110049883524,460.89044492691755,20,,True,2
282,4,30,60,2.363126049439112,3.376123970640027,2.363126049439112,460.45648539438844,20,,True,2
283,4,30,75,1.1700947920481364,1.6538023120467804,1.1700947920481364,461.7490288801491,20,,True,2
284,4,30,90,1.0487826665242512,1.345611506461772,1.0487826665242512,460.9098117798567,20,,True,2
285,4,30,105,1.2463560660680135,1.6967775829451106,1.2463560660680135,473.6922401934862,20,,True,2
286,4,30,120,2.338238476961851,2.9745892949161763,2.338238476961851,503.3671068958938,20,,True,2
287,4,30,135,4.185277224828799,4.6633290404731245,4.185277224828799,503.57511127367616,20,,True,2
288,4,30,150,2.421272067228953,3.3256305677499243,2.421272067228953,503.5648322664201,20,,True,2
289,4,30,165,1.8704242865244547,2.3603394279012417,1.8704242865244547,504.1010961867869,20,,True,2
290,4,30,180,1.262760321299235,1.8935354909989464,1.262760321299235,502.5615836493671,20,,True,2
291,4,30,195,2.592964635292689,3.575741825735972,2.592964635292689,504.7861011698842,20,,True,2
292,4,30,210,2.4760392705599465,3.2382307805881974,2.4760392705599465,508.6032007820904,20,,True,2
293,4,30,225,1.181995223959287,1.5831565320259182,1.181995223959287,505.1005659624934,20,,True,2
294,8,83,30,16.116016844908398,26.177219912057552,16.116016844908398,504.28784964606166,20,,True,4
295,8,83,45,11.842378634214402,21.43680920362439,11.842378634214402,505.6237857788801,20,,True,10
296,8,83,60,4.419217453400294,10.038015613953506,4.419217453400294,509.17572528123856,20,,True,4
297,8,83,75,14.0031891087691,21.696189597133657,14.0031891087691,506.4790532924235,20,,True,2
298,8,83,90,16.929956102371214,20.2210606634902,16.929956102371214,504.5182849280536,20,,True,10
299,8,83,105,1.7925928592681886,2.0789574708951353,1.7925928592681886,508.29813489690423,20,,True,2
300,8,83,120,15.030050367116928,25.907652061791723,15.030050367116928,504.65351063758135,20,,True,2
301,8,83,135,20.80076382768651,33.51443485155595,20.80076382768651,484.00952434167266,20,,True,10
302,8,83,150,2.83435144610703,3.611747875071168,2.83435144610703,460.6902673840523,20,,True,4
303,8,83,165,3.9618108451366423,5.733380883511747,3.9618108451366423,459.33989295735955,20,,True,2
304,8,83,180,5.56475522518158,6.468808483920318,5.56475522518158,461.04903565719724,20,,True,2
305,8,83,195,13.325570580363273,25.029035079296683,13.325570580363273,459.65438801795244,20,,True,2
306,8,83,210,20.279932694633803,36.32499938818077,20.279932694633803,458.60598515719175,20,,True,10
307,8,83,225,18.610721451044082,27.017151846298894,18.610721451044082,458.53389892727137,20,,True,10
308,8,15,30,20.556287264327207,29.835369559742144,20.556287264327207,460.33233078196645,20,,True,2
309,8,15,45,25.450421680510043,34.057508465715586,25.450421680510043,496.05051008984447,20,,True,4
310,8,15,60,13.990599774507185,15.72886254068558,13.990599774507185,513.4288002736866,20,,True,4
311,8,15,75,2.0414811239267387,2.6259407444543346,2.0414811239267387,476.67633509263396,20,,True,2
312,8,15,90,10.882140190402668,20.245000280619973,10.882140190402668,460.2501750923693,20,,True,2
313,8,15,105,18.235393150647482,26.968923176036725,18.235393150647482,459.67888459563255,20,,True,2
314,8,15,120,5.379891486962636,6.386409130954146,5.379891486962636,460.4308670386672,20,,True,2
315,8,15,135,6.15474491516749,10.230179896355368,6.15474491516749,460.2033579722047,20,,True,2
316,8,15,150,9.100167378783226,11.74335421981248,9.100167378783226,459.5832247287035,20,,True,4
317,8,15,165,1.762571899096171,2.0425721321616033,1.762571899096171,463.43037113547325,20,,True,2
318,8,15,180,1.4627598881721497,1.737882659548671,1.4627598881721497,509.54623613506556,20,,True,2
319,8,15,195,1.511618173122406,1.7783958731511624,1.511618173122406,505.64730213955045,20,,True,2
320,8,15,210,1.5310137867927551,1.8018060771034201,1.5310137867927551,504.4591552577913,20,,True,2
321,8,15,225,3.2296289563179017,4.059513685823353,3.2296289563179017,505.1417760550976,20,,True,2
322,8,3,30,25.94547418455283,43.19086506190397,25.94547418455283,504.73429495468736,20,,True,4
323,8,3,45,35.63197247783343,58.61343770563745,35.63197247783343,505.6398781016469,20,,True,4
324,8,3,60,38.55990092357,67.45995847701015,38.55990092357,504.8312679864466,20,,True,4
325,8,3,75,13.36618525981903,23.4970625641823,13.36618525981903,504.80419723317027,20,,True,10
326,8,3,90,8.622672971089681,11.350080788084618,8.622672971089681,466.87017707154155,20,,True,4
327,8,3,105,3.2819685061772663,4.198466725250503,3.2819685061772663,461.978605017066,20,,True,2
328,8,3,120,12.567872639497121,18.386419217566534,12.567872639497121,465.8486461266875,20,,True,2
329,8,3,135,12.757897118727366,16.369965483012194,12.757897118727366,457.52599369734526,20,,True,4
330,8,3,150,13.96221148967743,17.319798878174527,13.96221148967743,462.09134021773934,20,,True,2
331,8,3,165,11.384650786717733,12.946178023096326,11.384650786717733,459.8120781593025,20,,True,4
332,8,3,180,4.345736463864644,5.867190796309861,4.345736463864644,459.95409693568945,20,,True,2
333,8,3,195,2.3625925302505495,3.097932575812329,2.3625925302505495,460.1946622133255,20,,True,2
334,8,3,210,4.857465616861979,6.359093009558151,4.857465616861979,459.653137717396,20,,True,2
335,8,3,225,6.32260460058848,9.982878350390715,6.32260460058848,459.97507590800524,20,,True,2
336,8,35,30,36.89080818171303,45.708206861197425,36.89080818171303,458.3661141805351,20,,True,10
337,8,35,45,16.26962821086248,20.637370185686652,16.26962821086248,460.19294764846563,20,,True,4
338,8,35,60,28.124721550941466,33.057199456018274,28.124721550941466,459.16358195245266,20,,True,10
339,8,35,75,2.851329396913449,3.453868270915566,2.851329396913449,460.2603460662067,20,,True,2
340,8,35,90,3.0446911508838337,4.512765879839047,3.0446911508838337,460.53951419889927,20,,True,2
341,8,35,105,8.80097575224936,14.545459176668817,8.80097575224936,460.40142280980945,20,,True,2
342,8,35,120,22.6132000764211,25.87500030410708,22.6132000764211,460.6591397896409,20,,True,2
343,8,35,135,20.899221324423948,23.377125121788023,20.899221324423948,460.12280602008104,20,,True,4
344,8,35,150,15.99613242248694,23.718981014342894,15.99613242248694,464.3214880488813,20,,True,2
345,8,35,165,15.471019029431044,20.402156481084383,15.471019029431044,460.6492519378662,20,,True,4
346,8,35,180,2.56984091134121,2.9068035462339825,2.56984091134121,461.26046823337674,20,,True,2
347,8,35,195,2.527992482980092,2.839922244034088,2.527992482980092,461.43588004633784,20,,True,2
348,8,35,210,6.784326602549602,10.157387594874336,6.784326602549602,463.22239888831973,20,,True,2
349,8,35,225,23.1522003809611,42.711928649801,23.1522003809611,464.0173618681729,20,,True,4
350,8,48,30,57.74564858774344,74.50714747976546,57.74564858774344,489.2160948365927,20,,True,10
351,8,48,45,58.22942162056764,88.05268571616375,58.22942162056764,508.2036489620805,20,,True,4
352,8,48,60,6.835610083847617,9.717513041057902,6.835610083847617,509.12258727476,20,,True,4
353,8,48,75,3.6157696842060734,4.372894343180039,3.6157696842060734,505.98905980587006,20,,True,2
354,8,48,90,1.6598046551148096,2.008220118172897,1.6598046551148096,505.2767116576433,20,,True,2
355,8,48,105,2.368638471762339,2.62372085499946,2.368638471762339,506.24102680012584,20,,True,2
356,8,48,120,1.5402077530821165,1.9485473897304462,1.5402077530821165,505.9102112427354,20,,True,2
357,8,48,135,4.804659901186824,6.7975086330362195,4.804659901186824,507.08315009251237,20,,True,2
358,8,48,150,2.444197928160429,3.1773983489535187,2.444197928160429,505.2815619856119,20,,True,2
359,8,48,165,5.184396013369163,6.950745039033312,5.184396013369163,505.0789690576494,20,,True,2
360,8,48,180,3.698568183680375,4.489961237583238,3.698568183680375,508.38232692331076,20,,True,2
361,8,48,195,4.943490795294443,7.074588995389223,4.943490795294443,505.9836502186954,20,,True,2
362,8,48,210,3.9701729347308476,6.314002158037536,3.9701729347308476,505.21489698439837,20,,True,2
363,8,48,225,7.343654970328013,8.765958765016013,7.343654970328013,505.49882324412465,20,,True,2
364,8,22,30,2.7155264655749005,3.2252260723515613,2.7155264655749005,504.8796823248267,20,,True,2
365,8,22,45,2.399356253941854,2.782426719278155,2.399356253941854,505.082415882498,20,,True,2
366,8,22,60,2.022083730995655,2.6883787445443112,2.022083730995655,505.21879317238927,20,,True,2
367,8,22,75,1.7799728612105052,2.092162080008594,1.7799728612105052,506.77537824958563,20,,True,2
368,8,22,90,3.44952445824941,3.728106812505096,3.44952445824941,505.84723288193345,20,,True,2
369,8,22,105,2.590665368239085,2.9263851397006992,2.590665368239085,505.3082029335201,20,,True,2
370,8,22,120,1.3741111675898234,1.6655537149959965,1.3741111675898234,505.0618867389858,20,,True,2
371,8,22,135,2.7004044095675153,3.989728862948862,2.7004044095675153,505.632305983454,20,,True,2
372,8,22,150,3.859013017018636,6.564091788977613,3.859013017018636,505.2578281611204,20,,True,2
373,8,22,165,1.701940623919169,2.0794541884641418,1.701940623919169,507.2526610456407,20,,True,2
374,8,22,180,1.801246166229248,2.06031371071346,1.801246166229248,470.0032155960798,20,,True,2
375,8,22,195,3.5489570637543997,5.164736003585292,3.5489570637543997,461.51070296764374,20,,True,2
376,8,22,210,1.8871084094047545,2.114877995049656,1.8871084094047545,466.0419342108071,20,,True,2
377,8,22,225,1.2912614381561676,1.6450672141426184,1.2912614381561676,461.743603926152,20,,True,2
378,8,55,30,34.01697320441405,53.2737474369848,34.01697320441405,493.07997478172183,20,,True,10
379,8,55,45,9.824656111498674,11.867530905380962,9.824656111498674,506.5841367468238,20,,True,4
380,8,55,60,2.2776053328687946,2.749296802457975,2.2776053328687946,506.79470505565405,20,,True,2
381,8,55,75,1.7746094036265276,1.975321876619016,1.7746094036265276,505.8197407051921,20,,True,2
382,8,55,90,1.9627037229637305,2.23222423893982,1.9627037229637305,507.4104000814259,20,,True,2
383,8,55,105,1.7598246065278849,2.0455271155880204,1.7598246065278849,506.31254399195313,20,,True,2
384,8,55,120,1.806583607941866,2.12401994880348,1.806583607941866,509.82832396402955,20,,True,2
385,8,55,135,1.9265582052369912,2.1926454927438024,1.9265582052369912,506.9940318353474,20,,True,2
386,8,55,150,1.858521212140719,2.1746449076033616,1.858521212140719,507.581764832139,20,,True,2
387,8,55,165,1.6715500676383575,1.9396090098905139,1.6715500676383575,505.9523219242692,20,,True,2
388,8,55,180,1.6625434279694067,1.9613367397359036,1.6625434279694067,504.27858671173453,20,,True,2
389,8,55,195,1.707026825969418,1.9954211102520394,1.707026825969418,504.19380608946085,20,,True,2
390,8,55,210,1.7139701596771677,1.9834299960383648,1.7139701596771677,504.4060982763767,20,,True,2
391,8,55,225,1.7091371657637258,2.001038494222121,1.7091371657637258,504.5755188912153,20,,True,2
392,8,4,30,10.411910141507784,16.608800094153278,10.411910141507784,504.3878639116883,20,,True,2
393,8,4,45,7.381905280853001,13.742595325790841,7.381905280853001,504.9940403550863,20,,True,2
394,8,4,60,20.530245310564837,30.853106056390594,20.530245310564837,504.82716504484415,20,,True,4
395,8,4,75,10.885245935122173,17.184868244002423,10.885245935122173,506.36810902506113,20,,True,2
396,8,4,90,11.896520811319352,19.875801544020106,11.896520811319352,504.16452111676335,20,,True,2
397,8,4,105,11.720877823916574,17.545743559693268,11.720877823916574,503.8234358653426,20,,True,4
398,8,4,120,11.70038490363707,19.35266489996883,11.70038490363707,511.2751512788236,20,,True,4
399,8,4,135,10.192836755514145,15.384904143016092,10.192836755514145,506.2818960286677,20,,True,2
400,8,4,150,33.38419123739004,57.440522448611,33.38419123739004,505.0620590336621,20,,True,2
401,8,4,165,50.86969644849499,74.7436609597591,50.86969644849499,504.2715538293123,20,,True,10
402,8,4,180,47.2479958375295,74.98555271971172,47.2479958375295,504.2219809256494,20,,True,10
403,8,4,195,11.600616258305188,16.626234127094254,11.600616258305188,505.5980929173529,20,,True,2
404,8,4,210,35.31083983977636,44.542463840607766,35.31083983977636,507.09108728915453,20,,True,2
405,8,4,225,13.90486822227637,18.228531938769247,13.90486822227637,504.07898984849453,20,,True,2
406,8,45,30,10.694193164507547,15.632834961676517,10.694193164507547,505.7515040971339,20,,True,2
407,8,45,45,26.797534162551166,34.16173693442207,26.797534162551166,507.38511327654123,20,,True,10
408,8,45,60,26.85688520297408,29.85452666621974,26.85688520297408,505.4879863746464,20,,True,10
409,8,45,75,4.573397244637211,6.626293649566057,4.573397244637211,504.44357888773084,20,,True,2
410,8,45,90,3.4956998508423567,4.4692116303202285,3.4956998508423567,504.74945874884725,20,,True,2
411,8,45,105,1.792689479716743,2.329604695998518,1.792689479716743,505.5233621969819,20,,True,2
412,8,45,120,17.871811940148472,31.05176663575439,17.871811940148472,509.79791674762964,20,,True,2
413,8,45,135,6.390844694773356,9.741248052619481,6.390844694773356,505.4664951749146,20,,True,4
414,8,45,150,6.439519230524699,9.37514339849766,6.439519230524699,504.74074203521013,20,,True,2
415,8,45,165,6.413150612513224,9.239562978981803,6.413150612513224,505.57795632630587,20,,True,2
416,8,45,180,6.387154499689738,9.240821420446508,6.387154499689738,504.43038484081626,20,,True,2
417,8,45,195,6.397667503356933,9.298286080469316,6.397667503356933,504.4616051018238,20,,True,2
418,8,45,210,6.458757050832113,9.368545280339221,6.458757050832113,505.6752497330308,20,,True,2
419,8,45,225,6.45269406636556,9.356529238257377,6.45269406636556,504.874175414443,20,,True,2
420,8,60,30,4.912931887929639,9.43355424132802,4.912931887929639,504.84165316447616,20,,True,2
421,8,60,45,2.406128982702891,2.94422022664696,2.406128982702891,504.5438497327268,20,,True,2
422,8,60,60,2.5715877413749695,3.2822791423735524,2.5715877413749695,508.6375130340457,20,,True,2
423,8,60,75,2.369263102610906,3.1854270016609605,2.369263102610906,503.7285881116986,20,,True,2
424,8,60,90,6.337072754651308,9.36367882770764,6.337072754651308,485.29124492779374,20,,True,2
425,8,60,105,11.97231264685591,15.962047083412518,11.97231264685591,461.6587357595563,20,,True,2
426,8,60,120,3.4819842194517454,4.077900967167628,3.4819842194517454,459.72208166494966,20,,True,2
427,8,60,135,2.1466992020606996,2.5983528510998077,2.1466992020606996,459.6440149471164,20,,True,2
428,8,60,150,1.9390442768732707,2.462931464563143,1.9390442768732707,460.1400033570826,20,,True,2
429,8,60,165,2.80369389851888,3.902248821784664,2.80369389851888,460.7838001102209,20,,True,2
430,8,60,180,4.042876994609832,5.445117117949444,4.042876994609832,467.6056429743767,20,,True,2
431,8,60,195,3.185761006673177,4.340059591353377,3.185761006673177,464.63727997615933,20,,True,2
432,8,60,210,2.0323175112406413,2.549455015465532,2.0323175112406413,459.8110211081803,20,,True,2
433,8,60,225,2.5508179942766827,3.0912373360519534,2.5508179942766827,460.0465060211718,20,,True,2
434,8,26,30,28.051251378655433,36.265224560911584,28.051251378655433,457.55176711827517,20,,True,10
435,8,26,45,21.82208221554756,25.677023827943646,21.82208221554756,458.7924750521779,20,,True,4
436,8,26,60,5.302278758088748,6.79860554574594,5.302278758088748,464.9225790053606,20,,True,2
437,8,26,75,3.1612585157155992,4.285111287043941,3.1612585157155992,462.55866810679436,20,,True,2
438,8,26,90,2.2091036723926663,2.7308698083250267,2.2091036723926663,461.6441181860864,20,,True,2
439,8,26,105,2.8346828117966654,3.7384218651189163,2.8346828117966654,460.1738969795406,20,,True,2
440,8,26,120,10.358438784008225,13.06532758162156,10.358438784008225,459.7929660230875,20,,True,2
441,8,26,135,9.55354792314271,12.547480933955924,9.55354792314271,459.9711042828858,20,,True,4
442,8,26,150,8.204965982213617,9.994988090521357,8.204965982213617,459.976043086499,20,,True,4
443,8,26,165,4.4015158891677855,6.071568903670102,4.4015158891677855,460.8764760196209,20,,True,2
444,8,26,180,5.221151361614465,6.452809477561279,5.221151361614465,471.32273484021425,20,,True,2
445,8,26,195,5.62863088051478,8.633854335872153,5.62863088051478,472.36398374661803,20,,True,2
446,8,26,210,6.584702501694362,7.880647893667209,6.584702501694362,459.86542385071516,20,,True,2
447,8,26,225,2.19001028239727,2.8122294520705102,2.19001028239727,460.339339915663,20,,True,2
448,8,21,30,2.0708131244406105,2.4915689354795436,2.0708131244406105,460.6260131113231,20,,True,2
449,8,21,45,3.433671873311202,4.1505223592763825,3.433671873311202,460.0880849175155,20,,True,2
450,8,21,60,4.898596936961015,5.38662182427336,4.898596936961015,460.0261878222227,20,,True,2
451,8,21,75,3.417440411448479,3.7664211305354964,3.417440411448479,460.9221131540835,20,,True,2
452,8,21,90,1.8481923341751099,2.105257213715264,1.8481923341751099,462.863365188241,20,,True,2
453,8,21,105,2.3319798638423284,2.5841874500045385,2.3319798638423284,461.00244484841824,20,,True,2
454,8,21,120,5.398783062584698,8.70213275602716,5.398783062584698,461.1576283350587,20,,True,2
455,8,21,135,3.6181278585145873,5.210205971002838,3.6181278585145873,459.90752428770065,20,,True,2
456,8,21,150,1.9723380155861379,2.220828089839352,1.9723380155861379,461.18307719007134,20,,True,2
457,8,21,165,1.95588937352101,2.197022059204552,1.95588937352101,460.340844001621,20,,True,2
458,8,21,180,1.992806845282515,2.235554671499888,1.992806845282515,459.90402763709426,20,,True,2
459,8,21,195,1.9245720636099577,2.1781878464031283,1.9245720636099577,459.72965797409415,20,,True,2
460,8,21,210,2.0085020172099273,2.2781881878026145,2.0085020172099273,459.57265980541706,20,,True,2
461,8,21,225,1.9096997150530417,2.1830997196938275,1.9096997150530417,460.46936698257923,20,,True,2
462,8,44,30,5.852764698738853,8.819666898654418,5.852764698738853,460.23355098441243,20,,True,4
463,8,44,45,6.655138103167216,10.74617967384886,6.655138103167216,460.2253045886755,20,,True,4
464,8,44,60,2.448153281211853,3.295418919727251,2.448153281211853,460.56360518559813,20,,True,4
465,8,44,75,2.735218358039856,3.452743869692003,2.735218358039856,460.5076089501381,20,,True,2
466,8,44,90,4.091699695587158,9.204093140330759,4.091699695587158,460.6490470468998,20,,True,2
467,8,44,105,6.177588677406311,8.862680920789028,6.177588677406311,461.7348709143698,20,,True,2
468,8,44,120,3.4259443521499633,4.92162738091092,3.4259443521499633,462.69946498796344,20,,True,2
469,8,44,135,3.1476797421773273,4.38865696961813,3.1476797421773273,462.7102757804096,20,,True,2
470,8,44,150,5.473823560277621,8.773779831818086,5.473823560277621,463.537179864943,20,,True,2
471,8,44,165,4.295156807700793,7.716578303071782,4.295156807700793,462.946732994169,20,,True,2
472,8,44,180,3.1297010660171507,3.6044637619151243,3.1297010660171507,464.82640923932195,20,,True,2
473,8,44,195,3.2059824387232463,5.234407589618494,3.2059824387232463,461.9234777055681,20,,True,2
474,8,44,210,3.0140697419643403,3.804303287925108,3.0140697419643403,461.92939998582006,20,,True,2
475,8,44,225,3.4321266959110894,4.164918591444832,3.4321266959110894,460.41552582755685,20,,True,2
476,8,23,30,12.559227529664835,15.594944188118077,12.559227529664835,459.52954003587365,20,,True,4
477,8,23,45,15.127603214730819,23.147346778475473,15.127603214730819,458.3229776471853,20,,True,2
478,8,23,60,46.03361278362572,77.37787722568467,46.03361278362572,458.79886811599135,20,,True,2
479,8,23,75,22.23719624131918,37.00552075144443,22.23719624131918,460.60946211218834,20,,True,4
480,8,23,90,3.2165598360200724,3.838965313404492,3.2165598360200724,460.7478049583733,20,,True,2
481,8,23,105,5.212753743010883,6.596034279634437,5.212753743010883,460.21198108792305,20,,True,2
482,8,23,120,5.329761884609858,6.397874818969652,5.329761884609858,459.7012847661972,20,,True,2
483,8,23,135,13.062596467137336,17.186624576547405,13.062596467137336,459.2691780999303,20,,True,2
484,8,23,150,5.189986754457156,7.248886538146724,5.189986754457156,460.98828967660666,20,,True,2
485,8,23,165,6.233211290339629,7.826651997193318,6.233211290339629,459.12248082458973,20,,True,2
486,8,23,180,21.518758051594098,29.825871834816507,21.518758051594098,459.4167759642005,20,,True,2
487,8,23,195,15.430071639145414,23.43555759594661,15.430071639145414,458.19255197420716,20,,True,4
488,8,23,210,13.385055216153463,17.620454489349516,13.385055216153463,458.4487872198224,20,,True,2
489,8,23,225,5.427066278954347,8.048525406552173,5.427066278954347,458.4476840682328,20,,True,2
490,8,53,30,28.473059057195982,42.80253931553732,28.473059057195982,458.19872338324785,20,,True,10
491,8,53,45,55.22055870294571,75.53747583552565,55.22055870294571,458.23341794312,20,,True,10
492,8,53,60,27.190496846536796,31.374557810497354,27.190496846536796,464.72767321392894,20,,True,10
493,8,53,75,5.4612239569425585,6.667010775888609,5.4612239569425585,458.1721927970648,20,,True,4
494,8,53,90,8.568407661716144,14.686759746141474,8.568407661716144,457.675043027848,20,,True,2
495,8,53,105,9.78241836130619,16.659311297506406,9.78241836130619,457.28627778589725,20,,True,4
496,8,53,120,45.26302503446738,75.67103009656743,45.26302503446738,459.3113879673183,20,,True,2
497,8,53,135,26.512394629915555,41.438039048473655,26.512394629915555,456.05174312368035,20,,True,10
498,8,53,150,50.43401783605417,70.56215999148824,50.43401783605417,457.00732013210654,20,,True,10
499,8,53,165,9.321931244929631,14.114901891490575,9.321931244929631,459.19353608042,20,,True,2
500,8,53,180,12.241947923600673,21.048831343929113,12.241947923600673,459.33845918625593,20,,True,2
501,8,53,195,20.794549619654813,29.36690218812608,20.794549619654813,459.38224205747247,20,,True,4
502,8,53,210,5.550375229120254,7.522751847080186,5.550375229120254,459.87557526677847,20,,True,2
503,8,53,225,2.1126383463541667,3.2783834236762455,2.1126383463541667,458.76375306397676,20,,True,2
504,8,84,30,40.41334730957945,59.50442959331323,40.41334730957945,459.2092949897051,20,,True,4
505,8,84,45,28.080611860069137,35.28262052939192,28.080611860069137,457.4904036708176,20,,True,10
506,8,84,60,41.96611417067858,48.324198202675696,41.96611417067858,457.8165700659156,20,,True,10
507,8,84,75,4.65949749276042,5.498841493800179,4.65949749276042,457.5653471983969,20,,True,10
508,8,84,90,2.5536325726658107,3.461882417737931,2.5536325726658107,458.98798620328307,20,,True,2
509,8,84,105,2.6600998759269716,3.668461086650097,2.6600998759269716,461.4935559220612,20,,True,2
510,8,84,120,2.4733963275949162,3.28391276386874,2.4733963275949162,459.5273667946458,20,,True,2
511,8,84,135,8.533885473385453,13.263602454243106,8.533885473385453,459.61699774488807,20,,True,2
512,8,84,150,11.596310810248058,14.11630711077593,11.596310810248058,459.0582996606827,20,,True,10
513,8,84,165,3.626363476117452,4.286370064332171,3.626363476117452,458.9524897746742,20,,True,2
514,8,84,180,3.503096659978231,4.163038579630244,3.503096659978231,457.7404479496181,20,,True,2
515,8,84,195,15.51093746026357,20.294501798364525,15.51093746026357,466.6794561780989,20,,True,2
516,8,84,210,11.479749668141206,12.792040333466888,11.479749668141206,478.18228229880333,20,,True,4
517,8,84,225,8.486722213526567,10.615351648426422,8.486722213526567,459.0080250054598,20,,True,2
518,8,59,30,4.33168483475844,5.355202282052583,4.33168483475844,465.90873692184687,20,,True,10
519,8,59,45,2.4190219449500243,3.7507833006842923,2.4190219449500243,457.57454400882125,20,,True,2
520,8,59,60,8.26759282425046,9.381601875867663,8.26759282425046,458.08629179373384,20,,True,2
521,8,59,75,3.76912144223849,5.056260429796667,3.76912144223849,472.6607180200517,20,,True,2
522,8,59,90,3.877977960805098,5.659261245326468,3.877977960805098,494.58509776741266,20,,True,2
523,8,59,105,4.926682344079017,6.136503222216696,4.926682344079017,497.8014719672501,20,,True,2
524,8,59,120,8.622527396678924,12.2597030603678,8.622527396678924,496.00638588890433,20,,True,2
525,8,59,135,10.416012012461822,14.584841745040901,10.416012012461822,481.28872783854604,20,,True,2
526,8,59,150,7.397626940409342,8.001204650750196,7.397626940409342,461.6956589743495,20,,True,4
527,8,59,165,4.84312039113914,5.571436558670861,4.84312039113914,460.7922309078276,20,,True,2
528,8,59,180,2.5806485247798263,3.5932818089644596,2.5806485247798263,460.11638222262263,20,,True,2
529,8,59,195,2.98838050365448,3.6233191940931677,2.98838050365448,459.4871620647609,20,,True,2
530,8,59,210,9.360176690419515,13.180150646465982,9.360176690419515,459.2263982631266,20,,True,2
531,8,59,225,9.20285937388738,10.842926663344315,9.20285937388738,459.4984841533005,20,,True,2
532,8,49,30,42.86354066481193,59.67438357788548,42.86354066481193,458.22929311543703,20,,True,4
533,8,49,45,55.21790247559547,76.33559968502476,55.21790247559547,456.6820557229221,20,,True,10
534,8,49,60,16.98238895336787,25.158268484119915,16.98238895336787,458.3449522033334,20,,True,4
535,8,49,75,46.776514851053555,74.23900472223204,46.776514851053555,465.93558927997947,20,,True,4
536,8,49,90,33.960972554485004,47.06126129958964,33.960972554485004,458.86829076334834,20,,True,10
537,8,49,105,30.245756258567173,45.05227481841368,30.245756258567173,458.94385408610106,20,,True,2
538,8,49,120,39.360071979959805,49.3398898848121,39.360071979959805,459.642895963043,20,,True,4
539,8,49,135,44.30042805684109,67.40970424084614,44.30042805684109,468.335899990052,20,,True,4
540,8,49,150,23.79318994494776,35.084792380093,23.79318994494776,466.51063580065966,20,,True,4
541,8,49,165,10.890320786833763,15.958095289063776,10.890320786833763,466.1525096744299,20,,True,4
542,8,49,180,3.1448951840400694,3.9863203971563825,3.1448951840400694,460.8154543675482,20,,True,2
543,8,49,195,3.769023323059082,4.198414512284639,3.769023323059082,461.18493331596255,20,,True,2
544,8,49,210,2.6564744472503663,3.4159772160579873,2.6564744472503663,461.62664890289307,20,,True,2
545,8,49,225,2.1412849187850953,3.0354302078815425,2.1412849187850953,458.8037901557982,20,,True,2
546,8,7,30,29.768021312480172,44.2254884141139,29.768021312480172,457.48836174607277,20,,True,10
547,8,7,45,31.639176666736603,51.57927511845351,31.639176666736603,457.9489128664136,20,,True,10
548,8,7,60,2.089457423488299,2.3535239178145866,2.089457423488299,458.6950638331473,20,,True,2
549,8,7,75,1.208985455830892,1.7886491124027106,1.208985455830892,458.5599792189896,20,,True,2
550,8,7,90,14.44280088742574,20.869187799315846,14.44280088742574,457.79093401506543,20,,True,2
551,8,7,105,12.229872785508633,17.54078837304161,12.229872785508633,459.86587973311543,20,,True,2
552,8,7,120,22.728714980185032,36.04729221702773,22.728714980185032,459.8343288525939,20,,True,2
553,8,7,135,10.072057127952576,13.383100019351769,10.072057127952576,460.1310398429632,20,,True,2
554,8,7,150,12.993775063753128,20.08341247839238,12.993775063753128,459.75701371207833,20,,True,2
555,8,7,165,20.88423515111208,24.727426957645548,20.88423515111208,462.514438200742,20,,True,4
556,8,7,180,13.192858109871546,18.795526082288756,13.192858109871546,458.1993371248245,20,,True,2
557,8,7,195,3.708792864282926,7.749653552490366,3.708792864282926,458.9146999642253,20,,True,4
558,8,7,210,18.340262829264006,23.851104009670678,18.340262829264006,458.3433191291988,20,,True,2
559,8,7,225,9.368511422475178,14.290033920295178,9.368511422475178,458.7306627072394,20,,True,2
560,8,47,30,12.215404478708903,14.957541021514066,12.215404478708903,459.5435387454927,20,,True,4
561,8,47,45,11.48312307993571,13.156482892288146,11.48312307993571,459.31127993389964,20,,True,2
562,8,47,60,8.393273607889812,9.424910158945922,8.393273607889812,466.8958061374724,20,,True,2
563,8,47,75,10.798210175832113,12.700162091041378,10.798210175832113,489.5823267288506,20,,True,2
564,8,47,90,14.814333470662435,20.26527344651751,14.814333470662435,511.2058757804334,20,,True,4
565,8,47,105,17.18940978248914,25.487781614771595,17.18940978248914,503.1812801025808,20,,True,2
566,8,47,120,37.22963645458221,42.54721331819244,37.22963645458221,494.9859781190753,20,,True,10
567,8,47,135,18.112642258095246,22.616802248915874,18.112642258095246,504.2977100238204,20,,True,4
568,8,47,150,6.847255744226277,8.205473363613276,6.847255744226277,492.8442370146513,20,,True,4
569,8,47,165,3.080280876159668,4.134357315625867,3.080280876159668,483.21652691811323,20,,True,2
570,8,47,180,3.8283621231714884,4.50158404374053,3.8283621231714884,544.0917797386646,20,,True,2
571,8,47,195,2.8463600715001425,3.641829716059348,2.8463600715001425,510.1470653899014,20,,True,2
572,8,47,210,2.6119391918182373,3.1235329607785447,2.6119391918182373,479.2518368922174,20,,True,2
573,8,47,225,4.444557889302572,6.630336632656087,4.444557889302572,476.79335810244083,20,,True,2
574,8,30,30,16.60202892869711,26.31518737561601,16.60202892869711,565.9201578237116,20,,True,2
575,8,30,45,9.848360219597817,14.085499180769213,9.848360219597817,557.8961111605167,20,,True,2
576,8,30,60,3.948426215404955,7.202746024428709,3.948426215404955,561.0285149887204,20,,True,2
577,8,30,75,8.07145373476281,11.59780415498961,8.07145373476281,570.3992298804224,20,,True,2
578,8,30,90,0.8443072557876197,1.171400575948148,0.8443072557876197,539.4104057922959,20,,True,2
579,8,30,105,6.928182472505918,12.707341703489973,6.928182472505918,493.4683069586754,20,,True,2
580,8,30,120,22.25851830864946,32.98348590300669,22.25851830864946,613.547523971647,20,,True,2
581,8,30,135,12.010616318384807,22.230273611535978,12.010616318384807,624.0073479712009,20,,True,2
582,8,30,150,18.992226878801983,36.72613567974308,18.992226878801983,554.0104419924319,20,,True,2
583,8,30,165,15.752783024311066,27.780803405580528,15.752783024311066,532.1668651886284,20,,True,4
584,8,30,180,9.188097602128982,14.006093604918847,9.188097602128982,600.5791649222374,20,,True,2
585,8,30,195,1.2739096641540528,1.8026425534672725,1.2739096641540528,459.9542268551886,20,,True,2
586,8,30,210,1.6378195313115915,1.9508587938132573,1.6378195313115915,459.787021856755,20,,True,2
587,8,30,225,1.3349675409495831,1.560534752006426,1.3349675409495831,459.6424079500139,20,,True,2
588,14,83,30,28.21064687569936,31.32100800627611,28.21064687569936,459.57707380875945,20,,True,10
589,14,83,45,11.246583471695581,19.23072528661303,11.246583471695581,458.6400715634227,20,,True,2
590,14,83,60,17.589645292113225,22.80553801785915,17.589645292113225,465.50401533022523,20,,True,4
591,14,83,75,10.801615023116272,14.81179577754395,10.801615023116272,458.13109911978245,20,,True,4
592,14,83,90,3.7846318324406942,4.892404921988321,3.7846318324406942,451.7841646447778,20,,True,2
593,14,83,105,18.28999789779385,39.97613848146154,18.28999789779385,451.5325683169067,20,,True,2
594,14,83,120,21.969427962601184,38.2467385449085,21.969427962601184,450.56985691189766,20,,True,10
595,14,83,135,18.383996467789014,33.20354889682008,18.383996467789014,451.29011012613773,20,,True,4
596,14,83,150,24.265026954809823,33.509868011786075,24.265026954809823,450.648867059499,20,,True,4
597,14,83,165,15.564747816572586,23.93550824603536,15.564747816572586,451.78444497287273,20,,True,4
598,14,83,180,5.932598518580198,6.442783694094862,5.932598518580198,489.79845689609647,20,,True,4
599,14,83,195,10.034710223227739,20.343275005311988,10.034710223227739,526.84147330001,20,,True,2
600,14,83,210,8.464631119618813,11.433970932363625,8.464631119618813,525.1591010019183,20,,True,10
601,14,83,225,8.449178502211968,11.696211007948474,8.449178502211968,511.4082111977041,20,,True,4
602,14,15,30,18.254651301105817,25.63565125639451,18.254651301105817,553.0889192596078,20,,True,10
603,14,15,45,3.534354082743327,5.121321136265854,3.534354082743327,507.43370363488793,20,,True,2
604,14,15,60,5.699000835418701,7.86811694319458,5.699000835418701,493.7933040782809,20,,True,2
605,14,15,75,2.2579553564389547,2.8226237457675283,2.2579553564389547,537.616073153913,20,,True,2
606,14,15,90,1.83433309396108,2.060464119761134,1.83433309396108,525.1986458897591,20,,True,2
607,14,15,105,1.88365372021993,2.1264626744604285,1.88365372021993,528.9327590726316,20,,True,2
608,14,15,120,1.9404659492118905,2.140183019531959,1.9404659492118905,528.2639940269291,20,,True,2
609,14,15,135,2.3367647433653476,3.2610465508315967,2.3367647433653476,537.7333951182663,20,,True,2
610,14,15,150,8.206795310477416,12.926450844381533,8.206795310477416,552.638687659055,20,,True,2
611,14,15,165,11.224193927148978,16.345251161216204,11.224193927148978,518.266764935106,20,,True,10
612,14,15,180,2.2145797598486143,2.6453155081718993,2.2145797598486143,547.3998286761343,20,,True,2
613,14,15,195,4.388830743233362,7.334329314214937,4.388830743233362,531.8500171415508,20,,True,2
614,14,15,210,3.4479325900475186,4.133259349438078,3.4479325900475186,540.5737780965865,20,,True,2
615,14,15,225,3.0371584180839517,3.9532398764649144,3.0371584180839517,511.78433327004313,20,,True,2
616,14,3,30,15.437624017397562,20.163358727523075,15.437624017397562,504.7747353091836,20,,True,2
617,14,3,45,22.104649301369985,33.16008720578845,22.104649301369985,483.44893800094724,20,,True,4
618,14,3,60,20.086336468656857,27.994838668400444,20.086336468656857,513.3118433877826,20,,True,10
619,14,3,75,20.41836801469326,31.383509344130083,20.41836801469326,522.432142868638,20,,True,4
620,14,3,90,23.655165188014507,32.67668540359871,23.655165188014507,483.24349988251925,20,,True,10
621,14,3,105,3.516013892615835,4.261045115718631,3.516013892615835,484.0391748584807,20,,True,2
622,14,3,120,3.5229279730468988,4.282783173312826,3.5229279730468988,472.5291929207742,20,,True,2
623,14,3,135,8.416555699457724,14.669574253967838,8.416555699457724,550.1735960133374,20,,True,2
624,14,3,150,18.498683351278306,21.924997867597195,18.498683351278306,586.898670066148,20,,True,2
625,14,3,165,9.476161529620489,11.126094419806046,9.476161529620489,611.03062517941,20,,True,2
626,14,3,180,6.412403709689776,8.047698377666858,6.412403709689776,501.3291481882334,20,,True,2
627,14,3,195,13.06124555170536,19.57078601648983,13.06124555170536,458.01623398438096,20,,True,2
628,14,3,210,9.810323476791382,12.621662295010399,9.810323476791382,457.2612647898495,20,,True,10
629,14,3,225,4.186464497447014,6.7075712441902535,4.186464497447014,457.7203029766679,20,,True,2
630,14,35,30,15.894668301194907,30.08801857175676,15.894668301194907,458.6182530038059,20,,True,2
631,14,35,45,34.553389786183835,54.260399948363926,34.553389786183835,457.79141783714294,20,,True,10
632,14,35,60,20.04454255104065,24.782715116681928,20.04454255104065,458.752054721117,20,,True,10
633,14,35,75,5.243998630841573,6.089586926308951,5.243998630841573,457.7927910722792,20,,True,4
634,14,35,90,3.791154424349467,5.154672926994199,3.791154424349467,457.82611379399896,20,,True,2
635,14,35,105,6.249402644236882,10.237542524835073,6.249402644236882,458.24266178533435,20,,True,2
636,14,35,120,6.294610287745794,10.192083545677116,6.294610287745794,457.93817564845085,20,,True,2
637,14,35,135,3.3550200422604877,4.2042301608566035,3.3550200422604877,458.75199465081096,20,,True,4
638,14,35,150,5.354304949939251,7.281497932484624,5.354304949939251,458.2445048727095,20,,True,2
639,14,35,165,5.311230382847134,7.199099661298387,5.311230382847134,458.4096479229629,20,,True,2
640,14,35,180,1.738344556838274,2.1951367824002475,1.738344556838274,459.9128910340369,20,,True,2
641,14,35,195,1.8799711113174757,2.5860500870169276,1.8799711113174757,460.77255718410015,20,,True,2
642,14,35,210,1.9828084719677765,2.3794445234545343,1.9828084719677765,460.0185309536755,20,,True,2
643,14,35,225,6.449186741863377,9.971545361011035,6.449186741863377,458.5555740632117,20,,True,2
644,14,48,30,4.4866461197535195,6.56421307201405,4.4866461197535195,459.52819427475333,20,,True,2
645,14,48,45,4.762779293457667,5.6855012427658425,4.762779293457667,458.8900967501104,20,,True,2
646,14,48,60,11.66794042227169,16.879508053791422,11.66794042227169,458.0240286886692,20,,True,2
647,14,48,75,8.467372918128968,12.984567951087389,8.467372918128968,457.7596988528967,20,,True,2
648,14,48,90,6.034614924589793,8.883918856370482,6.034614924589793,458.25312100350857,20,,True,2
649,14,48,105,5.040842626492182,6.4653970791827335,5.040842626492182,458.72207870706916,20,,True,2
650,14,48,120,3.3875957041978837,3.904191139364312,3.3875957041978837,458.2647238858044,20,,True,2
651,14,48,135,2.928779979546865,3.4096739536410956,2.928779979546865,457.8514019958675,20,,True,2
652,14,48,150,3.2169609858343997,4.31820351725236,3.2169609858343997,460.6002317741513,20,,True,2
653,14,48,165,4.325882133903603,6.275511641017377,4.325882133903603,457.88595732301474,20,,True,2
654,14,48,180,3.0815373690178,3.4242858374605607,3.0815373690178,456.97861118242145,20,,True,2
655,14,48,195,5.820026482144992,9.771512794270865,5.820026482144992,458.18923227488995,20,,True,2
656,14,48,210,8.056997574617466,11.50447939978826,8.056997574617466,456.6356628201902,20,,True,4
657,14,48,225,2.735352330903212,3.0451273977419735,2.735352330903212,457.7023899182677,20,,True,2
658,14,22,30,12.60985627497236,19.9212996217617,12.60985627497236,457.0071161724627,20,,True,2
659,14,22,45,5.819621537129084,7.1843565212699625,5.819621537129084,457.6323376968503,20,,True,2
660,14,22,60,9.492187671115001,12.20798499417524,9.492187671115001,457.3023640550673,20,,True,2
661,14,22,75,7.6662599503993984,11.148395307090931,7.6662599503993984,457.5337120331824,20,,True,2
662,14,22,90,3.702316996331016,6.053417783728356,3.702316996331016,457.4905405752361,20,,True,2
663,14,22,105,5.293638097370664,7.428114757508337,5.293638097370664,458.1808256916702,20,,True,2
664,14,22,120,4.435874600584309,5.137766402033784,4.435874600584309,458.9627352543175,20,,True,2
665,14,22,135,2.0648089309533435,3.062699743540556,2.0648089309533435,459.34496773406863,20,,True,2
666,14,22,150,2.4777170474330585,3.6238099040012997,2.4777170474330585,459.41348699852824,20,,True,2
667,14,22,165,6.560060667727764,9.160150999632743,6.560060667727764,458.32525892183185,20,,True,2
668,14,22,180,1.9145478870874892,2.906257578271536,1.9145478870874892,459.2093820683658,20,,True,2
669,14,22,195,5.703744797656934,11.514448833126298,5.703744797656934,458.02063308656216,20,,True,2
670,14,22,210,3.5946989198525747,4.075404109993481,3.5946989198525747,459.7505549900234,20,,True,2
671,14,22,225,3.6686566930574673,4.1179406949278885,3.6686566930574673,458.70140101760626,20,,True,2
672,14,55,30,35.21306338285407,52.900434710566785,35.21306338285407,457.5684480369091,20,,True,10
673,14,55,45,1.8672602289666733,2.2483059289641316,1.8672602289666733,457.8558821231127,20,,True,2
674,14,55,60,4.225123463074366,6.426744519868246,4.225123463074366,458.33698101341724,20,,True,2
675,14,55,75,1.404528377453486,1.7517090722722855,1.404528377453486,459.5332439057529,20,,True,2
676,14,55,90,1.3071292887131374,1.6635786643034236,1.3071292887131374,463.89181911945343,20,,True,2
677,14,55,105,1.2540553967158,1.6560070346615352,1.2540553967158,459.1119368560612,20,,True,2
678,14,55,120,1.2355219960212707,1.6046216101699748,1.2355219960212707,460.1048561744392,20,,True,2
679,14,55,135,1.2479051132996877,1.607433409759405,1.2479051132996877,462.461412884295,20,,True,2
680,14,55,150,7.500925349195798,14.219704813598232,7.500925349195798,458.99270195513964,20,,True,2
681,14,55,165,6.67549891769886,7.133354674350607,6.67549891769886,459.30400071665645,20,,True,2
682,14,55,180,2.60693310101827,3.0678948904066754,2.60693310101827,458.8866108097136,20,,True,2
683,14,55,195,2.2297229607899984,3.829188208950077,2.2297229607899984,458.53935461491346,20,,True,2
684,14,55,210,2.0909787972768146,3.6368415989698466,2.0909787972768146,458.3703950047493,20,,True,2
685,14,55,225,2.129813234011332,3.5902066277962104,2.129813234011332,457.77926687151194,20,,True,2
686,14,4,30,11.813329716523489,20.088978086470963,11.813329716523489,458.0253232270479,20,,True,2
687,14,4,45,20.067938097318013,35.12205004405104,20.067938097318013,457.67842698842287,20,,True,2
688,14,4,60,45.72253087386489,75.48519878768717,45.72253087386489,481.9433931261301,20,,True,2
689,14,4,75,2.5024271031220753,2.891063213002873,2.5024271031220753,467.7492850460112,20,,True,2
690,14,4,90,1.7657694305603704,2.2457564509813936,1.7657694305603704,458.0431468784809,20,,True,2
691,14,4,105,6.385109051689506,9.004703854350568,6.385109051689506,457.36454287543893,20,,True,2
692,14,4,120,1.5516402990246811,2.0891762907467615,1.5516402990246811,472.3604773171246,20,,True,2
693,14,4,135,5.855554409325123,9.62778810079615,5.855554409325123,481.104445643723,20,,True,2
694,14,4,150,21.826839181780816,34.075456841586494,21.826839181780816,509.4295721501112,20,,True,2
695,14,4,165,8.252725851163268,11.69608745240181,8.252725851163268,498.96657187491655,20,,True,4
696,14,4,180,8.046063337723414,12.157679282654698,8.046063337723414,495.7491368986666,20,,True,2
697,14,4,195,5.221993525822957,8.483377611877906,5.221993525822957,481.9225328974426,20,,True,2
698,14,4,210,4.2433529396851855,6.100181022452183,4.2433529396851855,453.12422327697277,20,,True,2
699,14,4,225,8.683961641788482,10.336023741626418,8.683961641788482,450.0237889587879,20,,True,4
700,14,45,30,35.79215703010559,40.486652879508014,35.79215703010559,449.68473725020885,20,,True,10
701,14,45,45,4.347367452333371,5.832276587531486,4.347367452333371,449.01755498722196,20,,True,4
702,14,45,60,3.8958462468038,4.907646510431967,3.8958462468038,449.2465676739812,20,,True,2
703,14,45,75,3.4776801965975515,4.544123410646411,3.4776801965975515,450.0009547919035,20,,True,2
704,14,45,90,2.035687302751467,2.7388038219382156,2.035687302751467,449.66783514246345,20,,True,2
705,14,45,105,2.672957874337832,3.291296130499101,2.672957874337832,450.1344580203295,20,,True,2
706,14,45,120,4.190809803207715,5.426179638399846,4.190809803207715,509.32750990614295,20,,True,2
707,14,45,135,4.935656537612279,7.462109642388942,4.935656537612279,516.9695750810206,20,,True,2
708,14,45,150,23.55213407377402,45.59017960924344,23.55213407377402,542.1135043725371,20,,True,2
709,14,45,165,42.465416034062706,69.84208000855864,42.465416034062706,538.4498038329184,20,,True,10
710,14,45,180,8.749633296330769,11.986572177273036,8.749633296330769,497.5932948291302,20,,True,4
711,14,45,195,5.507969714949528,8.690871531135773,5.507969714949528,520.2310541644692,20,,True,2
712,14,45,210,4.554249400769671,7.172246740439237,4.554249400769671,523.4404550865293,20,,True,2
713,14,45,225,4.8309328575929005,5.762463320552499,4.8309328575929005,527.3483460769057,20,,True,4
714,14,60,30,12.148998576402665,17.239384002417328,12.148998576402665,519.8051580227911,20,,True,2
715,14,60,45,8.720606829722723,11.181151377619535,8.720606829722723,513.4394778870046,20,,True,4
716,14,60,60,6.960867407917976,12.831114170656456,6.960867407917976,519.769289996475,20,,True,2
717,14,60,75,5.987069361408552,8.469263209080385,5.987069361408552,560.8030748553574,20,,True,2
718,14,60,90,2.222088513771693,3.035147833408364,2.222088513771693,541.1663427948952,20,,True,2
719,14,60,105,2.37895956436793,3.010637208738984,2.37895956436793,535.8357797376812,20,,True,2
720,14,60,120,2.4356621702512107,2.967702649288419,2.4356621702512107,460.0237342528999,20,,True,2
721,14,60,135,2.091517718633016,2.6369078354216606,2.091517718633016,453.74043891206384,20,,True,2
722,14,60,150,2.139615456263224,2.783120230607888,2.139615456263224,517.8174278698862,20,,True,2
723,14,60,165,3.18454483350118,4.960082381690132,3.18454483350118,547.5517208687961,20,,True,2
724,14,60,180,4.8452168822288515,6.690366981480461,4.8452168822288515,551.0791116394103,20,,True,2
725,14,60,195,2.673491068681081,3.2690796925517978,2.673491068681081,533.9680076576769,20,,True,2
726,14,60,210,3.4152733167012532,4.568655187372999,3.4152733167012532,491.03033170104027,20,,True,2
727,14,60,225,4.271447263161341,5.988644103556347,4.271447263161341,529.9666994251311,20,,True,2
728,14,26,30,46.911579780777295,67.41215490454691,46.911579780777295,694.7557437233627,20,,True,4
729,14,26,45,11.329961542785167,13.952823074841142,11.329961542785167,730.4508411325514,20,,True,10
730,14,26,60,11.85031632942458,16.938688058874572,11.85031632942458,526.6920449212193,20,,True,2
731,14,26,75,6.461227989724526,8.372877499389297,6.461227989724526,459.4262740574777,20,,True,2
732,14,26,90,8.535122798879941,11.48979446869113,8.535122798879941,457.95823773369193,20,,True,2
733,14,26,105,6.372874682066807,8.656433101006726,6.372874682066807,458.202239125967,20,,True,2
734,14,26,120,5.648106969345827,7.618629581764976,5.648106969345827,458.43515917658806,20,,True,2
735,14,26,135,1.805987925082445,2.2115372759191207,1.805987925082445,458.782184869051,20,,True,2
736,14,26,150,3.6125282582152676,6.2402106682189595,3.6125282582152676,458.2804972305894,20,,True,2
737,14,26,165,14.001682854692142,22.911708870627738,14.001682854692142,457.81253185123205,20,,True,2
738,14,26,180,3.2503162731726962,4.047316242426939,3.2503162731726962,493.88071428984404,20,,True,4
739,14,26,195,5.610347730418046,6.720307263357599,5.610347730418046,504.2732306756079,20,,True,2
740,14,26,210,5.458955191262066,9.309824758575141,5.458955191262066,505.4543251171708,20,,True,2
741,14,26,225,9.376401242489615,11.171746753917503,9.376401242489615,504.0954751893878,20,,True,4
742,14,21,30,3.7200222114721933,6.041681728530905,3.7200222114721933,503.6048269830644,20,,True,2
743,14,21,45,4.454902247153223,7.153598750953562,4.454902247153223,503.13084991648793,20,,True,2
744,14,21,60,9.476837205886842,13.692631909938802,9.476837205886842,503.8309651426971,20,,True,2
745,14,21,75,14.67745380004247,23.313766684996384,14.67745380004247,503.0329250730574,20,,True,2
746,14,21,90,14.245048523694276,20.82544738059853,14.245048523694276,504.14760410785675,20,,True,4
747,14,21,105,4.586576998233795,5.477854027028368,4.586576998233795,505.9886062517762,20,,True,2
748,14,21,120,2.153653516822184,2.6531296717314206,2.153653516822184,502.57968809455633,20,,True,2
749,14,21,135,2.11702618029279,2.660631487663354,2.11702618029279,503.1473822891712,20,,True,2
750,14,21,150,1.9098568439483643,2.313041794505855,1.9098568439483643,503.90593707561493,20,,True,2
751,14,21,165,2.8907831966876985,4.463850277787372,2.8907831966876985,503.77917708829045,20,,True,2
752,14,21,180,2.6532953813672067,3.8675208926451714,2.6532953813672067,504.37348103150725,20,,True,2
753,14,21,195,3.582051432132721,4.516603603415129,3.582051432132721,504.2725810781121,20,,True,2
754,14,21,210,2.9138382961352667,3.374483933651322,2.9138382961352667,505.19150868058205,20,,True,2
755,14,21,225,2.0537626643975577,2.6788604014370487,2.0537626643975577,503.5467566922307,20,,True,2
756,14,44,30,21.66824828783671,29.755464457853012,21.66824828783671,503.64686688408256,20,,True,2
757,14,44,45,4.6695359965165455,7.133760965109987,4.6695359965165455,503.6749099381268,20,,True,2
758,14,44,60,8.119800994793573,12.837998801424826,8.119800994793573,503.10510164126754,20,,True,2
759,14,44,75,8.196500813961029,13.434316751830261,8.196500813961029,502.7507827617228,20,,True,10
760,14,44,90,5.956370772918065,10.286412980284434,5.956370772918065,502.8693163767457,20,,True,10
761,14,44,105,6.111209730803966,8.919528937005936,6.111209730803966,504.26540710031986,20,,True,2
762,14,44,120,8.285440757870674,10.741846022227838,8.285440757870674,503.84377921000123,20,,True,4
763,14,44,135,9.50742627804478,20.442627377342106,9.50742627804478,504.1145118884742,20,,True,2
764,14,44,150,14.318439720074336,25.065778788979454,14.318439720074336,503.6384011618793,20,,True,2
765,14,44,165,8.8527894337972,14.786178501841961,8.8527894337972,503.0970177613199,20,,True,4
766,14,44,180,6.925858301793536,13.491202367287478,6.925858301793536,503.0988212674856,20,,True,4
767,14,44,195,8.573823677624265,12.717445309063855,8.573823677624265,503.29228723421693,20,,True,2
768,14,44,210,5.914011715352535,6.952804262999868,5.914011715352535,502.5520259514451,20,,True,2
769,14,44,225,7.824608284235,8.74075778720746,7.824608284235,504.14166413247585,20,,True,2
770,14,23,30,23.885153213640056,42.419563027093155,23.885153213640056,498.0181809514761,20,,True,2
771,14,23,45,36.014822951207556,59.25840494133186,36.014822951207556,460.4958179406822,20,,True,4
772,14,23,60,39.13927583942811,61.77848218038404,39.13927583942811,460.82616318017244,20,,True,4
773,14,23,75,10.343708260854084,15.036346623439762,10.343708260854084,461.47638326510787,20,,True,2
774,14,23,90,11.035802213350932,16.38346791412794,11.035802213350932,459.29204067215323,20,,True,2
775,14,23,105,20.623046061520775,32.343688227891114,20.623046061520775,461.4491011016071,20,,True,2
776,14,23,120,22.501865969101587,39.418716360704465,22.501865969101587,479.328750167042,20,,True,2
777,14,23,135,10.592693920930227,16.63273880571648,10.592693920930227,487.06378089264035,20,,True,2
778,14,23,150,35.1649957165122,48.161300548606334,35.1649957165122,499.0359768271446,20,,True,2
779,14,23,165,7.103270989159743,8.079991317626803,7.103270989159743,487.39394592121243,20,,True,4
780,14,23,180,12.0260567933321,23.787733357975018,12.0260567933321,476.4139070175588,20,,True,2
781,14,23,195,30.7835508496811,48.75887851174721,30.7835508496811,467.68858283758163,20,,True,2
782,14,23,210,45.648087790918844,75.52263064267365,45.648087790918844,461.3816742785275,20,,True,4
783,14,23,225,16.619962654200695,20.955709936221496,16.619962654200695,459.19041987508535,20,,True,4
784,14,53,30,14.429441897074382,22.080162544940976,14.429441897074382,461.63626620545983,20,,True,2
785,14,53,45,10.91439577738444,16.084681463777926,10.91439577738444,459.9266918376088,20,,True,4
786,14,53,60,25.50441526124875,30.72976686370469,25.50441526124875,459.6648756414652,20,,True,4
787,14,53,75,13.898753920694192,21.589947614208217,13.898753920694192,460.2507958188653,20,,True,2
788,14,53,90,16.84252675175667,25.68483678465609,16.84252675175667,460.8399490825832,20,,True,2
789,14,53,105,2.632621701558431,3.91957155148162,2.632621701558431,460.1180241443217,20,,True,2
790,14,53,120,4.102023716705541,5.306680205578884,4.102023716705541,460.0150086916983,20,,True,2
791,14,53,135,1.7734141929075122,2.1263053106579983,1.7734141929075122,460.24113707244396,20,,True,2
792,14,53,150,1.677545921007792,2.017448002852729,1.677545921007792,649.74629227072,20,,True,2
793,14,53,165,1.474463544289271,1.8789398111123734,1.474463544289271,504.4915662147105,20,,True,2
794,14,53,180,2.426570651928584,3.104120768540367,2.426570651928584,513.6601077392697,20,,True,2
795,14,53,195,9.741979845364888,13.12161556516404,9.741979845364888,464.03842978179455,20,,True,2
796,14,53,210,11.61265434573094,16.212191384921386,11.61265434573094,461.24416403472424,20,,True,2
797,14,53,225,10.584315358275004,15.139326190309122,10.584315358275004,461.90491411834955,20,,True,4
798,14,84,30,3.0310491283734637,4.23616389418337,3.0310491283734637,459.8058029077947,20,,True,2
799,14,84,45,3.388304740190506,4.642182997705203,3.388304740190506,476.48973064497113,20,,True,2
800,14,84,60,3.0519247988859814,4.2433285343195815,3.0519247988859814,478.31448167562485,20,,True,2
801,14,84,75,3.0492883483568827,4.400715906507679,3.0492883483568827,547.7873999625444,20,,True,2
802,14,84,90,1.7656955311695735,2.418548648469817,1.7656955311695735,654.4278990477324,20,,True,2
803,14,84,105,2.9460899949073793,4.065402170358664,2.9460899949073793,459.5161657780409,20,,True,2
804,14,84,120,2.692686458428701,3.7015625779401193,2.692686458428701,460.4820027016103,20,,True,2
805,14,84,135,2.494846781094869,3.465276147780218,2.494846781094869,465.1110181584954,20,,True,2
806,14,84,150,2.462461980183919,3.433995533051394,2.462461980183919,459.17929895222187,20,,True,2
807,14,84,165,2.637700488169988,3.5706162705063376,2.637700488169988,459.46446899324656,20,,True,2
808,14,84,180,5.26740141560634,6.113545248015353,5.26740141560634,459.20772291719913,20,,True,2
809,14,84,195,6.567974147200585,9.240280629035318,6.567974147200585,544.7479602880776,20,,True,2
810,14,84,210,16.77548671066761,26.457388966420332,16.77548671066761,575.5015308968723,20,,True,4
811,14,84,225,20.0781679302454,26.710928709515173,20.0781679302454,657.9186208546162,20,,True,4
812,14,59,30,32.00274163981279,44.66430623211994,32.00274163981279,556.802470702678,20,,True,10
813,14,59,45,14.832463493322333,17.629692423125373,14.832463493322333,459.5968686044216,20,,True,4
814,14,59,60,4.4720268495380875,6.5177009850583465,4.4720268495380875,459.994831122458,20,,True,2
815,14,59,75,5.895588544507821,8.447260631127195,5.895588544507821,460.131901782006,20,,True,2
816,14,59,90,3.2290050124128657,4.188736622182319,3.2290050124128657,459.3410459347069,20,,True,2
817,14,59,105,5.279690358787775,7.09210100520097,5.279690358787775,460.1108618080616,20,,True,2
818,14,59,120,9.528954549630482,12.372833689073813,9.528954549630482,461.2551163882017,20,,True,2
819,14,59,135,11.443821707367897,13.62002185958009,11.443821707367897,459.51231895014644,20,,True,4
820,14,59,150,5.362464049458504,10.174098878565209,5.362464049458504,460.613823030144,20,,True,2
821,14,59,165,9.321130734185378,14.204804277097049,9.321130734185378,461.15512726828456,20,,True,2
822,14,59,180,3.546158058444659,4.307132841766585,3.546158058444659,461.1580017954111,20,,True,2
823,14,59,195,10.405112679799398,13.751508879931942,10.405112679799398,461.72859240323305,20,,True,2
824,14,59,210,9.591228410104911,10.885527546512183,9.591228410104911,461.2375623546541,20,,True,2
825,14,59,225,8.132506653666496,10.390947072629622,8.132506653666496,459.7124978899956,20,,True,4
826,14,49,30,16.327766600002846,21.751023869282665,16.327766600002846,458.7068357504904,20,,True,4
827,14,49,45,4.99079254368941,7.429058725738012,4.99079254368941,459.2248457483947,20,,True,4
828,14,49,60,6.951367316643397,8.849493776435985,6.951367316643397,458.41169776394963,20,,True,2
829,14,49,75,6.55362602074941,9.234416313695801,6.55362602074941,460.95267310738564,20,,True,2
830,14,49,90,12.609282701214154,17.26052982593189,12.609282701214154,462.0323572307825,20,,True,2
831,14,49,105,8.980410942435265,10.212182991729259,8.980410942435265,459.44227697327733,20,,True,2
832,14,49,120,3.7464693118624077,4.341127098192044,3.7464693118624077,459.5713512971997,20,,True,2
833,14,49,135,5.20394191990296,5.855205451099062,5.20394191990296,459.53112514689565,20,,True,2
834,14,49,150,2.855075133343538,3.690928573715387,2.855075133343538,461.9513633660972,20,,True,2
835,14,49,165,2.273356839021047,2.8885190679159343,2.273356839021047,459.1264799237251,20,,True,2
836,14,49,180,3.7242511971562635,5.004342704773083,3.7242511971562635,460.40014922618866,20,,True,2
837,14,49,195,8.421882057063824,10.996836440234324,8.421882057063824,460.3949086740613,20,,True,2
838,14,49,210,11.234900240103403,12.720436114916374,11.234900240103403,461.45325107499957,20,,True,4
839,14,49,225,4.166249450047811,4.514830587388598,4.166249450047811,462.16896502301097,20,,True,2
840,14,7,30,5.345761930942535,6.702073940194657,5.345761930942535,459.3601319938898,20,,True,2
841,14,7,45,7.146656894683838,10.481603580286858,7.146656894683838,459.29074101150036,20,,True,2
842,14,7,60,13.861275631181586,19.824700483720534,13.861275631181586,459.6731439232826,20,,True,4
843,14,7,75,12.979021700347463,17.958734544671103,12.979021700347463,459.712749812752,20,,True,4
844,14,7,90,15.848530623937647,23.291029355303586,15.848530623937647,461.0112952068448,20,,True,4
845,14,7,105,6.326332208017508,8.505678223037618,6.326332208017508,460.28403006494045,20,,True,2
846,14,7,120,6.901318267981211,7.365375015601664,6.901318267981211,459.17204627767205,20,,True,2
847,14,7,135,3.7044973989327747,5.408885843271103,3.7044973989327747,459.88118927925825,20,,True,2
848,14,7,150,7.27227328668038,9.381992768321368,7.27227328668038,464.50141724199057,20,,True,2
849,14,7,165,8.729952339331309,11.49373289103006,8.729952339331309,459.8147622309625,20,,True,2
850,14,7,180,2.465556728839874,2.7175784369111087,2.465556728839874,459.1082357801497,20,,True,2
851,14,7,195,10.386481424793601,16.006561922304943,10.386481424793601,460.49497928470373,20,,True,2
852,14,7,210,9.731365117927393,12.140035271510367,9.731365117927393,458.3824840374291,20,,True,10
853,14,7,225,13.273459353049596,16.870569516061465,13.273459353049596,459.323322866112,20,,True,10
854,14,47,30,9.48594264984131,10.08129487216441,9.48594264984131,460.83151595667005,20,,True,4
855,14,47,45,5.720744895935058,6.343247565209338,5.720744895935058,459.52800987288356,20,,True,2
856,14,47,60,5.877842807769776,6.635686756398719,5.877842807769776,460.18450194969773,20,,True,2
857,14,47,75,5.967429033915201,6.7429804436132725,5.967429033915201,461.23775374144316,20,,True,2
858,14,47,90,5.935186290740967,6.597615417661845,5.935186290740967,460.24900395423174,20,,True,2
859,14,47,105,5.838259188334147,6.5297824093772,5.838259188334147,459.4520372338593,20,,True,2
860,14,47,120,5.8722044944763185,6.588182756946987,5.8722044944763185,460.3810338303447,20,,True,2
861,14,47,135,5.872457536061605,6.596882361062194,5.872457536061605,460.26643738150597,20,,True,2
862,14,47,150,5.8207213401794435,6.49647007440448,5.8207213401794435,460.9738551080227,20,,True,2
863,14,47,165,8.849271555741629,11.918741242139623,8.849271555741629,460.22011898458004,20,,True,2
864,14,47,180,8.444129062692324,12.362008087557601,8.444129062692324,460.6098663061857,20,,True,4
865,14,47,195,10.619798146684964,13.193998962603462,10.619798146684964,459.5856904052198,20,,True,4
866,14,47,210,16.179612517356873,17.825437753029366,16.179612517356873,459.36874905601144,20,,True,10
867,14,47,225,5.918966182072958,6.601251560911434,5.918966182072958,459.6578162163496,20,,True,2
868,14,30,30,3.26768772204717,4.5776267516427485,3.26768772204717,459.59057891741395,20,,True,2
869,14,30,45,9.633288483818372,12.744724297825613,9.633288483818372,459.0431242249906,20,,True,2
870,14,30,60,12.38168061276277,14.193166069387688,12.38168061276277,459.33674881234765,20,,True,2
871,14,30,75,4.07853461454312,5.595620982245431,4.07853461454312,460.40689339861274,20,,True,2
872,14,30,90,3.158239822524289,4.225980496207223,3.158239822524289,459.83845833688974,20,,True,2
873,14,30,105,2.6054814878230292,3.2998110536878085,2.6054814878230292,462.9464359022677,20,,True,2
874,14,30,120,2.055480401342114,2.5543054637560765,2.055480401342114,459.32826260104775,20,,True,2
875,14,30,135,3.253004604205489,5.678519549198669,3.253004604205489,460.0384859368205,20,,True,2
876,14,30,150,2.0699114660422007,2.7698912877633655,2.0699114660422007,460.040420293808,20,,True,2
877,14,30,165,2.044879033168157,2.5819759831526943,2.044879033168157,461.0269763506949,20,,True,2
878,14,30,180,2.2330154883364837,2.490446357335641,2.2330154883364837,462.9435599781573,20,,True,2
879,14,30,195,2.72127385661006,3.1140142231160457,2.72127385661006,484.75206084549427,20,,True,2
880,14,30,210,2.121689309179783,2.5444524959523376,2.121689309179783,510.47863299027085,20,,True,2
881,14,30,225,3.6928983933292328,4.913367033572912,3.6928983933292328,504.5376247726381,20,,True,2
882,18,83,30,18.23580269018809,27.02285737748977,18.23580269018809,500.658399425447,20,,True,10
883,18,83,45,6.402515578269958,8.374080268201494,6.402515578269958,486.55615374445915,20,,True,4
884,18,83,60,19.406621012464164,27.408027274861087,19.406621012464164,602.2931099869311,20,,True,2
885,18,83,75,15.857015723362565,22.730935488464805,15.857015723362565,756.3664866611362,20,,True,10
886,18,83,90,7.649846014473587,10.264752549476757,7.649846014473587,648.6421478912234,20,,True,2
887,18,83,105,4.509309960311899,6.784012159020087,4.509309960311899,462.6207910478115,20,,True,2
888,18,83,120,30.60237580132671,53.18013348557514,30.60237580132671,461.07600908726454,20,,True,2
889,18,83,135,31.252374558647475,57.80838263360067,31.252374558647475,459.1692821122706,20,,True,10
890,18,83,150,30.12976787313819,39.329758493317755,30.12976787313819,458.8958350941539,20,,True,10
891,18,83,165,14.713307102521261,20.130469845916682,14.713307102521261,458.78132805228233,20,,True,10
892,18,83,180,5.412343537186583,8.175550378354487,5.412343537186583,457.960186060518,20,,True,4
893,18,83,195,13.743933863068621,18.6781906220787,13.743933863068621,459.4804123044014,20,,True,2
894,18,15,30,8.04706829637289,11.306506009844142,8.04706829637289,460.02593310549855,20,,True,2
895,18,15,45,7.971135672926903,10.948616566065464,7.971135672926903,459.315228741616,20,,True,2
896,18,15,60,8.487536796337615,13.851007490032275,8.487536796337615,458.7056157179177,20,,True,2
897,18,15,75,7.450594845010588,10.530419173116584,7.450594845010588,460.03597183153033,20,,True,2
898,18,15,90,4.146582432587942,5.271538371660862,4.146582432587942,460.4050200432539,20,,True,2
899,18,15,105,3.5650566801933263,4.622124533708383,3.5650566801933263,459.1135270893574,20,,True,2
900,18,15,120,7.780590550104777,9.609755064442682,7.780590550104777,460.3130570612848,20,,True,2
901,18,15,135,5.689676410704851,7.5041969709658005,5.689676410704851,460.0183991715312,20,,True,2
902,18,15,150,5.919210059195757,7.015780131529965,5.919210059195757,459.10151489079,20,,True,2
903,18,15,165,7.728778133789699,10.14972971205926,7.728778133789699,459.6610232256353,20,,True,2
904,18,3,30,20.345959368348122,27.32424969734773,20.345959368348122,460.5734692886472,20,,True,2
905,18,3,45,49.03836169242859,68.41959377714953,49.03836169242859,459.08367121592164,20,,True,4
906,18,3,60,37.4453457703193,63.52153492137356,37.4453457703193,460.12121299281716,20,,True,4
907,18,3,75,62.62902647654216,89.36573691302138,62.62902647654216,459.76876700297,20,,True,10
908,18,3,90,59.23613468805949,80.66696653129924,59.23613468805949,459.1063242405653,20,,True,4
909,18,3,105,18.741514893372855,24.551468140219026,18.741514893372855,460.0377259775996,20,,True,2
910,18,3,120,40.76936485966046,44.115715074227275,40.76936485966046,460.8121309429407,20,,True,4
911,18,3,135,16.00739943012595,21.27777741758453,16.00739943012595,459.8617232404649,20,,True,4
912,18,3,150,4.306551063060761,5.231767425212545,4.306551063060761,460.45262971892953,20,,True,4
913,18,3,165,5.057939879099528,8.729045398626992,5.057939879099528,460.09361231699586,20,,True,2
914,18,35,30,16.042558705310025,23.491865877911987,16.042558705310025,460.30474081635475,20,,True,2
915,18,35,45,15.306067340572675,21.811104031948496,15.306067340572675,459.8217071034014,20,,True,4
916,18,35,60,7.265767831355333,8.726705726367948,7.265767831355333,459.82748782262206,20,,True,2
917,18,35,75,4.944955663922398,6.042280145810131,4.944955663922398,460.2151419967413,20,,True,2
918,18,35,90,4.863725280358145,6.403159765408502,4.863725280358145,459.0895217843354,20,,True,2
919,18,35,105,4.857670826852942,6.448976046879531,4.857670826852942,459.76459002122283,20,,True,2
920,18,35,120,8.282942236385619,16.112648350548348,8.282942236385619,459.4897497445345,20,,True,2
921,18,35,135,20.84399361809095,30.101313145687087,20.84399361809095,459.4748509116471,20,,True,2
922,18,35,150,51.6830110480388,70.63341156573323,51.6830110480388,457.45320804417133,20,,True,10
923,18,35,165,49.96675439899166,64.98848650829822,49.96675439899166,457.9740930348635,20,,True,10
924,18,35,180,5.273311508943637,6.834672163680675,5.273311508943637,485.92374892905354,20,,True,2
925,18,35,195,4.664858826994896,5.898222335638258,4.664858826994896,503.9063529111445,20,,True,2
926,18,35,210,3.6002525548140207,5.385451950384511,3.6002525548140207,507.2799539193511,20,,True,2
927,18,35,225,16.706371955076854,27.73992675448834,16.706371955076854,504.7082197852433,20,,True,2
928,18,48,30,20.604980558156967,24.3239268590914,20.604980558156967,502.8406879864633,20,,True,2
929,18,48,45,47.77134932503104,67.47313285990083,47.77134932503104,502.7402169071138,20,,True,2
930,18,48,60,26.332240424553554,31.942419241641296,26.332240424553554,500.74309995397925,20,,True,10
931,18,48,75,35.06282358641426,51.3910870741267,35.06282358641426,501.0339403524995,20,,True,10
932,18,48,90,6.901755031446616,8.921574776917758,6.901755031446616,503.0731773003936,20,,True,2
933,18,48,105,3.1452117443084715,4.136771545853235,3.1452117443084715,503.40649811550975,20,,True,2
934,18,48,120,5.682015553613504,8.181258810428094,5.682015553613504,512.9702682606876,20,,True,2
935,18,48,135,3.266891637444496,4.0717352271455125,3.266891637444496,509.8825069144368,20,,True,2
936,18,48,150,3.6778093496958415,4.928873147769877,3.6778093496958415,543.875765055418,20,,True,2
937,18,48,165,8.82958127806584,10.431120676359843,8.82958127806584,540.0891029275954,20,,True,2
938,18,48,180,5.699302295347055,8.578313639105712,5.699302295347055,537.6932206563652,20,,True,2
939,18,48,195,5.714745104561249,6.580014309652893,5.714745104561249,493.0649669840932,20,,True,2
940,18,48,210,4.191225439310074,5.670662145711125,4.191225439310074,461.87242679297924,20,,True,2
941,18,48,225,8.451621560255687,12.549177338782942,8.451621560255687,461.29427291452885,20,,True,2
942,18,22,30,2.4792771480977533,3.185896776274908,2.4792771480977533,461.17424592375755,20,,True,2
943,18,22,45,8.333029527465502,17.744963211187123,8.333029527465502,460.57666605338454,20,,True,2
944,18,22,60,10.67785683919986,14.642003707203356,10.67785683919986,466.09321096912026,20,,True,4
945,18,22,75,9.658457497258981,12.266915178976115,9.658457497258981,459.59518011659384,20,,True,2
946,18,22,90,3.173275738954544,3.8151315468442513,3.173275738954544,459.0889820829034,20,,True,2
947,18,22,105,3.0450172344843547,3.713553171013724,3.0450172344843547,459.4803531654179,20,,True,2
948,18,22,120,2.92777979572614,3.576125256958343,2.92777979572614,459.9034828133881,20,,True,2
949,18,22,135,2.019925252596537,2.671215110373035,2.019925252596537,459.81056801974773,20,,True,2
950,18,22,150,3.4702820621586095,6.027273264725255,3.4702820621586095,587.4064229428768,20,,True,2
951,18,22,165,6.021316755190492,7.721723473687757,6.021316755190492,545.1762359589338,20,,True,2
952,18,55,30,9.574753878513972,19.61798370668348,9.574753878513972,511.61461416631937,20,,True,2
953,18,55,45,28.090862391889097,45.492974105131914,28.090862391889097,465.0140185840428,20,,True,2
954,18,55,60,38.568290707965694,55.403393935035155,38.568290707965694,497.51995503902435,20,,True,10
955,18,55,75,2.2435439904530843,3.262023627138554,2.2435439904530843,506.5117320045829,20,,True,2
956,18,55,90,13.505989336967469,16.922015963966153,13.505989336967469,506.74976222217083,20,,True,2
957,18,55,105,19.20060095836719,23.291178649153306,19.20060095836719,492.4027849920094,20,,True,2
958,18,55,120,16.283731083075207,21.97204514409125,16.283731083075207,531.6188219003379,20,,True,10
959,18,55,135,8.364786253124475,9.693540999658882,8.364786253124475,584.0723970904946,20,,True,4
960,18,55,150,8.079134659220776,9.567335308454107,8.079134659220776,460.4460187256336,20,,True,2
961,18,55,165,5.33470815072457,6.707378029580792,5.33470815072457,460.3791725821793,20,,True,2
962,18,4,30,12.163361036777497,16.003546483486883,12.163361036777497,459.48798675090075,20,,True,4
963,18,4,45,4.736191564565525,6.228259856568331,4.736191564565525,460.712063126266,20,,True,4
964,18,4,60,1.9551167319218317,2.353941375796277,1.9551167319218317,460.286607965827,20,,True,2
965,18,4,75,1.879296890894572,2.3316731709618557,1.879296890894572,464.58532894030213,20,,True,2
966,18,4,90,12.024850382407505,16.566415843636797,12.024850382407505,565.6283907592297,20,,True,2
967,18,4,105,7.018603469679753,8.128399564636169,7.018603469679753,598.8992620259523,20,,True,4
968,18,4,120,2.4519408948719503,3.6228361272536658,2.4519408948719503,660.9352328814566,20,,True,2
969,18,4,135,5.831040163648625,6.286028138047508,5.831040163648625,499.24284406006336,20,,True,2
970,18,4,150,3.512376162596047,4.762708207016707,3.512376162596047,459.4905818812549,20,,True,2
971,18,4,165,4.3490993330876035,5.633303566584812,4.3490993330876035,459.599198307842,20,,True,2
972,18,4,180,3.9039037823677063,4.889776292714507,3.9039037823677063,461.5774601697922,20,,True,2
973,18,45,30,22.749646195272604,30.423560482897553,22.749646195272604,459.8380187526345,20,,True,4
974,18,45,45,9.745980711778005,18.446313660710608,9.745980711778005,460.014624055475,20,,True,4
975,18,45,60,25.18518695831299,34.16355292681445,25.18518695831299,461.6359509527683,20,,True,2
976,18,45,75,16.33377034465472,19.18078399353055,16.33377034465472,460.2807369083166,20,,True,10
977,18,45,90,12.843286481996378,21.237996520687076,12.843286481996378,462.284195702523,20,,True,2
978,18,45,105,13.624632263338814,22.53159326928439,13.624632263338814,461.15821693092585,20,,True,4
979,18,45,120,2.418889630834262,2.9297355387842896,2.418889630834262,460.7153991237283,20,,True,2
980,18,45,135,3.421488185723623,3.7182403471196106,3.421488185723623,461.0560331493616,20,,True,2
981,18,45,150,3.0469533254702887,3.4351861623100692,3.0469533254702887,460.4583936743438,20,,True,2
982,18,45,165,4.571402454376221,7.101651991781867,4.571402454376221,460.98627196624875,20,,True,2
983,18,60,30,7.030243220925331,9.629419844394613,7.030243220925331,459.82502587139606,20,,True,2
984,18,60,45,1.3058443039655685,1.5633243545432112,1.3058443039655685,461.74541814252734,20,,True,2
985,18,60,60,2.416719728211562,3.0767186327764193,2.416719728211562,460.0183009169996,20,,True,2
986,18,60,75,9.0747107197841,17.292429756809362,9.0747107197841,459.6762442961335,20,,True,2
987,18,60,90,11.613543236007294,15.676601833586485,11.613543236007294,459.86142521724105,20,,True,2
988,18,60,105,22.258771512028762,36.3946206034022,22.258771512028762,460.49551432952285,20,,True,2
989,18,60,120,11.908369017144045,16.240781194245212,11.908369017144045,459.9138838239014,20,,True,2
990,18,60,135,2.025616196791331,2.304069238785642,2.025616196791331,459.842368029058,20,,True,2
991,18,60,150,1.6408122777938843,1.9541386553781595,1.6408122777938843,459.26271192729473,20,,True,2
992,18,60,165,5.665650430694223,8.099694448525213,5.665650430694223,458.9498797431588,20,,True,2
993,18,26,30,24.79244300723076,34.80257053011338,24.79244300723076,458.47603492438793,20,,True,10
994,18,26,45,33.67380432039499,54.48265835041513,33.67380432039499,459.4852519221604,20,,True,4
995,18,26,60,45.96487500170867,71.49084398504881,45.96487500170867,461.3978611305356,20,,True,4
996,18,26,75,48.57383868296941,77.63087189362817,48.57383868296941,457.61252101510763,20,,True,10
997,18,26,90,8.58774696600934,11.297659454224709,8.58774696600934,459.548844024539,20,,True,2
998,18,26,105,7.968362099428972,10.209639938414957,7.968362099428972,473.0829228647053,20,,True,2
999,18,26,120,15.630348307577272,21.9768041469866,15.630348307577272,459.0594982728362,20,,True,4
1000,18,26,135,12.674057309826216,18.117796554157856,12.674057309826216,459.9084430374205,20,,True,2
1001,18,26,150,22.799368444085122,26.991165595965825,22.799368444085122,458.94522219896317,20,,True,4
1002,18,26,165,11.240459526826937,19.91022303282537,11.240459526826937,460.59704618528485,20,,True,2
1003,18,21,30,6.7321260238687195,12.147930565013516,6.7321260238687195,459.0185000561178,20,,True,2
1004,18,21,45,17.69900173395872,28.11543242916784,17.69900173395872,459.7474788315594,20,,True,4
1005,18,21,60,10.06276737054189,13.858894196111052,10.06276737054189,458.76235608011484,20,,True,10
1006,18,21,75,5.550462649265925,8.02008134969557,5.550462649265925,460.3747162036598,20,,True,2
1007,18,21,90,20.655895051298042,29.109927353359897,20.655895051298042,459.1492167674005,20,,True,2
1008,18,21,105,25.293390007317065,38.99460836853357,25.293390007317065,458.7191641330719,20,,True,10
1009,18,21,120,1.5358598053455352,1.8127931747273045,1.5358598053455352,460.7972651720047,20,,True,4
1010,18,21,135,3.324834532849491,4.8071926580907,3.324834532849491,461.52527211233974,20,,True,2
1011,18,21,150,7.186115628977617,11.371156534384733,7.186115628977617,460.6653852388263,20,,True,2
1012,18,21,165,4.420425077776114,5.215694942242786,4.420425077776114,461.2702098675072,20,,True,2
1013,18,44,30,12.99879588286082,16.72604200786111,12.99879588286082,460.4732617735863,20,,True,10
1014,18,44,45,3.9300875822703043,4.58589321020475,3.9300875822703043,461.1644297838211,20,,True,2
1015,18,44,60,3.4599241256713866,4.102119975072636,3.4599241256713866,460.627683904022,20,,True,2
1016,18,44,75,13.523851095636685,20.936050266646998,13.523851095636685,459.91278160363436,20,,True,2
1017,18,44,90,14.7136536763981,23.254584272692863,14.7136536763981,459.24341632053256,20,,True,10
1018,18,44,105,15.795261994811396,22.29525034327244,15.795261994811396,458.32458697259426,20,,True,10
1019,18,44,120,11.653221509854,14.927792954682305,11.653221509854,459.02940118685365,20,,True,10
1020,18,44,135,5.650690571467082,7.078104129291158,5.650690571467082,459.0532169677317,20,,True,4
1021,18,44,150,11.02180283665657,18.370938818771883,11.02180283665657,460.566318128258,20,,True,2
1022,18,44,165,10.690895199775696,13.483682844011174,10.690895199775696,459.45771131664515,20,,True,4
1023,18,44,180,3.3676478235671916,3.7646982962030537,3.3676478235671916,461.35571086779237,20,,True,2
1024,18,44,195,5.956457619989911,8.92348143169794,5.956457619989911,459.4520307146013,20,,True,2
1025,18,44,210,6.993984180316329,9.309371680476447,6.993984180316329,460.1998347789049,20,,True,4
1026,18,44,225,6.84154421488444,8.105639751801904,6.84154421488444,460.4053539223969,20,,True,2
1027,18,23,30,19.793253949284555,29.84509471328668,19.793253949284555,459.9892566911876,20,,True,4
1028,18,23,45,13.40416440963745,21.316539716236164,13.40416440963745,461.09754405915737,20,,True,2
1029,18,23,60,15.1180941298604,20.98323035506172,15.1180941298604,459.5403983257711,20,,True,2
1030,18,23,75,24.509276831150054,32.72641500528963,24.509276831150054,459.83115723356605,20,,True,4
1031,18,23,90,9.813271254301071,13.96723412418386,9.813271254301071,459.58117581903934,20,,True,2
1032,18,23,105,19.09487741738558,27.299151118546305,19.09487741738558,460.485375020653,20,,True,2
1033,18,23,120,15.941218437751134,19.62713487356789,15.941218437751134,459.23037081956863,20,,True,4
1034,18,23,135,14.622433846474935,24.331794649497866,14.622433846474935,460.4797847568989,20,,True,2
1035,18,23,150,16.34492742108802,25.970175104649787,16.34492742108802,470.0967352837324,20,,True,2
1036,18,23,165,19.242042842507363,26.17230785842531,19.242042842507363,485.02208571881056,20,,True,2
1037,18,53,30,44.75310687795282,61.06824796817002,44.75310687795282,511.5521182306111,20,,True,2
1038,18,53,45,42.14167022742331,57.91839931266674,42.14167022742331,510.00708574429154,20,,True,10
1039,18,53,60,40.94753889764349,70.51747741390086,40.94753889764349,501.91473914310336,20,,True,4
1040,18,53,75,24.44171889623006,40.75809666928454,24.44171889623006,481.11165035516024,20,,True,10
1041,18,53,90,24.863446609179178,42.5822196330206,24.863446609179178,648.9180149510503,20,,True,4
1042,18,53,105,4.7505490899086,7.269633224641656,4.7505490899086,736.8399393744767,20,,True,2
1043,18,53,120,14.684494916598002,23.428866210067273,14.684494916598002,590.6231813132763,20,,True,2
1044,18,53,135,5.885751644770305,6.6955524712446834,5.885751644770305,459.94964288547635,20,,True,2
1045,18,53,150,16.144492825275908,28.621375893847222,16.144492825275908,459.5507071353495,20,,True,2
1046,18,53,165,21.03530819406733,34.19817314789134,21.03530819406733,460.3619733825326,20,,True,2
1047,18,84,30,46.85072577893734,57.98838398885264,46.85072577893734,460.7618493027985,20,,True,10
1048,18,84,45,32.93329814945658,49.562707665888304,32.93329814945658,461.3836947828531,20,,True,2
1049,18,84,60,19.068495578567187,24.221821466197454,19.068495578567187,463.2811238989234,20,,True,4
1050,18,84,75,23.969670049256333,28.359454595270712,23.969670049256333,462.3905597254634,20,,True,10
1051,18,84,90,4.488068167368571,6.052020706412651,4.488068167368571,460.16322635114193,20,,True,2
1052,18,84,105,7.800029687086741,10.638294613836404,7.800029687086741,460.33542277291417,20,,True,2
1053,18,84,120,11.953558689728379,13.649390516093888,11.953558689728379,460.41162591427565,20,,True,2
1054,18,84,135,4.026308235588173,5.493605916083715,4.026308235588173,460.41239798069,20,,True,2
1055,18,84,150,8.37347330780079,10.5571976239771,8.37347330780079,459.94340069592,20,,True,2
1056,18,84,165,5.831991847852866,7.546120404472876,5.831991847852866,460.735940374434,20,,True,2
1057,18,59,30,20.834813982248306,27.68887054168093,20.834813982248306,460.4789954610169,20,,True,2
1058,18,59,45,4.90456522355477,6.15696322785263,4.90456522355477,460.15396900475025,20,,True,4
1059,18,59,60,4.914199727773666,7.318458758216719,4.914199727773666,460.03851061686873,20,,True,2
1060,18,59,75,10.094893898566564,13.747455521083149,10.094893898566564,459.8492528311908,20,,True,2
1061,18,59,90,15.137000179290771,17.901754264856415,15.137000179290771,460.89213620871305,20,,True,2
1062,18,59,105,5.859566463902593,8.39738564763683,5.859566463902593,459.78554291650653,20,,True,2
1063,18,59,120,12.997910352423787,19.815872202373598,12.997910352423787,459.5292378216982,20,,True,2
1064,18,59,135,1.4818618714809417,2.005044760968961,1.4818618714809417,460.29014559462667,20,,True,2
1065,18,59,150,5.141798250377178,7.492405645240642,5.141798250377178,459.81249399483204,20,,True,2
1066,18,59,165,5.47100462714831,7.8111832183340715,5.47100462714831,459.8307991400361,20,,True,2
1067,18,49,30,32.62827590405941,44.946995933888864,32.62827590405941,460.9179040417075,20,,True,2
1068,18,49,45,48.437444386879605,69.77478929708877,48.437444386879605,459.59722716361284,20,,True,10
1069,18,49,60,9.817645456145208,12.560462273754405,9.817645456145208,460.70881839841604,20,,True,4
1070,18,49,75,14.253490413663288,20.040822782871807,14.253490413663288,460.8253799378872,20,,True,2
1071,18,49,90,13.164010224305093,17.1977365746441,13.164010224305093,461.93361608311534,20,,True,4
1072,18,49,105,23.510207747419674,39.70964281416328,23.510207747419674,460.12614807114005,20,,True,2
1073,18,49,120,14.06471973657608,19.104340468943445,14.06471973657608,461.0037771053612,20,,True,2
1074,18,49,135,12.456343324979146,17.302423354562176,12.456343324979146,462.9909861832857,20,,True,2
1075,18,49,150,8.46781873901685,10.755762885730935,8.46781873901685,459.8300280049443,20,,True,2
1076,18,49,165,9.248422918918854,10.734164426123808,9.248422918918854,459.75257083773613,20,,True,2
1077,18,49,180,15.148782300949097,17.280146116542245,15.148782300949097,459.652500692755,20,,True,2
1078,18,49,195,9.199331363042196,11.221812606289218,9.199331363042196,459.5691729336977,20,,True,4
1079,18,49,210,6.9903759797414144,10.711176375692869,6.9903759797414144,460.88392101228237,20,,True,2
1080,18,7,30,42.47771387497584,61.0510724484379,42.47771387497584,459.95199820026755,20,,True,4
1081,18,7,45,5.949014083544413,8.299932429101379,5.949014083544413,460.88815899565816,20,,True,2
1082,18,7,60,3.9990958478301764,5.552664408241554,3.9990958478301764,465.8246962353587,20,,True,2
1083,18,7,75,12.958373557279508,23.66575825508673,12.958373557279508,460.87036468088627,20,,True,2
1084,18,7,90,33.93853291273117,41.858762143265594,33.93853291273117,458.8850103318691,20,,True,10
1085,18,7,105,27.612430743376414,43.81096852747877,27.612430743376414,460.669725202024,20,,True,2
1086,18,7,120,29.710937571090955,43.1763165139663,29.710937571090955,459.9903803318739,20,,True,10
1087,18,7,135,33.29038581053416,44.013300231110705,33.29038581053416,458.9618849568069,20,,True,10
1088,18,7,150,17.800374203920363,28.188783229844375,17.800374203920363,459.99181270599365,20,,True,2
1089,18,7,165,16.250047185830773,21.710240120156186,16.250047185830773,460.71835793554783,20,,True,10
1090,18,47,30,14.662646017068376,21.406017621710426,14.662646017068376,459.7937990911305,20,,True,10
1091,18,47,45,7.33303962846597,9.074492821839193,7.33303962846597,460.5007558129728,20,,True,4
1092,18,47,60,3.9344263235727945,5.424379116046574,3.9344263235727945,474.813518114388,20,,True,2
1093,18,47,75,1.4213319222132366,1.9058555949416494,1.4213319222132366,481.51024617254734,20,,True,2
1094,18,47,90,6.459819209575653,9.749145533328347,6.459819209575653,498.4468910843134,20,,True,2
1095,18,47,105,2.604434124628703,3.2660295223372984,2.604434124628703,490.5626690015197,20,,True,2
1096,18,47,120,2.1132750590642293,2.951598553045045,2.1132750590642293,484.71124982461333,20,,True,2
1097,18,47,135,4.46883016427358,8.895595288064667,4.46883016427358,467.43161464110017,20,,True,2
1098,18,47,150,15.913059342900912,22.179393587363435,15.913059342900912,459.6049413084984,20,,True,2
1099,18,47,165,8.314937114963929,11.795462860190089,8.314937114963929,459.38668912276626,20,,True,2
1100,18,30,30,15.896567185533543,22.172053718150547,15.896567185533543,460.3211469948292,20,,True,2
1101,18,30,45,6.802551984786987,8.803047718138819,6.802551984786987,459.79589270427823,20,,True,2
1102,18,30,60,3.115456295013428,3.6702021093592205,3.115456295013428,459.37347412109375,20,,True,2
1103,18,30,75,2.5984236081441243,3.0863119973175865,2.5984236081441243,459.89550137892365,20,,True,2
1104,18,30,90,2.370549472173055,2.8677133372068533,2.370549472173055,459.3687751330435,20,,True,2
1105,18,30,105,2.242754824956258,2.8511519741857656,2.242754824956258,458.79888720810413,20,,True,2
1106,18,30,120,2.4419576644897463,3.3324194702402354,2.4419576644897463,460.30530566349626,20,,True,2
1107,18,30,135,3.904066562652588,5.138832543878459,3.904066562652588,459.847841411829,20,,True,2
1108,18,30,150,1.4003478368123372,1.783043210602053,1.4003478368123372,637.8196352161467,20,,True,2
1109,18,30,165,2.0507826884587605,2.4388779198394346,2.0507826884587605,500.8892812766135,20,,True,2
1110,24,83,30,14.755877593283852,19.009990892482755,14.755877593283852,532.0110381580889,20,,True,2
1111,24,83,45,6.915836613004406,9.327423732496761,6.915836613004406,480.4677842184901,20,,True,4
1112,24,83,60,5.998504438002905,6.923836862571131,5.998504438002905,459.7910949960351,20,,True,4
1113,24,83,75,8.916289222302536,12.940822603757722,8.916289222302536,459.0400536544621,20,,True,2
1114,24,83,90,25.369384894023337,50.02801836738414,25.369384894023337,465.2382670901716,20,,True,2
1115,24,83,105,29.93719543516636,50.36632695339624,29.93719543516636,468.08159491047263,20,,True,10
1116,24,83,120,5.620670467615128,10.032325610801385,5.620670467615128,490.427752956748,20,,True,2
1117,24,83,135,7.896190036522845,12.03974445610921,7.896190036522845,486.6480240598321,20,,True,2
1118,24,83,150,9.540114060090854,17.717202511607475,9.540114060090854,714.8328148759902,20,,True,2
1119,24,83,165,13.17137394452778,20.546009901009405,13.17137394452778,734.5650987699628,20,,True,2
1120,24,83,180,9.066350936889648,12.817639091453387,9.066350936889648,557.2657571174204,20,,True,2
1121,24,83,195,5.881649821748336,8.586525178045417,5.881649821748336,466.35211491957307,20,,True,2
1122,24,83,210,14.029265052328507,19.984783686459462,14.029265052328507,460.60320967808366,20,,True,4
1123,24,83,225,6.239192875226339,8.033979720166753,6.239192875226339,460.5064569041133,20,,True,2
1124,24,15,30,30.91808989470204,48.96044766322342,30.91808989470204,459.5704870298505,20,,True,4
1125,24,15,45,14.640950489540895,20.897706114111912,14.640950489540895,458.96462071686983,20,,True,10
1126,24,15,60,4.250103910764058,5.444345505761686,4.250103910764058,459.48488684371114,20,,True,4
1127,24,15,75,10.679572677612304,16.984381690816978,10.679572677612304,475.45338002964854,20,,True,2
1128,24,15,90,8.00920945207278,10.257803826572179,8.00920945207278,485.22231820970774,20,,True,2
1129,24,15,105,7.613869654138883,9.476320226013321,7.613869654138883,483.7115597911179,20,,True,2
1130,24,15,120,8.983447182178498,13.592438556416464,8.983447182178498,473.8816558383405,20,,True,2
1131,24,15,135,1.991354505221049,2.885850508168817,1.991354505221049,609.557718038559,20,,True,2
1132,24,15,150,5.3280326922734575,7.0343426332176815,5.3280326922734575,629.5320186764002,20,,True,2
1133,24,15,165,13.54118200937907,23.053013219705264,13.54118200937907,620.4042937606573,20,,True,2
1134,24,15,180,3.717405978838603,5.272553229057941,3.717405978838603,474.99942081049085,20,,True,2
1135,24,15,195,15.564728929599125,23.185795266977408,15.564728929599125,459.6965559758246,20,,True,2
1136,24,15,210,8.398531274000804,13.247445984258492,8.398531274000804,459.63493920862675,20,,True,10
1137,24,15,225,13.694962845245998,18.282370131540894,13.694962845245998,460.6867991387844,20,,True,2
1138,24,3,30,40.72321666876475,55.861954469856634,40.72321666876475,460.3644600138068,20,,True,2
1139,24,3,45,8.556939270099004,9.82393263998487,8.556939270099004,460.64910758286715,20,,True,2
1140,24,3,60,33.26522274216016,48.73669864181239,33.26522274216016,460.72443993762136,20,,True,2
1141,24,3,75,23.960560860236487,29.30829766375014,23.960560860236487,457.93975284323096,20,,True,10
1142,24,3,90,12.60224945942561,17.071138399920322,12.60224945942561,460.6016483157873,20,,True,2
1143,24,3,105,3.39266943136851,4.273387974757734,3.39266943136851,461.2482110969722,20,,True,2
1144,24,3,120,11.080128494898478,18.250234954561897,11.080128494898478,459.99815594404936,20,,True,2
1145,24,3,135,7.646066947778066,9.50782703333389,7.646066947778066,460.5837636627257,20,,True,4
1146,24,3,150,4.077900437513987,6.509941875288671,4.077900437513987,461.07135713100433,20,,True,4
1147,24,3,165,11.729821689923604,16.96251757858895,11.729821689923604,460.02350421622396,20,,True,2
1148,24,3,180,4.99033925930659,6.6248496461918585,4.99033925930659,461.2047392874956,20,,True,2
1149,24,3,195,4.956931694348653,7.039199774431245,4.956931694348653,460.73130425065756,20,,True,2
1150,24,3,210,3.7242066184679667,4.140817066838185,3.7242066184679667,460.8038510195911,20,,True,2
1151,24,3,225,3.791298985481262,5.769579603683551,3.791298985481262,460.6606592424214,20,,True,2
1152,24,35,30,20.92398032049338,27.722943376739032,20.92398032049338,460.50071716308594,20,,True,2
1153,24,35,45,14.539799627040823,20.510828572725714,14.539799627040823,461.08562406152487,20,,True,4
1154,24,35,60,4.117388996481895,4.8634209031769124,4.117388996481895,460.545320995152,20,,True,2
1155,24,35,75,1.8288455168406168,2.1332458253459676,1.8288455168406168,462.8929919563234,20,,True,2
1156,24,35,90,1.8085451126098633,2.1427407347087515,1.8085451126098633,461.31729194894433,20,,True,2
1157,24,35,105,1.8346734881401061,2.1771633470822938,1.8346734881401061,462.1855951845646,20,,True,2
1158,24,35,120,7.6179974064230915,11.19566361134738,7.6179974064230915,460.603061132133,20,,True,2
1159,24,35,135,9.602279822031656,11.044976899456062,9.602279822031656,460.6338790617883,20,,True,2
1160,24,35,150,2.6207490881284077,3.9643235399561645,2.6207490881284077,461.66570112109184,20,,True,2
1161,24,35,165,2.8998408198356627,3.8317300858536076,2.8998408198356627,461.3249870017171,20,,True,2
1162,24,35,180,2.7324207074319324,3.6222717944230483,2.7324207074319324,460.1738089695573,20,,True,2
1163,24,35,195,6.298182437817256,10.562590286333611,6.298182437817256,466.39246214181185,20,,True,2
1164,24,35,210,13.703562594453494,18.312082322337364,13.703562594453494,463.3813560940325,20,,True,2
1165,24,35,225,11.099931504329046,14.44724735744932,11.099931504329046,465.64771328121424,20,,True,4
1166,24,48,30,25.842893067188562,34.254044861217466,25.842893067188562,462.15784223750234,20,,True,2
1167,24,48,45,36.77828818162282,51.27854516306914,36.77828818162282,472.85088803619146,20,,True,4
1168,24,48,60,16.397302691141764,22.58294362057404,16.397302691141764,459.9886490032077,20,,True,10
1169,24,48,75,13.800658305982749,21.020775237576537,13.800658305982749,461.1506168730557,20,,True,2
1170,24,48,90,3.14335505515337,4.1409699339592025,3.14335505515337,461.8578338995576,20,,True,2
1171,24,48,105,5.928863094250361,9.171674882114983,5.928863094250361,461.20363706722856,20,,True,2
1172,24,48,120,18.377259927988053,24.133392620107063,18.377259927988053,462.0868978090584,20,,True,2
1173,24,48,135,17.706289818756826,20.186076270505886,17.706289818756826,460.5263061821461,20,,True,2
1174,24,48,150,4.4828601757685345,6.699597421299076,4.4828601757685345,463.3313319645822,20,,True,2
1175,24,48,165,1.6279184023539226,2.2072030892294916,1.6279184023539226,460.69240057840943,20,,True,2
1176,24,48,180,2.2812953193982444,3.7653102902159667,2.2812953193982444,460.9611090272665,20,,True,2
1177,24,48,195,10.285523615280788,17.041559290140015,10.285523615280788,465.127760078758,20,,True,2
1178,24,48,210,3.598369507988294,5.154252962016204,3.598369507988294,462.5570569187403,20,,True,2
1179,24,48,225,4.579322438438734,6.77170530060032,4.579322438438734,463.8413372449577,20,,True,2
1180,24,22,30,6.007618844509125,8.552568162979785,6.007618844509125,469.80942599475384,20,,True,2
1181,24,22,45,2.0031193564335505,2.268335967071698,2.0031193564335505,461.7146938107908,20,,True,2
1182,24,22,60,5.62210576236248,6.923499969463414,5.62210576236248,461.82571398094296,20,,True,2
1183,24,22,75,5.784943886722128,11.648805143977397,5.784943886722128,462.2862050309777,20,,True,2
1184,24,22,90,8.611574818566442,11.943894150658059,8.611574818566442,462.19003293663263,20,,True,2
1185,24,22,105,2.0883621233205,2.6880364331539797,2.0883621233205,462.0655272156,20,,True,2
1186,24,22,120,2.273587425549825,2.598991835184284,2.273587425549825,461.10178530216217,20,,True,2
1187,24,22,135,2.2873382510617377,2.7486650897585863,2.2873382510617377,461.2450459972024,20,,True,2
1188,24,22,150,1.7749578630396476,2.3975794097034013,1.7749578630396476,462.1772188693285,20,,True,2
1189,24,22,165,1.8204450546608617,2.242381797221127,1.8204450546608617,469.2443972453475,20,,True,2
1190,24,22,180,4.21559509858489,10.350825094349053,4.21559509858489,505.106579978019,20,,True,2
1191,24,22,195,12.137541728218396,19.45304484186009,12.137541728218396,505.7810163125396,20,,True,2
1192,24,22,210,2.6409528255462646,2.9877017119486173,2.6409528255462646,506.169721018523,20,,True,2
1193,24,22,225,2.883225345611572,4.40371338617862,2.883225345611572,505.2120899781585,20,,True,2
1194,24,55,30,14.41403220842282,20.15161609472918,14.41403220842282,504.93911374360323,20,,True,4
1195,24,55,45,1.732454745285213,2.2523477048683906,1.732454745285213,510.8400350436568,20,,True,2
1196,24,55,60,7.432998221553862,15.366852655205257,7.432998221553862,511.2216570414603,20,,True,2
1197,24,55,75,22.706000066300234,29.403364673342377,22.706000066300234,509.64659824967384,20,,True,2
1198,24,55,90,16.164505831493685,20.737359181154336,16.164505831493685,510.2703180164099,20,,True,10
1199,24,55,105,5.667510830548903,6.643795059478693,5.667510830548903,498.7519499845803,20,,True,4
1200,24,55,120,0.9397918224334717,1.2361696844646843,0.9397918224334717,492.2635178081691,20,,True,2
1201,24,55,135,1.4553672552108765,1.9198198545835716,1.4553672552108765,512.5949447974563,20,,True,2
1202,24,55,150,1.5881447911262512,3.4383793511431557,1.5881447911262512,502.11517326533794,20,,True,2
1203,24,55,165,14.63104659318924,24.653723737988827,14.63104659318924,499.50059689581394,20,,True,2
1204,24,55,180,4.613154411315918,5.921370872391285,4.613154411315918,535.3557770140469,20,,True,2
1205,24,55,195,8.793421777089437,16.83892166316178,8.793421777089437,695.6571768969297,20,,True,2
1206,24,55,210,9.358330432573954,14.985274292355694,9.358330432573954,729.163165204227,20,,True,2
1207,24,55,225,1.6705452064673105,2.043032586123375,1.6705452064673105,515.5952298082411,20,,True,4
1208,24,4,30,23.922352728744347,36.40669938249613,23.922352728744347,459.42845987156034,20,,True,10
1209,24,4,45,13.414271244530877,19.25524207224347,13.414271244530877,458.6599771864712,20,,True,10
1210,24,4,60,6.485166944066683,9.983531675778694,6.485166944066683,459.4641481526196,20,,True,10
1211,24,4,75,7.117205672462782,8.642773523685488,7.117205672462782,460.8825407922268,20,,True,4
1212,24,4,90,2.6423049211502074,3.244391480883482,2.6423049211502074,462.76493137702346,20,,True,2
1213,24,4,105,1.2525784651438394,1.7093473953136251,1.2525784651438394,460.0485931150615,20,,True,2
1214,24,4,120,1.1411645571390787,1.6270936928276798,1.1411645571390787,460.20258497446775,20,,True,2
1215,24,4,135,1.1067702770233154,1.6202488891162954,1.1067702770233154,462.73429319262505,20,,True,2
1216,24,4,150,1.3029468854268391,1.9031697058042496,1.3029468854268391,459.9732421338558,20,,True,2
1217,24,4,165,3.8084118187427523,6.849546134681868,3.8084118187427523,461.5405248478055,20,,True,2
1218,24,4,180,11.894255205740532,15.689296253961674,11.894255205740532,460.1044091396034,20,,True,2
1219,24,4,195,3.2256314595540365,4.572044619545581,3.2256314595540365,459.9126069806516,20,,True,2
1220,24,4,210,4.139559392134348,5.674786946146377,4.139559392134348,460.273046977818,20,,True,2
1221,24,4,225,4.227603999773661,5.735200482967671,4.227603999773661,460.1893504150212,20,,True,2
1222,24,45,30,8.39908002614975,11.342276515175604,8.39908002614975,459.43197701126337,20,,True,2
1223,24,45,45,1.8011075655619304,2.326010047304267,1.8011075655619304,459.75811406970024,20,,True,2
1224,24,45,60,1.7684465726216634,2.3037202326037125,1.7684465726216634,460.0342269986868,20,,True,2
1225,24,45,75,1.960104020436605,2.2610659740141807,1.960104020436605,460.33452497795224,20,,True,2
1226,24,45,90,1.8409127712249755,2.219906973551819,1.8409127712249755,459.3816311098635,20,,True,2
1227,24,45,105,2.0331144173940023,2.3879278239375887,2.0331144173940023,460.39964724332094,20,,True,2
1228,24,45,120,16.204938394327957,23.96424966578814,16.204938394327957,459.19547975063324,20,,True,2
1229,24,45,135,21.769409343972804,27.326400503858284,21.769409343972804,459.273437038064,20,,True,10
1230,24,45,150,7.987735392649968,13.854277779778524,7.987735392649968,459.79604590684175,20,,True,2
1231,24,45,165,20.820668119192124,23.50787019341507,20.820668119192124,462.48185634613037,20,,True,2
1232,24,45,180,8.12518479426702,16.987186126540596,8.12518479426702,460.6127408333123,20,,True,2
1233,24,45,195,11.621307243903479,17.854129168401577,11.621307243903479,460.2720169350505,20,,True,4
1234,24,45,210,3.5766233841578168,4.64390931940952,3.5766233841578168,461.50483936071396,20,,True,2
1235,24,45,225,3.7852063894271852,4.835506927268247,3.7852063894271852,460.3889873251319,20,,True,2
1236,24,60,30,6.257194102307161,10.961148673544196,6.257194102307161,465.4404232278466,20,,True,2
1237,24,60,45,10.983299435675145,15.943079364972066,10.983299435675145,460.5247746221721,20,,True,2
1238,24,60,60,5.954099686940511,9.690768680243403,5.954099686940511,460.79071797430515,20,,True,2
1239,24,60,75,16.86559892470638,26.861765684431404,16.86559892470638,460.5865008197725,20,,True,2
1240,24,60,90,8.1718950888142,16.090591121628638,8.1718950888142,461.88516821712255,20,,True,10
1241,24,60,105,2.059544336174925,2.5011167215533603,2.059544336174925,461.41129126772285,20,,True,2
1242,24,60,120,4.2896505266427996,6.258498159589815,4.2896505266427996,460.9687039628625,20,,True,2
1243,24,60,135,6.931783030430476,11.640945810910146,6.931783030430476,460.6918809004128,20,,True,2
1244,24,60,150,6.481700637067358,9.054321401358795,6.481700637067358,462.08764100447297,20,,True,2
1245,24,60,165,3.221020594239235,4.690212778533758,3.221020594239235,494.2615986801684,20,,True,2
1246,24,60,180,7.238109851675108,10.777549243580646,7.238109851675108,469.5439850911498,20,,True,2
1247,24,60,195,3.3361787173120927,4.055587315349085,3.3361787173120927,464.49217898771167,20,,True,2
1248,24,60,210,4.190913511315982,5.474404970052784,4.190913511315982,466.941611841321,20,,True,2
1249,24,60,225,4.281486984093984,5.621719853864124,4.281486984093984,474.61163019761443,20,,True,2
1250,24,26,30,16.469724683091044,22.646773997356632,16.469724683091044,462.8996569663286,20,,True,10
1251,24,26,45,3.0660942271351814,4.903351371783672,3.0660942271351814,461.05473674833775,20,,True,2
1252,24,26,60,22.052084710200628,29.50072574548494,22.052084710200628,460.7403017580509,20,,True,2
1253,24,26,75,21.041179723540942,39.95028519603315,21.041179723540942,460.51704976707697,20,,True,2
1254,24,26,90,16.469280120233694,25.757227695605902,16.469280120233694,459.0858733281493,20,,True,10
1255,24,26,105,14.57281599342823,21.507267638307535,14.57281599342823,460.86880611255765,20,,True,2
1256,24,26,120,15.745726319402456,29.470658033525996,15.745726319402456,481.06066789478064,20,,True,4
1257,24,26,135,24.207952790210644,41.5680389927195,24.207952790210644,491.9318212196231,20,,True,4
1258,24,26,150,7.713917479415735,10.869989786456598,7.713917479415735,498.11633909121156,20,,True,4
1259,24,26,165,13.726477800806363,20.501211389299353,13.726477800806363,487.9651786759496,20,,True,4
1260,24,26,180,4.9838218801965315,6.440326773655638,4.9838218801965315,480.46853905543685,20,,True,2
1261,24,26,195,6.353770744428038,9.41482924090908,6.353770744428038,468.9090340398252,20,,True,2
1262,24,26,210,4.330247861146927,4.911202402961474,4.330247861146927,461.631768848747,20,,True,2
1263,24,26,225,9.488234067708254,19.586983879650365,9.488234067708254,460.4048989713192,20,,True,2
1264,24,21,30,4.276089763641357,7.407732083708282,4.276089763641357,461.26853208988905,20,,True,2
1265,24,21,45,11.094414607683818,17.57488583714519,11.094414607683818,460.43745009228587,20,,True,2
1266,24,21,60,6.537381068865458,11.158993999824492,6.537381068865458,461.0729021951556,20,,True,4
1267,24,21,75,2.2041378736495973,2.749396278242033,2.2041378736495973,460.73101507499814,20,,True,2
1268,24,21,90,3.127622143427531,4.727056981070043,3.127622143427531,461.7880838923156,20,,True,2
1269,24,21,105,3.8356608748435974,5.932508857088301,3.8356608748435974,461.37995226308703,20,,True,2
1270,24,21,120,4.4479313611984255,7.821149581702508,4.4479313611984255,462.25412702187896,20,,True,2
1271,24,21,135,2.857233949502309,4.160495706502345,2.857233949502309,461.99931390583515,20,,True,2
1272,24,21,150,1.3916686574618022,1.8166799431287997,1.3916686574618022,520.6285919994116,20,,True,2
1273,24,21,165,3.207652948796749,6.652227240276981,3.207652948796749,485.4139727540314,20,,True,2
1274,24,21,180,11.011393893758456,18.38791205044689,11.011393893758456,526.955490000546,20,,True,2
1275,24,21,195,3.741027769772336,4.884498085871864,3.741027769772336,473.0467600747943,20,,True,2
1276,24,21,210,3.7843366352996477,5.573588483244873,3.7843366352996477,462.9668649286032,20,,True,2
1277,24,21,225,2.7975109476596116,3.8226504581024687,2.7975109476596116,463.1529673933983,20,,True,2
1278,24,44,30,12.739883501331011,17.273219954505336,12.739883501331011,465.0779068470001,20,,True,4
1279,24,44,45,18.762334659447273,23.114765930343957,18.762334659447273,463.30469427630305,20,,True,4
1280,24,44,60,10.213818614929915,10.786931372484949,10.213818614929915,482.5663482770324,20,,True,4
1281,24,44,75,2.4218256960312528,3.087410407915419,2.4218256960312528,489.46082778275013,20,,True,2
1282,24,44,90,3.495002329349518,4.372631916067922,3.495002329349518,493.6535591259599,20,,True,2
1283,24,44,105,4.218897999326388,5.834875099317479,4.218897999326388,682.7307590283453,20,,True,2
1284,24,44,120,3.413573431968689,3.7678748192558746,3.413573431968689,764.6795166656375,20,,True,2
1285,24,44,135,4.756685545047124,5.756663380466238,4.756685545047124,564.3648291006684,20,,True,2
1286,24,44,150,4.092909582455953,6.3590472444073,4.092909582455953,498.2779957354069,20,,True,2
1287,24,44,165,3.626590140660604,4.872736357852867,3.626590140660604,460.1259110495448,20,,True,2
1288,24,44,180,5.354831008116404,8.755194773865771,5.354831008116404,461.0948539339006,20,,True,2
1289,24,44,195,4.714370195070902,6.700417766116401,4.714370195070902,460.6989552266896,20,,True,2
1290,24,44,210,3.670707686742147,5.3207930082685415,3.670707686742147,460.84478218108416,20,,True,2
1291,24,44,225,4.117179107666016,5.488531748138093,4.117179107666016,459.984774235636,20,,True,2
1292,24,23,30,7.715943440298239,11.523225450359417,7.715943440298239,472.4104171618819,20,,True,2
1293,24,23,45,13.70220934599638,17.83638933689818,13.70220934599638,485.90340884402394,20,,True,4
1294,24,23,60,7.658747973075758,10.648857344095767,7.658747973075758,492.2377606853843,20,,True,2
1295,24,23,75,11.81057228570183,16.599910366557467,11.81057228570183,634.2097721062601,20,,True,2
1296,24,23,90,21.826188724239667,32.52266111159237,21.826188724239667,918.7654620036483,20,,True,4
1297,24,23,105,41.8224019681414,63.934008488489965,41.8224019681414,964.225891046226,20,,True,10
1298,24,23,120,14.483926267921925,18.148778866050133,14.483926267921925,654.5497262850404,20,,True,2
1299,24,23,135,1.7691153685251872,2.2885940845239223,1.7691153685251872,474.6339642442763,20,,True,2
1300,24,23,150,2.3530973831812543,3.7934615344270393,2.3530973831812543,464.50658794492483,20,,True,2
1301,24,23,165,11.41820988804102,19.55041062452833,11.41820988804102,467.771353200078,20,,True,2
1302,24,23,180,3.8984817383810877,4.47879883891633,3.8984817383810877,467.8997960872948,20,,True,2
1303,24,23,195,3.3718290170033773,4.464140364033215,3.3718290170033773,471.1273410357535,20,,True,2
1304,24,23,210,3.121669429540634,4.2644538485689365,3.121669429540634,468.2604679837823,20,,True,2
1305,24,23,225,3.052418641249339,4.38090595129922,3.052418641249339,467.218026984483,20,,True,2
1306,24,53,30,36.59593617022038,48.37679041940892,36.59593617022038,475.41077295318246,20,,True,2
1307,24,53,45,21.832591995596886,33.78803149014931,21.832591995596886,472.0652448013425,20,,True,4
1308,24,53,60,32.724649574483436,43.146342876215705,32.724649574483436,458.9087697677314,20,,True,10
1309,24,53,75,16.039987163121502,22.26906444664241,16.039987163121502,458.4777136333287,20,,True,2
1310,24,53,90,20.416748373707136,21.62003921515171,20.416748373707136,458.0086269415915,20,,True,10
1311,24,53,105,12.544176614284515,19.287907917764755,12.544176614284515,459.03754280880094,20,,True,2
1312,24,53,120,11.348605255285898,19.13569922015612,11.348605255285898,458.5348730906844,20,,True,4
1313,24,53,135,27.33504283328851,44.43491506362975,27.33504283328851,459.48912715539336,20,,True,2
1314,24,53,150,35.90064720312754,49.261506078253646,35.90064720312754,457.656841725111,20,,True,10
1315,24,53,165,12.699409091472626,21.77493992474633,12.699409091472626,459.13624903187156,20,,True,2
1316,24,53,180,19.2915237446626,25.771204206365002,19.2915237446626,459.9844543263316,20,,True,4
1317,24,53,195,10.996813186009724,12.318256643574605,10.996813186009724,458.7308228947222,20,,True,10
1318,24,53,210,2.8470164934794107,4.3680258841332105,2.8470164934794107,458.3687479607761,20,,True,2
1319,24,53,225,3.5788975238800047,5.670336364032684,3.5788975238800047,459.0354487299919,20,,True,2
1320,24,84,30,22.539132980505624,30.93387606537654,22.539132980505624,459.6860697492957,20,,True,4
1321,24,84,45,16.06564352909724,22.245923095356293,16.06564352909724,458.24929187074304,20,,True,10
1322,24,84,60,21.0472594499588,24.62409908012229,21.0472594499588,459.5596008002758,20,,True,2
1323,24,84,75,8.683264640967051,10.780100528344965,8.683264640967051,458.87305215001106,20,,True,4
1324,24,84,90,6.786222189664841,11.034058093927888,6.786222189664841,459.42839328199625,20,,True,2
1325,24,84,105,10.908491426706314,13.58961291039802,10.908491426706314,459.3655029311776,20,,True,4
1326,24,84,120,9.035762198766072,10.857489329169717,9.035762198766072,459.58465710282326,20,,True,2
1327,24,84,135,12.397802484035491,23.16063820802676,12.397802484035491,459.2408682219684,20,,True,4
1328,24,84,150,15.157276074091593,23.51770448596913,15.157276074091593,460.2821869775653,20,,True,4
1329,24,84,165,5.247611252466838,6.158908532574024,5.247611252466838,459.48260510340333,20,,True,2
1330,24,84,180,5.007011556625367,6.127316861100131,5.007011556625367,459.0226751752198,20,,True,2
1331,24,84,195,12.460438175002734,22.026002362323357,12.460438175002734,459.6324092708528,20,,True,2
1332,24,84,210,11.756219104925792,13.777128128531187,11.756219104925792,458.82949931547046,20,,True,10
1333,24,84,225,6.714400001366934,9.230896280340929,6.714400001366934,458.45103403553367,20,,True,2
1334,24,59,30,17.28725291683028,23.531412986103728,17.28725291683028,459.1812351718545,20,,True,2
1335,24,59,45,22.50485291555524,28.669223103387417,22.50485291555524,459.26741883158684,20,,True,4
1336,24,59,60,10.44911661297083,12.029265181103936,10.44911661297083,459.43001564592123,20,,True,2
1337,24,59,75,5.647882587090135,10.703557032622276,5.647882587090135,459.32151982560754,20,,True,2
1338,24,59,90,2.285542250672976,3.264103142997217,2.285542250672976,459.47933895513415,20,,True,4
1339,24,59,105,9.26761322816213,13.152691499381712,9.26761322816213,462.30817027390003,20,,True,2
1340,24,59,120,5.7390536626180015,8.795659473251742,5.7390536626180015,460.49712412059307,20,,True,2
1341,24,59,135,3.309294613202413,5.721214204102252,3.309294613202413,461.76701597869396,20,,True,2
1342,24,59,150,3.4654301603635154,4.504602321476827,3.4654301603635154,460.7236827723682,20,,True,2
1343,24,59,165,2.8537363619854053,4.595588624257635,2.8537363619854053,460.487456060946,20,,True,2
1344,24,59,180,7.136735238259037,11.842865054931355,7.136735238259037,463.2229399867356,20,,True,2
1345,24,59,195,8.838676158268935,12.180952397329094,8.838676158268935,462.2719408944249,20,,True,4
1346,24,59,210,4.675814038227933,5.410603321907852,4.675814038227933,460.06619883701205,20,,True,2
1347,24,59,225,4.043928466240565,5.354319649228819,4.043928466240565,459.9236696958542,20,,True,2
1348,24,49,30,37.495643095175424,62.94297056684995,37.495643095175424,460.0446680560708,20,,True,2
1349,24,49,45,24.024958821137748,33.13008837622096,24.024958821137748,459.01980018243194,20,,True,10
1350,24,49,60,21.704774871468544,34.33269495091019,21.704774871468544,460.0871792063117,20,,True,2
1351,24,49,75,15.773098276058834,21.602425354171935,15.773098276058834,459.6199947409332,20,,True,4
1352,24,49,90,18.346370348582663,23.808768375024343,18.346370348582663,460.1391679607332,20,,True,2
1353,24,49,105,9.352146716912587,13.114864223855633,9.352146716912587,459.6812608651817,20,,True,4
1354,24,49,120,4.778668220837911,7.481014137916995,4.778668220837911,459.41162109375,20,,True,2
1355,24,49,135,3.38402863740921,4.451892376030722,3.38402863740921,459.75289726629853,20,,True,2
1356,24,49,150,5.714602144559224,6.772094110604802,5.714602144559224,460.6899698264897,20,,True,2
1357,24,49,165,4.562556423743566,7.369181066462198,4.562556423743566,459.81225883588195,20,,True,2
1358,24,49,180,14.652935866514841,21.71058091309482,14.652935866514841,460.8153160661459,20,,True,2
1359,24,49,195,6.285768833756447,10.031548352992628,6.285768833756447,460.48837807029486,20,,True,2
1360,24,49,210,7.022244984904925,9.221350525168212,7.022244984904925,460.1043011061847,20,,True,2
1361,24,49,225,9.232876104116439,12.413651623357161,9.232876104116439,460.7413769699633,20,,True,4
1362,24,7,30,30.561033368110657,33.4613447886111,30.561033368110657,460.37248987704515,20,,True,4
1363,24,7,45,12.331126987934113,16.562525388811018,12.331126987934113,459.6120403148234,20,,True,2
1364,24,7,60,19.093068662285805,31.62457296323384,19.093068662285805,460.95503121614456,20,,True,2
1365,24,7,75,29.753255062301953,45.03303074538117,29.753255062301953,476.27216298133135,20,,True,4
1366,24,7,90,49.4930790801843,69.96869360661535,49.4930790801843,491.36928003281355,20,,True,10
1367,24,7,105,23.750879955291747,29.95520596358117,23.750879955291747,514.0045038424432,20,,True,10
1368,24,7,120,28.326097812255224,31.964588137049752,28.326097812255224,502.71349772810936,20,,True,10
1369,24,7,135,4.416029175122579,6.949450963677584,4.416029175122579,498.75149270519614,20,,True,4
1370,24,7,150,10.608785963058471,13.260051210938405,10.608785963058471,531.6806389018893,20,,True,2
1371,24,7,165,13.815209972610075,16.745612405029718,13.815209972610075,670.6207459792495,20,,True,2
1372,24,7,180,5.1928386583924295,6.562425501554231,5.1928386583924295,726.8144767731428,20,,True,4
1373,24,7,195,6.6529636515304444,9.420015629888946,6.6529636515304444,523.1659640558064,20,,True,2
1374,24,7,210,11.600295988159875,15.118247940864848,11.600295988159875,460.9181210398674,20,,True,4
1375,24,7,225,6.506842224175731,7.772818443441962,6.506842224175731,459.04599968343973,20,,True,10
1376,24,47,30,22.410068783598643,39.7401234003301,22.410068783598643,461.3653467968106,20,,True,2
1377,24,47,45,47.32405187084029,72.4414375407882,47.32405187084029,460.71148104965687,20,,True,10
1378,24,47,60,50.793124435345334,85.11404661913294,50.793124435345334,460.92766989022493,20,,True,2
1379,24,47,75,13.534285207589468,29.204921737562927,13.534285207589468,461.5471609868109,20,,True,4
1380,24,47,90,21.544092390934626,30.49906884185916,21.544092390934626,460.70732176303864,20,,True,4
1381,24,47,105,4.494965895016988,5.609190681883944,4.494965895016988,459.53057799488306,20,,True,10
1382,24,47,120,5.0781848276654875,6.9272528907874165,5.0781848276654875,460.3672097437084,20,,True,2
1383,24,47,135,7.2350773895780245,8.449207557146007,7.2350773895780245,460.65887063741684,20,,True,2
1384,24,47,150,10.084054988622665,17.702894151514027,10.084054988622665,460.11962089687586,20,,True,2
1385,24,47,165,14.86619200805823,20.88356313776265,14.86619200805823,460.9662531875074,20,,True,2
1386,24,47,180,7.748723392685254,9.319793917554021,7.748723392685254,460.82576597109437,20,,True,2
1387,24,47,195,3.7577335357666017,4.722354750738169,3.7577335357666017,458.92832800745964,20,,True,2
1388,24,47,210,6.230459593733152,7.262280628312342,6.230459593733152,460.63558710739017,20,,True,2
1389,24,47,225,2.3675988872845966,3.6242201829670013,2.3675988872845966,460.3776386938989,20,,True,2
1390,24,30,30,5.736670626699924,7.994270375944298,5.736670626699924,460.38370998576283,20,,True,2
1391,24,30,45,3.395106422000875,4.377813360171773,3.395106422000875,461.5007829852402,20,,True,2
1392,24,30,60,4.682184132561088,6.353732905197969,4.682184132561088,461.0810303129256,20,,True,2
1393,24,30,75,2.924109399567048,3.2858056668757385,2.924109399567048,460.5938480235636,20,,True,2
1394,24,30,90,1.8430039184788862,2.482422458860048,1.8430039184788862,460.3813956491649,20,,True,2
1395,24,30,105,2.5754108587900797,3.657211107563822,2.5754108587900797,461.05026127770543,20,,True,2
1396,24,30,120,2.1261463140447936,2.6555592184705765,2.1261463140447936,460.917501244694,20,,True,2
1397,24,30,135,2.706078357497851,4.387670344134468,2.706078357497851,460.34018928185105,20,,True,2
1398,24,30,150,5.802324233452479,8.908492892136204,5.802324233452479,460.35594772547483,20,,True,2
1399,24,30,165,4.481367800633112,7.415729346530319,4.481367800633112,465.55439103394747,20,,True,2
1400,24,30,180,10.989016545812289,15.764957735586096,10.989016545812289,461.85849979519844,20,,True,2
1401,24,30,195,4.177367107073466,5.840876484931342,4.177367107073466,466.0751158371568,20,,True,2
1402,24,30,210,2.8274810115496316,3.6526841814678446,2.8274810115496316,465.80418292433023,20,,True,2
1403,24,30,225,5.85793869420886,7.759391050208841,5.85793869420886,464.8806769400835,20,,True,2
1404,25,83,30,26.73398203526934,51.05406757479276,26.73398203526934,463.644509203732,20,,True,2
1405,25,83,45,37.54946022530397,62.373515660380974,37.54946022530397,460.30823793262243,20,,True,10
1406,25,83,60,54.564833808938666,90.95659284010961,54.564833808938666,459.2840513214469,20,,True,10
1407,25,83,75,14.989448906977971,24.897566067344062,14.989448906977971,460.0134906359017,20,,True,4
1408,25,83,90,23.863479919234912,41.542180643925064,23.863479919234912,458.88998499140143,20,,True,4
1409,25,83,105,52.88811867882808,82.3657106604334,52.88811867882808,459.81364184990525,20,,True,4
1410,25,83,120,25.63870106662313,43.89693556389273,25.63870106662313,460.94181714579463,20,,True,4
1411,25,83,135,57.81694852809111,88.76071959779034,57.81694852809111,458.8124491274357,20,,True,10
1412,25,83,150,13.909108728170395,20.325867963201148,13.909108728170395,459.88998701795936,20,,True,10
1413,25,83,165,28.415685554842153,47.256971065262285,28.415685554842153,461.1434177495539,20,,True,2
1414,25,83,180,34.775136450429756,62.3019063922439,34.775136450429756,460.5432227253914,20,,True,2
1415,25,83,195,26.215750641624133,39.65368072305506,26.215750641624133,459.85696418210864,20,,True,10
1416,25,83,210,11.19360858798027,16.785878795270207,11.19360858798027,459.4737491570413,20,,True,2
1417,25,83,225,14.964742548018695,22.815417499944843,14.964742548018695,460.32372722402215,20,,True,2
1418,25,15,30,11.691803991794586,17.202922650459037,11.691803991794586,459.90584697574377,20,,True,2
1419,25,15,45,12.37352909843127,15.115127186434174,12.37352909843127,460.2500982582569,20,,True,2
1420,25,15,60,20.843493074178696,31.355591406974806,20.843493074178696,459.38135497272015,20,,True,2
1421,25,15,75,11.530747250816784,16.4869089553613,11.530747250816784,463.7905452400446,20,,True,2
1422,25,15,90,10.71758560265104,15.685491355360082,10.71758560265104,481.6842721775174,20,,True,2
1423,25,15,105,15.7654474457105,26.05166835369189,15.7654474457105,490.3359259478748,20,,True,4
1424,25,15,120,9.35779910882314,12.90459251379282,9.35779910882314,505.34969475120306,20,,True,2
1425,25,15,135,3.3307515184084573,3.777529212162654,3.3307515184084573,488.9246057718992,20,,True,2
1426,25,15,150,5.390989793340365,8.032674364579744,5.390989793340365,477.7877111919224,20,,True,2
1427,25,15,165,4.710992268907527,6.459230882239886,4.710992268907527,469.82139302417636,20,,True,2
1428,25,15,180,4.857920513488352,5.70304711694127,4.857920513488352,469.3681262433529,20,,True,2
1429,25,15,195,4.5303252145648,10.823455946930556,4.5303252145648,461.8548029102385,20,,True,2
1430,25,15,210,30.66245706528425,47.14488343905504,30.66245706528425,460.76747588813305,20,,True,2
1431,25,15,225,12.040610417475303,19.07605745085515,12.040610417475303,461.2114471383393,20,,True,2
1432,25,3,30,11.509551030397414,16.489697950653287,11.509551030397414,465.32255318015814,20,,True,4
1433,25,3,45,28.744050904115042,48.37824651304028,28.744050904115042,476.21248196810484,20,,True,2
1434,25,3,60,57.397496744819605,86.99487336614831,57.397496744819605,503.4734052605927,20,,True,10
1435,25,3,75,18.13599433816659,28.548852906616414,18.13599433816659,506.22949888929725,20,,True,4
1436,25,3,90,20.166686421384416,36.03029049440025,20.166686421384416,504.3532201088965,20,,True,2
1437,25,3,105,15.903197441995143,21.686762425658877,15.903197441995143,572.6769552566111,20,,True,2
1438,25,3,120,22.492851233979067,26.418581002041876,22.492851233979067,492.603104095906,20,,True,2
1439,25,3,135,10.750797574718794,16.04240191131699,10.750797574718794,506.61534909158945,20,,True,2
1440,25,3,150,10.480736374855042,15.406959966264308,10.480736374855042,511.3349659368396,20,,True,2
1441,25,3,165,18.799812364081543,41.32425536382383,18.799812364081543,495.89408887550235,20,,True,2
1442,25,3,180,30.42220673263073,51.17872283288334,30.42220673263073,495.79941015690565,20,,True,10
1443,25,3,195,45.60236867119868,76.11860153138072,45.60236867119868,501.47929415106773,20,,True,2
1444,25,3,210,59.36707387765249,96.35526064338222,59.36707387765249,499.35706006363034,20,,True,10
1445,25,3,225,16.903813004493713,26.01089036594296,16.903813004493713,507.95415230095387,20,,True,2
1446,25,35,30,7.492319264014562,14.361633594830018,7.492319264014562,479.8078825697303,20,,True,2
1447,25,35,45,42.24669250175357,60.91118161752889,42.24669250175357,501.8941289745271,20,,True,2
1448,25,35,60,5.937275611112515,7.145499975428278,5.937275611112515,723.0901839211583,20,,True,4
1449,25,35,75,15.10504217147827,24.478652145122737,15.10504217147827,712.38703886047,20,,True,2
1450,25,35,90,21.07745399326086,42.28918397751774,21.07745399326086,540.1333682239056,20,,True,2
1451,25,35,105,25.285551054092746,44.32815735675736,25.285551054092746,461.1140131019056,20,,True,4
1452,25,35,120,43.31702109569063,68.48180177281961,43.31702109569063,459.12337815389037,20,,True,10
1453,25,35,135,18.815988258582852,30.363122544122152,18.815988258582852,457.99706783145666,20,,True,2
1454,25,35,150,65.12318195402622,91.66582924260983,65.12318195402622,461.13037411123514,20,,True,4
1455,25,35,165,13.678626116613547,18.50395676177862,13.678626116613547,460.20518336445093,20,,True,4
1456,25,35,180,4.479441337287426,5.613386418768471,4.479441337287426,458.7138029746711,20,,True,4
1457,25,35,195,2.9834097191691398,4.376732555753988,2.9834097191691398,475.25816690176725,20,,True,2
1458,25,35,210,3.928112594286601,7.423656128044184,3.928112594286601,483.1752423197031,20,,True,2
1459,25,35,225,7.495424443483353,10.513206930498788,7.495424443483353,483.5377582348883,20,,True,2
1460,25,48,30,54.08857780098915,80.93420730579919,54.08857780098915,471.36082500219345,20,,True,10
1461,25,48,45,20.416178917884828,28.562243852741492,20.416178917884828,589.6464139223099,20,,True,2
1462,25,48,60,26.303563187333445,41.536855440375895,26.303563187333445,598.1448693200946,20,,True,2
1463,25,48,75,29.20858267030368,45.48900205404695,29.20858267030368,587.2774329036474,20,,True,2
1464,25,48,90,42.97147881090641,58.14036152901457,42.97147881090641,477.4675057269633,20,,True,10
1465,25,48,105,4.465067241589228,5.653191444628309,4.465067241589228,458.78840424120426,20,,True,2
1466,25,48,120,5.944554557402928,7.6404944808322455,5.944554557402928,459.01112630963326,20,,True,2
1467,25,48,135,5.67227099041144,8.658679476996774,5.67227099041144,460.11706767603755,20,,True,2
1468,25,48,150,5.741262758771579,6.781018161535715,5.741262758771579,459.22248531132936,20,,True,2
1469,25,48,165,4.636290232487954,7.916316735042014,4.636290232487954,460.8261790126562,20,,True,2
1470,25,48,180,4.212412965398593,6.167062084509202,4.212412965398593,466.7860516346991,20,,True,2
1471,25,48,195,6.767923503369093,9.944659052114199,6.767923503369093,459.3880991451442,20,,True,2
1472,25,48,210,28.03007925944403,45.78679429271953,28.03007925944403,461.46185090765357,20,,True,2
1473,25,48,225,20.56432530921108,29.569771079451932,20.56432530921108,460.51578177139163,20,,True,4
1474,25,22,30,3.8418878987431526,4.911673973302774,3.8418878987431526,460.2029900997877,20,,True,2
1475,25,22,45,3.735776748508215,4.951884862705968,3.735776748508215,461.1557424068451,20,,True,2
1476,25,22,60,2.711154690757394,3.267471534262911,2.711154690757394,459.90533707663417,20,,True,2
1477,25,22,75,6.737624507645766,14.783348941478465,6.737624507645766,460.38622595369816,20,,True,2
1478,25,22,90,18.874073229233424,34.92276310209669,18.874073229233424,458.67142314091325,20,,True,2
1479,25,22,105,12.215105768168966,17.785844598299192,12.215105768168966,458.07123789563775,20,,True,2
1480,25,22,120,6.331433053811391,8.31047841759647,6.331433053811391,457.8913669101894,20,,True,2
1481,25,22,135,5.955574079354604,8.470579323845879,5.955574079354604,457.6511927880347,20,,True,2
1482,25,22,150,4.579136770963669,5.261585985343338,4.579136770963669,462.09519915282726,20,,True,2
1483,25,22,165,4.586671329724292,8.399381435012597,4.586671329724292,458.4438530728221,20,,True,2
1484,25,22,180,16.53798202443868,29.06063560078071,16.53798202443868,459.01335030794144,20,,True,2
1485,25,22,195,17.73677563238889,35.12047351637199,17.73677563238889,459.52071994543076,20,,True,10
1486,25,22,210,13.517390457789103,23.539363632800786,13.517390457789103,459.1906052082777,20,,True,4
1487,25,22,225,15.154334313670795,23.90594913751475,15.154334313670795,459.35357408598065,20,,True,2
1488,25,55,30,3.947601842880249,5.032269784453972,3.947601842880249,484.3027153983712,20,,True,2
1489,25,55,45,13.069857687254746,21.41008974995391,13.069857687254746,532.9970819875598,20,,True,2
1490,25,55,60,10.271183226505915,13.806215488696953,10.271183226505915,617.9024921730161,20,,True,4
1491,25,55,75,14.976714889208475,20.407578523067485,14.976714889208475,510.24520583450794,20,,True,10
1492,25,55,90,27.51699069341024,36.61233031162136,27.51699069341024,460.4901438578963,20,,True,2
1493,25,55,105,12.872232373555502,22.90480266220857,12.872232373555502,460.9438618645072,20,,True,2
1494,25,55,120,16.733694648742677,23.291435668134014,16.733694648742677,470.7379280589521,20,,True,4
1495,25,55,135,4.209310038884481,5.06228131469897,4.209310038884481,463.42457365244627,20,,True,2
1496,25,55,150,4.488546403249105,5.538889686296614,4.488546403249105,466.4868866093457,20,,True,2
1497,25,55,165,13.225856872399648,28.318934371723838,13.225856872399648,465.2015147730708,20,,True,2
1498,25,55,180,27.194071135421595,45.27868678548556,27.194071135421595,466.8172518722713,20,,True,10
1499,25,55,195,31.377019254366555,50.81258335535883,31.377019254366555,464.5809722132981,20,,True,4
1500,25,55,210,17.238950832684836,32.9383159074651,17.238950832684836,499.62952733039856,20,,True,2
1501,25,55,225,18.570782400170962,28.48247132033997,18.570782400170962,465.9014889039099,20,,True,4
1502,25,4,30,6.9256490955750145,9.789180438693611,6.9256490955750145,478.58624206855893,20,,True,2
1503,25,4,45,5.987132253373662,8.636680820321057,5.987132253373662,500.65658893436193,20,,True,4
1504,25,4,60,3.4683261354764303,4.791325860283554,3.4683261354764303,500.96345879137516,20,,True,2
1505,25,4,75,2.3420444816350936,2.981492434775754,2.3420444816350936,509.7781731747091,20,,True,2
1506,25,4,90,12.032618825758497,18.50788113093892,12.032618825758497,500.1277392730117,20,,True,2
1507,25,4,105,33.64984964529673,51.212804254588804,33.64984964529673,500.5700848996639,20,,True,4
1508,25,4,120,14.485278743505479,21.999070877617886,14.485278743505479,494.19567873701453,20,,True,2
1509,25,4,135,43.0868187268575,70.05912829112667,43.0868187268575,458.25591683387756,20,,True,10
1510,25,4,150,10.610105621814728,16.518472386808053,10.610105621814728,459.5352476462722,20,,True,2
1511,25,4,165,15.641968027750652,23.63154923928338,15.641968027750652,460.471339058131,20,,True,2
1512,25,4,180,17.958476837476095,28.883849222921572,17.958476837476095,457.67440693452954,20,,True,4
1513,25,4,195,20.278694139420985,33.904280476982194,20.278694139420985,457.9577730037272,20,,True,2
1514,25,4,210,14.426578612749775,23.179653958499042,14.426578612749775,459.7373101860285,20,,True,2
1515,25,4,225,18.162570828199385,28.69713538091846,18.162570828199385,459.729946218431,20,,True,4
1516,25,45,30,3.524266775449117,4.5253102070232565,3.524266775449117,458.74638576060534,20,,True,2
1517,25,45,45,3.3478628158569337,4.4936812062772935,3.3478628158569337,459.28282104432583,20,,True,2
1518,25,45,60,3.0916449785232545,4.148954462672303,3.0916449785232545,484.11060217767954,20,,True,2
1519,25,45,75,4.3145960410435995,9.45607663099716,4.3145960410435995,498.3467813581228,20,,True,2
1520,25,45,90,32.4925697406133,56.28203818547154,32.4925697406133,497.20345716923475,20,,True,2
1521,25,45,105,15.992836621341606,21.291818829342812,15.992836621341606,498.0869391001761,20,,True,4
1522,25,45,120,7.071608756513645,10.4933997764346,7.071608756513645,497.9429957456887,20,,True,2
1523,25,45,135,6.913980362967899,9.707009309529731,6.913980362967899,497.7151248604059,20,,True,2
1524,25,45,150,25.011262637376785,50.61437762025948,25.011262637376785,497.7894467301667,20,,True,2
1525,25,45,165,40.799573516349,62.35909255801942,40.799573516349,499.3865969590843,20,,True,10
1526,25,45,180,16.92565530290206,26.451278597485178,16.92565530290206,499.1857372224331,20,,True,4
1527,25,45,195,29.224330429236094,43.31521046494948,29.224330429236094,499.70262590795755,20,,True,4
1528,25,45,210,18.797657346725465,24.335863980386257,18.797657346725465,494.55286422744393,20,,True,2
1529,25,45,225,13.659011014302571,19.084523687367845,13.659011014302571,492.4887400120497,20,,True,2
1530,25,60,30,22.554898762951293,40.103356287831566,22.554898762951293,515.4800382442772,20,,True,4
1531,25,60,45,16.340446620434523,24.826542582590005,16.340446620434523,546.6153207235038,20,,True,4
1532,25,60,60,40.90742198452354,66.82385928919395,40.90742198452354,541.2861709482968,20,,True,2
1533,25,60,75,7.776986026763916,9.70433402533922,7.776986026763916,567.0087058097124,20,,True,4
1534,25,60,90,9.267749511202176,16.111157100503863,9.267749511202176,666.737865190953,20,,True,2
1535,25,60,105,5.6193042427301405,9.434649317342561,5.6193042427301405,681.3535909168422,20,,True,4
1536,25,60,120,5.210971857731541,5.867594559707831,5.210971857731541,509.08255809918046,20,,True,4
1537,25,60,135,17.26563692142566,29.337068294290635,17.26563692142566,461.80036338046193,20,,True,2
1538,25,60,150,12.154314772288005,17.486837007003817,12.154314772288005,459.45595810189843,20,,True,4
1539,25,60,165,5.822002283732096,8.580576661830037,5.822002283732096,459.9392218515277,20,,True,2
1540,25,60,180,10.845592081546783,18.22960730860281,10.845592081546783,458.73459428548813,20,,True,2
1541,25,60,195,9.403454172611237,20.07110244970028,9.403454172611237,459.94028402492404,20,,True,4
1542,25,60,210,28.925590737660727,40.42871814651553,28.925590737660727,460.2327272295952,20,,True,2
1543,25,60,225,18.500037892659506,27.8181902906631,18.500037892659506,458.9912290684879,20,,True,2
1544,25,26,30,17.793617329994838,27.45376346078865,17.793617329994838,459.09032691270113,20,,True,4
1545,25,26,45,26.561322354276975,39.071768164002386,26.561322354276975,459.4972659833729,20,,True,4
1546,25,26,60,6.000804757078488,7.24815773472111,6.000804757078488,458.5929960012436,20,,True,2
1547,25,26,75,10.895852922151485,20.47127716193397,10.895852922151485,463.49624963477254,20,,True,2
1548,25,26,90,14.522870363186424,24.079056925004004,14.522870363186424,460.25258488953114,20,,True,4
1549,25,26,105,4.955201061582192,5.819148419896278,4.955201061582192,458.78197392448783,20,,True,2
1550,25,26,120,5.145436930656433,8.73837345506146,5.145436930656433,460.2899458259344,20,,True,2
1551,25,26,135,17.21530509442091,29.041815018898667,17.21530509442091,459.54704098403454,20,,True,2
1552,25,26,150,24.205917463699976,34.020287165811816,24.205917463699976,459.9266187287867,20,,True,2
1553,25,26,165,23.256086158752442,35.104304690489954,23.256086158752442,459.3090699054301,20,,True,2
1554,25,26,180,34.47523159558575,53.96949764163557,34.47523159558575,460.3819800540805,20,,True,2
1555,25,26,195,22.904297768541923,37.35812933053625,22.904297768541923,459.4215243123472,20,,True,4
1556,25,26,210,12.230392577250798,17.633816204304008,12.230392577250798,460.49296017736197,20,,True,2
1557,25,26,225,15.480267319455743,22.783995204838,15.480267319455743,459.9346136674285,20,,True,2
1558,25,21,30,4.147130183378855,4.692879093235478,4.147130183378855,458.95002223551273,20,,True,2
1559,25,21,45,3.5431360602378845,4.182021511707,3.5431360602378845,460.0130720064044,20,,True,2
1560,25,21,60,3.799173601468404,4.552465573937382,3.799173601468404,462.67173206433654,20,,True,2
1561,25,21,75,3.5213141163190205,4.268863621792034,3.5213141163190205,459.23331705853343,20,,True,2
1562,25,21,90,3.522263244787852,4.290160665557982,3.522263244787852,459.4338070601225,20,,True,2
1563,25,21,105,3.5625547329584757,4.365462639085967,3.5625547329584757,458.9233808219433,20,,True,2
1564,25,21,120,3.578603462378184,4.383639330073536,3.578603462378184,459.5471411012113,20,,True,2
1565,25,21,135,3.5648131370544434,4.352270363787018,3.5648131370544434,459.89659195765853,20,,True,2
1566,25,21,150,3.592997451623281,4.355969881296962,3.592997451623281,459.3789428472519,20,,True,2
1567,25,21,165,3.295168242851893,3.998063614328658,3.295168242851893,459.36831273138523,20,,True,2
1568,25,21,180,26.283221470098944,51.954652011598206,26.283221470098944,459.15024029091,20,,True,2
1569,25,21,195,19.474901992672432,32.56557704178597,19.474901992672432,458.58743600547314,20,,True,10
1570,25,21,210,5.823658222953479,7.958367597295579,5.823658222953479,460.9161610715091,20,,True,2
1571,25,21,225,18.392870146532854,39.16835448552061,18.392870146532854,460.57247975841165,20,,True,2
1572,25,44,30,2.7999245554208754,3.8841374052169395,2.7999245554208754,462.6514329575002,20,,True,2
1573,25,44,45,9.38049847384294,12.31134934124094,9.38049847384294,460.64576925709844,20,,True,2
1574,25,44,60,9.310393662129838,17.643478360338154,9.310393662129838,462.51023607328534,20,,True,2
1575,25,44,75,11.609774310141802,20.662656512275937,11.609774310141802,460.56895377114415,20,,True,4
1576,25,44,90,14.716409358428791,24.08350753758473,14.716409358428791,458.2007438875735,20,,True,10
1577,25,44,105,4.136591293569654,4.923308807462916,4.136591293569654,459.28033720701933,20,,True,2
1578,25,44,120,4.470168567697207,6.729475407131869,4.470168567697207,460.55551897734404,20,,True,2
1579,25,44,135,4.943712721765041,5.907832228057361,4.943712721765041,459.24992905929685,20,,True,2
1580,25,44,150,5.038539953033129,6.292033665945674,5.038539953033129,459.8944578319788,20,,True,2
1581,25,44,165,5.026658631116152,6.047612047222519,5.026658631116152,459.53907584771514,20,,True,2
1582,25,44,180,5.665772503614425,7.9875521824369216,5.665772503614425,463.4519680403173,20,,True,2
1583,25,44,195,8.166959158082802,15.734440002093109,8.166959158082802,459.78400902822614,20,,True,2
1584,25,44,210,18.55528497695923,30.77264609327724,18.55528497695923,459.9834871478379,20,,True,2
1585,25,44,225,11.276589099317789,13.264840056219922,11.276589099317789,476.2385841459036,20,,True,2
1586,25,23,30,5.002342204252879,7.211336913105556,5.002342204252879,494.50673814862967,20,,True,2
1587,25,23,45,19.124650077025095,34.93563599411129,19.124650077025095,499.6282961219549,20,,True,2
1588,25,23,60,60.671671125292775,97.68445675101414,60.671671125292775,488.78240026533604,20,,True,4
1589,25,23,75,21.59955215851466,42.38494822812235,21.59955215851466,481.4891959540546,20,,True,4
1590,25,23,90,28.656366415321827,50.391901816117425,28.656366415321827,466.20160806924105,20,,True,2
1591,25,23,105,50.825054444372654,84.47670893471589,50.825054444372654,459.19606694951653,20,,True,10
1592,25,23,120,20.713387936353683,28.318417070210735,20.713387936353683,458.9942949824035,20,,True,4
1593,25,23,135,3.54807319243749,4.505584799183863,3.54807319243749,460.3069988079369,20,,True,4
1594,25,23,150,15.22991497516632,19.728960489742555,15.22991497516632,458.8255570270121,20,,True,2
1595,25,23,165,7.696794369195898,9.026247121137375,7.696794369195898,460.3359932079911,20,,True,2
1596,25,23,180,3.883684135352572,4.550396889282036,3.883684135352572,459.5912448130548,20,,True,2
1597,25,23,195,8.406140697499117,12.233722829854624,8.406140697499117,460.0604819133878,20,,True,2
1598,25,23,210,7.230430870627363,12.92236985084043,7.230430870627363,460.11564694345,20,,True,2
1599,25,23,225,39.96475631128997,70.03376628276656,39.96475631128997,461.7712181061506,20,,True,2
1600,25,53,30,24.01125331275786,38.492597101024394,24.01125331275786,460.1254961453378,20,,True,2
1601,25,53,45,51.16660721947749,76.36552780095812,51.16660721947749,532.9657639376819,20,,True,4
1602,25,53,60,17.014588792373736,26.01659823661817,17.014588792373736,536.1218340694904,20,,True,2
1603,25,53,75,22.87261776899298,34.602901472369744,22.87261776899298,499.52495004981756,20,,True,4
1604,25,53,90,19.459812943140665,30.56470097544334,19.459812943140665,469.09822802990675,20,,True,2
1605,25,53,105,27.072744083901245,43.8125209399159,27.072744083901245,465.12249717488885,20,,True,2
1606,25,53,120,14.529376880079507,23.30953396476198,14.529376880079507,465.54559795185924,20,,True,4
1607,25,53,135,11.109792023152114,13.466761214772214,11.109792023152114,464.337092358619,20,,True,2
1608,25,53,150,6.1526550134023035,8.671261535278411,6.1526550134023035,463.493085000664,20,,True,2
1609,25,53,165,9.937971857686838,12.45217943099199,9.937971857686838,462.4034338630736,20,,True,2
1610,25,53,180,4.130395299196243,5.47091968082145,4.130395299196243,463.58976792544127,20,,True,2
1611,25,53,195,8.707609989043947,14.332857624103312,8.707609989043947,463.995024561882,20,,True,2
1612,25,53,210,6.533685130804467,9.992133482790727,6.533685130804467,463.4099081158638,20,,True,2
1613,25,53,225,5.3084308298615115,8.572123060626474,5.3084308298615115,462.06027502194047,20,,True,2
1614,25,84,30,5.166563288370768,5.656168521804074,5.166563288370768,462.91710576042533,20,,True,2
1615,25,84,45,18.87662550310294,34.36496940613221,18.87662550310294,462.99409214407206,20,,True,2
1616,25,84,60,34.07357733249664,50.61450795449668,34.07357733249664,468.3441622182727,20,,True,4
1617,25,84,75,16.37918740908305,25.140987442880924,16.37918740908305,546.9540227204561,20,,True,2
1618,25,84,90,18.99148334364096,32.34128787901083,18.99148334364096,627.1764650009573,20,,True,2
1619,25,84,105,43.821239134669305,64.69242724011491,43.821239134669305,534.5770819112659,20,,True,2
1620,25,84,120,5.274250332514445,5.926244773752014,5.274250332514445,464.4287247210741,20,,True,2
1621,25,84,135,5.608978350957234,6.213567088271922,5.608978350957234,463.8284998945892,20,,True,2
1622,25,84,150,5.486511643727621,6.112429387023055,5.486511643727621,466.68098494410515,20,,True,2
1623,25,84,165,13.650263450543086,27.362468997753982,13.650263450543086,464.57484224811196,20,,True,2
1624,25,84,180,39.18188431809346,54.61810223329825,39.18188431809346,464.884958229959,20,,True,4
1625,25,84,195,15.404723497976859,22.49236960435038,15.404723497976859,463.5728560388088,20,,True,4
1626,25,84,210,38.422864579409364,56.97793959099453,38.422864579409364,464.902781881392,20,,True,2
1627,25,84,225,15.853070942560832,18.80074341452637,15.853070942560832,463.0690338090062,20,,True,10
1628,25,59,30,6.953995349009832,14.9340244321128,6.953995349009832,472.8600331582129,20,,True,2
1629,25,59,45,37.852675706675896,60.775551523420326,37.852675706675896,469.62497383356094,20,,True,2
1630,25,59,60,10.621983376642069,19.796213755587818,10.621983376642069,464.89119017496705,20,,True,2
1631,25,59,75,21.437099704643092,36.442933579589976,21.437099704643092,460.45949729159474,20,,True,2
1632,25,59,90,39.86279064938426,64.61799465340357,39.86279064938426,459.26526887342334,20,,True,10
1633,25,59,105,8.746295710777243,16.810328361236078,8.746295710777243,458.9854096993804,20,,True,4
1634,25,59,120,24.304905575304293,41.86003236998738,24.304905575304293,460.6787832453847,20,,True,2
1635,25,59,135,5.025964398185412,5.706973735194841,5.025964398185412,459.5549972727895,20,,True,2
1636,25,59,150,3.4010670304298403,4.728316292664364,3.4010670304298403,459.52275628224015,20,,True,2
1637,25,59,165,17.74651733438174,37.50436892306783,17.74651733438174,460.8258823864162,20,,True,2
1638,25,59,180,11.177251657859111,17.574190955268346,11.177251657859111,460.56922478601336,20,,True,4
1639,25,59,195,38.253001253058514,69.16268009871851,38.253001253058514,462.86932565271854,20,,True,2
1640,25,59,210,21.308643213659526,35.01487827900986,21.308643213659526,459.92262195795774,20,,True,4
1641,25,59,225,15.168374285455018,25.1582383524313,15.168374285455018,460.6804456561804,20,,True,2
1642,25,49,30,42.91633770267169,58.05444962634064,42.91633770267169,460.23962227627635,20,,True,4
1643,25,49,45,18.60410176217556,26.003886433689058,18.60410176217556,461.13337203860283,20,,True,4
1644,25,49,60,23.687895932793616,43.16839279470907,23.687895932793616,460.49810107797384,20,,True,2
1645,25,49,75,11.97256763279438,18.864323967474693,11.97256763279438,460.11817222461104,20,,True,10
1646,25,49,90,25.979008941849074,40.332574341954164,25.979008941849074,569.7107291780412,20,,True,2
1647,25,49,105,45.54759659071763,74.04225520417909,45.54759659071763,656.6795520484447,20,,True,10
1648,25,49,120,31.605786156654357,49.905185010192305,31.605786156654357,463.4924251586199,20,,True,4
1649,25,49,135,25.349959845344227,35.49719580859257,25.349959845344227,462.44600508362055,20,,True,2
1650,25,49,150,14.693390595912934,19.381011862621467,14.693390595912934,462.07389095798135,20,,True,2
1651,25,49,165,13.618595884243648,16.52435579345736,13.618595884243648,461.6384878754616,20,,True,4
1652,25,49,180,24.348101377487183,28.60574213034811,24.348101377487183,462.24874211475253,20,,True,4
1653,25,49,195,12.685981686909994,13.725792813783324,12.685981686909994,463.3035669103265,20,,True,2
1654,25,49,210,12.108355808258057,18.242696476670634,12.108355808258057,462.4643800780177,20,,True,2
1655,25,49,225,11.56181615193685,14.673636523071039,11.56181615193685,466.1341719329357,20,,True,2
1656,25,7,30,16.460555309553943,34.187902103817784,16.460555309553943,470.9247029386461,20,,True,2
1657,25,7,45,33.40514086484909,49.40386555482878,33.40514086484909,469.99359177425504,20,,True,10
1658,25,7,60,59.27382190426191,88.16564967036129,59.27382190426191,460.64474806189537,20,,True,4
1659,25,7,75,29.530969760318598,34.308260235285424,29.530969760318598,458.0567730590701,20,,True,10
1660,25,7,90,35.31636019051075,54.47156087460117,35.31636019051075,459.4605593010783,20,,True,2
1661,25,7,105,20.541390761733055,27.908518648021087,20.541390761733055,466.72637201845646,20,,True,2
1662,25,7,120,23.495623902479807,33.15610760284658,23.495623902479807,459.8599043674767,20,,True,2
1663,25,7,135,12.58071385025978,16.369756014993772,12.58071385025978,455.39158303290606,20,,True,2
1664,25,7,150,16.495172717173894,21.916110838451957,16.495172717173894,452.61818589642644,20,,True,4
1665,25,7,165,5.233072972297668,6.213932194389523,5.233072972297668,470.94877902418375,20,,True,2
1666,25,7,180,8.351160018146038,14.337203075053894,8.351160018146038,482.6000379398465,20,,True,2
1667,25,7,195,38.87197569211324,57.735369853077806,38.87197569211324,503.35165904834867,20,,True,4
1668,25,7,210,19.413081963857014,27.230571947395596,19.413081963857014,516.6919021867216,20,,True,2
1669,25,7,225,19.441750144958498,27.525744872320377,19.441750144958498,479.26161298528314,20,,True,2
1670,25,47,30,2.707530371348063,3.743889013713227,2.707530371348063,486.64990719407797,20,,True,2
1671,25,47,45,13.624025519688924,32.86880283541697,13.624025519688924,611.5459511056542,20,,True,2
1672,25,47,60,36.63130211730798,56.44690867406994,36.63130211730798,591.551982332021,20,,True,2
1673,25,47,75,19.96479998975992,34.86661685450262,19.96479998975992,562.8079720772803,20,,True,2
1674,25,47,90,57.73435220172008,90.00775462320338,57.73435220172008,566.4776936173439,20,,True,10
1675,25,47,105,12.459094387292861,21.37358181856138,12.459094387292861,555.3178451955318,20,,True,2
1676,25,47,120,12.596880515416464,21.123738056114288,12.596880515416464,562.3554061166942,20,,True,2
1677,25,47,135,12.425735354423523,21.21458701388395,12.425735354423523,540.2788389474154,20,,True,2
1678,25,47,150,12.093907581766446,20.972483729672504,12.093907581766446,526.2108682654798,20,,True,2
1679,25,47,165,12.113195739686489,20.816777194689937,12.113195739686489,574.0775386802852,20,,True,2
1680,25,47,180,25.017975417276222,47.96974199846002,25.017975417276222,521.7420659027994,20,,True,2
1681,25,47,195,24.452408109108607,35.49310083783084,24.452408109108607,546.8036700040102,20,,True,4
1682,25,47,210,13.020051454131801,20.426768140736538,13.020051454131801,639.3945282325149,20,,True,4
1683,25,47,225,13.651979761819044,21.245505450012782,13.651979761819044,804.8766097053885,20,,True,2
1684,25,30,30,6.1140394356101755,8.26622429207523,6.1140394356101755,660.1630821824074,20,,True,2
1685,25,30,45,3.8235499491294225,4.8969701156948515,3.8235499491294225,567.2592320479453,20,,True,2
1686,25,30,60,2.673398466904958,3.5404424772650334,2.673398466904958,620.4391834326088,20,,True,2
1687,25,30,75,3.4094806261360646,4.147017894003606,3.4094806261360646,573.644109070301,20,,True,2
1688,25,30,90,2.495176849762599,3.2559009518447084,2.495176849762599,586.6689961403608,20,,True,2
1689,25,30,105,2.8910458942254382,4.320754612652149,2.8910458942254382,564.0988843515515,20,,True,2
1690,25,30,120,2.8411600146442653,3.669418818678695,2.8411600146442653,607.2961529716849,20,,True,2
1691,25,30,135,3.2959715873003006,4.251646891623873,3.2959715873003006,611.797337885946,20,,True,2
1692,25,30,150,3.1371565286380547,3.9021866129341904,3.1371565286380547,551.0283121839166,20,,True,2
1693,25,30,165,4.427059170138091,7.00695015456081,4.427059170138091,634.4161410816014,20,,True,2
1694,25,30,180,2.915019251530369,4.036903527387581,2.915019251530369,784.4695299863815,20,,True,2
1695,25,30,195,3.990564724616706,4.704267713527254,3.990564724616706,987.0152100920677,20,,True,2
1696,25,30,210,3.856319119098286,4.692811884072242,3.856319119098286,647.637169342488,20,,True,2
1697,25,30,225,2.498334536825617,3.452472762989516,2.498334536825617,477.6804819703102,20,,True,2
