sample_id,video,user,timestep,mae,corrected_rmse,mean_angular_error,latency_ms,target_forward_count,accepted_sum,finite,selected_k
0,4,83,30,14.673766948034366,19.436421407301918,14.673766948034366,119.77292317897081,4,19,True,2
1,4,83,45,20.681671193242074,26.167551271212258,20.681671193242074,124.21555677428842,5,18,True,10
2,4,83,60,12.845533672471841,16.44640837979086,12.845533672471841,99.22336274757981,4,19,True,2
3,4,83,75,19.43330407384783,29.699701188518947,19.43330407384783,100.05841264501214,4,19,True,2
4,4,83,90,24.259984683493773,40.20473528856901,24.259984683493773,98.33131497725844,4,19,True,2
5,4,83,105,53.29941930671533,87.58175019835255,53.29941930671533,125.24646613746881,5,17,True,4
6,4,83,120,10.924129869540533,13.461986885012218,10.924129869540533,100.2041189931333,4,18,True,4
7,4,83,135,6.470780348777771,7.160733459882576,6.470780348777771,97.71576104685664,4,19,True,2
8,4,83,150,11.382723406950634,17.3535949706101,11.382723406950634,97.69810736179352,4,19,True,2
9,4,83,165,7.439664041996002,9.465213013940037,7.439664041996002,98.29794289544225,4,18,True,4
10,4,83,180,27.859499563152593,47.111378527860396,27.859499563152593,97.89266623556614,4,19,True,2
11,4,83,195,12.830738259976108,15.61660305066546,12.830738259976108,98.26335730031133,4,18,True,4
12,4,83,210,11.7375610443453,19.390470552303082,11.7375610443453,98.2660730369389,4,18,True,4
13,4,83,225,30.931617932766677,47.50119685057648,30.931617932766677,98.42657577246428,4,19,True,2
14,4,15,30,10.17801048035423,12.576484120589063,10.17801048035423,97.66551619395614,4,19,True,2
15,4,15,45,3.0927710821231207,4.056734605405632,3.0927710821231207,98.56881527230144,4,18,True,2
16,4,15,60,1.7240238706270854,2.293698806186206,1.7240238706270854,98.41718804091215,4,19,True,2
17,4,15,75,1.6015690167744954,2.2557850813019433,1.6015690167744954,97.7781587280333,4,19,True,2
18,4,15,90,1.6317180156707765,2.355411045345869,1.6317180156707765,97.91350504383445,4,19,True,2
19,4,15,105,6.94796960229675,12.094124754100557,6.94796960229675,97.97236602753401,4,19,True,2
20,4,15,120,9.825122872988382,14.394229070350859,9.825122872988382,98.44058286398649,4,18,True,4
21,4,15,135,1.2756533861160277,1.9690485553990713,1.2756533861160277,98.0532499961555,4,19,True,2
22,4,15,150,1.2786514282226562,1.734422885864326,1.2786514282226562,97.95249905437231,4,19,True,2
23,4,15,165,6.9058386822541555,13.044284752506028,6.9058386822541555,98.13178796321154,4,19,True,2
24,4,15,180,13.4732575584203,23.46507742575822,13.4732575584203,97.73901477456093,4,19,True,2
25,4,15,195,17.21754614673555,28.77213395873123,17.21754614673555,123.35368525236845,5,18,True,10
26,4,15,210,23.40932889133692,43.50143920362425,23.40932889133692,100.22871475666761,4,19,True,2
27,4,15,225,14.592672610282898,28.66117361605605,14.592672610282898,123.13183629885316,5,18,True,10
28,4,3,30,13.081925322612127,18.94264340465658,13.081925322612127,97.82237280160189,4,19,True,2
29,4,3,45,20.650171776364246,28.611848933168787,20.650171776364246,98.75572798773646,4,18,True,4
30,4,3,60,8.511273039070268,9.680509961575689,8.511273039070268,97.82333485782146,4,19,True,2
31,4,3,75,6.412805770772199,8.654834858800543,6.412805770772199,97.70107408985496,4,19,True,2
32,4,3,90,2.5351736271133025,3.946393413531688,2.5351736271133025,98.28389622271061,4,19,True,2
33,4,3,105,4.800572564577063,7.355001551807189,4.800572564577063,104.38554687425494,4,19,True,2
34,4,3,120,3.200472617894411,5.349169758854624,3.200472617894411,99.82079267501831,4,19,True,2
35,4,3,135,11.605414430300394,14.932816380691598,11.605414430300394,106.81277886033058,4,19,True,2
36,4,3,150,11.550800499816736,16.199644817480408,11.550800499816736,104.19225227087736,4,19,True,2
37,4,3,165,13.953474322954813,18.442880924130073,13.953474322954813,103.04662492126226,4,18,True,4
38,4,3,180,6.943914071718852,12.036565823048255,6.943914071718852,100.47938907518983,4,19,True,2
39,4,3,195,4.352114739020665,6.439533189184076,4.352114739020665,98.60668564215302,4,19,True,2
40,4,3,210,1.8224029997984568,2.3560759134001974,1.8224029997984568,97.58189832791686,4,19,True,2
41,4,3,225,3.509755482276281,3.832173452886658,3.509755482276281,97.64162125065923,4,19,True,2
42,4,35,30,8.086833416235944,10.102915722634947,8.086833416235944,97.37795311957598,4,19,True,2
43,4,35,45,6.8278122360507645,8.13150988203569,6.8278122360507645,97.32461208477616,4,19,True,2
44,4,35,60,3.858391484618187,5.655518504623137,3.858391484618187,97.23646519705653,4,19,True,2
45,4,35,75,2.457217800617218,3.7494288937934677,2.457217800617218,102.91065694764256,4,19,True,2
46,4,35,90,3.1453908960024517,6.893737451652237,3.1453908960024517,97.19703020527959,4,19,True,2
47,4,35,105,5.756633055706819,7.733560604693279,5.756633055706819,97.359717823565,4,19,True,2
48,4,35,120,4.777321104705334,6.08334425975532,4.777321104705334,97.15945878997445,4,19,True,2
49,4,35,135,3.4339918442070485,5.356221563125395,3.4339918442070485,97.01185999438167,4,19,True,2
50,4,35,150,3.97518825083971,5.384556293149476,3.97518825083971,97.12362196296453,4,19,True,2
51,4,35,165,11.104454338550568,16.365542860273774,11.104454338550568,97.17203211039305,4,19,True,2
52,4,35,180,22.686480037371318,37.83769525403227,22.686480037371318,96.95077408105135,4,19,True,2
53,4,35,195,5.468988891442617,6.942089129433674,5.468988891442617,98.16383942961693,4,18,True,4
54,4,35,210,2.7144415934880572,3.6338011775694397,2.7144415934880572,97.46293304488063,4,19,True,2
55,4,35,225,4.699756918350856,8.09918178260207,4.699756918350856,98.09852531179786,4,19,True,2
56,4,48,30,4.81383610633978,7.511038442143773,4.81383610633978,97.27209201082587,4,19,True,2
57,4,48,45,14.574180530756712,21.94991990486766,14.574180530756712,97.20234014093876,4,19,True,2
58,4,48,60,13.344034969061614,20.502767958011894,13.344034969061614,97.0401638187468,4,19,True,2
59,4,48,75,5.411749266632251,8.686165592784178,5.411749266632251,97.04817878082395,4,19,True,2
60,4,48,90,4.905072886745135,6.27382283641309,4.905072886745135,97.30859193950891,4,19,True,2
61,4,48,105,7.787887495259444,11.847961490558783,7.787887495259444,97.19246113672853,4,19,True,2
62,4,48,120,27.606665097673734,41.664532109925624,27.606665097673734,97.81699301674962,4,18,True,2
63,4,48,135,24.106857183078926,34.48185529108931,24.106857183078926,97.35194314271212,4,19,True,4
64,4,48,150,11.967187450329464,15.538154272123345,11.967187450329464,97.22544392570853,4,19,True,2
65,4,48,165,7.5284270962079365,8.593655327567252,7.5284270962079365,98.80435978993773,4,18,True,4
66,4,48,180,10.061459081806243,17.346576080233888,10.061459081806243,97.13807888329029,4,19,True,2
67,4,48,195,12.617972606420517,20.051528134292518,12.617972606420517,97.24018117412925,4,19,True,2
68,4,48,210,13.142108741402627,20.207931938788025,13.142108741402627,97.07672195509076,4,19,True,2
69,4,48,225,16.2861675478518,21.861147259533883,16.2861675478518,97.51519188284874,4,18,True,2
70,4,22,30,3.254760867357254,4.196095845382206,3.254760867357254,97.02285099774599,4,19,True,2
71,4,22,45,4.80377054537336,5.1888802404289684,4.80377054537336,97.16453868895769,4,19,True,2
72,4,22,60,2.1305366083979607,3.867964977580958,2.1305366083979607,97.10705000907183,4,19,True,2
73,4,22,75,2.4984398166338604,3.356840162142627,2.4984398166338604,97.05457091331482,4,19,True,2
74,4,22,90,3.9311886290709177,8.935739202904974,3.9311886290709177,97.15859685093164,4,19,True,2
75,4,22,105,3.6231065054734546,6.608055166106826,3.6231065054734546,98.22943387553096,4,18,True,2
76,4,22,120,1.925587031741937,2.4580892236018306,1.925587031741937,97.03895123675466,4,19,True,2
77,4,22,135,1.8816619634628295,2.5716043559679327,1.8816619634628295,97.12242893874645,4,19,True,2
78,4,22,150,1.512021982918183,1.9653486323605942,1.512021982918183,97.06475026905537,4,19,True,2
79,4,22,165,10.31149171317617,17.149142388644027,10.31149171317617,97.34550071880221,4,19,True,2
80,4,22,180,16.66269315679868,30.24385196043871,16.66269315679868,97.21098700538278,4,19,True,2
81,4,22,195,3.8183844655752184,4.4202654467323415,3.8183844655752184,97.60694578289986,4,18,True,2
82,4,22,210,6.011667336026828,7.05918290733428,6.011667336026828,97.08588058128953,4,19,True,2
83,4,22,225,5.435782605432905,10.589808830709085,5.435782605432905,97.18805272132158,4,19,True,2
84,4,55,30,10.096071533113719,13.279719930288941,10.096071533113719,97.71552123129368,4,18,True,2
85,4,55,45,8.485269148896139,10.293019393355143,8.485269148896139,96.98736434802413,4,19,True,2
86,4,55,60,6.674600542833407,11.400830896020706,6.674600542833407,98.03069708868861,4,19,True,2
87,4,55,75,11.778818667928379,21.502993600172847,11.778818667928379,121.89399544149637,5,18,True,4
88,4,55,90,7.040111241738002,10.368724185772095,7.040111241738002,98.23817992582917,4,18,True,4
89,4,55,105,3.7459141890207928,6.239185848458287,3.7459141890207928,97.04631613567472,4,19,True,2
90,4,55,120,2.317352526386579,3.4814275635887393,2.317352526386579,97.16655220836401,4,19,True,2
91,4,55,135,7.096343912781837,8.544157113948408,7.096343912781837,97.6828788407147,4,18,True,2
92,4,55,150,15.189860620598,25.445947642827,15.189860620598,97.70704479888082,4,18,True,2
93,4,55,165,35.06578503449758,50.35792259048257,35.06578503449758,98.28673209995031,4,18,True,10
94,4,55,180,28.34439397652944,39.92725009229906,28.34439397652944,126.32322311401367,5,18,True,10
95,4,55,195,57.701058488339186,84.346172485979,57.701058488339186,123.35361586883664,5,17,True,10
96,4,55,210,41.08608156740665,70.08206115787036,41.08608156740665,121.51830410584807,5,18,True,4
97,4,55,225,32.96023147404194,54.7984353845776,32.96023147404194,98.40185893699527,4,18,True,10
98,4,4,30,19.716222401817017,39.880846385972475,19.716222401817017,97.28847397491336,4,19,True,2
99,4,4,45,52.53149693757295,83.44324687210887,52.53149693757295,122.63899482786655,5,17,True,4
100,4,4,60,9.98323468901217,15.011302070931695,9.98323468901217,97.94961381703615,4,18,True,2
101,4,4,75,10.563699301177015,15.97581258369516,10.563699301177015,98.10975706204772,4,18,True,2
102,4,4,90,9.335453061914693,14.823266281413643,9.335453061914693,97.96235803514719,4,18,True,2
103,4,4,105,9.261083714167277,12.823823148477224,9.261083714167277,98.36073219776154,4,18,True,2
104,4,4,120,7.923996739710371,13.153424989820099,7.923996739710371,97.97496162354946,4,18,True,2
105,4,4,135,9.003961131721734,14.59271818621164,9.003961131721734,98.8337560556829,4,18,True,2
106,4,4,150,13.079211359967788,23.40353284676621,13.079211359967788,98.20659039542079,4,18,True,2
107,4,4,165,10.50184362133344,14.874937639688305,10.50184362133344,98.32242876291275,4,18,True,4
108,4,4,180,11.460100066661834,21.007862776998014,11.460100066661834,98.21302210912108,4,18,True,2
109,4,4,195,37.887088133891424,69.13271810508904,37.887088133891424,98.15609408542514,4,18,True,2
110,4,4,210,21.69470907188952,43.615502721677366,21.69470907188952,98.6500377766788,4,18,True,4
111,4,4,225,49.393762271602945,81.39371368705909,49.393762271602945,123.31220787018538,5,17,True,10
112,4,45,30,9.805841767787934,13.198980691428504,9.805841767787934,97.47732989490032,4,19,True,2
113,4,45,45,10.42605512291193,16.64508048829949,10.42605512291193,98.32105599343777,4,19,True,2
114,4,45,60,8.247777494291464,12.516347247071536,8.247777494291464,97.72748313844204,4,18,True,2
115,4,45,75,21.98973871494333,45.42412418089098,21.98973871494333,98.16035209223628,4,19,True,2
116,4,45,90,23.438566914200784,37.264683464352885,23.438566914200784,122.46750993654132,5,18,True,10
117,4,45,105,3.8462353107829887,5.322259964881199,3.8462353107829887,97.36140072345734,4,19,True,2
118,4,45,120,1.7738937154412269,2.1728888357706073,1.7738937154412269,97.01710985973477,4,19,True,2
119,4,45,135,1.7710150544842085,2.1927737216667134,1.7710150544842085,97.16320689767599,4,19,True,2
120,4,45,150,1.6536723564068476,2.0831091243275615,1.6536723564068476,97.128139808774,4,19,True,2
121,4,45,165,3.233295104528467,5.344253767619897,3.233295104528467,97.05443028360605,4,19,True,2
122,4,45,180,10.555109226703644,18.08874175094686,10.555109226703644,97.15746529400349,4,19,True,2
123,4,45,195,3.840326859553655,5.993115674883801,3.840326859553655,97.48006472364068,4,19,True,2
124,4,45,210,6.7733500103155775,10.421171614357213,6.7733500103155775,97.21332089975476,4,19,True,2
125,4,45,225,6.78596878288469,11.137035072257657,6.78596878288469,98.8622298464179,4,19,True,2
126,4,60,30,9.189164428412914,13.887305156604215,9.189164428412914,97.07448817789555,4,19,True,2
127,4,60,45,14.916696009039878,19.697341742703514,14.916696009039878,97.2205251455307,4,19,True,2
128,4,60,60,4.142931264638901,5.305927707044095,4.142931264638901,98.56799431145191,4,19,True,2
129,4,60,75,9.609062354266644,14.985278741477273,9.609062354266644,97.0840472728014,4,19,True,2
130,4,60,90,7.364806137979031,11.182390254610345,7.364806137979031,97.09242172539234,4,19,True,2
131,4,60,105,6.980433857440948,12.448129912519486,6.980433857440948,97.00381522998214,4,19,True,2
132,4,60,120,4.049330759048462,5.553460231112283,4.049330759048462,97.76404313743114,4,18,True,4
133,4,60,135,4.524349248409271,6.572476840143692,4.524349248409271,97.05267706885934,4,19,True,2
134,4,60,150,4.593156615893046,6.7340007787146785,4.593156615893046,96.89463907852769,4,19,True,2
135,4,60,165,8.815819350878398,12.575167284718033,8.815819350878398,97.32107492163777,4,19,True,2
136,4,60,180,21.312210210164388,33.934953057246936,21.312210210164388,96.97421919554472,4,19,True,2
137,4,60,195,12.21805879076322,18.089816321351865,12.21805879076322,97.43354702368379,4,18,True,4
138,4,60,210,6.154021747907003,7.649730268191662,6.154021747907003,97.76524500921369,4,18,True,4
139,4,60,225,4.46397279103597,7.7873179520796505,4.46397279103597,96.86598367989063,4,19,True,2
140,4,26,30,6.83269552787145,9.595537699181989,6.83269552787145,96.93119674921036,4,19,True,2
141,4,26,45,2.529272178808848,3.239987167279499,2.529272178808848,96.97113279253244,4,19,True,2
142,4,26,60,2.8153630514939625,3.711435963846311,2.8153630514939625,97.55927603691816,4,19,True,2
143,4,26,75,1.6755932137370109,2.1437674553786,1.6755932137370109,97.42306778207421,4,19,True,2
144,4,26,90,1.8528661899268628,2.431709933468807,1.8528661899268628,97.3319448530674,4,19,True,2
145,4,26,105,2.5398117686311403,3.040819760722301,2.5398117686311403,97.61626273393631,4,19,True,2
146,4,26,120,1.7672080596288045,2.2520623953430667,1.7672080596288045,97.41224674507976,4,19,True,2
147,4,26,135,2.3881807148456575,3.0946371873514513,2.3881807148456575,97.16181363910437,4,19,True,2
148,4,26,150,1.6354743560155234,2.1303302927284533,1.6354743560155234,97.31872985139489,4,19,True,2
149,4,26,165,3.85541570186615,5.627574099615872,3.85541570186615,97.13177708908916,4,19,True,2
150,4,26,180,11.161603641510009,22.413119048252167,11.161603641510009,96.98281576856971,4,19,True,2
151,4,26,195,7.129905329147975,11.440516447928477,7.129905329147975,96.9976531341672,4,19,True,2
152,4,26,210,17.556721274058024,26.854820569981786,17.556721274058024,97.3152732476592,4,19,True,2
153,4,26,225,28.826685009524226,39.1369433091302,28.826685009524226,97.8586720302701,4,18,True,4
154,4,21,30,2.0616845505622527,2.5397569023906783,2.0616845505622527,97.3194520920515,4,19,True,2
155,4,21,45,2.13178001443545,2.665673642699247,2.13178001443545,97.6223349571228,4,19,True,2
156,4,21,60,2.379815734922886,2.9126105587918314,2.379815734922886,97.44623210281134,4,19,True,2
157,4,21,75,2.045216579238574,2.5323675835848443,2.045216579238574,97.02427266165614,4,19,True,2
158,4,21,90,2.1588426371415457,2.7284567385177083,2.1588426371415457,97.11389383301139,4,19,True,2
159,4,21,105,2.032085132598877,2.699404299508635,2.032085132598877,96.98935830965638,4,19,True,2
160,4,21,120,2.0771596829096475,2.6891787693316367,2.0771596829096475,97.4157340824604,4,19,True,2
161,4,21,135,1.9479951123396555,2.489637171205859,1.9479951123396555,97.12030505761504,4,19,True,2
162,4,21,150,1.9385519842306773,2.517246805920351,1.9385519842306773,97.08867501467466,4,19,True,2
163,4,21,165,5.329273454348246,8.721274459415527,5.329273454348246,97.17790503054857,4,19,True,2
164,4,21,180,6.230054479837418,10.826187198280701,6.230054479837418,97.51987224444747,4,19,True,2
165,4,21,195,3.5497111837069193,4.2742768191800184,3.5497111837069193,97.23580395802855,4,19,True,2
166,4,21,210,2.173395170768102,2.782985403948048,2.173395170768102,97.62409795075655,4,19,True,2
167,4,21,225,2.198582923412323,2.8729501359264926,2.198582923412323,97.26613108068705,4,19,True,2
168,4,44,30,8.345282011727493,11.193111252985313,8.345282011727493,97.84695925191045,4,18,True,4
169,4,44,45,6.362742654482523,8.596592992687754,6.362742654482523,97.90579089894891,4,18,True,4
170,4,44,60,7.481358770529429,10.53484684988132,7.481358770529429,97.15696470811963,4,19,True,2
171,4,44,75,3.867131897807121,6.233479772896933,3.867131897807121,97.14971110224724,4,19,True,2
172,4,44,90,17.07481353580952,28.707759316893515,17.07481353580952,97.11864218115807,4,19,True,2
173,4,44,105,16.24714561998844,29.21311435442393,16.24714561998844,122.1331967972219,5,18,True,10
174,4,44,120,5.971852026631435,7.742764148697655,5.971852026631435,98.08821696788073,4,18,True,10
175,4,44,135,5.538652962446212,7.074485713303718,5.538652962446212,97.32383023947477,4,19,True,2
176,4,44,150,9.770876010258993,14.227205335774503,9.770876010258993,97.37668093293905,4,19,True,2
177,4,44,165,10.0452401638031,13.616511646175288,10.0452401638031,97.23939094692469,4,19,True,2
178,4,44,180,24.412175631181647,39.98632383966412,24.412175631181647,97.8224640712142,4,18,True,2
179,4,44,195,12.845251529415448,16.86688330120222,12.845251529415448,98.12827222049236,4,18,True,2
180,4,44,210,15.475662309924761,22.434740952068278,15.475662309924761,98.50060567259789,4,18,True,4
181,4,44,225,19.635522480805715,25.877328112819107,19.635522480805715,98.52038277313113,4,18,True,10
182,4,23,30,37.570708304146926,60.032503033821875,37.570708304146926,97.22603624686599,4,19,True,2
183,4,23,45,9.276886034011842,13.173568232560857,9.276886034011842,97.96575410291553,4,18,True,4
184,4,23,60,24.251484130819637,34.081679902410265,24.251484130819637,98.48563792183995,4,18,True,2
185,4,23,75,9.808886910478273,13.391221191414925,9.808886910478273,97.87660604342818,4,18,True,2
186,4,23,90,7.771165390809377,9.798178097347948,7.771165390809377,98.25036209076643,4,18,True,2
187,4,23,105,7.109699410696824,13.466373089837257,7.109699410696824,97.31002524495125,4,19,True,2
188,4,23,120,41.001193750152986,74.21773770448954,41.001193750152986,97.07151306793094,4,19,True,2
189,4,23,135,33.336573193470635,50.16802282682011,33.336573193470635,97.79645409435034,4,18,True,4
190,4,23,150,24.4079842582345,33.14924893885965,24.4079842582345,98.13029505312443,4,18,True,2
191,4,23,165,35.08059900452693,52.67802916103358,35.08059900452693,98.27308636158705,4,18,True,4
192,4,23,180,35.385619164258244,52.426339302508445,35.385619164258244,97.97317907214165,4,18,True,2
193,4,23,195,13.487634546806415,18.01099212012412,13.487634546806415,122.1166760660708,5,18,True,4
194,4,23,210,30.598237456878028,44.66293899380535,30.598237456878028,97.97445079311728,4,18,True,2
195,4,23,225,26.57434886271755,40.24020570612732,26.57434886271755,97.96871989965439,4,18,True,2
196,4,53,30,7.156878590583801,10.91798037036337,7.156878590583801,97.60484099388123,4,19,True,2
197,4,53,45,8.64179995059967,9.982889466323511,8.64179995059967,97.29692991822958,4,19,True,2
198,4,53,60,4.1370855331420895,6.249370805868543,4.1370855331420895,97.8061817586422,4,19,True,2
199,4,53,75,13.964542320370674,20.21994007222683,13.964542320370674,97.5861162878573,4,19,True,2
200,4,53,90,19.609435345729192,25.398902146402758,19.609435345729192,97.29922330006957,4,19,True,2
201,4,53,105,16.650176524122557,22.88207131582249,16.650176524122557,98.32924231886864,4,18,True,4
202,4,53,120,17.137656503915785,25.479329545586378,17.137656503915785,98.04113721475005,4,18,True,4
203,4,53,135,10.853633897503217,14.702259236207901,10.853633897503217,98.12980517745018,4,18,True,4
204,4,53,150,5.903399683038393,7.328048306093876,5.903399683038393,97.2705902531743,4,19,True,2
205,4,53,165,14.908246675506234,21.644236005727954,14.908246675506234,97.14055294170976,4,19,True,2
206,4,53,180,14.25680995931228,23.645944335334317,14.25680995931228,97.60017320513725,4,19,True,2
207,4,53,195,5.959724203745524,9.49109453515238,5.959724203745524,98.0011411011219,4,18,True,4
208,4,53,210,14.38909891496102,21.359425692870932,14.38909891496102,98.03034598007798,4,18,True,4
209,4,53,225,14.20097007503112,22.818312584630423,14.20097007503112,122.58758675307035,5,18,True,10
210,4,84,30,40.75756110008806,70.34163550592238,40.75756110008806,98.33500301465392,4,18,True,4
211,4,84,45,15.68552970526119,18.527985665837985,15.68552970526119,122.55095783621073,5,18,True,10
212,4,84,60,34.957725115244585,56.72266754299751,34.957725115244585,97.26379672065377,4,19,True,2
213,4,84,75,25.28645023306211,37.24113864814875,25.28645023306211,122.52138229086995,5,18,True,10
214,4,84,90,6.955269984404246,8.801189728251535,6.955269984404246,98.65453699603677,4,18,True,4
215,4,84,105,9.31121819416682,14.099618500637611,9.31121819416682,98.03114784881473,4,19,True,2
216,4,84,120,4.246980928877989,5.120984243265266,4.246980928877989,97.7608673274517,4,19,True,2
217,4,84,135,2.802211097876231,3.593577137445916,2.802211097876231,97.40904066711664,4,19,True,2
218,4,84,150,2.6956630766391756,3.368766916192984,2.6956630766391756,97.23953111097217,4,19,True,2
219,4,84,165,13.808730049928029,22.087809030450774,13.808730049928029,97.16823603957891,4,19,True,2
220,4,84,180,29.303711065649985,40.02372445827514,29.303711065649985,97.86569466814399,4,18,True,4
221,4,84,195,8.92404719988505,11.961388909947138,8.92404719988505,97.31288021430373,4,19,True,4
222,4,84,210,12.104500896732013,17.73382885575452,12.104500896732013,98.17343717440963,4,18,True,4
223,4,84,225,7.590625415137038,10.654701481422928,7.590625415137038,97.86791913211346,4,18,True,4
224,4,59,30,2.525962233543396,3.0316045964234926,2.525962233543396,97.56332263350487,4,19,True,2
225,4,59,45,1.7746963240206242,2.032193895174425,1.7746963240206242,97.31690771877766,4,19,True,2
226,4,59,60,1.9697590790688992,2.5801651895809083,1.9697590790688992,97.50483324751258,4,19,True,2
227,4,59,75,1.9703234707315762,3.2103282607454076,1.9703234707315762,97.1821416169405,4,19,True,2
228,4,59,90,2.4963010395566623,4.379561318903501,2.4963010395566623,97.17607032507658,4,19,True,2
229,4,59,105,3.053129818042119,4.321931179712437,3.053129818042119,97.34336705878377,4,19,True,2
230,4,59,120,3.273717568318049,3.925771483543966,3.273717568318049,97.28274215012789,4,19,True,2
231,4,59,135,2.280487082960705,2.66803896725513,2.280487082960705,100.66702403128147,4,19,True,2
232,4,59,150,1.265032485065361,1.8646937935287924,1.265032485065361,97.26998815312982,4,19,True,2
233,4,59,165,9.017413775126139,13.38335206811017,9.017413775126139,97.12719777598977,4,19,True,2
234,4,59,180,12.796232285102208,20.724578725304053,12.796232285102208,97.26485796272755,4,19,True,2
235,4,59,195,4.180587455630302,5.270503144551465,4.180587455630302,97.31320990249515,4,19,True,2
236,4,59,210,2.709452378874024,3.118169271367659,2.709452378874024,97.36341470852494,4,19,True,2
237,4,59,225,3.529839612667759,5.7890316619517765,3.529839612667759,97.21086686477065,4,19,True,2
238,4,49,30,20.056712090969086,28.44428732741096,20.056712090969086,97.75511594489217,4,18,True,2
239,4,49,45,13.49905354976654,18.239845352041982,13.49905354976654,98.07770606130362,4,18,True,4
240,4,49,60,19.368309709895403,25.360547549095017,19.368309709895403,98.13569579273462,4,18,True,4
241,4,49,75,11.771849652131399,18.51350629493916,11.771849652131399,97.88454975932837,4,18,True,4
242,4,49,90,9.977098574241003,13.048469972622607,9.977098574241003,97.75674808770418,4,18,True,2
243,4,49,105,5.143324965735276,5.998488312861682,5.143324965735276,97.4209732376039,4,19,True,2
244,4,49,120,10.595975245535374,14.147071669345115,10.595975245535374,97.07710333168507,4,19,True,2
245,4,49,135,17.508846048514048,23.65705158050301,17.508846048514048,97.22623601555824,4,19,True,2
246,4,49,150,39.328638344459854,60.3670955817244,39.328638344459854,97.9618071578443,4,19,True,4
247,4,49,165,40.18568855280367,59.68723649443171,40.18568855280367,98.62484084442258,4,18,True,4
248,4,49,180,9.960073868433634,12.179674496272504,9.960073868433634,98.64482888951898,4,18,True,4
249,4,49,195,11.259630115826925,16.965320520814256,11.259630115826925,98.35451003164053,4,18,True,2
250,4,49,210,28.694532011573514,50.723594376201135,28.694532011573514,98.63523114472628,4,18,True,2
251,4,49,225,38.61467714967827,57.043306056559885,38.61467714967827,124.64095186442137,5,16,True,4
252,4,7,30,11.577156214912732,15.239768190357774,11.577156214912732,98.32750912755728,4,18,True,2
253,4,7,45,8.755222294603785,12.442932046781289,8.755222294603785,97.43657289072871,4,19,True,2
254,4,7,60,3.7252839844673873,5.014971302937602,3.7252839844673873,97.6025783456862,4,19,True,2
255,4,7,75,2.1679860750834146,3.055674652414742,2.1679860750834146,97.47659880667925,4,19,True,2
256,4,7,90,3.655741802851359,7.706179543853592,3.655741802851359,97.80400805175304,4,19,True,2
257,4,7,105,7.682360676924388,10.571034278083449,7.682360676924388,97.26498927921057,4,19,True,2
258,4,7,120,5.008959714571635,7.134294978585877,5.008959714571635,97.1217779442668,4,19,True,2
259,4,7,135,5.7382287727048,7.372631816814856,5.7382287727048,97.29189006611705,4,19,True,2
260,4,7,150,4.902263873815537,8.345232206317098,4.902263873815537,96.96318674832582,4,19,True,2
261,4,7,165,13.393017222483953,20.4455793177742,13.393017222483953,97.77265880256891,4,18,True,2
262,4,7,180,22.80085593611002,36.097087290454716,22.80085593611002,97.79912000522017,4,18,True,4
263,4,7,195,12.787353604038556,18.3599273137872,12.787353604038556,124.52580314129591,5,18,True,10
264,4,7,210,5.752855130036672,6.401467116365502,5.752855130036672,98.42539438977838,4,18,True,4
265,4,7,225,5.963608614106973,9.67364562847852,5.963608614106973,108.89906575903296,4,19,True,2
266,4,47,30,8.101453922316432,10.79706138229186,8.101453922316432,103.47903287038207,4,18,True,4
267,4,47,45,3.1511474112669626,3.6577465122789854,3.1511474112669626,98.3334188349545,4,19,True,4
268,4,47,60,2.190165744225184,2.5034946926458983,2.190165744225184,97.43670374155045,4,19,True,2
269,4,47,75,1.4234866678714753,1.781103131057686,1.4234866678714753,97.36088989302516,4,19,True,2
270,4,47,90,2.5977369964122774,3.794909774306064,2.5977369964122774,97.37090906128287,4,19,True,2
271,4,47,105,3.4883099977392704,4.774115317355793,3.4883099977392704,97.431855276227,4,19,True,2
272,4,47,120,2.839539332874119,3.3120806169825774,2.839539332874119,98.71193580329418,4,19,True,2
273,4,47,135,3.3719370514154434,4.222946362026298,3.3719370514154434,97.6443369872868,4,19,True,2
274,4,47,150,8.958787634968758,18.091492350393718,8.958787634968758,97.47084835544229,4,19,True,2
275,4,47,165,31.736346749961378,55.52266356908177,31.736346749961378,97.98750607296824,4,18,True,4
276,4,47,180,49.369609927386044,77.3277439194324,49.369609927386044,123.081190045923,5,17,True,10
277,4,47,195,10.740754531199734,14.404552888122888,10.740754531199734,98.31389272585511,4,18,True,2
278,4,47,210,10.281348482146859,14.35133943588647,10.281348482146859,98.13373209908605,4,18,True,2
279,4,47,225,12.066333644464612,16.30003977048748,12.066333644464612,98.35061198100448,4,18,True,2
280,4,30,30,1.9406112114588419,2.445907529699539,1.9406112114588419,97.41854900494218,4,19,True,2
281,4,30,45,1.437926463286082,1.7897807183700412,1.437926463286082,97.56256127730012,4,19,True,2
282,4,30,60,2.324131578207016,3.3597368461557733,2.324131578207016,97.58046502247453,4,19,True,2
283,4,30,75,1.2794665098190308,1.8613378944695091,1.2794665098190308,97.3220462910831,4,19,True,2
284,4,30,90,1.1467063903808594,1.5482254974657297,1.1467063903808594,97.42025285959244,4,19,True,2
285,4,30,105,1.3353771607081095,1.865387996398677,1.3353771607081095,97.46087901294231,4,19,True,2
286,4,30,120,2.2742433699468774,2.8551296379518716,2.2742433699468774,97.41609496995807,4,19,True,2
287,4,30,135,4.252019168188174,4.768375865816686,4.252019168188174,97.43792610242963,4,19,True,2
288,4,30,150,2.2281925320625304,3.0505330155518364,2.2281925320625304,97.21287898719311,4,19,True,2
289,4,30,165,1.8407251199086507,2.3439060597776367,1.8407251199086507,97.15662384405732,4,19,True,2
290,4,30,180,1.361006999015808,2.081294459991282,1.361006999015808,97.45058976113796,4,19,True,2
291,4,30,195,2.669118994474411,3.665506326533902,2.669118994474411,97.29517623782158,4,19,True,2
292,4,30,210,2.541742670536041,3.2848341875487255,2.541742670536041,97.2478361800313,4,19,True,2
293,4,30,225,1.2870235353708268,1.7114126295747005,1.2870235353708268,97.39601705223322,4,19,True,2
294,8,83,30,16.175411554177604,26.17639336768376,16.175411554177604,98.33378996700048,4,18,True,4
295,8,83,45,11.651518521706263,21.34420554533391,11.651518521706263,123.19723982363939,5,18,True,10
296,8,83,60,4.333775864044825,9.974721905554107,4.333775864044825,103.29412342980504,4,18,True,4
297,8,83,75,14.023377599318822,21.65859349824364,14.023377599318822,103.38924312964082,4,19,True,2
298,8,83,90,16.940576219558714,20.21611287901844,16.940576219558714,101.68177308514714,4,18,True,10
299,8,83,105,1.8822912375132244,2.2149203934816124,1.8822912375132244,99.38887599855661,4,19,True,2
300,8,83,120,15.18557557463646,26.031008438873858,15.18557557463646,103.03419083356857,4,19,True,2
301,8,83,135,20.817655307178697,33.506427715819086,20.817655307178697,134.73133696243167,5,18,True,10
302,8,83,150,2.8636872310191395,3.602241771643679,2.8636872310191395,106.3390327617526,4,18,True,4
303,8,83,165,3.846019524335861,5.473356107187825,3.846019524335861,107.73622617125511,4,19,True,2
304,8,83,180,5.571375815073649,6.51479432205656,5.571375815073649,110.2578449063003,4,18,True,2
305,8,83,195,13.339282907048862,24.987000051708268,13.339282907048862,115.74857076629996,4,19,True,2
306,8,83,210,20.221144395073257,36.312055800669995,20.221144395073257,135.99096005782485,5,18,True,10
307,8,83,225,18.605278863509497,26.982502127156117,18.605278863509497,134.36229014769197,5,18,True,10
308,8,15,30,20.440610384444394,29.671309528775364,20.440610384444394,103.92455477267504,4,19,True,2
309,8,15,45,25.422406543791293,34.05688612197887,25.422406543791293,111.29672965034842,4,18,True,4
310,8,15,60,13.96230997958531,15.66846637605422,13.96230997958531,112.63297777622938,4,18,True,4
311,8,15,75,2.0795802410071094,2.6369939194401986,2.0795802410071094,103.84359210729599,4,19,True,2
312,8,15,90,10.78224048515161,20.037171291159684,10.78224048515161,107.43761109188199,4,19,True,2
313,8,15,105,18.236583336194357,26.936903374105185,18.236583336194357,103.34984818473458,4,19,True,2
314,8,15,120,5.239174934228261,6.279373995078778,5.239174934228261,103.24005084112287,4,19,True,2
315,8,15,135,6.15566044251124,10.161732006160243,6.15566044251124,108.00703801214695,4,18,True,2
316,8,15,150,9.099618062376976,11.756323373093645,9.099618062376976,134.0154828503728,5,18,True,4
317,8,15,165,1.9214909156163533,2.2783803482984055,1.9214909156163533,97.27145172655582,4,19,True,2
318,8,15,180,1.6114614764849344,1.987309791160391,1.6114614764849344,97.57805103436112,4,19,True,2
319,8,15,195,1.6721948027610778,2.0389511847381905,1.6721948027610778,98.05509401485324,4,19,True,2
320,8,15,210,1.6821965416272482,2.045763791519361,1.6821965416272482,138.66061018779874,4,19,True,2
321,8,15,225,3.157231342792511,4.00304806847379,3.157231342792511,153.4904409199953,4,19,True,2
322,8,3,30,25.983829058210056,43.21467413194545,25.983829058210056,150.03053564578295,4,18,True,4
323,8,3,45,35.59246747295062,58.58480657147251,35.59246747295062,144.44870920851827,4,18,True,4
324,8,3,60,38.5067338347435,67.36995534381064,38.5067338347435,134.78887593373656,4,18,True,4
325,8,3,75,13.675858632723491,23.973669442833188,13.675858632723491,176.89172504469752,5,17,True,10
326,8,3,90,8.634208615620931,11.372598804103884,8.634208615620931,137.67024595290422,4,18,True,4
327,8,3,105,3.210065658887227,4.0889404886578955,3.210065658887227,159.64643470942974,4,19,True,2
328,8,3,120,12.676087971528371,18.577745765292192,12.676087971528371,156.64831409230828,4,19,True,2
329,8,3,135,12.720406274000803,16.39459470853771,12.720406274000803,139.61720885708928,4,18,True,4
330,8,3,150,13.794807314872742,17.15594219506134,13.794807314872742,124.35887800529599,4,19,True,2
331,8,3,165,11.339240630467733,12.902874528980883,11.339240630467733,148.64436397328973,4,18,True,4
332,8,3,180,4.505175550778707,6.122020901341906,4.505175550778707,101.86707368120551,4,19,True,2
333,8,3,195,2.3617456674575807,3.0837860976064135,2.3617456674575807,99.17066292837262,4,19,True,2
334,8,3,210,4.90056574344635,6.287348612704872,4.90056574344635,97.77835896238685,4,19,True,2
335,8,3,225,6.457507745424906,10.166317820769939,6.457507745424906,97.26585121825337,4,19,True,2
336,8,35,30,36.8356076049308,45.61413981757213,36.8356076049308,98.40293088927865,4,18,True,10
337,8,35,45,16.33261649211248,20.673988423899683,16.33261649211248,98.37590111419559,4,18,True,4
338,8,35,60,28.074367547035216,33.00549433268942,28.074367547035216,98.24818884953856,4,18,True,10
339,8,35,75,2.8201527344683806,3.441613795139093,2.8201527344683806,97.24237583577633,4,19,True,2
340,8,35,90,2.994602255523205,4.463457137991853,2.994602255523205,97.17649081721902,4,19,True,2
341,8,35,105,8.675138330832123,14.29803743307838,8.675138330832123,98.19878498092294,4,19,True,2
342,8,35,120,22.7065838654836,26.00880689707609,22.7065838654836,98.52109476923943,4,19,True,2
343,8,35,135,20.840627574423948,23.39255136010466,20.840627574423948,122.98037996515632,5,18,True,4
344,8,35,150,15.924148004253706,23.656960281286015,15.924148004253706,98.3496205881238,4,18,True,2
345,8,35,165,15.44913792591542,20.355787890690657,15.44913792591542,98.02964609116316,4,18,True,4
346,8,35,180,2.7285819086556633,3.0817326276453847,2.7285819086556633,97.24890906363726,4,19,True,2
347,8,35,195,2.697805639108022,3.0606707164692217,2.697805639108022,97.44181390851736,4,19,True,2
348,8,35,210,6.6459675327253835,10.002519521949777,6.6459675327253835,97.22888097167015,4,19,True,2
349,8,35,225,23.136813799540203,42.659637726182154,23.136813799540203,97.7400066331029,4,18,True,4
350,8,48,30,57.6304409156243,74.2536511263684,57.6304409156243,122.97563115134835,5,17,True,10
351,8,48,45,58.04709435005983,87.84054731297003,58.04709435005983,98.17776596173644,4,18,True,4
352,8,48,60,6.8155428688817965,9.692071541694286,6.8155428688817965,97.74545766413212,4,19,True,4
353,8,48,75,3.7145836948261906,4.5530796340819455,3.7145836948261906,97.88184566423297,4,19,True,2
354,8,48,90,1.7724756171305975,2.1224490606559625,1.7724756171305975,100.50634015351534,4,19,True,2
355,8,48,105,2.3812468727429708,2.6401478699589105,2.3812468727429708,99.26975099369884,4,19,True,2
356,8,48,120,1.5110233013828596,1.9920090603776486,1.5110233013828596,98.06591365486383,4,19,True,2
357,8,48,135,4.8882303815335035,7.022596392177579,4.8882303815335035,98.55973813682795,4,19,True,2
358,8,48,150,2.5479562314848105,3.371657369500733,2.5479562314848105,103.23475115001202,4,19,True,2
359,8,48,165,5.346147834012906,7.223742164080829,5.346147834012906,106.6012792289257,4,19,True,2
360,8,48,180,3.5962719981869062,4.32486651038157,3.5962719981869062,107.06262197345495,4,18,True,2
361,8,48,195,5.122806092103322,7.357178647944989,5.122806092103322,106.75705317407846,4,19,True,2
362,8,48,210,3.7588048030932746,5.900641193178111,3.7588048030932746,105.9291772544384,4,19,True,2
363,8,48,225,7.537738311290741,8.954357357906089,7.537738311290741,105.58076808229089,4,19,True,2
364,8,22,30,2.8080865343411765,3.333780399523107,2.8080865343411765,106.48208297789097,4,19,True,2
365,8,22,45,2.5481923898061116,2.996996232890228,2.5481923898061116,106.69407388195395,4,19,True,2
366,8,22,60,2.1135538453857103,2.7923354078896194,2.1135538453857103,106.64943000301719,4,19,True,2
367,8,22,75,1.8777668217817942,2.2024635645043817,1.8777668217817942,106.41817189753056,4,19,True,2
368,8,22,90,3.3393388350804645,3.612899888990785,3.3393388350804645,106.28586169332266,4,19,True,2
369,8,22,105,2.6945001085599265,3.1133141794842007,2.6945001085599265,105.36711430177093,4,19,True,2
370,8,22,120,1.4477572679519652,1.753849010705983,1.4477572679519652,105.65466806292534,4,19,True,2
371,8,22,135,2.652159583568573,3.8618647083631377,2.652159583568573,105.73225514963269,4,19,True,2
372,8,22,150,3.970971687634786,6.732483182156792,3.970971687634786,106.6349521279335,4,19,True,2
373,8,22,165,1.862094807624817,2.1910045938372003,1.862094807624817,97.23650477826595,4,19,True,2
374,8,22,180,1.8666321118672689,2.1431688976314143,1.8666321118672689,97.21216885372996,4,19,True,2
375,8,22,195,3.5927166124184926,5.164558189109948,3.5927166124184926,97.45078021660447,4,19,True,2
376,8,22,210,1.9440116127332052,2.1754090281755727,1.9440116127332052,97.29555575177073,4,19,True,2
377,8,22,225,1.3008117701858282,1.645837866594263,1.3008117701858282,97.50619530677795,4,19,True,2
378,8,55,30,33.87323622206847,53.16037182727827,33.87323622206847,124.190678820014,5,17,True,10
379,8,55,45,9.912867171068987,11.87951813970885,9.912867171068987,98.5222072340548,4,19,True,4
380,8,55,60,2.472029008405904,3.0005468279529426,2.472029008405904,101.23177338391542,4,19,True,2
381,8,55,75,1.9722938823862932,2.2518988598823837,1.9722938823862932,111.51283886283636,4,19,True,2
382,8,55,90,2.1656233650942642,2.519642269936324,2.1656233650942642,97.85151807591319,4,19,True,2
383,8,55,105,1.944707724203666,2.335926110762673,1.944707724203666,97.55602898076177,4,19,True,2
384,8,55,120,1.9784528858959676,2.389835213644077,1.9784528858959676,99.5402722619474,4,19,True,2
385,8,55,135,2.1144542979697385,2.4750072444909743,2.1144542979697385,109.20965299010277,4,19,True,2
386,8,55,150,2.0532096276680627,2.469418167280886,2.0532096276680627,100.42384406551719,4,19,True,2
387,8,55,165,1.8738813562939565,2.2414235695872957,1.8738813562939565,101.3214816339314,4,19,True,2
388,8,55,180,1.8492937128001359,2.2425110413117135,1.8492937128001359,97.56422508507967,4,19,True,2
389,8,55,195,1.8892943328867355,2.277096729857982,1.8892943328867355,97.95324085280299,4,19,True,2
390,8,55,210,1.8980341346934437,2.264458845785808,1.8980341346934437,98.30851200968027,4,19,True,2
391,8,55,225,1.889523899772515,2.2708050646413485,1.889523899772515,97.72161301225424,4,19,True,2
392,8,4,30,10.496915937463443,16.817732750878275,10.496915937463443,97.62104274705052,4,18,True,2
393,8,4,45,7.469411392315911,14.231021435662779,7.469411392315911,98.0823952704668,4,18,True,2
394,8,4,60,20.693987375994524,31.07482936955795,20.693987375994524,98.32869237288833,4,18,True,4
395,8,4,75,11.230359705289205,17.90923032727709,11.230359705289205,98.34511205554008,4,18,True,2
396,8,4,90,12.112086810668309,20.18553972061825,12.112086810668309,98.90661481767893,4,18,True,2
397,8,4,105,11.700697312441966,17.524041916342544,11.700697312441966,122.99572862684727,5,18,True,4
398,8,4,120,11.885718944606682,19.73777723094471,11.885718944606682,98.1092662550509,4,18,True,4
399,8,4,135,10.370789774258931,15.814749192889625,10.370789774258931,98.34575327113271,4,18,True,2
400,8,4,150,33.33638545125723,57.35940926992162,33.33638545125723,98.25673513114452,4,18,True,2
401,8,4,165,50.96765787427624,74.8947125388843,50.96765787427624,123.65374434739351,5,17,True,10
402,8,4,180,47.3417572816213,75.15664330253351,47.3417572816213,123.24267718940973,5,17,True,10
403,8,4,195,11.719611924809094,16.86113317143737,11.719611924809094,98.02804188802838,4,18,True,2
404,8,4,210,35.44038123687108,44.82361886130047,35.44038123687108,107.75899793952703,4,18,True,2
405,8,4,225,13.190924995144208,17.1186215963352,13.190924995144208,102.95048402622342,4,18,True,2
406,8,45,30,10.763956348101297,15.712166733058748,10.763956348101297,99.11184199154377,4,19,True,2
407,8,45,45,26.766441328078507,34.1192429904292,26.766441328078507,100.00611376017332,4,18,True,10
408,8,45,60,26.61939741000533,29.638750336975544,26.61939741000533,122.80239397659898,5,18,True,10
409,8,45,75,4.480562771980961,6.61950897394463,4.480562771980961,98.03053736686707,4,19,True,2
410,8,45,90,3.624712912365794,4.5116153747293115,3.624712912365794,97.59389096871018,4,19,True,2
411,8,45,105,1.6824640108427653,2.232987444071264,1.6824640108427653,97.42982080206275,4,19,True,2
412,8,45,120,17.98033054061234,31.012503123438737,17.98033054061234,97.36614022403955,4,19,True,2
413,8,45,135,6.706152311960856,10.090090998585913,6.706152311960856,98.05600624531507,4,19,True,4
414,8,45,150,6.747536198298136,9.703276959144084,6.747536198298136,99.4039848446846,4,19,True,2
415,8,45,165,6.715785805384318,9.565237703943763,6.715785805384318,97.68920205533504,4,19,True,2
416,8,45,180,6.685535033543904,9.5568727568228,6.685535033543904,97.4752870388329,4,19,True,2
417,8,45,195,6.692475700378418,9.596602627481346,6.692475700378418,97.23843866959214,4,19,True,2
418,8,45,210,6.761210664113363,9.68840119001051,6.761210664113363,97.37474611029029,4,19,True,2
419,8,45,225,6.755465825398763,9.666807328936128,6.755465825398763,97.33863780274987,4,19,True,2
420,8,60,30,4.915426699941357,9.386737214849235,4.915426699941357,97.4423442967236,4,19,True,2
421,8,60,45,2.523345092932383,3.125355166335162,2.523345092932383,97.56836201995611,4,19,True,2
422,8,60,60,2.660534083843231,3.438080157655625,2.660534083843231,97.52208506688476,4,19,True,2
423,8,60,75,2.276345334450404,3.081094412900867,2.276345334450404,97.460329066962,4,19,True,2
424,8,60,90,6.324550057202577,9.42229629509258,6.324550057202577,97.66762098297477,4,19,True,2
425,8,60,105,11.798631387700636,15.694932922080781,11.798631387700636,97.783078905195,4,19,True,2
426,8,60,120,3.362256131072839,4.012516968126981,3.362256131072839,97.64315374195576,4,19,True,2
427,8,60,135,2.075693929195404,2.5329834309814943,2.075693929195404,97.7158322930336,4,19,True,2
428,8,60,150,1.8673056523005167,2.4068217395622855,1.8673056523005167,97.40447206422687,4,19,True,2
429,8,60,165,2.696416242917379,3.7263857846586514,2.696416242917379,97.49133698642254,4,19,True,2
430,8,60,180,4.137691295146942,5.555555153956951,4.137691295146942,100.23927502334118,4,19,True,2
431,8,60,195,3.1017799536387125,4.185734245260459,3.1017799536387125,104.59303995594382,4,19,True,2
432,8,60,210,1.9412214756011963,2.469811281566972,1.9412214756011963,98.68278075009584,4,19,True,2
433,8,60,225,2.4457755366961162,2.9961668509654675,2.4457755366961162,100.74856784194708,4,19,True,2
434,8,26,30,27.908314672112464,36.10570892435245,27.908314672112464,123.31286910921335,5,18,True,10
435,8,26,45,21.82226532101631,25.692775232426648,21.82226532101631,98.42475317418575,4,18,True,4
436,8,26,60,5.039247752229373,6.4525892775322005,5.039247752229373,97.35641209408641,4,19,True,2
437,8,26,75,3.051412972807884,4.130658752421498,3.051412972807884,98.19273417815566,4,19,True,2
438,8,26,90,2.316701277780036,2.8522027646954355,2.316701277780036,97.20561699941754,4,19,True,2
439,8,26,105,2.886953701078892,3.911632764246676,2.886953701078892,97.45939681306481,4,19,True,2
440,8,26,120,10.467020326976975,13.20469387671728,10.467020326976975,97.73149201646447,4,19,True,2
441,8,26,135,9.39296442704896,12.360023055593727,9.39296442704896,98.43344986438751,4,18,True,4
442,8,26,150,8.173686418309808,9.952333546987237,8.173686418309808,98.31405291333795,4,18,True,4
443,8,26,165,4.407636507352193,6.163395742210191,4.407636507352193,97.59488282725215,4,19,True,2
444,8,26,180,5.298230848461389,6.575160203521962,5.298230848461389,102.9995959252119,4,19,True,2
445,8,26,195,5.7248614509900415,8.913659350090896,5.7248614509900415,98.1359463185072,4,19,True,2
446,8,26,210,6.420594225327174,7.778074515798797,6.420594225327174,97.68242761492729,4,19,True,2
447,8,26,225,2.1872865885496138,2.7622756374059634,2.1872865885496138,97.43781574070454,4,19,True,2
448,8,21,30,1.989768927358091,2.41566433097073,1.989768927358091,97.15199610218406,4,19,True,2
449,8,21,45,3.491876524190108,4.200824021370791,3.491876524190108,98.48791314288974,4,19,True,2
450,8,21,60,4.9422618692119915,5.441341277285586,4.9422618692119915,101.59157309681177,4,19,True,2
451,8,21,75,3.3597728699445724,3.732832811259173,3.3597728699445724,98.32223923876882,4,19,True,2
452,8,21,90,1.8383809328079224,2.08047859411263,1.8383809328079224,97.70594304427505,4,19,True,2
453,8,21,105,2.2782562265793485,2.543576910413839,2.2782562265793485,97.5040509365499,4,19,True,2
454,8,21,120,5.490354349898795,8.853551532114457,5.490354349898795,97.92815428227186,4,19,True,2
455,8,21,135,3.6628971456239623,5.252667001517178,3.6628971456239623,98.60102599486709,4,19,True,2
456,8,21,150,2.027105624228716,2.267438962086823,2.027105624228716,97.87258785218,4,19,True,2
457,8,21,165,2.0238006487488747,2.2655452660362454,2.0238006487488747,97.50046441331506,4,19,True,2
458,8,21,180,2.0613007519394158,2.2921575966183187,2.0613007519394158,97.66866266727448,4,19,True,2
459,8,21,195,1.9622549147655566,2.210038909614315,1.9622549147655566,97.12479403242469,4,19,True,2
460,8,21,210,2.0361087270081044,2.294837070644521,2.0361087270081044,103.41599397361279,4,19,True,2
461,8,21,225,1.9418934711565574,2.215543856962521,1.9418934711565574,97.82308526337147,4,19,True,2
462,8,44,30,5.8350149123619,8.810786432195234,5.8350149123619,98.14007394015789,4,18,True,4
463,8,44,45,6.701532451311747,10.804341262941657,6.701532451311747,98.31423405557871,4,18,True,4
464,8,44,60,2.566265590985616,3.5106335523499514,2.566265590985616,97.88543311879039,4,19,True,4
465,8,44,75,2.8790547609329225,3.540830220772295,2.8790547609329225,97.70805714651942,4,19,True,2
466,8,44,90,4.177347850799561,9.386986420101232,4.177347850799561,97.38261206075549,4,19,True,2
467,8,44,105,6.176409490903219,8.847317133864603,6.176409490903219,98.16141379997134,4,18,True,2
468,8,44,120,3.41568075021108,4.892988057595189,3.41568075021108,97.47992595657706,4,19,True,2
469,8,44,135,3.303990936279297,4.598949451330397,3.303990936279297,100.89662810787559,4,19,True,2
470,8,44,150,5.558462791641554,9.089031063321896,5.558462791641554,98.58635812997818,4,19,True,2
471,8,44,165,4.320733081301054,7.722388554880085,4.320733081301054,97.33822802081704,4,19,True,2
472,8,44,180,3.2362913370132445,3.6672063604292218,3.2362913370132445,97.40774892270565,4,19,True,2
473,8,44,195,3.3979954799016316,5.540246469733833,3.3979954799016316,98.11041783541441,4,19,True,2
474,8,44,210,3.07617542942365,3.8125808911564127,3.07617542942365,98.3930416405201,4,19,True,2
475,8,44,225,3.5045228948195777,4.1920879227752845,3.5045228948195777,97.79931977391243,4,19,True,2
476,8,23,30,12.401852448284625,15.383989923272416,12.401852448284625,98.38319383561611,4,18,True,4
477,8,23,45,15.183936756600936,23.376409496975405,15.183936756600936,97.52171440050006,4,19,True,2
478,8,23,60,46.028920705989,77.31046108877362,46.028920705989,98.19451672956347,4,18,True,2
479,8,23,75,22.08132771104574,36.644273467023865,22.08132771104574,98.51259924471378,4,18,True,4
480,8,23,90,3.1900054313242436,3.8239304649275914,3.1900054313242436,103.12882997095585,4,19,True,2
481,8,23,105,5.187714070159321,6.5994279830303135,5.187714070159321,97.51716628670692,4,19,True,2
482,8,23,120,5.265580556790034,6.316143221112514,5.265580556790034,108.33119135349989,4,19,True,2
483,8,23,135,13.044285920262336,17.129433584831055,13.044285920262336,97.85706968978047,4,19,True,2
484,8,23,150,5.333528138200442,7.342136554356542,5.333528138200442,98.0606940574944,4,19,True,2
485,8,23,165,6.265789091090361,7.8509489250060085,6.265789091090361,99.05736986547709,4,18,True,2
486,8,23,180,21.524068110187848,29.88907407787907,21.524068110187848,98.05174684152007,4,19,True,2
487,8,23,195,15.43033164255321,23.46655867880579,15.43033164255321,98.32431329414248,4,18,True,4
488,8,23,210,13.17397514184316,17.235522377214682,13.17397514184316,103.88321802020073,4,19,True,2
489,8,23,225,5.356318903466065,7.889398865824567,5.356318903466065,100.95792403444648,4,19,True,2
490,8,53,30,28.319857000311217,42.52764014007236,28.319857000311217,124.82363730669022,5,18,True,10
491,8,53,45,55.23145920038223,75.52242856055256,55.23145920038223,124.01536805555224,5,17,True,10
492,8,53,60,26.969488545755546,31.169573912813128,26.969488545755546,122.7429611608386,5,18,True,10
493,8,53,75,5.319036838412285,6.56786603190433,5.319036838412285,97.98877779394388,4,19,True,4
494,8,53,90,8.636126326521238,14.90570310732318,8.636126326521238,97.93698973953724,4,19,True,2
495,8,53,105,9.784774032235145,16.53472172434789,9.784774032235145,98.74053997918963,4,18,True,4
496,8,53,120,45.14624952177207,75.48766836981885,45.14624952177207,97.85332204774022,4,19,True,2
497,8,53,135,26.33747168680032,41.028471319024405,26.33747168680032,122.65884224325418,5,18,True,10
498,8,53,150,50.45176762243112,70.54845638123017,50.45176762243112,123.72699193656445,5,17,True,10
499,8,53,165,9.338955221573512,14.10527334917968,9.338955221573512,98.58232131227851,4,18,True,2
500,8,53,180,12.172213477392992,20.893009210623234,12.172213477392992,97.94037602841854,4,19,True,2
501,8,53,195,20.688714658717313,29.26296265862653,20.688714658717313,97.80724486336112,4,19,True,4
502,8,53,210,5.448366409540176,7.453539759063842,5.448366409540176,97.64994727447629,4,19,True,2
503,8,53,225,2.232352622350057,3.5526962816422674,2.232352622350057,97.78496297076344,4,19,True,2
504,8,84,30,40.314888065805036,59.35288039620772,40.314888065805036,98.29017799347639,4,19,True,4
505,8,84,45,27.960654889854293,35.03448827726967,27.960654889854293,123.31859022378922,5,18,True,10
506,8,84,60,41.94539464248034,48.29327247339379,41.94539464248034,123.85107763111591,5,17,True,10
507,8,84,75,4.6166050367057325,5.483518454422249,4.6166050367057325,98.80346897989511,4,18,True,10
508,8,84,90,2.6226359957208234,3.5345017560786722,2.6226359957208234,97.65617921948433,4,19,True,2
509,8,84,105,2.735347040494283,3.757081722865915,2.735347040494283,97.60594414547086,4,19,True,2
510,8,84,120,2.534067943195502,3.3555098533631873,2.534067943195502,98.10909489169717,4,19,True,2
511,8,84,135,8.566615575924516,13.234426322319,8.566615575924516,97.69804822281003,4,19,True,2
512,8,84,150,11.601346210638683,14.131792283606115,11.601346210638683,122.634865809232,5,18,True,10
513,8,84,165,3.7853447993596396,4.435560104095445,3.7853447993596396,97.89637383073568,4,19,True,2
514,8,84,180,3.6502676804860434,4.313688178524876,3.6502676804860434,97.870915196836,4,19,True,2
515,8,84,195,15.38770747979482,20.21557352137343,15.38770747979482,97.64930699020624,4,19,True,2
516,8,84,210,11.375425327320894,12.712640425576096,11.375425327320894,98.40936306864023,4,18,True,4
517,8,84,225,8.56998942544063,10.753860467887591,8.56998942544063,97.45805524289608,4,19,True,2
518,8,59,30,4.3996947834889095,5.381035342038018,4.3996947834889095,99.13964476436377,4,18,True,10
519,8,59,45,2.411705013861259,3.8314917701128772,2.411705013861259,98.33676693961024,4,19,True,2
520,8,59,60,8.115855611115695,9.27137800985146,8.115855611115695,97.95207809656858,4,19,True,2
521,8,59,75,3.7904074529806775,5.036135450130062,3.7904074529806775,97.58765902370214,4,19,True,2
522,8,59,90,4.024647793670495,5.8516414197171756,4.024647793670495,97.38560672849417,4,19,True,2
523,8,59,105,4.757572999596595,5.882072952596668,4.757572999596595,97.6927881129086,4,19,True,2
524,8,59,120,8.752892768383026,12.502473324151072,8.752892768383026,97.93175058439374,4,19,True,2
525,8,59,135,10.269893848399322,14.358613046941304,10.269893848399322,98.44766557216644,4,18,True,2
526,8,59,150,7.4390774408976235,8.070688451333815,7.4390774408976235,104.57339324057102,4,19,True,4
527,8,59,165,4.89640408254539,5.679270800830879,4.89640408254539,102.139410097152,4,19,True,2
528,8,59,180,2.675125224608928,3.663784043812291,2.675125224608928,97.73851418867707,4,19,True,2
529,8,59,195,2.8206730604171755,3.386831828732027,2.8206730604171755,98.06530317291617,4,19,True,2
530,8,59,210,9.25507599512736,12.999468249144618,9.25507599512736,97.56719088181853,4,19,True,2
531,8,59,225,9.200181456406911,10.873314962318327,9.200181456406911,97.4579039029777,4,19,True,2
532,8,49,30,42.848068252702554,59.65582558436381,42.848068252702554,99.255814217031,4,18,True,4
533,8,49,45,55.26166468262672,76.54470177585887,55.26166468262672,124.19227277860045,5,18,True,10
534,8,49,60,17.23639629284541,25.636305589695418,17.23639629284541,102.11200686171651,4,18,True,4
535,8,49,75,46.69963344236215,74.05985254517648,46.69963344236215,98.88879116624594,4,18,True,4
536,8,49,90,33.97845912675063,47.0231491812711,33.97845912675063,122.6640623062849,5,18,True,10
537,8,49,105,30.232664217551548,45.00631786883679,30.232664217551548,97.41527307778597,4,19,True,2
538,8,49,120,39.430018269022305,49.43652011261112,39.430018269022305,98.32365205511451,4,18,True,4
539,8,49,135,44.200990343218045,67.30770404936915,44.200990343218045,122.77021305635571,5,17,True,4
540,8,49,150,23.97245019885401,35.29461247706185,23.97245019885401,123.19551827386022,5,17,True,4
541,8,49,165,10.934884080290795,15.980187011654216,10.934884080290795,97.43883786723018,4,19,True,4
542,8,49,180,3.043333446979523,3.918230616820446,3.043333446979523,98.13921200111508,4,19,True,2
543,8,49,195,3.969249153137207,4.503868508280069,3.969249153137207,97.6573908701539,4,19,True,2
544,8,49,210,2.8779494126637775,3.725652012534441,2.8779494126637775,97.53260528668761,4,19,True,2
545,8,49,225,2.400747466087341,3.4067930728027456,2.400747466087341,97.72016014903784,4,19,True,2
546,8,7,30,29.694870677714547,44.18501751913058,29.694870677714547,122.74802103638649,5,18,True,10
547,8,7,45,31.65380507707596,51.55714379072486,31.65380507707596,123.94407298415899,5,17,True,10
548,8,7,60,2.203221868475278,2.4745540673081594,2.203221868475278,97.73670230060816,4,19,True,2
549,8,7,75,1.277472194035848,1.8271787062896088,1.277472194035848,97.45202213525772,4,19,True,2
550,8,7,90,14.285604842503865,20.610447255579704,14.285604842503865,97.71346813067794,4,19,True,2
551,8,7,105,12.153288923203945,17.523677140317528,12.153288923203945,97.87437133491039,4,19,True,2
552,8,7,120,22.81211093813181,36.03389407540553,22.81211093813181,99.88184925168753,4,19,True,2
553,8,7,135,10.05944573879242,13.421039533065594,10.05944573879242,105.3256862796843,4,18,True,2
554,8,7,150,12.935959511995316,19.947482665777112,12.935959511995316,103.6819969303906,4,18,True,2
555,8,7,165,20.82197929173708,24.625407552700167,20.82197929173708,100.99572595208883,4,18,True,4
556,8,7,180,13.283671937386195,18.840519367224267,13.283671937386195,98.81617315113544,4,19,True,2
557,8,7,195,3.635092913111051,7.473951971359636,3.635092913111051,104.81749475002289,4,19,True,4
558,8,7,210,18.146903454264006,23.6107969348846,18.146903454264006,101.86631185933948,4,19,True,2
559,8,7,225,9.370067818959553,14.293690223007173,9.370067818959553,103.79489092156291,4,19,True,2
560,8,47,30,12.257884947458903,15.053925281233006,12.257884947458903,104.90062180906534,4,18,True,4
561,8,47,45,11.61001516977946,13.408940271657988,11.61001516977946,105.55834602564573,4,19,True,2
562,8,47,60,8.508265622456868,9.619394037534235,8.508265622456868,105.44355912134051,4,19,True,2
563,8,47,75,10.981135336558024,12.840024935889272,10.981135336558024,107.22228372469544,4,19,True,2
564,8,47,90,15.054821395874024,20.523976863570052,15.054821395874024,104.70315907150507,4,19,True,4
565,8,47,105,17.11213927467664,25.241065343963424,17.11213927467664,105.25903990492225,4,19,True,2
566,8,47,120,37.25014426708221,42.5792224942257,37.25014426708221,133.27306881546974,5,17,True,10
567,8,47,135,18.158235519813996,22.682783818852933,18.158235519813996,106.10213503241539,4,18,True,4
568,8,47,150,6.848187420455118,8.18360371981359,6.848187420455118,104.07654289156199,4,18,True,4
569,8,47,165,3.26985019048055,4.461773597108919,3.26985019048055,103.32312760874629,4,19,True,2
570,8,47,180,4.038704530398051,4.849850154787995,4.038704530398051,100.6937250494957,4,19,True,2
571,8,47,195,3.087647302945455,4.040225465589028,3.087647302945455,105.71135580539703,4,19,True,2
572,8,47,210,2.8652656078338623,3.469732273359096,2.8652656078338623,100.97969602793455,4,19,True,2
573,8,47,225,4.711754544576009,7.029676595384992,4.711754544576009,105.16838915646076,4,19,True,2
574,8,30,30,16.693363144497077,26.48691287400359,16.693363144497077,97.21915191039443,4,19,True,2
575,8,30,45,9.733308346072834,13.843658630835629,9.733308346072834,98.03949389606714,4,18,True,2
576,8,30,60,4.082872740978686,7.397769376289242,4.082872740978686,104.03580637648702,4,19,True,2
577,8,30,75,8.02927081239953,11.503226336049611,8.02927081239953,99.32694025337696,4,18,True,2
578,8,30,90,0.8501705186247516,1.1153116082374555,0.8501705186247516,97.69058506935835,4,19,True,2
579,8,30,105,6.7763479845908785,12.386650030718917,6.7763479845908785,97.64590999111533,4,19,True,2
580,8,30,120,22.154016584406296,32.837150352889424,22.154016584406296,97.75319183245301,4,19,True,2
581,8,30,135,12.10285569826762,22.346548258047264,12.10285569826762,98.13485387712717,4,19,True,2
582,8,30,150,18.844500819842022,36.419962588444214,18.844500819842022,97.49296074733138,4,19,True,2
583,8,30,165,15.770317629973094,27.82014946726931,15.770317629973094,98.23109582066536,4,18,True,4
584,8,30,180,9.15064337849617,13.8474861528159,9.15064337849617,97.7782397530973,4,18,True,2
585,8,30,195,1.3853453954060873,1.9080563753436135,1.3853453954060873,97.53975877538323,4,19,True,2
586,8,30,210,1.7569143322606882,2.11800966989686,1.7569143322606882,97.62078197672963,4,19,True,2
587,8,30,225,1.4778546405335267,1.7669725935441736,1.4778546405335267,97.68366115167737,4,19,True,2
588,14,83,30,28.235720880826314,31.37190030692689,28.235720880826314,123.3492880128324,5,17,True,10
589,14,83,45,11.307602860530217,19.491410264930856,11.307602860530217,97.39643707871437,4,19,True,2
590,14,83,60,17.516631986449163,22.65338432815312,17.516631986449163,122.81902506947517,5,18,True,4
591,14,83,75,10.815714144210022,14.827865698642077,10.815714144210022,99.0837188437581,4,18,True,4
592,14,83,90,3.893068051338196,5.067549916925355,3.893068051338196,97.5571209564805,4,19,True,2
593,14,83,105,18.127240024258693,39.69670104200678,18.127240024258693,97.5061347708106,4,19,True,2
594,14,83,120,21.918645107249418,38.099661355508054,21.918645107249418,122.66570515930653,5,18,True,10
595,14,83,135,18.320847969253858,33.214372187446415,18.320847969253858,97.80390793457627,4,19,True,4
596,14,83,150,23.909253029028573,33.033749206683076,23.909253029028573,127.45777005329728,5,18,True,4
597,14,83,165,15.577633863935867,23.963632511804942,15.577633863935867,102.44598891586065,4,18,True,4
598,14,83,180,5.976932930201292,6.541904189059347,5.976932930201292,98.78266882151365,4,18,True,4
599,14,83,195,9.978660749147336,20.121601094636873,9.978660749147336,97.68295008689165,4,19,True,2
600,14,83,210,8.425149002919595,11.417379359943983,8.425149002919595,123.47040697932243,5,18,True,10
601,14,83,225,8.533429906020562,11.768874198650298,8.533429906020562,122.75960296392441,5,18,True,4
602,14,15,30,18.233971827228864,25.620515738750935,18.233971827228864,123.15752496942878,5,17,True,10
603,14,15,45,3.6723456541697184,5.218503189503674,3.6723456541697184,97.64639101922512,4,19,True,2
604,14,15,60,5.745031452178955,7.8386315801324615,5.745031452178955,97.46440732851624,4,19,True,2
605,14,15,75,2.2356913844744364,2.773669956422893,2.2356913844744364,100.10820720344782,4,19,True,2
606,14,15,90,1.9388527472813923,2.196080701493469,1.9388527472813923,106.75869602710009,4,19,True,2
607,14,15,105,1.9763216177622478,2.2662500236359993,1.9763216177622478,106.09468119218946,4,19,True,2
608,14,15,120,2.046634823316708,2.263630158177343,2.046634823316708,106.01666290313005,4,19,True,2
609,14,15,135,2.4492349887266753,3.355318888551631,2.4492349887266753,98.07939920574427,4,19,True,2
610,14,15,150,8.297009086112181,12.923381493587396,8.297009086112181,97.89794683456421,4,19,True,2
611,14,15,165,11.219879504541556,16.348875634970813,11.219879504541556,98.89552323147655,4,18,True,10
612,14,15,180,2.4505257554973165,2.975598879114953,2.4505257554973165,97.66671899706125,4,19,True,2
613,14,15,195,4.618160225947698,7.74463887627832,4.618160225947698,97.77266904711723,4,19,True,2
614,14,15,210,3.5642961154381436,4.336282960933404,3.5642961154381436,98.56425691395998,4,18,True,2
615,14,15,225,3.244127901777392,4.341446507529791,3.244127901777392,99.9582028016448,4,19,True,2
616,14,3,30,15.5359974304835,20.346479853712065,15.5359974304835,97.60597441345453,4,19,True,2
617,14,3,45,21.950840707619985,32.744763663574105,21.950840707619985,98.50661689415574,4,18,True,4
618,14,3,60,20.108126019438107,28.070835416414972,20.108126019438107,123.12996294349432,5,18,True,10
619,14,3,75,20.4691340059042,31.42923470323515,20.4691340059042,123.80615202710032,5,18,True,4
620,14,3,90,23.708391658961773,32.72388809877868,23.708391658961773,123.28312313184142,5,17,True,10
621,14,3,105,3.6215965629865727,4.3941264573722645,3.6215965629865727,97.63821493834257,4,19,True,2
622,14,3,120,3.5663631333659094,4.445176355982866,3.5663631333659094,97.42225706577301,4,19,True,2
623,14,3,135,8.56847601806124,14.934617177279573,8.56847601806124,97.56235219538212,4,19,True,2
624,14,3,150,18.633632081747056,22.074797250951203,18.633632081747056,125.58796210214496,4,19,True,2
625,14,3,165,9.499393035968145,11.325314754824248,9.499393035968145,117.56356386467814,4,18,True,2
626,14,3,180,6.192127830783526,7.56822967046783,6.192127830783526,111.28002917394042,4,19,True,2
627,14,3,195,12.89284586807092,19.409354965908452,12.89284586807092,105.14349211007357,4,19,True,2
628,14,3,210,9.793020009994507,12.613425664970553,9.793020009994507,127.37950123846531,5,18,True,10
629,14,3,225,4.259950523575147,6.708998614790349,4.259950523575147,103.67232887074351,4,19,True,2
630,14,35,30,15.998417576402426,30.05336810076759,15.998417576402426,103.86840999126434,4,19,True,2
631,14,35,45,34.48519444316626,54.15322476882078,34.48519444316626,132.60283088311553,5,18,True,10
632,14,35,60,19.896023988723755,24.425977621841106,19.896023988723755,112.63618478551507,4,18,True,10
633,14,35,75,5.227793796857198,6.062041437903255,5.227793796857198,112.3060598038137,4,18,True,4
634,14,35,90,3.924958364168803,5.3670702993225925,3.924958364168803,102.47000493109226,4,19,True,2
635,14,35,105,6.458783747752507,10.509117881493767,6.458783747752507,101.42990667372942,4,19,True,2
636,14,35,120,6.163895871241888,10.166061830685795,6.163895871241888,104.66668987646699,4,19,True,2
637,14,35,135,3.4159026106198627,4.2224317739304515,3.4159026106198627,105.97524512559175,4,19,True,4
638,14,35,150,5.521938006579876,7.513457761288067,5.521938006579876,101.78444813936949,4,19,True,2
639,14,35,165,5.499645910190884,7.434026467494529,5.499645910190884,99.79745000600815,4,19,True,2
640,14,35,180,1.9420635369916757,2.553012635531731,1.9420635369916757,99.67194218188524,4,19,True,2
641,14,35,195,2.114948412279288,2.9912869157019237,2.114948412279288,98.96535472944379,4,19,True,2
642,14,35,210,2.093452303856611,2.623118172832213,2.093452303856611,98.75181084498763,4,19,True,2
643,14,35,225,6.560733639751561,10.165084493754428,6.560733639751561,97.61792607605457,4,19,True,2
644,14,48,30,4.643418129285177,6.889608452680174,4.643418129285177,97.62734500691295,4,19,True,2
645,14,48,45,4.674807049830755,5.664820999751158,4.674807049830755,97.71738527342677,4,19,True,2
646,14,48,60,11.526880546783408,16.56352841495099,11.526880546783408,97.67158795148134,4,19,True,2
647,14,48,75,8.413070702552796,12.946176977362034,8.413070702552796,97.98051277175546,4,19,True,2
648,14,48,90,6.00646245876948,8.929154805634285,6.00646245876948,97.69860934466124,4,19,True,2
649,14,48,105,5.104563329617182,6.60893472494336,5.104563329617182,98.04844995960593,4,19,True,2
650,14,48,120,3.4947241097688675,3.9642671288539693,3.4947241097688675,98.607137799263,4,19,True,2
651,14,48,135,2.9416454275449118,3.4533545731767794,2.9416454275449118,100.53371172398329,4,19,True,2
652,14,48,150,3.3485337092230716,4.59039226598477,3.3485337092230716,102.92421421036124,4,19,True,2
653,14,48,165,4.469982333046695,6.573794398719477,4.469982333046695,97.97801822423935,4,19,True,2
654,14,48,180,2.9872494967033467,3.3499304510819323,2.9872494967033467,97.93550707399845,4,19,True,2
655,14,48,195,5.888154761989911,9.729241682643503,5.888154761989911,97.9049801826477,4,19,True,2
656,14,48,210,8.085264481355747,11.539139667724529,8.085264481355747,98.92760403454304,4,18,True,4
657,14,48,225,2.859337621430556,3.2358525841990953,2.859337621430556,98.51479297503829,4,19,True,2
658,14,22,30,12.715588239083688,20.090546555235388,12.715588239083688,98.14278036355972,4,19,True,2
659,14,22,45,5.82167498866717,7.151317077790878,5.82167498866717,100.03755334764719,4,19,True,2
660,14,22,60,9.294708423068126,11.926434555020517,9.294708423068126,104.07395893707871,4,19,True,2
661,14,22,75,7.519106096029281,11.030347530038112,7.519106096029281,104.64052995666862,4,19,True,2
662,14,22,90,3.7831063348799945,6.210855530234635,3.7831063348799945,104.56633986905217,4,19,True,2
663,14,22,105,5.350162548944354,7.553997220426106,5.350162548944354,104.22341106459498,4,19,True,2
664,14,22,120,4.339011807615559,5.1423166061582615,4.339011807615559,102.15430799871683,4,19,True,2
665,14,22,135,1.9773671050866446,3.077744090015347,1.9773671050866446,99.65592063963413,4,19,True,2
666,14,22,150,2.5939816052714986,3.894492098437074,2.5939816052714986,101.36090684682131,4,19,True,2
667,14,22,165,6.706536459658916,9.419102649392313,6.706536459658916,101.60508891567588,4,19,True,2
668,14,22,180,2.0737601385917515,3.096469413176407,2.0737601385917515,102.60433796793222,4,19,True,2
669,14,22,195,5.851900757104159,11.87818034407791,5.851900757104159,113.8134109787643,4,19,True,2
670,14,22,210,3.2454252382119497,3.6631938672593995,3.2454252382119497,101.7997870221734,4,19,True,2
671,14,22,225,3.7487538915437955,4.256409018312763,3.7487538915437955,105.6392090395093,4,19,True,2
672,14,55,30,35.233136319865785,52.96528171968678,35.233136319865785,236.9473222643137,5,17,True,10
673,14,55,45,2.0812992606312037,2.5397084803543635,2.0812992606312037,162.80091227963567,4,19,True,2
674,14,55,60,4.1190334260463715,6.447415796780195,4.1190334260463715,146.973324008286,4,19,True,2
675,14,55,75,1.4784557163715362,1.8617759858757683,1.4784557163715362,174.12735614925623,4,19,True,2
676,14,55,90,1.4754579236110053,1.918741316300297,1.4754579236110053,150.8312108926475,4,19,True,2
677,14,55,105,1.4067427039146423,1.8966286743529468,1.4067427039146423,146.83927968144417,4,19,True,2
678,14,55,120,1.4051180322964987,1.857560998899064,1.4051180322964987,146.60657988861203,4,19,True,2
679,14,55,135,1.4077140033245086,1.83901489311419,1.4077140033245086,139.453019015491,4,19,True,2
680,14,55,150,7.623002051313718,14.473167011264053,7.623002051313718,98.40063797309995,4,19,True,2
681,14,55,165,6.869785264134407,7.430398846775468,6.869785264134407,97.93026698753238,4,19,True,2
682,14,55,180,2.7845250606536864,3.303970653363877,2.7845250606536864,108.84940112009645,4,19,True,2
683,14,55,195,2.5509472211201984,4.358014893620393,2.5509472211201984,153.48451025784016,4,19,True,2
684,14,55,210,2.421927976608276,4.1568113160198745,2.421927976608276,112.76673106476665,4,19,True,2
685,14,55,225,2.371641993522644,4.074966114922727,2.371641993522644,100.2204092219472,4,19,True,2
686,14,4,30,11.967733403046926,20.400555127395748,11.967733403046926,99.49918510392308,4,19,True,2
687,14,4,45,20.361456163724263,35.68873458693088,20.361456163724263,99.33309117332101,4,19,True,2
688,14,4,60,46.04090212807059,76.0931926245159,46.04090212807059,98.4206348657608,4,18,True,2
689,14,4,75,2.6169849415620168,3.132197732199159,2.6169849415620168,98.36128307506442,4,19,True,2
690,14,4,90,1.803775005104641,2.305635106168841,1.803775005104641,97.50748705118895,4,19,True,2
691,14,4,105,6.414405886953076,8.982298082474998,6.414405886953076,98.05639600381255,4,19,True,2
692,14,4,120,1.7355499933784206,2.378977412642246,1.7355499933784206,98.62623363733292,4,19,True,2
693,14,4,135,5.902644248306752,9.792750719557437,5.902644248306752,97.71090233698487,4,19,True,2
694,14,4,150,21.913493844866753,34.22951092342877,21.913493844866753,98.22855098173022,4,18,True,2
695,14,4,165,8.198263807718952,11.563210309407394,8.198263807718952,98.42640580609441,4,18,True,4
696,14,4,180,7.859631047646205,11.908938846621968,7.859631047646205,98.88034407049417,4,18,True,2
697,14,4,195,5.399468501408895,8.853285084369283,5.399468501408895,98.55800494551659,4,19,True,2
698,14,4,210,3.995611240466436,5.779392887576809,3.995611240466436,97.51228801906109,4,19,True,2
699,14,4,225,8.603071494897206,10.312884608982854,8.603071494897206,98.35042199119925,4,18,True,4
700,14,45,30,35.74243245124817,40.40808403100683,35.74243245124817,124.52619429677725,5,17,True,10
701,14,45,45,4.434474157045285,5.925164364375359,4.434474157045285,98.85437600314617,4,18,True,4
702,14,45,60,3.7355831852803627,4.643560211822008,3.7355831852803627,98.84362481534481,4,19,True,2
703,14,45,75,3.540935969585553,4.572770891602767,3.540935969585553,97.73962711915374,4,19,True,2
704,14,45,90,2.0956772319506856,2.8784991889748595,2.0956772319506856,98.09095179662108,4,19,True,2
705,14,45,105,2.744403339425723,3.372907425301465,2.744403339425723,97.99975901842117,4,19,True,2
706,14,45,120,4.213441321253777,5.4692543713264,4.213441321253777,98.7751460634172,4,19,True,2
707,14,45,135,4.930719381570816,7.629436566149594,4.930719381570816,99.13554694503546,4,19,True,2
708,14,45,150,23.700966124733288,45.85715495879245,23.700966124733288,97.63547964394093,4,19,True,2
709,14,45,165,42.426193189620975,69.7708252512089,42.426193189620975,124.35571104288101,5,17,True,10
710,14,45,180,8.55433554649353,11.76518764732017,8.55433554649353,122.93684808537364,5,18,True,4
711,14,45,195,5.71375332052509,8.97545492142184,5.71375332052509,97.54831530153751,4,19,True,2
712,14,45,210,4.415779323255022,7.043529408755048,4.415779323255022,98.49493531510234,4,19,True,2
713,14,45,225,4.907495103279749,5.794964435993923,4.907495103279749,98.1026142835617,4,18,True,4
714,14,60,30,12.115421611070634,17.245964268279383,12.115421611070634,107.98794217407703,4,19,True,2
715,14,60,45,8.7551107664903,11.221719374953278,8.7551107664903,105.95010686665773,4,18,True,4
716,14,60,60,6.809408178925514,12.4729439865027,6.809408178925514,107.06035699695349,4,19,True,2
717,14,60,75,6.0232784678538644,8.49132773634397,6.0232784678538644,108.76138508319855,4,19,True,2
718,14,60,90,2.320144114891688,3.117561543461142,2.320144114891688,102.76060411706567,4,19,True,2
719,14,60,105,2.462475065390269,3.0446695857202064,2.462475065390269,101.2379340827465,4,19,True,2
720,14,60,120,2.3833999196688334,2.9545410219595003,2.3833999196688334,101.59489000216126,4,19,True,2
721,14,60,135,2.1181372006734214,2.6529179245185017,2.1181372006734214,103.31079503521323,4,19,True,2
722,14,60,150,2.178670565287272,2.7956743750208255,2.178670565287272,102.12148493155837,4,19,True,2
723,14,60,165,3.249655572573344,5.182938457713103,3.249655572573344,103.31010399386287,4,19,True,2
724,14,60,180,4.956760847568512,6.808726737637397,4.956760847568512,105.37751391530037,4,19,True,2
725,14,60,195,2.7840768456459046,3.443002323532895,2.7840768456459046,102.77669504284859,4,19,True,2
726,14,60,210,3.304427448908488,4.373787436628897,3.304427448908488,100.75237462297082,4,19,True,2
727,14,60,225,4.347413144508997,6.142893896731797,4.347413144508997,103.87754673138261,4,19,True,2
728,14,26,30,46.58625858326753,66.92383172771834,46.58625858326753,125.2608341164887,5,17,True,4
729,14,26,45,11.317549467583497,13.944573854647645,11.317549467583497,99.53310899436474,4,18,True,10
730,14,26,60,11.65190152687331,16.63843721876159,11.65190152687331,102.52764308825135,4,19,True,2
731,14,26,75,6.485146141579995,8.407827340225962,6.485146141579995,141.14849595353007,4,19,True,2
732,14,26,90,8.582489894827207,11.54577775874965,8.582489894827207,126.99283985421062,4,18,True,2
733,14,26,105,6.464942400572666,8.819904719059867,6.464942400572666,120.16876321285963,4,19,True,2
734,14,26,120,5.505033188014447,7.585435472803699,5.505033188014447,138.24425311759114,4,19,True,2
735,14,26,135,1.8930525409678618,2.3696450413675056,1.8930525409678618,129.79324720799923,4,19,True,2
736,14,26,150,3.7294925984252285,6.509083190978744,3.7294925984252285,120.59559905901551,4,19,True,2
737,14,26,165,14.1818791081508,23.21222618932993,14.1818791081508,126.6499413177371,4,19,True,2
738,14,26,180,3.082778858145078,3.755619802609106,3.082778858145078,136.25103328377008,4,18,True,4
739,14,26,195,5.714307640492916,7.00947711059497,5.714307640492916,132.1267201565206,4,19,True,2
740,14,26,210,5.197730454492072,8.928736609487345,5.197730454492072,133.15877271816134,4,19,True,2
741,14,26,225,9.408479031796256,11.196236593562839,9.408479031796256,122.48593475669622,4,18,True,4
742,14,21,30,3.6699428657690683,5.830991703227048,3.6699428657690683,131.66253315284848,4,19,True,2
743,14,21,45,4.413358413738509,7.145341568124344,4.413358413738509,122.7137059904635,4,19,True,2
744,14,21,60,9.364273118972779,13.479934388106056,9.364273118972779,113.6677348986268,4,19,True,2
745,14,21,75,14.624603712558747,23.22567920456254,14.624603712558747,106.50144005194306,4,19,True,2
746,14,21,90,14.198081970959901,20.784001516680263,14.198081970959901,122.7929862216115,5,18,True,4
747,14,21,105,4.504656501611074,5.443070694764117,4.504656501611074,97.55892492830753,4,19,True,2
748,14,21,120,2.1008499026764182,2.615306007140196,2.1008499026764182,97.43066178634763,4,19,True,2
749,14,21,135,2.0844173215484867,2.626890851522026,2.0844173215484867,98.19942573085427,4,19,True,2
750,14,21,150,1.889024019241333,2.3006811496978656,1.889024019241333,99.44082470610738,4,19,True,2
751,14,21,165,2.974252591530482,4.6470157339235225,2.974252591530482,98.75392634421587,4,19,True,2
752,14,21,180,2.735801443954309,3.908130310551774,2.735801443954309,100.52343318238854,4,19,True,2
753,14,21,195,3.590657389163971,4.502601866732075,3.590657389163971,99.98721769079566,4,19,True,2
754,14,21,210,3.0362991859515507,3.5311741095099642,3.0362991859515507,151.5000658109784,4,19,True,2
755,14,21,225,2.1126135488351188,2.7153446358356983,2.1126135488351188,99.58355501294136,4,19,True,2
756,14,44,30,21.7664385954539,29.86139300775615,21.7664385954539,98.62314769998193,4,19,True,2
757,14,44,45,4.578531926870346,7.129672605363289,4.578531926870346,97.94864198192954,4,19,True,2
758,14,44,60,8.010120819012323,12.648867064515597,8.010120819012323,97.85754000768065,4,19,True,2
759,14,44,75,8.207166707515716,13.449754157628266,8.207166707515716,124.50350215658545,5,18,True,10
760,14,44,90,5.998006174961726,10.352521416583302,5.998006174961726,99.3026839569211,4,18,True,10
761,14,44,105,6.149190513789653,9.046839618588033,6.149190513789653,98.344000056386,4,19,True,2
762,14,44,120,8.219951942563057,10.521685161862216,8.219951942563057,99.05689908191562,4,18,True,4
763,14,44,135,9.579295174529156,20.663375731431454,9.579295174529156,98.91765518113971,4,19,True,2
764,14,44,150,14.464082954327266,25.255793642310188,14.464082954327266,100.03397706896067,4,19,True,2
765,14,44,165,8.909616152445475,14.8156060070255,8.909616152445475,98.94249215722084,4,18,True,4
766,14,44,180,6.953844828282794,13.69898596148109,6.953844828282794,98.87382201850414,4,18,True,4
767,14,44,195,8.585529807334146,12.731988851473428,8.585529807334146,98.93695218488574,4,18,True,2
768,14,44,210,5.739877651631832,6.750889321948904,5.739877651631832,99.37465889379382,4,18,True,2
769,14,44,225,7.884397941827774,8.751024818048952,7.884397941827774,98.64435764029622,4,18,True,2
770,14,23,30,23.92986281613509,42.65199259069183,23.92986281613509,97.91840519756079,4,19,True,2
771,14,23,45,36.20292948807279,59.592147198340385,36.20292948807279,98.77717960625887,4,18,True,4
772,14,23,60,39.30856256733338,62.20092263579184,39.30856256733338,124.84312383458018,5,17,True,4
773,14,23,75,10.492389901479084,15.338393496409404,10.492389901479084,102.43551898747683,4,18,True,2
774,14,23,90,11.172684995333354,16.684442490391174,11.172684995333354,162.65929397195578,4,18,True,2
775,14,23,105,20.758023402219017,32.62289165752283,20.758023402219017,99.92782585322857,4,18,True,2
776,14,23,120,22.833218202988306,40.322274213768814,22.833218202988306,103.67908189073205,4,18,True,2
777,14,23,135,10.956935932238897,17.48469658458911,10.956935932238897,103.1253938563168,4,19,True,2
778,14,23,150,35.24272398799658,48.41912415172947,35.24272398799658,102.63179102912545,4,18,True,2
779,14,23,165,6.698035698632399,7.714022037175678,6.698035698632399,103.39648695662618,4,18,True,4
780,14,23,180,12.181808339556058,24.2007313331294,12.181808339556058,101.27491410821676,4,18,True,2
781,14,23,195,31.039297691111763,49.387479330284485,31.039297691111763,172.7136829867959,4,19,True,2
782,14,23,210,45.615083030176656,75.50259594880178,45.615083030176656,294.3731639534235,5,16,True,4
783,14,23,225,16.659444770899913,21.170980097792643,16.659444770899913,217.25402120500803,4,18,True,4
784,14,53,30,14.572575537363688,22.244793355630545,14.572575537363688,127.37248791381717,4,19,True,2
785,14,53,45,10.92666384379069,16.106985934242637,10.92666384379069,103.2264749519527,4,18,True,4
786,14,53,60,25.357244240740936,30.527086781773214,25.357244240740936,104.38794177025557,4,18,True,4
787,14,53,75,13.811444496611754,21.517959890066077,13.811444496611754,103.54704223573208,4,19,True,2
788,14,53,90,16.755276995897294,25.569206126862213,16.755276995897294,107.9712500795722,4,19,True,2
789,14,53,105,2.5021868069966633,3.7455559458889804,2.5021868069966633,110.45492812991142,4,19,True,2
790,14,53,120,4.217059727447729,5.320843347472568,4.217059727447729,104.05175713822246,4,19,True,2
791,14,53,135,1.8029468161985278,2.1403035070857217,1.8029468161985278,99.15151773020625,4,19,True,2
792,14,53,150,1.7043367942174277,2.0305085131558904,1.7043367942174277,97.60399023070931,4,19,True,2
793,14,53,165,1.5100839157899222,1.9073476114551795,1.5100839157899222,97.31318103149533,4,19,True,2
794,14,53,180,2.366603610912959,2.979765242322928,2.366603610912959,101.6653529368341,4,19,True,2
795,14,53,195,9.645574816068013,12.96119191144711,9.645574816068013,97.41513291373849,4,19,True,2
796,14,53,210,11.616419451932112,16.25107078544085,11.616419451932112,97.41322975605726,4,19,True,2
797,14,53,225,10.494593678587504,14.99536816949476,10.494593678587504,98.49069686606526,4,18,True,4
798,14,84,30,3.1485272606213885,4.3714754339531705,3.1485272606213885,97.41697693243623,4,19,True,2
799,14,84,45,3.488200217485428,4.778172027633784,3.488200217485428,98.79348101094365,4,19,True,2
800,14,84,60,3.1474486251672107,4.367119974077302,3.1474486251672107,97.71507093682885,4,19,True,2
801,14,84,75,3.181936872005463,4.517235489405532,3.181936872005463,97.24956005811691,4,19,True,2
802,14,84,90,1.7742101897795994,2.420512500413617,1.7742101897795994,97.56555734202266,4,19,True,2
803,14,84,105,3.0196781277656557,4.144428727852965,3.0196781277656557,97.4932312965393,4,19,True,2
804,14,84,120,2.777839481830597,3.8132616507516297,2.777839481830597,98.14026532694697,4,19,True,2
805,14,84,135,2.5871384143829346,3.5490089722902556,2.5871384143829346,98.5208647325635,4,19,True,2
806,14,84,150,2.566818912823995,3.5296199886544457,2.566818912823995,97.78071474283934,4,19,True,2
807,14,84,165,2.722811979055405,3.676261550226754,2.722811979055405,97.56480623036623,4,19,True,2
808,14,84,180,5.391413623591264,6.251949456876502,5.391413623591264,97.43639407679439,4,19,True,2
809,14,84,195,6.597548541426659,9.193405853089006,6.597548541426659,98.8264917396009,4,19,True,2
810,14,84,210,16.75117945969105,26.428869705992007,16.75117945969105,122.87428975105286,5,18,True,4
811,14,84,225,20.042084708809853,26.61920340942462,20.042084708809853,98.39877393096685,4,18,True,4
812,14,59,30,31.993220155437786,44.6132699152745,31.993220155437786,124.98691584914923,5,18,True,10
813,14,59,45,14.650548210119208,17.440537025739776,14.650548210119208,99.4819630868733,4,18,True,4
814,14,59,60,4.511982243011395,6.510589418368202,4.511982243011395,98.38522830978036,4,19,True,2
815,14,59,75,5.726833966871102,8.199198073983458,5.726833966871102,97.58968371897936,4,19,True,2
816,14,59,90,3.322222862144311,4.343399098452269,3.322222862144311,97.58319100365043,4,19,True,2
817,14,59,105,5.24345264211297,7.118082014191472,5.24345264211297,97.34422899782658,4,19,True,2
818,14,59,120,9.617943807442982,12.509354802498107,9.617943807442982,97.48219000175595,4,19,True,2
819,14,59,135,11.319069662690163,13.476498735808622,11.319069662690163,99.11344619467854,4,18,True,4
820,14,59,150,5.536657431721688,10.462753405215384,5.536657431721688,97.5178680382669,4,19,True,2
821,14,59,165,9.526308295627436,14.507610274432853,9.526308295627436,97.54271479323506,4,19,True,2
822,14,59,180,3.41742722094059,4.237219512312839,3.41742722094059,97.70201565697789,4,19,True,2
823,14,59,195,10.621509011586507,14.103739270670783,10.621509011586507,97.42487082257867,4,19,True,2
824,14,59,210,9.50113314439853,10.634320781061747,9.50113314439853,97.6776392199099,4,19,True,2
825,14,59,225,8.177361771464348,10.412301141017702,8.177361771464348,98.53300778195262,4,18,True,4
826,14,49,30,16.188240232815346,21.63375618897385,16.188240232815346,98.6770000308752,4,18,True,4
827,14,49,45,5.012650759021441,7.401766208927388,5.012650759021441,102.23223501816392,4,19,True,4
828,14,49,60,6.917469916741053,8.796069790748968,6.917469916741053,98.95881311967969,4,18,True,2
829,14,49,75,6.537455662091573,9.20295306420645,6.537455662091573,99.69227015972137,4,19,True,2
830,14,49,90,12.582595079143841,17.288639870485742,12.582595079143841,98.18185400217772,4,19,True,2
831,14,49,105,8.80929888188839,10.120243793954087,8.80929888188839,97.80826698988676,4,19,True,2
832,14,49,120,3.5619218875460015,4.110202451056741,3.5619218875460015,97.78260812163353,4,19,True,2
833,14,49,135,5.096295931438605,5.711328313325442,5.096295931438605,97.50302042812109,4,19,True,2
834,14,49,150,2.8008918091654778,3.6502078621184344,2.8008918091654778,97.92925603687763,4,19,True,2
835,14,49,165,2.2437962452570597,2.867940779804599,2.2437962452570597,97.35832503065467,4,19,True,2
836,14,49,180,3.6376709206670057,4.8594295771614675,3.6376709206670057,97.42431109771132,4,19,True,2
837,14,49,195,8.435014152400738,11.003591072888359,8.435014152400738,97.438327036798,4,19,True,2
838,14,49,210,11.190542940298716,12.684763122098374,11.190542940298716,98.30461628735065,4,18,True,4
839,14,49,225,4.137044127782186,4.543622821298193,4.137044127782186,98.08493033051491,4,19,True,2
840,14,7,30,5.291291105747223,6.663275654331185,5.291291105747223,98.16872887313366,4,18,True,2
841,14,7,45,7.1348357121149695,10.442830165871145,7.1348357121149695,97.6729211397469,4,19,True,2
842,14,7,60,13.777733761064399,19.692283533762453,13.777733761064399,98.29568909481168,4,18,True,4
843,14,7,75,13.046830805266897,18.04133833237076,13.046830805266897,97.54450805485249,4,19,True,4
844,14,7,90,15.842121932531397,23.282056735087632,15.842121932531397,99.31395528838038,4,18,True,4
845,14,7,105,6.333926842113336,8.561385636649405,6.333926842113336,97.65118965879083,4,19,True,2
846,14,7,120,6.7182814637819925,7.269775544089017,6.7182814637819925,97.62530075386167,4,19,True,2
847,14,7,135,3.6468949894110363,5.345630401516516,3.6468949894110363,97.64448693022132,4,19,True,2
848,14,7,150,7.245579942564169,9.345311582500548,7.245579942564169,97.55885507911444,4,19,True,2
849,14,7,165,8.876780037085215,11.739115774708418,8.876780037085215,98.06510293856263,4,19,True,2
850,14,7,180,2.691600430011749,3.0249483410127556,2.691600430011749,97.81336598098278,4,19,True,2
851,14,7,195,10.495849908019105,15.985653065238514,10.495849908019105,97.77494426816702,4,19,True,2
852,14,7,210,9.683940801521143,12.064933812803146,9.683940801521143,98.5548896715045,4,18,True,10
853,14,7,225,13.194907106955846,16.80617349425173,13.194907106955846,98.79231778904796,4,18,True,10
854,14,47,30,9.312633323669434,9.98730217216256,9.312633323669434,98.72041223570704,4,18,True,4
855,14,47,45,5.962810325622558,6.531783863184692,5.962810325622558,97.82884502783418,4,19,True,2
856,14,47,60,6.105337111155192,6.794597167206748,6.105337111155192,97.65194123610854,4,19,True,2
857,14,47,75,6.235495440165201,6.936252177691297,6.235495440165201,97.9972742497921,4,19,True,2
858,14,47,90,6.188970470428467,6.8124841695360185,6.188970470428467,97.5946132093668,4,19,True,2
859,14,47,105,6.074115308125814,6.715318584878765,6.074115308125814,97.7446767501533,4,19,True,2
860,14,47,120,6.0981566429138185,6.771214561606833,6.0981566429138185,98.44030300155282,4,19,True,2
861,14,47,135,6.110128434499105,6.793704935084361,6.110128434499105,98.00436813384295,4,19,True,2
862,14,47,150,6.0777403831481935,6.7145288258438685,6.0777403831481935,97.80320664867759,4,19,True,2
863,14,47,165,9.018644114335379,11.988006787250432,9.018644114335379,97.83537779003382,4,19,True,2
864,14,47,180,8.35907657245795,12.346117879865435,8.35907657245795,98.97224884480238,4,18,True,4
865,14,47,195,10.676875554521878,13.288855003303901,10.676875554521878,97.91773417964578,4,19,True,4
866,14,47,210,16.21202790737152,17.851421142226318,16.21202790737152,122.86630505695939,5,18,True,10
867,14,47,225,6.136770137151083,6.831630389398938,6.136770137151083,97.53039060160518,4,19,True,2
868,14,30,30,3.339326798915863,4.557978550026963,3.339326798915863,97.47736109420657,4,19,True,2
869,14,30,45,9.589845678210258,12.645864629930449,9.589845678210258,97.86827117204666,4,19,True,2
870,14,30,60,12.38512070675691,14.243701907262453,12.38512070675691,97.63663168996572,4,19,True,2
871,14,30,75,3.9141860122481984,5.441933174884807,3.9141860122481984,97.78337879106402,4,19,True,2
872,14,30,90,3.3139043777560193,4.482656361564988,3.3139043777560193,97.55076980218291,4,19,True,2
873,14,30,105,2.640898295554022,3.3855170734579367,2.640898295554022,97.3346009850502,4,19,True,2
874,14,30,120,2.1810921993106605,2.7328115197965066,2.1810921993106605,97.9073541238904,4,19,True,2
875,14,30,135,3.4520213500907024,5.954183623539514,3.4520213500907024,97.63503912836313,4,19,True,2
876,14,30,150,2.088457347949346,2.8210411620652645,2.088457347949346,97.45796397328377,4,19,True,2
877,14,30,165,2.1536894579728445,2.864441372965085,2.1536894579728445,97.61129412800074,4,19,True,2
878,14,30,180,2.35494084234039,2.690115235918495,2.35494084234039,97.39103773608804,4,19,True,2
879,14,30,195,2.911284690350294,3.386309018908692,2.911284690350294,97.69706707447767,4,19,True,2
880,14,30,210,2.22148725738128,2.782435825933431,2.22148725738128,97.71499130874872,4,19,True,2
881,14,30,225,3.8083214686873057,5.0869331315124136,3.8083214686873057,97.49255981296301,4,19,True,2
882,18,83,30,18.134468118349712,26.979218971974824,18.134468118349712,98.78305112943053,4,18,True,10
883,18,83,45,6.448108839988708,8.42978315608435,6.448108839988708,97.79917867854238,4,18,True,4
884,18,83,60,19.296940836682914,27.22435775631745,19.296940836682914,98.17237639799714,4,19,True,2
885,18,83,75,15.825043791905046,22.74052108260108,15.825043791905046,122.7812641300261,5,18,True,10
886,18,83,90,7.568318304512649,10.211513114481804,7.568318304512649,99.82658410444856,4,18,True,2
887,18,83,105,4.563120079940806,6.747624673320392,4.563120079940806,99.034174811095,4,19,True,2
888,18,83,120,30.641686256648974,53.303251180871506,30.641686256648974,98.57403486967087,4,18,True,2
889,18,83,135,31.502816395958266,57.970012233894245,31.502816395958266,123.57554584741592,5,18,True,10
890,18,83,150,30.04099605306983,39.24812182143806,30.04099605306983,123.13995184376836,5,18,True,10
891,18,83,165,14.83097525437673,20.211984087516218,14.83097525437673,122.8291136212647,5,18,True,10
892,18,83,180,5.549415146683653,8.349291024959767,5.549415146683653,97.43973892182112,4,19,True,4
893,18,83,195,13.592689381663998,18.504140978278098,13.592689381663998,97.86974266171455,4,19,True,2
894,18,15,30,8.143519102036953,11.420404261514685,8.143519102036953,97.63794392347336,4,19,True,2
895,18,15,45,7.858708915114403,10.835424229711574,7.858708915114403,97.73847414180636,4,19,True,2
896,18,15,60,8.529445060497771,13.82053447339029,8.529445060497771,97.6206916384399,4,19,True,2
897,18,15,75,7.5811918701666094,10.743576426393119,7.5811918701666094,97.9727478697896,4,19,True,2
898,18,15,90,4.366274662812551,5.59730510970526,4.366274662812551,97.64766274020076,4,19,True,2
899,18,15,105,3.7000054106620763,4.943977444125525,3.7000054106620763,97.81875694170594,4,19,True,2
900,18,15,120,7.9815030256907145,9.961507237859601,7.9815030256907145,97.85817097872496,4,19,True,2
901,18,15,135,5.662920124083757,7.387152552019502,5.662920124083757,97.57014689967036,4,19,True,2
902,18,15,150,6.09677658751607,7.197918873704246,6.09677658751607,97.49165829271078,4,19,True,2
903,18,15,165,7.888789425293605,10.371226586715892,7.888789425293605,97.55421616137028,4,19,True,2
904,18,3,30,20.21801442205906,27.055031312936467,20.21801442205906,101.61108989268541,4,19,True,2
905,18,3,45,48.97546496391296,68.33773474346727,48.97546496391296,99.4308958761394,4,18,True,4
906,18,3,60,37.443240057428675,63.5879421241938,37.443240057428675,98.77452487125993,4,18,True,4
907,18,3,75,62.63717466990153,89.43382529814713,62.63717466990153,123.78478236496449,5,17,True,10
908,18,3,90,59.34077946345011,80.81311979996738,59.34077946345011,98.81293680518866,4,18,True,4
909,18,3,105,18.915465088685355,24.883725687767264,18.915465088685355,99.75070087239146,4,18,True,2
910,18,3,120,40.38191368778546,43.53990530415885,40.38191368778546,100.34175869077444,4,18,True,4
911,18,3,135,16.04430815204978,21.262166407714425,16.04430815204978,98.80615398287773,4,18,True,4
912,18,3,150,4.428498033682505,5.409795577627651,4.428498033682505,97.93606773018837,4,19,True,4
913,18,3,165,5.149881712595621,8.749497157111076,5.149881712595621,97.95763902366161,4,19,True,2
914,18,35,30,15.836533581713836,23.27599916955797,15.836533581713836,97.81741397455335,4,19,True,2
915,18,35,45,15.303137653072675,21.870500448869777,15.303137653072675,98.79459207877517,4,18,True,4
916,18,35,60,7.442968148738146,9.011438383732942,7.442968148738146,97.76761010289192,4,19,True,2
917,18,35,75,5.092490097923049,6.282508321672043,5.092490097923049,97.63998771086335,4,19,True,2
918,18,35,90,4.951278304650137,6.608470041102178,4.951278304650137,97.77455311268568,4,19,True,2
919,18,35,105,5.036364598215247,6.6874015163878715,5.036364598215247,98.37331529706717,4,19,True,2
920,18,35,120,8.32790607305554,16.021255057680385,8.32790607305554,98.5918790102005,4,19,True,2
921,18,35,135,20.762237232923507,29.902127609965625,20.762237232923507,97.80178545042872,4,19,True,2
922,18,35,150,51.54993914862474,70.4864142429382,51.54993914862474,122.83419398590922,5,18,True,10
923,18,35,165,49.894999943425255,64.94646271460664,49.894999943425255,124.06930001452565,5,17,True,10
924,18,35,180,5.44585980301102,7.0385374678832555,5.44585980301102,98.01566926762462,4,19,True,2
925,18,35,195,4.8205671399831775,6.154128467070141,4.8205671399831775,98.09305518865585,4,19,True,2
926,18,35,210,3.7220072646935782,5.4586534272029805,3.7220072646935782,97.91838517412543,4,19,True,2
927,18,35,225,16.631962343056998,27.59228015028883,16.631962343056998,97.97846898436546,4,19,True,2
928,18,48,30,20.588317960500717,24.300944979143843,20.588317960500717,99.12023926153779,4,18,True,2
929,18,48,45,47.644182576984164,67.24319288967978,47.644182576984164,98.0365383438766,4,19,True,2
930,18,48,60,26.274127326409022,31.85133849109148,26.274127326409022,123.84842289611697,5,17,True,10
931,18,48,75,35.08988886351387,51.374084249112016,35.08988886351387,123.35362704470754,5,17,True,10
932,18,48,90,7.031606595218181,9.01381533033835,7.031606595218181,97.93228097259998,4,19,True,2
933,18,48,105,3.0253641764322916,3.9184954034644406,3.0253641764322916,97.85873163491488,4,19,True,2
934,18,48,120,5.749512807031473,8.380369320723542,5.749512807031473,97.65432588756084,4,19,True,2
935,18,48,135,3.414522011081378,4.216987758016625,3.414522011081378,97.75691013783216,4,19,True,2
936,18,48,150,3.724345858891805,4.941654210632049,3.724345858891805,97.72387705743313,4,19,True,2
937,18,48,165,8.60948850462834,10.174454127959336,8.60948850462834,97.59129723533988,4,19,True,2
938,18,48,180,5.623726952572664,8.463874984801794,5.623726952572664,98.11940602958202,4,19,True,2
939,18,48,195,5.652306139717499,6.489606303871831,5.652306139717499,97.55335422232747,4,19,True,2
940,18,48,210,4.207601934671402,5.737625575147777,4.207601934671402,97.43069298565388,4,19,True,2
941,18,48,225,8.484386996428173,12.648058169776837,8.484386996428173,97.62857714667916,4,19,True,2
942,18,22,30,2.4753989997009436,3.2081501558030188,2.4753989997009436,97.60304912924767,4,19,True,2
943,18,22,45,8.2993438432614,17.820434442614253,8.2993438432614,97.78665471822023,4,19,True,2
944,18,22,60,10.645286953945954,14.655065448458034,10.645286953945954,98.63325813785195,4,18,True,4
945,18,22,75,9.735441902776559,12.334116702478168,9.735441902776559,97.98020217567682,4,18,True,2
946,18,22,90,3.325659543275833,4.162540682447524,3.325659543275833,97.63476811349392,4,19,True,2
947,18,22,105,3.181027404467265,4.010953690809226,3.181027404467265,97.67061611637473,4,19,True,2
948,18,22,120,3.0791336317857105,3.89537641396217,3.0791336317857105,97.90767496451735,4,19,True,2
949,18,22,135,2.1536377032597858,3.0125466784177144,2.1536377032597858,97.77041524648666,4,19,True,2
950,18,22,150,3.3236218931929518,5.748529443618002,3.3236218931929518,97.45238395407796,4,19,True,2
951,18,22,165,6.111988294497133,7.90795298996386,6.111988294497133,97.57712995633483,4,19,True,2
952,18,55,30,9.497986910740535,19.492841175021898,9.497986910740535,97.60576393455267,4,19,True,2
953,18,55,45,28.17101681083441,45.55714822543093,28.17101681083441,98.46278512850404,4,18,True,2
954,18,55,60,38.58783149470886,55.37462928887714,38.58783149470886,123.31752898171544,5,17,True,10
955,18,55,75,2.1924104849497477,3.1718367008684565,2.1924104849497477,97.47602790594101,4,19,True,2
956,18,55,90,13.580147051811219,17.02912416843984,13.580147051811219,97.73298492655158,4,19,True,2
957,18,55,105,19.162196620802085,23.242562818526505,19.162196620802085,98.1413358822465,4,18,True,2
958,18,55,120,16.35871277252833,22.049961999153204,16.35871277252833,122.96703597530723,5,18,True,10
959,18,55,135,8.367143736034631,9.702515560554398,8.367143736034631,98.41161826625466,4,18,True,4
960,18,55,150,8.007443146159252,9.507611188231504,8.007443146159252,97.45146194472909,4,19,True,2
961,18,55,165,5.292937215665976,6.701692837910655,5.292937215665976,97.82784432172775,4,19,True,2
962,18,4,30,11.878174269199372,15.40247331252123,11.878174269199372,98.24850875884295,4,18,True,4
963,18,4,45,4.782602657641594,6.2456718562863225,4.782602657641594,98.46556978300214,4,18,True,4
964,18,4,60,2.070218689242999,2.543485686331999,2.070218689242999,97.480827011168,4,19,True,2
965,18,4,75,2.0131815036137897,2.5445982134518976,2.0131815036137897,97.46543923392892,4,19,True,2
966,18,4,90,12.169137491782505,16.837304933548392,12.169137491782505,97.67026593908668,4,19,True,2
967,18,4,105,7.100176956007878,8.13557917351773,7.100176956007878,98.30412408336997,4,18,True,4
968,18,4,120,2.673583512256543,4.064827816206529,2.673583512256543,97.82592114061117,4,19,True,2
969,18,4,135,5.9678256708507735,6.467372605398522,5.9678256708507735,97.64287387952209,4,19,True,2
970,18,4,150,3.6919339628890158,5.156862866427403,3.6919339628890158,97.79255697503686,4,19,True,2
971,18,4,165,4.5097343275944395,5.9816194228452035,4.5097343275944395,97.59533405303955,4,19,True,2
972,18,4,180,4.085260212421417,5.230828615547594,4.085260212421417,97.6360710337758,4,19,True,2
973,18,45,30,22.78569222340981,30.46591975342662,22.78569222340981,98.6739038489759,4,18,True,4
974,18,45,45,9.765023680528005,18.187391106083016,9.765023680528005,97.95104712247849,4,19,True,4
975,18,45,60,25.181662178039552,34.19192709558624,25.181662178039552,98.39366422966123,4,18,True,2
976,18,45,75,16.42708546916644,19.314313798715965,16.42708546916644,122.94081505388021,5,18,True,10
977,18,45,90,12.955346615612507,21.300218570119117,12.955346615612507,97.7778797969222,4,19,True,2
978,18,45,105,13.53952407852436,22.27266921441767,13.53952407852436,98.39840326458216,4,19,True,4
979,18,45,120,2.470616925756137,2.9429636423506764,2.470616925756137,97.63484913855791,4,19,True,2
980,18,45,135,3.512022395928701,3.784359438216207,3.512022395928701,97.49878197908401,4,19,True,2
981,18,45,150,3.19239478011926,3.606060776202383,3.19239478011926,97.48132899403572,4,19,True,2
982,18,45,165,4.648650733629863,7.254162018831179,4.648650733629863,97.57045703008771,4,19,True,2
983,18,60,30,7.071150127053261,9.714819915021737,7.071150127053261,97.59030491113663,4,19,True,2
984,18,60,45,1.4166393886009851,1.6733275600393487,1.4166393886009851,97.64491766691208,4,19,True,2
985,18,60,60,2.359829562405745,2.9875522530492016,2.359829562405745,97.44641231372952,4,19,True,2
986,18,60,75,8.95487547814846,17.00906016744531,8.95487547814846,97.54107194021344,4,19,True,2
987,18,60,90,11.660441124190887,15.773074064533134,11.660441124190887,97.67523501068354,4,19,True,2
988,18,60,105,22.284532162663528,36.45554407454077,22.284532162663528,98.51425280794501,4,18,True,2
989,18,60,120,11.732433271904787,15.96057511263255,11.732433271904787,98.07801712304354,4,18,True,2
990,18,60,135,2.0737990021705626,2.347716363116184,2.0737990021705626,97.47302299365401,4,19,True,2
991,18,60,150,1.712245027224223,2.029462142627671,1.712245027224223,97.48412389308214,4,19,True,2
992,18,60,165,5.476931634917856,7.815726859057553,5.476931634917856,97.48563636094332,4,19,True,2
993,18,26,30,24.696953505277634,34.73559631716879,24.696953505277634,122.79653316363692,5,18,True,10
994,18,26,45,33.57959655672312,54.32466580329582,33.57959655672312,98.5994040966034,4,18,True,4
995,18,26,60,46.058913589517275,71.66807573555502,46.058913589517275,98.45047211274505,4,18,True,4
996,18,26,75,48.49347902139028,77.52786096770333,48.49347902139028,123.15968982875347,5,17,True,10
997,18,26,90,8.846857034787536,11.736200964782748,8.846857034787536,98.34214625880122,4,18,True,2
998,18,26,105,7.983948952456315,10.5654039158695,7.983948952456315,98.46180398017168,4,18,True,2
999,18,26,120,15.610887629476686,21.97719682760666,15.610887629476686,98.28950697556138,4,18,True,4
1000,18,26,135,12.624756162365278,18.121323681385867,12.624756162365278,98.1979537755251,4,18,True,2
1001,18,26,150,22.329611364006997,26.455146755668533,22.329611364006997,98.30329287797213,4,18,True,4
1002,18,26,165,11.345837535709142,20.119995896387074,11.345837535709142,97.80048206448555,4,19,True,2
1003,18,21,30,6.728164651493231,12.112450050264357,6.728164651493231,97.79398003593087,4,19,True,2
1004,18,21,45,17.5884746953845,28.039051045114896,17.5884746953845,98.55420794337988,4,18,True,4
1005,18,21,60,10.005363806088765,13.827981782307681,10.005363806088765,122.18897417187691,5,18,True,10
1006,18,21,75,5.581933901707331,8.106942398634333,5.581933901707331,98.52758795022964,4,18,True,2
1007,18,21,90,20.58038693362226,29.029891018016702,20.58038693362226,98.77632837742567,4,19,True,2
1008,18,21,105,25.065355034172534,38.864031747812575,25.065355034172534,124.35174500569701,5,18,True,10
1009,18,21,120,1.496765786409378,1.7788008109961777,1.496765786409378,98.17254636436701,4,19,True,4
1010,18,21,135,3.2736685626829662,4.661788942545991,3.2736685626829662,97.67174907028675,4,19,True,2
1011,18,21,150,7.141990072031816,11.33682066252393,7.141990072031816,97.96890104189515,4,19,True,2
1012,18,21,165,4.451690336565177,5.248322180673807,4.451690336565177,98.69115659967065,4,18,True,2
1013,18,44,30,12.851281539599102,16.61158456666822,12.851281539599102,123.0359859764576,5,18,True,10
1014,18,44,45,4.071964915593465,4.76816674513795,4.071964915593465,97.72860584780574,4,19,True,2
1015,18,44,60,3.6053597132364907,4.216561465807491,3.6053597132364907,97.58185921236873,4,19,True,2
1016,18,44,75,13.594266465306282,21.07431607433448,13.594266465306282,100.28445115312934,4,19,True,2
1017,18,44,90,14.812516181357205,23.338441326586345,14.812516181357205,123.65738116204739,5,18,True,10
1018,18,44,105,15.730248109313349,22.137633329652974,15.730248109313349,122.8907909244299,5,18,True,10
1019,18,44,120,11.710029981533687,14.98055933722991,11.710029981533687,122.83618794754148,5,18,True,10
1020,18,44,135,5.816538349787394,7.257667501786799,5.816538349787394,97.6859349757433,4,19,True,4
1021,18,44,150,11.103869944810867,18.529339047599155,11.103869944810867,97.76137815788388,4,19,True,2
1022,18,44,165,10.604744219779969,13.449100290349886,10.604744219779969,122.70013988018036,5,18,True,4
1023,18,44,180,3.507311519856254,3.9756621191211403,3.507311519856254,97.6818474009633,4,19,True,2
1024,18,44,195,5.890493874872724,8.760770287634283,5.890493874872724,97.48925315216184,4,19,True,2
1025,18,44,210,7.048549610003829,9.33080421458979,7.048549610003829,98.38894614949822,4,18,True,4
1026,18,44,225,6.783781814575195,8.055417384673284,6.783781814575195,97.94809110462666,4,19,True,2
1027,18,23,30,20.06196122467518,30.27567638426673,20.06196122467518,98.61192712560296,4,18,True,4
1028,18,23,45,13.586995220184326,21.984136091394436,13.586995220184326,98.72282715514302,4,18,True,2
1029,18,23,60,14.830206556618213,20.495390952483156,14.830206556618213,98.477843683213,4,18,True,2
1030,18,23,75,24.19456430673599,32.25523129726868,24.19456430673599,122.80065007507801,5,18,True,4
1031,18,23,90,9.80831658244133,13.966892555544257,9.80831658244133,98.65324478596449,4,18,True,2
1032,18,23,105,19.111877615749837,27.355676078011445,19.111877615749837,97.75103908032179,4,19,True,2
1033,18,23,120,15.84408098657926,19.504991830714324,15.84408098657926,98.5985822044313,4,18,True,4
1034,18,23,135,14.642615581831585,24.35681183606485,14.642615581831585,97.76237001642585,4,19,True,2
1035,18,23,150,16.400900474066535,26.131391717956024,16.400900474066535,97.61140495538712,4,19,True,2
1036,18,23,165,19.230072322487832,26.16611445471033,19.230072322487832,98.55040023103356,4,18,True,2
1037,18,53,30,44.55333881154657,60.886899134070745,44.55333881154657,97.65458572655916,4,19,True,2
1038,18,53,45,42.2903976444155,58.23383142745433,42.2903976444155,122.98114178702235,5,18,True,10
1039,18,53,60,41.06583647454779,70.74822666825543,41.06583647454779,98.80938101559877,4,18,True,4
1040,18,53,75,24.530616601308186,40.77805888706473,24.530616601308186,124.12476586177945,5,17,True,10
1041,18,53,90,24.833234206835428,42.54119471700309,24.833234206835428,102.25207218900323,4,18,True,4
1042,18,53,105,4.803420666853587,7.353349864741617,4.803420666853587,103.94247015938163,4,19,True,2
1043,18,53,120,14.622239057223002,23.25707843783454,14.622239057223002,101.45827103406191,4,19,True,2
1044,18,53,135,5.891565243403117,6.689476663327816,5.891565243403117,99.81414070352912,4,19,True,2
1045,18,53,150,16.007517075942207,28.43042346732274,16.007517075942207,98.78405183553696,4,19,True,2
1046,18,53,165,21.160832142736762,34.35395001497148,21.160832142736762,108.51321602240205,4,19,True,2
1047,18,84,30,46.72942984998226,57.89489723960372,46.72942984998226,135.51451917737722,5,18,True,10
1048,18,84,45,32.91407207523783,49.62567951893152,32.91407207523783,106.79413378238678,4,18,True,2
1049,18,84,60,19.072274989883105,24.177476509019307,19.072274989883105,111.55315628275275,4,18,True,4
1050,18,84,75,23.739048711365708,28.116654016106196,23.739048711365708,137.46816525235772,5,18,True,10
1051,18,84,90,4.613134924570719,6.210266516563258,4.613134924570719,110.79473095014691,4,19,True,2
1052,18,84,105,7.967914513746897,10.810954626110508,7.967914513746897,112.2407061047852,4,19,True,2
1053,18,84,120,11.730902439728379,13.418857811345303,11.730902439728379,112.2074443846941,4,19,True,2
1054,18,84,135,4.032446210645139,5.440721335631621,4.032446210645139,107.70041821524501,4,19,True,2
1055,18,84,150,8.484864375305673,10.714294701572614,8.484864375305673,107.92908072471619,4,19,True,2
1056,18,84,165,5.910772975782553,7.5624928405027845,5.910772975782553,110.33406015485525,4,19,True,2
1057,18,59,30,20.497945696115494,27.125779291843816,20.497945696115494,104.08412804827094,4,19,True,2
1058,18,59,45,4.926698097089926,6.19819646087161,4.926698097089926,108.6931461468339,4,18,True,4
1059,18,59,60,4.9443892419338225,7.453519059531004,4.9443892419338225,103.92234195023775,4,19,True,2
1060,18,59,75,10.111344780524572,13.852315789058375,10.111344780524572,107.54266008734703,4,19,True,2
1061,18,59,90,15.238604195912679,18.08338321962774,15.238604195912679,103.60650392249227,4,18,True,2
1062,18,59,105,5.84774217394491,8.331616336757396,5.84774217394491,105.10707274079323,4,19,True,2
1063,18,59,120,12.868619735911489,19.627129649698855,12.868619735911489,98.66040805354714,4,18,True,2
1064,18,59,135,1.4870201448599498,1.964901836468345,1.4870201448599498,97.84861328080297,4,19,True,2
1065,18,59,150,5.257943738996983,7.700802945435035,5.257943738996983,99.75485876202583,4,19,True,2
1066,18,59,165,5.586825456221899,7.79174389453086,5.586825456221899,143.74897489324212,4,19,True,2
1067,18,49,30,32.7078499486049,45.14719301690673,32.7078499486049,149.8793507926166,4,19,True,2
1068,18,49,45,48.513141332070035,70.0109890725575,48.513141332070035,182.52580193802714,5,18,True,10
1069,18,49,60,10.049434091399114,13.049741227460013,10.049434091399114,141.20541280135512,4,18,True,4
1070,18,49,75,14.044876064298053,19.601791887903556,14.044876064298053,130.66271180287004,4,18,True,2
1071,18,49,90,13.278182206116616,17.383665006135445,13.278182206116616,138.9772491529584,4,18,True,4
1072,18,49,105,23.68976086676121,40.02711400794742,23.68976086676121,157.7501487918198,4,19,True,2
1073,18,49,120,14.13301906188329,19.309730284753226,14.13301906188329,171.0460279136896,4,18,True,2
1074,18,49,135,12.663939150174459,17.628161940441927,12.663939150174459,137.03256100416183,4,18,True,2
1075,18,49,150,8.616050547361374,11.079453133063717,8.616050547361374,139.58493759855628,4,18,True,2
1076,18,49,165,9.143091498020416,10.565756468510866,9.143091498020416,128.25967697426677,4,18,True,2
1077,18,49,180,15.269265699386597,17.40804160981069,15.269265699386597,142.61319721117616,4,18,True,2
1078,18,49,195,9.274038394292196,11.44396496295542,9.274038394292196,101.15780308842659,4,18,True,4
1079,18,49,210,7.0407299836476644,10.844790830882562,7.0407299836476644,99.41719984635711,4,18,True,2
1080,18,7,30,42.40149622360865,61.00882140014978,42.40149622360865,98.6673622392118,4,18,True,4
1081,18,7,45,6.123719588915507,8.556882359692324,6.123719588915507,97.47038828209043,4,19,True,2
1082,18,7,60,4.089301994070411,5.666431147093447,4.089301994070411,97.8413699194789,4,19,True,2
1083,18,7,75,12.895677100370328,23.495200915370653,12.895677100370328,97.72376716136932,4,19,True,2
1084,18,7,90,33.933629071712495,41.84169269426733,33.933629071712495,123.3130800537765,5,17,True,10
1085,18,7,105,27.343265704313914,43.42003496348876,27.343265704313914,97.38173987716436,4,19,True,2
1086,18,7,120,29.675964426559705,43.08419395109926,29.675964426559705,122.66820995137095,5,18,True,10
1087,18,7,135,33.34657630125682,44.09676618671524,33.34657630125682,123.07619210332632,5,18,True,10
1088,18,7,150,17.484151059389113,27.51975047823366,17.484151059389113,98.14856993034482,4,19,True,2
1089,18,7,165,16.192692060085633,21.69077859939503,16.192692060085633,123.31887101754546,5,18,True,10
1090,18,47,30,14.599228582375993,21.360018936090743,14.599228582375993,123.21752915158868,5,18,True,10
1091,18,47,45,7.4005826582511265,9.167147658499356,7.4005826582511265,98.85931573808193,4,18,True,4
1092,18,47,60,3.9814729849497477,5.465105721495068,3.9814729849497477,98.39088888838887,4,18,True,2
1093,18,47,75,1.6119378169377645,2.211554155916709,1.6119378169377645,97.9499751701951,4,19,True,2
1094,18,47,90,6.666957271099091,10.081309139065056,6.666957271099091,97.60184632614255,4,19,True,2
1095,18,47,105,2.750369183222453,3.475737121062564,2.750369183222453,98.27886708080769,4,18,True,2
1096,18,47,120,2.3764283736546834,3.4465660622839027,2.3764283736546834,97.88239700719714,4,19,True,2
1097,18,47,135,4.646959026654561,9.32262322225016,4.646959026654561,98.07426016777754,4,19,True,2
1098,18,47,150,15.935581315557162,22.345314292752565,15.935581315557162,98.36248494684696,4,18,True,2
1099,18,47,165,8.1956087273856,11.656641461604773,8.1956087273856,98.05826004594564,4,18,True,2
1100,18,30,30,15.774265829535823,22.069819221498406,15.774265829535823,97.56710100919008,4,19,True,2
1101,18,30,45,6.576691389083862,8.524187613296734,6.576691389083862,97.4839641712606,4,19,True,2
1102,18,30,60,3.2071927070617674,3.732399229211744,3.2071927070617674,97.72950783371925,4,19,True,2
1103,18,30,75,2.6102769215901693,3.1001214197106757,2.6102769215901693,99.44074507802725,4,19,True,2
1104,18,30,90,2.3394731998443605,2.8600243818484916,2.3394731998443605,97.55437728017569,4,19,True,2
1105,18,30,105,2.2383569876352944,2.864673584860268,2.2383569876352944,97.52414934337139,4,19,True,2
1106,18,30,120,2.52466615041097,3.3988419634063516,2.52466615041097,97.56249189376831,4,19,True,2
1107,18,30,135,3.9785133361816407,5.33380455818562,3.9785133361816407,97.93097898364067,4,19,True,2
1108,18,30,150,1.4761185010274251,1.8375092483355773,1.4761185010274251,97.56722068414092,4,19,True,2
1109,18,30,165,2.1278955539067588,2.550361745155162,2.1278955539067588,97.92939620092511,4,19,True,2
1110,24,83,30,14.741469481711587,19.02869921207161,14.741469481711587,98.36736414581537,4,18,True,2
1111,24,83,45,6.79794170918564,9.199792094445465,6.79794170918564,97.69008262082934,4,19,True,4
1112,24,83,60,5.879654683669409,6.713608217348579,5.879654683669409,97.99709403887391,4,19,True,4
1113,24,83,75,8.750830543103318,12.680715279747458,8.750830543103318,97.64210227876902,4,19,True,2
1114,24,83,90,25.379629239688317,50.128159217653746,25.379629239688317,97.70697494968772,4,19,True,2
1115,24,83,105,29.694777352611222,50.03993029662727,29.694777352611222,122.71609110757709,5,18,True,10
1116,24,83,120,5.595767805973689,10.054449353962344,5.595767805973689,97.4320750683546,4,19,True,2
1117,24,83,135,8.011317599999408,12.234280273369533,8.011317599999408,97.75219112634659,4,19,True,2
1118,24,83,150,9.776457443879917,18.117160762386995,9.776457443879917,97.62058174237609,4,19,True,2
1119,24,83,165,13.137716648029164,20.562524607450406,13.137716648029164,98.12198020517826,4,18,True,2
1120,24,83,180,9.111761093139648,12.984734374261514,9.111761093139648,97.9968230240047,4,18,True,2
1121,24,83,195,5.926823558161656,8.746788015669944,5.926823558161656,98.20577781647444,4,18,True,2
1122,24,83,210,14.060392982016007,20.067719537207914,14.060392982016007,98.92115229740739,4,18,True,4
1123,24,83,225,6.425142200787862,8.570512248998245,6.425142200787862,97.5275756791234,4,19,True,2
1124,24,15,30,30.864645986010633,48.96203274978747,30.864645986010633,98.51723816245794,4,18,True,4
1125,24,15,45,14.696362782021364,20.881588562665254,14.696362782021364,122.81145201995969,5,18,True,10
1126,24,15,60,4.239008831977844,5.417730249845284,4.239008831977844,98.33667566999793,4,18,True,4
1127,24,15,75,10.501491896311443,16.668195979949264,10.501491896311443,98.02447631955147,4,19,True,2
1128,24,15,90,8.07842331926028,10.316297124004313,8.07842331926028,98.70809875428677,4,18,True,2
1129,24,15,105,7.567910181482633,9.430667575726623,7.567910181482633,98.40045729652047,4,18,True,2
1130,24,15,120,9.060259926319123,13.752302991476855,9.060259926319123,97.83999715000391,4,19,True,2
1131,24,15,135,2.03203284740448,2.853334940975311,2.03203284740448,97.83017914742231,4,19,True,2
1132,24,15,150,5.358732946713766,7.240411588392042,5.358732946713766,97.88467176258564,4,19,True,2
1133,24,15,165,13.621787246068319,23.338911685786563,13.621787246068319,97.77940204367042,4,19,True,2
1134,24,15,180,3.8897547483444215,5.50581059443402,3.8897547483444215,98.61147589981556,4,18,True,2
1135,24,15,195,15.769852830966313,23.55130512544825,15.769852830966313,97.77304017916322,4,19,True,2
1136,24,15,210,8.556574181715648,13.42615398771238,8.556574181715648,123.0921521782875,5,18,True,10
1137,24,15,225,13.74856697122256,18.418665835064594,13.74856697122256,98.0017832480371,4,19,True,2
1138,24,3,30,40.85919536749522,56.05647156279113,40.85919536749522,97.62144321575761,4,19,True,2
1139,24,3,45,8.656136657794317,9.93435122600403,8.656136657794317,98.54482999071479,4,18,True,2
1140,24,3,60,33.16826839645704,48.500506818800936,33.16826839645704,98.5141028650105,4,18,True,2
1141,24,3,75,23.939869942267737,29.323711584440233,23.939869942267737,124.02578815817833,5,17,True,10
1142,24,3,90,12.67021592060725,17.17086197393663,12.67021592060725,98.0690699070692,4,19,True,2
1143,24,3,105,3.271339170138041,4.184992907159751,3.271339170138041,97.79014298692346,4,19,True,2
1144,24,3,120,11.277973953882853,18.583336692092605,11.277973953882853,97.83335495740175,4,19,True,2
1145,24,3,135,7.528686805566152,9.391837849123595,7.528686805566152,98.74007990583777,4,18,True,4
1146,24,3,150,4.300665406386058,6.859845419719119,4.300665406386058,98.24283886700869,4,19,True,4
1147,24,3,165,11.932342060407002,17.308185726686954,11.932342060407002,97.89368789643049,4,19,True,2
1148,24,3,180,5.083494166533153,6.7703934433918995,5.083494166533153,98.17249560728669,4,18,True,2
1149,24,3,195,5.114017573992411,7.273270481153233,5.114017573992411,98.07233605533838,4,18,True,2
1150,24,3,210,3.9221436301867167,4.375659487058611,3.9221436301867167,98.13336189836264,4,18,True,2
1151,24,3,225,4.134575963020325,6.397007596793582,4.134575963020325,97.73336490616202,4,19,True,2
1152,24,35,30,20.91213632126649,27.638359745513384,20.91213632126649,97.66594786196947,4,19,True,2
1153,24,35,45,14.607869085048636,20.45153091799287,14.607869085048636,97.59762790054083,4,19,True,4
1154,24,35,60,4.127941466371218,4.875447317666269,4.127941466371218,98.21132011711597,4,18,True,2
1155,24,35,75,2.0463061491648356,2.4487382232580184,2.0463061491648356,97.62195497751236,4,19,True,2
1156,24,35,90,2.03129456837972,2.465323565648702,2.03129456837972,97.56492730230093,4,19,True,2
1157,24,35,105,2.05178507566452,2.487235281451917,2.05178507566452,97.83869469538331,4,19,True,2
1158,24,35,120,7.835595367848873,11.481190757686136,7.835595367848873,97.66280231997371,4,19,True,2
1159,24,35,135,9.551376501719156,10.922627434467705,9.551376501719156,100.0622808933258,4,18,True,2
1160,24,35,150,2.8700534383455913,4.364059572488616,2.8700534383455913,97.6944612339139,4,19,True,2
1161,24,35,165,3.158912169933319,4.256680796395987,3.158912169933319,97.82616142183542,4,19,True,2
1162,24,35,180,2.962292457309862,4.04378209181287,2.962292457309862,97.58676774799824,4,19,True,2
1163,24,35,195,6.108542583386103,10.19475772446185,6.108542583386103,97.6411011070013,4,19,True,2
1164,24,35,210,13.820566988984744,18.50063948012865,13.820566988984744,98.08974899351597,4,18,True,2
1165,24,35,225,11.315149094661077,14.672402900050969,11.315149094661077,97.8384641930461,4,19,True,4
1166,24,48,30,26.095303955860437,34.63139457828592,26.095303955860437,97.44707401841879,4,19,True,2
1167,24,48,45,36.314092930157976,50.56930609013378,36.314092930157976,98.3916106633842,4,19,True,4
1168,24,48,60,16.342371050516764,22.59028511639595,16.342371050516764,123.08914680033922,5,18,True,10
1169,24,48,75,13.765273174146811,20.998521106418984,13.765273174146811,97.71323669701815,4,19,True,2
1170,24,48,90,3.246077699959278,4.3226734637480115,3.246077699959278,97.65652986243367,4,19,True,2
1171,24,48,105,6.008396154642105,9.36951646654873,6.008396154642105,97.67356188967824,4,19,True,2
1172,24,48,120,18.505181986093522,24.38397799506899,18.505181986093522,97.64552908018231,4,19,True,2
1173,24,48,135,17.35207228945995,19.69453795468964,17.35207228945995,97.49904088675976,4,19,True,2
1174,24,48,150,4.673045531908671,7.045433958091709,4.673045531908671,97.47267188504338,4,19,True,2
1175,24,48,165,1.8360424041748047,2.6023055726775146,1.8360424041748047,97.60825801640749,4,19,True,2
1176,24,48,180,2.5606136520703635,4.219436090374587,2.5606136520703635,97.59239898994565,4,19,True,2
1177,24,48,195,10.401202554504076,17.371741721144257,10.401202554504076,98.06525288149714,4,19,True,2
1178,24,48,210,3.9491137554248175,5.855119213756909,3.9491137554248175,97.74974687024951,4,19,True,2
1179,24,48,225,4.886196427543958,7.356567060887703,4.886196427543958,97.79073391109705,4,19,True,2
1180,24,22,30,6.214847201108933,8.742556783134313,6.214847201108933,97.51882031559944,4,19,True,2
1181,24,22,45,2.1829098214705787,2.491067557516368,2.1829098214705787,97.75076899677515,4,19,True,2
1182,24,22,60,5.377865955233574,6.600061097623012,5.377865955233574,97.65415638685226,4,19,True,2
1183,24,22,75,5.86140186401705,11.81293944884427,5.86140186401705,97.56251238286495,4,19,True,2
1184,24,22,90,8.415280034020544,11.775185634838506,8.415280034020544,98.25628390535712,4,18,True,2
1185,24,22,105,2.1857452409962814,2.835739904531083,2.1857452409962814,97.60062536224723,4,19,True,2
1186,24,22,120,2.3899709781010947,2.8391216209388914,2.3899709781010947,97.32829919084907,4,19,True,2
1187,24,22,135,2.4485142967974145,2.9830020151362286,2.4485142967974145,98.4186609275639,4,19,True,2
1188,24,22,150,1.8486460437222074,2.6387501851688473,1.8486460437222074,97.65691077336669,4,19,True,2
1189,24,22,165,1.9569471298561743,2.5425122732914227,1.9569471298561743,97.76274114847183,4,19,True,2
1190,24,22,180,4.477524801343679,10.6967121394202,4.477524801343679,97.42614394053817,4,19,True,2
1191,24,22,195,12.343667098879815,19.70730468602841,12.343667098879815,97.80481085181236,4,19,True,2
1192,24,22,210,2.8455565134684244,3.4040508079918173,2.8455565134684244,99.16423168033361,4,19,True,2
1193,24,22,225,2.907591946919759,4.301489788168675,2.907591946919759,98.1359570287168,4,19,True,2
1194,24,55,30,14.45504783342282,20.171751772395943,14.45504783342282,99.09860789775848,4,18,True,4
1195,24,55,45,1.9862316770479083,2.64614117602541,1.9862316770479083,98.14591519534588,4,19,True,2
1196,24,55,60,7.211457770504057,14.99865681305286,7.211457770504057,98.06706570088863,4,19,True,2
1197,24,55,75,22.471585011978945,29.157525435096872,22.471585011978945,99.02546927332878,4,19,True,2
1198,24,55,90,16.164460055126497,20.715492141241665,16.164460055126497,99.54429091885686,4,18,True,10
1199,24,55,105,5.720611416486403,6.715906015248258,5.720611416486403,98.49177999421954,4,18,True,4
1200,24,55,120,0.95106094678243,1.2582789447758487,0.95106094678243,100.0907439738512,4,19,True,2
1201,24,55,135,1.4963656425476075,1.9746374036190095,1.4963656425476075,98.72179524973035,4,19,True,2
1202,24,55,150,1.6665199716885886,3.6539966921785325,1.6665199716885886,97.94558631256223,4,19,True,2
1203,24,55,165,14.799228966236115,24.881733560373668,14.799228966236115,98.20709098130465,4,19,True,2
1204,24,55,180,4.761661593119303,6.284376601293971,4.761661593119303,98.28976821154356,4,18,True,2
1205,24,55,195,8.663142236073812,16.468414429196454,8.663142236073812,98.61860983073711,4,18,True,2
1206,24,55,210,9.40234657128652,15.133495070509879,9.40234657128652,100.64127575606108,4,18,True,2
1207,24,55,225,1.8145091553529105,2.2825649459357864,1.8145091553529105,98.74329622834921,4,19,True,4
1208,24,4,30,23.913878354926904,36.34936143743729,23.913878354926904,122.90125107392669,5,18,True,10
1209,24,4,45,13.425440678124627,19.208430541478414,13.425440678124627,98.61189732328057,4,18,True,10
1210,24,4,60,6.53639425933361,10.037759643981326,6.53639425933361,122.84142803400755,5,18,True,10
1211,24,4,75,7.136737876137098,8.67186245054776,7.136737876137098,99.00726471096277,4,18,True,4
1212,24,4,90,2.78219317595164,3.4503681388274785,2.78219317595164,97.70762734115124,4,19,True,2
1213,24,4,105,1.4154611746470134,1.9387136002780971,1.4154611746470134,97.57028706371784,4,19,True,2
1214,24,4,120,1.2883337020874024,1.8380831539115081,1.2883337020874024,97.50601509585977,4,19,True,2
1215,24,4,135,1.266951560974121,1.8717297263911006,1.266951560974121,97.49508509412408,4,19,True,2
1216,24,4,150,1.4429895559946695,2.1880616752285422,1.4429895559946695,97.83514682203531,4,19,True,2
1217,24,4,165,3.9589245140552523,7.154250648058955,3.9589245140552523,98.88400183990598,4,19,True,2
1218,24,4,180,12.064360186209282,16.002905302370404,12.064360186209282,97.87408076226711,4,19,True,2
1219,24,4,195,3.4333770434061686,4.929122538295773,3.4333770434061686,98.25290786102414,4,18,True,2
1220,24,4,210,4.238207463423411,5.912464266021571,4.238207463423411,98.04611699655652,4,18,True,2
1221,24,4,225,4.491367427508036,6.322117063013374,4.491367427508036,97.6908253505826,4,19,True,2
1222,24,45,30,8.486329782009125,11.450457393800626,8.486329782009125,98.30641932785511,4,18,True,2
1223,24,45,45,2.010627015431722,2.519183050121846,2.010627015431722,97.39045612514019,4,19,True,2
1224,24,45,60,1.8718007723490397,2.460216009540946,1.8718007723490397,97.3951960913837,4,19,True,2
1225,24,45,75,2.151441224416097,2.5211320108775817,2.151441224416097,97.3882325924933,4,19,True,2
1226,24,45,90,2.005638360977173,2.420488225617431,2.005638360977173,97.41451172158122,4,19,True,2
1227,24,45,105,2.2187833627065023,2.5872323306382428,2.2187833627065023,98.31505501642823,4,19,True,2
1228,24,45,120,16.137280923624832,23.869977839216887,16.137280923624832,97.48934442177415,4,19,True,2
1229,24,45,135,21.722305462136866,27.236541869699213,21.722305462136866,122.50590324401855,5,18,True,10
1230,24,45,150,8.16841471393903,14.207111557580799,8.16841471393903,97.2599289380014,4,19,True,2
1231,24,45,165,20.939389127492905,23.72002034051288,20.939389127492905,97.6797342300415,4,19,True,2
1232,24,45,180,7.938194247086843,16.44289154570033,7.938194247086843,97.60265797376633,4,19,True,2
1233,24,45,195,11.64788614710172,17.94618148019634,11.64788614710172,125.96570700407028,5,18,True,4
1234,24,45,210,3.766349029541016,5.083334824851215,3.766349029541016,98.33004418760538,4,19,True,2
1235,24,45,225,3.8961960713068646,5.153500723051463,3.8961960713068646,97.54980867728591,4,19,True,2
1236,24,60,30,6.331992686291536,10.984269603427665,6.331992686291536,97.75797184556723,4,19,True,2
1237,24,60,45,11.007160367071629,15.997903557750199,11.007160367071629,98.13794121146202,4,19,True,2
1238,24,60,60,5.881581781307856,9.447300437490473,5.881581781307856,97.75997465476394,4,19,True,2
1239,24,60,75,16.896372977644205,26.980433490948695,16.896372977644205,97.90896810591221,4,19,True,2
1240,24,60,90,8.278966011665762,16.112614638758444,8.278966011665762,123.0870820581913,5,18,True,10
1241,24,60,105,2.0179058187951644,2.4383807869860816,2.0179058187951644,98.04264968261123,4,19,True,2
1242,24,60,120,4.416994658112526,6.4603460447128365,4.416994658112526,97.83701179549098,4,19,True,2
1243,24,60,135,6.9632027844587965,11.873989758875824,6.9632027844587965,97.80126390978694,4,19,True,2
1244,24,60,150,6.688812011604508,9.219537365174565,6.688812011604508,97.49562619253993,4,19,True,2
1245,24,60,165,3.371425822377205,5.026810015440076,3.371425822377205,97.68877131864429,4,19,True,2
1246,24,60,180,7.354098583059385,11.063851418160532,7.354098583059385,97.99358667805791,4,19,True,2
1247,24,60,195,3.5301904055445146,4.460340922057975,3.5301904055445146,98.11914525926113,4,19,True,2
1248,24,60,210,4.35024931927522,5.878983335385118,4.35024931927522,97.60139603167772,4,19,True,2
1249,24,60,225,4.4491035421689356,6.035160322709804,4.4491035421689356,97.80407883226871,4,19,True,2
1250,24,26,30,16.328115491196513,22.518185176345984,16.328115491196513,122.98224400728941,5,18,True,10
1251,24,26,45,3.083671926955382,4.698706247947604,3.083671926955382,98.00155274569988,4,19,True,2
1252,24,26,60,21.838952805598577,29.176763156865906,21.838952805598577,97.72263513877988,4,19,True,2
1253,24,26,75,20.939830846587817,39.93767706259221,20.939830846587817,97.66935417428613,4,19,True,2
1254,24,26,90,16.393520232538382,25.65879102225655,16.393520232538382,122.60318687185645,5,18,True,10
1255,24,26,105,14.55578718483448,21.421941453916748,14.55578718483448,97.5034199655056,4,19,True,2
1256,24,26,120,15.775231604029734,29.519875862632112,15.775231604029734,122.9488211683929,5,18,True,4
1257,24,26,135,24.2150425799191,41.5840786986896,24.2150425799191,99.64701486751437,4,18,True,4
1258,24,26,150,7.901354536910852,11.099928099603924,7.901354536910852,99.95735203847289,4,18,True,4
1259,24,26,165,13.763676821192105,20.559222005491048,13.763676821192105,99.30576011538506,4,18,True,4
1260,24,26,180,4.744700443123778,6.06766272619783,4.744700443123778,97.85257140174508,4,19,True,2
1261,24,26,195,6.499325286969542,9.767941897802224,6.499325286969542,97.78235806152225,4,19,True,2
1262,24,26,210,4.290639859437943,4.869452568395793,4.290639859437943,97.51063399016857,4,19,True,2
1263,24,26,225,9.693609739094972,19.973470006072713,9.693609739094972,97.51268802210689,4,19,True,2
1264,24,21,30,4.265721416473388,7.332107745394486,4.265721416473388,97.39324217662215,4,19,True,2
1265,24,21,45,11.153685275713602,17.586612057705647,11.153685275713602,97.47147001326084,4,19,True,2
1266,24,21,60,6.570752040545146,11.164784297960466,6.570752040545146,123.08527901768684,5,18,True,4
1267,24,21,75,2.1928022782007854,2.70566741386689,2.1928022782007854,97.45878633111715,4,19,True,2
1268,24,21,90,3.2220954100290933,4.810393156350037,3.2220954100290933,97.31033490970731,4,19,True,2
1269,24,21,105,3.8341342329978945,5.874983831028235,3.8341342329978945,97.43211511522532,4,19,True,2
1270,24,21,120,4.499815122286479,7.93154475902967,4.499815122286479,97.53838600590825,4,19,True,2
1271,24,21,135,2.9714815258979796,4.371250752241884,2.9714815258979796,97.60547429323196,4,19,True,2
1272,24,21,150,1.5749536395072936,2.105669700627387,1.5749536395072936,97.36550878733397,4,19,True,2
1273,24,21,165,3.4158610329031944,7.029234653003142,3.4158610329031944,97.48960379511118,4,19,True,2
1274,24,21,180,11.228545853495598,18.735699292616328,11.228545853495598,97.53813594579697,4,19,True,2
1275,24,21,195,3.889205425310259,5.123594324547024,3.889205425310259,98.22406293824315,4,18,True,2
1276,24,21,210,4.039322921462978,6.140177204024928,4.039322921462978,97.8992790915072,4,19,True,2
1277,24,21,225,3.0753510165959597,4.256714882702816,3.0753510165959597,97.76617819443345,4,19,True,2
1278,24,44,30,12.761123735706011,17.246913527485294,12.761123735706011,122.56378307938576,5,18,True,4
1279,24,44,45,18.709783389916023,23.076948937515432,18.709783389916023,98.16899942234159,4,18,True,4
1280,24,44,60,10.27480990216136,10.842929413754856,10.27480990216136,98.1634589843452,4,18,True,4
1281,24,44,75,2.40143435895443,2.969513975081619,2.40143435895443,97.51783777028322,4,19,True,2
1282,24,44,90,3.5951960921287536,4.483660077709509,3.5951960921287536,97.32424188405275,4,19,True,2
1283,24,44,105,4.349726856748263,5.854875134686477,4.349726856748263,97.53983980044723,4,19,True,2
1284,24,44,120,3.5371896505355833,3.9208938622515,3.5371896505355833,97.38821303471923,4,19,True,2
1285,24,44,135,4.939831068118413,6.043857719540324,4.939831068118413,97.53734385594726,4,19,True,2
1286,24,44,150,4.263047814369202,6.5993033127750556,4.263047814369202,97.94462472200394,4,19,True,2
1287,24,44,165,3.730078681310018,5.078876000560642,3.730078681310018,97.64133114367723,4,19,True,2
1288,24,44,180,5.474993971983592,9.102388175608485,5.474993971983592,97.32391079887748,4,19,True,2
1289,24,44,195,4.893187657992045,7.086289740554954,4.893187657992045,97.45605988427997,4,19,True,2
1290,24,44,210,3.94962108929952,5.842580187195643,3.94962108929952,97.45822474360466,4,19,True,2
1291,24,44,225,4.342188962300619,5.969802789118315,4.342188962300619,97.73741336539388,4,19,True,2
1292,24,23,30,7.633570584158103,11.355830658632586,7.633570584158103,97.58922317996621,4,19,True,2
1293,24,23,45,13.598296992480755,17.746019046040193,13.598296992480755,97.56669029593468,4,19,True,4
1294,24,23,60,7.43458110295857,10.287249941084985,7.43458110295857,97.53522090613842,4,19,True,2
1295,24,23,75,11.783581395198901,16.492497222161177,11.783581395198901,98.02120923995972,4,18,True,2
1296,24,23,90,21.83603064318498,32.57167266640493,21.83603064318498,98.89791766181588,4,18,True,4
1297,24,23,105,41.817613990604876,63.930065410043895,41.817613990604876,123.9556260406971,5,17,True,10
1298,24,23,120,14.364953489601612,17.887197565980795,14.364953489601612,98.34253694862127,4,18,True,2
1299,24,23,135,1.9442082484563192,2.522217325013291,1.9442082484563192,97.63302514329553,4,19,True,2
1300,24,23,150,2.5403314352035524,4.120092392718739,2.5403314352035524,99.08872889354825,4,19,True,2
1301,24,23,165,11.536267139017582,19.897725495723808,11.536267139017582,104.00642128661275,4,19,True,2
1302,24,23,180,3.9079340495790045,4.450728987069885,3.9079340495790045,103.85461384430528,4,18,True,2
1303,24,23,195,3.5636844635009766,4.940101121357422,3.5636844635009766,100.2931883558631,4,19,True,2
1304,24,23,210,3.290916834274928,4.726990595571576,3.290916834274928,99.5530765503645,4,19,True,2
1305,24,23,225,3.249837569395701,4.836861106410535,3.249837569395701,104.67664897441864,4,19,True,2
1306,24,53,30,36.547504773736,48.3216689342974,36.547504773736,103.67230884730816,4,18,True,2
1307,24,53,45,21.93867802719275,33.903955170077474,21.93867802719275,102.90868394076824,4,18,True,4
1308,24,53,60,32.645256187642616,43.11952314031933,32.645256187642616,131.88588619232178,5,17,True,10
1309,24,53,75,16.15275724368791,22.30927392575982,16.15275724368791,106.04089917615056,4,19,True,2
1310,24,53,90,20.408625929554304,21.589994506167994,20.408625929554304,134.53151006251574,5,17,True,10
1311,24,53,105,12.624308145046234,19.392156036326394,12.624308145046234,105.82477133721113,4,18,True,2
1312,24,53,120,11.314664526780446,18.94369427248184,11.314664526780446,107.27436281740665,4,18,True,4
1313,24,53,135,27.382009386022887,44.54772831465922,27.382009386022887,105.38218403235078,4,18,True,2
1314,24,53,150,35.95740989844004,49.28873259830356,35.95740989844004,134.6740499138832,5,17,True,10
1315,24,53,165,12.779975497722626,22.012467448844177,12.779975497722626,104.41501438617706,4,19,True,2
1316,24,53,180,19.3816116352876,25.839518625155772,19.3816116352876,104.50132703408599,4,18,True,4
1317,24,53,195,11.200844558080037,12.444736804013834,11.200844558080037,127.92794918641448,5,18,True,10
1318,24,53,210,3.0660106341044107,4.713813048258598,3.0660106341044107,105.06361117586493,4,18,True,2
1319,24,53,225,3.759173854192098,5.942138464341145,3.759173854192098,102.35219215974212,4,18,True,2
1320,24,84,30,22.544351486365,30.982133493834006,22.544351486365,129.93140937760472,5,18,True,4
1321,24,84,45,16.007616261641186,22.18598036249649,16.007616261641186,123.14223730936646,5,17,True,10
1322,24,84,60,20.790276646614075,24.27257360125648,20.790276646614075,97.93951502069831,4,19,True,2
1323,24,84,75,8.764197258154551,10.863939153253831,8.764197258154551,107.3633898049593,4,19,True,4
1324,24,84,90,6.830236262083053,10.999746777653433,6.830236262083053,99.17088504880667,4,19,True,2
1325,24,84,105,10.950196558237076,13.637104852848362,10.950196558237076,99.07171688973904,4,18,True,4
1326,24,84,120,9.091884024937947,10.915109281384172,9.091884024937947,98.80251809954643,4,18,True,2
1327,24,84,135,12.433050286769866,23.2211894000662,12.433050286769866,98.81601389497519,4,18,True,4
1328,24,84,150,15.199344555536905,23.56281303270018,15.199344555536905,99.46058178320527,4,18,True,4
1329,24,84,165,5.350562302271525,6.247943355681269,5.350562302271525,98.55890739709139,4,18,True,2
1330,24,84,180,5.234291219711304,6.5896285928595795,5.234291219711304,97.8348171338439,4,19,True,2
1331,24,84,195,12.364399356643359,21.69831020633214,12.364399356643359,97.98566298559308,4,19,True,2
1332,24,84,210,11.695428089300792,13.712988243512884,11.695428089300792,99.07508315518498,4,18,True,10
1333,24,84,225,6.898287483056387,9.494771965734781,6.898287483056387,98.39305281639099,4,19,True,2
1334,24,59,30,17.38559137377888,23.541588175110967,17.38559137377888,98.25410088524222,4,19,True,2
1335,24,59,45,22.47083821371198,28.612375953002633,22.47083821371198,98.92658237367868,4,18,True,4
1336,24,59,60,10.46669473797083,12.08264583394941,10.46669473797083,98.48969615995884,4,18,True,2
1337,24,59,75,5.691570407524705,10.732044826789702,5.691570407524705,98.03267102688551,4,19,True,2
1338,24,59,90,2.1936250855525334,3.087204217096133,2.1936250855525334,98.4650794416666,4,19,True,4
1339,24,59,105,9.225993307431539,13.00841994745409,9.225993307431539,98.1495319865644,4,19,True,2
1340,24,59,120,5.753381665547689,8.882484791244798,5.753381665547689,97.85101795569062,4,19,True,2
1341,24,59,135,3.4243045886357626,5.957321866165022,3.4243045886357626,98.00380701199174,4,19,True,2
1342,24,59,150,3.6007222135861716,4.804209266053561,3.6007222135861716,98.07572327554226,4,19,True,2
1343,24,59,165,3.0409903140117724,4.947775836957542,3.0409903140117724,98.67906384170055,4,19,True,2
1344,24,59,180,7.265417430425684,12.148642969928863,7.265417430425684,98.17330678924918,4,19,True,2
1345,24,59,195,8.848795596440322,12.227182742887335,8.848795596440322,99.23228109255433,4,18,True,4
1346,24,59,210,4.844780331562894,5.793488703160306,4.844780331562894,97.50390099361539,4,19,True,2
1347,24,59,225,4.277857544024785,5.833490515536925,4.277857544024785,97.68759924918413,4,19,True,2
1348,24,49,30,36.984561399618784,62.20304899148458,36.984561399618784,98.92016090452671,4,18,True,2
1349,24,49,45,24.0112144668897,33.129923753862144,24.0112144668897,123.98317689076066,5,18,True,10
1350,24,49,60,21.696357424060505,34.38202796238862,21.696357424060505,98.25538191944361,4,18,True,2
1351,24,49,75,15.809536264340084,21.646119728221535,15.809536264340084,98.52890996262431,4,18,True,4
1352,24,49,90,18.355033526072898,23.852278600946605,18.355033526072898,98.50844088941813,4,18,True,2
1353,24,49,105,9.416020611921946,13.219235617279981,9.416020611921946,99.27722625434399,4,18,True,4
1354,24,49,120,4.975844200452169,7.603329451007916,4.975844200452169,97.7917262353003,4,19,True,2
1355,24,49,135,3.5305405418078104,4.6369301092307555,3.5305405418078104,97.6623510941863,4,19,True,2
1356,24,49,150,5.90929475625356,7.0657176942011075,5.90929475625356,98.05849008262157,4,19,True,2
1357,24,49,165,4.652060729265213,7.5425386610522995,4.652060729265213,97.8042297065258,4,19,True,2
1358,24,49,180,14.836527709166209,21.981993770305355,14.836527709166209,98.18825498223305,4,19,True,2
1359,24,49,195,6.521646888057391,10.433489808625437,6.521646888057391,98.76593900844455,4,18,True,2
1360,24,49,210,7.043531758586566,9.141802324952174,7.043531758586566,98.29392610117793,4,19,True,2
1361,24,49,225,9.253984167178471,12.506315046347702,9.253984167178471,98.42645563185215,4,18,True,4
1362,24,7,30,30.57082951068878,33.46234965247219,30.57082951068878,98.74583082273602,4,18,True,4
1363,24,7,45,12.261455357074738,16.566059201879572,12.261455357074738,98.09294482693076,4,19,True,2
1364,24,7,60,18.91847759783268,31.35008995284156,18.91847759783268,99.30916735902429,4,18,True,2
1365,24,7,75,29.8475658228,45.10964065731856,29.8475658228,123.20321192964911,5,18,True,4
1366,24,7,90,49.48202980955442,69.97907495266479,49.48202980955442,124.07684419304132,5,17,True,10
1367,24,7,105,23.71549482345581,29.951164775766024,23.71549482345581,123.0511050671339,5,18,True,10
1368,24,7,120,28.349672641356786,31.984583073862588,28.349672641356786,123.30662785097957,5,17,True,10
1369,24,7,135,4.4450623273849486,7.047447113120517,4.4450623273849486,97.79729600995779,4,19,True,4
1370,24,7,150,10.683813428878784,13.37908762722968,10.683813428878784,97.8360390290618,4,19,True,2
1371,24,7,165,13.9528137323757,16.9894507709937,13.9528137323757,97.5648257881403,4,19,True,2
1372,24,7,180,5.250102032721043,6.653448855038636,5.250102032721043,101.60387679934502,4,18,True,4
1373,24,7,195,6.748132718913257,9.438752022714443,6.748132718913257,233.589680865407,4,19,True,2
1374,24,7,210,11.670218844649693,15.237293923564152,11.670218844649693,164.26901007071137,5,18,True,4
1375,24,7,225,6.635631172234813,7.864949626111176,6.635631172234813,104.90984003990889,4,18,True,10
1376,24,47,30,22.53719156725953,40.100704995915834,22.53719156725953,104.0463768877089,4,19,True,2
1377,24,47,45,47.26014806224654,72.32464123813536,47.26014806224654,131.89639523625374,5,17,True,10
1378,24,47,60,50.45784722765287,84.68904521411011,50.45784722765287,104.79483287781477,4,19,True,2
1379,24,47,75,13.58859018087387,29.330470109588923,13.58859018087387,107.33648994937539,4,18,True,4
1380,24,47,90,21.43454954425494,30.428629027192788,21.43454954425494,116.14496214315295,4,18,True,4
1381,24,47,105,4.478280409177144,5.600393810002546,4.478280409177144,116.38687923550606,4,18,True,10
1382,24,47,120,5.2634417856733,7.16025598057959,5.2634417856733,101.3809246942401,4,19,True,2
1383,24,47,135,7.344479092458884,8.639632936998417,7.344479092458884,104.64773513376713,4,19,True,2
1384,24,47,150,10.308345009883245,18.098729204000016,10.308345009883245,104.45725405588746,4,19,True,2
1385,24,47,165,14.960628653566042,21.130510036167937,14.960628653566042,101.60075081512332,4,19,True,2
1386,24,47,180,7.822083724538485,9.581292464146186,7.822083724538485,101.98929626494646,4,18,True,2
1387,24,47,195,3.706707000732422,4.722918963560128,3.706707000732422,102.07057883962989,4,18,True,2
1388,24,47,210,6.253866067528724,7.264465166442199,6.253866067528724,99.49051914736629,4,18,True,2
1389,24,47,225,2.604041612148285,4.085778268045457,2.604041612148285,98.7385269254446,4,19,True,2
1390,24,30,30,5.797644747793674,7.946882722210814,5.797644747793674,99.04932510107756,4,19,True,2
1391,24,30,45,3.3403461248613895,4.269281190937876,3.3403461248613895,98.87836081907153,4,19,True,2
1392,24,30,60,4.5560741033405066,6.206370701962518,4.5560741033405066,98.33284886553884,4,19,True,2
1393,24,30,75,2.8887242677311105,3.2513321118277227,2.8887242677311105,98.33335038274527,4,19,True,2
1394,24,30,90,1.8736511963109175,2.4242436117645054,1.8736511963109175,98.10039913281798,4,19,True,2
1395,24,30,105,2.408544051647186,3.524616184183383,2.408544051647186,98.1189850717783,4,19,True,2
1396,24,30,120,2.047845837970575,2.572328000257248,2.047845837970575,98.39238179847598,4,19,True,2
1397,24,30,135,2.7866069823503494,4.580281006839776,2.7866069823503494,98.58486615121365,4,19,True,2
1398,24,30,150,5.862427045901616,9.06629585840326,5.862427045901616,98.74345595017076,4,19,True,2
1399,24,30,165,4.5609765748182935,7.733235692141585,4.5609765748182935,98.92209386453032,4,19,True,2
1400,24,30,180,11.083292862772941,15.998989270438516,11.083292862772941,98.74788532033563,4,19,True,2
1401,24,30,195,4.307208847999573,6.095223610897764,4.307208847999573,99.5371569879353,4,18,True,2
1402,24,30,210,2.9877078811327618,4.033513751605585,2.9877078811327618,98.57175080105662,4,19,True,2
1403,24,30,225,6.0511607401072975,8.117276696738895,6.0511607401072975,100.3548838198185,4,19,True,2
1404,25,83,30,27.012096354116995,51.60899427307433,27.012096354116995,98.54904795065522,4,19,True,2
1405,25,83,45,37.114407353599866,61.56026667002298,37.114407353599866,123.55502787977457,5,18,True,10
1406,25,83,60,54.55906026462714,91.06299497654302,54.55906026462714,125.00351807102561,5,17,True,10
1407,25,83,75,15.405231851339341,25.556170490974814,15.405231851339341,99.2343039251864,4,18,True,4
1408,25,83,90,24.251560778419176,42.28924478375683,24.251560778419176,99.27144460380077,4,18,True,4
1409,25,83,105,52.58217232873042,81.9982091292166,52.58217232873042,124.84698090702295,5,17,True,4
1410,25,83,120,25.89879159256816,44.429740139212264,25.89879159256816,123.7758663482964,5,18,True,4
1411,25,83,135,57.78369199732939,88.66604099566922,57.78369199732939,133.18037521094084,5,17,True,10
1412,25,83,150,13.853318526347477,20.466246023960828,13.853318526347477,108.46551600843668,4,18,True,10
1413,25,83,165,28.69740913361311,47.700603674995,28.69740913361311,105.58531805872917,4,19,True,2
1414,25,83,180,35.06791049192349,62.947872296766654,35.06791049192349,108.63925516605377,4,18,True,2
1415,25,83,195,26.27369207839171,39.67047186813205,26.27369207839171,133.74412013217807,5,18,True,10
1416,25,83,210,11.483578985929489,17.390366786495736,11.483578985929489,106.1300178989768,4,18,True,2
1417,25,83,225,15.237884059300026,23.41101734089102,15.237884059300026,104.20214105397463,4,18,True,2
1418,25,15,30,12.035401403903961,17.48380203017646,12.035401403903961,101.01721715182066,4,19,True,2
1419,25,15,45,12.465768478314082,15.252283924502887,12.465768478314082,116.65240116417408,4,19,True,2
1420,25,15,60,20.97893140912056,31.7291303523461,20.97893140912056,105.10390717536211,4,19,True,2
1421,25,15,75,11.87820843468265,17.086958198633845,11.87820843468265,107.68059082329273,4,19,True,2
1422,25,15,90,10.423956973602374,15.203294788930396,10.423956973602374,105.81207694485784,4,19,True,2
1423,25,15,105,15.756955929597218,26.093844323937446,15.756955929597218,143.80288682878017,4,18,True,4
1424,25,15,120,8.955195959409078,12.239630747077829,8.955195959409078,106.37293802574277,4,19,True,2
1425,25,15,135,3.5078145066897073,3.992378171104287,3.5078145066897073,103.56497578322887,4,19,True,2
1426,25,15,150,5.60989238123099,8.441321466923583,5.60989238123099,159.02585163712502,4,19,True,2
1427,25,15,165,4.624610706356664,6.229467721128389,4.624610706356664,180.49450078979135,4,19,True,2
1428,25,15,180,4.929564930933217,5.838440163641921,4.929564930933217,157.66948694363236,4,18,True,2
1429,25,15,195,4.5366746986905735,11.09499201199417,4.5366746986905735,158.59238198027015,4,19,True,2
1430,25,15,210,30.712765292823313,47.327504634775174,30.712765292823313,176.08716385439038,4,19,True,2
1431,25,15,225,12.388939961542686,19.461010478916517,12.388939961542686,168.37194003164768,4,19,True,2
1432,25,3,30,11.526353818178176,16.551514979568058,11.526353818178176,161.19854198768735,4,18,True,4
1433,25,3,45,28.747512741883597,48.271735430524615,28.747512741883597,164.96096784248948,4,18,True,2
1434,25,3,60,57.39227823896023,87.0634121240539,57.39227823896023,133.51453701034188,5,17,True,10
1435,25,3,75,18.536577605378504,29.23971410778788,18.536577605378504,124.05423214659095,5,18,True,4
1436,25,3,90,20.73316488439838,37.04454153988866,20.73316488439838,128.38343111798167,4,18,True,2
1437,25,3,105,15.977440232535203,21.771321005077617,15.977440232535203,134.0184099972248,4,18,True,2
1438,25,3,120,22.681632972260317,26.769878271214402,22.681632972260317,122.24489031359553,4,18,True,2
1439,25,3,135,10.759360616405806,15.951319903014769,10.759360616405806,99.3416178971529,4,18,True,2
1440,25,3,150,10.07703173160553,15.089658869874494,10.07703173160553,99.02881598100066,4,18,True,2
1441,25,3,165,18.627575921515625,40.86709886871247,18.627575921515625,98.42487284913659,4,19,True,2
1442,25,3,180,30.460098120570184,51.150014282498155,30.460098120570184,123.44155414029956,5,18,True,10
1443,25,3,195,45.64666445900996,76.22564297572157,45.64666445900996,98.9086888730526,4,18,True,2
1444,25,3,210,59.198107584317526,96.11873937341694,59.198107584317526,124.0044878795743,5,17,True,10
1445,25,3,225,17.22408163547516,26.757959411492052,17.22408163547516,98.93850423395634,4,18,True,2
1446,25,35,30,7.357741576433182,14.054821772199883,7.357741576433182,98.67276204749942,4,18,True,2
1447,25,35,45,42.049333416670564,60.653587060674354,42.049333416670564,99.20191299170256,4,18,True,2
1448,25,35,60,5.9532539315521715,7.129292437696881,5.9532539315521715,98.83085126057267,4,18,True,4
1449,25,35,75,15.142008399963379,24.58894699316691,15.142008399963379,98.80105499178171,4,19,True,2
1450,25,35,90,21.044679878652097,42.30004370327602,21.044679878652097,99.08416075631976,4,18,True,2
1451,25,35,105,25.12667272767673,44.01754080515821,25.12667272767673,99.08410115167499,4,18,True,4
1452,25,35,120,43.35474082225313,68.47097507640609,43.35474082225313,124.48220187798142,5,17,True,10
1453,25,35,135,18.857164100868008,30.479952572158613,18.857164100868008,98.56349602341652,4,18,True,2
1454,25,35,150,64.91606678068638,91.32059660924303,64.91606678068638,124.12819219753146,5,17,True,4
1455,25,35,165,13.796912249426047,18.56863091274237,13.796912249426047,98.72060222551227,4,18,True,4
1456,25,35,180,4.625199012458324,5.795074406474235,4.625199012458324,98.79391081631184,4,18,True,4
1457,25,35,195,3.219858599205812,4.863190474631119,3.219858599205812,98.0184250511229,4,19,True,2
1458,25,35,210,4.1268982211748755,7.94204651033789,4.1268982211748755,97.86043502390385,4,19,True,2
1459,25,35,225,7.635797673463822,10.948635910316979,7.635797673463822,99.06163811683655,4,19,True,2
1460,25,48,30,53.99500855406125,80.66951824819411,53.99500855406125,124.4497299194336,5,17,True,10
1461,25,48,45,20.980701661109926,29.588324747795436,20.980701661109926,98.90611376613379,4,18,True,2
1462,25,48,60,26.89303118965278,42.57887129376026,26.89303118965278,98.96271117031574,4,18,True,2
1463,25,48,75,29.08012273988376,45.40930163308535,29.08012273988376,123.8604262471199,5,17,True,2
1464,25,48,90,42.93101250231266,58.186384166426755,42.93101250231266,123.86278016492724,5,18,True,10
1465,25,48,105,4.422996217012406,5.6224852583605704,4.422996217012406,98.0307380668819,4,19,True,2
1466,25,48,120,5.941441764434178,7.644336902117766,5.941441764434178,101.57225700095296,4,18,True,2
1467,25,48,135,5.781714782118797,8.823192412208845,5.781714782118797,103.49621623754501,4,19,True,2
1468,25,48,150,5.805326784650485,6.877845032221624,5.805326784650485,106.29731509834528,4,19,True,2
1469,25,48,165,4.725349070775944,8.058467421541437,4.725349070775944,106.07853112742305,4,19,True,2
1470,25,48,180,4.242136132818026,6.279628765678196,4.242136132818026,104.05915090814233,4,19,True,2
1471,25,48,195,6.822986751049757,9.9701874653031,6.822986751049757,102.0389893092215,4,19,True,2
1472,25,48,210,27.962901379633696,45.649591581465415,27.962901379633696,101.86543082818389,4,19,True,2
1473,25,48,225,20.63958165686733,29.701212706736005,20.63958165686733,103.63219399005175,4,18,True,4
1474,25,22,30,3.9812397435307503,5.3002320770322235,3.9812397435307503,103.10404375195503,4,19,True,2
1475,25,22,45,3.8868442845841247,5.376875716869653,3.8868442845841247,102.7214010246098,4,19,True,2
1476,25,22,60,2.8241994295269253,3.441340882031336,2.8241994295269253,103.44605101272464,4,19,True,2
1477,25,22,75,6.9282561734318735,15.189796172793084,6.9282561734318735,104.60834996774793,4,19,True,2
1478,25,22,90,18.9715507119894,35.13077908966881,18.9715507119894,102.70354570820928,4,19,True,2
1479,25,22,105,11.728133368616303,17.374509787110043,11.728133368616303,103.44021022319794,4,18,True,2
1480,25,22,120,6.48751616080602,8.673423056380622,6.48751616080602,102.95540327206254,4,19,True,2
1481,25,22,135,6.125750585397085,8.90006604432926,6.125750585397085,97.8759448044002,4,19,True,2
1482,25,22,150,4.779368323087692,5.679514477585584,4.779368323087692,97.96464303508401,4,19,True,2
1483,25,22,165,4.596552050424119,8.03317366460147,4.596552050424119,108.23766374960542,4,19,True,2
1484,25,22,180,16.5725117104128,29.240031045898228,16.5725117104128,148.4019160270691,4,18,True,2
1485,25,22,195,17.899040857640404,35.50003258089579,17.899040857640404,162.766317371279,5,18,True,10
1486,25,22,210,13.85893538792928,24.24967993601442,13.85893538792928,127.83722812309861,4,18,True,4
1487,25,22,225,15.46424031953017,24.55869913113844,15.46424031953017,136.8445153348148,4,18,True,2
1488,25,55,30,4.091064977645874,5.448737934593215,4.091064977645874,130.11357421055436,4,19,True,2
1489,25,55,45,12.847558278342088,21.017702537100615,12.847558278342088,124.86866209656,4,19,True,2
1490,25,55,60,10.334652159611384,13.86088196062744,10.334652159611384,139.02311585843563,4,18,True,4
1491,25,55,75,14.924667159716288,20.216414074284806,14.924667159716288,189.89890906959772,5,18,True,10
1492,25,55,90,27.50600436528524,36.54937727412244,27.50600436528524,143.48574681207538,4,18,True,2
1493,25,55,105,13.003061230977377,22.92476825792228,13.003061230977377,136.0711818560958,4,19,True,2
1494,25,55,120,16.811972236633302,23.348095835233426,16.811972236633302,154.17420538142323,5,18,True,4
1495,25,55,135,4.443410380681356,5.363048409922107,4.443410380681356,115.2638248167932,4,19,True,2
1496,25,55,150,4.740316422780355,5.815166288076408,4.740316422780355,116.00421601906419,4,19,True,2
1497,25,55,165,13.070858093102773,28.00074892221826,13.070858093102773,99.29082216694951,4,19,True,2
1498,25,55,180,27.0813303326567,45.22898087950342,27.0813303326567,123.55733197182417,5,18,True,10
1499,25,55,195,31.353993741671243,50.72519429460373,31.353993741671243,98.97360112518072,4,18,True,4
1500,25,55,210,17.441282375653586,33.316882961433215,17.441282375653586,98.16775703802705,4,19,True,2
1501,25,55,225,18.649796334902444,28.60948525708275,18.649796334902444,99.31884426623583,4,18,True,4
1502,25,4,30,6.792237990101179,9.74449973695008,6.792237990101179,98.71459193527699,4,19,True,2
1503,25,4,45,6.053114309037725,8.809869357059833,6.053114309037725,99.1961220279336,4,18,True,4
1504,25,4,60,3.307356337706248,4.684516783614259,3.307356337706248,98.3739267103374,4,19,True,2
1505,25,4,75,2.4151407569646834,3.2664832233234042,2.4151407569646834,98.2865821570158,4,19,True,2
1506,25,4,90,12.08823711189131,18.61103695985283,12.08823711189131,98.2458246871829,4,19,True,2
1507,25,4,105,33.663400109608965,51.28296948137725,33.663400109608965,122.75881180539727,5,18,True,4
1508,25,4,120,14.508144038915635,21.942170908919326,14.508144038915635,98.65339519456029,4,18,True,2
1509,25,4,135,42.97702983220418,69.85328404753811,42.97702983220418,124.09259378910065,5,17,True,10
1510,25,4,150,10.631501718362172,16.28605686338552,10.631501718362172,100.13628005981445,4,18,True,2
1511,25,4,165,15.967483774820964,24.17052702001893,15.967483774820964,98.51132705807686,4,19,True,2
1512,25,4,180,18.340040024121603,29.512218694303883,18.340040024121603,99.34914205223322,4,18,True,4
1513,25,4,195,20.611943231523036,34.449965402627626,20.611943231523036,98.89358095824718,4,18,True,2
1514,25,4,210,14.388312017545104,22.93408451975326,14.388312017545104,98.3030628412962,4,18,True,2
1515,25,4,225,18.48519122004509,29.137348257569176,18.48519122004509,99.03195174410939,4,18,True,4
1516,25,45,30,3.7400728940963743,4.8489702891275686,3.7400728940963743,98.06670621037483,4,19,True,2
1517,25,45,45,3.569867960611979,4.847682236486954,3.569867960611979,97.87261905148625,4,19,True,2
1518,25,45,60,3.285375459988912,4.491148623381751,3.285375459988912,98.07404968887568,4,19,True,2
1519,25,45,75,4.4175928672154745,9.272707644235572,4.4175928672154745,97.91321586817503,4,19,True,2
1520,25,45,90,32.30516129334767,55.95042123604275,32.30516129334767,97.79132483527064,4,19,True,2
1521,25,45,105,16.093516018924614,21.424117620662376,16.093516018924614,123.19505726918578,5,18,True,4
1522,25,45,120,7.200989936323215,10.645825493916622,7.200989936323215,98.20368466898799,4,19,True,2
1523,25,45,135,7.062490342215946,9.879280286097398,7.062490342215946,98.11466606333852,4,19,True,2
1524,25,45,150,24.996198970079423,50.399469143360804,24.996198970079423,98.48156105726957,4,19,True,2
1525,25,45,165,40.84372482250134,62.48802863594182,40.84372482250134,124.14184771478176,5,17,True,10
1526,25,45,180,17.18658059587081,26.911932485822213,17.18658059587081,123.2304940931499,5,18,True,4
1527,25,45,195,29.55268431107203,43.67405420816899,29.55268431107203,99.19312689453363,4,18,True,4
1528,25,45,210,19.142124509811403,24.714749196148887,19.142124509811403,98.32417406141758,4,19,True,2
1529,25,45,225,13.947951443990071,19.36692771896583,13.947951443990071,97.97145612537861,4,19,True,2
1530,25,60,30,22.24537060285608,39.38366013654571,22.24537060285608,98.39603863656521,4,19,True,4
1531,25,60,45,16.351644664257766,24.86463267355676,16.351644664257766,99.76096078753471,4,18,True,4
1532,25,60,60,40.92657367214561,66.84259608167913,40.92657367214561,99.34792015701532,4,18,True,2
1533,25,60,75,7.806865723927816,9.643082281099732,7.806865723927816,99.08315818756819,4,18,True,4
1534,25,60,90,8.96316855251789,15.338300207478229,8.96316855251789,98.48910477012396,4,19,True,2
1535,25,60,105,5.637944379448891,9.45495171462301,5.637944379448891,99.31729221716523,4,18,True,4
1536,25,60,120,5.2725181834151345,5.936216707796854,5.2725181834151345,98.93311513587832,4,18,True,4
1537,25,60,135,17.389461994667847,29.64712657211083,17.389461994667847,98.00866665318608,4,19,True,2
1538,25,60,150,12.21977497736613,17.424446439610957,12.21977497736613,98.66057895123959,4,18,True,4
1539,25,60,165,5.800341924031575,8.783751405316304,5.800341924031575,98.71618496254086,4,18,True,2
1540,25,60,180,11.10988575220108,18.461940714187453,11.10988575220108,98.47309486940503,4,19,True,2
1541,25,60,195,9.510616648197175,20.4121204035039,9.510616648197175,99.4611638598144,4,18,True,4
1542,25,60,210,28.994323952992758,40.44176306953387,28.994323952992758,98.89384126290679,4,18,True,2
1543,25,60,225,18.776610120137533,28.217653653280454,18.776610120137533,99.1569678299129,4,18,True,2
1544,25,26,30,17.710378728310268,27.372829777608324,17.710378728310268,99.41275184974074,4,18,True,4
1545,25,26,45,26.80779948135217,39.519885735252146,26.80779948135217,124.19401621446013,5,17,True,4
1546,25,26,60,6.026582573850949,7.302463932982301,6.026582573850949,98.22295093908906,4,19,True,2
1547,25,26,75,10.814173029611508,20.261829607094324,10.814173029611508,98.30833319574594,4,19,True,2
1548,25,26,90,14.526982161790754,24.116680969001365,14.526982161790754,99.14636891335249,4,18,True,4
1549,25,26,105,5.126850930865233,6.117513983247428,5.126850930865233,98.34385989233851,4,19,True,2
1550,25,26,120,5.3879286527633665,9.212782460078138,5.3879286527633665,98.3994547277689,4,19,True,2
1551,25,26,135,17.35944915264845,29.459485499644103,17.35944915264845,98.47823390737176,4,19,True,2
1552,25,26,150,24.560558424393335,34.63680650962106,24.560558424393335,98.39049819856882,4,19,True,2
1553,25,26,165,23.486375617980958,35.63239099498353,23.486375617980958,98.79502328112721,4,18,True,2
1554,25,26,180,34.605717130253716,54.23320867491689,34.605717130253716,98.9740421064198,4,18,True,2
1555,25,26,195,22.881498042214663,37.382564702313914,22.881498042214663,98.97034522145987,4,18,True,4
1556,25,26,210,12.537872435649236,18.24961514502855,12.537872435649236,99.03974598273635,4,18,True,2
1557,25,26,225,15.760235581174493,23.443255763886047,15.760235581174493,99.02635216712952,4,18,True,2
1558,25,21,30,4.31003969113032,4.980599711348121,4.31003969113032,98.30070938915014,4,19,True,2
1559,25,21,45,3.70366233587265,4.5169603389677375,3.70366233587265,97.85910323262215,4,19,True,2
1560,25,21,60,3.9672930320103963,4.891680195257779,3.9672930320103963,97.89557196199894,4,19,True,2
1561,25,21,75,3.700711699326833,4.62834325393095,3.700711699326833,98.73718395829201,4,19,True,2
1562,25,21,90,3.6810786286989847,4.632867696452837,3.6810786286989847,98.1050981208682,4,19,True,2
1563,25,21,105,3.7134851376215616,4.701710930469626,3.7134851376215616,98.06872997432947,4,19,True,2
1564,25,21,120,3.749089785416921,4.73640574649045,3.749089785416921,97.94357279315591,4,19,True,2
1565,25,21,135,3.7218432426452637,4.687931973220659,3.7218432426452637,97.84919489175081,4,19,True,2
1566,25,21,150,3.7478875120480857,4.6890611738816705,3.7478875120480857,98.06474344804883,4,19,True,2
1567,25,21,165,3.4573367456595103,4.306642028403501,3.4573367456595103,97.87094593048096,4,19,True,2
1568,25,21,180,26.12425985612596,51.558181982852666,26.12425985612596,98.08327769860625,4,19,True,2
1569,25,21,195,19.590075332516182,32.814215513609646,19.590075332516182,123.11760988086462,5,18,True,10
1570,25,21,210,6.044404875238737,8.278786864047113,6.044404875238737,98.26121293008327,4,19,True,2
1571,25,21,225,18.304559092223645,38.96013791937944,18.304559092223645,98.8028678111732,4,19,True,2
1572,25,44,30,2.8694916158914565,4.181687692913272,2.8694916158914565,98.47374586388469,4,19,True,2
1573,25,44,45,9.441383903225264,12.33099883161797,9.441383903225264,98.30185072496533,4,19,True,2
1574,25,44,60,9.096663803731401,17.586636161369153,9.096663803731401,98.10312511399388,4,19,True,2
1575,25,44,75,11.652009835590919,20.69467692202973,11.652009835590919,99.05416378751397,4,18,True,4
1576,25,44,90,14.674776229308918,24.027920425696262,14.674776229308918,123.40159760788083,5,18,True,10
1577,25,44,105,4.220986193573723,5.067026884798045,4.220986193573723,98.08357711881399,4,19,True,2
1578,25,44,120,4.66879460910956,7.096401636723084,4.66879460910956,98.25719706714153,4,19,True,2
1579,25,44,135,5.136660109460354,6.313832413086141,5.136660109460354,98.29262318089604,4,19,True,2
1580,25,44,150,5.19754416445891,6.701092260953073,5.19754416445891,98.3483293093741,4,19,True,2
1581,25,44,165,5.300790406018495,6.501551947259861,5.300790406018495,98.49069779738784,4,19,True,2
1582,25,44,180,5.76025905807813,8.08383959933877,5.76025905807813,98.24333991855383,4,19,True,2
1583,25,44,195,8.26240288366874,15.953315790686004,8.26240288366874,99.90847995504737,4,18,True,2
1584,25,44,210,18.804583072662354,31.06019856678737,18.804583072662354,100.03680223599076,4,19,True,2
1585,25,44,225,10.760140124708414,12.87745600116338,10.760140124708414,99.17783830314875,4,18,True,2
1586,25,23,30,5.122716025511424,7.641532088874327,5.122716025511424,98.14651729539037,4,19,True,2
1587,25,23,45,19.330815390745798,35.45673873233708,19.330815390745798,98.20614010095596,4,19,True,2
1588,25,23,60,60.637687894701955,97.64098209556995,60.637687894701955,124.58062777295709,5,16,True,4
1589,25,23,75,21.9058203086257,43.112381329020025,21.9058203086257,123.28602885827422,5,18,True,4
1590,25,23,90,28.931482628484567,50.96670257300391,28.931482628484567,99.37841724604368,4,18,True,2
1591,25,23,105,50.57243196715911,83.96901132776517,50.57243196715911,124.96436294168234,5,17,True,10
1592,25,23,120,20.16903254389763,27.434295737986393,20.16903254389763,99.21136079356074,4,18,True,4
1593,25,23,135,3.649555838108063,4.62282663029074,3.649555838108063,99.0984570235014,4,18,True,4
1594,25,23,150,15.20061810016632,19.72129701271235,15.20061810016632,98.65613095462322,4,18,True,2
1595,25,23,165,7.685716488336523,9.006399189901163,7.685716488336523,98.65046106278896,4,18,True,2
1596,25,23,180,3.9595355757822595,4.657277021299191,3.9595355757822595,98.6711997538805,4,18,True,2
1597,25,23,195,8.523436916371187,12.430072118445501,8.523436916371187,97.98099286854267,4,19,True,2
1598,25,23,210,7.200066834067305,12.951811811548724,7.200066834067305,98.53759687393904,4,18,True,2
1599,25,23,225,40.06564456354827,70.23555138279426,40.06564456354827,97.95085713267326,4,19,True,2
1600,25,53,30,23.979885057142624,38.50588700170035,23.979885057142624,99.06022530049086,4,18,True,2
1601,25,53,45,50.996960002680616,76.16907539533537,50.996960002680616,98.88253919780254,4,18,True,4
1602,25,53,60,17.01852447912097,26.06388039401575,17.01852447912097,98.63988077268004,4,18,True,2
1603,25,53,75,23.02943329786261,34.95426677722506,23.02943329786261,99.01151293888688,4,18,True,4
1604,25,53,90,19.564623657862345,30.725918431636472,19.564623657862345,98.66721229627728,4,18,True,2
1605,25,53,105,26.569020939369995,42.780013715495365,26.569020939369995,99.04789179563522,4,18,True,2
1606,25,53,120,14.520665669192871,23.287352671032078,14.520665669192871,98.72028231620789,4,18,True,4
1607,25,53,135,11.160260467976332,13.55263604121672,11.160260467976332,98.65685272961855,4,18,True,2
1608,25,53,150,6.2468627770741785,8.797792404241678,6.2468627770741785,98.7642859108746,4,18,True,2
1609,25,53,165,9.899245051046213,12.375151311888903,9.899245051046213,98.94416620954871,4,18,True,2
1610,25,53,180,4.153787022829055,5.555362431656942,4.153787022829055,99.25311990082264,4,18,True,2
1611,25,53,195,8.699770053025956,14.329863856231317,8.699770053025956,99.11580011248589,4,18,True,2
1612,25,53,210,6.544969005316186,10.067970909152029,6.544969005316186,98.81641389802098,4,18,True,2
1613,25,53,225,5.307812907764068,8.629555369652952,5.307812907764068,98.99791702628136,4,18,True,2
1614,25,84,30,5.376951471964518,5.982494627125459,5.376951471964518,98.46960799768567,4,19,True,2
1615,25,84,45,19.144829238454502,34.87011292412192,19.144829238454502,99.92348775267601,4,19,True,2
1616,25,84,60,33.971862244606015,50.38605005378087,33.971862244606015,123.2374869287014,5,18,True,4
1617,25,84,75,16.6983402411143,25.693756221756,16.6983402411143,98.91411894932389,4,18,True,2
1618,25,84,90,19.307798040906587,32.878030389100665,19.307798040906587,99.06944213435054,4,18,True,2
1619,25,84,105,44.116405150294305,65.19588465433674,44.116405150294305,99.00651359930634,4,18,True,2
1620,25,84,120,5.481891934076945,6.255337023129799,5.481891934076945,98.45998929813504,4,19,True,2
1621,25,84,135,5.824127276738484,6.559378962250274,5.824127276738484,98.15296903252602,4,19,True,2
1622,25,84,150,5.702301438649496,6.4585926910608835,5.702301438649496,98.09831622987986,4,19,True,2
1623,25,84,165,13.605311057964961,26.972178215301824,13.605311057964961,98.67731109261513,4,19,True,2
1624,25,84,180,39.07055619309346,54.49582188370568,39.07055619309346,123.57080820947886,5,18,True,4
1625,25,84,195,15.460913988699515,22.617977104839472,15.460913988699515,123.3994928188622,5,18,True,4
1626,25,84,210,38.322923325747254,56.73787933568798,38.322923325747254,98.09886617586017,4,19,True,2
1627,25,84,225,15.94869777361552,18.945799850969614,15.94869777361552,123.71913902461529,5,18,True,10
1628,25,59,30,6.883056284983953,14.558869704959113,6.883056284983953,98.38301409035921,4,19,True,2
1629,25,59,45,37.7263100450548,60.58098186616833,37.7263100450548,99.17746717110276,4,18,True,2
1630,25,59,60,10.597925034662088,19.657227594995994,10.597925034662088,98.26538106426597,4,19,True,2
1631,25,59,75,21.449368812143803,36.51248075502195,21.449368812143803,98.5387391410768,4,18,True,2
1632,25,59,90,39.90729630912344,64.66667296024771,39.90729630912344,123.94658895209432,5,18,True,10
1633,25,59,105,8.690952082847556,16.71363233610218,8.690952082847556,98.93748303875327,4,18,True,4
1634,25,59,120,24.27276263256402,41.853691786474634,24.27276263256402,98.9822382107377,4,18,True,2
1635,25,59,135,5.1799646804730095,5.993483262238039,5.1799646804730095,98.08114403858781,4,19,True,2
1636,25,59,150,3.5851394792397815,5.141108235460097,3.5851394792397815,98.13030576333404,4,19,True,2
1637,25,59,165,17.52916542092959,37.08671213898351,17.52916542092959,98.04098820313811,4,19,True,2
1638,25,59,180,11.190794405356671,17.593533761766015,11.190794405356671,98.88037526980042,4,18,True,4
1639,25,59,195,38.218760530402264,69.02426888732863,38.218760530402264,98.20778202265501,4,19,True,2
1640,25,59,210,21.362384660790365,35.03302996996803,21.362384660790365,98.965376149863,4,18,True,4
1641,25,59,225,15.432693125163981,25.95988920211162,15.432693125163981,98.9003530703485,4,18,True,2
1642,25,49,30,42.626573298374815,57.584322348225115,42.626573298374815,123.92286397516727,5,18,True,4
1643,25,49,45,18.636053666472435,26.07265339511092,18.636053666472435,98.9156011492014,4,18,True,4
1644,25,49,60,23.70779733558496,43.192828428661294,23.70779733558496,98.58073806390166,4,18,True,2
1645,25,49,75,11.875898284713427,18.70272440693185,11.875898284713427,123.44989879056811,5,18,True,10
1646,25,49,90,25.989639740188917,40.35990880809751,25.989639740188917,98.7209128215909,4,18,True,2
1647,25,49,105,45.50319351454576,73.8519190839168,45.50319351454576,123.48062824457884,5,18,True,10
1648,25,49,120,31.580406292279562,49.816794396062924,31.580406292279562,124.28369605913758,5,17,True,4
1649,25,49,135,26.019735915462174,36.63677096068627,26.019735915462174,99.39923603087664,4,18,True,2
1650,25,49,150,14.622957170009613,19.432186539386983,14.622957170009613,98.94468728452921,4,18,True,2
1651,25,49,165,13.768940033515294,16.57813787750433,13.768940033515294,99.3423592299223,4,18,True,4
1652,25,49,180,24.4432475566864,28.60187523251703,24.4432475566864,99.25468266010284,4,18,True,4
1653,25,49,195,12.909004147847494,14.079939678163333,12.909004147847494,99.46559183299541,4,18,True,2
1654,25,49,210,12.075498421986898,18.187560208121816,12.075498421986898,99.03780277818441,4,18,True,2
1655,25,49,225,11.73137181599935,15.016762231966286,11.73137181599935,98.97938324138522,4,18,True,2
1656,25,7,30,16.370833629866443,33.78313136683828,16.370833629866443,98.36617205291986,4,19,True,2
1657,25,7,45,33.34733729759852,49.33047283608237,33.34733729759852,123.80198482424021,5,18,True,10
1658,25,7,60,59.24371427893639,88.12105800994237,59.24371427893639,123.79071302711964,5,18,True,4
1659,25,7,75,29.538934848209223,34.292238578644394,29.538934848209223,124.3053381331265,5,17,True,10
1660,25,7,90,35.39733858406544,54.543312828685636,35.39733858406544,123.71924798935652,5,17,True,2
1661,25,7,105,20.857948645949364,28.360612637005936,20.857948645949364,97.98535192385316,4,19,True,2
1662,25,7,120,23.8171799937884,33.61512364964337,23.8171799937884,99.29342707619071,4,18,True,2
1663,25,7,135,12.627314192056655,16.447260314746565,12.627314192056655,98.03620865568519,4,19,True,2
1664,25,7,150,16.10868284900983,21.53286619678748,16.10868284900983,99.13255227729678,4,18,True,4
1665,25,7,165,5.291517186164856,6.222404878294479,5.291517186164856,98.10786368325353,4,19,True,2
1666,25,7,180,8.468084415296714,14.487676006107966,8.468084415296714,97.97135507687926,4,19,True,2
1667,25,7,195,38.889233382542926,57.7756906138879,38.889233382542926,123.68490314111114,5,18,True,4
1668,25,7,210,19.67702849706014,27.62124136304149,19.67702849706014,99.01559073477983,4,18,True,2
1669,25,7,225,19.717506980895998,27.943109562996185,19.717506980895998,99.13019789382815,4,18,True,2
1670,25,47,30,2.9412386894226072,4.219334581590959,2.9412386894226072,98.44343923032284,4,19,True,2
1671,25,47,45,13.806902106602987,33.303962931743335,13.806902106602987,98.2615640386939,4,19,True,2
1672,25,47,60,36.65300011535486,56.36090231037219,36.65300011535486,98.71278889477253,4,18,True,2
1673,25,47,75,20.556936404605707,35.76624470318979,20.556936404605707,98.95288199186325,4,18,True,2
1674,25,47,90,57.53555688311656,89.82660410230174,57.53555688311656,124.38930571079254,5,17,True,10
1675,25,47,105,12.812571531534195,22.273944236429372,12.812571531534195,98.91373803839087,4,18,True,2
1676,25,47,120,12.92667063077291,21.97636242278623,12.92667063077291,99.11281475797296,4,18,True,2
1677,25,47,135,12.77225460211436,22.086498430764436,12.77225460211436,99.77083001285791,4,18,True,2
1678,25,47,150,12.403898480534554,21.848249676025038,12.403898480534554,99.19473994523287,4,18,True,2
1679,25,47,165,12.430634920299052,21.675174552945325,12.430634920299052,99.1608458571136,4,18,True,2
1680,25,47,180,25.430529204507668,48.866411966561394,25.430529204507668,99.45804765447974,4,18,True,2
1681,25,47,195,24.610977445046107,35.86802781451021,24.610977445046107,99.25146726891398,4,18,True,4
1682,25,47,210,13.508621492609382,21.53853287503607,13.508621492609382,99.30252376943827,4,18,True,4
1683,25,47,225,14.161276179055372,22.20522938151261,14.161276179055372,99.4617035612464,4,18,True,2
1684,25,30,30,6.398457335059842,8.643931375924685,6.398457335059842,98.21138018742204,4,19,True,2
1685,25,30,45,3.9885967284440995,4.9853601035065065,3.9885967284440995,98.32352213561535,4,19,True,2
1686,25,30,60,2.8071629484494527,3.851706173557136,2.8071629484494527,98.34613371640444,4,19,True,2
1687,25,30,75,3.555003697425127,4.43764045500045,3.555003697425127,98.54443976655602,4,19,True,2
1688,25,30,90,2.694226799408595,3.5588243844542045,2.694226799408595,100.76715517789125,4,19,True,2
1689,25,30,105,3.0389336089293164,4.70240653742296,3.0389336089293164,98.44318917021155,4,19,True,2
1690,25,30,120,2.974573818221688,4.017811219775932,2.974573818221688,98.49717002362013,4,19,True,2
1691,25,30,135,3.4381529837846756,4.600719598674949,3.4381529837846756,98.63690519705415,4,19,True,2
1692,25,30,150,3.3337288324100274,4.2467852955384,3.3337288324100274,98.43673603609204,4,19,True,2
1693,25,30,165,4.562910169642419,7.37788553809906,4.562910169642419,98.32648700103164,4,19,True,2
1694,25,30,180,3.1008140818526346,4.16644361430691,3.1008140818526346,98.18061208352447,4,19,True,2
1695,25,30,195,4.125673672370612,4.991417005337489,4.125673672370612,98.27474923804402,4,19,True,2
1696,25,30,210,4.002803494098286,4.998363883842742,4.002803494098286,98.151626996696,4,19,True,2
1697,25,30,225,2.643911967550715,3.8309382959511225,2.643911967550715,98.63003203645349,4,19,True,2
