sample_id,video,user,timestep,selector,mae,upstream_mse,corrected_mse,mean_angular_error,evaluation_loss,absolute_error_sum,upstream_squared_error_sum,corrected_squared_error_sum,element_count,latency_ms,selector_latency_ms,prediction_sha256,finite
0,4,83,30,original,14.193378448486328,414.0462341308594,414.0462341308594,14.193378448486328,0.0155792236328125,851.6026611328125,24842.7734375,24842.7734375,60,731.9624829106033,0.0,681a39836b75a051338d8c8dce73dad8433e1dcd3fd184bc510a87874d2f5537,True
1,4,83,45,original,20.806537628173828,691.71435546875,691.71435546875,20.806537628173828,0.022613525390625,1248.3922119140625,41502.859375,41502.859375,60,625.0379490666091,0.0,24335eaed999432a6ff39b3d78b9f8d07c385a533b79f8712cd4fb243da7343e,True
2,4,83,60,original,12.563176155090332,259.5897216796875,259.5897216796875,12.563176155090332,0.00885772705078125,753.79052734375,15575.3818359375,15575.3818359375,60,668.1247390806675,0.0,1abdf4cefeeda68a7579ce037358bcab0f33bcc8157c458e0bec68d763fdd6e5,True
3,4,83,75,original,22.06389617919922,1061.064697265625,1061.064697265625,22.06389617919922,0.034942626953125,1323.833740234375,63663.875,63663.875,60,628.0316743068397,0.0,51b3178e889ccba5085d86a2807e98f99908f3e58c2d81e469d2dbc2ee9f35e5,True
4,4,83,90,original,27.605815887451172,10423.4912109375,2031.9495849609375,27.605815887451172,0.32421875,1656.348876953125,625409.4375,121916.96875,60,611.5191080607474,0.0,5dc1a27b3b6c3bf34dc633fe03e3eef7f2a6882be2a28dcf8f4f41b7d6dd4005,True
5,4,83,105,original,50.663169860839844,14314.7919921875,6843.072265625,50.663169860839844,0.44384765625,3039.7900390625,858887.5,410584.3125,60,620.4091953113675,0.0,dbdb97961c531013ece294db873d1a70f28001d4b99af0997fed2f79a8b090ed,True
6,4,83,120,original,16.510482788085938,465.8707275390625,465.8707275390625,16.510482788085938,0.017303466796875,990.6289672851562,27952.2421875,27952.2421875,60,610.3093777783215,0.0,65d082cfda00ccf4eea3970e80692ab4f7d0813ab43255df44054b4d7d41921b,True
7,4,83,135,original,3.592475175857544,26.908084869384766,26.908084869384766,3.592475175857544,0.0011930465698242188,215.54849243164062,1614.4849853515625,1614.4849853515625,60,610.7360739260912,0.0,cae847dfa6607537c55790e0063e9d97e8f0a70674793056bddc45d0f7a623b0,True
8,4,83,150,original,11.36958122253418,272.6891784667969,272.6891784667969,11.36958122253418,0.0092315673828125,682.1748657226562,16361.349609375,16361.349609375,60,631.4433268271387,0.0,88070547222c8db5593a7ee967c3cc01f310d90346e9e7b399d70c213b24d71d,True
9,4,83,165,original,15.063556671142578,443.7442321777344,443.7442321777344,15.063556671142578,0.01467132568359375,903.8133544921875,26624.65234375,26624.65234375,60,610.405236016959,0.0,18d57f99e8018203d094f7abe284fd40b0dd1666379476743fbf7a7162f4c223,True
10,4,83,180,original,28.79372215270996,2219.41162109375,2219.41162109375,28.79372215270996,0.07183837890625,1727.623291015625,133164.6875,133164.6875,60,610.1083783432841,0.0,bdd22d888e6c190efeee2230f2346d43d37f44ac28121aee491021a3c3599d6f,True
11,4,83,195,original,9.337054252624512,139.3142852783203,139.3142852783203,9.337054252624512,0.00673675537109375,560.2232055664062,8358.8564453125,8358.8564453125,60,615.878202021122,0.0,ef0f1ec3a8f9d5b8a7528dda3e8efd66838ee295c1ccaf986ddcc370f6b14eff,True
12,4,83,210,original,11.308853149414062,301.50518798828125,301.50518798828125,11.308853149414062,0.009796142578125,678.5311279296875,18090.310546875,18090.310546875,60,616.2493391893804,0.0,6122f0266e52d22aed5bde16b0b82891f98d9183e51a65a4d127dbf56a22c088,True
13,4,83,225,original,30.415468215942383,9552.841796875,2190.80712890625,30.415468215942383,0.296630859375,1824.927978515625,573170.5,131448.421875,60,609.0663974173367,0.0,77742f9b4ea18d29370a85f5a299ac323254a8b3a49da8a0938a25b9f7d0c072,True
14,4,15,30,original,15.711532592773438,372.61376953125,372.61376953125,15.711532592773438,0.0120697021484375,942.69189453125,22356.82421875,22356.82421875,60,609.8765498027205,0.0,2bb9fa05ec909cba037e93be0b623bfacfb3b1c8633d5978d0b58dd85af88781,True
15,4,15,45,original,6.914297103881836,63.49771499633789,63.49771499633789,6.914297103881836,0.002887725830078125,414.8578186035156,3809.86279296875,3809.86279296875,60,616.482827346772,0.0,31d3f1e63e4d3d16276e18ac92b7213f9fca863a0859ca05ae6661d50a88f2a2,True
16,4,15,60,original,1.1433401107788086,3.1565070152282715,3.1565070152282715,1.1433401107788086,0.00010371208190917969,68.60040283203125,189.39041137695312,189.39041137695312,60,610.9631010331213,0.0,81b75b6b03ba514a7e77348e938eebe0c263e0c3fa7a6542853593b33f7f3db7,True
17,4,15,75,original,1.0806066989898682,2.8407747745513916,2.8407747745513916,1.0806066989898682,9.733438491821289e-05,64.83639526367188,170.44647216796875,170.44647216796875,60,605.0159898586571,0.0,fb20f6840c4f0c125ce06c96318a353ccc5934487fe8b50bf38ee958c77f0870,True
18,4,15,90,original,1.056399941444397,3.188939094543457,3.188939094543457,1.056399941444397,0.00010323524475097656,63.383995056152344,191.33633422851562,191.33633422851562,60,636.5136341191828,0.0,0254e8ecd9b706c0fd601dca289eb636025d96e92e91e0ffeba608bf6b46cd0f,True
19,4,15,105,original,6.718852996826172,145.3111114501953,145.3111114501953,6.718852996826172,0.0050811767578125,403.13116455078125,8718.666015625,8718.666015625,60,608.6621102876961,0.0,8ae196ee5c5b217437c38c22ec7d4d45b9aa7f4a8c1f99cd71a08faeb7745138,True
20,4,15,120,original,12.208189964294434,327.38616943359375,327.38616943359375,12.208189964294434,0.01027679443359375,732.4913330078125,19643.169921875,19643.169921875,60,609.5780222676694,0.0,ebf20803622dcede640ced20074832a4d61575414b61d163e69859cb2905b9ea,True
21,4,15,135,original,1.662102222442627,4.208186149597168,4.208186149597168,1.662102222442627,0.00021827220916748047,99.72612762451172,252.49114990234375,252.49114990234375,60,609.7427411004901,0.0,dc222d9ba2a93707322c1d71e71cf3352a517b2983d60a87df762eec777febb5,True
22,4,15,150,original,0.959523618221283,1.9719252586364746,1.9719252586364746,0.959523618221283,6.759166717529297e-05,57.571414947509766,118.31550598144531,118.31550598144531,60,614.0662059187889,0.0,47ab2ed6539fae6191e0a42ea1ccbd131d9a3a50bad36639312c2ab19c5683e2,True
23,4,15,165,original,6.834769248962402,174.7403564453125,174.7403564453125,6.834769248962402,0.005542755126953125,410.08612060546875,10484.4208984375,10484.4208984375,60,615.6708928756416,0.0,8a8461ac236ebccc9b620a77d72a355eefb752446ca706cb23b0dbfca76a5d9c,True
24,4,15,180,original,14.956843376159668,504.3510437011719,504.3510437011719,14.956843376159668,0.0166778564453125,897.4105834960938,30261.060546875,30261.060546875,60,616.0481898114085,0.0,e3b77d077d166bf0c0a27d50fd40f0f03730eac9c280591c5ec5f65d2a420b41,True
25,4,15,195,original,17.19696617126465,828.610595703125,828.610595703125,17.19696617126465,0.02581787109375,1031.81787109375,49716.6328125,49716.6328125,60,614.2061147838831,0.0,f8902c12ef628021a26c46b9e841f2c3f5183cd6006c240bf14a3ad4d8cfbea4,True
26,4,15,210,original,21.34538459777832,5017.86865234375,1320.1639404296875,21.34538459777832,0.156005859375,1280.7230224609375,301072.09375,79209.8359375,60,614.0277362428606,0.0,148922ae556cbfe9debe8daa8c9f9c5f39ff078218549a8284cc97d1da21a6b8,True
27,4,15,225,original,14.442448616027832,8044.55859375,821.7221069335938,14.442448616027832,0.2490234375,866.546875,482673.5,49303.32421875,60,612.1720806695521,0.0,2f20695c6ae5f443de9600181e302326fc3a7da704461e328a7e5b85da640d91,True
28,4,3,30,original,12.766718864440918,345.45989990234375,345.45989990234375,12.766718864440918,0.0137939453125,766.0031127929688,20727.59375,20727.59375,60,616.821862757206,0.0,f2ffa97b04d195f7eb60080f904ef8674d422f786a0227d498c1983e4299676d,True
29,4,3,45,original,17.318424224853516,500.48834228515625,500.48834228515625,17.318424224853516,0.01776123046875,1039.1053466796875,30029.298828125,30029.298828125,60,617.0926508493721,0.0,0441b3622ae461ffa9fb247941b22522285197b915b373710fb38c994fb385e2,True
30,4,3,60,original,8.575116157531738,83.94371032714844,83.94371032714844,8.575116157531738,0.003997802734375,514.5069580078125,5036.62255859375,5036.62255859375,60,611.9069419801235,0.0,99bc59cd578e8d146e103956c8da1b42f3765e0f3b553d68d017f281bb86bd24,True
31,4,3,75,original,6.229724884033203,70.86567687988281,70.86567687988281,6.229724884033203,0.0023040771484375,373.7834777832031,4251.9404296875,4251.9404296875,60,621.040509082377,0.0,e808e82a39a2e0f4233c895223073e2e4cb2f6196392cab4349aad8dd6cdbb69,True
32,4,3,90,original,2.6575958728790283,14.76771354675293,14.76771354675293,2.6575958728790283,0.0006031990051269531,159.45574951171875,886.062744140625,886.062744140625,60,625.6988109089434,0.0,e27222c57c270c288bde1dcf8d7051d050981ee3770f36504cf057ffd7b2d091,True
33,4,3,105,original,3.7820024490356445,29.501873016357422,29.501873016357422,3.7820024490356445,0.0009746551513671875,226.92013549804688,1770.1123046875,1770.1123046875,60,612.1018808335066,0.0,40a244a34bb39e002be33bd20b3a798bd3a8fd4d4dc1aefc854064027ba0a3ea,True
34,4,3,120,original,5.395112991333008,54.461055755615234,54.461055755615234,5.395112991333008,0.002422332763671875,323.7067565917969,3267.6630859375,3267.6630859375,60,611.7327539250255,0.0,9e8a84164d37ed1d28e04f6a4975158da5f59ba82d9aec935c825222f5d9c7ff,True
35,4,3,135,original,13.044830322265625,238.94839477539062,238.94839477539062,13.044830322265625,0.00901031494140625,782.6897583007812,14336.9033203125,14336.9033203125,60,612.0638810098171,0.0,b0acb83fa46ec1f04d366ff22018579884c020938e767a345b48f29f03ecf76e,True
36,4,3,150,original,11.750972747802734,271.07904052734375,271.07904052734375,11.750972747802734,0.00868988037109375,705.058349609375,16264.7421875,16264.7421875,60,612.4362279661,0.0,9d77ec5c0e9534430af4e9457837c24811cd6fd982253f4067c976de8bb19676,True
37,4,3,165,original,10.754783630371094,182.134521484375,182.134521484375,10.754783630371094,0.008148193359375,645.2869873046875,10928.0703125,10928.0703125,60,612.2518186457455,0.0,91a189194f73edce5e5262e9bd953e391d37d9bbd987be3a2654a0d6f63af452,True
38,4,3,180,original,6.765564441680908,127.70671081542969,127.70671081542969,6.765564441680908,0.004131317138671875,405.933837890625,7662.40234375,7662.40234375,60,610.4238252155483,0.0,f9a10e6d6fe7675a184bf2a8d5f7f9b9fba5fef0326ab4dcf927dc1ba3b3940b,True
39,4,3,195,original,8.116637229919434,124.10224914550781,124.10224914550781,8.116637229919434,0.00421905517578125,486.99822998046875,7446.134765625,7446.134765625,60,614.3659721128643,0.0,95b9ffef0f4c558b0c065ac79827bd954d0c8498a9b2acb03c8f06881a55bbbb,True
40,4,3,210,original,1.7196916341781616,4.034107685089111,4.034107685089111,1.7196916341781616,0.00026035308837890625,103.1814956665039,242.04644775390625,242.04644775390625,60,610.6344619765878,0.0,c6abc8dd03bc5dcea8e9a38a163ee903f1189122d86e059c29914fa5e2c4958f,True
41,4,3,225,original,3.2275631427764893,12.494102478027344,12.494102478027344,3.2275631427764893,0.0007719993591308594,193.65377807617188,749.6461181640625,749.6461181640625,60,609.9596871063113,0.0,7de62c07a117108c517f33b887b3a84c74b6d4cbc1f112108dfeb2e3eba63de2,True
42,4,35,30,original,9.24667739868164,126.80886840820312,126.80886840820312,9.24667739868164,0.004940032958984375,554.8005981445312,7608.53173828125,7608.53173828125,60,611.3723660819232,0.0,da314a835209e161697856fa832e2c7348894311fd315713cedfc989d8f3cc6c,True
43,4,35,45,original,3.412105083465576,19.86434555053711,19.86434555053711,3.412105083465576,0.0008006095886230469,204.72628784179688,1191.8607177734375,1191.8607177734375,60,609.8534679040313,0.0,4b859551fa2a606bebfee21bf35ed2afb2548a1bfd9972bf5b3071e601e92c8e,True
44,4,35,60,original,4.1405930519104,25.779146194458008,25.779146194458008,4.1405930519104,0.0010547637939453125,248.43557739257812,1546.7486572265625,1546.7486572265625,60,610.4947929270566,0.0,de29b6d4b3b6afd3be4b81cae5f17c2d40061b3090a4f23151fd92d3b2c9c27d,True
45,4,35,75,original,4.056817054748535,30.36313247680664,30.36313247680664,4.056817054748535,0.00122833251953125,243.4090118408203,1821.787841796875,1821.787841796875,60,610.6527619995177,0.0,f933ea6f81f4b4af04da563d3a88ec28276ef907927a044d85789751d72ff969,True
46,4,35,90,original,2.7140631675720215,37.040828704833984,37.040828704833984,2.7140631675720215,0.001232147216796875,162.84378051757812,2222.44970703125,2222.44970703125,60,609.459440689534,0.0,312862fea5c488c69f545e169636d4d85a0c87313ced561ea5957b17ed5f7980,True
47,4,35,105,original,6.164263725280762,70.94743347167969,70.94743347167969,6.164263725280762,0.0028209686279296875,369.8558044433594,4256.845703125,4256.845703125,60,609.4626220874488,0.0,38645bbb2f3b6261631b924caa644024d6d5e7dc5f4be50c55c8f198e9a08121,True
48,4,35,120,original,10.484187126159668,162.95681762695312,162.95681762695312,10.484187126159668,0.0077972412109375,629.0512084960938,9777.408203125,9777.408203125,60,611.6491430439055,0.0,cf70df498a84b1d79e48f5aca5d98e492d67d1f60bd6d03fc29431f2c2c98d40,True
49,4,35,135,original,2.9981508255004883,20.436813354492188,20.436813354492188,2.9981508255004883,0.0006923675537109375,179.8890380859375,1226.208740234375,1226.208740234375,60,606.2267068773508,0.0,225ded5f0b307a2a873c39b8114e35530b9da712d310018e2cf366cc9fe56e50,True
50,4,35,150,original,5.031157493591309,38.811378479003906,38.811378479003906,5.031157493591309,0.0015821456909179688,301.86944580078125,2328.6826171875,2328.6826171875,60,607.1214596740901,0.0,544561cdf66b0ad8341a620b26e5dbb8546c5fa254fbf8c5e897b3042e6168ce,True
51,4,35,165,original,15.103363037109375,458.0256042480469,458.0256042480469,15.103363037109375,0.016754150390625,906.2017211914062,27481.53515625,27481.53515625,60,608.8919462636113,0.0,7b1da42eb00e931af33565da99cc0cf3f4e0cd45f65139c8b3de52da0151f7f8,True
52,4,35,180,original,20.6929988861084,1220.52294921875,1220.52294921875,20.6929988861084,0.040924072265625,1241.579833984375,73231.375,73231.375,60,614.8310070857406,0.0,050e2b118812a6ceeac7d4cf6c58a2d9d4e66d016cce4b6738c968ed85111a45,True
53,4,35,195,original,7.414897918701172,165.8199920654297,165.8199920654297,7.414897918701172,0.005451202392578125,444.89385986328125,9949.19921875,9949.19921875,60,627.5384440086782,0.0,97841bf13e2a0b0b7046c4b127fa7e42c8944c1171b5dcdd57fb803292bdbfff,True
54,4,35,210,original,6.573702335357666,56.530033111572266,56.530033111572266,6.573702335357666,0.0024890899658203125,394.422119140625,3391.8017578125,3391.8017578125,60,613.2339900359511,0.0,774203681f23ab719508ec9c3cbb62dc2f340522ec2d425c30da70a7a912f8aa,True
55,4,35,225,original,3.4223108291625977,43.153564453125,43.153564453125,3.4223108291625977,0.0014066696166992188,205.33863830566406,2589.213623046875,2589.213623046875,60,611.7587918415666,0.0,b4e424667ad79457f3362a84a978d302e7454986d3d0c8af0181af36b39595f8,True
56,4,48,30,original,5.6328125,68.9302749633789,68.9302749633789,5.6328125,0.0030422210693359375,337.9687194824219,4135.81640625,4135.81640625,60,611.5382029674947,0.0,6406a1d9782da86a82e36e31476e175633744e52ce42926a7d72cd4abc5606f7,True
57,4,48,45,original,15.426681518554688,524.9179077148438,524.9179077148438,15.426681518554688,0.0180206298828125,925.600830078125,31495.07421875,31495.07421875,60,611.6145327687263,0.0,c3b2d85be7e6244e59649edfc1937a3e0fb194ac8fc0c6cd4ed20e15e89796e2,True
58,4,48,60,original,12.758455276489258,387.7648620605469,387.7648620605469,12.758455276489258,0.01277923583984375,765.5072631835938,23265.890625,23265.890625,60,615.9406877122819,0.0,3ee4f667a938e8588f217c85fc7ebb8304e45aee972d4807c8281b5af2799183,True
59,4,48,75,original,5.012699127197266,67.17599487304688,67.17599487304688,5.012699127197266,0.0021686553955078125,300.7619323730469,4030.5595703125,4030.5595703125,60,610.1759341545403,0.0,b6ecacb8b7135ab5b592d70ed7d0e806b3c8c652aa8fb44e694b7bf489fe29a9,True
60,4,48,90,original,3.97928786277771,23.49462890625,23.49462890625,3.97928786277771,0.0013608932495117188,238.75726318359375,1409.6776123046875,1409.6776123046875,60,610.3194132447243,0.0,311c5518d92c5790b4e10e57871023de52c0e3196006c0ee68d146fc42ac4117,True
61,4,48,105,original,7.570677757263184,133.71192932128906,133.71192932128906,7.570677757263184,0.004955291748046875,454.2406311035156,8022.71533203125,8022.71533203125,60,610.395803116262,0.0,0be1aa7cd9960ab1616a4efb66baae0f5cb9d6ad4396932db91c79ba19a4d468,True
62,4,48,120,original,24.172679901123047,1439.0614013671875,1439.0614013671875,24.172679901123047,0.04718017578125,1450.3607177734375,86343.6796875,86343.6796875,60,610.4149329476058,0.0,79389d8fd035b5b0c4b743c2db5723f4eae6ad6038023138dd830049658921a3,True
63,4,48,135,original,18.14166831970215,560.2332153320312,560.2332153320312,18.14166831970215,0.0181732177734375,1088.5,33613.9921875,33613.9921875,60,616.3836042396724,0.0,625aed53d14df808bbcab830128d2bfc64141e8ce7c30667de14b62e08f5a56a,True
64,4,48,150,original,12.292047500610352,250.13604736328125,250.13604736328125,12.292047500610352,0.01459503173828125,737.5228271484375,15008.162109375,15008.162109375,60,611.1979959532619,0.0,6642b6c4a7f6d0217ca1f1c2dfe341358f81dfae15c0ffb3aa1493810929b761,True
65,4,48,165,original,10.14460277557373,179.16168212890625,179.16168212890625,10.14460277557373,0.006511688232421875,608.6761474609375,10749.7001953125,10749.7001953125,60,611.569772940129,0.0,6a3cc6af6e4508bb644111691eb0967cb38e53521c373e0352fcfa202e63a195,True
66,4,48,180,original,11.23343563079834,291.3074951171875,291.3074951171875,11.23343563079834,0.01158905029296875,674.006103515625,17478.44921875,17478.44921875,60,610.1564448326826,0.0,f8103c80dae9e38194cf259c8407247519adf2d670ff0e3d65f0930987aca0da,True
67,4,48,195,original,16.1010684967041,686.8418579101562,686.8418579101562,16.1010684967041,0.021392822265625,966.0640258789062,41210.5078125,41210.5078125,60,609.8682461306453,0.0,68296adb99f789ec4b43fd1bc0e462cc14b72e6d6ed8fb188704051143bf8957,True
68,4,48,210,original,14.047492027282715,470.1415100097656,470.1415100097656,14.047492027282715,0.0152740478515625,842.8494873046875,28208.48828125,28208.48828125,60,610.2057341486216,0.0,f7e32d8bea36ade971663571e1987d82364058077fee51af23fe031dc8190c42,True
69,4,48,225,original,16.278682708740234,506.20587158203125,506.20587158203125,16.278682708740234,0.018157958984375,976.720947265625,30372.3515625,30372.3515625,60,610.6287096627057,0.0,a9086c7755bf6a7d5d373a62d72e17b5c3830b2169793929a0fe63fc543e4603,True
70,4,22,30,original,4.288937568664551,25.546220779418945,25.546220779418945,4.288937568664551,0.0015783309936523438,257.33624267578125,1532.773193359375,1532.773193359375,60,613.030259963125,0.0,f5a554fe2a96a051b82e15a6c4b0e87ddfa41a7cd5e151740db05f2d265056ad,True
71,4,22,45,original,4.574708461761475,26.59117889404297,26.59117889404297,4.574708461761475,0.0015020370483398438,274.48248291015625,1595.470703125,1595.470703125,60,610.1274639368057,0.0,b209c07d6f833372b08a8e167223cd0c8184fb83fccea0e37f1467332538c5ba,True
72,4,22,60,original,1.9663755893707275,11.854114532470703,11.854114532470703,1.9663755893707275,0.00038242340087890625,117.98252868652344,711.246826171875,711.246826171875,60,609.7825467586517,0.0,57aa9b5103b25922e935f3dd9b0a0298ad74a303c283877bba286af1b13347d7,True
73,4,22,75,original,2.722837448120117,16.686513900756836,16.686513900756836,2.722837448120117,0.0005307197570800781,163.3702392578125,1001.1907348632812,1001.1907348632812,60,609.3868799507618,0.0,f5a99665c2c16ce0491aa29a933b841769cf4831b7e757c1c9cf8e2bd3355859,True
74,4,22,90,original,3.467142105102539,68.5340347290039,68.5340347290039,3.467142105102539,0.0021457672119140625,208.0285186767578,4112.0419921875,4112.0419921875,60,610.0374548695982,0.0,73b73a590f85abacbe92e647b502ae6c48c5ddeb9fc73452d64b171f3c9621a9,True
75,4,22,105,original,4.654500484466553,73.33746337890625,73.33746337890625,4.654500484466553,0.0023174285888671875,279.27001953125,4400.24755859375,4400.24755859375,60,609.9537750706077,0.0,7930727a9bd45f3b4d29988d2d84218409cb914b2762d86ce8e86ade9eccace2,True
76,4,22,120,original,4.626053810119629,39.76240921020508,39.76240921020508,4.626053810119629,0.0014181137084960938,277.5632019042969,2385.744384765625,2385.744384765625,60,612.0802569203079,0.0,a4ba624a292b354a8ef6961763dc4f435db5da4a200a7f340a0bf998602d5382,True
77,4,22,135,original,2.204359769821167,7.623905181884766,7.623905181884766,2.204359769821167,0.0003132820129394531,132.26158142089844,457.4342956542969,457.4342956542969,60,610.5740698985755,0.0,8fbab13fb2cff34bf1df0698cb7e9edb00d2929d9735195ad39e2f39142da153,True
78,4,22,150,original,1.1568572521209717,3.367422580718994,3.367422580718994,1.1568572521209717,0.00013339519500732422,69.41143035888672,202.04534912109375,202.04534912109375,60,611.9593889452517,0.0,98405f52a6625a20600d620507313bf42b6907a1d44a5a68e041acc8518e62e6,True
79,4,22,165,original,10.634458541870117,306.1018371582031,306.1018371582031,10.634458541870117,0.0098724365234375,638.0675048828125,18366.109375,18366.109375,60,610.5217100121081,0.0,a3082aee5431cf963160eed2b158de6977fe0f46a99224ea406345cf23987eb4,True
80,4,22,180,original,16.263669967651367,858.1077270507812,858.1077270507812,16.263669967651367,0.027252197265625,975.8201904296875,51486.4609375,51486.4609375,60,610.5267801322043,0.0,9698842d64564e92e301ed2879ab57bee5063aaa7b0a7083e8a5d9c1cf7e955d,True
81,4,22,195,original,5.769235610961914,77.7447280883789,77.7447280883789,5.769235610961914,0.00246429443359375,346.15411376953125,4664.68359375,4664.68359375,60,610.3493720293045,0.0,dfcabd55811db04c42371ec83544a884060c12c640ed6dd9f8bea0e31625b57a,True
82,4,22,210,original,5.554973602294922,43.904788970947266,43.904788970947266,5.554973602294922,0.001804351806640625,333.29840087890625,2634.287109375,2634.287109375,60,610.7820384204388,0.0,9ae39fab4d1bb821bbd245acd31bcc9c37ff3378c3485e091db5c46b785b5724,True
83,4,22,225,original,4.767810344696045,93.50030517578125,93.50030517578125,4.767810344696045,0.0029468536376953125,286.068603515625,5610.01806640625,5610.01806640625,60,627.0877160131931,0.0,933d6b0346371a3e7aa5639071320e6e87c098ae5d4bb6bedfc42fc0587bc493,True
84,4,55,30,original,9.312051773071289,140.75009155273438,140.75009155273438,9.312051773071289,0.005794525146484375,558.7230834960938,8445.0048828125,8445.0048828125,60,610.3880908340216,0.0,5bc8e81be97847aec8e557c227d3b1fd63573b022db9d73af6373e3274562a60,True
85,4,55,45,original,4.537495136260986,26.304851531982422,26.304851531982422,4.537495136260986,0.0009756088256835938,272.24969482421875,1578.291015625,1578.291015625,60,615.7647878862917,0.0,41651a7d3b567b89f1c86c5437010e4b11655bbf9be98450861002c6083eeb2b,True
86,4,55,60,original,6.689992427825928,123.61636352539062,123.61636352539062,6.689992427825928,0.004215240478515625,401.3995361328125,7416.9814453125,7416.9814453125,60,609.6273078583181,0.0,a0b9691c8c8a2c06db6c9ef50c622677108b62a24184a012d1f03b0c76d6f4da,True
87,4,55,75,original,10.983287811279297,400.7187805175781,400.7187805175781,10.983287811279297,0.012542724609375,658.9972534179688,24043.125,24043.125,60,609.9181137979031,0.0,7441aac6a6e2c0da7726799bf0fe8098973884174c14e982f90e3ec4cdfe598e,True
88,4,55,90,original,13.388107299804688,362.5060119628906,362.5060119628906,13.388107299804688,0.01165008544921875,803.286376953125,21750.359375,21750.359375,60,611.7828791029751,0.0,1048d0568fcc71444b1438c9e0ffd64425aed4969a4a4f702ca139f3f0071750,True
89,4,55,105,original,3.5147204399108887,39.476688385009766,39.476688385009766,3.5147204399108887,0.0012598037719726562,210.88320922851562,2368.60107421875,2368.60107421875,60,615.0502129457891,0.0,58c9d85395c483fec8cca9b443efb06146f76b19af01d50bad10eed0fc4ce21b,True
90,4,55,120,original,4.707369327545166,43.06805419921875,43.06805419921875,4.707369327545166,0.00138092041015625,282.442138671875,2584.0830078125,2584.0830078125,60,613.0976192653179,0.0,8c08344b9f8ed7e8cba0dfe64ff7f0f50a2b818a8fe7cf96db05df2ebbc2543f,True
91,4,55,135,original,6.942070960998535,62.72990417480469,62.72990417480469,6.942070960998535,0.0022029876708984375,416.52423095703125,3763.7939453125,3763.7939453125,60,614.9587030522525,0.0,9686f1cf02ba329989b993a49607300de9f0d6be533fe370351455cf01e8bc55,True
92,4,55,150,original,14.168230056762695,534.4782104492188,534.4782104492188,14.168230056762695,0.0173797607421875,850.09375,32068.69140625,32068.69140625,60,610.5922888964415,0.0,7f7f6ea5a0e88826e6a93d18f032c9c85d4db37a8912711a4609d6cb2f9d200c,True
93,4,55,165,original,35.082359313964844,3227.5185546875,2540.665283203125,35.082359313964844,0.10382080078125,2104.94140625,193651.109375,152439.90625,60,610.4743797332048,0.0,2aef786d63a7be565f3d33bd2c36c6741961b2c7fabce8cdd43e167bd4a4a45a,True
94,4,55,180,original,28.198991775512695,8179.78515625,1572.4290771484375,28.198991775512695,0.26123046875,1691.939453125,490787.09375,94345.7421875,60,610.1595819927752,0.0,11c41b44aee9502dfad1efd37931e243bd8f3cc6dcb8a95a4044e47c44d4975e,True
95,4,55,195,original,57.79316329956055,15941.8427734375,7136.0087890625,57.79316329956055,0.50146484375,3467.589599609375,956510.5,428160.5,60,611.0050152055919,0.0,24d0723f17fd54dba63956ec060f360d04be8e95fe94a46a0bfa5d8e32e681f5,True
96,4,55,210,original,38.25211715698242,9870.4921875,4746.28173828125,38.25211715698242,0.304931640625,2295.126953125,592229.5,284776.875,60,618.8500518910587,0.0,1bb91bdfd1383ddc5e35a82f57629a525e298ee6b24274d4bdae64de1cab89bc,True
97,4,55,225,original,32.849609375,4174.875,2967.883544921875,32.849609375,0.1312255859375,1970.9765625,250492.5,178073.0,60,610.1263030432165,0.0,9fb72419a6764e09f2933704ad6d045ebd011259ad1eadc263b500e3af0974db,True
98,4,4,30,original,19.01790428161621,9026.3623046875,1579.73388671875,19.01790428161621,0.27880859375,1141.07421875,541581.6875,94784.03125,60,610.5116289108992,0.0,dfea191fc638e5d8ba14e7ff8618b3279bb7d3502d9ecbf6b2ca02213c491c2d,True
99,4,4,45,original,55.26773452758789,8921.1796875,8325.1591796875,55.26773452758789,0.275634765625,3316.06396484375,535270.75,499509.5,60,610.6340982951224,0.0,665c99d2175bb6733729d9bd9fdc391e316442fe6d0fa31a3b2b429cac909224,True
100,4,4,60,original,9.63718032836914,216.26744079589844,216.26744079589844,9.63718032836914,0.00698089599609375,578.2307739257812,12976.0458984375,12976.0458984375,60,610.5621391907334,0.0,567e84d8c3265d426c926107eaaa7c051d4ea6080e90d98275093313df74b6d6,True
101,4,4,75,original,9.791572570800781,249.58436584472656,249.58436584472656,9.791572570800781,0.00798797607421875,587.4943237304688,14975.0615234375,14975.0615234375,60,610.9893349930644,0.0,82b16e45a08696a87306a930d82542a196672757e73946d91a3ae27477fda2bc,True
102,4,4,90,original,9.167686462402344,210.15687561035156,210.15687561035156,9.167686462402344,0.006710052490234375,550.0611572265625,12609.412109375,12609.412109375,60,609.4331978820264,0.0,ebd36da6d87bd1330e649041f9ef28b3b0db432c96ac11fb16017d7b3cfb72da,True
103,4,4,105,original,8.660504341125488,136.71202087402344,136.71202087402344,8.660504341125488,0.004306793212890625,519.6302490234375,8202.720703125,8202.720703125,60,612.2980136424303,0.0,5cb37f25d218bfece87f501571d0a0b75bcde4a2b130ec637ceba4819769561d,True
104,4,4,120,original,7.700141906738281,172.0947265625,172.0947265625,7.700141906738281,0.005489349365234375,462.00848388671875,10325.6826171875,10325.6826171875,60,609.6785361878574,0.0,8fe0f82e01ac6f6dd8ae7796ecbb819521d50978efd6296ffb0b1753fe10fb16,True
105,4,4,135,original,9.60644817352295,218.5248260498047,218.5248260498047,9.60644817352295,0.007167816162109375,576.3868408203125,13111.4892578125,13111.4892578125,60,608.7771528400481,0.0,a8e4f2bdcc8aff469606bd51e9458f4ed636e5534ed854c29fc81bed3798dca1,True
106,4,4,150,original,11.887129783630371,473.0338134765625,473.0338134765625,11.887129783630371,0.01483917236328125,713.2277221679688,28382.02734375,28382.02734375,60,615.6971156597137,0.0,d49b6fc291a8b72d0577375916d9787be59dd002fd5f35411375fabb7cba3270,True
107,4,4,165,original,9.940184593200684,273.2772521972656,273.2772521972656,9.940184593200684,0.00876617431640625,596.4110717773438,16396.634765625,16396.634765625,60,620.7015258260071,0.0,99f8c500b9a3a179a6a0ff4066efabd9ddc6a9f18ff41e91cf28fa092e4ec435,True
108,4,4,180,original,11.79696273803711,1343.4390869140625,544.888671875,11.79696273803711,0.041595458984375,707.8177490234375,80606.34375,32693.3203125,60,610.4464991949499,0.0,809a51055730da988f9b9e656c711c6810431b3bb858c77de36d24f4b9d03162,True
109,4,4,195,original,38.355342864990234,10110.9716796875,4732.60400390625,38.355342864990234,0.31298828125,2301.320556640625,606658.25,283956.21875,60,612.5053819268942,0.0,0904ebb6b9171aa3180947f3e77da9ab57aeb902cf5ea2ff1276378ccd22e9cd,True
110,4,4,210,original,21.06949234008789,11741.11328125,1729.30712890625,21.06949234008789,0.362548828125,1264.16943359375,704466.75,103758.421875,60,610.2773998863995,0.0,8ff5a840841cb20ce6a320781253bf1673f0b2fd5797e79553db814c17bc3569,True
111,4,4,225,original,49.4525032043457,6638.32958984375,6638.32958984375,49.4525032043457,0.2052001953125,2967.150146484375,398299.75,398299.75,60,610.6000579893589,0.0,7ac36ad4c37d73da7a82cc1e0640e03e8cd76957455c0197c4c1a47afc143d19,True
112,4,45,30,original,10.544344902038574,170.9659881591797,170.9659881591797,10.544344902038574,0.006011962890625,632.66064453125,10257.958984375,10257.958984375,60,610.6159868650138,0.0,0ff88ddb8d7efc2064197f85d15c63be3759ef14e243e69132066b4fac302319,True
113,4,45,45,original,9.851785659790039,179.35321044921875,179.35321044921875,9.851785659790039,0.00572967529296875,591.1071166992188,10761.1923828125,10761.1923828125,60,610.6710857711732,0.0,85d4cbdb16fa0c4404ba8de629cf7b7edb095b96c2cc1493b2f7f1785275934f,True
114,4,45,60,original,7.42318868637085,139.9606475830078,139.9606475830078,7.42318868637085,0.0044097900390625,445.39129638671875,8397.638671875,8397.638671875,60,610.1124812848866,0.0,f013b8728fd2480fd9dd2930fc2076a0b97b7315945bfd0a690bca38a41916d1,True
115,4,45,75,original,22.63726043701172,2132.137451171875,2132.137451171875,22.63726043701172,0.06683349609375,1358.235595703125,127928.2421875,127928.2421875,60,610.0253816694021,0.0,bb84b04822a082157555994b51fb4955fb46945268e5d0f403d836e5b30f1bdc,True
116,4,45,90,original,23.601316452026367,1408.2744140625,1408.2744140625,23.601316452026367,0.0447998046875,1416.078857421875,84496.4609375,84496.4609375,60,609.4920369796455,0.0,a6551b968e37f0f7689dbf94fc811c5e64f9a2943e3d9f7adb54ff2bdbdeb044,True
117,4,45,105,original,4.335529804229736,29.278528213500977,29.278528213500977,4.335529804229736,0.0017518997192382812,260.13177490234375,1756.7115478515625,1756.7115478515625,60,610.760984942317,0.0,926a1d62826388c1ec046b5626e28ed72b129cca1b0f49c358fe27d2709176bf,True
118,4,45,120,original,2.245462656021118,7.391071796417236,7.391071796417236,2.245462656021118,0.0003097057342529297,134.72775268554688,443.46429443359375,443.46429443359375,60,609.716503880918,0.0,472f4f6110a08b9667f1396c85f4ca7a017722b673f269bfe7df01f25a0f8415,True
119,4,45,135,original,1.2014477252960205,2.6896629333496094,2.6896629333496094,1.2014477252960205,8.83936882019043e-05,72.08686065673828,161.3797607421875,161.3797607421875,60,609.4654258340597,0.0,0762597f7d67939bcf4f56d436831913f7ec9e1acc14da7a4d7c0f72754b221a,True
120,4,45,150,original,1.0742888450622559,2.0042638778686523,2.0042638778686523,1.0742888450622559,6.699562072753906e-05,64.45732879638672,120.25582122802734,120.25582122802734,60,609.9910009652376,0.0,8e3c554a2c5e8c746bb2e0eef271d6f5164268b5482c1d7b86670795df98e5d7,True
121,4,45,165,original,2.995166540145874,31.020137786865234,31.020137786865234,2.995166540145874,0.0010519027709960938,179.70997619628906,1861.2081298828125,1861.2081298828125,60,610.3281890973449,0.0,e7757e95dfbd0e32838e970fc65f071cf89517da071ac0c69e863fedbe44f642,True
122,4,45,180,original,8.731714248657227,188.58673095703125,188.58673095703125,8.731714248657227,0.005878448486328125,523.90283203125,11315.203125,11315.203125,60,610.9458738937974,0.0,8028ac65ae4d578a211b5e4a4689e07b951c88bc7189a425b010360ad898c43a,True
123,4,45,195,original,4.05352258682251,29.659210205078125,29.659210205078125,4.05352258682251,0.0010089874267578125,243.21133422851562,1779.552490234375,1779.552490234375,60,609.9723419174552,0.0,b9ac76d4862530fa21e1c52a38095d0c1e7386da0e3769255501ac77ba4ee5e4,True
124,4,45,210,original,5.482596397399902,56.08200454711914,56.08200454711914,5.482596397399902,0.0019063949584960938,328.9557800292969,3364.920166015625,3364.920166015625,60,613.3167948573828,0.0,6169d7069ee045aef7e2ecf7ed3a6114522a0f4af426bb63cf23c0acfdf80865,True
125,4,45,225,original,6.541851997375488,91.66024017333984,91.66024017333984,6.541851997375488,0.0029144287109375,392.5111083984375,5499.6142578125,5499.6142578125,60,610.122749581933,0.0,0156b9cd1db7f98e3d452c9fc3fd835a9cbb2fa3058fad43163548d2a0f4252a,True
126,4,60,30,original,11.97480297088623,351.5616455078125,351.5616455078125,11.97480297088623,0.01122283935546875,718.4881591796875,21093.697265625,21093.697265625,60,610.3784888982773,0.0,a1823ca098ba1080c8b376486b71613acbb13d0c2a2a5fd8c5683158fc677e1c,True
127,4,60,45,original,8.62985897064209,187.70584106445312,187.70584106445312,8.62985897064209,0.00594329833984375,517.79150390625,11262.349609375,11262.349609375,60,610.1356302388012,0.0,dc60f45bdc234babe367465a6fa6278dd7897b5fbaf5cbe1c544a4d4080dee33,True
128,4,60,60,original,6.128925800323486,105.17153930664062,105.17153930664062,6.128925800323486,0.003276824951171875,367.73553466796875,6310.2919921875,6310.2919921875,60,610.7651647180319,0.0,4c7f9c901d5a1645e6257f2db16dd7e4e3f133efa228de4a3c04826dedd94775,True
129,4,60,75,original,9.892685890197754,238.4076690673828,238.4076690673828,9.892685890197754,0.0074310302734375,593.5610961914062,14304.458984375,14304.458984375,60,612.9245669580996,0.0,4e2f492f5a631ec3402a86ffa10a9994a1dde875b139cd76b45dba65a2101d40,True
130,4,60,90,original,6.656240463256836,105.00393676757812,105.00393676757812,6.656240463256836,0.0033416748046875,399.3744201660156,6300.23583984375,6300.23583984375,60,610.8503341674805,0.0,95e1748118cbb9687dad46c82e412e20ee87cc17d2958919db8b04fe57aaa92d,True
131,4,60,105,original,7.135713577270508,169.4240264892578,169.4240264892578,7.135713577270508,0.005313873291015625,428.1427917480469,10165.44140625,10165.44140625,60,610.6383861042559,0.0,7c98572fdf4eff3b6ae64e4421305147cd3f29efca822bb4a464661e91d58253,True
132,4,60,120,original,10.36324691772461,280.87164306640625,280.87164306640625,10.36324691772461,0.00868988037109375,621.7947998046875,16852.296875,16852.296875,60,610.8122952282429,0.0,40bc448edb572a7e49003c0d574900d3dcda031cf6672667512f203c6912e2f9,True
133,4,60,135,original,4.159564018249512,39.14638137817383,39.14638137817383,4.159564018249512,0.001293182373046875,249.57382202148438,2348.78271484375,2348.78271484375,60,611.2438007257879,0.0,af5d49ae37b1d1ca588496ac09e3d7a9c79a39b88cb43114b8ba0ee2e98f13fe,True
134,4,60,150,original,3.837463855743408,25.47075843811035,25.47075843811035,3.837463855743408,0.0008935928344726562,230.24781799316406,1528.2454833984375,1528.2454833984375,60,611.0470220446587,0.0,7ccb1f427e4bd72d04fb0435fcc59501bb8c01349c17b912a40f89fbfd348ff0,True
135,4,60,165,original,10.050432205200195,218.47621154785156,218.47621154785156,10.050432205200195,0.00687408447265625,603.02587890625,13108.572265625,13108.572265625,60,612.9529261961579,0.0,8492575cb249619dadeba05ea01100ca9c7aebaadcc81042fdb81add1573e55f,True
136,4,60,180,original,21.775436401367188,1225.1588134765625,1225.1588134765625,21.775436401367188,0.03814697265625,1306.526123046875,73509.5234375,73509.5234375,60,609.2909662984312,0.0,45e7e4d5c679cd0b311da7649a1b508149fd3e9bf7088640abfbab90c34f4837,True
137,4,60,195,original,8.593301773071289,150.4790496826172,150.4790496826172,8.593301773071289,0.00472259521484375,515.5980834960938,9028.7421875,9028.7421875,60,613.1143257953227,0.0,7e85fddcef64b4da35e67a6e42efb50f2eab6e5ccba53992523b468630a58c10,True
138,4,60,210,original,2.8698816299438477,16.232929229736328,16.232929229736328,2.8698816299438477,0.0005083084106445312,172.19288635253906,973.9757080078125,973.9757080078125,60,609.6315030008554,0.0,a87eb9248961f6b914f1fb54f590161e23cd9a7307022f0fdf68013885f8b0a5,True
139,4,60,225,original,3.864701271057129,50.53303527832031,50.53303527832031,3.864701271057129,0.0015811920166015625,231.88206481933594,3031.98193359375,3031.98193359375,60,610.1622791029513,0.0,ab0ee33ef19a4719f439080df4785496e46c38b163ef5ae7e7828ffd5b4ff781,True
140,4,26,30,original,6.105513095855713,68.58389282226562,68.58389282226562,6.105513095855713,0.00228118896484375,366.3307800292969,4115.033203125,4115.033203125,60,609.6861232072115,0.0,880a6a1ff22743f65f6437364e4ed0ebc9d27e494ba2db25441a37c2653dc29c,True
141,4,26,45,original,1.1440752744674683,3.5554821491241455,3.5554821491241455,1.1440752744674683,0.00011479854583740234,68.64451599121094,213.32891845703125,213.32891845703125,60,618.1692043319345,0.0,35ac1be62201ebb9db94c593f52e4157eb259532a8a73ae531429475f6c83552,True
142,4,26,60,original,2.533207893371582,12.900976181030273,12.900976181030273,2.533207893371582,0.000438690185546875,151.99246215820312,774.0585327148438,774.0585327148438,60,609.8551619797945,0.0,821496463f80f46f1df2ec556bc9f5c1f3862888196cec047304ad4458f55801,True
143,4,26,75,original,1.3621755838394165,2.9493114948272705,2.9493114948272705,1.3621755838394165,9.864568710327148e-05,81.73052978515625,176.95867919921875,176.95867919921875,60,609.8218020051718,0.0,6aa8b4304c4824d7d5348d9c1bab7a7e1d3789bc3796e42018a8aadc4372433e,True
144,4,26,90,original,1.273422122001648,3.4318487644195557,3.4318487644195557,1.273422122001648,0.00011265277862548828,76.40532684326172,205.91091918945312,205.91091918945312,60,609.4861943274736,0.0,cb881d5701d4e9844aabf91078376d4c5ecae1d93c101a7674c7df3f733ecc19,True
145,4,26,105,original,2.2386388778686523,7.664790630340576,7.664790630340576,2.2386388778686523,0.0002624988555908203,134.31832885742188,459.8874206542969,459.8874206542969,60,609.6542016603053,0.0,6b6f9c17cf1702aae6b8630531ef066433d576df0d6d03f1818acbedd87fc7ed,True
146,4,26,120,original,1.8532438278198242,5.363781929016113,5.363781929016113,1.8532438278198242,0.0001710653305053711,111.19462585449219,321.826904296875,321.826904296875,60,609.075556974858,0.0,957d7ecdd89607570f1ad0d92c399ab9c798e06760653cdd8eea446d20c510cf,True
147,4,26,135,original,2.239365339279175,8.971976280212402,8.971976280212402,2.239365339279175,0.0002932548522949219,134.36190795898438,538.3185424804688,538.3185424804688,60,609.4059441238642,0.0,ef2cf1b9247e61e0084aa4b504444169cd7a54aea7ca4af754b044d8b8f3a9f5,True
148,4,26,150,original,1.3639395236968994,2.8021631240844727,2.8021631240844727,1.3639395236968994,0.00010460615158081055,81.83636474609375,168.12977600097656,168.12977600097656,60,616.5847657248378,0.0,ad50c5524d0972b1e11379636e4961ade08280f2ec6e9c12d9b0f845ba0a1d00,True
149,4,26,165,original,3.622788190841675,33.359153747558594,33.359153747558594,3.622788190841675,0.0010557174682617188,217.36727905273438,2001.549072265625,2001.549072265625,60,609.5682941377163,0.0,17df7919a457d609e87295f61a05e0c8f8053d5152d7a8f1140ba8bf4ce53cbe,True
150,4,26,180,original,10.167472839355469,450.0771179199219,450.0771179199219,10.167472839355469,0.013946533203125,610.04833984375,27004.625,27004.625,60,610.2540967985988,0.0,10b075f8fda2bba63532446d036331ab92c344a727d90895ba8103b3d3401c91,True
151,4,26,195,original,7.745189189910889,172.18417358398438,172.18417358398438,7.745189189910889,0.00543975830078125,464.7113342285156,10331.0498046875,10331.0498046875,60,609.6125431358814,0.0,a428d521c8296382c3ec00b96aa618167c1fabdf868aff7aebf1a3cbf085f896,True
152,4,26,210,original,17.814502716064453,582.8679809570312,582.8679809570312,17.814502716064453,0.0191802978515625,1068.8701171875,34972.078125,34972.078125,60,609.0762671083212,0.0,46637964010f05430cd638113c2c24dfe9f9b25c1f4875243f28607804199858,True
153,4,26,225,original,27.430540084838867,5641.10595703125,1566.2030029296875,27.430540084838867,0.17626953125,1645.832275390625,338466.34375,93972.171875,60,609.2094858177006,0.0,be4a6f0eea120ba37ca41691e6a567ea5c59268dd3ff47ebc92e6f034392b4a6,True
154,4,21,30,original,2.2660233974456787,6.863337516784668,6.863337516784668,2.2660233974456787,0.00022923946380615234,135.96139526367188,411.80023193359375,411.80023193359375,60,609.0352768078446,0.0,e60dbd282b0b60e23b4f7dbcdfc369fcd5bc5b58b82622f670e208f626fc2273,True
155,4,21,45,original,2.079094648361206,6.612969398498535,6.612969398498535,2.079094648361206,0.00020825862884521484,124.74566650390625,396.77813720703125,396.77813720703125,60,614.9412291124463,0.0,fe7c53ea235528c13a035372f827812c16bace6e15aa6683f5314ce4fa8e3cac,True
156,4,21,60,original,1.914371371269226,5.420604705810547,5.420604705810547,1.914371371269226,0.0001785755157470703,114.86227416992188,325.23626708984375,325.23626708984375,60,609.3265549279749,0.0,6835cc30a28fae922e1fbcbaf3b8c657c12f4a03566207b9c8bd1fdc5c8ce332,True
157,4,21,75,original,1.5380827188491821,4.000463008880615,4.000463008880615,1.5380827188491821,0.00013077259063720703,92.28495788574219,240.0277557373047,240.0277557373047,60,609.0446170419455,0.0,e01d2bbc581c8a61026c39cd98bfa8dba89081f39cfe7bd47bd8d4edad82ad52,True
158,4,21,90,original,1.655685305595398,4.2202467918396,4.2202467918396,1.655685305595398,0.0001392364501953125,99.34111022949219,253.21478271484375,253.21478271484375,60,610.9585710801184,0.0,26b6d00dec019e7e9b3891dbf59a5c06b9b4af064382d2f1620fa4db19aa66e8,True
159,4,21,105,original,1.3570497035980225,3.434418201446533,3.434418201446533,1.3570497035980225,0.00011169910430908203,81.42298126220703,206.06507873535156,206.06507873535156,60,611.1098895780742,0.0,ac96bdd6c217e437e1fa8ebeb821b842e24e27320b67e2ca722c97f8fd88ae7f,True
160,4,21,120,original,1.7605165243148804,4.8289899826049805,4.8289899826049805,1.7605165243148804,0.00015652179718017578,105.63098907470703,289.7393798828125,289.7393798828125,60,627.2130687721074,0.0,2975a75893230fd256dc78f255fa37a2b2a11d5364b549830d2e8a4859e93d35,True
161,4,21,135,original,1.536788821220398,3.8199734687805176,3.8199734687805176,1.536788821220398,0.0001245737075805664,92.20732116699219,229.19839477539062,229.19839477539062,60,617.6391672343016,0.0,52b94fe06931f8fc301cea77c4db35705badea7bfaea0165de971df9ab3e034b,True
162,4,21,150,original,1.4927955865859985,3.7990658283233643,3.7990658283233643,1.4927955865859985,0.00012230873107910156,89.56773376464844,227.94393920898438,227.94393920898438,60,611.0139111988246,0.0,24e902b9f97204aaeb723b3a8327bce0430dfbeea4ff291f21ea8be35d31e000,True
163,4,21,165,original,5.1313090324401855,79.71985626220703,79.71985626220703,5.1313090324401855,0.002468109130859375,307.8785400390625,4783.19091796875,4783.19091796875,60,609.7930809482932,0.0,f0682371ab1d591ed6e4d4598dd9efffc0119d9c189485b8fa6c56ce831b20ed,True
164,4,21,180,original,5.572046279907227,97.68856048583984,97.68856048583984,5.572046279907227,0.0030460357666015625,334.32275390625,5861.3134765625,5861.3134765625,60,609.9437791854143,0.0,74b41852436a984d2a0c058edf5bdb55f094083a430675848dfa79edc59bd556,True
165,4,21,195,original,4.1257195472717285,32.40010452270508,32.40010452270508,4.1257195472717285,0.0010175704956054688,247.54315185546875,1944.0062255859375,1944.0062255859375,60,610.4862652719021,0.0,3320283ee2861ab34b1e4de865998084ffe2f522a0f0e5e12a32f10a2f1ccec8,True
166,4,21,210,original,2.289670944213867,8.248308181762695,8.248308181762695,2.289670944213867,0.0002613067626953125,137.3802490234375,494.8984375,494.8984375,60,610.2589461952448,0.0,11b648d65a5bbfa46dd14362a51f6c6dbb7c541a76a57c30198eb2c30c1c06f6,True
167,4,21,225,original,1.6072466373443604,4.525518894195557,4.525518894195557,1.6072466373443604,0.00014770030975341797,96.4347915649414,271.5311279296875,271.5311279296875,60,609.271434135735,0.0,3df02eddb674b64df965394b9b66b14232c5e0cc4e18474d47fab2745d11b8e7,True
168,4,44,30,original,9.865135192871094,178.0182342529297,178.0182342529297,9.865135192871094,0.00753021240234375,591.9080810546875,10681.09375,10681.09375,60,609.9020200781524,0.0,bf0c9df81e151eab4a2c784a77bc83553b7e4bbafd207db9872d87d917103e3f,True
169,4,44,45,original,4.407357692718506,36.98942184448242,36.98942184448242,4.407357692718506,0.0014801025390625,264.4414367675781,2219.365234375,2219.365234375,60,608.0517242662609,0.0,144d3db35346112505f422d1303481e665835dce7c4d18aeb64b8cb4453b1425,True
170,4,44,60,original,4.601620674133301,46.1826286315918,46.1826286315918,4.601620674133301,0.0015134811401367188,276.09722900390625,2770.95751953125,2770.95751953125,60,609.2485538683832,0.0,3605ae9809be399003a3624d86389bcaee01e146cdbf22d0d9cf769f2c286b4d,True
171,4,44,75,original,5.1707024574279785,58.04266357421875,58.04266357421875,5.1707024574279785,0.0022068023681640625,310.24212646484375,3482.5595703125,3482.5595703125,60,615.0271678343415,0.0,3f82c8d9a6e8c133db98efaf4e3d60f3a76ec9754d5d136e2da97d134b2e65de,True
172,4,44,90,original,17.552122116088867,779.5227661132812,779.5227661132812,17.552122116088867,0.0264892578125,1053.1273193359375,46771.36328125,46771.36328125,60,609.1598849743605,0.0,1de01433aec4cfc78273c9fe2e9826a60eeda32313c43efff21e00fa24c8a9ad,True
173,4,44,105,original,16.103425979614258,849.9010620117188,849.9010620117188,16.103425979614258,0.0287017822265625,966.2055053710938,50994.0625,50994.0625,60,609.2572137713432,0.0,14b8fe37fc29bd2d7f8bb7d079822c54f437b9428bd1d2a6439dd41c6c553d61,True
174,4,44,120,original,5.9811177253723145,60.49976348876953,60.49976348876953,5.9811177253723145,0.0030460357666015625,358.8670349121094,3629.985595703125,3629.985595703125,60,613.0666742101312,0.0,6f5989e2956a73395433cf95042c9ee08220d4eaffa987f7a9de3e8263b191bd,True
175,4,44,135,original,5.957653522491455,54.655372619628906,54.655372619628906,5.957653522491455,0.00260162353515625,357.4591979980469,3279.322265625,3279.322265625,60,610.6618833728135,0.0,624d23faf9e58e1cff40f5f24a2304e05a528c4e2b4a51271a5598fce930fcad,True
176,4,44,150,original,6.645562171936035,101.02392578125,101.02392578125,6.645562171936035,0.0035533905029296875,398.73370361328125,6061.43505859375,6061.43505859375,60,614.4026219844818,0.0,95d40f1fdeee86d52f52669e5c8bd9bae726e5daff7439632c23f4bd48eca633,True
177,4,44,165,original,14.894338607788086,408.8194885253906,408.8194885253906,14.894338607788086,0.01377105712890625,893.6602783203125,24529.16796875,24529.16796875,60,613.532739225775,0.0,067c76cd8107bd22a5c29f17309d79f113992aaedfb972d41b0d0e5feb48212a,True
178,4,44,180,original,23.71995735168457,1522.0552978515625,1522.0552978515625,23.71995735168457,0.047760009765625,1423.1973876953125,91323.3125,91323.3125,60,612.9333241842687,0.0,de54e2dac20a776a029ea99028c94e283bb892a713342a97395b35b7fb1f55df,True
179,4,44,195,original,10.677413940429688,177.04507446289062,177.04507446289062,10.677413940429688,0.007049560546875,640.644775390625,10622.7041015625,10622.7041015625,60,609.9307779222727,0.0,523fc63cf62e3c3ca37d682b8e77934f91cfdd6d12bd106429ee0c40c9b66569,True
180,4,44,210,original,13.670522689819336,417.9739074707031,417.9739074707031,13.670522689819336,0.01409912109375,820.2313232421875,25078.43359375,25078.43359375,60,610.6800730340183,0.0,0c49ca5498d1aa68d6e1cbd610f26909942eb71d509980bbf83250b0eede10ad,True
181,4,44,225,original,19.558252334594727,663.9634399414062,663.9634399414062,19.558252334594727,0.02117919921875,1173.4951171875,39837.8046875,39837.8046875,60,615.7651413232088,0.0,029a1b75b951e41ca7d1c313f668f862904866e1aa25318c864df8958cc702a8,True
182,4,23,30,original,37.93569564819336,3580.30029296875,3580.30029296875,37.93569564819336,0.11492919921875,2276.1416015625,214818.0,214818.0,60,610.6891920790076,0.0,472f504126ed86b2638c267425f0fecb30182ecd29d0bd864c9e564f306095b7,True
183,4,23,45,original,10.454351425170898,237.523681640625,237.523681640625,10.454351425170898,0.0080718994140625,627.2610473632812,14251.419921875,14251.419921875,60,612.3100686818361,0.0,f1ca8a1ad1ea14fa1e35849482e36b316b60eb610854307f82ec458f9325af94,True
184,4,23,60,original,29.667724609375,1816.9979248046875,1816.9979248046875,29.667724609375,0.058502197265625,1780.0633544921875,109019.8671875,109019.8671875,60,610.2118361741304,0.0,a6366725f3db7cb9b170dbc24d833fdf6ada777dd97544f9060614a979b99285,True
185,4,23,75,original,10.491050720214844,173.2141876220703,173.2141876220703,10.491050720214844,0.0141143798828125,629.4630126953125,10392.8505859375,10392.8505859375,60,610.26002606377,0.0,09761a7e61a49bf79b0c74b6178cc65aabffdc366c71f29e6860601a5bc61fbc,True
186,4,23,90,original,11.274771690368652,207.57955932617188,207.57955932617188,11.274771690368652,0.015869140625,676.4862670898438,12454.7724609375,12454.7724609375,60,610.7086618430912,0.0,9455be3d0f80b6b51eabc49d7a522f845f95b687783784ba404796b49db6b5fd,True
187,4,23,105,original,8.924884796142578,219.123291015625,219.123291015625,8.924884796142578,0.0092315673828125,535.4930419921875,13147.396484375,13147.396484375,60,611.3616856746376,0.0,cc338ec44960cdd6523d9a8d04517b208137c761e51a1f535ec49e7720f1c2d2,True
188,4,23,120,original,42.43802261352539,5999.76806640625,5503.328125,42.43802261352539,0.1856689453125,2546.28125,359986.0625,330199.65625,60,610.644712112844,0.0,236293fd70b4d7a77326892b662a4003e903b5b37599336802b2ae1afccecf52,True
189,4,23,135,original,41.81576156616211,15882.703125,3809.640869140625,41.81576156616211,0.491455078125,2508.945556640625,952962.125,228578.4375,60,610.1613659411669,0.0,d083eff4c347c01c0ee383e59169dc79361220c5ac3d8fc5b7ff3ce1ff6a8132,True
190,4,23,150,original,21.474939346313477,13413.65625,925.8865356445312,21.474939346313477,0.42724609375,1288.496337890625,804819.3125,55553.1875,60,609.8536876961589,0.0,d1329caafb388fe5de97f991d95fad4a9275ad0be21994132e8d64f9884eeec4,True
191,4,23,165,original,52.56311798095703,6851.4580078125,6768.83251953125,52.56311798095703,0.2158203125,3153.786865234375,411087.46875,406129.9375,60,609.7530899569392,0.0,8baf538fd539cc7135ed6de9f58566fc1805404de194b79024b9c343057585e6,True
192,4,23,180,original,29.722707748413086,12679.0087890625,2237.74755859375,29.722707748413086,0.393310546875,1783.3624267578125,760740.5,134264.84375,60,610.211965162307,0.0,f61a97dcab3dc7aa7469465331b6f3fd6eae287e007554377836ddf08fda6216,True
193,4,23,195,original,48.590110778808594,5286.89697265625,5286.89697265625,48.590110778808594,0.164794921875,2915.406494140625,317213.8125,317213.8125,60,609.839198179543,0.0,209b5d0771724e42962b37adde96ecc2f0d287aea3e21b01dba52cf4bbe1e980,True
194,4,23,210,original,33.61757278442383,2173.575439453125,2173.575439453125,33.61757278442383,0.078369140625,2017.05419921875,130414.515625,130414.515625,60,611.7382729426026,0.0,1da3376f57396cab5acbba58fb489a07201ce2bdced634f5125cb53f0ae2e975,True
195,4,23,225,original,30.95878028869629,9370.5361328125,1989.8292236328125,30.95878028869629,0.29296875,1857.5267333984375,562232.125,119389.75,60,610.3948936797678,0.0,0e03eb93fe2019c24e961722d85152572f4199dd3ff8a8d06ef1c0387fde319c,True
196,4,53,30,original,7.650106906890869,129.5389404296875,129.5389404296875,7.650106906890869,0.004467010498046875,459.0063781738281,7772.3359375,7772.3359375,60,611.2545868381858,0.0,a94a757b2fe4ce91b8e10794d7e0a7babcf9db081edf9ae16025d99ca8e3fde0,True
197,4,53,45,original,9.720475196838379,148.90463256835938,148.90463256835938,9.720475196838379,0.005092620849609375,583.2284545898438,8934.27734375,8934.27734375,60,608.1022419966757,0.0,853a678b896a64fb7d45a4197724a7f0cd565185fb2f6658d16be73544b70aad,True
198,4,53,60,original,4.5366692543029785,43.40001678466797,43.40001678466797,4.5366692543029785,0.0013837814331054688,272.20013427734375,2604.0009765625,2604.0009765625,60,619.1027518361807,0.0,15c8668567b6b383de8431a90d15daac55b635683304cb39adae814c248b160e,True
199,4,53,75,original,14.313870429992676,403.8528137207031,403.8528137207031,14.313870429992676,0.01267242431640625,858.8321533203125,24231.16796875,24231.16796875,60,611.0293786041439,0.0,6be9e425c4bfff62a0bc279fb9e32c01b93b71e7a61a9485c058181b10742625,True
200,4,53,90,original,23.020029067993164,819.1675415039062,819.1675415039062,23.020029067993164,0.027008056640625,1381.20166015625,49150.05078125,49150.05078125,60,609.6095792017877,0.0,777ab39e0d2a0979f33bebb6ef63a76b23f1789460b5689c5417a87254ca572a,True
201,4,53,105,original,15.407928466796875,413.64312744140625,413.64312744140625,15.407928466796875,0.0136260986328125,924.4756469726562,24818.5859375,24818.5859375,60,609.840857796371,0.0,7ab135ccf786c964352fb1d413910daf801de8e182285d8ea4f9766c84787ebb,True
202,4,53,120,original,22.47701072692871,1018.5296020507812,1018.5296020507812,22.47701072692871,0.03759765625,1348.62060546875,61111.7734375,61111.7734375,60,608.6161178536713,0.0,851806a0cc64c654c38341c5c10db5dd9142c43ef969faeb410294e2b8fc2a49,True
203,4,53,135,original,11.759434700012207,264.8194580078125,264.8194580078125,11.759434700012207,0.00946807861328125,705.5660400390625,15889.166015625,15889.166015625,60,609.3108323402703,0.0,c68c11575314d9536514764d7e740c5531a130dbd0154738433b1a7ba4ff3e82,True
204,4,53,150,original,7.350697994232178,84.28688049316406,84.28688049316406,7.350697994232178,0.0026950836181640625,441.0418701171875,5057.21240234375,5057.21240234375,60,609.8900884389877,0.0,dc33b5c4ca206380f41ee74408d89c463813eb8beedf5f831eb8871304abcb10,True
205,4,53,165,original,16.170251846313477,539.7302856445312,539.7302856445312,16.170251846313477,0.019622802734375,970.2150268554688,32383.81640625,32383.81640625,60,607.3225177824497,0.0,1fba1becf530236db55b911d800543dfd291a47236c68fa16cdb6b5effa6c84d,True
206,4,53,180,original,13.490060806274414,470.7013244628906,470.7013244628906,13.490060806274414,0.01629638671875,809.4036254882812,28242.078125,28242.078125,60,608.0283229239285,0.0,f7b36d808277613855b4e9318cfb6389c4b9cc683ebeda73dcdd48cbb850ec73,True
207,4,53,195,original,10.873028755187988,213.96038818359375,213.96038818359375,10.873028755187988,0.0078582763671875,652.3817138671875,12837.623046875,12837.623046875,60,609.9132969975471,0.0,192ac3270722d912dcb636a7b9757ed48b173e8e8f817fe6b5640771a57f5880,True
208,4,53,210,original,16.85389518737793,514.3181762695312,514.3181762695312,16.85389518737793,0.0168304443359375,1011.233642578125,30859.08984375,30859.08984375,60,609.6443790011108,0.0,9e2dfa1a73b93babdd42ccc0c79bc0c9d8f6c94b056284bc48ec640697f71bed,True
209,4,53,225,original,14.24487018585205,523.3265380859375,523.3265380859375,14.24487018585205,0.018218994140625,854.692138671875,31399.58984375,31399.58984375,60,611.2925056368113,0.0,20402fa2153c4369c007842bb3e0d763e29222bd2145fc1c06ae2305c2620107,True
210,4,84,30,original,36.12831497192383,5518.15185546875,3744.57373046875,36.12831497192383,0.1719970703125,2167.69873046875,331089.09375,224674.40625,60,611.325244884938,0.0,b23fe6c738b14c6d935880d39048c22652805ff4e5144bbf882be28125c3d32f,True
211,4,84,45,original,15.507550239562988,329.08709716796875,329.08709716796875,15.507550239562988,0.0136260986328125,930.4529418945312,19745.224609375,19745.224609375,60,611.2299459055066,0.0,f105d8efdf01cb200e9e3bf57651d24c56199a55488d122b2a8b8606e1fe3bcc,True
212,4,84,60,original,33.995819091796875,3143.1259765625,3143.1259765625,33.995819091796875,0.104248046875,2039.7491455078125,188587.546875,188587.546875,60,611.5161841735244,0.0,a87f7e8087b0516d124a86b0daf5f9a37c73fc15db5ec372cbe6ae949feb14a7,True
213,4,84,75,original,25.51485252380371,1412.4261474609375,1412.4261474609375,25.51485252380371,0.046478271484375,1530.89111328125,84745.5625,84745.5625,60,610.8435387723148,0.0,298df518b16b3a9bed2a1d0333f9f1b3aced15aee3c10c35afa97c72166df44b,True
214,4,84,90,original,7.665727138519287,122.65840148925781,122.65840148925781,7.665727138519287,0.005008697509765625,459.943603515625,7359.50390625,7359.50390625,60,628.0256793834269,0.0,6b44adb8b92f8ce8bf57696ad6eb00c96cdacfc690cb238598055749b3c1b0fb,True
215,4,84,105,original,8.452436447143555,165.83218383789062,165.83218383789062,8.452436447143555,0.006923675537109375,507.1461486816406,9949.9306640625,9949.9306640625,60,609.7814776003361,0.0,644d10ed7b4bbeee4d82e1f7f2d051328fa1705a206b74badad9547c25390a91,True
216,4,84,120,original,12.182599067687988,238.17617797851562,238.17617797851562,12.182599067687988,0.00820159912109375,730.9559326171875,14290.5703125,14290.5703125,60,610.4990821331739,0.0,b84b66ebbe43f6579e85480ae43d0445c66a8974b3bca5dd9526c0b054873e48,True
217,4,84,135,original,2.3761937618255615,8.996088027954102,8.996088027954102,2.3761937618255615,0.00035691261291503906,142.57162475585938,539.7652587890625,539.7652587890625,60,609.1486332006752,0.0,29e83420680db5d5fe9c80ee29b16487779ba0848a3b73c5bb25d11729401ad2,True
218,4,84,150,original,2.372807741165161,8.455013275146484,8.455013275146484,2.372807741165161,0.0002951622009277344,142.3684539794922,507.3007507324219,507.3007507324219,60,608.9419536292553,0.0,798fc90e845346feda097711dc50670f523817de2badba197c18fdd066ff6a26,True
219,4,84,165,original,13.883562088012695,491.870849609375,491.870849609375,13.883562088012695,0.021087646484375,833.013671875,29512.25,29512.25,60,609.0154629200697,0.0,c8bd4653b19eba4029e99e70b2db07890076d73241396480cbaa376a19fd665a,True
220,4,84,180,original,22.918479919433594,1105.9073486328125,1105.9073486328125,22.918479919433594,0.04644775390625,1375.1087646484375,66354.4375,66354.4375,60,611.381493974477,0.0,05e8a3ee4366d63dba098f8f674e370d0144f871e6a784374107db50d69b68e1,True
221,4,84,195,original,13.3557767868042,339.95074462890625,339.95074462890625,13.3557767868042,0.01186370849609375,801.3465576171875,20397.04296875,20397.04296875,60,609.2547909356654,0.0,a500044d8afd008e95d970afcdaba010fdca3e78fc5a10a5e25759a7955a9a96,True
222,4,84,210,original,13.55775260925293,322.7647399902344,322.7647399902344,13.55775260925293,0.01087188720703125,813.465087890625,19365.8828125,19365.8828125,60,609.2522707767785,0.0,19ccf9337180d6bbad9042d1e12aeeaf412fe5658c5abe6685984c05cbd1675f,True
223,4,84,225,original,6.717829704284668,128.92308044433594,128.92308044433594,6.717829704284668,0.00421905517578125,403.06976318359375,7735.38427734375,7735.38427734375,60,609.3875002115965,0.0,f9b62e1a45e0314aed6a3d037b3a28964fb8027870cedc517029b5af8a249f0b,True
224,4,59,30,original,3.4053425788879395,14.595575332641602,14.595575332641602,3.4053425788879395,0.0005879402160644531,204.32054138183594,875.7344970703125,875.7344970703125,60,609.053383115679,0.0,69fca9b682948d61f702dea5e27fbc4716bd737cc67b04893e83358af60f5a2b,True
225,4,59,45,original,1.783983826637268,5.478538513183594,5.478538513183594,1.783983826637268,0.00034165382385253906,107.03902435302734,328.7122802734375,328.7122802734375,60,609.2598508112133,0.0,82e49caaab9232435e5ecc353d8477db0d182c663f438c6a7ad7e265420d3807,True
226,4,59,60,original,1.6769990921020508,4.694363594055176,4.694363594055176,1.6769990921020508,0.00026154518127441406,100.61994171142578,281.66180419921875,281.66180419921875,60,609.9189650267363,0.0,28a51d7b764b398d47cf801cb4975cd7dc41a07f632c7d39c619249a0cc4d951,True
227,4,59,75,original,1.7141543626785278,8.855582237243652,8.855582237243652,1.7141543626785278,0.00027871131896972656,102.84925842285156,531.3348999023438,531.3348999023438,60,609.8221759311855,0.0,b19a9ac0c09009a18594e57a9d78bf926b8797ab3700828217e9b0f6edebeb01,True
228,4,59,90,original,2.270841121673584,16.419010162353516,16.419010162353516,2.270841121673584,0.0006017684936523438,136.25045776367188,985.1405029296875,985.1405029296875,60,609.827586915344,0.0,9e297d41aec776ba6573336d4f963db63be5f7e11c775181e80d78e583f760dd,True
229,4,59,105,original,3.2250609397888184,19.10758399963379,19.10758399963379,3.2250609397888184,0.0008215904235839844,193.50364685058594,1146.4549560546875,1146.4549560546875,60,610.2970917709172,0.0,04b4e5f3cd248372cf200b238acbc63cb70cd124e43d53d2083c84af04d4aa53,True
230,4,59,120,original,4.112185478210449,24.5039119720459,24.5039119720459,4.112185478210449,0.0010709762573242188,246.7311248779297,1470.234619140625,1470.234619140625,60,609.2134709469974,0.0,5f0ad34a7ffdcfd3581f485f39360957fbcab61d0e61442c44833db896147798,True
231,4,59,135,original,2.0285451412200928,6.308788299560547,6.308788299560547,2.0285451412200928,0.000396728515625,121.71270751953125,378.52728271484375,378.52728271484375,60,609.0162927284837,0.0,f724fdaa50cddc0fbbe774400c7092df54cf77cb6db60a7e8affd1a1b36f2489,True
232,4,59,150,original,1.5885238647460938,5.830308437347412,5.830308437347412,1.5885238647460938,0.00023484230041503906,95.3114242553711,349.8184814453125,349.8184814453125,60,624.2484990507364,0.0,eb2697cfcbe2ac9a132fe6d08415da72985080931a7b7d59a5d3d67ac555b3e4,True
233,4,59,165,original,10.292912483215332,237.10548400878906,237.10548400878906,10.292912483215332,0.008331298828125,617.57470703125,14226.328125,14226.328125,60,616.3385426625609,0.0,96fef4c7939a0cb3273bc361b3d144f872816222e65b4ecdb6a36157ea01c089,True
234,4,59,180,original,11.761845588684082,316.7219543457031,316.7219543457031,11.761845588684082,0.011474609375,705.710693359375,19003.31640625,19003.31640625,60,609.3713701702654,0.0,559b0b8d5c00a5a9d966c2a938439f83b513f4fca41ac78a0d2ce428b0099504,True
235,4,59,195,original,4.506853103637695,50.174522399902344,50.174522399902344,4.506853103637695,0.0020599365234375,270.4111633300781,3010.47119140625,3010.47119140625,60,613.1034889258444,0.0,8a4f1311cc76a95a90bb20c76dba311843463951cde047d1b6b64c1f1cb8a8ad,True
236,4,59,210,original,3.737384796142578,17.220340728759766,17.220340728759766,3.737384796142578,0.0009675025939941406,224.24307250976562,1033.2203369140625,1033.2203369140625,60,609.8950849846005,0.0,84efcf46c090559eb59d465aad1690add95cea909e289c059faba69a3cf29fd8,True
237,4,59,225,original,3.000009059906006,28.017854690551758,28.017854690551758,3.000009059906006,0.001026153564453125,180.0005340576172,1681.0711669921875,1681.0711669921875,60,609.1223610565066,0.0,935b441156f1f7066a624ee7ce44792bd66886258a806b4b04c3478592863438,True
238,4,49,30,original,21.556055068969727,846.9321899414062,846.9321899414062,21.556055068969727,0.033477783203125,1293.36328125,50815.9296875,50815.9296875,60,612.4051949009299,0.0,21a761555b03b5ced1e55b4a632d0e025f47db8610a00604fd4f5b1e2de43684,True
239,4,49,45,original,18.458114624023438,653.07568359375,653.07568359375,18.458114624023438,0.0271148681640625,1107.48681640625,39184.5390625,39184.5390625,60,609.457328915596,0.0,a89a2c502824f56ea6e75f7c9d5c04c04daf0e0f2a743ffcfce9a34105603ae0,True
240,4,49,60,original,24.114587783813477,974.3789672851562,974.3789672851562,24.114587783813477,0.0391845703125,1446.875244140625,58462.734375,58462.734375,60,609.4572492875159,0.0,2cfb693558add28d9e9409a9bd9440866e1ef86df0c133d5b30fc159822525cb,True
241,4,49,75,original,16.24568748474121,587.3741455078125,587.3741455078125,16.24568748474121,0.019500732421875,974.7412109375,35242.4453125,35242.4453125,60,610.0091240368783,0.0,2b52513b7c7ff00b9f0726a734e6d5e295adabd9193acb1ad4595e62b8502bc7,True
242,4,49,90,original,9.847090721130371,153.1088409423828,153.1088409423828,9.847090721130371,0.0059661865234375,590.825439453125,9186.5302734375,9186.5302734375,60,610.5987289920449,0.0,24221acd9c3608c1c85aba68bab6998f9f73487a5d1a77f3081c12bdc5877641,True
243,4,49,105,original,4.056713581085205,24.196083068847656,24.196083068847656,4.056713581085205,0.001613616943359375,243.40280151367188,1451.764892578125,1451.764892578125,60,609.4605489633977,0.0,7290e1e6cd1b9de5e71694098b61eeca2a78cf3672fcfedeee62f0c65b3e64d7,True
244,4,49,120,original,10.155576705932617,193.1669158935547,193.1669158935547,10.155576705932617,0.00852203369140625,609.3345947265625,11590.0146484375,11590.0146484375,60,609.7833751700819,0.0,897e14834153b59170988d19696b7d5bc9108f9f740ef7fb92a9d9679fea6b75,True
245,4,49,135,original,23.167619705200195,879.4202880859375,879.4202880859375,23.167619705200195,0.0294647216796875,1390.05712890625,52765.21484375,52765.21484375,60,609.8251254297793,0.0,d07555f26885d2947bacb2c03b2c386932cf0f25acbd735c20ac93f3567ccb6c,True
246,4,49,150,original,36.5991325378418,3927.7919921875,3131.818359375,36.5991325378418,0.127685546875,2195.94775390625,235667.5,187909.09375,60,612.5996522605419,0.0,6c6694a87fb328554c4287f17c0ffac000269a4d2af2879e320713b3d100af84,True
247,4,49,165,original,41.6727294921875,17185.966796875,4282.9228515625,41.6727294921875,0.53662109375,2500.363525390625,1031158.0,256975.34375,60,610.3179706260562,0.0,0e8f15f9901647b7ba3a23fcc4d796c4c240203f7846b1caf2fb234b8dd598f0,True
248,4,49,180,original,11.433111190795898,221.4194793701172,221.4194793701172,11.433111190795898,0.007328033447265625,685.9866333007812,13285.16796875,13285.16796875,60,609.331598971039,0.0,6678be09bc7b9510fa1d2e7efc5f5c7d5cda0a2d3bfd48c466f241202e218608,True
249,4,49,195,original,11.655644416809082,305.31060791015625,305.31060791015625,11.655644416809082,0.01021575927734375,699.338623046875,18318.634765625,18318.634765625,60,611.7502893321216,0.0,8a5e91bed5c3fa0995cde69a72427e1a23bdf023577cde56331066685f1ab47b,True
250,4,49,210,original,32.96696090698242,6585.384765625,2870.213623046875,32.96696090698242,0.20849609375,1978.017578125,395123.0625,172212.8125,60,611.141974106431,0.0,794936d40dcdb6e26a1e33871f932d2b6e26e6de7bdad1ed17c4f259c803f75d,True
251,4,49,225,original,47.04511260986328,6307.49267578125,4944.51220703125,47.04511260986328,0.1951904296875,2822.70654296875,378449.53125,296670.71875,60,609.5922067761421,0.0,fa78036d5cc3ac96a7cf081496eb15c951aec3bc410c7251c37a0e404b2932ff,True
252,4,7,30,original,13.64252758026123,278.6828308105469,278.6828308105469,13.64252758026123,0.01104736328125,818.5516357421875,16720.96875,16720.96875,60,609.6657272428274,0.0,0d416aed04daa4d690dcdc2aac5d3f24f64a735fb9153b6cafe01114e4bfc4ca,True
253,4,7,45,original,7.330692291259766,88.25169372558594,88.25169372558594,7.330692291259766,0.0038242340087890625,439.8415222167969,5295.1015625,5295.1015625,60,612.2841248288751,0.0,56e2f3c6756f1e88dada00f4c9a6c0dfb851c58c4f7e8d095d88afef74412758,True
254,4,7,60,original,7.746803283691406,120.64896392822266,120.64896392822266,7.746803283691406,0.004791259765625,464.80816650390625,7238.9375,7238.9375,60,609.1827503405511,0.0,a0a8f0ccd35256e9bb019d4606d7eb8e19dfce9cac88c49872c8b8cb2acb21cd,True
255,4,7,75,original,4.470485687255859,30.278928756713867,30.278928756713867,4.470485687255859,0.0019474029541015625,268.2291259765625,1816.735595703125,1816.735595703125,60,611.0013546422124,0.0,1cee488a3862dc55ab68225a66475e75f8d53be5e5aef160bd2c5be2f0869b9b,True
256,4,7,90,original,3.7813198566436768,57.35525131225586,57.35525131225586,3.7813198566436768,0.0023193359375,226.87918090820312,3441.31494140625,3441.31494140625,60,623.8925098441541,0.0,7a9d161a958034e235b23ce7faf7d42e4e98b009cbaecc2b93474ac2c984911d,True
257,4,7,105,original,7.463313102722168,114.74861907958984,114.74861907958984,7.463313102722168,0.0048370361328125,447.79876708984375,6884.9169921875,6884.9169921875,60,612.4722431413829,0.0,5be6e2366cc51f82aa45abd217a9a90a8f97ebabf13c71ca80f25a6efdfcdcb7,True
258,4,7,120,original,9.987482070922852,160.00648498535156,160.00648498535156,9.987482070922852,0.006076812744140625,599.2489013671875,9600.388671875,9600.388671875,60,612.9964287392795,0.0,348127c7b4e2d0d819079fa192abbcbed787c9a2742ab79cc6bd4938515baa70,True
259,4,7,135,original,6.0801191329956055,57.26275634765625,57.26275634765625,6.0801191329956055,0.0024433135986328125,364.80712890625,3435.76513671875,3435.76513671875,60,612.2856237925589,0.0,8aae9530b93a4a7acc60f4bafaad75802b4e1cf4d67ea954321e29af34d15742,True
260,4,7,150,original,5.439236640930176,80.29033660888672,80.29033660888672,5.439236640930176,0.0035800933837890625,326.35418701171875,4817.419921875,4817.419921875,60,611.286642961204,0.0,c83a0b0afb9d04c77c967867af28d89ba407f4fb6a55d53fd01b57ebd67f9f4b,True
261,4,7,165,original,17.345853805541992,616.4767456054688,616.4767456054688,17.345853805541992,0.0250701904296875,1040.751220703125,36988.6015625,36988.6015625,60,612.1165850199759,0.0,945379b26ceacc90bcab620e9ea94f861bab9f0289b56abc43568339efd3500e,True
262,4,7,180,original,21.685407638549805,927.4370727539062,927.4370727539062,21.685407638549805,0.03741455078125,1301.1243896484375,55646.22265625,55646.22265625,60,610.0573218427598,0.0,4466bbc792e830cede2295513c501a467cbef78c448b7d3f08a1b8f79587512b,True
263,4,7,195,original,12.618843078613281,332.1412353515625,332.1412353515625,12.618843078613281,0.01415252685546875,757.1305541992188,19928.47265625,19928.47265625,60,610.0552226416767,0.0,df91ed42eb67265eb9e6118570842ad0fc6a45b1ec6ecdb9acb7256be1b1b887,True
264,4,7,210,original,2.14469051361084,7.261852264404297,7.261852264404297,2.14469051361084,0.0002493858337402344,128.68142700195312,435.71112060546875,435.71112060546875,60,608.9718006551266,0.0,28c78a2fe6d3006f405c517cae2cbeec3cf00525802e337010feb464da2c52df,True
265,4,7,225,original,5.875099182128906,80.9832534790039,80.9832534790039,5.875099182128906,0.00274658203125,352.50592041015625,4858.9951171875,4858.9951171875,60,610.137902200222,0.0,0ab7791b68f7f0f44c3afaf8ca065eacf5d84605e3dd8a3ec17d3a5bf479fe86,True
266,4,47,30,original,9.27208137512207,141.31985473632812,141.31985473632812,9.27208137512207,0.007785797119140625,556.3248291015625,8479.1904296875,8479.1904296875,60,617.1216652728617,0.0,b44df9136c28b910fa558cfa5a0674cc645b0e2fb893c9d7d7c365c8d89e2f31,True
267,4,47,45,original,6.977692127227783,63.215641021728516,63.215641021728516,6.977692127227783,0.005496978759765625,418.6614990234375,3792.938232421875,3792.938232421875,60,625.0164909288287,0.0,80057e3effe48cc10237df6cb1e3c1fe2bf8f40ec69774a2c111936d0c90c96e,True
268,4,47,60,original,1.8295233249664307,4.535123825073242,4.535123825073242,1.8295233249664307,0.0003647804260253906,109.77139282226562,272.107421875,272.107421875,60,613.0705079995096,0.0,a6e00b87712cf1d7d68f2d7b43eba4c5bb18d5165a4181580bf3cb8ed6e7c30b,True
269,4,47,75,original,1.3378570079803467,2.752845048904419,2.752845048904419,1.3378570079803467,0.00012040138244628906,80.27141571044922,165.1707000732422,165.1707000732422,60,609.1828988865018,0.0,850fe2fb980e57b3931221d327f9ad58e612d79e94b28e94f9149b87d042977c,True
270,4,47,90,original,2.00895357131958,7.572742938995361,7.572742938995361,2.00895357131958,0.0002830028533935547,120.53720092773438,454.36456298828125,454.36456298828125,60,609.893353190273,0.0,db099a2621cd924975dc9a7dd7ecd0d334d5a6a2c07cd0596d901aa3ebc68273,True
271,4,47,105,original,3.3734726905822754,21.50102996826172,21.50102996826172,3.3734726905822754,0.0006990432739257812,202.40835571289062,1290.061767578125,1290.061767578125,60,609.4031669199467,0.0,5708534295afd08b4a34310b92375cd880ea7134820209401c615453ec06290e,True
272,4,47,120,original,1.7082254886627197,4.784754753112793,4.784754753112793,1.7082254886627197,0.000316619873046875,102.49352264404297,287.08526611328125,287.08526611328125,60,611.2016728147864,0.0,659ef15d231ff2cb4076341d94405f04e5dba07a434e86d8c3e8e81115fda3b3,True
273,4,47,135,original,3.159104585647583,15.131309509277344,15.131309509277344,3.159104585647583,0.00063323974609375,189.5462646484375,907.8785400390625,907.8785400390625,60,611.4266808144748,0.0,2c1e432a67c6f77f51896dcea10e2a013fea56927af71e815cb6c8e3b4ccdd2c,True
274,4,47,150,original,9.287713050842285,291.7777404785156,291.7777404785156,9.287713050842285,0.00986480712890625,557.2627563476562,17506.6640625,17506.6640625,60,609.8609729669988,0.0,10fb0080b90dabae88131c6e545550d30c5d07acccba5f6f97969bb2db6d8385,True
275,4,47,165,original,30.566600799560547,9254.3671875,2736.405517578125,30.566600799560547,0.286865234375,1833.9959716796875,555262.0,164184.328125,60,609.9140630103648,0.0,87083052bca1f71906f42fe42ac75831d59b35c9bcdf621e74bb032252649ce9,True
276,4,47,180,original,49.206424713134766,6171.00390625,5939.96630859375,49.206424713134766,0.191162109375,2952.38525390625,370260.21875,356397.96875,60,609.6101952716708,0.0,e77ba791210f2d85eb81fa4f646a72f90dc9d6fd4c951cc8cf3e8b5d6a18601f,True
277,4,47,195,original,9.659313201904297,145.49591064453125,145.49591064453125,9.659313201904297,0.0047454833984375,579.5587768554688,8729.75390625,8729.75390625,60,609.0884995646775,0.0,1f18790d017a150e22c750cc632ac7845746a2fd0c480c4d2432a3a6355b9eba,True
278,4,47,210,original,9.51054573059082,172.25352478027344,172.25352478027344,9.51054573059082,0.005619049072265625,570.6326904296875,10335.2109375,10335.2109375,60,609.4049368984997,0.0,96faef0aa0abedca26423370a9ebac02c9a2f80134dd4ea3d91de543dcbcc1fd,True
279,4,47,225,original,12.138969421386719,241.6938018798828,241.6938018798828,12.138969421386719,0.00827789306640625,728.338134765625,14501.626953125,14501.626953125,60,611.2555307336152,0.0,f234558602454de1f13f4c6e55b5d00ff194663c954745613dba4c566b7960ab,True
280,4,30,30,original,1.6966357231140137,4.599169731140137,4.599169731140137,1.6966357231140137,0.00014984607696533203,101.79814147949219,275.9501647949219,275.9501647949219,60,609.2928168363869,0.0,af3faed90836772555d9354428b20857244e13b345e7fef903f85aa551cb3fec,True
281,4,30,45,original,1.2743600606918335,3.7035417556762695,3.7035417556762695,1.2743600606918335,0.0001666545867919922,76.46160125732422,222.21249389648438,222.21249389648438,60,609.3703461810946,0.0,6f0ede44f40e72c2f28312cb1362878bd7daaec28fa90f97e9d1dd04843f4523,True
282,4,30,60,original,2.8648245334625244,17.28970718383789,17.28970718383789,2.8648245334625244,0.0006585121154785156,171.88946533203125,1037.38232421875,1037.38232421875,60,610.0079617463052,0.0,f8ed68bbfaa8345e2f739abba65c38acf97aaa439f11757a315c7957146b3cdd,True
283,4,30,75,original,0.8158965706825256,2.1500954627990723,2.1500954627990723,0.8158965706825256,7.647275924682617e-05,48.953792572021484,129.00572204589844,129.00572204589844,60,609.1599380597472,0.0,1fd4bb262aa9456b71f71ed240e51312806066244fd875010557baf219e851a6,True
284,4,30,90,original,0.8962622880935669,1.4472270011901855,1.4472270011901855,0.8962622880935669,7.098913192749023e-05,53.775733947753906,86.8336181640625,86.8336181640625,60,609.0896492823958,0.0,c517da9a3291800e4884cd1f2a3faa6a4604a8828e1ddf2c355a098f88cef19f,True
285,4,30,105,original,0.9064136743545532,1.8863716125488281,1.8863716125488281,0.9064136743545532,6.556510925292969e-05,54.38481903076172,113.18228912353516,113.18228912353516,60,609.5107747241855,0.0,973b6d26e6466087853b0bf0bba9afeef7fdeedff31f042f0104b601730ef7a3,True
286,4,30,120,original,2.4968156814575195,10.614706039428711,10.614706039428711,2.4968156814575195,0.0005307197570800781,149.80892944335938,636.88232421875,636.88232421875,60,612.8981779329479,0.0,5c43625e51e7f2a06d95b9f89ac5a8d0b710637b37bb95e590d3c54db115f91a,True
287,4,30,135,original,3.180237054824829,15.56088924407959,15.56088924407959,3.180237054824829,0.0006375312805175781,190.814208984375,933.6533203125,933.6533203125,60,609.4497363083065,0.0,34295e12cbf5408cf91f7c35cd49b6e9cd6f71455df054ae6bbd7c73a5e901e9,True
288,4,30,150,original,1.6200823783874512,4.735365390777588,4.735365390777588,1.6200823783874512,0.00027251243591308594,97.20494079589844,284.1219177246094,284.1219177246094,60,608.864180278033,0.0,4d9ffbd8a4981d2765e3bd7478de8c028e45651a4266228e7d6980de0ae74a0f,True
289,4,30,165,original,3.011240005493164,15.948973655700684,15.948973655700684,3.011240005493164,0.0005359649658203125,180.6743927001953,956.9383544921875,956.9383544921875,60,609.7279428504407,0.0,ef20d770400a8f6f7968aaf54e49221c68f8bec273d8990fb48e59a51a719e01,True
290,4,30,180,original,0.9926851391792297,2.6973814964294434,2.6973814964294434,0.9926851391792297,8.726119995117188e-05,59.56110382080078,161.84288024902344,161.84288024902344,60,609.515315387398,0.0,0988fcb53ed20088104f8146f8a7ba15af352986add3fd7046ca09f44ddef12c,True
291,4,30,195,original,2.6281700134277344,15.45798110961914,15.45798110961914,2.6281700134277344,0.0005640983581542969,157.690185546875,927.4788208007812,927.4788208007812,60,609.9550719372928,0.0,8677f47ebd333197e9c95a11c407aa8d24a042ded10ccd9eae1a3efb65c8b886,True
292,4,30,210,original,1.094262957572937,1.7430733442306519,1.7430733442306519,1.094262957572937,0.00012934207916259766,65.65577697753906,104.58439636230469,104.58439636230469,60,609.7144428640604,0.0,287c462f239051ad59e52816a647418a9dd34e577f6334a52abe199e973c9a26,True
293,4,30,225,original,1.0312551259994507,1.903551697731018,1.903551697731018,1.0312551259994507,8.600950241088867e-05,61.87530517578125,114.21309661865234,114.21309661865234,60,609.6093538217247,0.0,cc5d260f6c9897028d87da43478b38a4ab0d3f4f1847ab351507679e38e9802a,True
294,8,83,30,original,21.243806838989258,842.3038330078125,842.3038330078125,21.243806838989258,0.0280914306640625,1274.6282958984375,50538.2265625,50538.2265625,60,609.6513937227428,0.0,d1849f88942a727babff24f5571e44226f5c370b48a2ed3cc3273c6f21c46235,True
295,8,83,45,original,11.8318510055542,459.04541015625,459.04541015625,11.8318510055542,0.01506805419921875,709.9110107421875,27542.72265625,27542.72265625,60,609.4348258338869,0.0,69d5f82b7c1447fe8245603fa0bcb96418091543228517f59f640caa2141215f,True
296,8,83,60,original,11.257145881652832,261.4386901855469,261.4386901855469,11.257145881652832,0.00836944580078125,675.4287109375,15686.3212890625,15686.3212890625,60,609.4641950912774,0.0,766ef3e561f802517e6b0cb363adfb2b877d83e6663df492595fd58119f972e6,True
297,8,83,75,original,15.060681343078613,522.7962646484375,522.7962646484375,15.060681343078613,0.0168914794921875,903.6408081054688,31367.7734375,31367.7734375,60,609.3197171576321,0.0,deb1c18eb9b45d0429119722e65c367fc8dcea41b5f5a5236c50fbd54a37e22b,True
298,8,83,90,original,16.933927536010742,409.2823791503906,409.2823791503906,16.933927536010742,0.01285552978515625,1016.03564453125,24556.94140625,24556.94140625,60,609.9086720496416,0.0,fd4af54e68f939d3cc7f6f8b74ffb0c487afc7149bbb99c754c8765038377d7b,True
299,8,83,105,original,1.5127190351486206,3.3997297286987305,3.3997297286987305,1.5127190351486206,0.0002770423889160156,90.76313781738281,203.98377990722656,203.98377990722656,60,609.2594373039901,0.0,0cb6a5d67bbbe70f25b7d476d0ca368fe68e85fa2223d80acc0a24feed346352,True
300,8,83,120,original,14.814558029174805,660.5079345703125,660.5079345703125,14.814558029174805,0.02154541015625,888.8734130859375,39630.47265625,39630.47265625,60,610.6081358157098,0.0,3a61c9678f5a776fc7cacaa9df256a8d5b1760c84fd7f47fe00f6eb201416d4d,True
301,8,83,135,original,20.815963745117188,1124.034423828125,1124.034423828125,20.815963745117188,0.0369873046875,1248.957763671875,67442.0625,67442.0625,60,609.9161310121417,0.0,3230a1660e1f66ebc0f7aefa8a4c394629b3c940c964d471ada8b70efc50057d,True
302,8,83,150,original,7.0106892585754395,80.11512756347656,80.11512756347656,7.0106892585754395,0.0028858184814453125,420.6413269042969,4806.9072265625,4806.9072265625,60,610.2401888929307,0.0,ef0ca3d626642488cfa3c817b8de45875fe120020a6c2307f0ba77a8055ae42d,True
303,8,83,165,original,4.78817081451416,41.98770523071289,41.98770523071289,4.78817081451416,0.0021381378173828125,287.29022216796875,2519.26220703125,2519.26220703125,60,610.174679197371,0.0,6859235f142cff31a6cbcb8e356078a57b62d310fe4c0d12f20870cb439f8ed1,True
304,8,83,180,original,6.059622287750244,65.76718139648438,65.76718139648438,6.059622287750244,0.002811431884765625,363.57733154296875,3946.030517578125,3946.030517578125,60,609.6885432489216,0.0,4f5d4f4b9a70cd41c80f34529acb96c40abe258484645a0478d530d142169da8,True
305,8,83,195,original,13.375387191772461,611.8738403320312,611.8738403320312,13.375387191772461,0.0195159912109375,802.523193359375,36712.4296875,36712.4296875,60,610.3243678808212,0.0,5ad30382538c710c0b7c97e000da0362a0716abf062e0f841830dd762ada232e,True
306,8,83,210,original,20.2697696685791,1319.241455078125,1319.241455078125,20.2697696685791,0.042022705078125,1216.1861572265625,79154.484375,79154.484375,60,610.1217288523912,0.0,46382172863127876079c865893fd252d72601658ff42aabad820d07f1435d4a,True
307,8,83,225,original,18.6184139251709,730.1236572265625,730.1236572265625,18.6184139251709,0.02642822265625,1117.104736328125,43807.41796875,43807.41796875,60,610.3885378688574,0.0,b7f03540e13a444d3d6edf98536dc14fbe95db9642b6dced728817c382995c1b,True
308,8,15,30,original,21.571950912475586,927.854736328125,927.854736328125,21.571950912475586,0.0335693359375,1294.3170166015625,55671.28125,55671.28125,60,610.1777292788029,0.0,464f09b13a95b801c112bd645db2ceb3cbe5ad74e18fdc0675ace0371d87fb31,True
309,8,15,45,original,18.953641891479492,656.7367553710938,656.7367553710938,18.953641891479492,0.0239410400390625,1137.218505859375,39404.203125,39404.203125,60,610.3974278084934,0.0,9f3f4b9b32825c42322608a2124c07153c35324a60f7b084069fa5cc5bf0b171,True
310,8,15,60,original,11.847809791564941,160.8185272216797,160.8185272216797,11.847809791564941,0.00670623779296875,710.8685302734375,9649.111328125,9649.111328125,60,610.6563853099942,0.0,f468ab0fa30b156e5fd3d574967174e962bd0d7aa108e2894e22f0ea32f3a7b2,True
311,8,15,75,original,2.0738930702209473,7.473614692687988,7.473614692687988,2.0738930702209473,0.00024008750915527344,124.43357849121094,448.4168701171875,448.4168701171875,60,610.6939339078963,0.0,b628d56dc35bfed2cb30c9523e83ccb185904e6c1fe703803894fcbe2f5c5143,True
312,8,15,90,original,11.150822639465332,430.59381103515625,430.59381103515625,11.150822639465332,0.01525115966796875,669.04931640625,25835.626953125,25835.626953125,60,610.5531961657107,0.0,a77f880c18c5816fcb865789063c9f20aefba93b19310f31488d7067daf3fe04,True
313,8,15,105,original,13.176535606384277,334.349609375,334.349609375,13.176535606384277,0.012542724609375,790.5921020507812,20060.974609375,20060.974609375,60,610.9120328910649,0.0,5de4c3c06b186b553b5b7795b903acd5412ef160e501fcfe852c59d1f44ee8af,True
314,8,15,120,original,6.383499622344971,65.67252349853516,65.67252349853516,6.383499622344971,0.0024204254150390625,383.00994873046875,3940.351318359375,3940.351318359375,60,614.4010741263628,0.0,c34227ebe2dd0c2d67513a2a8e15b2589e2c470c771db6af8e2bbc8e6b9d01b4,True
315,8,15,135,original,8.846456527709961,154.19772338867188,154.19772338867188,8.846456527709961,0.005214691162109375,530.787353515625,9251.86328125,9251.86328125,60,610.5735250748694,0.0,2d3f5c6237eec73e13fc02cde4427d2d1db3dfa7ccc787483ec57d726cb5ef10,True
316,8,15,150,original,6.921761989593506,83.56753540039062,83.56753540039062,6.921761989593506,0.003143310546875,415.3056945800781,5014.0517578125,5014.0517578125,60,610.8753830194473,0.0,3c8aba4f11a311630a7493a136a0f39a4c8900ab38baa1294755b3750cd367c0,True
317,8,15,165,original,1.2963855266571045,2.67217755317688,2.67217755317688,1.2963855266571045,9.679794311523438e-05,77.78312683105469,160.3306427001953,160.3306427001953,60,610.7391440309584,0.0,db5fe331b5ef3b9ff1ecf740119aff7a59a20d76fd09fdf9aaf7384d4ae614b1,True
318,8,15,180,original,1.0582449436187744,1.970259666442871,1.970259666442871,1.0582449436187744,8.893013000488281e-05,63.494693756103516,118.215576171875,118.215576171875,60,610.6521543115377,0.0,cafb684430666abc6e201468e14f4b1f7b8e352aa227a6202195fcf9dec1f797,True
319,8,15,195,original,1.0903770923614502,2.0008459091186523,2.0008459091186523,1.0903770923614502,9.363889694213867e-05,65.42262268066406,120.05075073242188,120.05075073242188,60,610.1773786358535,0.0,4e52503e38ff0ff9e0e9b4ea7dcf4f20b93725e7d1791d243db37226332d69a6,True
320,8,15,210,original,1.094739556312561,1.9611930847167969,1.9611930847167969,1.094739556312561,8.589029312133789e-05,65.68437194824219,117.67157745361328,117.67157745361328,60,610.1004178635776,0.0,dc04197851c8bccbc4e8045accb4f2bd2c0482fb15cbeec014a0a5841e44a377,True
321,8,15,225,original,3.3341825008392334,18.28864097595215,18.28864097595215,3.3341825008392334,0.0006475448608398438,200.05093383789062,1097.318359375,1097.318359375,60,629.0054549463093,0.0,983e853c8d77d4132e5c8e2ce695936acede85617bf813e0018cb3b9ea645382,True
322,8,3,30,original,31.652605056762695,2470.875244140625,2470.875244140625,31.652605056762695,0.08154296875,1899.15625,148252.5,148252.5,60,610.8157429844141,0.0,01125cd7b82478bd5901ba5e2805b4df9622b0c0a49f194e45c6cbe590a5217b,True
323,8,3,45,original,41.203956604003906,12736.1650390625,4636.10888671875,41.203956604003906,0.395263671875,2472.2373046875,764169.875,278166.53125,60,610.7663828879595,0.0,d18bf7b07a21fbb122e7e0b2e6d38ecc064e813ae7a7cab9b5cbb48aa0e17f19,True
324,8,3,60,original,41.65397644042969,4609.18408203125,4214.45751953125,41.65397644042969,0.1495361328125,2499.238525390625,276551.03125,252867.4375,60,610.7092741876841,0.0,3ba36199f1d19d1057188339b9e32a9269c94235ffc7eb37f07e5617a556fd42,True
325,8,3,75,original,13.374334335327148,552.7904052734375,552.7904052734375,13.374334335327148,0.018035888671875,802.4600219726562,33167.421875,33167.421875,60,610.3799962438643,0.0,4952785cf8ce9f928293106650afb661accb1518df421cb4c2280ce0c9a6fbbc,True
326,8,3,90,original,14.395164489746094,369.0963134765625,369.0963134765625,14.395164489746094,0.011962890625,863.7098388671875,22145.77734375,22145.77734375,60,610.4309149086475,0.0,c8e106da216b663606ac81b75ebc3266a7f67fbf0d9c888a693cc4c231d34339,True
327,8,3,105,original,5.956716060638428,61.46230697631836,61.46230697631836,5.956716060638428,0.0029811859130859375,357.4029541015625,3687.73828125,3687.73828125,60,610.0637488998473,0.0,ab2c189e582e85804600af9622464c7707c7f083bfe493bf5745e2c1b45b1f52,True
328,8,3,120,original,12.406346321105957,284.1005859375,284.1005859375,12.406346321105957,0.01076507568359375,744.3807373046875,17046.03515625,17046.03515625,60,609.9588996730745,0.0,d999e6eb49fc03796f905b4db9e63adb1104bf83d015fddda63f25176e6bf538,True
329,8,3,135,original,14.104537963867188,348.5105895996094,348.5105895996094,14.104537963867188,0.01326751708984375,846.272216796875,20910.634765625,20910.634765625,60,610.4468060657382,0.0,19573985ff1cec9a8addf447b95d2538e542e550ed84c450c459aa2e975fce2b,True
330,8,3,150,original,18.981792449951172,454.6215515136719,454.6215515136719,18.981792449951172,0.0230255126953125,1138.907470703125,27277.291015625,27277.291015625,60,610.8079431578517,0.0,13a7ded10d34cee7862417ab3139871785aa92be55bfeee52b4e403e0a5b2ac5,True
331,8,3,165,original,14.822916984558105,358.4153137207031,358.4153137207031,14.822916984558105,0.01152801513671875,889.375,21504.91796875,21504.91796875,60,610.5656949803233,0.0,418d9cfaa80a5e70ef004c47bb58f0da8388320c7031ac0b1daffadb360309be,True
332,8,3,180,original,8.638497352600098,121.61360931396484,121.61360931396484,8.638497352600098,0.0038166046142578125,518.309814453125,7296.81640625,7296.81640625,60,611.0105109401047,0.0,a507203ac50a7bf8bd958d3aa5e95fbed849ce72438b4923afec9567df6ee7f8,True
333,8,3,195,original,2.517744541168213,10.330877304077148,10.330877304077148,2.517744541168213,0.0003974437713623047,151.06466674804688,619.8526000976562,619.8526000976562,60,611.7410850711167,0.0,08a1aa3c0f441f863d0fb266dc783a85d8c7d99874ccdde45873009178e605dd,True
334,8,3,210,original,4.882871627807617,40.43679428100586,40.43679428100586,4.882871627807617,0.002086639404296875,292.9722900390625,2426.20751953125,2426.20751953125,60,626.7219930887222,0.0,3d7a77a1283d846db7a6cbdda84af2c6dc66e4f323d548f3ff7a5ce85f9bbfbf,True
335,8,3,225,original,5.683444976806641,82.08322143554688,82.08322143554688,5.683444976806641,0.002567291259765625,341.0066833496094,4924.9931640625,4924.9931640625,60,610.3807250037789,0.0,0ee8164430aa11505b86d931580d6497e89ebfdbe5b571821fac34322a886725,True
336,8,35,30,original,36.88510513305664,2088.10595703125,2088.10595703125,36.88510513305664,0.0740966796875,2213.106201171875,125286.34375,125286.34375,60,610.4394160211086,0.0,6725916c285d99e0cc73cd4496689dc3fdbe6b7f0928c63ac7b4297fb6481cc8,True
337,8,35,45,original,17.80318260192871,530.7616577148438,530.7616577148438,17.80318260192871,0.0281982421875,1068.19091796875,31845.697265625,31845.697265625,60,610.5969930067658,0.0,3779f9fd51a33058f58cd07a51c6a7e46dcdc3ebb09648b361f53a3db461ca8f,True
338,8,35,60,original,28.122894287109375,1092.7117919921875,1092.7117919921875,28.122894287109375,0.039306640625,1687.37353515625,65562.703125,65562.703125,60,610.8313617296517,0.0,71a3f51f9a9d464cee09efc28bb1f796b8d62f8dd015a8aa7cbb588ed2bb44c6,True
339,8,35,75,original,4.179047584533691,21.14382553100586,21.14382553100586,4.179047584533691,0.0018339157104492188,250.7428436279297,1268.6295166015625,1268.6295166015625,60,611.3650877960026,0.0,59cad00bd84b4f05cd74f004ec6ca655ffc9eb5967497d35c0abb112195891e7,True
340,8,35,90,original,2.9649319648742676,15.675599098205566,15.675599098205566,2.9649319648742676,0.0006136894226074219,177.89590454101562,940.535888671875,940.535888671875,60,613.0567542277277,0.0,7dee01ac374913e08c264b05a56d2256a392b8738c6bc8aaa646f1712b2cf6e6,True
341,8,35,105,original,8.640909194946289,206.1275634765625,206.1275634765625,8.640909194946289,0.016082763671875,518.4545288085938,12367.6533203125,12367.6533203125,60,610.8975717797875,0.0,bcdf578603227a6b9718d2fd6b4d801cabda8525de64144ffd7ad20a788d0397,True
342,8,35,120,original,25.258974075317383,817.3413696289062,817.3413696289062,25.258974075317383,0.055450439453125,1515.538330078125,49040.48046875,49040.48046875,60,611.5617458708584,0.0,0945a1a25c32ca6eb1541f3174c39921b838f9383966d3f4a540fed864a5efab,True
343,8,35,135,original,27.911428451538086,961.1858520507812,961.1858520507812,27.911428451538086,0.06695556640625,1674.6856689453125,57671.1484375,57671.1484375,60,611.4586158655584,0.0,b6c15d1bc415fa806f3a29eb6db32024592e5223519bdbbcae20ed3d9edb309a,True
344,8,35,150,original,17.350805282592773,574.5990600585938,574.5990600585938,17.350805282592773,0.0242767333984375,1041.0482177734375,34475.94140625,34475.94140625,60,611.5590860135853,0.0,45bd4cb9816bfa0919154ef9956e17d0af00576b6942a8324aee82a837cc541e,True
345,8,35,165,original,7.396185398101807,123.99159240722656,123.99159240722656,7.396185398101807,0.00450897216796875,443.7710876464844,7439.4951171875,7439.4951171875,60,611.0228602774441,0.0,9f233d5a68cffb3e54208dd650c32802a30c6ae75c6f1783c69b2c218052fafb,True
346,8,35,180,original,2.196566581726074,8.390104293823242,8.390104293823242,2.196566581726074,0.0003464221954345703,131.7939910888672,503.40625,503.40625,60,611.4977262914181,0.0,07da42791c1e50c93ab6fd2cb36964a451a3b825e96fef9734f3c25b85a5fe54,True
347,8,35,195,original,2.643724203109741,8.739124298095703,8.739124298095703,2.643724203109741,0.0005235671997070312,158.62344360351562,524.347412109375,524.347412109375,60,610.4562352411449,0.0,8fa931964dbff45eaa1450e4b16e242ffca8076b761cbcc97ac15b24f84b4c4e,True
348,8,35,210,original,6.601012229919434,94.4071044921875,94.4071044921875,6.601012229919434,0.0032558441162109375,396.0606994628906,5664.42578125,5664.42578125,60,610.2612758986652,0.0,34bac691edf4c6d6f9cde596748c115b7ebb4a52f3edd3dd49eff9e8fd40c3e0,True
349,8,35,225,original,22.934612274169922,1940.3043212890625,1940.3043212890625,22.934612274169922,0.06243896484375,1376.07666015625,116418.25,116418.25,60,609.9570882506669,0.0,cffb893e70e92f8021b12c0ebfb2fee4b5fda815d239fd81d089ab9b7a233e34,True
350,8,48,30,original,57.75542449951172,5614.3115234375,5550.31640625,57.75542449951172,0.2318115234375,3465.3251953125,336858.6875,333018.96875,60,622.062579728663,0.0,2888f63bd4f7e588800ed1cb593394a0d009ba6f33056889c6efc37ea67000d4,True
351,8,48,45,original,57.96333312988281,11763.6943359375,7713.9384765625,57.96333312988281,0.365966796875,3477.7998046875,705821.625,462836.28125,60,611.3804471679032,0.0,63f5176fe60a7276ee5e976eef44527f23588d30ccecd11171ff61e1c8c27573,True
352,8,48,60,original,10.434504508972168,193.9391326904297,193.9391326904297,10.434504508972168,0.01019287109375,626.0702514648438,11636.34765625,11636.34765625,60,611.9040329940617,0.0,dcb917136efde78cb7f45eca29f4ac20f33ae0ce1f6ad1cded7d2573301035aa,True
353,8,48,75,original,7.582829475402832,93.10324096679688,93.10324096679688,7.582829475402832,0.0038204193115234375,454.9697570800781,5586.1943359375,5586.1943359375,60,612.0573710650206,0.0,e0ed018b8d8e1034987b560f19101f68e3078954cbbe0ae214cde3acce7f32c0,True
354,8,48,90,original,1.5038762092590332,3.970553398132324,3.970553398132324,1.5038762092590332,0.00030612945556640625,90.2325668334961,238.23318481445312,238.23318481445312,60,611.0862689092755,0.0,b9459d7a5212f61c82a81c71fd13eb2217a39d9f1ca8af01e361f3ce6f05446d,True
355,8,48,105,original,2.495069742202759,7.1539692878723145,7.1539692878723145,2.495069742202759,0.0005173683166503906,149.7041778564453,429.2381286621094,429.2381286621094,60,611.4392266608775,0.0,771a365e9531ccbbff38af43c9a67ff36b24a5eec7fe19db47a75ed3b21e6ea3,True
356,8,48,120,original,1.548341989517212,3.630662679672241,3.630662679672241,1.548341989517212,0.00018703937530517578,92.9005126953125,217.83975219726562,217.83975219726562,60,614.6802688017488,0.0,edc9e212e1800978864e9c3429410e0e8391ceb691ad72dbb67a6dd115b305fe,True
357,8,48,135,original,4.7508225440979,44.824462890625,44.824462890625,4.7508225440979,0.001567840576171875,285.0493469238281,2689.467529296875,2689.467529296875,60,615.4209841042757,0.0,0ee2e6a5d5179b9cb38c6c9b7d0b1a6867d55677437b4f92ee78f7da89a0dcc3,True
358,8,48,150,original,2.936331272125244,14.607528686523438,14.607528686523438,2.936331272125244,0.0005712509155273438,176.17987060546875,876.45166015625,876.45166015625,60,616.4222760125995,0.0,d51b0a2a2450fdc92c0ed1659975b49faeb4fedbd641def109638c12dbbfbf4c,True
359,8,48,165,original,5.814439296722412,55.210662841796875,55.210662841796875,5.814439296722412,0.0020046234130859375,348.8663330078125,3312.6396484375,3312.6396484375,60,611.7152939550579,0.0,dd064330014388d8f8da48d3d009ca0f29d8dcff635e9166300ff63e49d959f9,True
360,8,48,180,original,4.3279314041137695,27.502761840820312,27.502761840820312,4.3279314041137695,0.0017919540405273438,259.6758728027344,1650.1656494140625,1650.1656494140625,60,611.5785548463464,0.0,f15430e4cf778257b118fb7f4d7c06077757093d4892c8df50c7c7ade03f477a,True
361,8,48,195,original,6.420234680175781,58.912109375,58.912109375,6.420234680175781,0.004299163818359375,385.21405029296875,3534.726318359375,3534.726318359375,60,611.5111252292991,0.0,de620d65882e2ac4058ae0f36c8cf0d739c55b94c0aa54fdd9a5255df3ee6fd9,True
362,8,48,210,original,4.883005619049072,41.17539596557617,41.17539596557617,4.883005619049072,0.0020656585693359375,292.9803161621094,2470.523681640625,2470.523681640625,60,611.6053550504148,0.0,984d0e1e02190e0ad81d1a23bbb9e02831e5f71cd82a9c460f600bbd8ea2a632,True
363,8,48,225,original,6.971891403198242,101.14188385009766,101.14188385009766,6.971891403198242,0.00379180908203125,418.3134765625,6068.5126953125,6068.5126953125,60,612.1937488205731,0.0,32c72c50561ee6aa415e3a48b4a23113fd45f9f731964e89bf7232b8d71dc74d,True
364,8,22,30,original,2.8067545890808105,11.804261207580566,11.804261207580566,2.8067545890808105,0.0005164146423339844,168.4052734375,708.255615234375,708.255615234375,60,611.5666348487139,0.0,d40646d1513018112bf00e3c09693f3cbcd99612e79d729b2a4bdecd89b1aff0,True
365,8,22,45,original,2.5509886741638184,8.453144073486328,8.453144073486328,2.5509886741638184,0.0005002021789550781,153.05931091308594,507.1886291503906,507.1886291503906,60,611.7857731878757,0.0,dcf642e0b8b47af34a94c405d1be150d32677b316568bca5359c347b51dc84a7,True
366,8,22,60,original,2.09057354927063,7.121120452880859,7.121120452880859,2.09057354927063,0.0003383159637451172,125.43440246582031,427.2672119140625,427.2672119140625,60,612.084480933845,0.0,42730e770aa1dcf551aacabfb4ef8e9096df665805caaae67f51bc5af373330c,True
367,8,22,75,original,1.5479722023010254,3.6544148921966553,3.6544148921966553,1.5479722023010254,0.00014889240264892578,92.87832641601562,219.26487731933594,219.26487731933594,60,611.4372056908906,0.0,7a44c88f6dd37617c6373dabb190194dae058cf4a78827c07ff6799b5ff3cc70,True
368,8,22,90,original,2.7105934619903564,9.241372108459473,9.241372108459473,2.7105934619903564,0.0004024505615234375,162.63560485839844,554.4822998046875,554.4822998046875,60,611.4505361765623,0.0,dca8b47b0fa852726c1c597604403db01b9412255f5a0a6f9321c383829dcdf2,True
369,8,22,105,original,2.123598337173462,5.804089546203613,5.804089546203613,2.123598337173462,0.0003361701965332031,127.4158935546875,348.245361328125,348.245361328125,60,611.0839378088713,0.0,7b113c164c0cc45995fd4b0f9cb7f747633b72090e4f84fc3dda66608d4d0125,True
370,8,22,120,original,1.657448172569275,3.447148323059082,3.447148323059082,1.657448172569275,0.00018906593322753906,99.44688415527344,206.82888793945312,206.82888793945312,60,610.9645389951766,0.0,f78014a52159c352b4a355b19eef9d17c8a63047822f1738092f85fb516f5f6c,True
371,8,22,135,original,2.6478922367095947,16.6009521484375,16.6009521484375,2.6478922367095947,0.000732421875,158.87351989746094,996.05712890625,996.05712890625,60,610.8789402060211,0.0,07fbf6a9aceecb78c0a6dbbdc35d21e52e766ad5aee32d88a5edfcecafbae7c5,True
372,8,22,150,original,2.901181936264038,16.46434783935547,16.46434783935547,2.901181936264038,0.0005855560302734375,174.07090759277344,987.86083984375,987.86083984375,60,612.4035567045212,0.0,393bf0158f0107dcca3ac0526f5f1263f25e77132f93cf002aa51627e34c8955,True
373,8,22,165,original,1.8990992307662964,5.189122676849365,5.189122676849365,1.8990992307662964,0.0003082752227783203,113.9459457397461,311.34735107421875,311.34735107421875,60,610.1610758341849,0.0,78e7f066765dd4e679d2884b3afb9f781160ab9f6bcc6f58ed73d134a5e42793,True
374,8,22,180,original,1.2543202638626099,2.4418234825134277,2.4418234825134277,1.2543202638626099,0.0001900196075439453,75.25920867919922,146.5093994140625,146.5093994140625,60,624.8899358324707,0.0,c528ae3566a75f4bcaf129eaffe9430db1cddc5cf48c864d5f1735680df801eb,True
375,8,22,195,original,3.1666815280914307,22.67690086364746,22.67690086364746,3.1666815280914307,0.000713348388671875,190.00088500976562,1360.614013671875,1360.614013671875,60,621.0628659464419,0.0,061c2900fd82e25eacb7791d104072b00874be00cc2a2b69733ce84ab43cb71d,True
376,8,22,210,original,3.0169713497161865,16.2262020111084,16.2262020111084,3.0169713497161865,0.000545501708984375,181.0182647705078,973.5720825195312,973.5720825195312,60,611.5231639705598,0.0,f2f04be201c615aeabb4ac283ec71f7b2bdf83b1a43000babf45e5d5a9acb626,True
377,8,22,225,original,1.4659658670425415,2.7368409633636475,2.7368409633636475,1.4659658670425415,0.00013625621795654297,87.95794677734375,164.21044921875,164.21044921875,60,611.3286260515451,0.0,92ab0d2a4a80b9cf752be1b785be0dd2b7a16e2b9796ee04a25cbee93809da60,True
378,8,55,30,original,34.022605895996094,3269.007568359375,2838.5537109375,34.022605895996094,0.1134033203125,2041.3563232421875,196140.4375,170313.21875,60,610.8391699381173,0.0,c10b7c183cc4ce8d6afac59397fe6fc0797fd9d047725370e3a2d9102e062c87,True
379,8,55,45,original,8.846148490905762,114.5538330078125,114.5538330078125,8.846148490905762,0.00626373291015625,530.7688598632812,6873.2294921875,6873.2294921875,60,611.6984728723764,0.0,1579ced89a6b6cc987a7b7badb5ef6e42141e80b1beee3ba09be9b6afa13c7d3,True
380,8,55,60,original,1.9065364599227905,6.227560520172119,6.227560520172119,1.9065364599227905,0.0003502368927001953,114.39218139648438,373.65362548828125,373.65362548828125,60,606.6416837275028,0.0,ede9ef6a8e7b6f496127c29817bdf9f90485a1ed1a8bbdb5715436924d111a9f,True
381,8,55,75,original,2.1884565353393555,6.076984405517578,6.076984405517578,2.1884565353393555,0.0002589225769042969,131.30738830566406,364.6190490722656,364.6190490722656,60,608.7871664203703,0.0,2494d6a235a72c419bb22bd1e934521a14957f66f6bfa54a211c11c71754e5ae,True
382,8,55,90,original,1.8507708311080933,4.768110275268555,4.768110275268555,1.8507708311080933,0.0001913309097290039,111.0462417602539,286.08660888671875,286.08660888671875,60,610.2978140115738,0.0,05da3d3f13c0906f842aae6356db629c5880ac8a18f64933d605aff33eaebb30,True
383,8,55,105,original,1.833040475845337,4.706705570220947,4.706705570220947,1.833040475845337,0.0001800060272216797,109.982421875,282.4023132324219,282.4023132324219,60,608.9791851118207,0.0,9c8cfa9effb66f8590720afb5925342e3c429c7dc45ddf5fe49771be135569e0,True
384,8,55,120,original,1.9521315097808838,5.460974216461182,5.460974216461182,1.9521315097808838,0.0002053976058959961,117.12788391113281,327.658447265625,327.658447265625,60,608.5648983716965,0.0,3b5a54efcf17453a8806cc7792a4db8dc79202683e81feed9cae2ec1990b3e19,True
385,8,55,135,original,2.0336248874664307,5.681723117828369,5.681723117828369,2.0336248874664307,0.00022161006927490234,122.01748657226562,340.90338134765625,340.90338134765625,60,609.0997238643467,0.0,550b33e90394cccb6ab5b0d3b776b9564f23db71671975fff0587cce7819b3ae,True
386,8,55,150,original,1.989023208618164,5.574613094329834,5.574613094329834,1.989023208618164,0.0002180337905883789,119.34138488769531,334.4767761230469,334.4767761230469,60,608.9352150447667,0.0,d763524ef6f6b7962be3f58335ab1961f2fc35fcf9dd0c7418a012dd05dc02d0,True
387,8,55,165,original,1.867092490196228,4.634566783905029,4.634566783905029,1.867092490196228,0.00018680095672607422,112.02554321289062,278.0740051269531,278.0740051269531,60,611.3992845639586,0.0,5d7217033261ccfb30f8c50a43efc54671d40f7618e758e10b89932c559673a5,True
388,8,55,180,original,1.7524292469024658,4.1407904624938965,4.1407904624938965,1.7524292469024658,0.000171661376953125,105.145751953125,248.44741821289062,248.44741821289062,60,611.7158122360706,0.0,d405dd0d398a07d32434cd7373929da368ad6be038ea56077838783b91a76600,True
389,8,55,195,original,1.77818763256073,4.387373447418213,4.387373447418213,1.77818763256073,0.0001811981201171875,106.69125366210938,263.2424011230469,263.2424011230469,60,611.532093025744,0.0,b744eb28b753fea58419652bcf36b62b5dae06766ee2973b1e17520f0c58e7e0,True
390,8,55,210,original,1.8355060815811157,4.508912563323975,4.508912563323975,1.8355060815811157,0.0001876354217529297,110.13035583496094,270.53472900390625,270.53472900390625,60,611.3330847583711,0.0,9eb45d5a9a5375b68ed6b55d04206df61807a7dfcd4853c1a1fd58c3673d730b,True
391,8,55,225,original,1.838413119316101,4.533921241760254,4.533921241760254,1.838413119316101,0.00019371509552001953,110.30477905273438,272.0352478027344,272.0352478027344,60,611.321474891156,0.0,7abb85f5f8e7a30b408082e49ac6db06282a986513bde9bb21a3b1aacd631afa,True
392,8,4,30,original,11.540688514709473,333.4808654785156,333.4808654785156,11.540688514709473,0.010345458984375,692.4412841796875,20008.8515625,20008.8515625,60,614.7189270704985,0.0,95f49c01243fbe15fcf4f14c68d404003a7fb1cb9f27b14b18e09be36da88e99,True
393,8,4,45,original,6.914959907531738,174.9126739501953,174.9126739501953,6.914959907531738,0.005558013916015625,414.8975830078125,10494.759765625,10494.759765625,60,611.6737416014075,0.0,8cb2cb6135856f2ff31f6b7c207287a2e5f570b60e0382a324ac0ef251f3b6ec,True
394,8,4,60,original,20.564950942993164,968.8035888671875,968.8035888671875,20.564950942993164,0.030548095703125,1233.89697265625,58128.2109375,58128.2109375,60,611.4113037474453,0.0,a8d0855d74ce282f68eda2739ed1b9fb56d49ba661d44463924bbe094e1c4dff,True
395,8,4,75,original,11.897872924804688,382.3551025390625,382.3551025390625,11.897872924804688,0.0118255615234375,713.872314453125,22941.3046875,22941.3046875,60,611.2167662940919,0.0,870adee0442c7c7611643a32e9856b5e312f52624cad0fc2daa4de84e97c4c89,True
396,8,4,90,original,12.180756568908691,448.0748596191406,448.0748596191406,12.180756568908691,0.01398468017578125,730.8453369140625,26884.490234375,26884.490234375,60,611.0805468633771,0.0,90f1aed909ff9710b20b62abea9aee0c533b72251d448d3cf84cfd48d43b1411,True
397,8,4,105,original,11.896200180053711,350.5992431640625,350.5992431640625,11.896200180053711,0.0118865966796875,713.77197265625,21035.953125,21035.953125,60,610.1261051371694,0.0,6beddee4630979f2eb182153ba67ba20b6f3576de38f4f8016311472267df11a,True
398,8,4,120,original,14.77018928527832,646.7743530273438,646.7743530273438,14.77018928527832,0.019989013671875,886.2113037109375,38806.4609375,38806.4609375,60,610.6579997576773,0.0,08a54eddfb5f9e733cfe460231775a8330029bca7da87f5a5e673875b62a83e1,True
399,8,4,135,original,10.082584381103516,241.4777069091797,241.4777069091797,10.082584381103516,0.007701873779296875,604.9550170898438,14488.662109375,14488.662109375,60,610.3351330384612,0.0,70bc76fe1df06bd63d082d135b10a500d457f7e32ada9e1e6aba9ddde949330b,True
400,8,4,150,original,33.37947082519531,4721.822265625,3296.088623046875,33.37947082519531,0.1561279296875,2002.7681884765625,283309.3125,197765.3125,60,611.4576626569033,0.0,a7b52d7750241b852c10b467410a36277e98cbc557ea4ca257b7e567a423e658,True
401,8,4,165,original,50.862831115722656,6313.83447265625,5585.10546875,50.862831115722656,0.2017822265625,3051.769775390625,378830.0625,335106.3125,60,612.6999040134251,0.0,7f8d545361fee7eb67e6d865fc1855ce586f97775c5f096fc26039de58cee9d9,True
402,8,4,180,original,47.227848052978516,5618.01123046875,5618.01123046875,47.227848052978516,0.174560546875,2833.670654296875,337080.65625,337080.65625,60,609.818416647613,0.0,e2d51ebf2ee8e1cb4643fae80a65f408c5cf141fdb73ba56ed6abccb7806c93d,True
403,8,4,195,original,10.563681602478027,185.39207458496094,185.39207458496094,10.563681602478027,0.006683349609375,633.8208618164062,11123.5234375,11123.5234375,60,609.9454360082746,0.0,900f59a43be6fdddee7f2de2abee8f5d706db8684e93f658fedd85dd7b8c011e,True
404,8,4,210,original,35.75962829589844,1834.14111328125,1834.14111328125,35.75962829589844,0.07342529296875,2145.57763671875,110048.4609375,110048.4609375,60,608.3186487667263,0.0,985df5a05ea97e39ede7d51a0d1cfd7d6b4df73bb5695adfc6010b0546af4912,True
405,8,4,225,original,12.824949264526367,288.30596923828125,288.30596923828125,12.824949264526367,0.01203155517578125,769.4968872070312,17298.357421875,17298.357421875,60,609.0068640187383,0.0,e4da3f881eb4cff9c0f4dd3b1f7ac7b81e209a270b85198864b720a6c2b985dd,True
406,8,45,30,original,10.64411449432373,239.00950622558594,239.00950622558594,10.64411449432373,0.0129547119140625,638.6468505859375,14340.5693359375,14340.5693359375,60,610.0427242927253,0.0,c90a263ca481068b13ecb5b23032694dbe972e27418445da45e30088fe451d7b,True
407,8,45,45,original,26.788379669189453,1166.559814453125,1166.559814453125,26.788379669189453,0.062225341796875,1607.302734375,69993.5859375,69993.5859375,60,610.2353730238974,0.0,0cd21b126b359fccf75cf8f65f13def7399fc5e284b3d565b786fbb985cbc731,True
408,8,45,60,original,26.850479125976562,891.111572265625,891.111572265625,26.850479125976562,0.041778564453125,1611.0286865234375,53466.69140625,53466.69140625,60,609.8643369041383,0.0,0b59655288816b53dddea011a3d7215f5c66dcf444dc0967373782bf3d2c3805,True
409,8,45,75,original,3.945283889770508,29.455852508544922,29.455852508544922,3.945283889770508,0.0010328292846679688,236.71702575683594,1767.35107421875,1767.35107421875,60,621.5000818483531,0.0,ca8563b8c70332cdbcb7bb431372a35d1cd5ec4add76f92c6622a091dda47516,True
410,8,45,90,original,4.167441368103027,26.613571166992188,26.613571166992188,4.167441368103027,0.001186370849609375,250.04647827148438,1596.814208984375,1596.814208984375,60,609.1510918922722,0.0,11a77169b9b49fac734c996d39c96ce0ac18feb9bdf685232b8d1a7dd84d2b6f,True
411,8,45,105,original,1.5071327686309814,3.956543207168579,3.956543207168579,1.5071327686309814,0.0001367330551147461,90.42796325683594,237.392578125,237.392578125,60,611.2902341410518,0.0,c95042b5f461b092839b16f96f73c79e22cd784b74b40aba2bc4ef0499d92a17,True
412,8,45,120,original,17.108901977539062,910.6084594726562,910.6084594726562,17.108901977539062,0.0299224853515625,1026.5340576171875,54636.50390625,54636.50390625,60,611.0748369246721,0.0,1a3ebbf39645497dd64baf0bcf97f440caed74e840661fb7df299d15d761b7f8,True
413,8,45,135,original,15.447662353515625,501.0503234863281,501.0503234863281,15.447662353515625,0.0159454345703125,926.8596801757812,30063.017578125,30063.017578125,60,609.0429332107306,0.0,0a6535041e57e78420084b1512a88626fa879fe00208f2c744ea07a590dd60b2,True
414,8,45,150,original,5.908822059631348,75.38810729980469,75.38810729980469,5.908822059631348,0.0024356842041015625,354.529296875,4523.2861328125,4523.2861328125,60,610.6179901398718,0.0,62725a2714084d0109298aa6425301498e69cd619d9f10155200914585f9804d,True
415,8,45,165,original,5.883663177490234,72.4876480102539,72.4876480102539,5.883663177490234,0.0023708343505859375,353.019775390625,4349.2587890625,4349.2587890625,60,610.2324826642871,0.0,49add03caee0aef3e8b31b617f3530d11809bb6ba2839f24cbaf7a5b80475b7c,True
416,8,45,180,original,5.836750030517578,71.87300109863281,71.87300109863281,5.836750030517578,0.0023441314697265625,350.2049865722656,4312.3798828125,4312.3798828125,60,610.7361689209938,0.0,ef1427a0a67202fef830adc58eb6081c90618d19da3d8c236026cf5b9b8aa819,True
417,8,45,195,original,5.885530471801758,74.14523315429688,74.14523315429688,5.885530471801758,0.0024127960205078125,353.1318054199219,4448.7138671875,4448.7138671875,60,609.8514259792864,0.0,d71416500a7cdd3adbc7895344aeb64019abba93230011f286e27538896d0341,True
418,8,45,210,original,5.9725751876831055,76.02156066894531,76.02156066894531,5.9725751876831055,0.0024852752685546875,358.3544921875,4561.29345703125,4561.29345703125,60,610.6194597668946,0.0,32be267d1ae58f79b5427b1693da5372dc7d265f64ee43c2aeed24660f92c72f,True
419,8,45,225,original,5.986056804656982,76.12088775634766,76.12088775634766,5.986056804656982,0.002483367919921875,359.16339111328125,4567.2529296875,4567.2529296875,60,609.9051260389388,0.0,ca8e620b9a461497d8710811cacd143a0fc332309809585d87b0562fa911ee41,True
420,8,60,30,original,5.440621376037598,99.49873352050781,99.49873352050781,5.440621376037598,0.0031299591064453125,326.437255859375,5969.923828125,5969.923828125,60,611.0060969367623,0.0,5512da48e56c9b976fa0bce5a8845e5eb2ce39d7134e6ec2d03fa074d2979d63,True
421,8,60,45,original,6.178750991821289,67.60033416748047,67.60033416748047,6.178750991821289,0.0022678375244140625,370.72503662109375,4056.02001953125,4056.02001953125,60,613.7227537110448,0.0,45137c5f84e5cca4a0672c5ebc4567a2d129a4cc7877304a071db94643c52b7d,True
422,8,60,60,original,2.183615207672119,8.817766189575195,8.817766189575195,2.183615207672119,0.0002856254577636719,131.01690673828125,529.06591796875,529.06591796875,60,613.884013146162,0.0,af3715c4c941250bf8c0b64118f46aa521ecabab917b2b14df0ff34ff606e09f,True
423,8,60,75,original,2.0974717140197754,9.243077278137207,9.243077278137207,2.0974717140197754,0.00029921531677246094,125.8482894897461,554.5845947265625,554.5845947265625,60,613.5942661203444,0.0,60a7e244c88c04a6b9b0a9dc8f19e18f4445a07df5815d01289e1b632fa8a247,True
424,8,60,90,original,5.914373874664307,82.04692840576172,82.04692840576172,5.914373874664307,0.0029735565185546875,354.8624267578125,4922.8154296875,4922.8154296875,60,612.7264122478664,0.0,d565bbc5498a30e15d74b62e1f86518aede1d4651ae43ad57a56e5421f4e3b59,True
425,8,60,105,original,6.032832145690918,67.4997787475586,67.4997787475586,6.032832145690918,0.0021953582763671875,361.96990966796875,4049.986572265625,4049.986572265625,60,612.028188072145,0.0,5e38e70c920d15991b9f22a70b5e1826d9549fc195c43e137848e5c3d8209334,True
426,8,60,120,original,2.1457080841064453,7.070312023162842,7.070312023162842,2.1457080841064453,0.0002636909484863281,128.7424774169922,424.21868896484375,424.21868896484375,60,612.2558261267841,0.0,70e238e031e29b8ec07910c3a4f98fd889715db9d1f757b456f0b4f47f1adf74,True
427,8,60,135,original,1.2905569076538086,2.4185588359832764,2.4185588359832764,1.2905569076538086,8.791685104370117e-05,77.43341064453125,145.113525390625,145.113525390625,60,612.1422769501805,0.0,ef9add3661361cb78e550a43249812f4ba854838e90ad3dfc7ba820d0382f5a1,True
428,8,60,150,original,1.625195860862732,4.5510430335998535,4.5510430335998535,1.625195860862732,0.00014603137969970703,97.51174926757812,273.06256103515625,273.06256103515625,60,611.8586594238877,0.0,23b03f5d7fa0d0d953e62f564ee92a39acfba2fab126c51522b9aa5f73466210,True
429,8,60,165,original,2.424299955368042,14.121001243591309,14.121001243591309,2.424299955368042,0.0004642009735107422,145.45799255371094,847.260009765625,847.260009765625,60,611.7026009596884,0.0,d1ea75542ac0916af0b2d5a9abc77eb5a386bc3aa2010ff8c6db530dfdb138f3,True
430,8,60,180,original,3.4762916564941406,25.603660583496094,25.603660583496094,3.4762916564941406,0.0008606910705566406,208.57748413085938,1536.2196044921875,1536.2196044921875,60,612.0857070200145,0.0,97b00bed27a7a6eca6357c5748763f807a5bda41aca6fc58805618b5615cb32f,True
431,8,60,195,original,2.116694450378418,8.291698455810547,8.291698455810547,2.116694450378418,0.000278472900390625,127.00166320800781,497.50189208984375,497.50189208984375,60,611.9580776430666,0.0,a87fd5942cc2e67281ff510ba59dbbbdad6ae1d71cd7fe1894de45a609fd23cf,True
432,8,60,210,original,2.026165723800659,7.7766876220703125,7.7766876220703125,2.026165723800659,0.00024580955505371094,121.56993865966797,466.6012268066406,466.6012268066406,60,611.5534319542348,0.0,d3169daa56f36f623d7995918685876d854c265ad4a4cf320ff6a6deff6801cf,True
433,8,60,225,original,2.2187304496765137,7.705551624298096,7.705551624298096,2.2187304496765137,0.00025963783264160156,133.1238250732422,462.33306884765625,462.33306884765625,60,611.8748090229928,0.0,e9236bba1284722c270d5b3d330302882ca56fe6f1ead115c521fbd03f3b1f3d,True
434,8,26,30,original,28.05805015563965,1316.1781005859375,1316.1781005859375,28.05805015563965,0.045654296875,1683.48291015625,78970.6796875,78970.6796875,60,612.2005260549486,0.0,584208d0b50e351724bca6c47f433f6acdd782719fc39b963b3515dc991c2c09,True
435,8,26,45,original,21.218830108642578,754.8402709960938,754.8402709960938,21.218830108642578,0.027313232421875,1273.1297607421875,45290.4140625,45290.4140625,60,611.9574583135545,0.0,638d189906bfd31b57c05a67ed157bc7352aa9d477a561a0cdafa6528e200a20,True
436,8,26,60,original,5.83497953414917,47.306610107421875,47.306610107421875,5.83497953414917,0.0016889572143554688,350.0987548828125,2838.396484375,2838.396484375,60,612.187497317791,0.0,f5b5669eb9f01d2879769385f9d8cfe408860479026304ec206cbc8abf880739,True
437,8,26,75,original,3.76930832862854,25.114465713500977,25.114465713500977,3.76930832862854,0.0007905960083007812,226.1584930419922,1506.867919921875,1506.867919921875,60,611.8608782999218,0.0,5f39721711ba34601eef58c94d7dcbc1ab8eea8e5f2773936cbcb79755c0347a,True
438,8,26,90,original,2.124532699584961,5.64326810836792,5.64326810836792,2.124532699584961,0.00028061866760253906,127.47195434570312,338.5960693359375,338.5960693359375,60,611.7481491528451,0.0,f6c62316d5391bdff337e3e2dd9066bebc7224962779e029c0664dee7730a5a9,True
439,8,26,105,original,3.562727451324463,22.518482208251953,22.518482208251953,3.562727451324463,0.0008082389831542969,213.76364135742188,1351.10888671875,1351.10888671875,60,611.6510601714253,0.0,d87fab4a761b8239d1c78bb4d8c46f6040ec7e7960c7f2038c49c3aeb51e9402,True
440,8,26,120,original,10.87386703491211,185.56752014160156,185.56752014160156,10.87386703491211,0.006591796875,652.4320068359375,11134.05078125,11134.05078125,60,613.5954651981592,0.0,b0996fe7b82b88c96e4f6820929637a0c4a3bca8113580e95795efddaa5993ab,True
441,8,26,135,original,9.774031639099121,160.1595458984375,160.1595458984375,9.774031639099121,0.0052490234375,586.44189453125,9609.572265625,9609.572265625,60,611.9353477843106,0.0,e41433a2ef67d62f0bb5ff45ad70739d9a33affd800f8c35f98ae3c24f8492a5,True
442,8,26,150,original,13.037171363830566,289.69122314453125,289.69122314453125,13.037171363830566,0.01320648193359375,782.230224609375,17381.47265625,17381.47265625,60,611.466552130878,0.0,2a3235dfb4ab9556dfd46ac2f75a6578e39e0fc946b8c38df17c98c51842d7fb,True
443,8,26,165,original,4.305551528930664,46.05669403076172,46.05669403076172,4.305551528930664,0.001880645751953125,258.33306884765625,2763.401611328125,2763.401611328125,60,611.468262039125,0.0,8a5350909a7cd42926694b7ff96b8231139714b05c360782d8e07f21482beb39,True
444,8,26,180,original,7.075577735900879,72.5363540649414,72.5363540649414,7.075577735900879,0.0031604766845703125,424.5346374511719,4352.18115234375,4352.18115234375,60,611.7575499229133,0.0,ee3569a2fee8d74d739765647c3198b59a5f0c7ffc8bca7ab82e6799718d0686,True
445,8,26,195,original,5.826347351074219,72.33504486083984,72.33504486083984,5.826347351074219,0.003009796142578125,349.580810546875,4340.1025390625,4340.1025390625,60,611.7321290075779,0.0,0114faaf798d8e429955057a14b14a7d38329305f85a5de30a02d9c9da982d8c,True
446,8,26,210,original,7.564674377441406,98.69038391113281,98.69038391113281,7.564674377441406,0.00498199462890625,453.88043212890625,5921.4228515625,5921.4228515625,60,612.6129226759076,0.0,df5273326194d0e183dd204152c073a7c9add393bfb6760825c2ad92493a9389,True
447,8,26,225,original,9.775205612182617,120.46183013916016,120.46183013916016,9.775205612182617,0.00553131103515625,586.5123291015625,7227.70947265625,7227.70947265625,60,612.3717040754855,0.0,1e8174ea45be95708dc6e3a9b317647024531bd8e7f6ba74085aba0e6f07f0b9,True
448,8,21,30,original,1.634224772453308,4.308086395263672,4.308086395263672,1.634224772453308,0.0001468658447265625,98.05348205566406,258.48516845703125,258.48516845703125,60,611.9457981549203,0.0,75adca1a14efae930e34ac001258f756c7efce6b6f264f36fe23d46e3cdedf08,True
449,8,21,45,original,3.186415195465088,16.24724769592285,16.24724769592285,3.186415195465088,0.0009083747863769531,191.18490600585938,974.8348388671875,974.8348388671875,60,612.143806181848,0.0,681bc686564a9fc2fc780cc096cb2041a532caab1ef274ca1923e15c494589d9,True
450,8,21,60,original,5.201188087463379,36.00907516479492,36.00907516479492,5.201188087463379,0.0022144317626953125,312.0712585449219,2160.54443359375,2160.54443359375,60,611.9986767880619,0.0,1c2f68599012709e8441ba553b62b8d46d7b3a840d4b1a62ccb89a03d9b5732f,True
451,8,21,75,original,4.320699691772461,23.686189651489258,23.686189651489258,4.320699691772461,0.0008950233459472656,259.2419738769531,1421.1712646484375,1421.1712646484375,60,615.1310210116208,0.0,a8e9c38f721139030d8d66b1b864fb760cd82eddd02bcda400ec4b604e191e9f,True
452,8,21,90,original,1.6133356094360352,3.416409969329834,3.416409969329834,1.6133356094360352,0.0002155303955078125,96.80013275146484,204.98458862304688,204.98458862304688,60,611.019975040108,0.0,4578ca5a560d4bf36f75fc96b5724c3f301a31920ff7d22ba48132dc1edc1794,True
453,8,21,105,original,1.8559376001358032,4.418665885925293,4.418665885925293,1.8559376001358032,0.0002796649932861328,111.35624694824219,265.11993408203125,265.11993408203125,60,610.8367969281971,0.0,f19f184ee23f937f3f2cc03eb1ac68d0271e71648cf1f9ea21a37f7e7c18a4c5,True
454,8,21,120,original,5.199822425842285,72.89311218261719,72.89311218261719,5.199822425842285,0.002658843994140625,311.98931884765625,4373.58642578125,4373.58642578125,60,611.8207280524075,0.0,09a54cce5249b69b8fd924c70365d5acd9b0a2b203e988d4ff590b5bee30c9c7,True
455,8,21,135,original,5.746068000793457,86.00455474853516,86.00455474853516,5.746068000793457,0.002788543701171875,344.7640686035156,5160.27294921875,5160.27294921875,60,611.5883900783956,0.0,cbbbf9e5e445686faa7fb34ba023311c09f2f773494c180c92d6213389fa3a09,True
456,8,21,150,original,2.2978084087371826,7.031784534454346,7.031784534454346,2.2978084087371826,0.0005278587341308594,137.86849975585938,421.90704345703125,421.90704345703125,60,612.0644262991846,0.0,e4821facfc0d4335908f10dd919578f6a11f74fea72ca62038be2cbec006d8cd,True
457,8,21,165,original,1.5405261516571045,3.3639309406280518,3.3639309406280518,1.5405261516571045,0.0002703666687011719,92.43156433105469,201.83584594726562,201.83584594726562,60,611.9941570796072,0.0,77423523b69348bb211220b547adb97cab04d149d32fe586fe0eb1b4578bc085,True
458,8,21,180,original,1.4702060222625732,3.040304183959961,3.040304183959961,1.4702060222625732,0.00023281574249267578,88.21235656738281,182.41824340820312,182.41824340820312,60,611.6914390586317,0.0,285c7258614a37fb1d4cebb3d486641448fdf7dc18ece97430731926701729ca,True
459,8,21,195,original,1.4365804195404053,3.0552124977111816,3.0552124977111816,1.4365804195404053,0.00024306774139404297,86.19482421875,183.312744140625,183.312744140625,60,611.4939609542489,0.0,3cbfb2a08c7b9fc3e0a9d6fdfcaa31b02a32b8cbb49d1d693d817857a1d51ae3,True
460,8,21,210,original,1.5626198053359985,3.465693950653076,3.465693950653076,1.5626198053359985,0.0002770423889160156,93.75718688964844,207.94161987304688,207.94161987304688,60,611.7916288785636,0.0,80a3c928dabf282ede17e75cc36f8ce73b793ee62ad4e785a1c81e9e2272e026,True
461,8,21,225,original,1.5286569595336914,3.298135995864868,3.298135995864868,1.5286569595336914,0.00023603439331054688,91.71941375732422,197.88815307617188,197.88815307617188,60,617.4131422303617,0.0,f13113625682af0ebd168fbad6a6d5bb5ad225d1c452a6b123e0dc62043bebe0,True
462,8,44,30,original,12.656710624694824,345.0225524902344,345.0225524902344,12.656710624694824,0.0114593505859375,759.402587890625,20701.3515625,20701.3515625,60,614.4887758418918,0.0,3536e8c3f0e9e6a1c23cad543c741df7b80f9d3649e4292937ebedc207517d96,True
463,8,44,45,original,6.672330856323242,112.11731719970703,112.11731719970703,6.672330856323242,0.00397491455078125,400.33984375,6727.03857421875,6727.03857421875,60,610.5993883684278,0.0,02622f6870bc8b34293f833fbc1221e86850351a358fa565af4e78de393bb7dd,True
464,8,44,60,original,5.750958442687988,49.54148483276367,49.54148483276367,5.750958442687988,0.0016431808471679688,345.0574951171875,2972.489013671875,2972.489013671875,60,622.5027511827648,0.0,f6dfecfed85593fe0dec3a6b33fa998d96dc039bc528d6427ff851f2d6a5e7b9,True
465,8,44,75,original,2.753765106201172,11.768030166625977,11.768030166625977,2.753765106201172,0.001102447509765625,165.22589111328125,706.081787109375,706.081787109375,60,617.809409275651,0.0,3cfbc52f7b19f495992192e44762a8d4b83123809c30850a244b6c5601384247,True
466,8,44,90,original,4.079803466796875,79.88529968261719,79.88529968261719,4.079803466796875,0.0026302337646484375,244.7882080078125,4793.11767578125,4793.11767578125,60,611.0380152240396,0.0,7ae7aad714d4d4a1cd018d52bda90e8953e13a4b8cadf06fcacad9f5990a28bd,True
467,8,44,105,original,4.271921634674072,56.270145416259766,56.270145416259766,4.271921634674072,0.001972198486328125,256.3152770996094,3376.20849609375,3376.20849609375,60,611.3529317080975,0.0,2b94244b9b323c135966ed0e06ac8f0aa3176659e4611163b62a9fd726f623e2,True
468,8,44,120,original,3.5420174598693848,23.55000114440918,23.55000114440918,3.5420174598693848,0.0013055801391601562,212.5210418701172,1413.0,1413.0,60,610.8180349692702,0.0,24fdad16c1d662a47aeee49b0fe9bd1cff2c47ed93885b25023ceed02c64832a,True
469,8,44,135,original,3.896301031112671,29.26708984375,29.26708984375,3.896301031112671,0.001018524169921875,233.77804565429688,1756.0252685546875,1756.0252685546875,60,610.2368598803878,0.0,e8e8d92272d56ad159c3bcbd80d2bc1a45534106f06e5dd125e04c9eacdff2f8,True
470,8,44,150,original,4.20757532119751,76.92649841308594,76.92649841308594,4.20757532119751,0.00249481201171875,252.45449829101562,4615.58984375,4615.58984375,60,610.9958640299737,0.0,c00dc75aeea123e741d698603a78d801d798df7865f9f88613078b561a239aec,True
471,8,44,165,original,4.762693881988525,75.62728118896484,75.62728118896484,4.762693881988525,0.0026092529296875,285.7616271972656,4537.63671875,4537.63671875,60,610.8400248922408,0.0,a9ccc4fd14702aa40e060e07f281749cef55b9cf039d8e4cfc121af35e76f87f,True
472,8,44,180,original,5.82651948928833,39.13071060180664,39.13071060180664,5.82651948928833,0.0022754669189453125,349.5911560058594,2347.842529296875,2347.842529296875,60,611.7194481194019,0.0,59799f874dd24dead96a6a752d3c277d3f1bb6e077b45ea81d561bcc64bd3c80,True
473,8,44,195,original,3.3530662059783936,26.230417251586914,26.230417251586914,3.3530662059783936,0.0010204315185546875,201.1839599609375,1573.824951171875,1573.824951171875,60,611.8431682698429,0.0,2f986a9aa242692606f162ba8774af35372f76610ecb76c23b2e60ed6d551de8,True
474,8,44,210,original,2.598743438720703,13.080894470214844,13.080894470214844,2.598743438720703,0.0005717277526855469,155.92459106445312,784.8536376953125,784.8536376953125,60,612.4604218639433,0.0,f2145a520854c6f213c8a72d89a12f5c19d5ce9b48cb07c47a8529be2f6903f8,True
475,8,44,225,original,3.688223123550415,19.50517463684082,19.50517463684082,3.688223123550415,0.0015687942504882812,221.2933807373047,1170.3104248046875,1170.3104248046875,60,611.9128270074725,0.0,85f6945cd3dead41339567017a8e9c9786492cce0f293f7e586651acde607846,True
476,8,23,30,original,14.102150917053223,260.6107482910156,260.6107482910156,14.102150917053223,0.01203155517578125,846.1290283203125,15636.6435546875,15636.6435546875,60,612.102935090661,0.0,5f229dd30bb53e02287496d4d3243760508e576f5c45f93cb76e63071f3fbfdc,True
477,8,23,45,original,12.460179328918457,1487.467041015625,341.7862854003906,12.460179328918457,0.046875,747.6107177734375,89248.015625,20507.17578125,60,611.3418713212013,0.0,5e3b216e53d161e00c2d07b0e62d2b03d1b03c85c1a92bfef328a30fadf72a65,True
478,8,23,60,original,46.97876739501953,10994.6416015625,6041.17138671875,46.97876739501953,0.33984375,2818.725830078125,659678.4375,362470.25,60,610.7530863955617,0.0,873a7e25307cf86de17f6dc07ea54778ee873d663fbaf47af3dab1c2a5e95ea1,True
479,8,23,75,original,33.8101692199707,2809.635498046875,2809.635498046875,33.8101692199707,0.08770751953125,2028.6099853515625,168578.125,168578.125,60,610.5964169837534,0.0,00df42a588015445a65fbef1166e4908c3c3fcf821e90b4402a08ea844ae8044,True
480,8,23,90,original,9.638162612915039,146.2627410888672,146.2627410888672,9.638162612915039,0.0062408447265625,578.2897338867188,8775.763671875,8775.763671875,60,610.7875751331449,0.0,337a173f616d468cdf8cb783078688dc5a4d73f69e98c5487438a58d25c713bd,True
481,8,23,105,original,4.829721450805664,35.6262092590332,35.6262092590332,4.829721450805664,0.002361297607421875,289.78326416015625,2137.572509765625,2137.572509765625,60,610.502746887505,0.0,b40fe5a287545de79b0f088dec29b80ebb9c6289aad0dc14265b18c6f40645e8,True
482,8,23,120,original,6.263430118560791,59.88246154785156,59.88246154785156,6.263430118560791,0.002262115478515625,375.8057861328125,3592.947509765625,3592.947509765625,60,610.009441152215,0.0,7a260ae61b9667ab1428ad405518be233c4906ad4e136fb090290c4cefa25df3,True
483,8,23,135,original,11.309861183166504,238.0526580810547,238.0526580810547,11.309861183166504,0.0114288330078125,678.5916137695312,14283.1591796875,14283.1591796875,60,610.3106392547488,0.0,b3301602deccc2e0a74df93de26e7c5fa565b90ca8047c1186d02e665237c343,True
484,8,23,150,original,8.189130783081055,116.7446060180664,116.7446060180664,8.189130783081055,0.005443572998046875,491.3478088378906,7004.67578125,7004.67578125,60,609.7127837128937,0.0,47bb6ec28a920bed40d043a5ae6fb3f40f15504d5fe129f4e91711a2b6af13d1,True
485,8,23,165,original,9.906708717346191,123.43722534179688,123.43722534179688,9.906708717346191,0.00812530517578125,594.4024658203125,7406.23291015625,7406.23291015625,60,610.002500936389,0.0,8a4c0fe48a63120152d74830c764276c90c008b76b90d8a0103801073d9c97f8,True
486,8,23,180,original,20.91596794128418,908.2045288085938,908.2045288085938,20.91596794128418,0.0307769775390625,1254.9580078125,54492.26953125,54492.26953125,60,609.6236337907612,0.0,80dba00460e72da43c0b73a10fa9bd20dfbd438343325d0c79fe632924fa7c4b,True
487,8,23,195,original,18.420698165893555,758.5946655273438,758.5946655273438,18.420698165893555,0.0244293212890625,1105.2418212890625,45515.67578125,45515.67578125,60,616.5352682583034,0.0,7be799bfbb2d8fd5cc3ce2b9a06f3b9ccc6c2877d2335a7125c007cf417aacdd,True
488,8,23,210,original,15.851493835449219,420.35528564453125,420.35528564453125,15.851493835449219,0.0133056640625,951.089599609375,25221.31640625,25221.31640625,60,609.3990658409894,0.0,cbabaf538362bd513ddc5a1049e077f65c5b155befc457764355a20a8e92322a,True
489,8,23,225,original,6.475032329559326,92.98604583740234,92.98604583740234,6.475032329559326,0.003154754638671875,388.5019226074219,5579.16259765625,5579.16259765625,60,609.8887729458511,0.0,eace44de0efd8eaefe2a6e3339a391063171bbeac4fb9605ae440d64fd0a4740,True
490,8,53,30,original,28.468713760375977,1831.0595703125,1831.0595703125,28.468713760375977,0.0589599609375,1708.1226806640625,109863.5703125,109863.5703125,60,610.3490088135004,0.0,f8f61402ecd4ca31761a1bc5ba1fe74f013a8cd26c9c68d7589986256150e1c2,True
491,8,53,45,original,55.2103271484375,5702.33984375,5702.33984375,55.2103271484375,0.1793212890625,3312.619384765625,342140.375,342140.375,60,611.4450399763882,0.0,4f706b649249fc02dd15bf989ff336a3813a522b3194ceca3c965a593c2a3d6a,True
492,8,53,60,original,27.19654083251953,984.602294921875,984.602294921875,27.19654083251953,0.035003662109375,1631.7923583984375,59076.1328125,59076.1328125,60,611.8572559207678,0.0,dcc42655bd0b1827b87351929e6df5901e584ef64177ca468fe0c27d6da7b140,True
493,8,53,75,original,4.56392765045166,54.48128128051758,54.48128128051758,4.56392765045166,0.0017728805541992188,273.83563232421875,3268.876708984375,3268.876708984375,60,614.1211679205298,0.0,7a1daf1ecc9d5eac3be3e95266ffa8dba5272cfe2608fa2df1c0d7520d779e61,True
494,8,53,90,original,8.710590362548828,202.6345672607422,202.6345672607422,8.710590362548828,0.00708770751953125,522.6353759765625,12158.0732421875,12158.0732421875,60,615.7222553156316,0.0,d6df85d498882f5104dbb9a1ecd1c84bf6bd69496f1f4efc25fff305aad4080e,True
495,8,53,105,original,9.794380187988281,286.9955139160156,286.9955139160156,9.794380187988281,0.01003265380859375,587.6627807617188,17219.73046875,17219.73046875,60,611.2728612497449,0.0,52447b1df94de6adbe1e195ecef7a237fc01539d933c97338dfe0b97eb061e07,True
496,8,53,120,original,49.14027786254883,6734.5556640625,6239.17822265625,49.14027786254883,0.21240234375,2948.41650390625,404073.3125,374350.6875,60,612.7255889587104,0.0,2042bef6192921b69794b26c31f89eb779558590b45d8c32fc6a55baf50ee903,True
497,8,53,135,original,26.5188045501709,1717.9552001953125,1717.9552001953125,26.5188045501709,0.053558349609375,1591.128173828125,103077.3046875,103077.3046875,60,613.1523959338665,0.0,7f7f0aa732beb32e2d69459832e976610f80ff509d21e87dd53fbfb390d6d223,True
498,8,53,150,original,50.440406799316406,4980.7470703125,4980.7470703125,50.440406799316406,0.156494140625,3026.42431640625,298844.8125,298844.8125,60,612.2421929612756,0.0,3c45d907969f5c9f125a1879f7625b63ca27061a2d661d5672b8563620d59410,True
499,8,53,165,original,8.03702163696289,154.35914611816406,154.35914611816406,8.03702163696289,0.004917144775390625,482.22125244140625,9261.5478515625,9261.5478515625,60,611.845076084137,0.0,4aea743eac08bc68f2e6ef6ed80d9398077fe648389ac2b8f292496b5217a410,True
500,8,53,180,original,15.118632316589355,489.0121765136719,489.0121765136719,15.118632316589355,0.017852783203125,907.117919921875,29340.728515625,29340.728515625,60,611.8693160824478,0.0,98ef2acbeb29fdc4d36f1798d974c674474a91f9bf83ddbfdfdbb10bd35641fc,True
501,8,53,195,original,11.402647018432617,262.69891357421875,262.69891357421875,11.402647018432617,0.00916290283203125,684.1588134765625,15761.9345703125,15761.9345703125,60,611.7391865700483,0.0,04ed23ef76a0230125fca968bc1f8c27a83b45ec4c5a8f839d330d493f44f8b9,True
502,8,53,210,original,5.992529392242432,60.28628921508789,60.28628921508789,5.992529392242432,0.0021038055419921875,359.5517578125,3617.17724609375,3617.17724609375,60,611.9571351446211,0.0,93dfe1a0912958cc178079298873563151a616dd2d17799f340ce50cce7ba799,True
503,8,53,225,original,3.6846115589141846,27.849761962890625,27.849761962890625,3.6846115589141846,0.0009708404541015625,221.07667541503906,1670.985595703125,1670.985595703125,60,610.5611161328852,0.0,fbb95b1a0ac7703a50a3e57595dd42c8eedf8c67b3e9df98e4713732a9eeef6f,True
504,8,84,30,original,45.39101791381836,3823.330322265625,3823.330322265625,45.39101791381836,0.1343994140625,2723.4609375,229399.8125,229399.8125,60,610.748304054141,0.0,a232ce21068201b033ad4d8658b41fd7d8727dd09465480b60f10df7adead3ef,True
505,8,84,45,original,28.07395362854004,1244.4896240234375,1244.4896240234375,28.07395362854004,0.045654296875,1684.4371337890625,74669.375,74669.375,60,611.0799317248166,0.0,fd4408a4d1fd2197f27347de99ce6dd361c5e2c6c1f33d6dbfa6fdbe5266b4d7,True
506,8,84,60,original,41.95538330078125,2334.577392578125,2334.577392578125,41.95538330078125,0.10174560546875,2517.32275390625,140074.640625,140074.640625,60,610.0803096778691,0.0,41f77a610b73b537b5283ef015ffe92c1243903e7baf9496e3bce282f1e5e541,True
507,8,84,75,original,4.672095775604248,30.361814498901367,30.361814498901367,4.672095775604248,0.001285552978515625,280.32574462890625,1821.708740234375,1821.708740234375,60,610.3694983758032,0.0,194342ba1c4c590c35da59b003542f93ae0cd6f4861d12da5018fafa32df9e33,True
508,8,84,90,original,2.0674307346343994,8.335347175598145,8.335347175598145,2.0674307346343994,0.0002758502960205078,124.04583740234375,500.12078857421875,500.12078857421875,60,609.0043280273676,0.0,8a3434105c3b1a6fd6bf31b94cb0a55cc2cee9cbfc87315141780b7f5b7fdd91,True
509,8,84,105,original,2.2665553092956543,9.92759895324707,9.92759895324707,2.2665553092956543,0.00031757354736328125,135.99331665039062,595.6558837890625,595.6558837890625,60,608.8905888609588,0.0,9720ba4a33d4c652932bbf6511b2a069d7b268af4845dc6e7b66c29c07ed8ea0,True
510,8,84,120,original,1.9969582557678223,7.1131911277771,7.1131911277771,1.9969582557678223,0.00023674964904785156,119.81748962402344,426.79144287109375,426.79144287109375,60,629.9964967183769,0.0,b88f4e030aaee72ff0d321a2b36521811bcda979cb9b95fc5fbb88326a0eaeb6,True
511,8,84,135,original,8.012213706970215,169.53448486328125,169.53448486328125,8.012213706970215,0.007015228271484375,480.7327880859375,10172.068359375,10172.068359375,60,610.465376637876,0.0,2587555b6bdd562885ab54030035ed1aebca3046c7919632efc03b49d2981b43,True
512,8,84,150,original,11.594664573669434,199.3698272705078,199.3698272705078,11.594664573669434,0.00807952880859375,695.6798095703125,11962.189453125,11962.189453125,60,610.5697751045227,0.0,58de92428a3d9b80d61775dfc689ecc32c232667b72568bfe6037bbc262f6cad,True
513,8,84,165,original,3.184096336364746,13.07809066772461,13.07809066772461,3.184096336364746,0.00060272216796875,191.0457763671875,784.6854248046875,784.6854248046875,60,610.8058439567685,0.0,e462eebd4766195c5179de376ebbaafe2472522eb2dbe58b03b894127ff1d087,True
514,8,84,180,original,2.9083452224731445,11.605860710144043,11.605860710144043,2.9083452224731445,0.0005125999450683594,174.50070190429688,696.3516235351562,696.3516235351562,60,611.1108623445034,0.0,d0642b76c9e4d88268f1c89bb96ed16089c547a421e6ca7ac17dca9ea299027c,True
515,8,84,195,original,14.99344253540039,389.12481689453125,389.12481689453125,14.99344253540039,0.016845703125,899.6065063476562,23347.48828125,23347.48828125,60,611.3090589642525,0.0,a18c658f5dd97d6355268b0948d7bb14c1487a45977e58acd150af32de5618c1,True
516,8,84,210,original,11.976815223693848,198.5435333251953,198.5435333251953,11.976815223693848,0.008819580078125,718.60888671875,11912.611328125,11912.611328125,60,611.348579172045,0.0,3092c1e32d91ae92fd5f832c9b594e24c73b792f12e2cd4cf651311572aa1613,True
517,8,84,225,original,7.974347114562988,111.18416595458984,111.18416595458984,7.974347114562988,0.00588226318359375,478.4608154296875,6671.0498046875,6671.0498046875,60,613.2113938219845,0.0,ab0e6c1177fa9d8681d3f30b10f77ff127548911841aefe313d383c5abd9abe7,True
518,8,59,30,original,4.3256425857543945,28.62725257873535,28.62725257873535,4.3256425857543945,0.00136566162109375,259.5385437011719,1717.635009765625,1717.635009765625,60,634.6222497522831,0.0,29d6a31e635f9062f9b434012f3ec3e2c9945abf2583f6830c76d0a48440bfc1,True
519,8,59,45,original,2.2239441871643066,11.534310340881348,11.534310340881348,2.2239441871643066,0.0003936290740966797,133.4366455078125,692.05859375,692.05859375,60,613.3433133363724,0.0,2cdb894781ad68ccb86c6284134ee1a776e8d2cf4e2c72a0866fd0f3755de24f,True
520,8,59,60,original,5.95692253112793,48.22665786743164,48.22665786743164,5.95692253112793,0.0025920867919921875,357.41534423828125,2893.599365234375,2893.599365234375,60,612.3413508757949,0.0,f3f62bd890c195b2a8d1c8f620fe8a59bebdc249ddc827ffa0525a55469a1262,True
521,8,59,75,original,4.003563404083252,24.535642623901367,24.535642623901367,4.003563404083252,0.0009126663208007812,240.2137908935547,1472.138427734375,1472.138427734375,60,615.1276188902557,0.0,547603a2cd5099d3aa5e4f02817b02447651c1a0455edaa8f5b1f1b9271dfe8a,True
522,8,59,90,original,4.603356838226318,36.0645751953125,36.0645751953125,4.603356838226318,0.0012111663818359375,276.2013854980469,2163.87451171875,2163.87451171875,60,611.724756192416,0.0,788d01cf8528245283782015e1f05d3b9c850c603b3658650e4bdbe5580f0992,True
523,8,59,105,original,3.4398341178894043,24.743715286254883,24.743715286254883,3.4398341178894043,0.0010013580322265625,206.39002990722656,1484.622802734375,1484.622802734375,60,611.7739859037101,0.0,0748fc88dd3004a17f871c1bfc110680328bd753266dd97f20c477dcf90bb23a,True
524,8,59,120,original,8.52638053894043,128.6092071533203,128.6092071533203,8.52638053894043,0.00568389892578125,511.5827941894531,7716.5517578125,7716.5517578125,60,611.0805212520063,0.0,f0a0acf4f12538b6ea5b0f6cec4eb5e10f00c65affaa90484d495b8b4faa1a91,True
525,8,59,135,original,9.73786449432373,148.3045654296875,148.3045654296875,9.73786449432373,0.006610870361328125,584.2718505859375,8898.2734375,8898.2734375,60,610.0076399743557,0.0,1c6d37a558013f39fc18eaa574805ff78c498e096e5c53a83bf3ef1a723b574c,True
526,8,59,150,original,10.685680389404297,146.1761474609375,146.1761474609375,10.685680389404297,0.01015472412109375,641.1408081054688,8770.568359375,8770.568359375,60,610.1247891783714,0.0,f6a1dd7b8da6a00396b113bfa87590c0814e730973ddcedd8bc7f73066bd110a,True
527,8,59,165,original,4.992894649505615,32.44273376464844,32.44273376464844,4.992894649505615,0.0016918182373046875,299.57366943359375,1946.5638427734375,1946.5638427734375,60,623.7582280300558,0.0,ba32609dc6131d71600a61e6980127a5ef63340e66238748acb9269fc99a7323,True
528,8,59,180,original,3.5104947090148926,23.34956932067871,23.34956932067871,3.5104947090148926,0.001010894775390625,210.62966918945312,1400.97412109375,1400.97412109375,60,614.1718551516533,0.0,c172823a9b7cc71b5cb1ab0a10e06bae58647a5ec51783aca63b96bb33dd7c38,True
529,8,59,195,original,5.605804920196533,49.15049743652344,49.15049743652344,5.605804920196533,0.0027294158935546875,336.3482666015625,2949.02978515625,2949.02978515625,60,614.6007217466831,0.0,edac45a306bbc51021776fd874d8011792452a45d458477f998440b87074dc7f,True
530,8,59,210,original,10.456398963928223,214.14791870117188,214.14791870117188,10.456398963928223,0.00804901123046875,627.3839111328125,12848.8740234375,12848.8740234375,60,611.6260159760714,0.0,e365801f1eee3bed0928030faa184b10db7b85daf331f51a286503dadcc7ff49,True
531,8,59,225,original,6.532010078430176,61.87578582763672,61.87578582763672,6.532010078430176,0.0027008056640625,391.92059326171875,3712.546875,3712.546875,60,621.4300561696291,0.0,917ea3c6c9a806810424c5262f3fc2ce4e4985b72a5c84bf2b8153bc489775a1,True
532,8,49,30,original,42.12755584716797,5091.01220703125,3253.401611328125,42.12755584716797,0.1717529296875,2527.6533203125,305460.71875,195204.09375,60,610.8417622745037,0.0,09289641ab732f8ae0ebebbf83c0746e00d59819ad27cdca1eb168745c7c5bd1,True
533,8,49,45,original,55.21881866455078,18795.546875,5827.408203125,55.21881866455078,0.5830078125,3313.12890625,1127732.75,349644.46875,60,611.271059140563,0.0,3ece3fac5b7f6ef0a9575f89f5fc5dd44901979fc7adeb74b5c999725915f8a8,True
534,8,49,60,original,15.162046432495117,1540.5245361328125,630.5830688476562,15.162046432495117,0.049560546875,909.7227172851562,92431.46875,37834.98046875,60,612.0503130368888,0.0,699ad3c74d27ed88c01aa1d5e5471cace10bb49e9dcbbf31b88750201e3dc86c,True
535,8,49,75,original,48.127803802490234,7946.57470703125,5505.525390625,48.127803802490234,0.24609375,2887.66796875,476794.46875,330331.5,60,611.3874982111156,0.0,4dd66afb0be3ddf8202d133230c5d001a9eaea9b1708a1b9ebba3cbeda23ba3d,True
536,8,49,90,original,33.95557403564453,2214.23388671875,2214.23388671875,33.95557403564453,0.07330322265625,2037.334228515625,132854.03125,132854.03125,60,610.0963982753456,0.0,ce18d3a40fe3e2d3a13e394e9cd1c90ce3602d04689eac4215e856dd471484b7,True
537,8,49,105,original,28.73459815979004,1842.590087890625,1842.590087890625,28.73459815979004,0.06915283203125,1724.0758056640625,110555.3984375,110555.3984375,60,612.0891920290887,0.0,eedf53132c25ff2a34704b5a67fd06112943e263280cf91af91f87b209c01e46,True
538,8,49,120,original,43.52342224121094,9768.6669921875,2985.92041015625,43.52342224121094,0.378173828125,2611.4052734375,586120.0,179155.21875,60,615.5300349928439,0.0,df8faa84d83f0b2dc87b41b90f35f9c3bb6483f8bdcd1e0b85047fb163601262,True
539,8,49,135,original,37.798709869384766,14229.9326171875,3067.672119140625,37.798709869384766,0.447998046875,2267.92236328125,853795.9375,184060.3125,60,611.096209846437,0.0,f6ca52668938a031f34e521b4baa8043b81f9122d62f0fb0139cd8e10c80f3f5,True
540,8,49,150,original,54.710235595703125,7913.0849609375,6176.92236328125,54.710235595703125,0.25390625,3282.614013671875,474785.0625,370615.3125,60,608.582790941,0.0,c95d97277ad9c60a224368353a4aee7ee245c7a8d328c192f599b4890677feb1,True
541,8,49,165,original,12.875788688659668,264.9580993652344,264.9580993652344,12.875788688659668,0.00879669189453125,772.5473022460938,15897.484375,15897.484375,60,608.9537078514695,0.0,dcbe744f1c684b65e75aac41c0ac977743dacf7bd65468928e616eeaeef1a436,True
542,8,49,180,original,3.832538604736328,27.128334045410156,27.128334045410156,3.832538604736328,0.0013589859008789062,229.95230102539062,1627.699951171875,1627.699951171875,60,609.7332122735679,0.0,0e7b54afdf42a7541b3a11d221b1836fc75e0a37ebeb7a6cd6f320b15cb6d53e,True
543,8,49,195,original,3.6225228309631348,20.166994094848633,20.166994094848633,3.6225228309631348,0.0017747879028320312,217.3513641357422,1210.01953125,1210.01953125,60,608.4305220283568,0.0,44001e283a281217c561f610c45bf46f0c0d19969542d01c0897d0b2b1d4e4e7,True
544,8,49,210,original,3.0221641063690186,12.413228988647461,12.413228988647461,3.0221641063690186,0.0007357597351074219,181.329833984375,744.793701171875,744.793701171875,60,614.7711598314345,0.0,f5f357ef61c0e63a714dc16fb57169b70fbf17b08eb0bbe4b1c50d3154d2c271,True
545,8,49,225,original,2.3344779014587402,10.10965633392334,10.10965633392334,2.3344779014587402,0.00058746337890625,140.06866455078125,606.579345703125,606.579345703125,60,611.5743559785187,0.0,20ed2df3e0b81b689898c1c415fb955ad975f3fb50911bfdbdc01a718256e847,True
546,8,7,30,original,29.75547981262207,1954.0386962890625,1954.0386962890625,29.75547981262207,0.061370849609375,1785.3287353515625,117242.3125,117242.3125,60,610.8278026804328,0.0,a861d446ea46c2307098c79320fe8affe415c0f0eacb97b3609a2855c1c0911d,True
547,8,7,45,original,31.63618278503418,2659.55859375,2659.55859375,31.63618278503418,0.08221435546875,1898.1708984375,159573.5,159573.5,60,617.0992609113455,0.0,70d16703fb00817732bf681ef3569fd39f0dcd3a24a2bbaed2181596528d9d99,True
548,8,7,60,original,1.9798260927200317,5.5992913246154785,5.5992913246154785,1.9798260927200317,0.00029206275939941406,118.78955841064453,335.95745849609375,335.95745849609375,60,610.8799623325467,0.0,ac94c6ca7a55d9022a8146cf276f4c535e848ca8633e6dbe1aaf0b611dcffa29,True
549,8,7,75,original,1.1389402151107788,2.461077928543091,2.461077928543091,1.1389402151107788,8.881092071533203e-05,68.33641052246094,147.6646728515625,147.6646728515625,60,611.0187908634543,0.0,cc628907eca085a968df3834e306d801bbdcb3eb3fe9db33bc842ed6f51a737e,True
550,8,7,90,original,14.297263145446777,433.7822570800781,433.7822570800781,14.297263145446777,0.0222015380859375,857.8357543945312,26026.93359375,26026.93359375,60,610.6781829148531,0.0,b28ee6d7532be93b3a94bbef05a033a3294101b9da87319692ae9383191480b1,True
551,8,7,105,original,9.599689483642578,161.0310821533203,161.0310821533203,9.599689483642578,0.00615692138671875,575.9813232421875,9661.8642578125,9661.8642578125,60,610.5402749963105,0.0,e2b9070b8fffe1dc17fdee4f10d60aa6d6a7282d7d106c48e16fddce4a4c9ccd,True
552,8,7,120,original,23.84041404724121,1302.6224365234375,1302.6224365234375,23.84041404724121,0.040618896484375,1430.4248046875,78157.34375,78157.34375,60,610.716552939266,0.0,0f6aa00fcade61c068a2ab0c7c052cb3017fc1564fc428280bbfd3dba0994977,True
553,8,7,135,original,13.997459411621094,345.3382873535156,345.3382873535156,13.997459411621094,0.0116119384765625,839.8475341796875,20720.296875,20720.296875,60,615.8429309725761,0.0,4e8bd880d9a6ed095c56763895d6febdda35877c17de69679229a85f9bb2d4ef,True
554,8,7,150,original,13.981181144714355,449.0622863769531,449.0622863769531,13.981181144714355,0.0157470703125,838.870849609375,26943.736328125,26943.736328125,60,614.8087396286428,0.0,dc41d497e1160cede0059fd4b7534b4761cfee52cd39c7b5bab1eec7dd26a890,True
555,8,7,165,original,25.67758560180664,1018.4859619140625,1018.4859619140625,25.67758560180664,0.03350830078125,1540.655029296875,61109.15625,61109.15625,60,609.8384400829673,0.0,b58b856a29fe786b6140ad76472b5e349f2f84f1e97aa0feb8f37dcb4d5d3004,True
556,8,7,180,original,12.56474494934082,327.2843017578125,327.2843017578125,12.56474494934082,0.013824462890625,753.8846435546875,19637.056640625,19637.056640625,60,618.45667893067,0.0,cfa648af6ff853edd2b2ddffe53a14e307231cb66f1c4eb6002c456e80f72a05,True
557,8,7,195,original,10.966858863830566,159.1150665283203,159.1150665283203,10.966858863830566,0.007843017578125,658.011474609375,9546.9033203125,9546.9033203125,60,611.024699639529,0.0,e2a171549e4cfe068e2064a07873305593046b28cbfbb0a8e60605918dc7a201,True
558,8,7,210,original,17.90850067138672,554.509765625,554.509765625,17.90850067138672,0.0247955322265625,1074.510009765625,33270.5859375,33270.5859375,60,610.7791219837964,0.0,f64c1850a53504400ec4939053f664b3d818b7fb4b413f2dcc93d407505239df,True
559,8,7,225,original,9.346375465393066,202.11355590820312,202.11355590820312,9.346375465393066,0.00859832763671875,560.782470703125,12126.8125,12126.8125,60,610.6621930375695,0.0,6cf05c7f3f0217de2bcd28f6b364a8a9bd8a1816f8b869014a58b71b41d0c222,True
560,8,47,30,original,10.096598625183105,141.57705688476562,141.57705688476562,10.096598625183105,0.005558013916015625,605.7958984375,8494.623046875,8494.623046875,60,614.4660422578454,0.0,40d49db588c360908e797e7c4b09d2f04f6d49b80cdd4a30159f2ad34a5c5fe5,True
561,8,47,45,original,11.055912017822266,166.5200958251953,166.5200958251953,11.055912017822266,0.00939178466796875,663.3546752929688,9991.205078125,9991.205078125,60,610.1363566704094,0.0,4e284fd94a7acc1b84309869e5f353fd28712f34b6d1b54d636117fcc96e2b23,True
562,8,47,60,original,9.536949157714844,102.05908966064453,102.05908966064453,9.536949157714844,0.006320953369140625,572.2169189453125,6123.544921875,6123.544921875,60,610.6714126653969,0.0,ca816c9dcae52f80a2f52926d668ec15e82d987cd66afb49886fc14a7d4860b2,True
563,8,47,75,original,10.493157386779785,155.11117553710938,155.11117553710938,10.493157386779785,0.01001739501953125,629.5894165039062,9306.669921875,9306.669921875,60,610.5382139794528,0.0,b2c3694ff49dda2a2ff146c5be164e8b03806d7c7e12457df3373392188a546c,True
564,8,47,90,original,16.25005531311035,467.1725769042969,467.1725769042969,16.25005531311035,0.015777587890625,975.0032348632812,28030.353515625,28030.353515625,60,610.6696520000696,0.0,b02bd720a6108a02640a08b3f50eb0ccd27322cbce958851e6b692508e133742,True
565,8,47,105,original,17.532270431518555,621.8277587890625,621.8277587890625,17.532270431518555,0.0259246826171875,1051.9361572265625,37309.6640625,37309.6640625,60,609.3009440228343,0.0,358be9e7b0b30f19a9a1659ded200dec508a823748b191705bb91f31dcca2c83,True
566,8,47,120,original,37.21499252319336,1809.1932373046875,1809.1932373046875,37.21499252319336,0.1031494140625,2232.8994140625,108551.5859375,108551.5859375,60,611.2327189184725,0.0,853d51c68b3fea7469c26e2c4f60ed90a21fc4d6bd40745bfbe198b5390d1239,True
567,8,47,135,original,13.0250883102417,243.63589477539062,243.63589477539062,13.0250883102417,0.01061248779296875,781.5052490234375,14618.1533203125,14618.1533203125,60,609.4067227095366,0.0,634ab426ac7527c3b4a3d8af9f65c256912a9b24c969e42898ddef5dec04c917,True
568,8,47,150,original,6.753276824951172,63.31837844848633,63.31837844848633,6.753276824951172,0.00383758544921875,405.19659423828125,3799.1025390625,3799.1025390625,60,609.3444433063269,0.0,4e29f396431f5aa0853f0ea19038bf1d762b020807553be2a21c4910ee459be1,True
569,8,47,165,original,3.547109365463257,18.867572784423828,18.867572784423828,3.547109365463257,0.0007181167602539062,212.82655334472656,1132.0543212890625,1132.0543212890625,60,609.023577068001,0.0,4cee548af6e5f7389ea69752b0beb0c7982a2246bfe2ddf616f0c8155de44bb1,True
570,8,47,180,original,4.508670330047607,25.300817489624023,25.300817489624023,4.508670330047607,0.0011968612670898438,270.52020263671875,1518.0489501953125,1518.0489501953125,60,609.4247330911458,0.0,61c506dd01d842e16b84daa1fdacf5b17132ae7f9b99ff88b6f5086c0f390c69,True
571,8,47,195,original,3.088097333908081,13.639546394348145,13.639546394348145,3.088097333908081,0.0005435943603515625,185.28582763671875,818.3727416992188,818.3727416992188,60,624.4254908524454,0.0,7f70422c01b697a8e274494614427b39c7aae260594492007fb98dac39c8b3bb,True
572,8,47,210,original,2.8269546031951904,10.228772163391113,10.228772163391113,2.8269546031951904,0.0006508827209472656,169.6172637939453,613.726318359375,613.726318359375,60,617.2508290037513,0.0,e66fb05e8ab7031f1c10124b99d8201c7606564ddc43eef91bdcd5a2f26eec6a,True
573,8,47,225,original,4.68194055557251,44.77320098876953,44.77320098876953,4.68194055557251,0.0016202926635742188,280.9164123535156,2686.391845703125,2686.391845703125,60,613.2786320522428,0.0,d178266facf51d2da6c59ff322e8a309c78b886f248ac7a3932075085f6c6c76,True
574,8,30,30,original,21.5201358795166,1139.291748046875,1139.291748046875,21.5201358795166,0.03668212890625,1291.2081298828125,68357.5,68357.5,60,610.5308239348233,0.0,5fb35cb5fe2a2adafbedf95ce7dd6277fd0c23a0ae8035b1fa4fcf46f875d5c2,True
575,8,30,45,original,7.459031581878662,101.67634582519531,101.67634582519531,7.459031581878662,0.00376129150390625,447.5418701171875,6100.58056640625,6100.58056640625,60,611.492786090821,0.0,d6a174b336b13b4ae33b642018c1a4e1430dcb27b697f31aac19dc5f861e165b,True
576,8,30,60,original,3.740595579147339,38.46965789794922,38.46965789794922,3.740595579147339,0.0013570785522460938,224.43572998046875,2308.179443359375,2308.179443359375,60,609.9733277224004,0.0,cf0119520a32a7a997af5a30ad2356b2d2b1e6b846719f8e007637fe6812d3b5,True
577,8,30,75,original,6.143924236297607,65.86527252197266,65.86527252197266,6.143924236297607,0.0024242401123046875,368.63543701171875,3951.916015625,3951.916015625,60,611.0809589736164,0.0,00434131987294012166ce6d2d1055a56cbc605d3bf08e923d4851bf681f4349,True
578,8,30,90,original,1.3235901594161987,2.9663047790527344,2.9663047790527344,1.3235901594161987,0.00010907649993896484,79.4154052734375,177.978271484375,177.978271484375,60,612.0152808725834,0.0,f10e8dcaaec0f409e0747c6c44a8b8385031cc354c3a49dfb2c5ce3fd0ea638f,True
579,8,30,105,original,6.583741664886475,161.7637176513672,161.7637176513672,6.583741664886475,0.00530242919921875,395.02447509765625,9705.822265625,9705.822265625,60,618.3175398036838,0.0,8dc6e6f8cbcf737802fb76773c000faedb6138519d61188b3dfc2365f5ddf7fe,True
580,8,30,120,original,22.655067443847656,1147.36767578125,1147.36767578125,22.655067443847656,0.036590576171875,1359.303955078125,68842.0546875,68842.0546875,60,611.6679441183805,0.0,de0e692c7ecb15ee5a8b6dbd807c0c5fe49fff68e9a3715eea9ad0b1c5ec058c,True
581,8,30,135,original,14.157105445861816,648.5355224609375,648.5355224609375,14.157105445861816,0.02008056640625,849.42626953125,38912.12890625,38912.12890625,60,614.9000180885196,0.0,e49fbb3d979f248bbb946fc340e89c0febaef267b3f9349a571edf446a163f56,True
582,8,30,150,original,18.012725830078125,1052.204833984375,1052.204833984375,18.012725830078125,0.03265380859375,1080.7635498046875,63132.2890625,63132.2890625,60,611.9373817928135,0.0,d5a436dd7c1578010117d801f3ce56f9c2c0164335cfe34a35a5492aef5ac88e,True
583,8,30,165,original,27.703290939331055,1970.987060546875,1970.987060546875,27.703290939331055,0.062103271484375,1662.1973876953125,118259.21875,118259.21875,60,611.2041971646249,0.0,6611690b93c6c72c171da9eaecc653ad0f123e9a27c81f482fdb05aeb0d57422,True
584,8,30,180,original,6.564095497131348,119.68392181396484,119.68392181396484,6.564095497131348,0.0038471221923828125,393.845703125,7181.03515625,7181.03515625,60,611.645673867315,0.0,39d3e254b21262fa09cbcea87a927b77f662029c6f21c24e6c1c5f59dcd15380,True
585,8,30,195,original,3.279947519302368,20.54372787475586,20.54372787475586,3.279947519302368,0.0007481575012207031,196.79684448242188,1232.6236572265625,1232.6236572265625,60,611.0801789909601,0.0,f65ddd864e2ab601c2bce1bc2a4598f17175722d0f2662c1313638c740a52a6d,True
586,8,30,210,original,1.2034235000610352,2.515970468521118,2.515970468521118,1.2034235000610352,0.0001531839370727539,72.20540618896484,150.95822143554688,150.95822143554688,60,610.5368831194937,0.0,ac52a098269e98a5907e61e88ba7d4710882d065e4094d2bdbda5109347d0341,True
587,8,30,225,original,1.142907738685608,1.909975528717041,1.909975528717041,1.142907738685608,0.00012385845184326172,68.574462890625,114.59852600097656,114.59852600097656,60,609.6194298006594,0.0,9c20287281211d368970afdfa9574c0b6537679372480107145b1c207b3b970e,True
588,14,83,30,original,28.227020263671875,982.4428100585938,982.4428100585938,28.227020263671875,0.037994384765625,1693.62109375,58946.56640625,58946.56640625,60,608.7753283791244,0.0,aa5007435c2667f9ad69faffaa0bc9ad499df49fc4cdcebab8af6245e3289776,True
589,14,83,45,original,11.456747055053711,399.12890625,399.12890625,11.456747055053711,0.0145416259765625,687.40478515625,23947.732421875,23947.732421875,60,609.4963918440044,0.0,858d5c7a70d77ae0903f2e9f323ac6f3400554a4b3059ff9fc653f7dcacde91e,True
590,14,83,60,original,17.761638641357422,523.4099731445312,523.4099731445312,17.761638641357422,0.0180816650390625,1065.6982421875,31404.595703125,31404.595703125,60,609.8724980838597,0.0,a47635ccf7627898dd5d6adcf55539bea06819b82dcc43cf065a2c98281ffa96,True
591,14,83,75,original,9.847600936889648,240.7017364501953,240.7017364501953,9.847600936889648,0.007625579833984375,590.8560180664062,14442.103515625,14442.103515625,60,609.4037620350718,0.0,2c39c07ca89b2388fc16b1c1d00009e33df3f397243a41ccaf217bbbf9e4a2da,True
592,14,83,90,original,8.917015075683594,171.6154327392578,171.6154327392578,8.917015075683594,0.005512237548828125,535.0208740234375,10296.92578125,10296.92578125,60,610.8929701149464,0.0,31d0a225411991cbaef2c326e45d2c0fc10743eea00a4c86982fee70bb276707,True
593,14,83,105,original,17.936384201049805,1589.77978515625,1589.77978515625,17.936384201049805,0.04937744140625,1076.1829833984375,95386.78125,95386.78125,60,609.0941838920116,0.0,5e5ef60ef5b0e8c8aafdedc3d7097d018e1a253eec93979a9a2cf55d37bddc13,True
594,14,83,120,original,21.968605041503906,1462.1295166015625,1462.1295166015625,21.968605041503906,0.045318603515625,1318.1162109375,87727.765625,87727.765625,60,609.8718279972672,0.0,587eb7354dd4b845d2b5f7c1cdc52283afa9e69dd23a8c1c6d105c1c5e2576e1,True
595,14,83,135,original,19.215768814086914,3488.4130859375,1296.782958984375,19.215768814086914,0.108642578125,1152.946044921875,209304.78125,77806.9765625,60,609.478531870991,0.0,33373d936d6fdd38b36718901a28ba2a61b6d89ef961c002162075526b9c89db,True
596,14,83,150,original,13.167118072509766,296.6148376464844,296.6148376464844,13.167118072509766,0.01119232177734375,790.0270385742188,17796.888671875,17796.888671875,60,610.6235818006098,0.0,f54a5e4a194850a1e69eeadcc496a8de460e0327ccfe4ea1b78d36f67650c573,True
597,14,83,165,original,13.060795783996582,373.1456604003906,373.1456604003906,13.060795783996582,0.013214111328125,783.647705078125,22388.73828125,22388.73828125,60,609.5059011131525,0.0,9de47a313b06e20a70299e1bc8e4f652640b0cf0114e4805b6061289b8824367,True
598,14,83,180,original,4.82948637008667,34.978858947753906,34.978858947753906,4.82948637008667,0.0016164779663085938,289.7691650390625,2098.7314453125,2098.7314453125,60,608.8824258185923,0.0,a648e64e7b82244145286cfc5c97640da3dbdb74633056aaac209bf46a948f26,True
599,14,83,195,original,10.481364250183105,437.8291015625,437.8291015625,10.481364250183105,0.013702392578125,628.8818359375,26269.744140625,26269.744140625,60,616.588004399091,0.0,b3ceff9fd3c072a846af0b164b99954e2baeda8b85d8149249431005a73991b2,True
600,14,83,210,original,8.476350784301758,131.0069580078125,131.0069580078125,8.476350784301758,0.0045013427734375,508.58099365234375,7860.4169921875,7860.4169921875,60,611.292737070471,0.0,33502941907c4554952e5b3d0e6791111e62063df7e01ffdbd57d9c9e59ee403,True
601,14,83,225,original,12.055912971496582,270.91790771484375,270.91790771484375,12.055912971496582,0.008758544921875,723.354736328125,16255.0732421875,16255.0732421875,60,611.9142007082701,0.0,3ed4596c7df587fe3ce44adc40e931a246febfc7f703d9335d536c309f8702ae,True
602,14,15,30,original,18.261653900146484,657.5699462890625,657.5699462890625,18.261653900146484,0.020751953125,1095.69921875,39454.1953125,39454.1953125,60,611.4202560856938,0.0,1931ee42114db2eea4604dc74a27367453503e9b345d5311d5c82d3f1e73f2f1,True
603,14,15,45,original,3.4721126556396484,27.77309799194336,27.77309799194336,3.4721126556396484,0.0008745193481445312,208.32675170898438,1666.3857421875,1666.3857421875,60,610.7328813523054,0.0,06474d84de56aa18e2f266f26cc50b25d7a5ae5b4b39a730a8fc14d6dbc4a452,True
604,14,15,60,original,6.227441787719727,78.81647491455078,78.81647491455078,6.227441787719727,0.0025577545166015625,373.646484375,4728.98828125,4728.98828125,60,610.5861719697714,0.0,6cde2eef11eaf1d37260790740cf2337bf8996d338f950ce1cfbd3453105eca4,True
605,14,15,75,original,1.8228206634521484,5.339250564575195,5.339250564575195,1.8228206634521484,0.0001964569091796875,109.36923217773438,320.3550109863281,320.3550109863281,60,610.7391808182001,0.0,c8b5a3f5514f3f2c3283bf4bd2395c12eced4ddc014ff1437e0e1e178124af73,True
606,14,15,90,original,1.7535226345062256,3.835653781890869,3.835653781890869,1.7535226345062256,0.0002224445343017578,105.21134948730469,230.13922119140625,230.13922119140625,60,610.4329726658762,0.0,dfefbf25dcf6fb0eb66ea2a0401f4147b86898877ff2ace8ef6958a4e24c7d97,True
607,14,15,105,original,1.5149645805358887,3.2477800846099854,3.2477800846099854,1.5149645805358887,0.00022840499877929688,90.89787292480469,194.86679077148438,194.86679077148438,60,613.9716049656272,0.0,196470568f659ecc4c32506e38f785780423469e9f49902145506ab7316a78d7,True
608,14,15,120,original,1.6528782844543457,3.443997383117676,3.443997383117676,1.6528782844543457,0.00021529197692871094,99.17269134521484,206.63983154296875,206.63983154296875,60,611.2218163907528,0.0,813ba428945e62454cc9473be49c44ff76b5e43dea25941f72bc790564769e51,True
609,14,15,135,original,2.0983901023864746,9.681363105773926,9.681363105773926,2.0983901023864746,0.00045990943908691406,125.90339660644531,580.8817749023438,580.8817749023438,60,610.2921152487397,0.0,809e5effda5597794c1ea53acc4e420ad2b50f5f5a5a5d6cea50d3e1e3472b0a,True
610,14,15,150,original,8.116475105285645,162.49728393554688,162.49728393554688,8.116475105285645,0.00582122802734375,486.9884948730469,9749.8369140625,9749.8369140625,60,609.6601793542504,0.0,b31a88ea487b12f3abcd80a831c26cf2bea7c3da7fcc493dabeab6715f484ca4,True
611,14,15,165,original,11.23680591583252,267.5508728027344,267.5508728027344,11.23680591583252,0.0084991455078125,674.2083129882812,16053.05078125,16053.05078125,60,609.0220636688173,0.0,a4c869439e523159b9ecf4204eca325355a15af40b1869ca2bd0707bce564280,True
612,14,15,180,original,1.4794498682022095,3.0667428970336914,3.0667428970336914,1.4794498682022095,0.00015616416931152344,88.7669906616211,184.0045623779297,184.0045623779297,60,627.4097338318825,0.0,8d8fa3383b8e09435a96abe0d22ff90a37de925998d34681db9a3165509f5198,True
613,14,15,195,original,4.652875900268555,51.48309326171875,51.48309326171875,4.652875900268555,0.001712799072265625,279.17254638671875,3088.9853515625,3088.9853515625,60,611.7190420627594,0.0,eb0e81f993f52227b2278cb3aae020efa8751a4b0411fa60976aa74913d61bc5,True
614,14,15,210,original,4.573903560638428,34.16183853149414,34.16183853149414,4.573903560638428,0.0012235641479492188,274.4342041015625,2049.710205078125,2049.710205078125,60,610.7877399772406,0.0,9504dd0cdd2e4349b198f0c7f9d75c53efc65ffd20d67c379d1fa04765847448,True
615,14,15,225,original,2.8636374473571777,14.086115837097168,14.086115837097168,2.8636374473571777,0.0004818439483642578,171.8182373046875,845.1669311523438,845.1669311523438,60,611.1701871268451,0.0,ca0a81c18c9986dc9869f3fe95ea574447b40950dbbc92a36e210c30b3933703,True
616,14,3,30,original,17.56157875061035,439.75537109375,439.75537109375,17.56157875061035,0.0161590576171875,1053.6947021484375,26385.3203125,26385.3203125,60,611.1399070359766,0.0,27d6a723c86db9b31df564dd5ff0c6de0baa5362ed72271cdae742714f9c1807,True
617,14,3,45,original,18.674760818481445,814.4581298828125,814.4581298828125,18.674760818481445,0.0277862548828125,1120.485595703125,48867.484375,48867.484375,60,611.8491711094975,0.0,710b2c29994fc30bca8044b5b20a569076f322884f3e83e039e7d0186b437960,True
618,14,3,60,original,20.07663345336914,783.09033203125,783.09033203125,20.07663345336914,0.0271453857421875,1204.597900390625,46985.41796875,46985.41796875,60,612.7548730000854,0.0,44a3633832a6a2bf6c022169e798aa8a9f061ce82c42acc323e04c8863adb12d,True
619,14,3,75,original,20.362958908081055,872.6660766601562,872.6660766601562,20.362958908081055,0.0308990478515625,1221.7774658203125,52359.9609375,52359.9609375,60,610.5323219671845,0.0,698ebe2fca80fe29af1e6e30dd7d84427b34f41510e5645462c64f8179d1f813,True
620,14,3,90,original,23.655982971191406,1067.7825927734375,1067.7825927734375,23.655982971191406,0.036895751953125,1419.35888671875,64066.953125,64066.953125,60,610.7967398129404,0.0,2d1ed62d0eeee342644a1816c5e7cbf913b318d41b53ded7da0e3efaf81277b2,True
621,14,3,105,original,4.630199432373047,30.118694305419922,30.118694305419922,4.630199432373047,0.0015125274658203125,277.81195068359375,1807.12158203125,1807.12158203125,60,610.548481810838,0.0,d1c387fde5e0cdb1b2ac0c677705501b24837b39cba0a205f1940dce714825c9,True
622,14,3,120,original,2.9866487979888916,13.54919719696045,13.54919719696045,2.9866487979888916,0.0005822181701660156,179.19891357421875,812.9517822265625,812.9517822265625,60,611.1669270321727,0.0,e1486672ac31cfc8ba0d2777d1bc87a5a71188b4505803783541ab3f2177d04c,True
623,14,3,135,original,7.83422327041626,191.40609741210938,191.40609741210938,7.83422327041626,0.006175994873046875,470.0533752441406,11484.365234375,11484.365234375,60,611.2907258793712,0.0,fe3ef5a0a3cfe8702526adbe77122b11b7a9d6fe4fb711a52c2b4a7e9d7a3042,True
624,14,3,150,original,19.9639835357666,560.1398315429688,560.1398315429688,19.9639835357666,0.0183258056640625,1197.8389892578125,33608.38671875,33608.38671875,60,610.3064436465502,0.0,ee9ffc03a088018f974baa585a3dbb36ba2abeb9740405918ac1eba194a42e90,True
625,14,3,165,original,8.470048904418945,109.7235107421875,109.7235107421875,8.470048904418945,0.0038013458251953125,508.2029113769531,6583.41015625,6583.41015625,60,628.7695928476751,0.0,87948efb60352e0001ead5bd28f169601a423fa080cd2b518409202b66d4c43c,True
626,14,3,180,original,6.582348823547363,68.9753646850586,68.9753646850586,6.582348823547363,0.0035247802734375,394.94091796875,4138.521484375,4138.521484375,60,610.4654329828918,0.0,1a58d26ac6e5e085a2f9dc54144db37604284e55f96fc255235c67380aa5326d,True
627,14,3,195,original,16.992000579833984,558.7156372070312,558.7156372070312,16.992000579833984,0.0208587646484375,1019.52001953125,33522.9375,33522.9375,60,608.77132602036,0.0,947005e47aa4d1eca9fca8461778fb9dc25a4c836c3e94f3598e8887e7a70e1a,True
628,14,3,210,original,9.810964584350586,159.50050354003906,159.50050354003906,9.810964584350586,0.00514984130859375,588.6578369140625,9570.029296875,9570.029296875,60,609.6110190264881,0.0,319dbecb5baa852a1ecef4f906617fc3d1d53749382a02615d1006aff2dd5ced,True
629,14,3,225,original,3.9539177417755127,41.77677536010742,41.77677536010742,3.9539177417755127,0.0013360977172851562,237.23504638671875,2506.6064453125,2506.6064453125,60,610.0561060011387,0.0,42331df71df719788ff99af8915a99438325795fb162e6379552d8c799f77653,True
630,14,35,30,original,20.614906311035156,1001.8594970703125,1001.8594970703125,20.614906311035156,0.0313720703125,1236.894287109375,60111.56640625,60111.56640625,60,608.5575679317117,0.0,6cc21f4e7f8fae121b3f85d9948a7278468d0e9c5219970dd610d39a26a6ca55,True
631,14,35,45,original,34.54923629760742,2943.4326171875,2943.4326171875,34.54923629760742,0.09228515625,2072.9541015625,176605.953125,176605.953125,60,609.8923371173441,0.0,5ce748f65710f9bd94fa96b96a73a3e2782639c2dda0d34849e0fac4672c15d1,True
632,14,35,60,original,20.052255630493164,614.1680297851562,614.1680297851562,20.052255630493164,0.0254364013671875,1203.13525390625,36850.078125,36850.078125,60,612.6381140202284,0.0,8b3e1bd4cba0a0f46f9b8eafb46eb9d7c373688667d322bfd4d3f7a1520c158c,True
633,14,35,75,original,9.061291694641113,132.12759399414062,132.12759399414062,9.061291694641113,0.006572723388671875,543.677490234375,7927.6552734375,7927.6552734375,60,609.995354898274,0.0,cff39817256dbf29037db091925a6a71043283fe7ce98e09fbabc12efa86bb57,True
634,14,35,90,original,7.709682464599609,75.60747528076172,75.60747528076172,7.709682464599609,0.0032787322998046875,462.5809326171875,4536.4482421875,4536.4482421875,60,609.7331983037293,0.0,ab9c7fcfefc039a258233c8ae4669f58ec7994f5e3fc584f61c987cf36b9a6ba,True
635,14,35,105,original,6.342681407928467,109.76929473876953,109.76929473876953,6.342681407928467,0.0035991668701171875,380.56085205078125,6586.1572265625,6586.1572265625,60,609.6167392097414,0.0,e9500bd1cf12cd6c3072191f028b684e4ea8c07b2e409c8fb5c1a40580e28769,True
636,14,35,120,original,8.248361587524414,150.01116943359375,150.01116943359375,8.248361587524414,0.0055389404296875,494.90167236328125,9000.669921875,9000.669921875,60,609.340051189065,0.0,5eb0e50b1b9d146e0b90521eb36ef7724eed5147b6af2b16871824c224ae19c8,True
637,14,35,135,original,8.864065170288086,121.87633514404297,121.87633514404297,8.864065170288086,0.0050811767578125,531.8438720703125,7312.57958984375,7312.57958984375,60,610.2680643089116,0.0,035928e2b44bbac68f386812385caf8d864ce409311e2f061425169e003a645c,True
638,14,35,150,original,4.827198028564453,47.68498611450195,47.68498611450195,4.827198028564453,0.0016632080078125,289.6318664550781,2861.09912109375,2861.09912109375,60,617.339976131916,0.0,ca3798c6ab1699924d7f30d8a509183a7206f667279e99bd6cafb7b13b6b38a6,True
639,14,35,165,original,5.369816303253174,53.537723541259766,53.537723541259766,5.369816303253174,0.002056121826171875,322.18896484375,3212.26318359375,3212.26318359375,60,611.4453440532088,0.0,5e01ffd0f5630a4de5af3980a27b83d0cf62eb45d4818198480e3257a9a776bf,True
640,14,35,180,original,2.347822666168213,7.809038162231445,7.809038162231445,2.347822666168213,0.00043392181396484375,140.86935424804688,468.5422668457031,468.5422668457031,60,611.608951818198,0.0,f550e1e0b2f9eccf8654f81ae0a49568fbf8031da016511f6c2e65e7c614fe95,True
641,14,35,195,original,1.8491690158843994,6.316110134124756,6.316110134124756,1.8491690158843994,0.00020813941955566406,110.95013427734375,378.9665832519531,378.9665832519531,60,610.598870087415,0.0,e1c9062cf791f580f9b55bc89f1409c261e34036dcee3c9ef8e43d771247b0d8,True
642,14,35,210,original,1.8979536294937134,5.609405517578125,5.609405517578125,1.8979536294937134,0.00030875205993652344,113.87721252441406,336.5643005371094,336.5643005371094,60,611.1845360137522,0.0,423c07046b395f06b59b6c1871281180e1c8fca5fe12df99e9b5c0a1c9a68c9f,True
643,14,35,225,original,6.38754415512085,98.2639389038086,98.2639389038086,6.38754415512085,0.0031566619873046875,383.25262451171875,5895.8359375,5895.8359375,60,611.4748530089855,0.0,a0f180ae7e7f88877e90fb2f6abccee9e95251b8c9d7a55228fa9a9e17c6ec22,True
644,14,48,30,original,6.9671735763549805,80.05675506591797,80.05675506591797,6.9671735763549805,0.0036468505859375,418.0303955078125,4803.4052734375,4803.4052734375,60,610.7236300595105,0.0,286733e68735c475a2087b9f05f471949c4a90f19b9d39e251aaaf87c1fa2c8c,True
645,14,48,45,original,4.6593732833862305,33.44572067260742,33.44572067260742,4.6593732833862305,0.0016422271728515625,279.5623779296875,2006.7431640625,2006.7431640625,60,613.3640180341899,0.0,903bf66225e84d2c048f02657154692e08b8646ba9defa43b3d67991dbc71acf,True
646,14,48,60,original,13.358345031738281,346.2917785644531,346.2917785644531,13.358345031738281,0.011566162109375,801.5006713867188,20777.505859375,20777.505859375,60,610.9030181542039,0.0,b08bc95b7522c95b3d92b4e4774b27bc16a7b645f1ad6d35faaee6cc2bd11ac6,True
647,14,48,75,original,13.705682754516602,417.23583984375,417.23583984375,13.705682754516602,0.0135040283203125,822.3409423828125,25034.1484375,25034.1484375,60,611.1448663286865,0.0,2ee484452735dede6e0247307fbe030e5a2d9f6b9d7dc6a8b7db59590794b20b,True
648,14,48,90,original,8.283842086791992,165.54489135742188,165.54489135742188,8.283842086791992,0.005252838134765625,497.030517578125,9932.693359375,9932.693359375,60,610.0649540312588,0.0,e979f627f1054147cd9aa40f4c8371f23e323a8af6dd9525abff004dfd2f7f7c,True
649,14,48,105,original,4.929582118988037,45.91118240356445,45.91118240356445,4.929582118988037,0.00173187255859375,295.77490234375,2754.6708984375,2754.6708984375,60,610.7357293367386,0.0,8befcd35ab3d39eebea4c8d392f2f603c129c898ba69d670e5ab24a4405bc618,True
650,14,48,120,original,5.328135013580322,42.72675704956055,42.72675704956055,5.328135013580322,0.0014810562133789062,319.6880798339844,2563.605224609375,2563.605224609375,60,610.4322923347354,0.0,2564d219c878f181036cb61f2f971180553a8edad9eeeec4fdabb4cb9033b352,True
651,14,48,135,original,3.9070684909820557,20.255813598632812,20.255813598632812,3.9070684909820557,0.0008053779602050781,234.42410278320312,1215.3487548828125,1215.3487548828125,60,617.005558218807,0.0,9443cb9ea5ede0cbc58df8250dcb80a2f3ad5fbf5d11f36c2c66a629e83289a3,True
652,14,48,150,original,3.3697409629821777,21.992843627929688,21.992843627929688,3.3697409629821777,0.0011138916015625,202.1844482421875,1319.570556640625,1319.570556640625,60,611.6049219854176,0.0,6d0d559f81ffafab18121c353beab87dd07bbfed2b3b18db43b23cfff3628256,True
653,14,48,165,original,4.439111232757568,44.81153869628906,44.81153869628906,4.439111232757568,0.0016117095947265625,266.3466491699219,2688.692138671875,2688.692138671875,60,613.2673788815737,0.0,463e61913bd8f07c21c88368e518bab0623bd81ed34349135a5a34a24f9f8e8e,True
654,14,48,180,original,3.0642971992492676,12.259170532226562,12.259170532226562,3.0642971992492676,0.0008244514465332031,183.85781860351562,735.5501708984375,735.5501708984375,60,632.3166629299521,0.0,dcb2d3ed8069b1813c4a50b16b61adc63c9f107e203124b35bbd3f06385035c8,True
655,14,48,195,original,7.494909763336182,140.01217651367188,140.01217651367188,7.494909763336182,0.004627227783203125,449.6945495605469,8400.73046875,8400.73046875,60,628.3047660253942,0.0,ade3109ac0a9d9ab3e5c8bd61434444adac10a41649c6431781c4d5ceb567250,True
656,14,48,210,original,6.008780002593994,73.11527252197266,73.11527252197266,6.008780002593994,0.0023860931396484375,360.52679443359375,4386.916015625,4386.916015625,60,629.5838551595807,0.0,33f70eef22b6ddc54731237b004163b7f95d7f5c8a3d7adac82409b1ce95e3ab,True
657,14,48,225,original,2.440133810043335,7.864810466766357,7.864810466766357,2.440133810043335,0.0005464553833007812,146.40802001953125,471.88861083984375,471.88861083984375,60,628.4608040004969,0.0,fb322058682bbc173e1f3837dc7e58199e458d444110270dca7d5539796d1852,True
658,14,22,30,original,11.583152770996094,323.62677001953125,323.62677001953125,11.583152770996094,0.0118408203125,694.9891357421875,19417.60546875,19417.60546875,60,628.1998460181057,0.0,844290338476d25a0e693ae36edc5d46a40f6d2f57bf344203e6e07c366d8315,True
659,14,22,45,original,9.880692481994629,210.91790771484375,210.91790771484375,9.880692481994629,0.00833892822265625,592.8414916992188,12655.07421875,12655.07421875,60,627.8148400597274,0.0,5817f1fc428e2316221ef37a1b30bcc841f7a4e465a34521927f6332232feab9,True
660,14,22,60,original,15.240158081054688,366.48419189453125,366.48419189453125,15.240158081054688,0.011810302734375,914.409423828125,21989.05078125,21989.05078125,60,629.3822671286762,0.0,74dde492a124bb9f0f6e0d716332bfb0c1bf7630bb2014d6d23ceb4f4e5759aa,True
661,14,22,75,original,7.384067058563232,122.90565490722656,122.90565490722656,7.384067058563232,0.004138946533203125,443.04400634765625,7374.3388671875,7374.3388671875,60,628.4553841687739,0.0,0657cb7a350e634fda8e8cf8b4495d59791a3ed952f88821e8aceeacca0dff10,True
662,14,22,90,original,6.10498571395874,87.46282196044922,87.46282196044922,6.10498571395874,0.002788543701171875,366.29913330078125,5247.76904296875,5247.76904296875,60,628.4450753591955,0.0,376256b164ac905892529c14e81d4fc7fa0f2024da05d1bff93701a72936e7ae,True
663,14,22,105,original,4.685647487640381,50.82398986816406,50.82398986816406,4.685647487640381,0.001617431640625,281.1388244628906,3049.439208984375,3049.439208984375,60,628.1639072112739,0.0,744a9c1701c50bcc38e8fd402570481b2c46188165c09f31ab78d58b00867bba,True
664,14,22,120,original,7.419617176055908,81.77472686767578,81.77472686767578,7.419617176055908,0.0026702880859375,445.177001953125,4906.4833984375,4906.4833984375,60,628.4021148458123,0.0,2a4a860168192a2cfb05389970241ff74b4ad9f82bc88c3a3f640e863c154ba4,True
665,14,22,135,original,4.4526166915893555,33.56782913208008,33.56782913208008,4.4526166915893555,0.0010509490966796875,267.156982421875,2014.0697021484375,2014.0697021484375,60,627.5326022878289,0.0,41c374e410a5eea79a67439d14c62a335fc9b42bfeb1b2b052f0f14421237131,True
666,14,22,150,original,2.5353760719299316,13.550760269165039,13.550760269165039,2.5353760719299316,0.0004856586456298828,152.12255859375,813.0455932617188,813.0455932617188,60,631.2721711583436,0.0,7222530359a11b3b3411c028853d756f72cfe9cb242e2acd49d1731d875cd0a7,True
667,14,22,165,original,6.295895576477051,83.69342803955078,83.69342803955078,6.295895576477051,0.0026073455810546875,377.75372314453125,5021.60546875,5021.60546875,60,629.500366281718,0.0,b3614a9657e51cca66e71916bbe4eb78466b466e686771632ab71d6874ca049b,True
668,14,22,180,original,1.4929391145706177,4.683245658874512,4.683245658874512,1.4929391145706177,0.0001608133316040039,89.57633972167969,280.9947204589844,280.9947204589844,60,629.4903364032507,0.0,d65fd427c1175fb665fe6b6d056d91bbc23dca48dd9523dec20b7c1a79ec8efd,True
669,14,22,195,original,5.304133415222168,99.29254150390625,99.29254150390625,5.304133415222168,0.0031070709228515625,318.24798583984375,5957.55224609375,5957.55224609375,60,629.2135380208492,0.0,03a6a7bf82e47d55bdfbc22b3f57e8d513151298eb2c92c22359a52201d87e19,True
670,14,22,210,original,3.82108998298645,38.21272277832031,38.21272277832031,3.82108998298645,0.0012331008911132812,229.265380859375,2292.76318359375,2292.76318359375,60,629.0076393634081,0.0,42009758325e9e5327eaae01e662b4b6561877e3183768d1f16d4c0f348728da,True
671,14,22,225,original,4.022126197814941,22.16666030883789,22.16666030883789,4.022126197814941,0.0009140968322753906,241.32754516601562,1329.99951171875,1329.99951171875,60,628.6771432496607,0.0,739b8268d9b21b02df6b32344e34e7ee8a43d4d6ee30b3532a5a4da89f9f42c3,True
672,14,55,30,original,35.2215576171875,2798.0283203125,2798.0283203125,35.2215576171875,0.0867919921875,2113.29345703125,167881.6875,167881.6875,60,628.8646101020277,0.0,bda24c72d4a14d45969a9b7ca536999686039d13f528d82c645c67cbe4603064,True
673,14,55,45,original,2.197300672531128,7.114692687988281,7.114692687988281,2.197300672531128,0.00023603439331054688,131.83802795410156,426.88153076171875,426.88153076171875,60,627.506101038307,0.0,fbbdf26bff9c5cc1affef2f436a392e6405cbf0ca3476078e3f4bf8263828ec2,True
674,14,55,60,original,5.264425754547119,70.10868835449219,70.10868835449219,5.264425754547119,0.00217437744140625,315.86553955078125,4206.52099609375,4206.52099609375,60,627.50010099262,0.0,6830d9eff24e54dbada85dcb12b50a4c71f0c427bbdcd7279f1a8fca1bfc243f,True
675,14,55,75,original,2.97074031829834,12.51673412322998,12.51673412322998,2.97074031829834,0.00044155120849609375,178.24441528320312,751.0040283203125,751.0040283203125,60,627.1502538584173,0.0,a45c2ee9b40534b70c5c2ff7ae21ab71d46ad54a997a46318a3bbb83ed3444e5,True
676,14,55,90,original,1.2648411989212036,2.46940016746521,2.46940016746521,1.2648411989212036,0.00010216236114501953,75.89046478271484,148.16400146484375,148.16400146484375,60,627.6999297551811,0.0,7bbdee01aedb9e2cf5475545c444b7e78a83266d0abc36dff86b84fb0d962d3e,True
677,14,55,105,original,1.2119072675704956,2.2957940101623535,2.2957940101623535,1.2119072675704956,9.387731552124023e-05,72.71443176269531,137.7476348876953,137.7476348876953,60,627.4068220518529,0.0,dca5e413aff09b2a5ca189f0219fcca404e0cc173aae764dbfbeb5040195cbe0,True
678,14,55,120,original,1.2034635543823242,2.244156837463379,2.244156837463379,1.2034635543823242,9.649991989135742e-05,72.20780944824219,134.64939880371094,134.64939880371094,60,643.6344999819994,0.0,8813558bd4fca0d44d5c7ff47e8467d74cc50cf0e4fc2bef8f43c53d0c0c8e07,True
679,14,55,135,original,1.297721028327942,2.40358304977417,2.40358304977417,1.297721028327942,9.936094284057617e-05,77.8632583618164,144.21498107910156,144.21498107910156,60,627.7128187939525,0.0,9e7133a59b69ac0c8db11ab74b8e1ce199bf64525c9185bfd6b3d5b2edf05c71,True
680,14,55,150,original,7.285256862640381,195.28868103027344,195.28868103027344,7.285256862640381,0.006267547607421875,437.1153869628906,11717.3203125,11717.3203125,60,628.5906229168177,0.0,fd20d6ddca9e1f041be2162233ed3826ea89a041c53bd827b8d84076fab457e8,True
681,14,55,165,original,11.287765502929688,257.1132507324219,257.1132507324219,11.287765502929688,0.008453369140625,677.265869140625,15426.7939453125,15426.7939453125,60,628.5827229730785,0.0,560e52b5a705cb39baa8e92e307656904890f065947df587ada84e5f41af6d30,True
682,14,55,180,original,2.650296688079834,11.00479793548584,11.00479793548584,2.650296688079834,0.0003829002380371094,159.01779174804688,660.287841796875,660.287841796875,60,630.1596201956272,0.0,06be9823df3b4e0fd4884fdfb270d5503ed838ec59fd73bb176f7af6eda6936b,True
683,14,55,195,original,2.1280131340026855,8.92807674407959,8.92807674407959,2.1280131340026855,0.0002841949462890625,127.6807861328125,535.6845703125,535.6845703125,60,627.5109709240496,0.0,cf6e0c7e75dc67e318e66c6b455d3a5a9b99ed860c62c8e0a7d6802b00fd4604,True
684,14,55,210,original,2.3000006675720215,13.698641777038574,13.698641777038574,2.3000006675720215,0.0004284381866455078,138.00003051757812,821.91845703125,821.91845703125,60,627.7209999971092,0.0,474b4adc54d83c303636ab114ef5f0a165b494b133126a17bb42ce2af016f193,True
685,14,55,225,original,1.9629250764846802,11.809283256530762,11.809283256530762,1.9629250764846802,0.0003705024719238281,117.77549743652344,708.5569458007812,708.5569458007812,60,632.0717041380703,0.0,93a357a06654ba3da917a5bd40f84331810d1d557a3ed5fd07f4ff4594619a98,True
686,14,4,30,original,13.414098739624023,400.37176513671875,400.37176513671875,13.414098739624023,0.0128631591796875,804.8458862304688,24022.3046875,24022.3046875,60,628.7231710739434,0.0,36cf8986477d1828aa2dc87dc780efe72d197edcb66490583f95fd2a518adcd6,True
687,14,4,45,original,24.465890884399414,10021.7275390625,1631.996337890625,24.465890884399414,0.3115234375,1467.953369140625,601303.625,97919.7734375,60,628.5649728961289,0.0,e02c0f6fc1ea34fdcdf00d99982ff781da8a81fc782e41741ab7f724f2fc8e69,True
688,14,4,60,original,30.07564926147461,3299.817626953125,2375.561767578125,30.07564926147461,0.10321044921875,1804.538818359375,197989.046875,142533.703125,60,628.4062536433339,0.0,5690a9ded6ad4360f5c6ba780f967b5bc7a638383d71b49c867b70f98ba573cd,True
689,14,4,75,original,4.445669651031494,36.13572692871094,36.13572692871094,4.445669651031494,0.001224517822265625,266.74017333984375,2168.1435546875,2168.1435546875,60,627.4103219620883,0.0,867d634e0c1111a258dedb7b686f73bfe1f4db00eab5a9838c44639877ce42d8,True
690,14,4,90,original,1.6167585849761963,4.732667922973633,4.732667922973633,1.6167585849761963,0.00020074844360351562,97.00550842285156,283.9600524902344,283.9600524902344,60,627.2254828363657,0.0,15ae8f5af65bc9289af98c00166569bcfd6234f61ccd16bbb18edf87413f77c9,True
691,14,4,105,original,6.113438129425049,74.81849670410156,74.81849670410156,6.113438129425049,0.0023403167724609375,366.8062744140625,4489.109375,4489.109375,60,627.3104618303478,0.0,a3e722664625b220c1bb5b622fc1c2c4418067d6b2dcaba6b58b67d95b2db31b,True
692,14,4,120,original,3.9108238220214844,27.18490982055664,27.18490982055664,3.9108238220214844,0.0008740425109863281,234.6494140625,1631.094482421875,1631.094482421875,60,627.5576800107956,0.0,26a09c5e4ed7e7677ccd493f18bec03e8679250fe4606d27d124208319c53f00,True
693,14,4,135,original,6.059070110321045,88.42115783691406,88.42115783691406,6.059070110321045,0.00315093994140625,363.544189453125,5305.26904296875,5305.26904296875,60,626.2286119163036,0.0,c6e731b648e53273f66aecaad377f52e3b4c3e930edca803a42389aa4ea64aea,True
694,14,4,150,original,21.7648983001709,1204.1826171875,1204.1826171875,21.7648983001709,0.037933349609375,1305.893798828125,72250.953125,72250.953125,60,626.1445819400251,0.0,9c855bcb81f2a5ece451101e271c3ec781e50a08b1d2871eaa19a8592aac4f5f,True
695,14,4,165,original,13.261774063110352,444.1597900390625,444.1597900390625,13.261774063110352,0.0140533447265625,795.7064208984375,26649.5859375,26649.5859375,60,625.7839142344892,0.0,b1bf882c9e1f1976cb4751bbfe7e74a1fed32d7066dbb2cc38e51cd98efebb86,True
696,14,4,180,original,11.1705961227417,304.6794128417969,304.6794128417969,11.1705961227417,0.00960540771484375,670.2357177734375,18280.763671875,18280.763671875,60,626.246371306479,0.0,fc21cf1034bd41b4f8466da18b86ceed5bb35b9d8b2a621eda9959b509d0951c,True
697,14,4,195,original,4.393538475036621,53.47535705566406,53.47535705566406,4.393538475036621,0.0017538070678710938,263.6123046875,3208.521240234375,3208.521240234375,60,626.6600177623332,0.0,940f9950f592520dbd5b4c7f07dadcb1b7e17615c2f0d6e997bf9a1ff380709d,True
698,14,4,210,original,4.895995140075684,40.09130096435547,40.09130096435547,4.895995140075684,0.0014486312866210938,293.75970458984375,2405.47802734375,2405.47802734375,60,626.9205757416785,0.0,db5136571d6937401c7538cbe0ac017f7a8f7995caec13a749df346685fff320,True
699,14,4,225,original,7.777999401092529,101.19580078125,101.19580078125,7.777999401092529,0.0032444000244140625,466.679931640625,6071.74755859375,6071.74755859375,60,625.813705381006,0.0,c347f282b176e6d8ad84283a19a560e84a69fdb442663d0ac277702e5f85626d,True
700,14,45,30,original,35.80770492553711,1640.2705078125,1640.2705078125,35.80770492553711,0.0738525390625,2148.462158203125,98416.2265625,98416.2265625,60,619.488995987922,0.0,29c3ba3e355c15bbaf2234d34a0632e24a5279cf3eaf31f7f342eb56a25cd441,True
701,14,45,45,original,4.27747106552124,39.13320541381836,39.13320541381836,4.27747106552124,0.0015201568603515625,256.64825439453125,2347.9921875,2347.9921875,60,615.4027697630227,0.0,5af41a552d5af60a7810865b64929187fa7889e44f780e35ebd9b35b47f40611,True
702,14,45,60,original,3.2879977226257324,19.983591079711914,19.983591079711914,3.2879977226257324,0.0007176399230957031,197.27984619140625,1199.015380859375,1199.015380859375,60,614.7947241552174,0.0,2a2726e8721c517a58de0c06925101455270ac1a8c2183ab3cd90739ba003e76,True
703,14,45,75,original,4.398903846740723,43.82331848144531,43.82331848144531,4.398903846740723,0.0014944076538085938,263.9342041015625,2629.39892578125,2629.39892578125,60,615.453477948904,0.0,8562b103180a3c56c467ae89507dbfcfc654de3f5a086610f31c23ed12416748,True
704,14,45,90,original,3.8777575492858887,24.854293823242188,24.854293823242188,3.8777575492858887,0.0007905960083007812,232.66543579101562,1491.257568359375,1491.257568359375,60,616.991666611284,0.0,fcd8a0d3ffa85833ae521bbab5dd6d21bd52f6d928e273e590f3ecba584461a6,True
705,14,45,105,original,2.005370855331421,6.755016326904297,6.755016326904297,2.005370855331421,0.00026988983154296875,120.32225036621094,405.30096435546875,405.30096435546875,60,615.6216668896377,0.0,11d59d46c8d562ff99b650c55c0a7b3f2d670cab39592b5cd1f4dda7cc6a0130,True
706,14,45,120,original,3.5685088634490967,20.802011489868164,20.802011489868164,3.5685088634490967,0.0007734298706054688,214.1105194091797,1248.12060546875,1248.12060546875,60,615.1198018342257,0.0,0419a6493a1d33d69d06efbd1dbb80332aa1546e4318dc1b9f1f7247d50655c3,True
707,14,45,135,original,3.5026562213897705,46.63144302368164,46.63144302368164,3.5026562213897705,0.0014972686767578125,210.15936279296875,2797.886474609375,2797.886474609375,60,615.4457679949701,0.0,99ea7696a1460bd64cfd2cb796b0548939e69a066c5fcaa344a690c903c461ca,True
708,14,45,150,original,24.42296600341797,8221.228515625,2159.44775390625,24.42296600341797,0.256103515625,1465.3779296875,493273.65625,129566.859375,60,616.0089331679046,0.0,b52944b42fb5a018d08c8ddd7fb4be60e707441385ea4d17700105656d4c8ce4,True
709,14,45,165,original,42.47039031982422,7308.62109375,4878.8037109375,42.47039031982422,0.228515625,2548.223388671875,438517.25,292728.21875,60,615.7652959227562,0.0,ded7018e6570853a055e85fb1f4bf41a5d82b963681d5cc17b7e56e839653df2,True
710,14,45,180,original,28.099063873291016,1679.6881103515625,1679.6881103515625,28.099063873291016,0.0523681640625,1685.9437255859375,100781.28125,100781.28125,60,615.7736470922828,0.0,c73fdc925061a28b2160e10e8e565ec9efe2c0992d99de3e47492414f035ec56,True
711,14,45,195,original,5.361723899841309,49.91923141479492,49.91923141479492,5.361723899841309,0.0020580291748046875,321.70343017578125,2995.15380859375,2995.15380859375,60,616.1895422264934,0.0,4e08a4ff14978c173593a000f3c5ef0d66b19e5fcf5290e78a8cd9db4dd0e400,True
712,14,45,210,original,4.161259174346924,32.73246383666992,32.73246383666992,4.161259174346924,0.0011157989501953125,249.675537109375,1963.9476318359375,1963.9476318359375,60,616.5339797735214,0.0,25852f093eeeb65b5b5c4c5c327ca37adb17a4e6af571658b385d34a9c8acf99,True
713,14,45,225,original,5.5464653968811035,40.71363067626953,40.71363067626953,5.5464653968811035,0.0014629364013671875,332.78790283203125,2442.817626953125,2442.817626953125,60,616.677928250283,0.0,5b0062661aa21d34246ca47146d74412cfc0617f51511ffea82447034254d4ad,True
714,14,60,30,original,10.57937240600586,225.69876098632812,225.69876098632812,10.57937240600586,0.007354736328125,634.7623291015625,13541.9248046875,13541.9248046875,60,615.670716855675,0.0,e2b2fa88ce00697d966111fe64eb321ad63a8eefc385ce82d15d0f56d5aa229e,True
715,14,60,45,original,14.405577659606934,421.7137451171875,421.7137451171875,14.405577659606934,0.0130462646484375,864.3345947265625,25302.82421875,25302.82421875,60,616.5062598884106,0.0,039a1a93d92fa06661ed0f34d340f03c94bcf538f86f2faf16d1d883666f6f9f,True
716,14,60,60,original,7.7891435623168945,195.20005798339844,195.20005798339844,7.7891435623168945,0.00603485107421875,467.3486022949219,11712.0029296875,11712.0029296875,60,616.6330189444125,0.0,bd65904f05fc06645d4a4ee5e16f7286b025210320a8c92299a1e7ac396dca9c,True
717,14,60,75,original,6.575864315032959,129.2487030029297,129.2487030029297,6.575864315032959,0.004016876220703125,394.5518493652344,7754.92138671875,7754.92138671875,60,615.0330621749163,0.0,af3a3c631c8b76a3514f5c71325809d534cd0019a52d5dcc47e96253175146de,True
718,14,60,90,original,6.5329909324646,81.49047088623047,81.49047088623047,6.5329909324646,0.00257110595703125,391.97943115234375,4889.42822265625,4889.42822265625,60,615.8964741043746,0.0,6358c101bdb8934b3e01618374841caec1b930ebd7a40a8d82cffa2b18453a72,True
719,14,60,105,original,2.0912551879882812,6.846744060516357,6.846744060516357,2.0912551879882812,0.0002422332763671875,125.47530364990234,410.80462646484375,410.80462646484375,60,615.1413908228278,0.0,849c132055698090c0ddd93511911358b1cc97a9784c769f136844dbb6d40dd3,True
720,14,60,120,original,1.6790307760238647,4.778907299041748,4.778907299041748,1.6790307760238647,0.00015807151794433594,100.7418441772461,286.73443603515625,286.73443603515625,60,614.902812987566,0.0,a485dcf45a09a1438c26ea39ba0a19a79b70d5e4b4be818dbbd3a881a6bc6b8d,True
721,14,60,135,original,1.6742382049560547,4.492276191711426,4.492276191711426,1.6742382049560547,0.0001475811004638672,100.45428466796875,269.53656005859375,269.53656005859375,60,615.2482600882649,0.0,727a44639e0d373be2002e4428c59cdd4105a73635f498125c3cb745bb1d3b54,True
722,14,60,150,original,1.6734907627105713,4.54255485534668,4.54255485534668,1.6734907627105713,0.000148773193359375,100.40943908691406,272.55328369140625,272.55328369140625,60,615.0358710438013,0.0,3bc061210365e1173506c6c3d1e16f6a0ab729d15624b638394906a596013256,True
723,14,60,165,original,2.73706316947937,21.32815933227539,21.32815933227539,2.73706316947937,0.0006823539733886719,164.22378540039062,1279.689453125,1279.689453125,60,615.0682913139462,0.0,29525c13c524b4485af058da035d0bef50e87157ee11f1a17c02273d5bc7f415,True
724,14,60,180,original,4.644075870513916,46.09587478637695,46.09587478637695,4.644075870513916,0.0015354156494140625,278.64453125,2765.75244140625,2765.75244140625,60,615.4320277273655,0.0,fbdfb58ef9610484acb5a699ef5e3d64d62749f4af0145732776e1307af50aeb,True
725,14,60,195,original,3.8295106887817383,23.170982360839844,23.170982360839844,3.8295106887817383,0.0008282661437988281,229.7706298828125,1390.2589111328125,1390.2589111328125,60,615.4920379631221,0.0,fc584ed95cf5774d011891c458b91a94d6b665b9a5492738291475ec72bb9bfc,True
726,14,60,210,original,2.2210323810577393,10.92746639251709,10.92746639251709,2.2210323810577393,0.0003509521484375,133.26193237304688,655.64794921875,655.64794921875,60,615.4986280016601,0.0,9587f0628af4b255e40d4e4423d8f3f5fff8024e423a1c9c9caadbc1b4c979d5,True
727,14,60,225,original,3.5677239894866943,25.179733276367188,25.179733276367188,3.5677239894866943,0.0008058547973632812,214.0634307861328,1510.783935546875,1510.783935546875,60,616.0669228993356,0.0,d612eff0b6fd751a564708b9272f13cb73d25bdc4066469bf00159052d7cfe96,True
728,14,26,30,original,38.86064910888672,4224.392578125,3613.071044921875,38.86064910888672,0.1337890625,2331.638916015625,253463.53125,216784.25,60,616.300811059773,0.0,6eb2d6dfd2b9e203fb224770c502527655c1c6ecd4c0ad46018e12dc88a0ca37,True
729,14,26,45,original,11.325658798217773,194.51712036132812,194.51712036132812,11.325658798217773,0.00606536865234375,679.5394897460938,11671.0263671875,11671.0263671875,60,616.8831861577928,0.0,b6eda7932b22a7141859a7723d5472aadf2d963a9c6fb1613125f24ccbea793c,True
730,14,26,60,original,12.29188060760498,304.72833251953125,304.72833251953125,12.29188060760498,0.0096893310546875,737.5128173828125,18283.69921875,18283.69921875,60,630.8615119196475,0.0,8b8896e481287f9a95a350a4abff556fd9868d8bb375c130f71b5b6c27f3a85c,True
731,14,26,75,original,9.147014617919922,225.62130737304688,225.62130737304688,9.147014617919922,0.007076263427734375,548.8208618164062,13537.27734375,13537.27734375,60,619.7721119970083,0.0,9d36c82dbf2bc934b0734aff34cca4ae9ef40f61ddc1d898d40043edd60b2fa1,True
732,14,26,90,original,10.175795555114746,190.87998962402344,190.87998962402344,10.175795555114746,0.00608062744140625,610.5477294921875,11452.798828125,11452.798828125,60,617.1710137277842,0.0,6dd10af0b532a524858f7d60524f08db8d4b636da9e221ad2301651431503768,True
733,14,26,105,original,5.936708927154541,75.1546401977539,75.1546401977539,5.936708927154541,0.0024013519287109375,356.2025146484375,4509.2783203125,4509.2783203125,60,615.4447579756379,0.0,4babcedaf1c85ed36fe511e7712f1bc392d01e36dbc6245dc9aec92d1efc5c29,True
734,14,26,120,original,5.743393898010254,57.47834777832031,57.47834777832031,5.743393898010254,0.0018224716186523438,344.6036071777344,3448.70068359375,3448.70068359375,60,616.6717978194356,0.0,bd694819b558450a1b893236cb1bce7f11aba4a0735324acde3ac9dabab9cd4b,True
735,14,26,135,original,1.113003134727478,2.254429817199707,2.254429817199707,1.113003134727478,8.112192153930664e-05,66.78018188476562,135.26577758789062,135.26577758789062,60,616.232552099973,0.0,27642714c5c85961020f6e6d25abfeaf462d179357d0a08a6eb9cc50ac665631,True
736,14,26,150,original,2.8197145462036133,32.90818405151367,32.90818405151367,2.8197145462036133,0.0010423660278320312,169.182861328125,1974.4908447265625,1974.4908447265625,60,615.7455751672387,0.0,3b1f6cd7931986fbb84672dc4fa1985512f92a4f98c89782391e235b058e0f89,True
737,14,26,165,original,14.591743469238281,558.3342895507812,558.3342895507812,14.591743469238281,0.017730712890625,875.5045776367188,33500.0546875,33500.0546875,60,615.6077170744538,0.0,e4a43ad6b5142ec1d3b03201633f52c2735a4f3ea40c73fdadf6c3d8c55c46ee,True
738,14,26,180,original,2.460975170135498,9.464320182800293,9.464320182800293,2.460975170135498,0.000335693359375,147.65850830078125,567.8591918945312,567.8591918945312,60,614.8181627504528,0.0,ea8afdaf3643b1a710f585aecae39134c9cc0e33124aaeec27d3f626e37dee37,True
739,14,26,195,original,4.766450881958008,32.63225555419922,32.63225555419922,4.766450881958008,0.0013685226440429688,285.9870300292969,1957.935302734375,1957.935302734375,60,614.7976429201663,0.0,766304c2b82307b0904fedca203279679437520871e0f2ade5a671084550b658,True
740,14,26,210,original,5.337530612945557,64.87872314453125,64.87872314453125,5.337530612945557,0.0020751953125,320.2518310546875,3892.723388671875,3892.723388671875,60,616.0243833437562,0.0,03df5e337767badc1c104c9f9773bfa3928ccce847fc9e73fef490f278434c90,True
741,14,26,225,original,7.234131336212158,79.64936828613281,79.64936828613281,7.234131336212158,0.0028533935546875,434.0478515625,4778.9619140625,4778.9619140625,60,614.8885418660939,0.0,84dca45f5fc1f79f0b28e98f0a270d93765a87d155c61cab427dfa02e01af4fa,True
742,14,21,30,original,6.048584461212158,81.01876831054688,81.01876831054688,6.048584461212158,0.0026092529296875,362.9150390625,4861.1259765625,4861.1259765625,60,615.1455198414624,0.0,42a69f34f4b156719d5f47320d08b3dbf5d36b3f154e4e08b8764958fe9b7cda,True
743,14,21,45,original,4.69367790222168,54.58653259277344,54.58653259277344,4.69367790222168,0.001796722412109375,281.62066650390625,3275.19189453125,3275.19189453125,60,618.5463322326541,0.0,d97163a248d937017fb7c79403917fffb586b4cdb7c6968e6233f68ff10ca40f,True
744,14,21,60,original,9.048259735107422,183.87872314453125,183.87872314453125,9.048259735107422,0.006404876708984375,542.8955688476562,11032.72265625,11032.72265625,60,614.9870911613107,0.0,087c93ba6899f30c1e919e4083795e8909f21e06672a5d869c8934d9557d9cea,True
745,14,21,75,original,13.564308166503906,542.5162963867188,542.5162963867188,13.564308166503906,0.017913818359375,813.8584594726562,32550.9765625,32550.9765625,60,628.4274524077773,0.0,fbbe16cb1128d994f3d5e2b7cbfd0c04e7d4b710baef0ca003247d47851baf43,True
746,14,21,90,original,15.796470642089844,510.719482421875,510.719482421875,15.796470642089844,0.0166778564453125,947.7882080078125,30643.16796875,30643.16796875,60,616.808706894517,0.0,18c2a6c5e71984e55f0d32225273c12bcd53940890db9ffa0853a940e2902fe8,True
747,14,21,105,original,3.6560633182525635,22.638378143310547,22.638378143310547,3.6560633182525635,0.0007185935974121094,219.36378479003906,1358.3026123046875,1358.3026123046875,60,617.0126348733902,0.0,52b30b9c1f340f3ed2a00e28918321fee1d713c30fb2a38fe1f249551ef354a1,True
748,14,21,120,original,1.8499730825424194,5.159542083740234,5.159542083740234,1.8499730825424194,0.00017023086547851562,110.99838256835938,309.572509765625,309.572509765625,60,616.5869575925171,0.0,4c899bcaddc16265ab73807dcea8a3695438e84499ea7e082ca55844e277632c,True
749,14,21,135,original,1.7302756309509277,4.660187244415283,4.660187244415283,1.7302756309509277,0.00015366077423095703,103.81653594970703,279.6112060546875,279.6112060546875,60,619.3133657798171,0.0,cc3a7f8db26eb086848fadbb94600831c4c5f74835cb67e99a646ba9acc5f2e8,True
750,14,21,150,original,1.5055886507034302,3.380730390548706,3.380730390548706,1.5055886507034302,0.0001175999641418457,90.33531188964844,202.84381103515625,202.84381103515625,60,617.0868137851357,0.0,25bafea4c54b6b67e8838c4915a7ad64f4b290e533631d5026785e6f05aca8c2,True
751,14,21,165,original,2.5252091884613037,17.2526912689209,17.2526912689209,2.5252091884613037,0.0005469322204589844,151.51254272460938,1035.161376953125,1035.161376953125,60,617.6502592861652,0.0,4f6e9a333a1732df70adf98a77fcb457e1927e912bf6f6b3c0551e0e48f30bc8,True
752,14,21,180,original,2.636563777923584,16.88693618774414,16.88693618774414,2.636563777923584,0.0005435943603515625,158.19381713867188,1013.216064453125,1013.216064453125,60,621.3523391634226,0.0,5c334b4f20655601e521ce520da0ed8e11c3ef010d45a8f3a01af3785c4d387d,True
753,14,21,195,original,4.09238338470459,33.2303466796875,33.2303466796875,4.09238338470459,0.0010862350463867188,245.54299926757812,1993.8206787109375,1993.8206787109375,60,621.1177608929574,0.0,254537184e623691160df8c41a1c6cd5d2f43a8f5f2fd358732b976b0041b6e4,True
754,14,21,210,original,3.2737855911254883,17.4287166595459,17.4287166595459,3.2737855911254883,0.0005464553833007812,196.4271240234375,1045.722900390625,1045.722900390625,60,618.2733341120183,0.0,887f0211c14344bd824f1f3547e47fcac1f64247ad9893d1f82964e31efe238e,True
755,14,21,225,original,1.7158458232879639,4.890890598297119,4.890890598297119,1.7158458232879639,0.00016021728515625,102.95074462890625,293.45343017578125,293.45343017578125,60,615.8670540899038,0.0,d6eac17cf1a23c3d6d74d3ad7d33ee32a1b52da8c89442130dd288f3c09e0da3,True
756,14,44,30,original,18.66924285888672,622.6699829101562,622.6699829101562,18.66924285888672,0.02239990234375,1120.154541015625,37360.1953125,37360.1953125,60,615.7666142098606,0.0,a64bb50527977633a996974547df5fbebec3c20ba681e87e6f490e6e4a5225a8,True
757,14,44,45,original,3.8680906295776367,35.75008010864258,35.75008010864258,3.8680906295776367,0.0011472702026367188,232.08541870117188,2145.004638671875,2145.004638671875,60,615.3293382376432,0.0,fe0b64555de6c630b7df3a32b407d40da0db145387a127cdc64b1c3ebeabd395,True
758,14,44,60,original,8.394601821899414,172.69796752929688,172.69796752929688,8.394601821899414,0.005558013916015625,503.67608642578125,10361.8779296875,10361.8779296875,60,616.4541989564896,0.0,91de006e933256ef38ec39e5afb34c8a2e63bed6c3b6d31002f2fc614fe036dc,True
759,14,44,75,original,8.19105339050293,180.53118896484375,180.53118896484375,8.19105339050293,0.00618743896484375,491.46319580078125,10831.87109375,10831.87109375,60,616.4505891501904,0.0,7b929af33f03f1b47a00321c1df933a5a5d12cfe956cdd616b8727c9ae9530d4,True
760,14,44,90,original,5.957057952880859,105.93191528320312,105.93191528320312,5.957057952880859,0.003314971923828125,357.4234619140625,6355.91455078125,6355.91455078125,60,617.1373343095183,0.0,3171c0255726e3b8590cdaa2898791397b84d104ebd032ee2de3a8c43c8047e4,True
761,14,44,105,original,6.267008304595947,86.05072784423828,86.05072784423828,6.267008304595947,0.0027637481689453125,376.0204772949219,5163.04345703125,5163.04345703125,60,617.2308721579611,0.0,71b4c4f86cd9f187f7160a69621bd5400f2c84c240e910bd38a8f7f0270bb826,True
762,14,44,120,original,7.054454803466797,89.88875579833984,89.88875579833984,7.054454803466797,0.0040435791015625,423.26727294921875,5393.3251953125,5393.3251953125,60,617.1279130503535,0.0,138b741999df22d9a8028c06968baa929a7433ea8075f0f477fc802d26f709be,True
763,14,44,135,original,11.059029579162598,380.53485107421875,380.53485107421875,11.059029579162598,0.01235198974609375,663.541748046875,22832.08984375,22832.08984375,60,617.0077240094543,0.0,7291572ba79577a410ed23a036f03910aea3e658f78548ff0c92d7397b4303f2,True
764,14,44,150,original,15.713689804077148,763.9607543945312,763.9607543945312,15.713689804077148,0.0241546630859375,942.8213500976562,45837.64453125,45837.64453125,60,616.7864049784839,0.0,ccdae8e7c5cfdca635c24e0301f7087a48ecf694096e03316514d67778bfa8fc,True
765,14,44,165,original,7.808222770690918,162.60069274902344,162.60069274902344,7.808222770690918,0.00562286376953125,468.49334716796875,9756.041015625,9756.041015625,60,617.2025422565639,0.0,30ef0890597a3fae5a3084be8741cf761c3cdba0f1b38a17d4e40111b8ffba20,True
766,14,44,180,original,9.05618953704834,149.65029907226562,149.65029907226562,9.05618953704834,0.005817413330078125,543.371337890625,8979.017578125,8979.017578125,60,615.980233065784,0.0,53dafb4237da50b0e622fabb9263cae6a81cce7cb82157b6ed8bc2c9cc811d6e,True
767,14,44,195,original,9.728772163391113,226.237060546875,226.237060546875,9.728772163391113,0.007080078125,583.726318359375,13574.22265625,13574.22265625,60,616.7168961837888,0.0,dfae85b7e3b293f810d96e05f8111c1a33ac6a7b9f740196f2852bd38b1b258e,True
768,14,44,210,original,6.435048580169678,82.11214447021484,82.11214447021484,6.435048580169678,0.00286865234375,386.1029052734375,4926.728515625,4926.728515625,60,615.6432060524821,0.0,c0f51acd7da6c7a4ca4940caa49b02995531f353218b306c5d20d9eabd5af76e,True
769,14,44,225,original,10.64864730834961,149.41041564941406,149.41041564941406,10.64864730834961,0.006084442138671875,638.9188232421875,8964.6240234375,8964.6240234375,60,615.9827620722353,0.0,c7eb36236c9c1c92b12f255467d3da2904d88510befe3ab37cebf5a8a791f641,True
770,14,23,30,original,24.789560317993164,1914.556884765625,1914.556884765625,24.789560317993164,0.060272216796875,1487.37353515625,114873.40625,114873.40625,60,616.1197908222675,0.0,5f7e2acd6ba0099f9423642f5df78b0deeecb91a3a7bbca37e81e6ec01fd1e81,True
771,14,23,45,original,38.121559143066406,7205.9970703125,4185.73193359375,38.121559143066406,0.2232666015625,2287.29345703125,432359.8125,251143.90625,60,617.4003412015736,0.0,708f3e2e9f1573122e4dc9f3a96a6cbb56e2f6fd6ce77ff7d1f1b510fd4d8db7,True
772,14,23,60,original,59.912193298339844,11392.9228515625,9505.365234375,59.912193298339844,0.352294921875,3594.7314453125,683575.3125,570321.875,60,617.2036919742823,0.0,20a2d8c169238350b94a7a31257a0f263c320c14cf096611ae0d7023433d779e,True
773,14,23,75,original,9.040640830993652,223.36245727539062,223.36245727539062,9.040640830993652,0.00696563720703125,542.4384155273438,13401.7470703125,13401.7470703125,60,622.039841953665,0.0,9158afae96de4c4bb01aa7234466e17fb61f977181bf7893d1295c207a10f55c,True
774,14,23,90,original,10.14594554901123,265.98797607421875,265.98797607421875,10.14594554901123,0.00849151611328125,608.7567138671875,15959.2783203125,15959.2783203125,60,618.5060311108828,0.0,5a01205e0d61ec4648eb2266bb17ffa5542485de7c913f6a10dded39d96e88e3,True
775,14,23,105,original,20.419971466064453,18743.376953125,1084.20263671875,20.419971466064453,0.5791015625,1225.1982421875,1124602.5,65052.15234375,60,618.3126629330218,0.0,b15ddbf08c8131e7dbcfc2f9108111bb3a6d49459e7a0e13b0210deb2a81f736,True
776,14,23,120,original,52.611915588378906,7451.47802734375,7155.0380859375,52.611915588378906,0.231689453125,3156.71484375,447088.65625,429302.25,60,617.435549851507,0.0,9782fdd9a57d38aa0f5ebea17066cde9763a09d7057308a9b7cc7d7857a922e8,True
777,14,23,135,original,53.69001007080078,7692.29833984375,7244.4140625,53.69001007080078,0.2406005859375,3221.400390625,461537.875,434664.8125,60,617.3629108816385,0.0,760adab8644ca358c4888a871140043cf21f5db16777be1e5806e2f794c758dd,True
778,14,23,150,original,35.36027908325195,20017.076171875,2396.88427734375,35.36027908325195,0.625,2121.61669921875,1201024.5,143813.046875,60,617.6007990725338,0.0,e751d120c67afc3d4f3995eabad7ed6185d94db06088f4048f834283dc6afc22,True
779,14,23,165,original,11.204777717590332,159.4705810546875,159.4705810546875,11.204777717590332,0.006561279296875,672.28662109375,9568.234375,9568.234375,60,617.1939522027969,0.0,6613780c92b358c2cb36995bec59d47d84ba0e660f6897f2473f9c680e4487c6,True
780,14,23,180,original,12.058147430419922,507.5483703613281,507.5483703613281,12.058147430419922,0.01715087890625,723.4888305664062,30452.900390625,30452.900390625,60,618.5693009756505,0.0,3bbead4a6cf4946b405fe83a627f9f5b644c5b6cef4b573d6d870028e828d285,True
781,14,23,195,original,35.855525970458984,6253.4970703125,3045.906494140625,35.855525970458984,0.1961669921875,2151.33154296875,375209.8125,182754.375,60,619.429383892566,0.0,a2f5ca77e4c36a283d00cc5d9e06ddc91e14ac833ea25742591892e130f38b95,True
782,14,23,210,original,47.181915283203125,7098.91943359375,5877.2646484375,47.181915283203125,0.21923828125,2830.914794921875,425935.15625,352635.875,60,618.0384648032486,0.0,d291c452edcddfb0df0b3037c41dfe42b7619b44ca1ff0c5f3279752f5d0b185,True
783,14,23,225,original,28.316659927368164,1729.178466796875,1729.178466796875,28.316659927368164,0.0535888671875,1698.99951171875,103750.703125,103750.703125,60,631.8362918682396,0.0,8a20766d57d549bd7812dfddc9cf4ee824d5dc3821d704d654608ea787fce84f,True
784,14,53,30,original,14.001570701599121,464.98980712890625,464.98980712890625,14.001570701599121,0.01461029052734375,840.0941772460938,27899.38671875,27899.38671875,60,620.3137869015336,0.0,c654c8a21d254fe48fd294d92d970c9d389e8314acc7d956324217ba02385296,True
785,14,53,45,original,12.409672737121582,260.2438659667969,260.2438659667969,12.409672737121582,0.00865936279296875,744.580322265625,15614.6318359375,15614.6318359375,60,617.1912816353142,0.0,9edacf2f83f1a5054b63e428aecbe7b9412849c283a412cd70fbba5303e7b7c1,True
786,14,53,60,original,26.304128646850586,1013.5540771484375,1013.5540771484375,26.304128646850586,0.031646728515625,1578.2476806640625,60813.2421875,60813.2421875,60,615.8203538507223,0.0,15cb1ff9be02f0625ddfcd87bc4b234eddddd2888142d17e1a7216aaff5026bc,True
787,14,53,75,original,18.011919021606445,695.341796875,695.341796875,18.011919021606445,0.02490234375,1080.715087890625,41720.50390625,41720.50390625,60,610.0719799287617,0.0,973bacba1512ee6f82adb31094390dcd3745fad1987d2571d966c0df4d089c9d,True
788,14,53,90,original,15.257965087890625,519.122802734375,519.122802734375,15.257965087890625,0.0181884765625,915.4778442382812,31147.3671875,31147.3671875,60,638.6557873338461,0.0,6cb6406f7c189fe515c0428f9e52a34a35b30e324fc9605cd620ba6099fe8e38,True
789,14,53,105,original,2.119159698486328,5.891993522644043,5.891993522644043,2.119159698486328,0.00033974647521972656,127.14958190917969,353.51959228515625,353.51959228515625,60,616.5804066695273,0.0,81a37f52b449a70b8a2fbab238d2873866608cb642e7f837d80fba57c241f606,True
790,14,53,120,original,3.8938474655151367,26.040830612182617,26.040830612182617,3.8938474655151367,0.0010890960693359375,233.63082885742188,1562.44970703125,1562.44970703125,60,616.1367599852383,0.0,43dd386687c670dcf0c02ac83f027ec540ce065a9f9f6cf6e53c504e03b5fe61,True
791,14,53,135,original,1.9740498065948486,4.9140448570251465,4.9140448570251465,1.9740498065948486,0.00023996829986572266,118.44298553466797,294.8426818847656,294.8426818847656,60,616.0474405623972,0.0,1a26097ef329826ae419ef66ba3a8b9df7dfcc5b6bb49efcc56c952d75faa8c8,True
792,14,53,150,original,1.2537816762924194,2.715514659881592,2.715514659881592,1.2537816762924194,0.00014328956604003906,75.22689819335938,162.93087768554688,162.93087768554688,60,617.6225082017481,0.0,5ca2c4cddec6340f79505f3a0acdc35f2ec8a763970fe221882967c01e33c02c,True
793,14,53,165,original,1.1625984907150269,2.48421311378479,2.48421311378479,1.1625984907150269,0.00012153387069702148,69.75590515136719,149.0527801513672,149.0527801513672,60,616.5468068793416,0.0,20b0d06c14c3df92a6300c13ff41cfc1b1e589a4db4069ab7651a20044aa8f57,True
794,14,53,180,original,2.0588555335998535,8.821043014526367,8.821043014526367,2.0588555335998535,0.00037741661071777344,123.53131866455078,529.2625732421875,529.2625732421875,60,615.2428882196546,0.0,a80994001cd58027c583d674fbce7a67a8d3e047480051ea95f6c6bc5e57914d,True
795,14,53,195,original,10.807876586914062,208.3232879638672,208.3232879638672,10.807876586914062,0.00798797607421875,648.4725341796875,12499.396484375,12499.396484375,60,607.8074178658426,0.0,ed030f1ea5f76184018771e88cd3dd0c7de40575096361f8c28dfdeaf4cf7c5e,True
796,14,53,210,original,12.373196601867676,227.156005859375,227.156005859375,12.373196601867676,0.009246826171875,742.3917846679688,13629.359375,13629.359375,60,612.9633961245418,0.0,fbd3cdaa0d41d5354f3e8630695c73662fa414baccfc701fe0e5084405a25acd,True
797,14,53,225,original,12.079962730407715,211.83937072753906,211.83937072753906,12.079962730407715,0.0082855224609375,724.7977294921875,12710.361328125,12710.361328125,60,611.0819112509489,0.0,c614ab89ef2228824b61a3133da90d9f3c8d134860950f35b7561eedeae45481,True
798,14,84,30,original,2.503009557723999,12.915192604064941,12.915192604064941,2.503009557723999,0.0004086494445800781,150.18057250976562,774.9114990234375,774.9114990234375,60,610.719894990325,0.0,059339f1aa0a7304a7249104f994962b93e6bc365d259ef2b27eb019de69a37e,True
799,14,84,45,original,2.8239641189575195,15.876899719238281,15.876899719238281,2.8239641189575195,0.0005054473876953125,169.43783569335938,952.6139526367188,952.6139526367188,60,610.5219759047031,0.0,546e17674f58a706e9ed61e5c8440d4a8e15018f82a750974c604922639aa49f,True
800,14,84,60,original,2.544382333755493,13.363317489624023,13.363317489624023,2.544382333755493,0.00043010711669921875,152.66293334960938,801.7990112304688,801.7990112304688,60,612.6090991310775,0.0,9a1297c705a5d2c4f9afd56d99ad161c61c7c0ca7a3bf3b67998b09d7b83d453,True
801,14,84,75,original,2.450063705444336,13.464595794677734,13.464595794677734,2.450063705444336,0.00041985511779785156,147.00381469726562,807.875732421875,807.875732421875,60,617.7664962597191,0.0,6da69712ffee909c2cd6f07aeedf59ac7d3f832b18661fa8f32443a105cc4d85,True
802,14,84,90,original,1.7438807487487793,4.714480400085449,4.714480400085449,1.7438807487487793,0.00016760826110839844,104.63284301757812,282.8688049316406,282.8688049316406,60,618.3814220130444,0.0,c0c31905db3fe1be7669605f73bb4dcdbe5dae62aba092b489dabf2b084e1402,True
803,14,84,105,original,1.557883381843567,3.8796932697296143,3.8796932697296143,1.557883381843567,0.00014007091522216797,93.4729995727539,232.78158569335938,232.78158569335938,60,616.5492567233741,0.0,2e935d7d155a2a96d3adce8e01bb2b108abb45a9f896a09341bf9159ea7f431f,True
804,14,84,120,original,2.1615309715270996,8.918907165527344,8.918907165527344,2.1615309715270996,0.0002894401550292969,129.6918487548828,535.1343994140625,535.1343994140625,60,616.5842558257282,0.0,0b5ef23ca56f6aa25a6b6905ad47abb27d3ddcf7d0b8e40a8e6b55b3e6b31771,True
805,14,84,135,original,2.0136430263519287,7.919886589050293,7.919886589050293,2.0136430263519287,0.0002551078796386719,120.81857299804688,475.19317626953125,475.19317626953125,60,616.5440469048917,0.0,59263727b5d1902225c62a64d0cc8599ef9987df4e13d1cf33092115f9f06b12,True
806,14,84,150,original,1.979469656944275,8.194313049316406,8.194313049316406,1.979469656944275,0.0002589225769042969,118.76817321777344,491.65875244140625,491.65875244140625,60,616.8828741647303,0.0,def51fbba00702dc24b0f28d9be64dc7105184eec14f8b079e68072fb3baba9c,True
807,14,84,165,original,2.116055727005005,8.714170455932617,8.714170455932617,2.116055727005005,0.0002799034118652344,126.96333312988281,522.8502197265625,522.8502197265625,60,616.5849659591913,0.0,1bc91aef75ad6d382ac2b7bc213629e176145d41711fe66e3c57d081d52cfaf1,True
808,14,84,180,original,4.898087978363037,34.0804557800293,34.0804557800293,4.898087978363037,0.0016307830810546875,293.88525390625,2044.8271484375,2044.8271484375,60,616.8511239811778,0.0,970f3c17918821ba7752f8870c2d5e2bd7f35f6a23e647effa9dd79f8394153f,True
809,14,84,195,original,7.222255229949951,109.42562866210938,109.42562866210938,7.222255229949951,0.004123687744140625,433.3352966308594,6565.53759765625,6565.53759765625,60,616.9013832695782,0.0,1965af80c0fbfba0869cc84a80ef5257907a97766ab5f382ae2071c77c26c3fc,True
810,14,84,210,original,16.852025985717773,703.3995361328125,703.3995361328125,16.852025985717773,0.0225372314453125,1011.1214599609375,42203.96875,42203.96875,60,618.6624988913536,0.0,aaf78f75e93d171ca91c9bbb8cc5d474150f299733b1102581778a9580ea15ff,True
811,14,84,225,original,16.268590927124023,418.6352233886719,418.6352233886719,16.268590927124023,0.01385498046875,976.1153564453125,25118.111328125,25118.111328125,60,617.8518757224083,0.0,21292825872f548c32c6416d916b2a4e9532aa665755b7a6356a216a13f3dbaf,True
812,14,59,30,original,32.0070915222168,1995.3521728515625,1995.3521728515625,32.0070915222168,0.0660400390625,1920.42529296875,119721.125,119721.125,60,617.085191886872,0.0,88eac269ee4f352c2d80505904969e73712460018cb3a3c67ec9b8422b022179,True
813,14,59,45,original,20.1350154876709,611.7008056640625,611.7008056640625,20.1350154876709,0.0207672119140625,1208.100830078125,36702.046875,36702.046875,60,616.597895976156,0.0,67e7f6c8113bfcc64335c4b1a6b8ee721e08b47ed79167a9f9fb98dcfb2deda3,True
814,14,59,60,original,5.364065647125244,63.46767044067383,63.46767044067383,5.364065647125244,0.001995086669921875,321.84393310546875,3808.06005859375,3808.06005859375,60,616.876243147999,0.0,979165c904f6970e741cfa2170a630da2c13a14de4247c7eb530c5681d673a47,True
815,14,59,75,original,5.555965423583984,64.24168395996094,64.24168395996094,5.555965423583984,0.0022029876708984375,333.35791015625,3854.5009765625,3854.5009765625,60,616.9427530840039,0.0,c3227bbfc6430b7ca54d4a69da97074ec52aef9b5321cb1dd8c3ef47184e80ee,True
816,14,59,90,original,2.764392137527466,10.155820846557617,10.155820846557617,2.764392137527466,0.0004169940948486328,165.863525390625,609.3492431640625,609.3492431640625,60,617.3744187690318,0.0,68004d4cefed2a2b46ae93899ad6dfdc08bd84a0abe7dc6cce9cd07f89a3f433,True
817,14,59,105,original,4.509394645690918,42.32914733886719,42.32914733886719,4.509394645690918,0.0015230178833007812,270.56365966796875,2539.748779296875,2539.748779296875,60,617.6928770728409,0.0,5a99c1602030acc3e998bcbd52e26f833b9efd3460ca7abf43ab1d3dbacd5a02,True
818,14,59,120,original,10.470520973205566,181.6722412109375,181.6722412109375,10.470520973205566,0.006267547607421875,628.231201171875,10900.333984375,10900.333984375,60,616.2617192603648,0.0,98a0a5bd6cc67d584be1733999458123aff2937ee3a544c0b4b982600331eb32,True
819,14,59,135,original,7.312658786773682,79.05244445800781,79.05244445800781,7.312658786773682,0.003444671630859375,438.7594909667969,4743.146484375,4743.146484375,60,615.3814760036767,0.0,9198ebd762313fa03bd59c99029fbec56e81b41d40b79c06e65dd1d4938f42d3,True
820,14,59,150,original,6.845035076141357,123.99531555175781,123.99531555175781,6.845035076141357,0.003971099853515625,410.70208740234375,7439.71875,7439.71875,60,615.4971546493471,0.0,d11760f35740f4c1388932b8f1877301834e815205f222ca6896ae4581a66a3b,True
821,14,59,165,original,11.088873863220215,294.28497314453125,294.28497314453125,11.088873863220215,0.009765625,665.3323974609375,17657.09765625,17657.09765625,60,615.9748798236251,0.0,be20747489c193a7ee2c5cf9470e2a7f2742acb5db6b84845af4756a3a277249,True
822,14,59,180,original,5.543631076812744,52.981075286865234,52.981075286865234,5.543631076812744,0.001995086669921875,332.61785888671875,3178.8642578125,3178.8642578125,60,615.274106618017,0.0,a9a16b31dab4222b2e6f10b8d518c670bf27af61110b80ea018de01ecb9d0906,True
823,14,59,195,original,9.708881378173828,135.23838806152344,135.23838806152344,9.708881378173828,0.00716400146484375,582.5328369140625,8114.302734375,8114.302734375,60,615.5987437814474,0.0,584ec17f71b7c7c845e66c0ecff56280184461e08e8d7bad90ab11b5ad69693a,True
824,14,59,210,original,8.834179878234863,101.688720703125,101.688720703125,8.834179878234863,0.006336212158203125,530.05078125,6101.32275390625,6101.32275390625,60,615.0678978301585,0.0,b3dfeb4217005de0ebd9c639f9af5033b4d51c152e930a3e919a72a30fcc6417,True
825,14,59,225,original,11.4169340133667,179.14805603027344,179.14805603027344,11.4169340133667,0.00839996337890625,685.0159912109375,10748.8828125,10748.8828125,60,618.0644840933383,0.0,a7d54dc1f66d360eab30289fe2ed45185c572bb2b3ef92366a7f5d40023f5ea3,True
826,14,49,30,original,18.474687576293945,654.27685546875,654.27685546875,18.474687576293945,0.0225067138671875,1108.481201171875,39256.609375,39256.609375,60,615.8276521600783,0.0,db1a6e5864ac529a99f4e3be58cbb41dd98496fcebb3c101d8638217270a9fdd,True
827,14,49,45,original,11.319504737854004,179.51136779785156,179.51136779785156,11.319504737854004,0.006137847900390625,679.1702270507812,10770.681640625,10770.681640625,60,615.5641437508166,0.0,872150ddc9c3e928a7ef0d6b8f9127cb6ad348c71c9dc4ae50b53562b854c077,True
828,14,49,60,original,7.658054828643799,85.00694274902344,85.00694274902344,7.658054828643799,0.003452301025390625,459.4832763671875,5100.41650390625,5100.41650390625,60,615.220476873219,0.0,1325f8383236b9e88158dc8a2fc2d9044a11254f2075a37f3375c27882117470,True
829,14,49,75,original,8.31667709350586,126.18098449707031,126.18098449707031,8.31667709350586,0.005023956298828125,499.0006103515625,7570.85888671875,7570.85888671875,60,615.5522638000548,0.0,315849d04f5c2581d9db431b60c79b78ae6254e83edfb1930a9894b5e740f80e,True
830,14,49,90,original,8.26476001739502,117.91839599609375,117.91839599609375,8.26476001739502,0.00418853759765625,495.88555908203125,7075.103515625,7075.103515625,60,616.3850668817759,0.0,ebe1895bb3d6faae04485b233fb2d4bc3a0b9c4a3b52f3190f5a7614bd20e273,True
831,14,49,105,original,9.009173393249512,115.02957916259766,115.02957916259766,9.009173393249512,0.005588531494140625,540.5503540039062,6901.7744140625,6901.7744140625,60,615.2234268374741,0.0,5e00d68440d7433edcd65271e1737c8d3c8c238702c10750073715f3ccd5e19a,True
832,14,49,120,original,3.4184043407440186,17.014225006103516,17.014225006103516,3.4184043407440186,0.0009021759033203125,205.104248046875,1020.8533935546875,1020.8533935546875,60,615.5436541885138,0.0,45bf462dd0efa0870634ab6f074359106682151333c0112b5ab73701ffb2841f,True
833,14,49,135,original,6.455802917480469,53.928340911865234,53.928340911865234,6.455802917480469,0.002239227294921875,387.34814453125,3235.7001953125,3235.7001953125,60,615.114277228713,0.0,fa8f6b3a181407374674ff3b93978a5502c7e3894cc8603ecf8d06dc64aac55d,True
834,14,49,150,original,2.2802863121032715,6.9488091468811035,6.9488091468811035,2.2802863121032715,0.00027251243591308594,136.81716918945312,416.92852783203125,416.92852783203125,60,617.0168821699917,0.0,aa798cd02635db5f75cb4f0df58fb10cb4ad9c1a7179610e822ad075e31f56db,True
835,14,49,165,original,2.104214906692505,7.5640363693237305,7.5640363693237305,2.104214906692505,0.00024020671844482422,126.25289154052734,453.8421630859375,453.8421630859375,60,616.5223550051451,0.0,9df051b5a71708b318162625251dfd31311cfb4a789911026ec182a0febc1a37,True
836,14,49,180,original,3.7457704544067383,26.027021408081055,26.027021408081055,3.7457704544067383,0.0010595321655273438,224.7462158203125,1561.6212158203125,1561.6212158203125,60,628.6736759357154,0.0,29a95d5a9f2fe5571185fd5a0a7a9674c8edff86a371ffd78c9dbff7a3d19dbf,True
837,14,49,195,original,8.203393936157227,108.83626556396484,108.83626556396484,8.203393936157227,0.007122039794921875,492.20361328125,6530.17578125,6530.17578125,60,619.372442830354,0.0,7c39f3befb23464c84e3031ac981762a8f023267bebc78e6defba3628207d806,True
838,14,49,210,original,14.436367988586426,243.75978088378906,243.75978088378906,14.436367988586426,0.0183563232421875,866.1820068359375,14625.5859375,14625.5859375,60,615.989179816097,0.0,41be6ab718d4f701822b667e0b47786d7e80ed4f2f1cc3cb71b8dbc1ade93285,True
839,14,49,225,original,5.499939441680908,33.422515869140625,33.422515869140625,5.499939441680908,0.00176239013671875,329.996337890625,2005.350830078125,2005.350830078125,60,615.1285977102816,0.0,ddd29afe3ef16c7c56f9ba8c24b97ba4009e1d230ed7e7e0fe6c5a917b2ac7b4,True
840,14,7,30,original,7.962810516357422,115.10879516601562,115.10879516601562,7.962810516357422,0.0036773681640625,477.76861572265625,6906.52734375,6906.52734375,60,615.9477401524782,0.0,4bba3dad3d1d39c9c57d46ca56c6be92472cf547747f24b090af21c3a72ce08a,True
841,14,7,45,original,6.954879283905029,112.76182556152344,112.76182556152344,6.954879283905029,0.00353240966796875,417.292724609375,6765.708984375,6765.708984375,60,615.6636229716241,0.0,ce60a21a003adb54b967776d15232e9083b2b72dcb191b611fb337344fba6496,True
842,14,7,60,original,11.677120208740234,323.747314453125,323.747314453125,11.677120208740234,0.0126800537109375,700.627197265625,19424.837890625,19424.837890625,60,615.104528144002,0.0,db014fdee1a79a806c826b90355c1d8027038aa9f433e74161e6c029ab465eb9,True
843,14,7,75,original,19.428129196166992,685.8870849609375,685.8870849609375,19.428129196166992,0.0276947021484375,1165.687744140625,41153.22265625,41153.22265625,60,622.8637839667499,0.0,6e7be203594cb24496361afddabac458843485f7a67f8725a1298dbe7a5947c5,True
844,14,7,90,original,15.817858695983887,561.0419921875,561.0419921875,15.817858695983887,0.0195770263671875,949.0714721679688,33662.51953125,33662.51953125,60,615.7839722000062,0.0,d71bbeef61c235f74b9e76cc3b326f2d133dd693b5d8e4b42d71b9ead0b53579,True
845,14,7,105,original,6.053779602050781,78.09651947021484,78.09651947021484,6.053779602050781,0.002471923828125,363.22674560546875,4685.791015625,4685.791015625,60,616.0499090328813,0.0,8c6f1c48a0770a26a683ccf1ef704d46797e8e87b2255fe2bc5152b8d36d43f4,True
846,14,7,120,original,7.934688091278076,78.61830139160156,78.61830139160156,7.934688091278076,0.002742767333984375,476.0812683105469,4717.09765625,4717.09765625,60,615.7466219738126,0.0,c9690a67877132611b904da2f9c9afa1f4d668a13f94dcaf64e3e88b6d56ae95,True
847,14,7,135,original,3.90083384513855,28.540830612182617,28.540830612182617,3.90083384513855,0.0009551048278808594,234.05001831054688,1712.44970703125,1712.44970703125,60,615.7676819711924,0.0,56f3e58a2d23897532235b25f508359782369eb61be0cb97e163d5865bfdd14d,True
848,14,7,150,original,6.842477321624756,76.96192169189453,76.96192169189453,6.842477321624756,0.002765655517578125,410.5486145019531,4617.71484375,4617.71484375,60,616.8778529390693,0.0,21c3173c543c49befcd0ede1a8e4fd4c71fa33b93ad47028e9ae70b806b1b8a9,True
849,14,7,165,original,11.499676704406738,183.8538818359375,183.8538818359375,11.499676704406738,0.00641632080078125,689.9805908203125,11031.232421875,11031.232421875,60,615.5725331045687,0.0,1ee51cdf747d6ea27baaaa29c0a790da81a535f8e05c79b7e57ce17f8498880e,True
850,14,7,180,original,2.459192991256714,7.651752471923828,7.651752471923828,2.459192991256714,0.0005297660827636719,147.55157470703125,459.1051330566406,459.1051330566406,60,616.4458659477532,0.0,44f81dd1b64f17028a241b32f97e82e79a84143c130ef030e742484ecaea69c2,True
851,14,7,195,original,10.88501262664795,269.42645263671875,269.42645263671875,10.88501262664795,0.01229095458984375,653.1007080078125,16165.5869140625,16165.5869140625,60,615.4251745902002,0.0,6efff5f3a62968928c6469667f5465f18ff8a11a6343d1876e760eab8a4130fc,True
852,14,7,210,original,9.726078987121582,147.33798217773438,147.33798217773438,9.726078987121582,0.0061492919921875,583.564697265625,8840.2783203125,8840.2783203125,60,615.5381933785975,0.0,f8fe27d698369464d4e7793056c4997e063f7fcf05664c3c258251cda47a7fcd,True
853,14,7,225,original,13.269340515136719,284.1881408691406,284.1881408691406,13.269340515136719,0.0092620849609375,796.160400390625,17051.287109375,17051.287109375,60,615.8350207842886,0.0,9698c5998cb6fcf3ed1697360ad52d970d696e96f75b962c4153bbc74cdce48b,True
854,14,47,30,original,5.00293493270874,33.47339630126953,33.47339630126953,5.00293493270874,0.0017337799072265625,300.17608642578125,2008.403564453125,2008.403564453125,60,615.2913649566472,0.0,33b42788b6745fc2d7c4f7334a813110796c20f5e5ff5e63652a22f7d90e12a3,True
855,14,47,45,original,5.208232879638672,33.31288528442383,33.31288528442383,5.208232879638672,0.0023174285888671875,312.49395751953125,1998.77294921875,1998.77294921875,60,615.6629826873541,0.0,2e7a30f7a019ba8619aa8c75b278c96d41159170892c2729adf5b7184c7ca4a5,True
856,14,47,60,original,5.312546253204346,35.5776252746582,35.5776252746582,5.312546253204346,0.0025157928466796875,318.75274658203125,2134.657470703125,2134.657470703125,60,617.245108820498,0.0,891d55d16e82c933222fd7ac0c8ffa4538efecb2713fb1a31dda3f9f965d2fe3,True
857,14,47,75,original,5.462864398956299,37.57082748413086,37.57082748413086,5.462864398956299,0.0026454925537109375,327.7718505859375,2254.24951171875,2254.24951171875,60,617.1976500190794,0.0,9757d8e9ac8855a20f66f6af66391f39675a3765fc2cc13a367dbc9438b186aa,True
858,14,47,90,original,5.5075483322143555,36.98413848876953,36.98413848876953,5.5075483322143555,0.002422332763671875,330.452880859375,2219.048095703125,2219.048095703125,60,615.6246922910213,0.0,17bd37afbe363ce2915d333821ba2277dd0540a395f403f3812152bef5762ffd,True
859,14,47,105,original,5.294985771179199,34.74736404418945,34.74736404418945,5.294985771179199,0.0024127960205078125,317.6991271972656,2084.841796875,2084.841796875,60,615.6193930655718,0.0,623d2f100d39506094cf5e888e69ed2c2d1fda60778e09e0fe4936008d6100da,True
860,14,47,120,original,5.42214822769165,36.63175582885742,36.63175582885742,5.42214822769165,0.0024204254150390625,325.3288879394531,2197.9052734375,2197.9052734375,60,612.1095009148121,0.0,1eb92e4efd1e5698e79850ef3b5dc58c1e7a85d62e1f65d815a63de95c15b532,True
861,14,47,135,original,5.431365966796875,36.90498733520508,36.90498733520508,5.431365966796875,0.00244140625,325.8819274902344,2214.299072265625,2214.299072265625,60,612.4444287270308,0.0,a0610e74ec2f82bab4fd471b151cb1e51b66d23caaa39af728f6e83e4ed4bb80,True
862,14,47,150,original,5.387437343597412,35.72811508178711,35.72811508178711,5.387437343597412,0.002368927001953125,323.2462158203125,2143.686767578125,2143.686767578125,60,611.5054860711098,0.0,e0996f19095e97f0b2ccfc8f1dd8b7f921739bffd68c45d65dc21d26242097a6,True
863,14,47,165,original,8.830961227416992,147.67169189453125,147.67169189453125,8.830961227416992,0.0102996826171875,529.857666015625,8860.30078125,8860.30078125,60,610.6334733776748,0.0,ff6aa367a59c756d7d5ddae6dc4860d9cc5efad2b619cd4e84e964bb9f824ab3,True
864,14,47,180,original,9.407495498657227,139.378662109375,139.378662109375,9.407495498657227,0.0114898681640625,564.44970703125,8362.7197265625,8362.7197265625,60,612.8630051389337,0.0,15fc637661d556476c63c29704907905d00a99d7293ed55325996121f020144b,True
865,14,47,195,original,10.011789321899414,159.3556365966797,159.3556365966797,10.011789321899414,0.006786346435546875,600.7073364257812,9561.337890625,9561.337890625,60,611.8042431771755,0.0,31de62754f1d3c9791c81b9a3d58e7e92e7688ca67b84f0f1b227f1f5e3c542a,True
866,14,47,210,original,16.173723220825195,317.7420349121094,317.7420349121094,16.173723220825195,0.024627685546875,970.42333984375,19064.521484375,19064.521484375,60,617.3223191872239,0.0,0d087cf5f630d5864ac4ad6011c03ed9eb959dfc8c6a0738194c10c8077ff07c,True
867,14,47,225,original,6.115546703338623,47.00077438354492,47.00077438354492,6.115546703338623,0.002788543701171875,366.9327697753906,2820.04638671875,2820.04638671875,60,616.2296170368791,0.0,6c6cba6adfc2f8c23eb1faf6ca1b8dc8e9c2ae7b1a6886f1d52682b8654ff5e6,True
868,14,30,30,original,3.0877554416656494,19.00541877746582,19.00541877746582,3.0877554416656494,0.0006995201110839844,185.26531982421875,1140.3250732421875,1140.3250732421875,60,615.171586163342,0.0,6657ae506517a3a1f67d69a6929b187640edec026e2d42d0787763b5a0346dec,True
869,14,30,45,original,9.124358177185059,152.72129821777344,152.72129821777344,9.124358177185059,0.00566864013671875,547.4614868164062,9163.27734375,9163.27734375,60,615.4210837557912,0.0,b43bf3bc6c7c85ca2a2be401b97318ffdcb73d23042d39c93a80bd36c645c107,True
870,14,30,60,original,13.333394050598145,229.25111389160156,229.25111389160156,13.333394050598145,0.008941650390625,800.0036010742188,13755.06640625,13755.06640625,60,616.0786980763078,0.0,96701f8a7d951a38b05310bdd70f98e73995fceea21d7e99b006bfee87332271,True
871,14,30,75,original,3.8580574989318848,27.8587646484375,27.8587646484375,3.8580574989318848,0.0009517669677734375,231.4834442138672,1671.5257568359375,1671.5257568359375,60,614.984127227217,0.0,f0bfe090270b71cacd399f861c9a43d609a88bf2d818bb86ca2a4c6bc5e62720,True
872,14,30,90,original,3.5196046829223633,26.39230728149414,26.39230728149414,3.5196046829223633,0.0009298324584960938,211.17626953125,1583.538330078125,1583.538330078125,60,615.4970126226544,0.0,79dcb354f39f1e40a4d8b88e0189c2b2c9b7f98454773c96bcec1a90c570dab0,True
873,14,30,105,original,2.1009902954101562,6.511729717254639,6.511729717254639,2.1009902954101562,0.0002841949462890625,126.05941772460938,390.7037658691406,390.7037658691406,60,614.8155094124377,0.0,809e6c34c2eab7599daca3fd06bd5a5d0bb2549debf474b6ff367f81d2d664ef,True
874,14,30,120,original,1.9453452825546265,6.06500768661499,6.06500768661499,1.9453452825546265,0.0002048015594482422,116.72071075439453,363.90045166015625,363.90045166015625,60,615.2762649580836,0.0,a689cd67b8fed96782e84c8d7cb4286cb9c2c054df98c6c8c4ada4525b76387b,True
875,14,30,135,original,3.5860018730163574,31.745031356811523,31.745031356811523,3.5860018730163574,0.0009918212890625,215.16009521484375,1904.7017822265625,1904.7017822265625,60,615.8258500508964,0.0,c07e0320ad4b14295255c41c5ac4daa10444b85a2a6407c3928f7ee1bbeb1da4,True
876,14,30,150,original,1.442367672920227,5.939083099365234,5.939083099365234,1.442367672920227,0.0001920461654663086,86.54205322265625,356.344970703125,356.344970703125,60,615.303804166615,0.0,01ba5f95a1dd6f84247972c4232a24d10179b73f9491441c980a662a631df7f3,True
877,14,30,165,original,1.5113029479980469,4.897136688232422,4.897136688232422,1.5113029479980469,0.00019943714141845703,90.67816925048828,293.82818603515625,293.82818603515625,60,615.6699419952929,0.0,df70ece4c7a1ac9526738872d80898f552085a8a1f3548171b02170d9a131ea9,True
878,14,30,180,original,1.9208077192306519,4.749938011169434,4.749938011169434,1.9208077192306519,0.00024139881134033203,115.24845886230469,284.99627685546875,284.99627685546875,60,615.4078142717481,0.0,f6e5ea24ddf8b3ab3f944ab4975d35a59298e50039babc5ea39893074a24148d,True
879,14,30,195,original,2.468050718307495,9.585515022277832,9.585515022277832,2.468050718307495,0.00033926963806152344,148.08303833007812,575.130859375,575.130859375,60,614.6822199225426,0.0,06ddbb6dbb45dee0a684149a8c6eb808562a146e36176ed5d659e110148e6d3c,True
880,14,30,210,original,1.8227392435073853,5.163530349731445,5.163530349731445,1.8227392435073853,0.00020444393157958984,109.36434936523438,309.8117980957031,309.8117980957031,60,614.7140301764011,0.0,929fa9f02f3363f7fe4e33ca4ebb36f1682b66d10ac6dc28309b3453b5be52aa,True
881,14,30,225,original,3.473513126373291,21.60210609436035,21.60210609436035,3.473513126373291,0.0007152557373046875,208.41078186035156,1296.1263427734375,1296.1263427734375,60,614.716958720237,0.0,528e7381c70a40edb661e9fa41f65cedbe20525a1b485c8021b23848456f2b67,True
882,18,83,30,original,18.239286422729492,730.65185546875,730.65185546875,18.239286422729492,0.0235443115234375,1094.357177734375,43839.109375,43839.109375,60,615.259625017643,0.0,b7bac0a75337e016b6d909ea88f6ae84bb03eb92cedc027303934d5fc5ef96bd,True
883,18,83,45,original,12.56027889251709,313.9751892089844,313.9751892089844,12.56027889251709,0.01137542724609375,753.61669921875,18838.509765625,18838.509765625,60,614.9551370181143,0.0,50f0183ad525b659294944435206b4f845f67264e3c0121325c35580f8a4bb90,True
884,18,83,60,original,19.511085510253906,760.0791015625,760.0791015625,19.511085510253906,0.02545166015625,1170.6650390625,45604.7421875,45604.7421875,60,615.3976642526686,0.0,05645a72a99012b19232a6cdc29886b8f4ec98397bf837b55ee2e859d70f9787,True
885,18,83,75,original,15.864090919494629,517.30859375,517.30859375,15.864090919494629,0.016204833984375,951.8453979492188,31038.513671875,31038.513671875,60,615.2854049578309,0.0,f99ebec4767bd20158c520e834d9c056891893bdbefe9bd3e1ebb60adaa51692,True
886,18,83,90,original,6.486325263977051,93.77645111083984,93.77645111083984,6.486325263977051,0.0033016204833984375,389.17950439453125,5626.5869140625,5626.5869140625,60,614.8588680662215,0.0,143e81a814c40d25feee7a8736072d4da6a87a12c022f4e356c3d93e4ec84dda,True
887,18,83,105,original,11.272599220275879,177.62725830078125,177.62725830078125,11.272599220275879,0.00788116455078125,676.3558959960938,10657.634765625,10657.634765625,60,614.5798997022212,0.0,091fe2038faaa0ce0a6c6467581b533cc16aa1d6933f903531b8317cb84781e6,True
888,18,83,120,original,28.886577606201172,8339.298828125,2547.071044921875,28.886577606201172,0.263916015625,1733.194580078125,500357.875,152824.25,60,614.6771889179945,0.0,0d9e2f606ae45f7148fe04b019aa9a250b961569aa77198995eed72d8649afef,True
889,18,83,135,original,31.265850067138672,3451.396484375,3342.127197265625,31.265850067138672,0.111083984375,1875.950927734375,207083.78125,200527.625,60,620.8568089641631,0.0,9b5b072554ee282d72b7800b32cfc9e9963ec6c65ab2ac5db2e5dbab2cae8952,True
890,18,83,150,original,30.132413864135742,1546.9521484375,1546.9521484375,30.132413864135742,0.053985595703125,1807.9447021484375,92817.125,92817.125,60,625.6346399895847,0.0,f0c217aca0cfa24a0a70f355a694c5f90cd0c823346619bacc78beced13a863e,True
891,18,83,165,original,14.716740608215332,405.4071350097656,405.4071350097656,14.716740608215332,0.01348876953125,883.00439453125,24324.427734375,24324.427734375,60,615.5087929219007,0.0,f27eeaf171f8e602dc7b6c745f7f97f5c5561e4136acc58cd2e5725590285328,True
892,18,83,180,original,12.606744766235352,251.44815063476562,251.44815063476562,12.606744766235352,0.0080108642578125,756.4046630859375,15086.888671875,15086.888671875,60,615.4636228457093,0.0,c1f4943a8daed8d619b8c19d4976d7001fa3e1c9c686dec878ea3054fddd8062,True
893,18,83,195,original,14.197848320007324,374.9151306152344,374.9151306152344,14.197848320007324,0.01259613037109375,851.870849609375,22494.90625,22494.90625,60,615.1016158983111,0.0,086a57d1899b8c61b3b649d42a7bbaf17f09ee59f31bf80de5c007246c7faaed,True
894,18,15,30,original,8.960973739624023,165.63890075683594,165.63890075683594,8.960973739624023,0.005268096923828125,537.6583862304688,9938.333984375,9938.333984375,60,614.8254978470504,0.0,91631c743df41b95f1c1d02c43e871b023f65cc9f2390cdf32f8c6d7d038ba3c,True
895,18,15,45,original,8.102323532104492,139.45310974121094,139.45310974121094,8.102323532104492,0.00457763671875,486.139404296875,8367.1865234375,8367.1865234375,60,614.9032679386437,0.0,39dd8c660eff6453271080420a2fde7820a8c96af0d5dddb27ed207b846edec0,True
896,18,15,60,original,9.859299659729004,268.1525573730469,268.1525573730469,9.859299659729004,0.008544921875,591.5579223632812,16089.15234375,16089.15234375,60,615.7992300577462,0.0,6f0dafcfb2118e67b0f4dead80c21c260bb834de6231179d132f1c4377c4b336,True
897,18,15,75,original,9.20067024230957,175.6230010986328,175.6230010986328,9.20067024230957,0.005672454833984375,552.0401611328125,10537.3798828125,10537.3798828125,60,615.5115431174636,0.0,b538ff9dd346f41e7d75604fbb4ba13bd0a3b5c612fd7f72e0b3396de07114ff,True
898,18,15,90,original,3.6057422161102295,16.92896842956543,16.92896842956543,3.6057422161102295,0.0006365776062011719,216.3445281982422,1015.738037109375,1015.738037109375,60,615.0886360555887,0.0,8d16c0d20b4ba480cc4c8426a15a32231da099ce1b8968cc0046122e1c3a4fc6,True
899,18,15,105,original,3.4639060497283936,21.45184326171875,21.45184326171875,3.4639060497283936,0.0008096694946289062,207.8343505859375,1287.1104736328125,1287.1104736328125,60,615.4192229732871,0.0,539f32738ae8acf283d6d21f5fc4023240e2538d8ad408d1e9a861921c8d4891,True
900,18,15,120,original,5.814629077911377,65.99661254882812,65.99661254882812,5.814629077911377,0.0026226043701171875,348.8777160644531,3959.79638671875,3959.79638671875,60,615.3418440371752,0.0,e19da245d39c7714cf22e601523d45c055f4f88cba6e2cbe214239dbd46f6210,True
901,18,15,135,original,6.911979675292969,64.99671173095703,64.99671173095703,6.911979675292969,0.004199981689453125,414.71875,3899.802490234375,3899.802490234375,60,615.1051358319819,0.0,fabcb54f37ab59d6e355bb7fce88601939c0d9d2674b7fa61aea8a375d2ec723,True
902,18,15,150,original,3.049936056137085,17.67756462097168,17.67756462097168,3.049936056137085,0.0006122589111328125,182.99615478515625,1060.65380859375,1060.65380859375,60,616.386684589088,0.0,5d0c7e957e7fa6df1332546dabc4830d26fe02b5e75fb952fad04da20aa49633,True
903,18,15,165,original,5.9447808265686035,55.78544235229492,55.78544235229492,5.9447808265686035,0.001766204833984375,356.68682861328125,3347.12646484375,3347.12646484375,60,615.1119363494217,0.0,0fa472d931f36bad7563e9958584b1292481e0c46fec8f8b04bd85ccbaf6496e,True
904,18,3,30,original,20.045866012573242,700.3118896484375,700.3118896484375,20.045866012573242,0.02984619140625,1202.751953125,42018.7109375,42018.7109375,60,616.8775311671197,0.0,ca0faabb5ef4854b4de78e816d8649cb7dc3709096addfa80ecf8607ab6de161,True
905,18,3,45,original,52.271400451660156,5532.7421875,5532.7421875,52.271400451660156,0.181396484375,3136.283935546875,331964.5,331964.5,60,614.969767164439,0.0,a7d0ce3ca77cc1f6c56e940763c98964866600e280a39c1f03f5fafb6caec4c6,True
906,18,3,60,original,36.9543342590332,5051.68408203125,4029.78759765625,36.9543342590332,0.161376953125,2217.260009765625,303101.03125,241787.25,60,615.0249559432268,0.0,0a5dec73c3ab8c744d48a1694428b4cdafdff2226e93a9516b0ca6a891efe0bf,True
907,18,3,75,original,62.61653137207031,10358.5107421875,7983.224609375,62.61653137207031,0.326416015625,3756.99169921875,621510.625,478993.4375,60,614.526741206646,0.0,0d56fdcdf98716f1481466dc6b75d32d5d81fe0f620a1bf0866a4ea51e3e1d37,True
908,18,3,90,original,59.65446090698242,15864.4306640625,6399.00341796875,59.65446090698242,0.51123046875,3579.267578125,951865.8125,383940.1875,60,615.2606941759586,0.0,8c638cd9875990710f715382c5a9504cf2aa4d87400612fef946cfdfb316e0ca,True
909,18,3,105,original,19.254941940307617,590.7688598632812,590.7688598632812,19.254941940307617,0.033172607421875,1155.2965087890625,35446.12890625,35446.12890625,60,616.043287795037,0.0,4c9a66f351db4f09280585033d2f4f46fd5d74de11ef514f230de66b30b5aab6,True
910,18,3,120,original,35.15264129638672,1525.4951171875,1525.4951171875,35.15264129638672,0.0693359375,2109.158447265625,91529.703125,91529.703125,60,615.7781598158181,0.0,22edf3c9970a4c9593af36518a3f3fcfeed0aead8047a069242ad1e1ea34527b,True
911,18,3,135,original,15.302815437316895,466.8882141113281,466.8882141113281,15.302815437316895,0.015716552734375,918.1688842773438,28013.291015625,28013.291015625,60,616.4394249208272,0.0,297a0598e0c4b667de182d586012b2f9669f9a856e932661edf9224b7ff3fb2d,True
912,18,3,150,original,10.564496040344238,155.9127960205078,155.9127960205078,10.564496040344238,0.0050048828125,633.8697509765625,9354.767578125,9354.767578125,60,654.4764931313694,0.0,eb800425c53358bc99fd2df4d46e1cd1429c1ad473901a839ed71a19ca224b46,True
913,18,3,165,original,6.801231384277344,113.12296295166016,113.12296295166016,6.801231384277344,0.004520416259765625,408.0738525390625,6787.37744140625,6787.37744140625,60,661.352626979351,0.0,d1dd018245907b00c22879fde4fca320be1077865edf047228f6e56077c292cc,True
914,18,35,30,original,18.098316192626953,732.0404052734375,732.0404052734375,18.098316192626953,0.0229034423828125,1085.89892578125,43922.421875,43922.421875,60,655.0940680317581,0.0,86ef12aa24677aba51d0698ccbcc8d24a35f80fc75ccd137a6fe80899b04c62c,True
915,18,35,45,original,24.96137809753418,1053.0194091796875,1053.0194091796875,24.96137809753418,0.03338623046875,1497.6826171875,63181.1640625,63181.1640625,60,642.5743009895086,0.0,d98479a09312cb99cd9164239403b081f97f5e48b4dcbeb5bf8bdca6ecf8929f,True
916,18,35,60,original,8.428203582763672,91.92339324951172,91.92339324951172,8.428203582763672,0.0044708251953125,505.6921691894531,5515.4033203125,5515.4033203125,60,613.8789248652756,0.0,5249adb754f1b73b739073c800c087e0024dbb04b585ce5702f5013c20b65cd8,True
917,18,35,75,original,5.750093460083008,39.21868133544922,39.21868133544922,5.750093460083008,0.0024051666259765625,345.0055847167969,2353.120849609375,2353.120849609375,60,610.4111527092755,0.0,8a3e0ff1fd3de4a426dd58a2a43fce7f587b4d2ebbce41c10698ea334f36d3cb,True
918,18,35,90,original,4.201116561889648,30.480180740356445,30.480180740356445,4.201116561889648,0.0009675025939941406,252.06698608398438,1828.810791015625,1828.810791015625,60,615.3408535756171,0.0,3555410075168e536d49d836f8c9f7b6af55af9f44e3e7dba93db5897c10efd7,True
919,18,35,105,original,4.582858562469482,34.107032775878906,34.107032775878906,4.582858562469482,0.001178741455078125,274.97149658203125,2046.421875,2046.421875,60,618.3921578340232,0.0,433c336ff93b43ab151e29ec4a5ad8b4e77fa526c883bad0a0cc60da818d74b5,True
920,18,35,120,original,7.992657661437988,277.8661193847656,277.8661193847656,7.992657661437988,0.0089111328125,479.5594482421875,16671.966796875,16671.966796875,60,626.9614682532847,0.0,f5bfedcefc6e75d0d352c73d9f7096d955f3371ae9cea397d4be155151f731c7,True
921,18,35,135,original,28.709835052490234,1500.1844482421875,1500.1844482421875,28.709835052490234,0.05157470703125,1722.5899658203125,90011.0625,90011.0625,60,633.733422961086,0.0,df750709efb639a209c0dd288a6a7c095bcb8629a6b2a8d80877d58809639deb,True
922,18,35,150,original,51.69596862792969,4991.02197265625,4991.02197265625,51.69596862792969,0.1661376953125,3101.758056640625,299461.3125,299461.3125,60,643.2048557326198,0.0,074ebc1891efcd66a3077a90d1f82c7499350285915f6fc3387d31c55842b7ec,True
923,18,35,165,original,49.96145248413086,4223.1259765625,4223.1259765625,49.96145248413086,0.138427734375,2997.68701171875,253387.546875,253387.546875,60,646.1567408405244,0.0,1e93aaa5d1215cf4ad423f7d1e40e770e33fb911ed5d3f4e0d32e5dcd46ac5ce,True
924,18,35,180,original,7.844008445739746,83.66585540771484,83.66585540771484,7.844008445739746,0.0035915374755859375,470.6404724121094,5019.951171875,5019.951171875,60,681.074685882777,0.0,f1245ef0e8ebaf44757b44d978efb2fe366be195def2e1cbd69e23f44fa39da8,True
925,18,35,195,original,3.514331340789795,18.249032974243164,18.249032974243164,3.514331340789795,0.0005998611450195312,210.85986328125,1094.94189453125,1094.94189453125,60,690.2968813665211,0.0,bb1049156d22331a1cc9d80adf6ab54bbc4a8445635091c304d9eea9a64b8a85,True
926,18,35,210,original,3.346740484237671,25.714975357055664,25.714975357055664,3.346740484237671,0.0009775161743164062,200.80441284179688,1542.8984375,1542.8984375,60,667.4406179226935,0.0,5c93b52e9b42e6ae8d234b1d587c50817bf532e0cf88bf40815109ce06f0fa26,True
927,18,35,225,original,17.6469783782959,854.2853393554688,854.2853393554688,17.6469783782959,0.027008056640625,1058.818603515625,51257.1171875,51257.1171875,60,656.8679036572576,0.0,b2b28b0148b05d9833c73f21ed220c64026d9d953cb99f5926f15ff771389124,True
928,18,48,30,original,18.90325164794922,526.5029296875,526.5029296875,18.90325164794922,0.02008056640625,1134.195068359375,31590.17578125,31590.17578125,60,629.6133762225509,0.0,e0d2500c301fa56f528581bfca78982a51106d3e0bf7611afe244f7e055330a4,True
929,18,48,45,original,47.71170425415039,4593.5771484375,4593.5771484375,47.71170425415039,0.1641845703125,2862.7021484375,275614.625,275614.625,60,616.0782561637461,0.0,07495225d622979c4a4c8d669be54abede582dd9cabcee57dcefe1e288e3fd8f,True
930,18,48,60,original,26.334325790405273,1020.50341796875,1020.50341796875,26.334325790405273,0.063232421875,1580.0594482421875,61230.203125,61230.203125,60,617.7529529668391,0.0,231f558d1dc6892b95a9dd5e174d090ca7f625c0ec774426893c4aef406efec5,True
931,18,48,75,original,35.061241149902344,2641.82861328125,2641.82861328125,35.061241149902344,0.083984375,2103.67431640625,158509.703125,158509.703125,60,656.065930146724,0.0,42b8e08297330b1765851e4eacda1fdfbaf578d52c44b17dd1223b7fd062e496,True
932,18,48,90,original,9.916604995727539,171.80886840820312,171.80886840820312,9.916604995727539,0.00609588623046875,594.9962768554688,10308.53125,10308.53125,60,675.9173278696835,0.0,15be45de030b9d528581ab236ec41da1eeb13d03ce318280b0c63b042223c655,True
933,18,48,105,original,7.8164381980896,67.47759246826172,67.47759246826172,7.8164381980896,0.003551483154296875,468.98626708984375,4048.655517578125,4048.655517578125,60,676.3272248208523,0.0,2381a28c8d62388d35a521f9e5abe72b84169d6d91ccb8d89e24d57328a87d3f,True
934,18,48,120,original,5.243139743804932,60.68460464477539,60.68460464477539,5.243139743804932,0.0019931793212890625,314.58837890625,3641.076171875,3641.076171875,60,679.6215572394431,0.0,daef8545559fe0a57022a9582a21758401535e8edb238cd52059b6dbedb57b4b,True
935,18,48,135,original,6.67232608795166,106.63960266113281,106.63960266113281,6.67232608795166,0.00347900390625,400.33953857421875,6398.3759765625,6398.3759765625,60,672.9732006788254,0.0,64bb951050cc4685b7716870bf54afbecf8e527a9e99d41a7a6e650e4d5dc4eb,True
936,18,48,150,original,4.9748406410217285,35.577510833740234,35.577510833740234,4.9748406410217285,0.00299072265625,298.49041748046875,2134.650634765625,2134.650634765625,60,633.6502530612051,0.0,1af10d982b5d7e5084e93c6cd2d63d99b6a58e08d57369dba6d460014d22290d,True
937,18,48,165,original,7.044082164764404,75.7197494506836,75.7197494506836,7.044082164764404,0.00287628173828125,422.6448974609375,4543.1845703125,4543.1845703125,60,612.808674108237,0.0,2a0b4e1dd3d80ed97f64e745ee981cb2157ed4fb8ae0780d983476e7744ec5c1,True
938,18,48,180,original,5.922056198120117,87.3511962890625,87.3511962890625,5.922056198120117,0.0035266876220703125,355.3233642578125,5241.0712890625,5241.0712890625,60,696.4658997021616,0.0,b5f464168aa9ef8198b4102dfbc75573a1453ea57f371a5d985d7263a6e68cfe,True
939,18,48,195,original,8.710667610168457,122.15558624267578,122.15558624267578,8.710667610168457,0.004032135009765625,522.6400146484375,7329.3349609375,7329.3349609375,60,611.8228710256517,0.0,bbe90ceb0656348d5bdc83478438f6d3c17d8d6459e40c724d24eb8517c13594,True
940,18,48,210,original,3.823698043823242,28.701841354370117,28.701841354370117,3.823698043823242,0.0012044906616210938,229.421875,1722.1103515625,1722.1103515625,60,618.641076143831,0.0,ae2814df3056d22ccc119e20b4bf4928212f01bb7f8774a79721636c3b5852b3,True
941,18,48,225,original,9.869447708129883,202.4626007080078,202.4626007080078,9.869447708129883,0.007122039794921875,592.1668090820312,12147.755859375,12147.755859375,60,622.4040649831295,0.0,a0e8ec66df89764a7d87ab8c71e7f713c37a582a6d15181cb0c1b689bda883df,True
942,18,22,30,original,7.116693496704102,105.02549743652344,105.02549743652344,7.116693496704102,0.0036754608154296875,427.0015869140625,6301.529296875,6301.529296875,60,618.4374769218266,0.0,c7fc9d4a8f7030e99884425b97bb4591b771af8c8fa30e6262fdd84b4cb5eb88,True
943,18,22,45,original,8.828620910644531,344.67864990234375,344.67864990234375,8.828620910644531,0.01074981689453125,529.7172241210938,20680.71875,20680.71875,60,613.341499119997,0.0,98cd598f75e1a0e8647f6402dbc02fd62a23270bc886615f7d8dbbbc07ea7cd7,True
944,18,22,60,original,10.977540016174316,317.2181701660156,317.2181701660156,10.977540016174316,0.0101470947265625,658.65234375,19033.08984375,19033.08984375,60,622.686882968992,0.0,50ce4c40c739009a0a9c2197b5bd4f809b87fc988220e64d57403cbbe0b67950,True
945,18,22,75,original,12.25471019744873,277.2733459472656,277.2733459472656,12.25471019744873,0.00862884521484375,735.2825927734375,16636.400390625,16636.400390625,60,619.4559182040393,0.0,18fe3a4d2897af4f23b877cfa89ae9a116877a1a870eae13641f41c147cca868,True
946,18,22,90,original,2.8825743198394775,11.974971771240234,11.974971771240234,2.8825743198394775,0.0005016326904296875,172.95445251464844,718.498291015625,718.498291015625,60,623.8235631026328,0.0,49abe774f4bcb7e3730169cbac8abacf61e390dc1fabb321ab1630293b64a2e3,True
947,18,22,105,original,2.495676279067993,9.912856101989746,9.912856101989746,2.495676279067993,0.0003566741943359375,149.74057006835938,594.7713623046875,594.7713623046875,60,614.5546189509332,0.0,1e4d62ab6fe343c58c71f8da300fa291cb2e6c5da59d3f0f64d18879fd4ff1a2,True
948,18,22,120,original,2.5335562229156494,9.995757102966309,9.995757102966309,2.5335562229156494,0.00036215782165527344,152.01336669921875,599.7454223632812,599.7454223632812,60,615.1042548008263,0.0,77004d1cdd37a6d4f3bf549b9f0577c14dd325cc970b74db60653269c3b8f01a,True
949,18,22,135,original,1.479222059249878,5.367985248565674,5.367985248565674,1.479222059249878,0.00019288063049316406,88.7533187866211,322.0791015625,322.0791015625,60,615.3173530474305,0.0,3c3d975f159528d5baf2e32db8aba6490424792214ac37f291917686d6030283,True
950,18,22,150,original,3.5344979763031006,36.89086151123047,36.89086151123047,3.5344979763031006,0.0011720657348632812,212.0698699951172,2213.45166015625,2213.45166015625,60,615.7678188756108,0.0,60d8e6ad1b1b2df6f49264e606f2f1679e71865fd8429a92a950afe64519182c,True
951,18,22,165,original,2.8815202713012695,13.056442260742188,13.056442260742188,2.8815202713012695,0.00046706199645996094,172.89120483398438,783.386474609375,783.386474609375,60,617.4439853057265,0.0,1419e9cc022c0559cfed6d206890dd0065589253562223a451baadcb4a751e00,True
952,18,55,30,original,9.446250915527344,381.9061279296875,381.9061279296875,9.446250915527344,0.01236724853515625,566.7750244140625,22914.3671875,22914.3671875,60,616.0681657493114,0.0,1bca54bc5f4c1009246b83b2fc586c24589417975a203fcdfb07e52ce7d4f939,True
953,18,55,45,original,28.663633346557617,2178.19287109375,2178.19287109375,28.663633346557617,0.0679931640625,1719.81787109375,130691.5703125,130691.5703125,60,615.048514213413,0.0,fc7ba156c4a698f8d15c5525d15481642bb0caf5cd4e3150cddbc0b68d88fde8,True
954,18,55,60,original,38.57805252075195,3071.218994140625,3071.218994140625,38.57805252075195,0.0953369140625,2314.68310546875,184273.125,184273.125,60,615.3801409527659,0.0,a32fa5893ecfeb1b65073818b0800c577c7732832416f99e1b967d69a9f496f3,True
955,18,55,75,original,5.368938446044922,53.12404251098633,53.12404251098633,5.368938446044922,0.0016736984252929688,322.13629150390625,3187.4423828125,3187.4423828125,60,615.0729339569807,0.0,0b711a7ff0799792390403c3b6e8edc07856f7c52651f0fe354a0188d717efa5,True
956,18,55,90,original,13.25699520111084,278.4265441894531,278.4265441894531,13.25699520111084,0.01470947265625,795.419677734375,16705.591796875,16705.591796875,60,615.7076000235975,0.0,79a120f1087d21759de08076da2386d8f119865563045314e9fb64772fbdde16,True
957,18,55,105,original,20.67905044555664,587.19677734375,587.19677734375,20.67905044555664,0.026214599609375,1240.742919921875,35231.8046875,35231.8046875,60,614.6299280226231,0.0,d64b2af85a1ce56fb57ef274add4d77635c97c39699e8cb4bea598409af5a2ba,True
958,18,55,120,original,16.279611587524414,482.274658203125,482.274658203125,16.279611587524414,0.0174102783203125,976.7766723632812,28936.478515625,28936.478515625,60,615.2372732758522,0.0,eaf40e2bbe7cdfaa44a5cf4ca59d08a78e17ab747386d493dabe3d412824fd0c,True
959,18,55,135,original,9.72923469543457,111.76587677001953,111.76587677001953,9.72923469543457,0.00495147705078125,583.7540283203125,6705.9521484375,6705.9521484375,60,614.9018057622015,0.0,5cedbe457b519a779c7f452922ee69b905f26d95913821aae693c14df1ffea7a,True
960,18,55,150,original,6.908334732055664,70.1666259765625,70.1666259765625,6.908334732055664,0.00255584716796875,414.50006103515625,4209.99755859375,4209.99755859375,60,616.725861094892,0.0,781c706e7811e6fd83b5011f15c46a364ca4c8a61b9056b024fb23e261809f8a,True
961,18,55,165,original,3.8371572494506836,29.72758674621582,29.72758674621582,3.8371572494506836,0.0014562606811523438,230.2294158935547,1783.6551513671875,1783.6551513671875,60,615.3254732489586,0.0,728849eb9099c02147b55b2833f2cc17aea5927aee281e53b70e7677ff194c94,True
962,18,4,30,original,14.48685359954834,352.21282958984375,352.21282958984375,14.48685359954834,0.01605224609375,869.211181640625,21132.76953125,21132.76953125,60,613.2794888690114,0.0,7dbd17804ff9aff4fa878f5ac2223a9376776a30291e103aa3c18e3e21a6f7ae,True
963,18,4,45,original,10.221171379089355,125.4416732788086,125.4416732788086,10.221171379089355,0.006404876708984375,613.270263671875,7526.5,7526.5,60,610.4227816686034,0.0,8b0a522d68446ec7b540460883d58164c4e7885ab575592263d01e8c68519300,True
964,18,4,60,original,1.6490215063095093,4.026236057281494,4.026236057281494,1.6490215063095093,0.00014412403106689453,98.9412841796875,241.57415771484375,241.57415771484375,60,661.2931862473488,0.0,c45a2af9d0e4500c1801d367b3c14a633cf40f664f81aa9b0e9355ec437c206a,True
965,18,4,75,original,1.445319652557373,3.4594905376434326,3.4594905376434326,1.445319652557373,0.00011467933654785156,86.71917724609375,207.56942749023438,207.56942749023438,60,615.4652908444405,0.0,f2160b7cdcc44c2bab818ee7eb607893ae513bd842e21dd3a08fdbaa645d54f5,True
966,18,4,90,original,12.063437461853027,278.84002685546875,278.84002685546875,12.063437461853027,0.0113067626953125,723.8062133789062,16730.400390625,16730.400390625,60,615.7276788726449,0.0,6b726f874c9ec916fc8992e91d3f820d3d95ca35a134e638233dfcedde1d1221,True
967,18,4,105,original,6.060475826263428,64.73519134521484,64.73519134521484,6.060475826263428,0.0021305084228515625,363.6285400390625,3884.111328125,3884.111328125,60,615.3444717638195,0.0,96faa59f6af3ddebee30562c2a40484ab6a1c835dea4db903a0b684cef7ce873,True
968,18,4,120,original,3.4098730087280273,15.536633491516113,15.536633491516113,3.4098730087280273,0.0006670951843261719,204.59237670898438,932.1979370117188,932.1979370117188,60,613.4236780926585,0.0,feebfc7c8410dbb64b9aa1b94980492f79f943fed804548707d6ac266ee820d9,True
969,18,4,135,original,5.540034770965576,35.60881805419922,35.60881805419922,5.540034770965576,0.0026531219482421875,332.4020690917969,2136.529052734375,2136.529052734375,60,609.4618299975991,0.0,2f755fd31ea7d3acf9418de5eb9439faf4a7e55dc15891ffbc3f5e0d2263bca9,True
970,18,4,150,original,3.410938024520874,21.115407943725586,21.115407943725586,3.410938024520874,0.0006842613220214844,204.65626525878906,1266.9244384765625,1266.9244384765625,60,612.2709368355572,0.0,6b2d63835dc8be82de315a8a35d3f710b0be93e1cdd467551b59561d6ab87d9e,True
971,18,4,165,original,4.007338523864746,29.468809127807617,29.468809127807617,4.007338523864746,0.00101470947265625,240.44029235839844,1768.12841796875,1768.12841796875,60,611.7847310379148,0.0,b2f3d56a6f0820959e7a82bbad2cc1504e8541c5a6b92a1b03b61c5666b582e1,True
972,18,4,180,original,4.729909896850586,30.85614585876465,30.85614585876465,4.729909896850586,0.0011157989501953125,283.7945861816406,1851.36865234375,1851.36865234375,60,612.4866749159992,0.0,86af11e9b781c76c4ad835eee269484818fdf1dbc06927a10db03dc03db6553a,True
973,18,45,30,original,17.800140380859375,741.0523681640625,741.0523681640625,17.800140380859375,0.023101806640625,1068.0084228515625,44463.140625,44463.140625,60,612.2873960994184,0.0,3a422aca8a473ada02e71b22a256257537f9a3dfabd4c35b62644b1449f12b1e,True
974,18,45,45,original,13.338848114013672,419.977294921875,419.977294921875,13.338848114013672,0.0148468017578125,800.3308715820312,25198.63671875,25198.63671875,60,611.9511993601918,0.0,22cd4d04151cb40e47cca82734f654c1b55674b8896fffdcfd11758bf33215fd,True
975,18,45,60,original,27.189645767211914,1258.9193115234375,1258.9193115234375,27.189645767211914,0.04449462890625,1631.378662109375,75535.15625,75535.15625,60,611.9993892498314,0.0,1a520a06b3f6f59bd6091e594c0f8971f72afa1998c9284d0e90fa12949d04db,True
976,18,45,75,original,16.344322204589844,367.9747619628906,367.9747619628906,16.344322204589844,0.014801025390625,980.6593017578125,22078.484375,22078.484375,60,615.6767592765391,0.0,07e5da5bf55df506c03319530b603f68da04889e617ecb180568daf418789fc8,True
977,18,45,90,original,16.41975212097168,568.9811401367188,568.9811401367188,16.41975212097168,0.01824951171875,985.1851196289062,34138.8671875,34138.8671875,60,615.6246289610863,0.0,875e061fad277e543567390cc6fab88cb762f6c1111b28c7eb1583b51ebd3b07,True
978,18,45,105,original,7.922097206115723,168.9938507080078,168.9938507080078,7.922097206115723,0.005397796630859375,475.3258056640625,10139.630859375,10139.630859375,60,616.2118650972843,0.0,6a104e5d8ca52d79d7b1b13c1a7f0cab6d8dc82345e66ff123a3aae5d1389573,True
979,18,45,120,original,3.020430564880371,15.668062210083008,15.668062210083008,3.020430564880371,0.0005540847778320312,181.225830078125,940.0836791992188,940.0836791992188,60,614.9954446591437,0.0,1e7d769ae6b07de76a61ce47c58ccb78b8e4e83faea22cbcf88281db7b10e86a,True
980,18,45,135,original,2.9803621768951416,10.333954811096191,10.333954811096191,2.9803621768951416,0.0006918907165527344,178.82171630859375,620.0372314453125,620.0372314453125,60,613.9592132531106,0.0,40a80b7d80b37c07460bf0653a3ccaf2d6f33b2ebdf20b95d8581a5db61ef120,True
981,18,45,150,original,2.8753063678741455,10.426719665527344,10.426719665527344,2.8753063678741455,0.00043487548828125,172.51837158203125,625.6031494140625,625.6031494140625,60,615.0838537141681,0.0,657f7f0028aebe75c9d4c853b74ff6d84c1e39ada88c6ec60b3d459ec137c85b,True
982,18,45,165,original,4.443751811981201,46.36085510253906,46.36085510253906,4.443751811981201,0.0019140243530273438,266.6250915527344,2781.651123046875,2781.651123046875,60,614.5365382544696,0.0,025b7c950b021afe357691cf3cd5cafc49f7def1b5f7295a6e6ec009c68e9307,True
983,18,60,30,original,4.686384677886963,39.02785873413086,39.02785873413086,4.686384677886963,0.0012760162353515625,281.1830749511719,2341.67138671875,2341.67138671875,60,614.777575712651,0.0,dc0d828868aae280345efdc6be320de3d3c9c1f40168cc33062d9d7ce387017f,True
984,18,60,45,original,1.2038007974624634,2.118349552154541,2.118349552154541,1.2038007974624634,0.00014150142669677734,72.22804260253906,127.10096740722656,127.10096740722656,60,616.1277759820223,0.0,c32eda509a654ac363e6f07727849758532622562bb4a6d1d25b61d4a9bf2ad2,True
985,18,60,60,original,2.0241658687591553,5.8099541664123535,5.8099541664123535,2.0241658687591553,0.00021123886108398438,121.44994354248047,348.59722900390625,348.59722900390625,60,614.6810869686306,0.0,53153e1958b76f6dcf3a5495a182e1597e0532b0d45eea3b4603d9c66a305a82,True
986,18,60,75,original,9.246458053588867,311.5765380859375,311.5765380859375,9.246458053588867,0.010650634765625,554.7874755859375,18694.591796875,18694.591796875,60,614.5538780838251,0.0,99e5182d037bfd779ae726f84ccf480567b3b38e98658b0cfc6f75ad5193c960,True
987,18,60,90,original,14.411820411682129,514.7275390625,514.7275390625,14.411820411682129,0.016510009765625,864.7091674804688,30883.65234375,30883.65234375,60,614.5411981269717,0.0,30ef4e08090082259223299e36cd69a1901779aa4f0a3954c934a05ca8a94909,True
988,18,60,105,original,27.01264762878418,1947.3995361328125,1947.3995361328125,27.01264762878418,0.061126708984375,1620.7587890625,116843.96875,116843.96875,60,615.0334943085909,0.0,aec6725d56c110e45cab82eb303fdd13cf1e4937a1dcb40e3c3804fdba409ab8,True
989,18,60,120,original,6.8756422996521,92.08931732177734,92.08931732177734,6.8756422996521,0.0038299560546875,412.53851318359375,5525.35888671875,5525.35888671875,60,614.7318058647215,0.0,01ccdd2c284b7f9c72db25ed99496efc98b888b05dacb3b8b73ee3d47d53380a,True
990,18,60,135,original,3.562101364135742,25.219362258911133,25.219362258911133,3.562101364135742,0.0008091926574707031,213.72607421875,1513.16162109375,1513.16162109375,60,614.8045361042023,0.0,75eac09a55507ac610f60336a8b1c9b401e3cf2291c7e65516a16ac4f212206c,True
991,18,60,150,original,1.3933032751083374,2.6826560497283936,2.6826560497283936,1.3933032751083374,0.00011581182479858398,83.59819030761719,160.9593505859375,160.9593505859375,60,614.3893389962614,0.0,4e8b77585d0cc688ffa1e56a85ae54e4d3a009b898c30f8cfa8faaf1e133dd2f,True
992,18,60,165,original,5.6349358558654785,68.47289276123047,68.47289276123047,5.6349358558654785,0.002288818359375,338.09613037109375,4108.37353515625,4108.37353515625,60,614.2613310366869,0.0,1b1e8a3c8887c60b575ddfdda8e1d986adbeba6fa8c0eb742fc5c9f223560f6d,True
993,18,26,30,original,24.79587745666504,1211.92041015625,1211.92041015625,24.79587745666504,0.0416259765625,1487.7525634765625,72715.21875,72715.21875,60,615.0723230093718,0.0,171276de19d9a21eb707b46d5588d032505dd02413a03fe2f7ca3d56e32f5153,True
994,18,26,45,original,44.5994758605957,4742.64404296875,4742.64404296875,44.5994758605957,0.155029296875,2675.968505859375,284558.625,284558.625,60,614.6142878569663,0.0,282ce2331da5f79fd3406283a4dd4e4dc6f9a701bf7524391120279e47ac4dd8,True
995,18,26,60,original,42.92913818359375,5095.55029296875,5095.55029296875,42.92913818359375,0.1632080078125,2575.748046875,305733.0,305733.0,60,615.2833919040859,0.0,81f4f948be8377cef6ea95c650b035f53fa5d3492b6142ef7c7294b5ea26f6d7,True
996,18,26,75,original,48.55861282348633,7393.02685546875,6022.759765625,48.55861282348633,0.2308349609375,2913.5166015625,443581.59375,361365.5625,60,614.8727051913738,0.0,b35b3e5a2393e493e516780b56394847282dca8fc70a69ab5bc3efa55612a732,True
997,18,26,90,original,21.97028350830078,1143.8409423828125,1143.8409423828125,21.97028350830078,0.036529541015625,1318.2169189453125,68630.453125,68630.453125,60,614.4503490068018,0.0,7b874cfa8dd0a36131a096f67ae740dfc74a8acfc0c5b0921b96ac5c141cbafa,True
998,18,26,105,original,6.466011047363281,77.12910461425781,77.12910461425781,6.466011047363281,0.003665924072265625,387.96063232421875,4627.74609375,4627.74609375,60,615.0897038169205,0.0,7fb7676c588c94e177b9285928be7edec8ba804f46b41b66fef31105b40febfa,True
999,18,26,120,original,13.321813583374023,369.580810546875,369.580810546875,13.321813583374023,0.01459503173828125,799.3087768554688,22174.84765625,22174.84765625,60,614.5719271153212,0.0,8a20b5bf8acf73dcaad9d57818476fedab35626af5c97090936ef1758babd76d,True
1000,18,26,135,original,12.534286499023438,338.9547119140625,338.9547119140625,12.534286499023438,0.01198577880859375,752.05712890625,20337.28125,20337.28125,60,628.2238056883216,0.0,83d7e690637372750649e508877efac79e39daab602362702549b8704999e775,True
1001,18,26,150,original,21.651840209960938,749.4238891601562,749.4238891601562,21.651840209960938,0.0303802490234375,1299.1103515625,44965.4296875,44965.4296875,60,613.3086583577096,0.0,225239be6c7b62b5a1995426041b69019ff485df6daebdbc8c86ee266e3a9d39,True
1002,18,26,165,original,12.002665519714355,332.53558349609375,332.53558349609375,12.002665519714355,0.0127105712890625,720.159912109375,19952.134765625,19952.134765625,60,613.7813744135201,0.0,ec8a0c822a0f684cf9356919c67696cff0255e17a20957783ef4df15145050b6,True
1003,18,21,30,original,7.336580276489258,172.6448211669922,172.6448211669922,7.336580276489258,0.005435943603515625,440.1947937011719,10358.6884765625,10358.6884765625,60,614.3044102936983,0.0,519c6afd7499c59001a907858edd20a55d14b2c88ac7f47882bb36a3714c0bf6,True
1004,18,21,45,original,12.518065452575684,464.3606262207031,464.3606262207031,12.518065452575684,0.01531982421875,751.0838623046875,27861.63671875,27861.63671875,60,613.0264298990369,0.0,e277636057b6f2a0c87c3d5e15539e62e88a5a22b0dd9a2fd1ca2b9ac5dd8899,True
1005,18,21,60,original,10.066567420959473,192.21517944335938,192.21517944335938,10.066567420959473,0.006015777587890625,603.9940185546875,11532.91015625,11532.91015625,60,612.4182548373938,0.0,d27647e1c34c756cb25b48376b502a3a17b2f13d7c3583f369c3e1cb8e6d5ddd,True
1006,18,21,75,original,7.871788024902344,101.25358581542969,101.25358581542969,7.871788024902344,0.0033397674560546875,472.3072509765625,6075.21484375,6075.21484375,60,614.2842299304903,0.0,54ebc92070feb13c44736d6ca380efcf7b791770e5f4dc77dc76acd46efdd4b1,True
1007,18,21,90,original,20.945112228393555,860.2709350585938,860.2709350585938,20.945112228393555,0.0288238525390625,1256.7066650390625,51616.25390625,51616.25390625,60,617.439353838563,0.0,20cca72637d01e6a0f0f7f4184498088fca8af013e95881128cac539cbf1f4ab,True
1008,18,21,105,original,25.310832977294922,1521.681640625,1521.681640625,25.310832977294922,0.049560546875,1518.64990234375,91300.890625,91300.890625,60,617.4150248989463,0.0,c5888a33594bad8dc0a7cc0f37464ea20a30c56f842bd5b229f106c827d548c3,True
1009,18,21,120,original,5.371172904968262,57.56396484375,57.56396484375,5.371172904968262,0.001964569091796875,322.2703552246094,3453.837646484375,3453.837646484375,60,617.0637267641723,0.0,516177d364cbf90d66c8f6bc0935315d2ac19a9bc2cb80f4e96f4fb7f2788a74,True
1010,18,21,135,original,3.0025269985198975,21.190013885498047,21.190013885498047,3.0025269985198975,0.0007462501525878906,180.151611328125,1271.4007568359375,1271.4007568359375,60,615.8515871502459,0.0,b12a4732092b73b3e35cf7221080c20ad22d4e3e63c63f2bd82fce2e10304221,True
1011,18,21,150,original,7.137356758117676,132.27310180664062,132.27310180664062,7.137356758117676,0.004505157470703125,428.24139404296875,7936.3857421875,7936.3857421875,60,615.1520316489041,0.0,1e8109b71f448e22ccd57bd85055182c6ae895c7de99c9f1930d38b93c70066a,True
1012,18,21,165,original,9.626096725463867,145.11663818359375,145.11663818359375,9.626096725463867,0.00499725341796875,577.5657958984375,8706.998046875,8706.998046875,60,613.9192427508533,0.0,ba99d18a11db3947a893607a4823722ade6f6d96bd4f900a04ac8676a5182272,True
1013,18,44,30,original,12.991952896118164,279.5989990234375,279.5989990234375,12.991952896118164,0.00909423828125,779.5171508789062,16775.939453125,16775.939453125,60,614.5042679272592,0.0,4d8f529c0de85c237ab110e3f759edd88b6771e6d2d8ee1249021e5770b95183,True
1014,18,44,45,original,4.229372501373291,24.303308486938477,24.303308486938477,4.229372501373291,0.0010890960693359375,253.7623291015625,1458.198486328125,1458.198486328125,60,614.3224788829684,0.0,39a7a000b7cd9743b6d84316a161523fa6d5913b544ae157f9ea3c4e60e32e0b,True
1015,18,44,60,original,2.299222469329834,6.333187580108643,6.333187580108643,2.299222469329834,0.0003998279571533203,137.95333862304688,379.9912414550781,379.9912414550781,60,614.5369680598378,0.0,3fe1f012df41ff28bae5aec871420ab67d155d4141004c39cccdc3c66cc163e0,True
1016,18,44,75,original,13.388635635375977,432.7910461425781,432.7910461425781,13.388635635375977,0.0139007568359375,803.318115234375,25967.4609375,25967.4609375,60,614.6613662131131,0.0,aec7a43a7c3599a86bcf06cbf9a3a16c884221566a023b1fedbbb12858999627,True
1017,18,44,90,original,14.688460350036621,539.591796875,539.591796875,14.688460350036621,0.0172271728515625,881.3075561523438,32375.5078125,32375.5078125,60,614.539597183466,0.0,a870afd8bdb6be1edbcccfa8566896f4c139677d609eeb1f7e042513e6c96752,True
1018,18,44,105,original,15.80037784576416,497.5059814453125,497.5059814453125,15.80037784576416,0.0168914794921875,948.0226440429688,29850.357421875,29850.357421875,60,614.6102272905409,0.0,3de2bc56f84b970a7cb6f244ebf4191c2b429fa41421be7eb2ab9914ce425cd9,True
1019,18,44,120,original,11.652718544006348,222.78465270996094,222.78465270996094,11.652718544006348,0.00772857666015625,699.1630859375,13367.078125,13367.078125,60,614.2987390048802,0.0,4934daea9a13177ea92c81d1f7dba332a5bcaa6a65f8abc22db31e6fc8e6004a,True
1020,18,44,135,original,11.136556625366211,163.34066772460938,163.34066772460938,11.136556625366211,0.005428314208984375,668.193359375,9800.439453125,9800.439453125,60,614.2696388997138,0.0,bd1f2b840ab4417e7179358e44d5c01793450bd19516c7eeb128ad1d116c0646,True
1021,18,44,150,original,10.886359214782715,340.8018798828125,340.8018798828125,10.886359214782715,0.01105499267578125,653.1815185546875,20448.111328125,20448.111328125,60,614.6132261492312,0.0,17200c4a4936cd7312a4bad09fe9b24d870ab7d7eb27c4f3eaf19e12db2d4b33,True
1022,18,44,165,original,12.546167373657227,295.30438232421875,295.30438232421875,12.546167373657227,0.00951385498046875,752.77001953125,17718.26171875,17718.26171875,60,614.4346878863871,0.0,26f51ea3b9185deff653324f4c954ae48e891e38182d7db776b830225403bd8c,True
1023,18,44,180,original,5.148118019104004,35.19014358520508,35.19014358520508,5.148118019104004,0.001194000244140625,308.8870544433594,2111.408447265625,2111.408447265625,60,614.8573639802635,0.0,7b642b2516b0e74206a8ab20d2b375403208e29c43152fbc494b1ba7b0f6979a,True
1024,18,44,195,original,6.173277378082275,83.98151397705078,83.98151397705078,6.173277378082275,0.003696441650390625,370.3966369628906,5038.890625,5038.890625,60,614.3241291865706,0.0,0eff8450027c309e7a6bd68094c6574577d23ce3415ad74c99d10c8ed89a5b3a,True
1025,18,44,210,original,5.419155597686768,46.08424377441406,46.08424377441406,5.419155597686768,0.0018072128295898438,325.1493225097656,2765.054443359375,2765.054443359375,60,614.5728370174766,0.0,1fb8fdccd3f3daeb7b66aa1018fe8f39e09e3da81528e3c7f2200cbf4b522131,True
1026,18,44,225,original,9.155817031860352,115.20149993896484,115.20149993896484,9.155817031860352,0.003997802734375,549.3489990234375,6912.08984375,6912.08984375,60,614.8497741669416,0.0,52328465f417b6969243b0f1fbc1673387174ddab494ae6a859d58e1612412ef,True
1027,18,23,30,original,16.62405014038086,565.60986328125,565.60986328125,16.62405014038086,0.0184173583984375,997.4429931640625,33936.58984375,33936.58984375,60,614.7745959460735,0.0,fcb8a2e4b58d6a992681a3e3e02929557da504f298604c69f8ad6a11fed91d56,True
1028,18,23,45,original,13.312474250793457,513.1069946289062,513.1069946289062,13.312474250793457,0.015869140625,798.7484130859375,30786.41796875,30786.41796875,60,615.0126229040325,0.0,bde6e895f403b06d5cb6e246281d23cd364ecd67d8b15ef8c95d03aa8727f2f7,True
1029,18,23,60,original,14.105109214782715,401.4189453125,401.4189453125,14.105109214782715,0.01299285888671875,846.3065185546875,24085.134765625,24085.134765625,60,613.9450520277023,0.0,951ef99df79b41aa4aaa7cafeacc7f1514cb50c8ba350893d55965e0dd780381,True
1030,18,23,75,original,29.66280746459961,1946.2437744140625,1946.2437744140625,29.66280746459961,0.06280517578125,1779.768310546875,116774.6171875,116774.6171875,60,614.2124901525676,0.0,c8be84e5057ec12c8c8e36bc05257e6031ddaf8ea9843408dfb7cd3ef40ae183,True
1031,18,23,90,original,14.943445205688477,348.08758544921875,348.08758544921875,14.943445205688477,0.01464080810546875,896.606689453125,20885.25390625,20885.25390625,60,614.9945827201009,0.0,3e393eae96557380bc4cc76a92de9f9273800bda14804c3cef50ea7b16add259,True
1032,18,23,105,original,17.280834197998047,587.1157836914062,587.1157836914062,17.280834197998047,0.0286712646484375,1036.8499755859375,35226.9453125,35226.9453125,60,614.1011002473533,0.0,0e346d2a9061ddf683eee30453793d6b80afccbc3abd969ab481d32d448a9ac9,True
1033,18,23,120,original,12.99955940246582,265.07562255859375,265.07562255859375,12.99955940246582,0.01543426513671875,779.9735107421875,15904.5361328125,15904.5361328125,60,613.8057429343462,0.0,9793dc50a3732e5e02b72ffa1a5138523c602056d30336bfba249bca3f59c0c2,True
1034,18,23,135,original,17.757434844970703,671.8490600585938,671.8490600585938,17.757434844970703,0.0311279296875,1065.446044921875,40310.94140625,40310.94140625,60,617.6652810536325,0.0,65b03390c66132fbdbe4e73a89309e3cfc0489565e6332e2c5e2ee69a79effc7,True
1035,18,23,150,original,22.15734100341797,1076.3870849609375,1076.3870849609375,22.15734100341797,0.039581298828125,1329.4404296875,64583.21875,64583.21875,60,616.5338708087802,0.0,2e871fe0ea1796a60dcc96c5347f423f119d7989dbb4a9bdf1821561b50574a9,True
1036,18,23,165,original,23.337678909301758,1063.9329833984375,1063.9329833984375,23.337678909301758,0.03387451171875,1400.2606201171875,63835.97265625,63835.97265625,60,615.3020607307553,0.0,72987c4a7e35e3fe3093b0ba469ee17a5b8aed07ef75530ca1a45407756c7b44,True
1037,18,53,30,original,45.51922607421875,3777.70458984375,3777.70458984375,45.51922607421875,0.162109375,2731.1533203125,226662.265625,226662.265625,60,616.3242720067501,0.0,a35cae64a08ab209ba26723b0807fb645c3ffd8cb506e9fc672349efab458c61,True
1038,18,53,45,original,42.138370513916016,3354.510498046875,3354.510498046875,42.138370513916016,0.109375,2528.302001953125,201270.625,201270.625,60,605.5653500370681,0.0,810d3f99c4d5deecd15f9d0f30503a591d1a3f09f72f2b5463e537ec0756ea76,True
1039,18,53,60,original,43.50445556640625,5843.0087890625,5123.59716796875,43.50445556640625,0.1834716796875,2610.26708984375,350580.5,307415.8125,60,613.3341267704964,0.0,42ce499bde4ac4f9674347499e900ed940bfdec8ef2e26f67713ce285aeb1d3b,True
1040,18,53,75,original,24.44249725341797,1661.6685791015625,1661.6685791015625,24.44249725341797,0.053131103515625,1466.5498046875,99700.109375,99700.109375,60,662.4364946037531,0.0,e5adb6b69740a797e6be7090d3a0aee2bc387bd31661a9057c6efe36be8d3607,True
1041,18,53,90,original,30.786775588989258,2625.30322265625,2625.30322265625,30.786775588989258,0.08209228515625,1847.2064208984375,157518.1875,157518.1875,60,713.9361342415214,0.0,10c12eb31bc71592708ea5a1440f0419078954cd16b761bb17b1bb6eb6d14c1d,True
1042,18,53,105,original,11.572681427001953,304.3553466796875,304.3553466796875,11.572681427001953,0.00949859619140625,694.36083984375,18261.3203125,18261.3203125,60,705.4828125983477,0.0,62f0dfbac1707c0097880f9767531a7336ee3ce96005bafa32257a7b538226d2,True
1043,18,53,120,original,14.945808410644531,574.0886840820312,574.0886840820312,14.945808410644531,0.0185699462890625,896.7484741210938,34445.3203125,34445.3203125,60,655.9583679772913,0.0,d1ada7ce6907654a5d90ecdb8a6486c83f895f34068a450dd2baded0f3190296,True
1044,18,53,135,original,10.108567237854004,152.46241760253906,152.46241760253906,10.108567237854004,0.005168914794921875,606.5139770507812,9147.744140625,9147.744140625,60,615.7618160359561,0.0,14936906fa2f2035ab9f939e638203ca996435454097835cbe7e31dab43f6bf0,True
1045,18,53,150,original,15.65910816192627,777.7523803710938,777.7523803710938,15.65910816192627,0.02557373046875,939.5464477539062,46665.140625,46665.140625,60,613.2464581169188,0.0,bc1ad836c40f6ddeec2e8aa16d43c31e720b47be4d65e4b3d09a7fe299e1ef30,True
1046,18,53,165,original,29.198150634765625,2120.49072265625,2120.49072265625,29.198150634765625,0.06683349609375,1751.888916015625,127229.4375,127229.4375,60,613.2931369356811,0.0,c65f81546719e1a304b671c32c0c392af0c8ead1977409d4530e7e0a32c74498,True
1047,18,84,30,original,46.84596633911133,3362.62548828125,3362.62548828125,46.84596633911133,0.1285400390625,2810.7578125,201757.515625,201757.515625,60,613.9781610108912,0.0,71d2529f40934962fd44fd900bbad9074a76d2d8a84fcf659451d5903f57e52a,True
1048,18,84,45,original,40.01174545288086,3505.36279296875,3505.36279296875,40.01174545288086,0.1259765625,2400.70458984375,210321.75,210321.75,60,615.1695218868554,0.0,a758c09407936d99baceb1bf3640c79ecb5e10c66528b21e96109bca1c52d465,True
1049,18,84,60,original,23.88185691833496,999.8694458007812,999.8694458007812,23.88185691833496,0.03582763671875,1432.911376953125,59992.1640625,59992.1640625,60,615.5009381473064,0.0,5ad510b294a0f3b8e315124b7e70766370b3242f155d52ea8835171bf3123e00,True
1050,18,84,75,original,23.960424423217773,804.1290283203125,804.1290283203125,23.960424423217773,0.025299072265625,1437.6253662109375,48247.73828125,48247.73828125,60,616.4434612728655,0.0,cda4e8348997d79329c9755bb72cc09a98e1424673d52ebd8ffc968f93d32efe,True
1051,18,84,90,original,7.572937488555908,83.17716217041016,83.17716217041016,7.572937488555908,0.0026721954345703125,454.376220703125,4990.62939453125,4990.62939453125,60,615.3289498761296,0.0,cb20d69b70e7200184e73cfbd0368a22bfc587f5beebfef10bcd57f4643bead0,True
1052,18,84,105,original,7.603576183319092,111.58174133300781,111.58174133300781,7.603576183319092,0.00823211669921875,456.21453857421875,6694.904296875,6694.904296875,60,638.200294226408,0.0,61b1a95189f2b0cab15fb762746b7923dc406385160f9a8dd00a8c3621f8b53e,True
1053,18,84,120,original,8.525444984436035,96.31262969970703,96.31262969970703,8.525444984436035,0.0043487548828125,511.52667236328125,5778.75732421875,5778.75732421875,60,616.3661419413984,0.0,eda010268e17e9619241c3b9ef54065de40a3d441bf9d922e64b8d5f7f895388,True
1054,18,84,135,original,4.223169326782227,34.54165267944336,34.54165267944336,4.223169326782227,0.0011844635009765625,253.39013671875,2072.4990234375,2072.4990234375,60,632.3065110482275,0.0,31fd11b833c2f4d57a001a641c646163deafb5ee24dfa5e3b7cb06bd906c2e3b,True
1055,18,84,150,original,6.499619007110596,55.81419372558594,55.81419372558594,6.499619007110596,0.0025634765625,389.97711181640625,3348.8515625,3348.8515625,60,615.3762498870492,0.0,da9dd954b8299ebd9ee6f42605c4b4a706806d14cccc60c1c866eba361cbe1f4,True
1056,18,84,165,original,7.813762187957764,68.98846435546875,68.98846435546875,7.813762187957764,0.0033817291259765625,468.8257141113281,4139.3076171875,4139.3076171875,60,614.7357849404216,0.0,205038e3402db2541988abf138c4118fc9555fdf4df29c5eedda253d0e899c5d,True
1057,18,59,30,original,20.756649017333984,873.9625854492188,873.9625854492188,20.756649017333984,0.032562255859375,1245.39892578125,52437.75390625,52437.75390625,60,614.9348327890038,0.0,b9e8833e76b1eb1420e4d5044ff79954e2761e35f5833074ecd652eedea8931d,True
1058,18,59,45,original,9.54661750793457,198.8980255126953,198.8980255126953,9.54661750793457,0.00670623779296875,572.7969970703125,11933.880859375,11933.880859375,60,615.1793422177434,0.0,51fd74bb85d5f4f53854a5112f807cab5321c22bb5930e7e02e65b89204a159b,True
1059,18,59,60,original,9.53719711303711,159.86260986328125,159.86260986328125,9.53719711303711,0.00551605224609375,572.2318115234375,9591.755859375,9591.755859375,60,617.3056741245091,0.0,090cd42c2674bd4dcdf2b766a00ecf606b26a1bc0a6b75f9b2c50912df6a7e75,True
1060,18,59,75,original,11.74594783782959,236.15428161621094,236.15428161621094,11.74594783782959,0.00984954833984375,704.7568359375,14169.255859375,14169.255859375,60,616.9020566157997,0.0,bfc587f8ba58442f6c785526acd76068e7a716d4b147fac380e37a5193d39480,True
1061,18,59,90,original,14.908905029296875,321.7042236328125,321.7042236328125,14.908905029296875,0.01163482666015625,894.5342407226562,19302.251953125,19302.251953125,60,615.5414478853345,0.0,f66416fced84477587c65fc119fdf8cdd4428859db8220005aca66a13dfa8293,True
1062,18,59,105,original,8.795011520385742,152.11978149414062,152.11978149414062,8.795011520385742,0.005126953125,527.70068359375,9127.1865234375,9127.1865234375,60,617.1143548563123,0.0,fd8b8318a1c5d66e226d9970fcbd5b43fe718edb549f5f19cc7e144b77a74504,True
1063,18,59,120,original,16.83732795715332,569.4475708007812,569.4475708007812,16.83732795715332,0.019012451171875,1010.2396240234375,34166.8515625,34166.8515625,60,617.1286851167679,0.0,d9dae168f0403e88223139e89938b48e84878820288a3f8e31b167975e5cb4ac,True
1064,18,59,135,original,2.2924587726593018,8.969511032104492,8.969511032104492,2.2924587726593018,0.000385284423828125,137.54751586914062,538.170654296875,538.170654296875,60,617.1376649290323,0.0,f54338a7abcdbc67cc3e4e33e98c2439ab94d3bb9c1b920bf4b7ef8d2aebb164,True
1065,18,59,150,original,5.670038223266602,65.13374328613281,65.13374328613281,5.670038223266602,0.0022106170654296875,340.2022705078125,3908.024169921875,3908.024169921875,60,616.5149002335966,0.0,0fa015d5d05bed67abd2338f64cb65cd06d17eba00ce275ae58dd8f36570e94f,True
1066,18,59,165,original,8.108306884765625,97.75971984863281,97.75971984863281,8.108306884765625,0.0034847259521484375,486.4984130859375,5865.5830078125,5865.5830078125,60,616.1668333224952,0.0,17024dd44f45e54a3f5ca2706feda55de5ad263ee40ca1c9283d149b1e7475e1,True
1067,18,49,30,original,32.4469108581543,5042.341796875,2054.779052734375,32.4469108581543,0.1810302734375,1946.8145751953125,302540.5,123286.7421875,60,615.4159889556468,0.0,c6120e0f090d9497adf7d7c485c5607c54f8cce822520cb609a0f180906c347e,True
1068,18,49,45,original,48.43192672729492,19188.880859375,4866.24853515625,48.43192672729492,0.59912109375,2905.91552734375,1151332.75,291974.90625,60,615.5573981814086,0.0,b2109780425e5a738d7c38113f34809819e916514638124266520bf2f89a0e59,True
1069,18,49,60,original,11.933920860290527,179.99269104003906,179.99269104003906,11.933920860290527,0.01192474365234375,716.0352172851562,10799.560546875,10799.560546875,60,615.304249804467,0.0,be7afad5ac9e0b1ad2c0094807e4cbb28e7681d045f5ce0cee13d10d5ac1c234,True
1070,18,49,75,original,11.806183815002441,281.5767822265625,281.5767822265625,11.806183815002441,0.00968170166015625,708.3709716796875,16894.60546875,16894.60546875,60,615.8956252038479,0.0,9de788f8293bc18bcafacbebe14d79fff2af1c41d93347e94e1c07c8eef4f3b9,True
1071,18,49,90,original,16.98902702331543,419.8808898925781,419.8808898925781,16.98902702331543,0.0179901123046875,1019.3416137695312,25192.8515625,25192.8515625,60,614.7440848872066,0.0,c8eabfa36d576377af3cd81ad84f7e180f2ab2d8b36e537e8067c62d65002e40,True
1072,18,49,105,original,29.32966423034668,2349.357177734375,2349.357177734375,29.32966423034668,0.07281494140625,1759.77978515625,140961.421875,140961.421875,60,619.5641648955643,0.0,215b48e26b1f368a3e81b9b98fcb0e0160958bab208f1e8edfcd03d36fd12f68,True
1073,18,49,120,original,15.341264724731445,418.5762023925781,418.5762023925781,15.341264724731445,0.012969970703125,920.475830078125,25114.5703125,25114.5703125,60,615.0690210051835,0.0,56a73363097b82b35f22f906b846375cfa8ce2e8c3255038dabc1425ecdff3c0,True
1074,18,49,135,original,14.141775131225586,344.39093017578125,344.39093017578125,14.141775131225586,0.01068878173828125,848.5064697265625,20663.455078125,20663.455078125,60,616.1205628886819,0.0,b1da7aefe83dd26b7ea745426f0cbeda1922a755f6f7ed3a0c102ce70810f0ca,True
1075,18,49,150,original,7.721367835998535,116.45156860351562,116.45156860351562,7.721367835998535,0.0037021636962890625,463.28204345703125,6987.09375,6987.09375,60,615.81294471398,0.0,cb01fb374c7ec26369e0a865a97e44177466f36ea296898bf990b76523fc771c,True
1076,18,49,165,original,8.222090721130371,97.9417495727539,97.9417495727539,8.222090721130371,0.006191253662109375,493.325439453125,5876.5048828125,5876.5048828125,60,615.728666074574,0.0,d1bb9e1387f1d68334a3f58537ba95feeb148717228a70ab0165ca245caf4153,True
1077,18,49,180,original,16.71839141845703,378.0549621582031,378.0549621582031,16.71839141845703,0.0231170654296875,1003.1033935546875,22683.296875,22683.296875,60,614.7659537382424,0.0,3db14e513f953185226445cb268ba443c0631e1a7eec39793a11c46cf70de81b,True
1078,18,49,195,original,11.083504676818848,218.33770751953125,218.33770751953125,11.083504676818848,0.0087127685546875,665.01025390625,13100.26171875,13100.26171875,60,634.1015961952507,0.0,2f42b1fc8b4a780ecbec7c821342787d662157fe6f3de245cbc4bf37f9aaf655,True
1079,18,49,210,original,6.512928485870361,112.98614501953125,112.98614501953125,6.512928485870361,0.0034961700439453125,390.77569580078125,6779.16845703125,6779.16845703125,60,615.4011189937592,0.0,63ce74f2917cdc5cc947f59bbb2d931ffe6494f8597da45ee7a4ec7bf1b96b81,True
1080,18,7,30,original,39.60979080200195,3296.648681640625,3296.648681640625,39.60979080200195,0.11065673828125,2376.58740234375,197798.90625,197798.90625,60,614.9391829967499,0.0,665f5339713c64b5a3e8eb806e665224e910354ad9eea89336bfbe443f6c6aee,True
1081,18,7,45,original,4.883063793182373,44.1251335144043,44.1251335144043,4.883063793182373,0.0016269683837890625,292.98382568359375,2647.5078125,2647.5078125,60,615.1166623458266,0.0,e92821baab306c95920117e1d724854b624f4449fcc4c7049269f5104c9623df,True
1082,18,7,60,original,3.3569767475128174,20.69194221496582,20.69194221496582,3.3569767475128174,0.0008039474487304688,201.41859436035156,1241.5164794921875,1241.5164794921875,60,609.8921941593289,0.0,cfe4bb6111965832f8a5da39830fde1d0e423b03bcee693c7fcbd5a60f083a00,True
1083,18,7,75,original,14.313581466674805,675.9802856445312,675.9802856445312,14.313581466674805,0.0234527587890625,858.8148193359375,40558.81640625,40558.81640625,60,608.128878287971,0.0,ac58ab0f43e3eeefaf81b1e946ae3fc9b6563e4c74bf7fef270a4c48d236e860,True
1084,18,7,90,original,33.940025329589844,1751.863525390625,1751.863525390625,33.940025329589844,0.06427001953125,2036.4013671875,105111.8046875,105111.8046875,60,609.465598128736,0.0,ec0bbf5de85de3c8e6b5003e2b3fbad5ab22def93284fddc2e7b1ecbe6a02f81,True
1085,18,7,105,original,27.43683433532715,1955.2264404296875,1955.2264404296875,27.43683433532715,0.062103271484375,1646.2099609375,117313.578125,117313.578125,60,609.28620910272,0.0,8f501484b7891f97f9d9edc0f2ed758f89973d133c1fb1493bb2ea380e99a43a,True
1086,18,7,120,original,29.703475952148438,1863.3697509765625,1863.3697509765625,29.703475952148438,0.060516357421875,1782.20849609375,111802.1796875,111802.1796875,60,610.1021920330822,0.0,5a84b005de4f7d5096991a9b22e853677b024ed44dbe50396f590fc9927d2906,True
1087,18,7,135,original,33.28910827636719,1936.994140625,1936.994140625,33.28910827636719,0.061767578125,1997.3463134765625,116219.640625,116219.640625,60,613.0246380344033,0.0,4743afabe2ccdacb55508134f6304f395b9f473f1ad0bb42ea06ff1042d52d15,True
1088,18,7,150,original,17.876169204711914,805.57763671875,805.57763671875,17.876169204711914,0.0287322998046875,1072.570068359375,48334.65625,48334.65625,60,613.0025079473853,0.0,f75cf341f052817bf8eac99e8f862e95b05675c5ca524f3b147b562b3a698c0f,True
1089,18,7,165,original,16.250688552856445,472.0458984375,472.0458984375,16.250688552856445,0.019927978515625,975.041259765625,28322.751953125,28322.751953125,60,617.2433630563319,0.0,fd1370fe8ad5ed711e01a37b8f82d9bb37ea7b462bebd1e1979b2d9c093d02d3,True
1090,18,47,30,original,14.668793678283691,458.6368713378906,458.6368713378906,14.668793678283691,0.0174102783203125,880.1275634765625,27518.2109375,27518.2109375,60,616.3502898998559,0.0,6a215a82307a3680818cc67e8dc7ea763c4c0754e8155eb32e403b14d748d6d1,True
1091,18,47,45,original,11.72076416015625,272.9845275878906,272.9845275878906,11.72076416015625,0.00984954833984375,703.2457885742188,16379.0703125,16379.0703125,60,616.4682200178504,0.0,4c20b4fe7559b6f2bd8983ba447b5c259fc4b9ba009fc6e9dc1dd8d079603384,True
1092,18,47,60,original,10.223470687866211,151.48178100585938,151.48178100585938,10.223470687866211,0.0055084228515625,613.408203125,9088.90625,9088.90625,60,615.1502099819481,0.0,9d6631c2f3a10158e9028cee78acb34e7a860d6827fdad13cbd37b53580bbb90,True
1093,18,47,75,original,1.0954328775405884,2.5553479194641113,2.5553479194641113,1.0954328775405884,9.202957153320312e-05,65.72596740722656,153.32086181640625,153.32086181640625,60,615.7051059417427,0.0,d837cb02cdb233086f019d808d15388310a2263a6cb5cc535f48ec129bd7a530,True
1094,18,47,90,original,6.514511585235596,96.92984008789062,96.92984008789062,6.514511585235596,0.0031223297119140625,390.87066650390625,5815.7900390625,5815.7900390625,60,614.2898579128087,0.0,7b80b5919b08ae74988013898d9490e938bb11181ae666470359ab9224137bd3,True
1095,18,47,105,original,5.363595962524414,46.37177276611328,46.37177276611328,5.363595962524414,0.0014801025390625,321.81573486328125,2782.30615234375,2782.30615234375,60,615.0009520351887,0.0,8eda8608c963cedcb46a0de60689a9c20562ccbe2976cbea39904ad50c513ea6,True
1096,18,47,120,original,1.8850666284561157,6.991848468780518,6.991848468780518,1.8850666284561157,0.00025081634521484375,113.10398864746094,419.5108947753906,419.5108947753906,60,614.8838931694627,0.0,6055902c5a5b729f51ff02e5ac453a8535dfdf76c91cee27a164b043b6b75ade,True
1097,18,47,135,original,4.264049530029297,76.70123291015625,76.70123291015625,4.264049530029297,0.00252532958984375,255.84295654296875,4602.07373046875,4602.07373046875,60,613.9088808558881,0.0,31ebf766a23f2eab46ade0102d3f15db7f7b4187f2e2094a63cd805c4ea9d258,True
1098,18,47,150,original,15.748298645019531,496.3056945800781,496.3056945800781,15.748298645019531,0.0157318115234375,944.8978881835938,29778.33984375,29778.33984375,60,614.3820770084858,0.0,fd3c6ea1cd94053d7ab4a811d30820ca7d214a0f898301e794a0f53d917ec63a,True
1099,18,47,165,original,9.479805946350098,142.74853515625,142.74853515625,9.479805946350098,0.006008148193359375,568.788330078125,8564.912109375,8564.912109375,60,614.1873691231012,0.0,6ffe5b2d3609ed05047426453df1d12cba141cccc76c6c0b05a8670fbf48ad71,True
1100,18,30,30,original,14.53858470916748,387.3636779785156,387.3636779785156,14.53858470916748,0.0155487060546875,872.3150634765625,23241.8203125,23241.8203125,60,615.5599169433117,0.0,fb166af9ca823d7ca6a5308ec2fa0a5dd6c43442877345c9de5a846769d945d0,True
1101,18,30,45,original,6.010524749755859,60.847190856933594,60.847190856933594,6.010524749755859,0.0027027130126953125,360.6314697265625,3650.831298828125,3650.831298828125,60,614.5691447891295,0.0,e99d4678bec79662d691e0f011f905c4bec443b68b956868ab9a01a25009c428,True
1102,18,30,60,original,3.2350008487701416,14.899199485778809,14.899199485778809,3.2350008487701416,0.0010204315185546875,194.10003662109375,893.951904296875,893.951904296875,60,614.9873216636479,0.0,7318b9ed9488f80ff6ea67efd1649a1f3865eb159649186a6404cb0fe744216e,True
1103,18,30,75,original,4.1136794090271,19.884775161743164,19.884775161743164,4.1136794090271,0.0012865066528320312,246.82073974609375,1193.08642578125,1193.08642578125,60,615.0356908328831,0.0,4a904bb78d693a4709f2ac1a5c1f0c15ee15796ab6c489e29c3ddb6bca4297e6,True
1104,18,30,90,original,2.52699875831604,7.832270622253418,7.832270622253418,2.52699875831604,0.0006022453308105469,151.6199188232422,469.93621826171875,469.93621826171875,60,614.5294946618378,0.0,c9ab17bc15ff5d147277d417e70c989abd6bf61fbd9df67d3c4e2be3202b21ff,True
1105,18,30,105,original,2.366767168045044,7.642463684082031,7.642463684082031,2.366767168045044,0.0006656646728515625,142.0060272216797,458.54779052734375,458.54779052734375,60,615.1378508657217,0.0,aebeae3f767d8746b2870527b4d51bab8a7fa143c30abd3d510a86b82e13c53a,True
1106,18,30,120,original,2.169126033782959,10.224946022033691,10.224946022033691,2.169126033782959,0.0011644363403320312,130.14755249023438,613.4967041015625,613.4967041015625,60,614.6277347579598,0.0,d650c6fc7f05af20046d88abac37ba2fa3afa245c7391ec71c1a5f151dcd1d6e,True
1107,18,30,135,original,4.188860893249512,29.64835548400879,29.64835548400879,4.188860893249512,0.001064300537109375,251.33163452148438,1778.9012451171875,1778.9012451171875,60,629.182605072856,0.0,d35057e611a034be18d1a6ae2f962148cabacf7e0948ae75ffe4a57132501cdb,True
1108,18,30,150,original,2.9076180458068848,10.65894603729248,10.65894603729248,2.9076180458068848,0.0004792213439941406,174.4570770263672,639.5367431640625,639.5367431640625,60,616.0164237953722,0.0,c69c824463aaa169947a65477efde508d110d74a36e2f1273791538085de33d6,True
1109,18,30,165,original,1.7861576080322266,5.040431022644043,5.040431022644043,1.7861576080322266,0.00043129920959472656,107.16944885253906,302.42584228515625,302.42584228515625,60,615.861414000392,0.0,60911ed47855f92ae1b780c35908ec766ac563eee5e9c0bfc5ccf08837dbf95e,True
1110,24,83,30,original,13.451257705688477,261.95892333984375,261.95892333984375,13.451257705688477,0.012359619140625,807.075439453125,15717.53515625,15717.53515625,60,614.9661922827363,0.0,4abbb282f7d87f73243923caaf1e45f096f5970356aadb18bb45871e8f8d5b79,True
1111,24,83,45,original,7.357079982757568,106.67510986328125,106.67510986328125,7.357079982757568,0.003734588623046875,441.4247741699219,6400.50634765625,6400.50634765625,60,614.5497751422226,0.0,b43ea38c96300b0da660fa2fb3da63d90c1edc54c48d5e03c4c00f5f419bc8f7,True
1112,24,83,60,original,3.6938064098358154,20.98032569885254,20.98032569885254,3.6938064098358154,0.0007505416870117188,221.6283721923828,1258.8194580078125,1258.8194580078125,60,611.4709903486073,0.0,17b9ff50ffbabf1775129fe9fe52f732f396b465f2a2b157a4dd4061b76f0800,True
1113,24,83,75,original,8.513686180114746,162.24925231933594,162.24925231933594,8.513686180114746,0.00562286376953125,510.8211669921875,9734.955078125,9734.955078125,60,612.0114456862211,0.0,e2f77e25a7ba2c7d7da13d2f7c88921e25eb9ed2a4ac9810978a51284d1db57a,True
1114,24,83,90,original,25.742616653442383,7585.14208984375,2663.8349609375,25.742616653442383,0.2347412109375,1544.556884765625,455108.5,159830.09375,60,617.6015799865127,0.0,52935551009484d1d5bb202f94ab4789690f4395f36b50d9230b21d659045bc0,True
1115,24,83,105,original,29.93398094177246,2569.46630859375,2536.072509765625,29.93398094177246,0.0819091796875,1796.038818359375,154167.96875,152164.34375,60,616.8533060699701,0.0,0d891140b4e46d12c66f439a3cb85c68dc99b410eab2452aa2bc7b5ae9d6a159,True
1116,24,83,120,original,6.584685802459717,130.7456817626953,130.7456817626953,6.584685802459717,0.00411224365234375,395.08111572265625,7844.740234375,7844.740234375,60,617.9319270886481,0.0,a3affcf83922b5137953ff5ddb5835c54ca84e3e0ac6763a3b65e58820d7b238,True
1117,24,83,135,original,8.200946807861328,125.44481658935547,125.44481658935547,8.200946807861328,0.004512786865234375,492.0567626953125,7526.6884765625,7526.6884765625,60,615.7966949976981,0.0,939cf03a7d647a19201a1aa8fac067ce18460bd7e4169b7e24d6d7382d2c0e1e,True
1118,24,83,150,original,15.484807014465332,615.003662109375,615.003662109375,15.484807014465332,0.01922607421875,929.08837890625,36900.21875,36900.21875,60,614.5920353010297,0.0,9a8f2e7d87d0aa6472208259103690244a0997f73c7b73643ff8f4c329b93794,True
1119,24,83,165,original,13.51298713684082,421.5578918457031,421.5578918457031,13.51298713684082,0.013702392578125,810.7791748046875,25293.47265625,25293.47265625,60,615.7045150175691,0.0,a42b2389875eaee3958ff21e26691d21f4667059cb929261db87e3dc8e89ddc3,True
1120,24,83,180,original,6.828187465667725,58.5604133605957,58.5604133605957,6.828187465667725,0.0026912689208984375,409.69122314453125,3513.62451171875,3513.62451171875,60,615.7131749205291,0.0,f600e3c2c5e3b5809b6ab2ed72e0ad2fc089b629aab27fdc7ff14811b54646e6,True
1121,24,83,195,original,5.98405122756958,78.68584442138672,78.68584442138672,5.98405122756958,0.003078460693359375,359.0430603027344,4721.150390625,4721.150390625,60,615.6329261139035,0.0,6bb0f3bfc8a5d71ecf233514f224250265d42ed5947637a00cb754d8280cd25c,True
1122,24,83,210,original,7.91091251373291,124.76124572753906,124.76124572753906,7.91091251373291,0.003948211669921875,474.65472412109375,7485.67431640625,7485.67431640625,60,617.4029819667339,0.0,c8db3a69891e9f6b0487f7730b1edea6f0b26b8c4125e3bcd384ebb430106aef,True
1123,24,83,225,original,6.066330432891846,62.9301643371582,62.9301643371582,6.066330432891846,0.002346038818359375,363.97979736328125,3775.8095703125,3775.8095703125,60,615.5444267205894,0.0,b86a3a2580c687f926ae9ad6b87284a3d8b7b23df35d99bf505cedf684254644,True
1124,24,15,30,original,26.55476188659668,1699.9864501953125,1699.9864501953125,26.55476188659668,0.061248779296875,1593.28564453125,101999.1796875,101999.1796875,60,615.6616853550076,0.0,7e7f806b069ff2ec64fc58a6a79fe4f48cf8420525b5fc998c3be1e7d537a58b,True
1125,24,15,45,original,14.635836601257324,436.4322814941406,436.4322814941406,14.635836601257324,0.0189056396484375,878.150146484375,26185.935546875,26185.935546875,60,614.3270269967616,0.0,ec55873aa8087b287128a51f2f842cf3422f00ca013681dbff9958213e41d1d0,True
1126,24,15,60,original,6.080947399139404,81.7784194946289,81.7784194946289,6.080947399139404,0.0029735565185546875,364.8568115234375,4906.705078125,4906.705078125,60,614.775073248893,0.0,76b56ccc41c6f55db9ce089fd0a9f763097a353530fea706835c1633cb56f249,True
1127,24,15,75,original,11.34443187713623,309.787841796875,309.787841796875,11.34443187713623,0.009857177734375,680.6658935546875,18587.26953125,18587.26953125,60,614.3003860488534,0.0,a287bf119b1247b74fbd0daea06ad3ffa9dff3637403cd1246b5e8adf9ebce86,True
1128,24,15,90,original,6.3571696281433105,72.46683502197266,72.46683502197266,6.3571696281433105,0.0030059814453125,381.4301452636719,4348.009765625,4348.009765625,60,613.9755491167307,0.0,87ef26c916d69048091cef34f8820629ca8f960ace35f15adf6edcecfbca7d49,True
1129,24,15,105,original,6.62065315246582,77.61992645263672,77.61992645263672,6.62065315246582,0.003993988037109375,397.2391662597656,4657.1953125,4657.1953125,60,613.864831160754,0.0,6325c6b9f1452d7258c73e007fffb6c7935e08d343a651e929c125924abe0e2c,True
1130,24,15,120,original,8.845996856689453,177.60948181152344,177.60948181152344,8.845996856689453,0.00569915771484375,530.759765625,10656.568359375,10656.568359375,60,615.5964760109782,0.0,cca1ae50f167547674c17d867f76f5c062357cc5cc7cf0c935891fa9d40b6dad,True
1131,24,15,135,original,2.09598445892334,8.092256546020508,8.092256546020508,2.09598445892334,0.00032067298889160156,125.75906372070312,485.5353698730469,485.5353698730469,60,614.1230179928243,0.0,392ebbd80006d2c3ed6af337821684d38b17a501e5529a6f9c436a9ddab1c1da,True
1132,24,15,150,original,5.0455098152160645,42.76418685913086,42.76418685913086,5.0455098152160645,0.0022525787353515625,302.7305603027344,2565.85107421875,2565.85107421875,60,614.6481628529727,0.0,9b6c4a2b9d33796f10cfaa9d0d6d11687840624e155c7cfde37cc948af6cf423,True
1133,24,15,165,original,13.416875839233398,408.1331481933594,408.1331481933594,13.416875839233398,0.0135040283203125,805.0125122070312,24487.98828125,24487.98828125,60,613.7617910280824,0.0,6ab16d44a6909baaa8a9f0900f1faade78202cc996f985fd59f844ce3d103045,True
1134,24,15,180,original,3.8179800510406494,33.51845932006836,33.51845932006836,3.8179800510406494,0.0012073516845703125,229.07879638671875,2011.1075439453125,2011.1075439453125,60,613.8737504370511,0.0,41772507d81912b9c2d2d952148b0faf288b69719e40a25a5b953133cc633c56,True
1135,24,15,195,original,14.93718147277832,1769.373779296875,534.1812133789062,14.93718147277832,0.0570068359375,896.2308349609375,106162.421875,32050.87109375,60,613.9910290949047,0.0,91deff81ea0f7fd4a6c66bf82ad8b558e11d0c14f6c96347404b3957048595ab,True
1136,24,15,210,original,8.391166687011719,175.2862548828125,175.2862548828125,8.391166687011719,0.007080078125,503.4700012207031,10517.1748046875,10517.1748046875,60,613.9524290338159,0.0,070ca67ecd38e6d3cdcb719d61db4826ded63bcd55d79244c94dbf611f2646bf,True
1137,24,15,225,original,14.564921379089355,413.276123046875,413.276123046875,14.564921379089355,0.0183258056640625,873.895263671875,24796.56640625,24796.56640625,60,614.2723569646478,0.0,cbf2d00a9cb2d8ecbd22464258f4c7862dd76484e44a69ade5538a79be24af42,True
1138,24,3,30,original,41.18939971923828,3249.204833984375,3249.204833984375,41.18939971923828,0.1082763671875,2471.36376953125,194952.28125,194952.28125,60,615.870303940028,0.0,153faae701f5a9e9101bffd49abd6ea7254d2f82b4aaec5a855bb72be7406093,True
1139,24,3,45,original,11.073871612548828,152.77642822265625,152.77642822265625,11.073871612548828,0.0074615478515625,664.4322509765625,9166.5849609375,9166.5849609375,60,614.702092949301,0.0,c5039d45dbb66ccff64f0dc22d95c8f66cd55ebc5f3c4048a11e2de4f4b766ff,True
1140,24,3,60,original,35.19749069213867,2611.755615234375,2611.755615234375,35.19749069213867,0.09185791015625,2111.849365234375,156705.328125,156705.328125,60,614.9709210731089,0.0,b2416826f5fd715343d50bb119d0f291b2cf880ec0a5f5a31d2c3b519f9b76f9,True
1141,24,3,75,original,23.958364486694336,858.564453125,858.564453125,23.958364486694336,0.0355224609375,1437.5018310546875,51513.86328125,51513.86328125,60,613.8203600421548,0.0,1f43e2771a12a4217a7ff8e35ec6d8e4f0381d1b02d31713b3f0103033ec4768,True
1142,24,3,90,original,18.242868423461914,453.16778564453125,453.16778564453125,18.242868423461914,0.0166015625,1094.572021484375,27190.06640625,27190.06640625,60,613.9059788547456,0.0,3adc1e8c689c39c13e4dcb433a6b9c2975b8942cc4575a306d154ed57a4a9eff,True
1143,24,3,105,original,3.2424628734588623,13.051313400268555,13.051313400268555,3.2424628734588623,0.0006194114685058594,194.54776000976562,783.0787353515625,783.0787353515625,60,619.7575321421027,0.0,82f5ba293a7f397637e4832a03c307a9966135c30dfe28bfa501b48849fb2848,True
1144,24,3,120,original,11.366024017333984,326.8481140136719,326.8481140136719,11.366024017333984,0.01317596435546875,681.96142578125,19610.88671875,19610.88671875,60,615.8141242340207,0.0,8a120ac15f6174e5b10cbd389e0d846cf20b3aaa934aa39162c9315016f17ea9,True
1145,24,3,135,original,8.643660545349121,149.26983642578125,149.26983642578125,8.643660545349121,0.006740570068359375,518.61962890625,8956.189453125,8956.189453125,60,615.0481412187219,0.0,53eddfa67a3071bef808c89dff7376cce2429f31536869c4b802b4ffe0d71133,True
1146,24,3,150,original,7.947844982147217,89.611572265625,89.611572265625,7.947844982147217,0.004856109619140625,476.87066650390625,5376.69384765625,5376.69384765625,60,615.218938793987,0.0,6cad63f8022890c85e79e9e7629eb3a625707df99fb1103ea54fa8449c32d156,True
1147,24,3,165,original,12.362217903137207,296.5738220214844,296.5738220214844,12.362217903137207,0.00997161865234375,741.7330322265625,17794.427734375,17794.427734375,60,615.3755681589246,0.0,bd516ba002ac38bcc9294e619689f1e1b32f3fbea2c834bdc63e0d782853da7b,True
1148,24,3,180,original,6.581542491912842,72.80189514160156,72.80189514160156,6.581542491912842,0.0023956298828125,394.89251708984375,4368.11328125,4368.11328125,60,613.5942419059575,0.0,905434b1cb4fe81b7cb9c1b838a274c87c705f602e331c75854296e4f3d3f1b0,True
1149,24,3,195,original,5.14596700668335,44.4482536315918,44.4482536315918,5.14596700668335,0.0016241073608398438,308.75799560546875,2666.89501953125,2666.89501953125,60,614.9796606041491,0.0,75bcb39c79da5e81b19b407cd769ae826e33de86ed0ab5317e6927105ff6514a,True
1150,24,3,210,original,3.2836530208587646,13.62208366394043,13.62208366394043,3.2836530208587646,0.0007877349853515625,197.0191650390625,817.324951171875,817.324951171875,60,624.648320954293,0.0,0673e9e5f80dc08f2bf5c62dc6d3cc719fc95e7e4a12672b16c90e9bfd592ce4,True
1151,24,3,225,original,4.394571304321289,36.74525451660156,36.74525451660156,4.394571304321289,0.0011882781982421875,263.67425537109375,2204.715087890625,2204.715087890625,60,616.96303403005,0.0,a5de63a5b49315d87acfd45fae3881c9ee13f9d457c42e6074f3833f1e060c73,True
1152,24,35,30,original,21.950664520263672,809.7285766601562,809.7285766601562,21.950664520263672,0.0277252197265625,1317.039794921875,48583.7109375,48583.7109375,60,611.7216479033232,0.0,f2b8db2996cd9587804ec251c2eb61d93b615d32d229cbc217c27a425e190f13,True
1153,24,35,45,original,20.570077896118164,577.0130004882812,577.0130004882812,20.570077896118164,0.020172119140625,1234.20458984375,34620.77734375,34620.77734375,60,609.5443652011454,0.0,41c55f929c59d14b45940b6d27b964485f5f7e39a39d2362ecbe4d8364d94469,True
1154,24,35,60,original,5.071118354797363,39.88451385498047,39.88451385498047,5.071118354797363,0.0016164779663085938,304.26708984375,2393.07080078125,2393.07080078125,60,626.510476693511,0.0,3767e0b097e58b5bcaa705fb249ea8679205ce3c196ec871c26e526e4d94cf5f,True
1155,24,35,75,original,2.059535503387451,5.31123685836792,5.31123685836792,2.059535503387451,0.000278472900390625,123.57212829589844,318.6741943359375,318.6741943359375,60,627.9966938309371,0.0,7a9b59867e06a355a6f3f7821d84b46961d64271bf0f5271aa91adaaa8c4d3ef,True
1156,24,35,90,original,1.7681312561035156,4.405198097229004,4.405198097229004,1.7681312561035156,0.00023889541625976562,106.0878677368164,264.3118591308594,264.3118591308594,60,635.0209671072662,0.0,4e051e55d036f78367845fdcc72b26332a8fa0de1ff067067b3e7f7b97e24b8f,True
1157,24,35,105,original,2.0169148445129395,5.3379316329956055,5.3379316329956055,2.0169148445129395,0.0002505779266357422,121.01487731933594,320.27587890625,320.27587890625,60,697.6938550360501,0.0,25d0c173cc127e1db5e5447f3bdc5e9dfb3531915b4ed1d8493d1d3994885914,True
1158,24,35,120,original,7.749579906463623,128.32484436035156,128.32484436035156,7.749579906463623,0.005222320556640625,464.9747619628906,7699.490234375,7699.490234375,60,745.2756748534739,0.0,5efd50c538a47f7ba4a3c3112869933f97f07148a27aa6a2def0b81a4775e977,True
1159,24,35,135,original,7.61476469039917,79.75502014160156,79.75502014160156,7.61476469039917,0.0050811767578125,456.8858642578125,4785.30078125,4785.30078125,60,620.6089449115098,0.0,80a33342091ff02855bc1e7f708c9e7b6115c3cf29f97cfcb077e9f3bcff9f1c,True
1160,24,35,150,original,3.6014015674591064,19.44748306274414,19.44748306274414,3.6014015674591064,0.0012559890747070312,216.08407592773438,1166.848876953125,1166.848876953125,60,624.4788230396807,0.0,7275e667c84c593008a1db81fd46b41975cdc653d48b12eb849de99e8f493de5,True
1161,24,35,165,original,2.9080007076263428,14.697315216064453,14.697315216064453,2.9080007076263428,0.0004925727844238281,174.4800262451172,881.8388671875,881.8388671875,60,616.8247763998806,0.0,94099cedf7cedc02b58fb3ec0bf6994ad9c73f13db019288a6e6b2aa13359bbd,True
1162,24,35,180,original,3.2533342838287354,16.514604568481445,16.514604568481445,3.2533342838287354,0.0005588531494140625,195.20004272460938,990.876220703125,990.876220703125,60,613.7987999245524,0.0,97543d9381d258160a0c9904ffe3cf6f2b0574a84e77aaf4f8eaf0158e8d098f,True
1163,24,35,195,original,6.648720741271973,114.31188201904297,114.31188201904297,6.648720741271973,0.004978179931640625,398.9232177734375,6858.71240234375,6858.71240234375,60,613.7880813330412,0.0,b3b4bb1cefd829bc3f0752e4e32083c2ad782889d3b29241a2de43a7223c6a88,True
1164,24,35,210,original,13.248421669006348,292.0326232910156,292.0326232910156,13.248421669006348,0.01064300537109375,794.9052734375,17521.95703125,17521.95703125,60,614.6689630113542,0.0,48bb32f299342a03376b05eee91bba82b014a0c6d3422ac5e02a77baeb8f2bd4,True
1165,24,35,225,original,17.999492645263672,384.01922607421875,384.01922607421875,17.999492645263672,0.0162506103515625,1079.969482421875,23041.15234375,23041.15234375,60,614.1002275981009,0.0,79d6d06b2534408fc8b4f7a6fc9e5a0b402323e92ddded4e6eeeb8827d3d3b9c,True
1166,24,48,30,original,29.13687515258789,1505.6707763671875,1505.6707763671875,29.13687515258789,0.054779052734375,1748.21240234375,90340.2421875,90340.2421875,60,613.8755897991359,0.0,eaa70d767a5c81b16905ea48375ef09aae4ecdc0b32671f4c6e1c54ae3b9f51f,True
1167,24,48,45,original,33.112022399902344,2235.260009765625,2235.260009765625,33.112022399902344,0.08648681640625,1986.72119140625,134115.59375,134115.59375,60,614.349746145308,0.0,bb320cc36710579cf46d6df4ceec1eea92fa8b763036fed0361e376ee7fc5c4b,True
1168,24,48,60,original,16.38498878479004,509.58087158203125,509.58087158203125,16.38498878479004,0.0160369873046875,983.0992431640625,30574.8515625,30574.8515625,60,614.2007373273373,0.0,b9face01e0d1f2e9fedbe4e50b770e6644f17c5ad39b8cab42a94c875ce7a5df,True
1169,24,48,75,original,14.854129791259766,469.401123046875,469.401123046875,14.854129791259766,0.01523590087890625,891.2477416992188,28164.06640625,28164.06640625,60,614.50209422037,0.0,08bae1cf15246d1a724a8c263fcee788eca1bcdaf0811e4407bdc4fa38010140,True
1170,24,48,90,original,4.970029830932617,37.48093795776367,37.48093795776367,4.970029830932617,0.0017099380493164062,298.2017822265625,2248.856201171875,2248.856201171875,60,614.8945111781359,0.0,fc3c72c2983cb43fe04e506481ccdfebaf9195816e2ab02c809d14ea9e94ac60,True
1171,24,48,105,original,4.864448070526123,63.201148986816406,63.201148986816406,4.864448070526123,0.0021877288818359375,291.86688232421875,3792.06884765625,3792.06884765625,60,613.951918669045,0.0,5697ebfcbcbef067e61430649d1241fb8b79383174ee61dd04413d62020271e6,True
1172,24,48,120,original,19.261226654052734,612.237548828125,612.237548828125,19.261226654052734,0.0235137939453125,1155.673583984375,36734.25,36734.25,60,629.6880501322448,0.0,8186ec9e2992e0828960dfe9ba8033abb17856fd3695acdddb71c935c92c8a56,True
1173,24,48,135,original,13.468124389648438,230.63467407226562,230.63467407226562,13.468124389648438,0.00876617431640625,808.08740234375,13838.080078125,13838.080078125,60,613.3271637372673,0.0,448781cf3140e1e1816c55e51f2f6acfd393c838bc9da0e3c25d7c60d264d3d8,True
1174,24,48,150,original,5.537372589111328,42.13137435913086,42.13137435913086,5.537372589111328,0.001827239990234375,332.2423400878906,2527.88232421875,2527.88232421875,60,612.690020352602,0.0,bacfbb331ad9af7b7729eb8ee6ccbb4be2dacd29ba59b35a18a112a387cd1829,True
1175,24,48,165,original,3.2775309085845947,17.192798614501953,17.192798614501953,3.2775309085845947,0.0007376670837402344,196.65184020996094,1031.56787109375,1031.56787109375,60,612.5960289500654,0.0,eae0452b390d4aec8871abcdb886275d881f2a5e5d94900e8d7dadf99657d280,True
1176,24,48,180,original,2.1541144847869873,11.559261322021484,11.559261322021484,2.1541144847869873,0.0004074573516845703,129.24685668945312,693.5556640625,693.5556640625,60,611.1408709548414,0.0,d3fa780f7e070dbb4266a354075f6c07f0e4478b0e7b1b7b5d71f3a0f2a3bbbf,True
1177,24,48,195,original,9.960240364074707,287.9364318847656,287.9364318847656,9.960240364074707,0.00890350341796875,597.6143798828125,17276.185546875,17276.185546875,60,607.745838817209,0.0,50e58f9dbe324f4da5870a57e146a50ab4253f799a2167191aebb72448adb5fd,True
1178,24,48,210,original,4.542985439300537,37.62138748168945,37.62138748168945,4.542985439300537,0.001239776611328125,272.5791015625,2257.283203125,2257.283203125,60,608.8807713240385,0.0,676c35ed7b1ceeaf92bca6dfb98e15b2832e6965cdc38cfd3391c52f87932737,True
1179,24,48,225,original,4.5623779296875,44.7058219909668,44.7058219909668,4.5623779296875,0.0015201568603515625,273.74267578125,2682.34912109375,2682.34912109375,60,608.8392902165651,0.0,6b93cbf7a57078b6ecd806ebdc8af2e3a33f1677e4deb32ce962d54c435375b2,True
1180,24,22,30,original,8.286201477050781,122.04679107666016,122.04679107666016,8.286201477050781,0.0038585662841796875,497.17205810546875,7322.80712890625,7322.80712890625,60,610.2946088649333,0.0,d62c1aaa221389537849d5a3ed82b80ca9cdd91d58377800c630b06cbf1042b5,True
1181,24,22,45,original,7.341297149658203,132.81112670898438,132.81112670898438,7.341297149658203,0.0041351318359375,440.4778137207031,7968.66748046875,7968.66748046875,60,610.4889367707074,0.0,42685e5444b9e95894d6764e34ee88fb283c44783b86e688868eaf2ddeb1e582,True
1182,24,22,60,original,5.345954895019531,44.638450622558594,44.638450622558594,5.345954895019531,0.0014781951904296875,320.75726318359375,2678.306884765625,2678.306884765625,60,611.911715939641,0.0,ede5f03ce5d9ec74be64bb4e4459a257eb28bfd156653a834b2bfc827abe2bc7,True
1183,24,22,75,original,6.777554035186768,109.15006256103516,109.15006256103516,6.777554035186768,0.003437042236328125,406.6532287597656,6549.00341796875,6549.00341796875,60,613.8144596479833,0.0,13681b2bcc1d8808b03d5a9cd6e70793d47ce22f2457cf87714231ebda14b7c5,True
1184,24,22,90,original,2.325230836868286,8.591439247131348,8.591439247131348,2.325230836868286,0.0003459453582763672,139.5138397216797,515.486328125,515.486328125,60,613.4860320016742,0.0,1b424c4e64c2e34bb7b2ae5dcb52bab5624573e09002a87d260c14da7da299cf,True
1185,24,22,105,original,1.8694912195205688,6.045819282531738,6.045819282531738,1.8694912195205688,0.0002949237823486328,112.16946411132812,362.7491455078125,362.7491455078125,60,613.3940643630922,0.0,ad2e27e4235b3438526c158e4cdde014ee4ef10b0db9203c60270fcbc3eb4b62,True
1186,24,22,120,original,1.7860206365585327,5.539870262145996,5.539870262145996,1.7860206365585327,0.0002694129943847656,107.1612319946289,332.3922119140625,332.3922119140625,60,613.5196322575212,0.0,220b6dded809ade8b87bd466778c12d8fb45478c2ca04e00c32a3317f11adf6d,True
1187,24,22,135,original,1.7596131563186646,4.9693169593811035,4.9693169593811035,1.7596131563186646,0.00019669532775878906,105.5767822265625,298.15899658203125,298.15899658203125,60,613.8200997374952,0.0,c352427b2bcd998d89eabc5bd70f766cd0ddf7d3172b28eb916c9bb67c7a9531,True
1188,24,22,150,original,1.7322595119476318,5.945015907287598,5.945015907287598,1.7322595119476318,0.00019073486328125,103.93556213378906,356.700927734375,356.700927734375,60,613.9090890064836,0.0,e934cdcbfd9ccf60108c7c7b719d2d842b064c9f69539291c4535c7533507944,True
1189,24,22,165,original,1.9703197479248047,5.162464618682861,5.162464618682861,1.9703197479248047,0.00023877620697021484,118.21917724609375,309.74786376953125,309.74786376953125,60,612.9327067174017,0.0,f3354865f50ffad76c801863a69e0bd83ec2745f5de2dd4456b430ad0b0916e4,True
1190,24,22,180,original,3.9906234741210938,105.98413848876953,105.98413848876953,3.9906234741210938,0.003322601318359375,239.43739318847656,6359.0478515625,6359.0478515625,60,613.0171557888389,0.0,fb6ba59d514be1eedc52e50c93dccfb1a04daf36566ad4d08b351e64e4f638df,True
1191,24,22,195,original,12.523687362670898,384.5594482421875,384.5594482421875,12.523687362670898,0.0120849609375,751.4212036132812,23073.56640625,23073.56640625,60,612.8740971907973,0.0,256bfadfb775dbfd14720cc392a89b87aed62f69c0249dd7208bef50096e822b,True
1192,24,22,210,original,1.4542089700698853,5.525424480438232,5.525424480438232,1.4542089700698853,0.00018489360809326172,87.25253295898438,331.52545166015625,331.52545166015625,60,612.9212966188788,0.0,b6ed96bc1d5c40c95365fa9a49c6093748058da40afb06702bb107a0ca9afc95,True
1193,24,22,225,original,2.6268465518951416,19.563756942749023,19.563756942749023,2.6268465518951416,0.0006237030029296875,157.61077880859375,1173.8253173828125,1173.8253173828125,60,612.7968579530716,0.0,004ec8f7915a720335907714ef1d8a127801949a21a5ef6acab709de90d11d84,True
1194,24,55,30,original,8.114046096801758,133.889892578125,133.889892578125,8.114046096801758,0.004199981689453125,486.8427429199219,8033.3935546875,8033.3935546875,60,613.3486740291119,0.0,03a4db9514b7993bcc4655184e8f1ca69c49838b48dac4903904aa7e439441f6,True
1195,24,55,45,original,2.5909507274627686,9.272377014160156,9.272377014160156,2.5909507274627686,0.00032901763916015625,155.45703125,556.3425903320312,556.3425903320312,60,613.4630618616939,0.0,2b3188883a24c037fad5ac2b98a49e5223866d127e23105a9769b3fddff2c094,True
1196,24,55,60,original,7.195201873779297,237.63204956054688,237.63204956054688,7.195201873779297,0.00943756103515625,431.71209716796875,14257.921875,14257.921875,60,613.2080750539899,0.0,7b905edeaeed919c1fea4a41b3ae28bc0318536f5bb14a1c22ff11fcf010d05d,True
1197,24,55,75,original,22.97753143310547,878.7493286132812,878.7493286132812,22.97753143310547,0.0347900390625,1378.65185546875,52724.95703125,52724.95703125,60,613.2890740409493,0.0,2b6f212f6f6dae631351aa1bbed729984cee99a4672f6858e8d541f2f5cc11b9,True
1198,24,55,90,original,16.186433792114258,430.5230407714844,430.5230407714844,16.186433792114258,0.022186279296875,971.1859741210938,25831.380859375,25831.380859375,60,613.1491046398878,0.0,482e346bfe0dcdf05af0779aaaefc654d4fccd451c8056ba7bf4e7f6c9638cfa,True
1199,24,55,105,original,12.728671073913574,305.38580322265625,305.38580322265625,12.728671073913574,0.00970458984375,763.72021484375,18323.146484375,18323.146484375,60,613.9420690014958,0.0,312a4d60276d951387d187761a8351937960ff3f0233db4b0a24475bee1edc5b,True
1200,24,55,120,original,1.6116807460784912,3.3273558616638184,3.3273558616638184,1.6116807460784912,0.0001659393310546875,96.70083618164062,199.64134216308594,199.64134216308594,60,612.9965162836015,0.0,8a331777be9bf6f511b7b0476b7dfcfd3d2f732926c3f03107b2c110ccb1fc8b,True
1201,24,55,135,original,1.299141764640808,3.6379599571228027,3.6379599571228027,1.299141764640808,0.00012177228927612305,77.94850158691406,218.277587890625,218.277587890625,60,612.7031687647104,0.0,fbd0070a0c2c2c3d8a02e039cef0cdd01ed9eec049174219c06900465805ae55,True
1202,24,55,150,original,1.6833349466323853,11.507829666137695,11.507829666137695,1.6833349466323853,0.0003788471221923828,101.00009155273438,690.4697265625,690.4697265625,60,612.9107773303986,0.0,544a1b5740a38fc6644c0f69c14ca66ce86fdd6b6c912cdfc55488a535b6a9d9,True
1203,24,55,165,original,14.85309886932373,622.1238403320312,622.1238403320312,14.85309886932373,0.019561767578125,891.1859130859375,37327.4296875,37327.4296875,60,612.2361118905246,0.0,df5da6a10c80b88ad26f3a7dd4b557c0c48575d72a09045746f71abb88199f32,True
1204,24,55,180,original,4.177668571472168,33.277992248535156,33.277992248535156,4.177668571472168,0.0011844635009765625,250.66009521484375,1996.6793212890625,1996.6793212890625,60,612.4662109650671,0.0,9e27348d5f6d180434c73c3d138da6bc7085daba3a2ef9db5593c487e1e33fdc,True
1205,24,55,195,original,8.5084867477417,280.0262756347656,280.0262756347656,8.5084867477417,0.01023101806640625,510.5091552734375,16801.576171875,16801.576171875,60,612.5581497326493,0.0,20b57e9d563e39bda575fd0d9ccc5c5d4dde5c5ead40134ff5813db2e0623e8c,True
1206,24,55,210,original,10.154233932495117,412.8595886230469,412.8595886230469,10.154233932495117,0.0155181884765625,609.2540283203125,24771.57421875,24771.57421875,60,612.6094590872526,0.0,9f9cc1d2bbb68240779f172ea295f866eb01bcb7ad9e0bf13268710e655844bc,True
1207,24,55,225,original,3.9820384979248047,28.057188034057617,28.057188034057617,3.9820384979248047,0.000926971435546875,238.92230224609375,1683.43115234375,1683.43115234375,60,612.2729619964957,0.0,bcd9c5be7a480612c45fdd1eb0818e7b4c3e3d32f4bf05901e8c20eafd2e9600,True
1208,24,4,30,original,23.927104949951172,3361.911865234375,1326.0806884765625,23.927104949951172,0.1087646484375,1435.626220703125,201714.703125,79564.8359375,60,615.0933089666069,0.0,1998e410761b298bf8f14068a3e8f69a8526f781ed72d75a74d273a9a70a1279,True
1209,24,4,45,original,13.413447380065918,370.95904541015625,370.95904541015625,13.413447380065918,0.0156402587890625,804.8068237304688,22257.541015625,22257.541015625,60,611.9317947886884,0.0,37b7508a34f5dd95f7f07efc95c093db11a37930940ae52bd4e9bcade5e771fc,True
1210,24,4,60,original,6.472195625305176,99.32349395751953,99.32349395751953,6.472195625305176,0.003231048583984375,388.33172607421875,5959.4091796875,5959.4091796875,60,616.6344662196934,0.0,9a1853ad5fbaac8e37836c40ceac8eeb2f3f6671b90128ad9fa79bc8dd9e8cb8,True
1211,24,4,75,original,5.321062088012695,49.4446907043457,49.4446907043457,5.321062088012695,0.001560211181640625,319.2637023925781,2966.681396484375,2966.681396484375,60,616.1365197040141,0.0,cbc62125f64c7cf1481cde27c36d24702922d2c8bf031c900f61b5bbb82ffce3,True
1212,24,4,90,original,3.7507011890411377,21.229753494262695,21.229753494262695,3.7507011890411377,0.0006585121154785156,225.04205322265625,1273.78515625,1273.78515625,60,631.8472307175398,0.0,f219941f295b6e597bcfca4a5ed99995d1e8709872d9329fdbf09c4d94a5cfe8,True
1213,24,4,105,original,1.2085109949111938,2.3981873989105225,2.3981873989105225,1.2085109949111938,0.0001010894775390625,72.51065826416016,143.8912353515625,143.8912353515625,60,615.565693937242,0.0,f64640eb29301af70cb576f6c9060c8f87b37a379c997a1fbb2d60a97d83f9ee,True
1214,24,4,120,original,0.8714398145675659,1.8570207357406616,1.8570207357406616,0.8714398145675659,6.479024887084961e-05,52.28638458251953,111.4212417602539,111.4212417602539,60,615.1417675428092,0.0,6303f5b7503f5b4fc29372fadb711fc002844b2fcb164c40dac9ec983f7dc9be,True
1215,24,4,135,original,0.8863056898117065,1.8656654357910156,1.8656654357910156,0.8863056898117065,6.252527236938477e-05,53.17833709716797,111.9399185180664,111.9399185180664,60,614.7931208834052,0.0,4d7729ef25a21a9f80a30282235cac01e5228dba6cda1d586aa94b0f9059e2e7,True
1216,24,4,150,original,1.0908958911895752,2.895897388458252,2.895897388458252,1.0908958911895752,0.00010037422180175781,65.45375061035156,173.7538299560547,173.7538299560547,60,613.9973467215896,0.0,eca6af8509c4f0505261b24a3c27ff7f722f087d0d3e5d65dc5ec8a0fab83b5f,True
1217,24,4,165,original,3.4837939739227295,44.51795959472656,44.51795959472656,3.4837939739227295,0.0015630722045898438,209.0276336669922,2671.077392578125,2671.077392578125,60,613.5173509828746,0.0,341173ac5f6f3190018c4a380a9e25da53474516ca20b4128d638a2e76ce3316,True
1218,24,4,180,original,12.628233909606934,277.4521484375,277.4521484375,12.628233909606934,0.0095977783203125,757.6939697265625,16647.12890625,16647.12890625,60,613.4297428652644,0.0,efaebfd18d562785db3ba76c874fc73840e05469a92e128d1d0a9d7ffbfb4c6f,True
1219,24,4,195,original,4.615199089050293,34.609596252441406,34.609596252441406,4.615199089050293,0.0013599395751953125,276.91192626953125,2076.57568359375,2076.57568359375,60,613.4001519531012,0.0,417ef4aa75ac46bf6726a60624a3dd551e519fa60501aca6b7f638a415c59121,True
1220,24,4,210,original,3.73279070854187,29.767459869384766,29.767459869384766,3.73279070854187,0.0010194778442382812,223.96743774414062,1786.0474853515625,1786.0474853515625,60,613.7649500742555,0.0,87e6508c159d539cbf2a2d10e1214fe6bd49f659d918b79e9549cf534bd88938,True
1221,24,4,225,original,3.8998453617095947,31.719316482543945,31.719316482543945,3.8998453617095947,0.001087188720703125,233.99070739746094,1903.158935546875,1903.158935546875,60,613.9340880326927,0.0,2d0573c48a7d4c5db1901a63ce0fbc5c3544b7bd78f8db12fbbf16b1770842e3,True
1222,24,45,30,original,8.361682891845703,132.1970672607422,132.1970672607422,8.361682891845703,0.0041046142578125,501.700927734375,7931.8232421875,7931.8232421875,60,612.5880591571331,0.0,ef53cb72e4094f45abf498ea205721857e254406382a90d42947d3039509c15b,True
1223,24,45,45,original,7.510606288909912,97.5748291015625,97.5748291015625,7.510606288909912,0.0030727386474609375,450.6363525390625,5854.4892578125,5854.4892578125,60,612.9739149473608,0.0,05d68a0c50ae50ffeba94e47be512c4dac444922966aa65fcbe75710efef6879,True
1224,24,45,60,original,2.4852051734924316,9.311578750610352,9.311578750610352,2.4852051734924316,0.0003037452697753906,149.1123046875,558.6947021484375,558.6947021484375,60,615.7013429328799,0.0,ab1f643f5eee68e8816e21229c050490f074d51bcc4854a35ed03fbdc1337a33,True
1225,24,45,75,original,2.2662124633789062,6.7919087409973145,6.7919087409973145,2.2662124633789062,0.0002722740173339844,135.97274780273438,407.5144958496094,407.5144958496094,60,612.3980712145567,0.0,43c2a316c35faae838d923439030e1d987d85456a916aa84be34cd4bc0067509,True
1226,24,45,90,original,1.8822946548461914,5.107191562652588,5.107191562652588,1.8822946548461914,0.0002117156982421875,112.93767547607422,306.4314880371094,306.4314880371094,60,612.7552278339863,0.0,710a080d5d660d356249eefc306955b3a18043f5bcf4158943fe9107df56abd0,True
1227,24,45,105,original,2.1719579696655273,6.428749084472656,6.428749084472656,2.1719579696655273,0.0002586841583251953,130.31747436523438,385.72491455078125,385.72491455078125,60,612.6939780078828,0.0,3d24031b27900f274ef861bfed6a078ef1031461180d82fc124ffd1c82288116,True
1228,24,45,120,original,16.02688980102539,568.0919189453125,568.0919189453125,16.02688980102539,0.0308990478515625,961.61328125,34085.51171875,34085.51171875,60,612.67050774768,0.0,84785d49f071424cbd61c5371fb53c87823d4812f1030d3c43832ef58c6f6e18,True
1229,24,45,135,original,21.77611541748047,746.6578369140625,746.6578369140625,21.77611541748047,0.0301055908203125,1306.56689453125,44799.46875,44799.46875,60,612.7346181310713,0.0,f886da2f82b19433bc951ad5205b88e9daff64a3b3a18268d4f16f6ef789dbc8,True
1230,24,45,150,original,7.791160583496094,189.482421875,189.482421875,7.791160583496094,0.0083160400390625,467.4696044921875,11368.9443359375,11368.9443359375,60,613.679579924792,0.0,c7443978a61c23aef020f6e323233aff030b13904a67b9f311bc3b120bec7b03,True
1231,24,45,165,original,20.81794548034668,571.548583984375,571.548583984375,20.81794548034668,0.0265045166015625,1249.07666015625,34292.9140625,34292.9140625,60,613.8480077497661,0.0,7dc12c8a8cf7c1772349309c6f34c3d0d93f3ac16a287bbba8e5b8098d0f9174,True
1232,24,45,180,original,8.882000923156738,360.08782958984375,360.08782958984375,8.882000923156738,0.01122283935546875,532.9200439453125,21605.26953125,21605.26953125,60,614.4717941060662,0.0,8b9b419d2f889ceb77f1861f616418b1fe25260daeded0f1ee688f13a1eb34ea,True
1233,24,45,195,original,9.85564136505127,252.10719299316406,252.10719299316406,9.85564136505127,0.00787353515625,591.3384399414062,15126.4306640625,15126.4306640625,60,620.9021010436118,0.0,0850c15c8bfa1dd98d293d40120f6debf4ce775a1a89c8a8ba8a58d37a5d0942,True
1234,24,45,210,original,3.5450425148010254,22.436073303222656,22.436073303222656,3.5450425148010254,0.0007300376892089844,212.70254516601562,1346.164306640625,1346.164306640625,60,618.2963121682405,0.0,fcf3d742162ca0605ec3a40cafba4b587a3d5004f40947a71a0e0782397b75d4,True
1235,24,45,225,original,3.42494535446167,18.86756706237793,18.86756706237793,3.42494535446167,0.0006132125854492188,205.4967041015625,1132.053955078125,1132.053955078125,60,615.8769512549043,0.0,b7dff6fe62e2b2a2212adfd8c42a37c4b1365fc3fc69dc7c0985a882eb1475d5,True
1236,24,60,30,original,9.303864479064941,220.85614013671875,220.85614013671875,9.303864479064941,0.0070953369140625,558.2318115234375,13251.3681640625,13251.3681640625,60,616.5209757164121,0.0,ed15b441cb9b82993bf557f511a8d389939aa41baf3487f758fb3686df10052d,True
1237,24,60,45,original,14.09931468963623,479.4858703613281,479.4858703613281,14.09931468963623,0.01507568359375,845.9588623046875,28769.150390625,28769.150390625,60,616.5929459966719,0.0,3d4880d251e0aed7070530666111e61ed7b97fa7b470cc4cd6b38e7736a573ff,True
1238,24,60,60,original,6.209064960479736,92.74671173095703,92.74671173095703,6.209064960479736,0.003635406494140625,372.54388427734375,5564.80224609375,5564.80224609375,60,613.6364601552486,0.0,a40bf82cd2a564f437ed02fec553955bb669ac04e55ff1748fe2f27d64820df7,True
1239,24,60,75,original,16.505859375,692.0552368164062,692.0552368164062,16.505859375,0.0227813720703125,990.3515014648438,41523.3125,41523.3125,60,614.0438970178366,0.0,c9b0eaf8b50689828775d5fba7b7d00552ae9933bfdab7c4085c38e0c1facd6d,True
1240,24,60,90,original,8.173406600952148,258.942138671875,258.942138671875,8.173406600952148,0.0090789794921875,490.40435791015625,15536.5283203125,15536.5283203125,60,613.3658029139042,0.0,b34e9db909b496a31c7280da4c741798979bc951fd2972fb3dbe0cb7d1433bd2,True
1241,24,60,105,original,3.0854556560516357,14.75572681427002,14.75572681427002,3.0854556560516357,0.0005092620849609375,185.12733459472656,885.3435668945312,885.3435668945312,60,613.1292441859841,0.0,7a5f420f225b43b82ce774aaa267fe85d7e728f359ba774ea4247e1846e045cb,True
1242,24,60,120,original,3.815093755722046,32.858699798583984,32.858699798583984,3.815093755722046,0.00102996826171875,228.90560913085938,1971.52197265625,1971.52197265625,60,613.1044453941286,0.0,7037af1db4fc696a2b735f502b3fc45223b55b25ddcb57d76e8f9d10cd27ad91,True
1243,24,60,135,original,6.477228164672852,140.6905975341797,140.6905975341797,6.477228164672852,0.004589080810546875,388.6336669921875,8441.435546875,8441.435546875,60,613.5481502860785,0.0,a3b48d1000312d2c2f3edebb48629e24a7c409c98d1a482a59b5d8ce38b1e2b7,True
1244,24,60,150,original,10.342557907104492,226.11630249023438,226.11630249023438,10.342557907104492,0.007293701171875,620.553466796875,13566.9775390625,13566.9775390625,60,614.3434648402035,0.0,d1f945bd703e5161ee260e12084f6be2a1350eccfa5d8f6dab0580cfda2177cc,True
1245,24,60,165,original,3.4160549640655518,19.106979370117188,19.106979370117188,3.4160549640655518,0.0006074905395507812,204.96328735351562,1146.418701171875,1146.418701171875,60,613.4341722354293,0.0,76cd9dbeb243e99a2c0dce3623e34812be6f23f8f36439928e85e0874096b863,True
1246,24,60,180,original,6.7205681800842285,108.22798156738281,108.22798156738281,6.7205681800842285,0.00339508056640625,403.23406982421875,6493.6787109375,6493.6787109375,60,612.7297268249094,0.0,4fee24bab9d55d993892f4c8c8a833089d2e85d6093cf2cf9d1b2cc082305472,True
1247,24,60,195,original,4.896407127380371,43.97854232788086,43.97854232788086,4.896407127380371,0.001384735107421875,293.784423828125,2638.71240234375,2638.71240234375,60,613.6016300879419,0.0,abbfa1db97c6c462151949432e5268311bc17006f06bb117fe9bc79a7dceda9a,True
1248,24,60,210,original,3.8709521293640137,26.940963745117188,26.940963745117188,3.8709521293640137,0.0008707046508789062,232.25711059570312,1616.457763671875,1616.457763671875,60,613.4415306150913,0.0,e993f730ba103e40f6ca3a601e76d49115ca9fcaafed0545fff699e9d8f50c39,True
1249,24,60,225,original,3.840562105178833,27.641794204711914,27.641794204711914,3.840562105178833,0.0008740425109863281,230.4337158203125,1658.507568359375,1658.507568359375,60,614.4939828664064,0.0,5e68847839ebd5e735d8f36654ff3fb59a84f188d9c5e2a0a78bab3f53e8df8a,True
1250,24,26,30,original,16.47345733642578,513.2852172851562,513.2852172851562,16.47345733642578,0.0160980224609375,988.4073486328125,30797.111328125,30797.111328125,60,615.0009981356561,0.0,87daaf0382b00ac7827a850a0a69d10a28653a2e0ac8d5303810d90690b69bac,True
1251,24,26,45,original,3.0847339630126953,23.212465286254883,23.212465286254883,3.0847339630126953,0.0007767677307128906,185.0840301513672,1392.747802734375,1392.747802734375,60,613.2443631067872,0.0,479c83a3fc655b0ef9ebbcb0daa1a809cae5842e5552651b7a8a1a3358e1db1d,True
1252,24,26,60,original,20.63378143310547,779.2413330078125,779.2413330078125,20.63378143310547,0.0277557373046875,1238.02685546875,46754.4765625,46754.4765625,60,614.8043600842357,0.0,c9b3d85fb14eaf3952cceedb431708fe190e5c70a85f5afbff9fdd8799a38f46,True
1253,24,26,75,original,19.551803588867188,1558.5123291015625,1558.5123291015625,19.551803588867188,0.05035400390625,1173.108154296875,93510.734375,93510.734375,60,624.1625440306962,0.0,3054c854a154aa7bd35038d18a6b207e47413c560ec31b33b73e7f65ea57c9c7,True
1254,24,26,90,original,16.481914520263672,664.434814453125,664.434814453125,16.481914520263672,0.021820068359375,988.9148559570312,39866.0859375,39866.0859375,60,615.1729668490589,0.0,4d383d12416eda8aee6e64cbc4a3d7128a5fa979e28373277718641bfbb8e050,True
1255,24,26,105,original,14.4700288772583,462.6471252441406,462.6471252441406,14.4700288772583,0.01493072509765625,868.20166015625,27758.826171875,27758.826171875,60,614.6767120808363,0.0,ef23d786ffd321eb3d057dc1cf6d145fd4d93cae6d3153fac21a706cd89e47e5,True
1256,24,26,120,original,16.89099884033203,1062.5989990234375,1062.5989990234375,16.89099884033203,0.032928466796875,1013.4598388671875,63755.93359375,63755.93359375,60,614.352114032954,0.0,0bf9e170921115923a482ee0dcb538776f940d6f0be0cd1decf6e5163ce8b9b1,True
1257,24,26,135,original,34.367645263671875,3201.812255859375,3201.812255859375,34.367645263671875,0.0989990234375,2062.05859375,192108.71875,192108.71875,60,614.2845451831818,0.0,531619df4ec02a5d5a07d6131be8dca3a9e34fcff599ca4854e8875491ff3bd5,True
1258,24,26,150,original,10.762496948242188,332.33282470703125,332.33282470703125,10.762496948242188,0.01076507568359375,645.749755859375,19939.96875,19939.96875,60,614.9322190321982,0.0,0243d2f6b8b8c6cab72a8719398b1cbf5443924d57a66b4b7aa6e7a80db75f83,True
1259,24,26,165,original,10.847725868225098,189.20860290527344,189.20860290527344,10.847725868225098,0.006496429443359375,650.863525390625,11352.515625,11352.515625,60,619.397402741015,0.0,bff545f6387aff39ca017c22aa9f94acfee0cea865ddf76d2da848018f9e0b10,True
1260,24,26,180,original,4.420796871185303,39.315208435058594,39.315208435058594,4.420796871185303,0.0013790130615234375,265.247802734375,2358.912353515625,2358.912353515625,60,615.2097773738205,0.0,1764c3d5b5556b434da1347693281a7064b08449da92552d6e71e891682a193f,True
1261,24,26,195,original,4.1750335693359375,43.30168151855469,43.30168151855469,4.1750335693359375,0.0014677047729492188,250.50201416015625,2598.100830078125,2598.100830078125,60,614.6145910024643,0.0,4ce330606a21d44e5cdece6142844ab3319673d3f2f2a0aeb574948d00d4792f,True
1262,24,26,210,original,4.020479202270508,20.684341430664062,20.684341430664062,4.020479202270508,0.001293182373046875,241.22872924804688,1241.0604248046875,1241.0604248046875,60,614.88864896819,0.0,0276ddcb9db8b44defb84f56a14548e2fbe7550dcb6f1e89991203e2deb405f9,True
1263,24,26,225,original,9.196401596069336,353.1997375488281,353.1997375488281,9.196401596069336,0.01123809814453125,551.7840576171875,21191.982421875,21191.982421875,60,614.9067296646535,0.0,a9b27beb7e0368b7b4856755a168b242367d076dbd38c20a0caa07456ac150fa,True
1264,24,21,30,original,6.358331680297852,101.82388305664062,101.82388305664062,6.358331680297852,0.003429412841796875,381.4998779296875,6109.4326171875,6109.4326171875,60,628.4953183494508,0.0,5e14cec642d73b3ec55de0bd15d0d4149c654a9c722a03549da88c418442cb0e,True
1265,24,21,45,original,10.662713050842285,288.4450988769531,288.4450988769531,10.662713050842285,0.00934600830078125,639.7627563476562,17306.705078125,17306.705078125,60,615.548134315759,0.0,434be4ed6e39967dea2a18fc270137efec0439f77822524df042d2b263552cc3,True
1266,24,21,60,original,12.279156684875488,403.4945373535156,403.4945373535156,12.279156684875488,0.01251983642578125,736.7493896484375,24209.671875,24209.671875,60,615.5902841128409,0.0,3accf94fb74db8b7fe8971d7ca45723edfd65072d59b1e8b1c4d7e992f253dfd,True
1267,24,21,75,original,2.975191354751587,17.012351989746094,17.012351989746094,2.975191354751587,0.0006647109985351562,178.511474609375,1020.7410278320312,1020.7410278320312,60,614.6146217361093,0.0,8f7840ca6edd6057b7b7f7f6b638220331f3aca53a850c65f6a9acb596ee23bc,True
1268,24,21,90,original,3.14302921295166,21.970155715942383,21.970155715942383,3.14302921295166,0.00078582763671875,188.5817413330078,1318.209228515625,1318.209228515625,60,613.7005886994302,0.0,95afaaa2e37cc9872f8b3d5578bdd0054378db83fe89513e36b0fb177e93a650,True
1269,24,21,105,original,4.737696647644043,49.579410552978516,49.579410552978516,4.737696647644043,0.0015745162963867188,284.26177978515625,2974.764404296875,2974.764404296875,60,613.6161400936544,0.0,c7debc51e27385f79d3655ae0fc5452df2977b209ff04f77fcea102d2dae551f,True
1270,24,21,120,original,4.352593421936035,58.85768508911133,58.85768508911133,4.352593421936035,0.0018205642700195312,261.15557861328125,3531.4609375,3531.4609375,60,614.2247347161174,0.0,477394e2a96214db52a06a7e3ec1091bcf74019c774d518736753e1504825a1a,True
1271,24,21,135,original,3.0282604694366455,21.721193313598633,21.721193313598633,3.0282604694366455,0.0006914138793945312,181.69561767578125,1303.271484375,1303.271484375,60,614.0581360086799,0.0,fce69c4c674f6aa00e4dbacd5436df786385c32a52506d2cf730cfce2798e02b,True
1272,24,21,150,original,3.800318479537964,24.333703994750977,24.333703994750977,3.800318479537964,0.0008168220520019531,228.01910400390625,1460.022216796875,1460.022216796875,60,614.2324940301478,0.0,fefe8308168b7cf7725e6d419fbd6be44e3457147f3842860538a7dbc60ebc91,True
1273,24,21,165,original,3.120835304260254,41.88688278198242,41.88688278198242,3.120835304260254,0.0013322830200195312,187.25010681152344,2513.212890625,2513.212890625,60,616.595656145364,0.0,6637439c072f63346588be5073476d3acbd1186b54c004851e9e3a724483265b,True
1274,24,21,180,original,12.550775527954102,395.7121276855469,395.7121276855469,12.550775527954102,0.01247406005859375,753.0465087890625,23742.7265625,23742.7265625,60,616.2588680163026,0.0,fdba1730fe3f2d6f6f62d0613ed3dd4233c47d2775f85d4b96a62cf2d93c54fa,True
1275,24,21,195,original,5.056848526000977,43.28800582885742,43.28800582885742,5.056848526000977,0.00159454345703125,303.410888671875,2597.2802734375,2597.2802734375,60,614.7661209106445,0.0,f78f6535072435815bc21e9868d2ae9509f30ce8663a9b929be8074c198de583,True
1276,24,21,210,original,4.901916980743408,47.70808792114258,47.70808792114258,4.901916980743408,0.001735687255859375,294.114990234375,2862.485107421875,2862.485107421875,60,612.633986864239,0.0,8654b5907a00304121488b6820160b43719f70072592a79cf5139b77ad6df7d8,True
1277,24,21,225,original,2.7455337047576904,14.517021179199219,14.517021179199219,2.7455337047576904,0.0005612373352050781,164.7320098876953,871.021240234375,871.021240234375,60,611.3884970545769,0.0,0c48532a8dcdf02dd439f685e3154e958668b646c1cf834399ec47f1d3e68cc9,True
1278,24,44,30,original,12.964789390563965,401.5877685546875,401.5877685546875,12.964789390563965,0.01537322998046875,777.8873291015625,24095.265625,24095.265625,60,610.6318943202496,0.0,0c8eb11b338eccc0a0285e386368d70b4439c73475e9eb6b5583b028afc40a65,True
1279,24,44,45,original,19.819089889526367,568.466796875,568.466796875,19.819089889526367,0.0236053466796875,1189.1453857421875,34108.0078125,34108.0078125,60,613.39973192662,0.0,a1bd961c77eb8c0df1fea422cac5d853f3a8fbbc2b327c249500bbc831876dbe,True
1280,24,44,60,original,9.53205394744873,125.68888092041016,125.68888092041016,9.53205394744873,0.0046234130859375,571.9232177734375,7541.33251953125,7541.33251953125,60,613.3038620464504,0.0,55ba2d822276c560dfa60a10e3a60b6f69b51ade44a8377c70758e95d37d6271,True
1281,24,44,75,original,1.7535165548324585,6.254607677459717,6.254607677459717,1.7535165548324585,0.00020873546600341797,105.21099090576172,375.27642822265625,375.27642822265625,60,611.685136333108,0.0,342e95a01dbdc6566c0f6920166054e2a12f2702f67034f42f8cc8ad20e1e0e7,True
1282,24,44,90,original,3.3952550888061523,18.96776580810547,18.96776580810547,3.3952550888061523,0.0013647079467773438,203.71530151367188,1138.06591796875,1138.06591796875,60,613.0442037247121,0.0,9818f80e1b28ddc3126b4000491b76901140c6c87ec33a2e5f7e201754357a06,True
1283,24,44,105,original,3.3389644622802734,14.0493745803833,14.0493745803833,3.3389644622802734,0.0011138916015625,200.33786010742188,842.96240234375,842.96240234375,60,614.8155401460826,0.0,4f54676acf489bfb26bca57dd94ea436db597291c3dd529230a4fe4204fdd16d,True
1284,24,44,120,original,3.4212470054626465,14.394521713256836,14.394521713256836,3.4212470054626465,0.0008168220520019531,205.27481079101562,863.6712646484375,863.6712646484375,60,614.540102891624,0.0,849779d54e022f172d87d45c6cb1200a522f6f86fb5b277c47bb2e292c88c922,True
1285,24,44,135,original,4.762948036193848,35.72679901123047,35.72679901123047,4.762948036193848,0.0016689300537109375,285.77685546875,2143.60791015625,2143.60791015625,60,614.6822501905262,0.0,a415cce0b7c25de74f80e6552f41a9c0fbc2f7f85edcde753c9e4be4237bd13f,True
1286,24,44,150,original,7.1226301193237305,90.73455047607422,90.73455047607422,7.1226301193237305,0.0029239654541015625,427.3577880859375,5444.07275390625,5444.07275390625,60,616.91660201177,0.0,c778df11288820a30137a06b9d062b4b9057b36e2c4098993906786384d4cd3c,True
1287,24,44,165,original,2.1093313694000244,10.030316352844238,10.030316352844238,2.1093313694000244,0.00032401084899902344,126.55987548828125,601.8189697265625,601.8189697265625,60,612.9056452773511,0.0,8364b13abe06f397e0f5b8cc4f511fbfff7c33130fcbac023012300019e174aa,True
1288,24,44,180,original,5.535449504852295,83.54679870605469,83.54679870605469,5.535449504852295,0.0026531219482421875,332.126953125,5012.8076171875,5012.8076171875,60,614.2200250178576,0.0,4e6985588104c7dc7a32e4f017874335cefb26b58d274fe97ba018c69f9283e5,True
1289,24,44,195,original,6.261364936828613,84.73731994628906,84.73731994628906,6.261364936828613,0.0028324127197265625,375.681884765625,5084.23876953125,5084.23876953125,60,613.6345891281962,0.0,e102108d1d4528d72da3f9462b8126042688950619624dbc2cc5fc2b3ce64b91,True
1290,24,44,210,original,4.228972911834717,35.43468475341797,35.43468475341797,4.228972911834717,0.0013551712036132812,253.73837280273438,2126.0810546875,2126.0810546875,60,613.3102020248771,0.0,b09c909e417e87ee6213d19d4de84152d7f2cd800fb658896f12b85536dc5f4e,True
1291,24,44,225,original,3.9387741088867188,30.20559310913086,30.20559310913086,3.9387741088867188,0.0012340545654296875,236.32643127441406,1812.33544921875,1812.33544921875,60,613.4605603292584,0.0,385f65facf94e3fae87990d38daa8862ba107fc8c30beca6b06da8d94f7864c6,True
1292,24,23,30,original,12.407352447509766,238.03659057617188,238.03659057617188,12.407352447509766,0.00829315185546875,744.4411010742188,14282.1943359375,14282.1943359375,60,613.4835407137871,0.0,d342d88ba8a6cb292d35bf5585ceba0c90309854f896f82e7fe42537c48119f8,True
1293,24,23,45,original,9.813199996948242,173.80958557128906,173.80958557128906,9.813199996948242,0.00582122802734375,588.7919921875,10428.57421875,10428.57421875,60,613.3689810521901,0.0,7133e30c1e5f9c7354688b3a86b98da4e920af1af4058f6782f59af9cecfb3f1,True
1294,24,23,60,original,8.585959434509277,139.41368103027344,139.41368103027344,8.585959434509277,0.004390716552734375,515.1575317382812,8364.8203125,8364.8203125,60,613.0353547632694,0.0,26abb5aa01116d7d53e80c23da0b8e166bb796c71dc28d9e3648ea0301a3ac2f,True
1295,24,23,75,original,13.392171859741211,355.8563537597656,355.8563537597656,13.392171859741211,0.01416015625,803.5302734375,21351.380859375,21351.380859375,60,613.3151119574904,0.0,1997f89cfe8fed399d9f66dc5d759e9c40ee342d2194dfd0d85db016005e6a66,True
1296,24,23,90,original,22.46819305419922,1165.447021484375,1165.447021484375,22.46819305419922,0.039794921875,1348.091552734375,69926.8203125,69926.8203125,60,613.3859609253705,0.0,7e6c571f54f55e8a92a835d40d24109165d8a267d1ed9d94061fab2c05cc86fb,True
1297,24,23,105,original,41.82612228393555,4086.688232421875,4086.688232421875,41.82612228393555,0.133544921875,2509.567138671875,245201.28125,245201.28125,60,613.880658056587,0.0,6de731c730bff49d0bd9e552704e8dcec14f4b61c2b8e6cf8e20a336f2e79963,True
1298,24,23,120,original,17.08670425415039,452.463623046875,452.463623046875,17.08670425415039,0.017120361328125,1025.2021484375,27147.81640625,27147.81640625,60,613.9269368723035,0.0,e63fc50bcb8fb0b850a608d9252957653701a7d2631c67ca71a9327f0dea862b,True
1299,24,23,135,original,2.7038204669952393,9.056822776794434,9.056822776794434,2.7038204669952393,0.00045371055603027344,162.22921752929688,543.4093627929688,543.4093627929688,60,612.2041810303926,0.0,5cecb0c39cf1000c185f170e4f411292982e91bac7a9dbc33cae5e40fab86c4f,True
1300,24,23,150,original,2.304013729095459,13.695597648620605,13.695597648620605,2.304013729095459,0.0006036758422851562,138.24081420898438,821.73583984375,821.73583984375,60,612.2051910497248,0.0,b330028a1b40c9924ad27b88763c6d69210e245102432f94226eb4be5d34009c,True
1301,24,23,165,original,11.313817024230957,386.48779296875,386.48779296875,11.313817024230957,0.01261138916015625,678.8289794921875,23189.265625,23189.265625,60,612.8709851764143,0.0,483a966b15cd3b5f8079d11d61acf1fa554f1466b0f608f6d592d9e0ed112912,True
1302,24,23,180,original,5.395869731903076,61.43500518798828,61.43500518798828,5.395869731903076,0.0022640228271484375,323.7521667480469,3686.10009765625,3686.10009765625,60,613.881466910243,0.0,4676b7f63497a814dc64e69ba5b01c37b1ba2691bcd0350324ace678ba597508,True
1303,24,23,195,original,3.7090389728546143,16.90323257446289,16.90323257446289,3.7090389728546143,0.0010967254638671875,222.54232788085938,1014.19384765625,1014.19384765625,60,615.1439365930855,0.0,62ca3eded28e362c2701855daa68870a8fadc2488b259b3423cecdadf3fc9f9d,True
1304,24,23,210,original,2.666966438293457,16.102092742919922,16.102092742919922,2.666966438293457,0.0005898475646972656,160.01797485351562,966.1255493164062,966.1255493164062,60,614.8614990524948,0.0,ec1e350dc4ff3b21aa644ffe27afdd6efcfdd2cc502a14a3c4afca7dfdf68a3b,True
1305,24,23,225,original,2.768285036087036,18.021282196044922,18.021282196044922,2.768285036087036,0.0006365776062011719,166.0970916748047,1081.27685546875,1081.27685546875,60,613.6179491877556,0.0,73fc64c9472425bd9eda313d9d5e9bec26404e832513f27ce24c47b4bfd59420,True
1306,24,53,30,original,36.81082534790039,2499.2099609375,2499.2099609375,36.81082534790039,0.0802001953125,2208.6494140625,149952.59375,149952.59375,60,612.3965391889215,0.0,0479a69b9d006441a1ad49eb86eb69af5d7afeb406179c9a4e6fae9f48dbfbf9,True
1307,24,53,45,original,25.53520965576172,5479.01806640625,1473.884765625,25.53520965576172,0.170654296875,1532.112548828125,328741.0625,88433.078125,60,614.0212458558381,0.0,363c852505ada5a954940ea500d08fb5e3765dc49ffc62a3cb894f50e0cb1939,True
1308,24,53,60,original,32.72813034057617,1862.521728515625,1862.521728515625,32.72813034057617,0.059600830078125,1963.687744140625,111751.296875,111751.296875,60,614.1522452235222,0.0,56a5e2e92c417f219b5c115983fb5e2957c58cb72de0b652461aa45c81518627,True
1309,24,53,75,original,19.362892150878906,716.642333984375,716.642333984375,19.362892150878906,0.036468505859375,1161.7734375,42998.5390625,42998.5390625,60,613.6069288477302,0.0,c2c8066fb51cb29b6d2bc184a8d80c26f23a5adac46955249a1d934a3f873a46,True
1310,24,53,90,original,20.41014862060547,467.0240478515625,467.0240478515625,20.41014862060547,0.026611328125,1224.60888671875,28021.44140625,28021.44140625,60,613.633219152689,0.0,5341954f629f009fb21c23d2e0673113bd1639e8f55409dfe40dffaad7b4f121,True
1311,24,53,105,original,12.619828224182129,375.9043884277344,375.9043884277344,12.619828224182129,0.013763427734375,757.1896362304688,22554.26171875,22554.26171875,60,613.6423288844526,0.0,5d15964634d8bdb53fc4aac121d6c96771372e5263af756b939742a92bfdd527,True
1312,24,53,120,original,15.06844425201416,450.1330261230469,450.1330261230469,15.06844425201416,0.01873779296875,904.1066284179688,27007.98046875,27007.98046875,60,613.9173968695104,0.0,a1037f4547788e10d9d99c2c69c4c6fded63096089ebfebf94bc22dbba7df34a,True
1313,24,53,135,original,30.34295082092285,2449.63818359375,2449.63818359375,30.34295082092285,0.0897216796875,1820.576904296875,146978.28125,146978.28125,60,613.1472028791904,0.0,9220e5c8f42a147d69eaa5c47f603a2ca954fd5eed139c79fd37faa2fe2212a9,True
1314,24,53,150,original,35.91346740722656,2426.728759765625,2426.728759765625,35.91346740722656,0.08673095703125,2154.807861328125,145603.71875,145603.71875,60,614.2301242798567,0.0,96de22dc819a0fff5db1124d86c9ea6118be42c253b75d866916f5f92ad3fcd6,True
1315,24,53,165,original,12.402824401855469,452.9153747558594,452.9153747558594,12.402824401855469,0.0165557861328125,744.16943359375,27174.921875,27174.921875,60,614.0631353482604,0.0,2ec409ffefd701b53e66663a7b68ac89c6ed617eaa111c0c76573ca1cf1b1e05,True
1316,24,53,180,original,19.570959091186523,593.4824829101562,593.4824829101562,19.570959091186523,0.0263519287109375,1174.2574462890625,35608.9453125,35608.9453125,60,613.464729860425,0.0,8ac73efbcc2abd011094b1d8bd4f3d7f0c0b420c95c34427a522801c9ae9850c,True
1317,24,53,195,original,10.999146461486816,151.75375366210938,151.75375366210938,10.999146461486816,0.0109405517578125,659.94873046875,9105.224609375,9105.224609375,60,628.7960251793265,0.0,1242f26d186689ada3d1129aa7f43cfba49ed239910a0afe9b02129c2f88e561,True
1318,24,53,210,original,3.000718593597412,19.92864227294922,19.92864227294922,3.000718593597412,0.0006456375122070312,180.04310607910156,1195.718505859375,1195.718505859375,60,614.0023856423795,0.0,d0b59294f3fa6c9ae8218f0610b269b89b05928dbded0bb09747cd103e01c5f0,True
1319,24,53,225,original,3.739560127258301,32.26753234863281,32.26753234863281,3.739560127258301,0.0010480880737304688,224.37359619140625,1936.0517578125,1936.0517578125,60,613.4501402266324,0.0,bcc4b57b14a6bd17eb891ee0f8e18a769644a9f0c4dc9bf5723db97d31bfc0b5,True
1320,24,84,30,original,23.116928100585938,1039.001708984375,1039.001708984375,23.116928100585938,0.037261962890625,1387.015625,62340.09765625,62340.09765625,60,613.7456079013646,0.0,da5e629ea6093fc57e28f1457d376ff54a28a57b5005ce7b3757f9045ed94f31,True
1321,24,84,45,original,16.08312225341797,495.4952392578125,495.4952392578125,16.08312225341797,0.0192718505859375,964.9873046875,29729.712890625,29729.712890625,60,612.7432170324028,0.0,cec840d88ad56eb725fece5de906ee4110a1fdcc0825d33be327d48176f9d3b6,True
1322,24,84,60,original,21.471302032470703,642.8032836914062,642.8032836914062,21.471302032470703,0.0265045166015625,1288.278076171875,38568.1953125,38568.1953125,60,613.0821527913213,0.0,d5020c5ecf4d68485522d1e3bf66fad299ca60b1035ae83baf2886a5f0485f92,True
1323,24,84,75,original,2.726255416870117,10.608185768127441,10.608185768127441,2.726255416870117,0.0005307197570800781,163.5753173828125,636.4910888671875,636.4910888671875,60,613.5054402984679,0.0,0e8c61584bb39dba483df5f0da1869dab638619be86e18f9c98aae76e1a8c187,True
1324,24,84,90,original,6.57822847366333,121.3711166381836,121.3711166381836,6.57822847366333,0.004833221435546875,394.6936950683594,7282.2666015625,7282.2666015625,60,613.9127868227661,0.0,7ce78e793a28a67829ae7c8a1aa3c343d69bba26d3723a99f06d3389df9e1109,True
1325,24,84,105,original,11.349559783935547,221.2554168701172,221.2554168701172,11.349559783935547,0.0135955810546875,680.9735717773438,13275.32421875,13275.32421875,60,614.1635738313198,0.0,dbd6cdfaa58d56d8303e10b9c532a0fcb84ef7511a468ec08449e487b17f7558,True
1326,24,84,120,original,14.154341697692871,271.7813720703125,271.7813720703125,14.154341697692871,0.018341064453125,849.2604370117188,16306.880859375,16306.880859375,60,613.8970367610455,0.0,6184a4b8215b6480ac0c7f4e07dd42af98a9d809c2fcd955404e593391b556d8,True
1327,24,84,135,original,13.153197288513184,620.5464477539062,620.5464477539062,13.153197288513184,0.0195770263671875,789.1917724609375,37232.78515625,37232.78515625,60,614.7378901951015,0.0,b3e17bfd8deefd57b69230925c583d4036db5a735ef0ae9ebe47fa67335a5adf,True
1328,24,84,150,original,20.617944717407227,1083.1583251953125,1083.1583251953125,20.617944717407227,0.03350830078125,1237.07666015625,64989.49609375,64989.49609375,60,615.0127467699349,0.0,81793c20bad650f9d76e84d32d156536a037607dfb84684cc193392213775a3b,True
1329,24,84,165,original,5.539000511169434,49.12667465209961,49.12667465209961,5.539000511169434,0.0017547607421875,332.34002685546875,2947.600341796875,2947.600341796875,60,614.439012017101,0.0,784a76058e009d62d430b94d4e45e8df945ea0ee1725f89513e623f425d5c1a4,True
1330,24,84,180,original,4.2486186027526855,24.028810501098633,24.028810501098633,4.2486186027526855,0.000858306884765625,254.9171142578125,1441.728515625,1441.728515625,60,614.4939013756812,0.0,8630eb85ed0a94dc3e8c568867a5f3ef9fef05314e278720f8f98358af605b53,True
1331,24,84,195,original,12.113826751708984,492.8017883300781,492.8017883300781,12.113826751708984,0.017608642578125,726.82958984375,29568.10546875,29568.10546875,60,613.7362779118121,0.0,176689b4dc254d05684f37e6d7e515e11ec3e7e78d0bb1ac0f4e9246faa3ca7d,True
1332,24,84,210,original,11.765603065490723,190.23025512695312,190.23025512695312,11.765603065490723,0.007965087890625,705.9361572265625,11413.814453125,11413.814453125,60,618.7857473269105,0.0,dc47dcbf553768467bb0d0fb0b860e1e088fa38ee8e0d16209265bfe1c1f70a0,True
1333,24,84,225,original,6.735027313232422,84.2899398803711,84.2899398803711,6.735027313232422,0.006988525390625,404.10162353515625,5057.39599609375,5057.39599609375,60,614.2612239345908,0.0,d4563ce14a8c0e4e088b5b6265427201bfc06bff0fceb531590c163aa3fb3ce0,True
1334,24,59,30,original,21.059160232543945,860.9749755859375,860.9749755859375,21.059160232543945,0.031890869140625,1263.549560546875,51658.49609375,51658.49609375,60,614.7015700116754,0.0,c6fa63a7405edc82f4e956015d0d67645af6db0c8ca6489acf2c27bbe9929965,True
1335,24,59,45,original,25.833541870117188,1093.566650390625,1093.566650390625,25.833541870117188,0.03948974609375,1550.012451171875,65613.9921875,65613.9921875,60,614.0109449625015,0.0,d902b7630e8c5f958be594c2859f39d75d5b5532136c97969f43fd7ff45c7251,True
1336,24,59,60,original,8.582990646362305,101.95316314697266,101.95316314697266,8.582990646362305,0.0038967132568359375,514.9794311523438,6117.189453125,6117.189453125,60,613.6272880248725,0.0,36632cfeeeb67e3454d6032844078680959ee974e4757e04e9e8fc7e09231053,True
1337,24,59,75,original,5.615067005157471,116.93943786621094,116.93943786621094,5.615067005157471,0.003963470458984375,336.90399169921875,7016.36572265625,7016.36572265625,60,614.279352594167,0.0,89240ac61815737d757b7aafda075f90f7eccfb7be6af3b32039662ae7c0fb3b,True
1338,24,59,90,original,8.140115737915039,136.2788543701172,136.2788543701172,8.140115737915039,0.00489044189453125,488.40692138671875,8176.73046875,8176.73046875,60,615.3824138455093,0.0,b8a38df3d4132d92b8deb827ed0062c7d50499aab18751e7ea28743ea200ba53,True
1339,24,59,105,original,10.411630630493164,205.777099609375,205.777099609375,10.411630630493164,0.00841522216796875,624.6978149414062,12346.625,12346.625,60,614.621760789305,0.0,a8c63f852a03ff2c851579ee7d28e57d5b88a39cf5b7191ccb72f288cca02fe5,True
1340,24,59,120,original,5.709130764007568,87.4023666381836,87.4023666381836,5.709130764007568,0.0027599334716796875,342.5478210449219,5244.1416015625,5244.1416015625,60,614.0479748137295,0.0,be2a83ba1860820736c7330c46f52fdba69ab95f2663d0fc098cd82abc52f9a7,True
1341,24,59,135,original,3.365699529647827,31.332597732543945,31.332597732543945,3.365699529647827,0.0009965896606445312,201.94195556640625,1879.955810546875,1879.955810546875,60,614.3016726709902,0.0,20ddac2443c04b0035f7668c6cfc29ff5305c417fc82ca8309bd9c3f32c06f25,True
1342,24,59,150,original,4.747669696807861,52.61314392089844,52.61314392089844,4.747669696807861,0.0016641616821289062,284.86016845703125,3156.78857421875,3156.78857421875,60,614.6141700446606,0.0,44e25bcd2839f1eb4b6fa38923f12e92cab652282b44cdd5b97b7800d80d5397,True
1343,24,59,165,original,2.8547840118408203,21.961347579956055,21.961347579956055,2.8547840118408203,0.0008111000061035156,171.2870330810547,1317.6807861328125,1317.6807861328125,60,614.8818279616535,0.0,64a63898f3cdd29928ad89a60335cef4d41f60a4918aaa27613a645a03c2650c,True
1344,24,59,180,original,6.8512067794799805,133.20834350585938,133.20834350585938,6.8512067794799805,0.004291534423828125,411.0723876953125,7992.50048828125,7992.50048828125,60,614.9586578831077,0.0,095e46eefbd9d06f8d4fa37b7390e67015a2303dbb304c04c6e5f40fe60fbdd9,True
1345,24,59,195,original,10.343155860900879,234.13584899902344,234.13584899902344,10.343155860900879,0.007328033447265625,620.5892944335938,14048.150390625,14048.150390625,60,614.486841019243,0.0,e45ac6d7b391b82172fde9cf50954a7ee050aff858288265463041b79e155790,True
1346,24,59,210,original,4.36907958984375,26.7143611907959,26.7143611907959,4.36907958984375,0.0015888214111328125,262.144775390625,1602.861572265625,1602.861572265625,60,615.54713267833,0.0,16c1ec1bd926a2e711617d80f0e0aa4edb3a1dabad441e52defb002dc3aa8d69,True
1347,24,59,225,original,4.304779052734375,27.239105224609375,27.239105224609375,4.304779052734375,0.001316070556640625,258.2867431640625,1634.34619140625,1634.34619140625,60,614.8241693153977,0.0,05db674cacb3eb7d8a577c217eaaa2ef7531803eef263c7afbdbcae3f199851e,True
1348,24,49,30,original,31.2257080078125,5237.55126953125,2011.1990966796875,31.2257080078125,0.1727294921875,1873.5423583984375,314253.0625,120671.9375,60,615.0868567638099,0.0,fbc37918a5aec2e86ad0b34af52f3cb49879824a77246f669b4b64629a6f08a7,True
1349,24,49,45,original,24.026229858398438,1097.6240234375,1097.6240234375,24.026229858398438,0.0458984375,1441.57373046875,65857.4375,65857.4375,60,615.2011249214411,0.0,7f1e59697b9c4aae43d3cc4ea18b1bb61aefeb037e4db7e011d2503aba60fba0,True
1350,24,49,60,original,25.69556999206543,1522.6341552734375,1522.6341552734375,25.69556999206543,0.050537109375,1541.734130859375,91358.046875,91358.046875,60,616.11532792449,0.0,ba53b0b2c0e7a80a5143f65978b6377d6aba43841d8c920d231d40febb70e149,True
1351,24,49,75,original,18.29861831665039,742.8943481445312,742.8943481445312,18.29861831665039,0.023468017578125,1097.9169921875,44573.66015625,44573.66015625,60,615.078377071768,0.0,559fa0230b4cc587e3f217c62667077f92556b132636a87a2cd65494f95752d3,True
1352,24,49,90,original,22.844409942626953,866.9866333007812,866.9866333007812,22.844409942626953,0.02783203125,1370.66455078125,52019.1953125,52019.1953125,60,615.9962392412126,0.0,bb2f5def287d69153c16d0916dd9a3eddfca1f2cc685d47c5ee9562db5853060,True
1353,24,49,105,original,6.687559127807617,101.18653106689453,101.18653106689453,6.687559127807617,0.005771636962890625,401.2535400390625,6071.19140625,6071.19140625,60,616.3563160225749,0.0,fb2b17732aece965de45868d5d7851b20b889173c1cb8f7d3848ebd32219558e,True
1354,24,49,120,original,5.202805042266846,67.29232788085938,67.29232788085938,5.202805042266846,0.0021228790283203125,312.16827392578125,4037.53955078125,4037.53955078125,60,615.5231217853725,0.0,82f018eeed05054002e14285ee2d4ce7bd41fb53b7664436879ad80edd5ba092,True
1355,24,49,135,original,3.1658284664154053,16.354745864868164,16.354745864868164,3.1658284664154053,0.0006003379821777344,189.94969177246094,981.28466796875,981.28466796875,60,615.3642740100622,0.0,9ffc9fd8792535d737f921fd46fdce6b90f213fe3b647cfb13265d0bf83720c9,True
1356,24,49,150,original,5.695145130157471,42.802433013916016,42.802433013916016,5.695145130157471,0.0015859603881835938,341.70867919921875,2568.145751953125,2568.145751953125,60,614.2517528496683,0.0,2a7d8d2e2cb862e577efcdd4d4d10133e7df8b2527508ed77780370211f8c8cd,True
1357,24,49,165,original,4.8239240646362305,55.92053985595703,55.92053985595703,4.8239240646362305,0.0018701553344726562,289.4354248046875,3355.232177734375,3355.232177734375,60,610.5785430409014,0.0,ce48896d34ba26694083159209790a2bb0f1db8ee544840dd873689a5ff2bf31,True
1358,24,49,180,original,13.78769588470459,387.7883605957031,387.7883605957031,13.78769588470459,0.01259613037109375,827.26171875,23267.30078125,23267.30078125,60,615.4894530773163,0.0,8eb8de929b0a75090c350e1343f27c91fb763926fd1e148c06b19a1bacc547a1,True
1359,24,49,195,original,9.357852935791016,193.01654052734375,193.01654052734375,9.357852935791016,0.0063629150390625,561.4711303710938,11580.9921875,11580.9921875,60,633.2634468562901,0.0,29250b5cd63d1904e50941a7338991191dd01a7840d3c8ed53849049db1515c2,True
1360,24,49,210,original,7.788954257965088,91.03886413574219,91.03886413574219,7.788954257965088,0.00489044189453125,467.33721923828125,5462.33154296875,5462.33154296875,60,614.9228778667748,0.0,573d10784745edb6d52eb3fa44302a4f482f7b418a0175e1f21635e9a6942dd0,True
1361,24,49,225,original,5.642399787902832,45.085453033447266,45.085453033447266,5.642399787902832,0.0022430419921875,338.5439758300781,2705.126953125,2705.126953125,60,615.6524121761322,0.0,64363c4c3658d8bf93c7d403748a0acd0b3efdce44f1dc33d3ed8adb851f9c09,True
1362,24,7,30,original,22.8308162689209,725.7589111328125,725.7589111328125,22.8308162689209,0.0305023193359375,1369.848876953125,43545.53125,43545.53125,60,614.9972667917609,0.0,ed606f3c4bc0f4e09923b1c3262b8febe9f51e06ac8d3a6dcde093f4a96434e9,True
1363,24,7,45,original,18.177820205688477,635.996826171875,635.996826171875,18.177820205688477,0.0206451416015625,1090.669189453125,38159.80859375,38159.80859375,60,615.1787261478603,0.0,8b3681f9ee4f254440673de4ea89cfdd7c00e6c48a0b370f849a242e962594f2,True
1364,24,7,60,original,19.777612686157227,1029.1949462890625,1029.1949462890625,19.777612686157227,0.035247802734375,1186.65673828125,61751.69140625,61751.69140625,60,618.5463978908956,0.0,0a2e1d8ec5fdd8c01ecea98d1aae5626ad52b0d860fe55d316b85543f0dd5da5,True
1365,24,7,75,original,30.832481384277344,2246.694580078125,2246.694580078125,30.832481384277344,0.0762939453125,1849.94873046875,134801.671875,134801.671875,60,608.9943256229162,0.0,b6000dcfa4a82be365d3396953245ae6bceb0361305d85718868d11bb1fc6f19,True
1366,24,7,90,original,49.489261627197266,4894.94775390625,4894.94775390625,49.489261627197266,0.15625,2969.35546875,293696.84375,293696.84375,60,613.8666160404682,0.0,828f09b819b0ac30bb117180cce4460983f745d2c50330b17a2d8c2ddf5c0a14,True
1367,24,7,105,original,23.747722625732422,896.9857177734375,896.9857177734375,23.747722625732422,0.033966064453125,1424.86328125,53819.140625,53819.140625,60,610.4573938064277,0.0,b2be934ec30fb1dcacdd66b78a92a3f386bfc640e24a91b0b25e2029812d9e47,True
1368,24,7,120,original,28.32463264465332,1021.707763671875,1021.707763671875,28.32463264465332,0.03656005859375,1699.4779052734375,61302.4609375,61302.4609375,60,610.2142059244215,0.0,f5957203a1bdb5fbcc0bacd1295530f5146f47722b1581f33040e7fb93925bb6,True
1369,24,7,135,original,8.300148963928223,127.3366470336914,127.3366470336914,8.300148963928223,0.00579833984375,498.0089111328125,7640.1982421875,7640.1982421875,60,625.5169110372663,0.0,58bea1200127b4ccb6be7ffd51a369c1ea47162cfc42d6ad3677141a3929c2e6,True
1370,24,7,150,original,10.993207931518555,188.2209014892578,188.2209014892578,10.993207931518555,0.0172576904296875,659.5924682617188,11293.25390625,11293.25390625,60,610.176685731858,0.0,725b2ceaa8340bbdba012258385b2174fd28876471373047d7c805b198489a61,True
1371,24,7,165,original,13.712945938110352,282.26922607421875,282.26922607421875,13.712945938110352,0.01436614990234375,822.7767333984375,16936.15234375,16936.15234375,60,634.3545890413225,0.0,3d81e0d6e39996deaa17e4257d8b6171ad0277a07cb87bb1220877fcd28556d1,True
1372,24,7,180,original,6.525568008422852,97.70487213134766,97.70487213134766,6.525568008422852,0.0031719207763671875,391.5340576171875,5862.2919921875,5862.2919921875,60,613.3038299158216,0.0,d8e033560c5df7287adaee23aac197a1c7978dafca8b22c15ed549c1a9ecb2d2,True
1373,24,7,195,original,7.153902053833008,104.11873626708984,104.11873626708984,7.153902053833008,0.0041656494140625,429.2341003417969,6247.1240234375,6247.1240234375,60,628.4806355834007,0.0,77a4765a09761ef5f335af4c050aeb5a05701d81244667582a70ba5d36476d8c,True
1374,24,7,210,original,8.97240924835205,130.78753662109375,130.78753662109375,8.97240924835205,0.00527191162109375,538.3445434570312,7847.251953125,7847.251953125,60,647.7775387465954,0.0,dfc7ae3fe8227dbe1ee734e5729f295cfb898e11e805e4782abd885bccaf3811,True
1375,24,7,225,original,6.505584239959717,60.426246643066406,60.426246643066406,6.505584239959717,0.00394439697265625,390.33502197265625,3625.57470703125,3625.57470703125,60,618.3309801854193,0.0,4bfadf0b2ec349d80d24bdd081e6d00aa19fbef399464897fac90e94cdf8ff1b,True
1376,24,47,30,original,22.138534545898438,6999.681640625,1568.3983154296875,22.138534545898438,0.2215576171875,1328.31201171875,419980.875,94103.890625,60,620.7996187731624,0.0,65175aa142f859a690096e961da04e1806c6191cc0653fa9cf62bec63d22f037,True
1377,24,47,45,original,47.32066345214844,16699.142578125,5247.1494140625,47.32066345214844,0.5166015625,2839.23974609375,1001948.5,314828.9375,60,612.8995539620519,0.0,bca1b2bebc85a236e2f2b20dacc9f7faf873a0ca997000eb060dc3386bb5acdd,True
1378,24,47,60,original,51.43421173095703,11987.95703125,7271.84814453125,51.43421173095703,0.37255859375,3086.052490234375,719277.375,436310.875,60,746.597379911691,0.0,9235a9241efa048d98d5f8edd84c060f1e9bef25084ef5d0f1b8633f4c89deae,True
1379,24,47,75,original,17.04107093811035,2677.54443359375,710.957763671875,17.04107093811035,0.08465576171875,1022.4641723632812,160652.65625,42657.46484375,60,633.6124148219824,0.0,f954488d2d2c368652a085bf1af80d468843225a1bcf2ac3d4c8b3ecdb57dd40,True
1380,24,47,90,original,17.475847244262695,2677.90234375,832.604736328125,17.475847244262695,0.0836181640625,1048.55078125,160674.125,49956.28125,60,607.9128151759505,0.0,1efc3e6a1edc9ba708de15505030b3961032388b18d0853ebd4b373dc03c3cb5,True
1381,24,47,105,original,4.487596035003662,31.428752899169922,31.428752899169922,4.487596035003662,0.0013895034790039062,269.2557373046875,1885.72509765625,1885.72509765625,60,608.2001621834934,0.0,4537e4db0aa1fc947ffa8b92d9d2137c2506079b07f03d54b25f77793f954ba7,True
1382,24,47,120,original,5.6258955001831055,54.818058013916016,54.818058013916016,5.6258955001831055,0.0033550262451171875,337.5537109375,3289.083251953125,3289.083251953125,60,608.0097639933228,0.0,4219630022992670b379d5cbc006ff2553558708fb06f78bf6374fbe4c8195dd,True
1383,24,47,135,original,7.820666790008545,95.03374481201172,95.03374481201172,7.820666790008545,0.00335693359375,469.239990234375,5702.0244140625,5702.0244140625,60,625.1526828855276,0.0,aa0fc6382ee9f53d05468d6b035a81368214e41bc1f3b0bc88ce039767d67d86,True
1384,24,47,150,original,12.307934761047363,409.56268310546875,409.56268310546875,12.307934761047363,0.0168914794921875,738.47607421875,24573.759765625,24573.759765625,60,614.0886349603534,0.0,c09d86fd3bb2cc3b4b2a535e101441934c081f903e238a983711f7253c9d9f44,True
1385,24,47,165,original,16.390439987182617,548.4217529296875,548.4217529296875,16.390439987182617,0.022613525390625,983.4263916015625,32905.3046875,32905.3046875,60,611.5053747780621,0.0,d7b9bd651dcea404940f83ee85d6e42017f4fb72de37bf1c8f432a00c35b7ea6,True
1386,24,47,180,original,7.77363920211792,107.91961669921875,107.91961669921875,7.77363920211792,0.004581451416015625,466.4183349609375,6475.1767578125,6475.1767578125,60,611.944692209363,0.0,640258f7c75869885958180c0fcbe7617da08d36c5f01e235e219f5cc26efaf8,True
1387,24,47,195,original,4.362943649291992,41.256927490234375,41.256927490234375,4.362943649291992,0.0015497207641601562,261.776611328125,2475.41552734375,2475.41552734375,60,611.4339563064277,0.0,8ff7298ceba4ab6a29916c8148e5168b94a1371ecdd0601c0dd264b311b209ac,True
1388,24,47,210,original,5.923747539520264,47.37705993652344,47.37705993652344,5.923747539520264,0.002002716064453125,355.4248352050781,2842.62353515625,2842.62353515625,60,611.4138658158481,0.0,772b95f79929046b20096377131a07db2957521a9311d48bbde01f96e05b6726,True
1389,24,47,225,original,2.0973401069641113,12.05626106262207,12.05626106262207,2.0973401069641113,0.00040435791015625,125.84039306640625,723.3756103515625,723.3756103515625,60,625.5297204479575,0.0,8f13592ce0cd0a8da925fd35538babc843f31056856c36f34f12d7c5a36ab61c,True
1390,24,30,30,original,4.607580661773682,30.43704605102539,30.43704605102539,4.607580661773682,0.0010766983032226562,276.454833984375,1826.22265625,1826.22265625,60,647.2121332772076,0.0,dd2934445ff34b66a9fb4d3d1aaa7b53d8d4df8a58538b036738d653a608e5ea,True
1391,24,30,45,original,4.06050443649292,28.27838134765625,28.27838134765625,4.06050443649292,0.0010528564453125,243.6302490234375,1696.7027587890625,1696.7027587890625,60,638.3384959772229,0.0,65c7dd362dc6521bc17450b32573f383c359762384003fabc8e0273fe6f44634,True
1392,24,30,60,original,4.699781894683838,34.401580810546875,34.401580810546875,4.699781894683838,0.001079559326171875,281.9869079589844,2064.0947265625,2064.0947265625,60,650.8501027710736,0.0,7517107196940604d20972a358f89b543f784ccc0659196cf0b58909eaf897fe,True
1393,24,30,75,original,2.5874462127685547,9.07703971862793,9.07703971862793,2.5874462127685547,0.00043892860412597656,155.24676513671875,544.6223754882812,544.6223754882812,60,641.7562267743051,0.0,33b845216e91abdcd0d9302440631d39a650acd4cde566dac18542fb17dc0253,True
1394,24,30,90,original,2.178720712661743,11.025535583496094,11.025535583496094,2.178720712661743,0.0003864765167236328,130.72323608398438,661.5321044921875,661.5321044921875,60,686.6787099279463,0.0,64af2185cc4cbfd14ab972f70b7f2342f9ff2edeb3041587feeef0c6aa69f111,True
1395,24,30,105,original,4.56217622756958,43.81005859375,43.81005859375,4.56217622756958,0.0013637542724609375,273.7305603027344,2628.603271484375,2628.603271484375,60,692.1289251185954,0.0,524ae1a5f88e59fbe799fe3a21f0f7f3dfa3d0ad8654443d24dcf40ca73c41a1,True
1396,24,30,120,original,1.6922391653060913,5.177736282348633,5.177736282348633,1.6922391653060913,0.00017535686492919922,101.53434753417969,310.6641540527344,310.6641540527344,60,658.4733203053474,0.0,762bed33b51c2709190f8a318afd1c10f07a74934dd5e9d96b1dae3fba11f586,True
1397,24,30,135,original,2.3855159282684326,17.126846313476562,17.126846313476562,2.3855159282684326,0.0006246566772460938,143.13095092773438,1027.6107177734375,1027.6107177734375,60,653.3048530109227,0.0,ff0277732a9d2be8520b12ac2912710c4248425eda0975a851e9ac3b6abfd5f9,True
1398,24,30,150,original,6.465240001678467,99.28128051757812,99.28128051757812,6.465240001678467,0.0031032562255859375,387.91436767578125,5956.87646484375,5956.87646484375,60,709.352994337678,0.0,81325c3a288dd27be48125b499102f7725aa9d562262da2844a8fc6ec57bd796,True
1399,24,30,165,original,4.469470977783203,51.552494049072266,51.552494049072266,4.469470977783203,0.0017185211181640625,268.1682434082031,3093.1494140625,3093.1494140625,60,620.3087028115988,0.0,611e67b42fe9c3e4bb32802700bd14bc2f602eeb8c1c318f0dd545a0513b6e88,True
1400,24,30,180,original,10.615791320800781,240.29249572753906,240.29249572753906,10.615791320800781,0.00775909423828125,636.9474487304688,14417.548828125,14417.548828125,60,614.2723117955029,0.0,e65bacd6163ebad54791dfc968ac5024ccfbfb0024997724d5d102a06245ffff,True
1401,24,30,195,original,4.073038578033447,33.1990966796875,33.1990966796875,4.073038578033447,0.00127410888671875,244.38229370117188,1991.9456787109375,1991.9456787109375,60,614.730488974601,0.0,c9d9259f1a4f6b2186cd92f30728b8e0ba0f0006eb6121322b38fc4545d9c8e4,True
1402,24,30,210,original,3.1719350814819336,19.503122329711914,19.503122329711914,3.1719350814819336,0.0006432533264160156,190.31610107421875,1170.187255859375,1170.187255859375,60,615.6775509007275,0.0,d1260aa1d26442a1567ea7fc717f7138ea7f98bc921623a9ed581b806040ef15,True
1403,24,30,225,original,3.327362537384033,19.501169204711914,19.501169204711914,3.327362537384033,0.0008563995361328125,199.64173889160156,1170.070068359375,1170.070068359375,60,613.7900659814477,0.0,9b0050dcf8e56f6cf6d71b6a717ae92e2730534c182bd9a471b233c0c88e432c,True
1404,25,83,30,original,26.97913932800293,12507.783203125,2616.298828125,26.97913932800293,0.38623046875,1618.748291015625,750466.9375,156977.921875,60,614.4031910225749,0.0,95fdd24214f5968ddd345dd192ebc31952210127ca05e08d204f1ac8c23c6e9b,True
1405,25,83,45,original,37.55739212036133,3975.603271484375,3893.443115234375,37.55739212036133,0.12347412109375,2253.443359375,238536.1875,233606.578125,60,613.8107660226524,0.0,e4467c004c0f30e8c830b62845aad92731e9f3701b58fda56668d5fd4a085129,True
1406,25,83,60,original,54.54426193237305,8592.2412109375,8270.060546875,54.54426193237305,0.265869140625,3272.655517578125,515534.46875,496203.625,60,614.3036321736872,0.0,45a68c3d8412651dc5c5879f9d2a8a7bbab7250bfefe4daaf5e15a84ab287756,True
1407,25,83,75,original,56.90540313720703,9632.9150390625,9403.0068359375,56.90540313720703,0.29736328125,3414.323974609375,577974.875,564180.375,60,613.9506450854242,0.0,ee6db9c5109e6f48bf6589f03ee62921ba4d4fa3a0e9a7277a1f84168ed71027,True
1408,25,83,90,original,56.07658004760742,10327.541015625,8739.4111328125,56.07658004760742,0.319091796875,3364.5947265625,619652.4375,524364.625,60,614.0755042433739,0.0,abb97ae23d0e156607a359b84516b751719eab188de2e81f345a099f422cbe84,True
1409,25,83,105,original,58.385009765625,9389.8876953125,8448.296875,58.385009765625,0.29052734375,3503.100341796875,563393.25,506897.8125,60,613.9706149697304,0.0,4008f71801e28a9ba9a6b38ab3a57d8b682b2c71e4eb2d9dcd360c6628566543,True
1410,25,83,120,original,27.936504364013672,5854.81884765625,2029.7071533203125,27.936504364013672,0.1822509765625,1676.190185546875,351289.125,121782.421875,60,608.5880291648209,0.0,a81e82935e5a3a509ca8ccb27b048a4c1107b847c5003da034f3b6d3427bc20a,True
1411,25,83,135,original,57.817317962646484,14211.7275390625,7876.93359375,57.817317962646484,0.443115234375,3469.038818359375,852703.625,472616.0,60,608.7879268452525,0.0,dcbd9c822de77b7cbdbe85319680ffe5d2436fcab3da2f8e4517592b1964c2db,True
1412,25,83,150,original,13.906804084777832,1778.81103515625,413.2646484375,13.906804084777832,0.05694580078125,834.408203125,106728.65625,24795.876953125,60,607.2023496963084,0.0,535c6f258482c80500386795b9d725c1e5236d03b72244b69cde840141316c78,True
1413,25,83,165,original,33.049713134765625,16327.044921875,2765.2353515625,33.049713134765625,0.50537109375,1982.9827880859375,979622.625,165914.109375,60,610.4211541824043,0.0,a2f53f4d633e3883771391f5df6ec6e05f7891b937c7b60f3d12d9ff9f9658c5,True
1414,25,83,180,original,33.74470901489258,17430.484375,3782.66748046875,33.74470901489258,0.53857421875,2024.682373046875,1045829.0625,226960.03125,60,610.3694853372872,0.0,ed0777a310d47a6c7872c2a164d17ba56ab22d415b333d3628220bd7cdb892b8,True
1415,25,83,195,original,26.213491439819336,22296.705078125,1571.52734375,26.213491439819336,0.68896484375,1572.8094482421875,1337802.25,94291.6328125,60,612.3987771570683,0.0,1353c3d3a89e51c3d5a91ebed46d2057b084841cef5e55b8be718d80500982fa,True
1416,25,83,210,original,11.557518005371094,308.064208984375,308.064208984375,11.557518005371094,0.0109405517578125,693.4510498046875,18483.8515625,18483.8515625,60,612.4865859746933,0.0,4bbbf5486be206fddf15fc69463489d4b244711f635249d2a7c6dcc347986dde,True
1417,25,83,225,original,14.334622383117676,464.0938415527344,464.0938415527344,14.334622383117676,0.0166015625,860.0772705078125,27845.62890625,27845.62890625,60,609.9770269356668,0.0,1c90aadcafaa8579136d6794a3074894607d73694b9b2a0282c34ddfdc51704b,True
1418,25,15,30,original,15.14289665222168,452.8232727050781,452.8232727050781,15.14289665222168,0.01568603515625,908.57373046875,27169.39453125,27169.39453125,60,612.3448978178203,0.0,2281158aefabba4906e7f126e2989ccdc561adbeba49551b7774d452e7167b16,True
1419,25,15,45,original,11.42332649230957,200.98741149902344,200.98741149902344,11.42332649230957,0.007415771484375,685.3995361328125,12059.244140625,12059.244140625,60,612.6873251050711,0.0,bddce5a962730034e0b44ff66de95fc2b46a2763f3dd1debd607feb40b91bf0c,True
1420,25,15,60,original,18.057554244995117,805.3328247070312,805.3328247070312,18.057554244995117,0.025054931640625,1083.4532470703125,48319.96875,48319.96875,60,614.0727438032627,0.0,786526a31517221ea99db8f656703049dd4785df1599da3e3c31493ae39e78a1,True
1421,25,15,75,original,12.368695259094238,315.34173583984375,315.34173583984375,12.368695259094238,0.0101165771484375,742.1217041015625,18920.50390625,18920.50390625,60,627.95684998855,0.0,69f830769d0e498318742d806c51b5cb73c6a3f019ab20a357b23d03cb2899c4,True
1422,25,15,90,original,10.671710968017578,236.8560028076172,236.8560028076172,10.671710968017578,0.00933837890625,640.3026123046875,14211.359375,14211.359375,60,612.2009488753974,0.0,a8b69ede69d458e7efee8467a02217b572753f69e32b05cf9d39e1d3513e89de,True
1423,25,15,105,original,10.93073558807373,283.3992614746094,283.3992614746094,10.93073558807373,0.0088958740234375,655.8441162109375,17003.955078125,17003.955078125,60,612.383137922734,0.0,475e9d8310c57d28545d701bc3788bf4a372b307e2a71cf117fbd4ddf43b1451,True
1424,25,15,120,original,6.956085681915283,111.08992004394531,111.08992004394531,6.956085681915283,0.00382232666015625,417.3651123046875,6665.39501953125,6665.39501953125,60,613.2442001253366,0.0,6b6cc9b3ac6d21117cf746a2848d3e8c7a168ebc63261f25a73910d3fa454176,True
1425,25,15,135,original,2.5215749740600586,9.989744186401367,9.989744186401367,2.5215749740600586,0.00041747093200683594,151.29449462890625,599.3846435546875,599.3846435546875,60,611.7864223197103,0.0,189d7957fc676351062b38071d2cfe2f59a7e85f34d7e3cdc421b271c09789ad,True
1426,25,15,150,original,5.444084167480469,62.816043853759766,62.816043853759766,5.444084167480469,0.0030040740966796875,326.64501953125,3768.96240234375,3768.96240234375,60,611.2890760414302,0.0,1de342f1036534048372caee5daedd927e603774e8965fbd9db464017ba4a222,True
1427,25,15,165,original,5.970919132232666,57.41862869262695,57.41862869262695,5.970919132232666,0.00244140625,358.255126953125,3445.117431640625,3445.117431640625,60,610.6119421310723,0.0,d7d549c4f61466f76fdf32baa020c0b5d3637ef00e10b4cc4f06eb6902f2c587,True
1428,25,15,180,original,5.097682952880859,63.675743103027344,63.675743103027344,5.097682952880859,0.002017974853515625,305.8609619140625,3820.54443359375,3820.54443359375,60,610.4361834004521,0.0,049716ca5f7edc187814d316dc5cbe60f0b0892a431bac9892dae4a1fa810608,True
1429,25,15,195,original,5.1110758781433105,119.66683197021484,119.66683197021484,5.1110758781433105,0.0037899017333984375,306.66455078125,7180.009765625,7180.009765625,60,610.8031109906733,0.0,822150df94b52d9933aec8e2db76cbeb6341df61de0a1f7c0eb8edf82e029d8d,True
1430,25,15,210,original,27.58498191833496,1823.0498046875,1823.0498046875,27.58498191833496,0.05682373046875,1655.098876953125,109382.984375,109382.984375,60,610.3738336823881,0.0,f9d6b96b80587d31bd850ca7c09e7970d7ccaade282932ce3c7b93390c106fb8,True
1431,25,15,225,original,13.750329971313477,490.19378662109375,490.19378662109375,13.750329971313477,0.0154876708984375,825.019775390625,29411.625,29411.625,60,610.4421028867364,0.0,eb00dd4daeba492d15c7f199fbd07c74ca2f773defd7461d0cbd09d7327ccc09,True
1432,25,3,30,original,21.03846549987793,891.7184448242188,891.7184448242188,21.03846549987793,0.0295867919921875,1262.307861328125,53503.10546875,53503.10546875,60,611.0747181810439,0.0,66bedc5cbc00b80eaccfd3fc8bcd26fd8bd61c0f9142dd302072d62a922a95ef,True
1433,25,3,45,original,29.168954849243164,2142.931884765625,2142.931884765625,29.168954849243164,0.07440185546875,1750.13720703125,128575.90625,128575.90625,60,611.5372539497912,0.0,bbd573ee018f733adeca92016fc855078a1e8f089eed161e561f583d974e8c7b,True
1434,25,3,60,original,57.39236068725586,8603.025390625,7566.58544921875,57.39236068725586,0.271728515625,3443.54150390625,516181.46875,453995.09375,60,609.8285880871117,0.0,75faaf0e3f58daa5311c0531ba195e5dc69b747c27c09a04580e3fcf4abab5b5,True
1435,25,3,75,original,56.95107650756836,9371.5322265625,8917.9951171875,56.95107650756836,0.28955078125,3417.064453125,562291.875,535079.6875,60,609.5912596210837,0.0,a9fa55a58418f67e5457ddf38e7fd8bd29ad0cad01a7f57a471a38aa1dcae0ad,True
1436,25,3,90,original,20.946352005004883,14691.517578125,1292.979736328125,20.946352005004883,0.454345703125,1256.781005859375,881491.0,77578.78125,60,609.179703053087,0.0,b1a15e32b8e90322e9a0167b8f3818460adb21c85a8a839afbf5b75bbbb8d4be,True
1437,25,3,105,original,56.66913604736328,7834.8212890625,7464.4345703125,56.66913604736328,0.2457275390625,3400.14794921875,470089.25,447866.0625,60,609.5174397341907,0.0,944db264c87246df45b501942543df41c6da2cd6753761e443470f07cea5d026,True
1438,25,3,120,original,21.19155502319336,681.84326171875,681.84326171875,21.19155502319336,0.037261962890625,1271.4932861328125,40910.59375,40910.59375,60,609.5790499821305,0.0,c165e51eb78ccd5c8cf68d68beff1439f0c015a16b17ec989a53479eef8af0c8,True
1439,25,3,135,original,10.573406219482422,249.55711364746094,249.55711364746094,10.573406219482422,0.0083160400390625,634.4043579101562,14973.42578125,14973.42578125,60,609.7462587058544,0.0,fe8e7720e67ce3d40129df6d02af990c7f662444507e1c5ea2dd633cae6a8b35,True
1440,25,3,150,original,13.564664840698242,395.66717529296875,395.66717529296875,13.564664840698242,0.01303863525390625,813.8798217773438,23740.029296875,23740.029296875,60,610.1483660750091,0.0,1f2847da36315ccd766056b2a35cf6b92ece161219e77961015ad89552fa9636,True
1441,25,3,165,original,18.523338317871094,1683.9173583984375,1683.9173583984375,18.523338317871094,0.0521240234375,1111.4002685546875,101035.0390625,101035.0390625,60,611.0322778113186,0.0,ca847976ee756565eb4d60906e45a53ee0194df261a4f0a6d2dc9fc63e3187dc,True
1442,25,3,180,original,30.421537399291992,2618.706787109375,2618.706787109375,30.421537399291992,0.08135986328125,1825.2921142578125,157122.40625,157122.40625,60,610.868448857218,0.0,c67d44da1bf8367dd622ddd581a86eb0ff33bd12df805849a1649119b87fd675,True
1443,25,3,195,original,45.510597229003906,5741.68359375,5641.21484375,45.510597229003906,0.1783447265625,2730.6357421875,344501.0,338472.875,60,610.420003067702,0.0,cfa4d50cc7f312e54fe1f149d7e57f7addb20845f6e163f872238a83699c6b2c,True
1444,25,3,210,original,59.3784065246582,9587.7822265625,9284.7236328125,59.3784065246582,0.29736328125,3562.7041015625,575266.875,557083.375,60,610.3477939032018,0.0,fbe21d308bc6ac53f803c68a4f08a7622e3c2363cfd256b4a9a0438146075911,True
1445,25,3,225,original,18.09618377685547,848.0321655273438,848.0321655273438,18.09618377685547,0.027313232421875,1085.77099609375,50881.92578125,50881.92578125,60,610.7867313548923,0.0,e72c92bd16319126f1ab5286d9677435298043c87a86a69458db9e9e278922ab,True
1446,25,35,30,original,7.833243370056152,208.85394287109375,208.85394287109375,7.833243370056152,0.00991058349609375,469.99456787109375,12531.236328125,12531.236328125,60,610.4674520902336,0.0,2fabbeb376d3c201653477fbe8132b1c659dbbafdfcdb1a0947326158a4cabd4,True
1447,25,35,45,original,45.646446228027344,4184.4375,4184.4375,45.646446228027344,0.1353759765625,2738.78662109375,251066.25,251066.25,60,610.7271402142942,0.0,81e8a16d8a67d55a0fb7eb89252986f23065ded0fd0e0036aa6967859ba6e149,True
1448,25,35,60,original,7.124137878417969,101.58938598632812,101.58938598632812,7.124137878417969,0.004638671875,427.4482421875,6095.36279296875,6095.36279296875,60,610.1446747779846,0.0,a0eaa1c5306acbf8d189ec09dbe8b9618752582f65e62b4713e18848e2815abd,True
1449,25,35,75,original,10.279102325439453,318.01458740234375,318.01458740234375,10.279102325439453,0.01003265380859375,616.74609375,19080.875,19080.875,60,610.4452223517001,0.0,6aff9a3801d994ea7c483d536019af8d4d49784f59885addbac789b3bb9ff6e4,True
1450,25,35,90,original,22.501089096069336,1942.998046875,1942.998046875,22.501089096069336,0.0606689453125,1350.0653076171875,116579.875,116579.875,60,610.8524799346924,0.0,3fab25b91f942eeee1cc0cc006096343f584b042b8353b2a46168aa194c95046,True
1451,25,35,105,original,23.76586151123047,1601.46435546875,1601.46435546875,23.76586151123047,0.0504150390625,1425.95166015625,96087.859375,96087.859375,60,610.8769187703729,0.0,4ccf961a84c75eaa4220fe42b3e4d25afb524ba0dc3dc1b2c6134d79cf0fbd1a,True
1452,25,35,120,original,43.34016418457031,4692.005859375,4692.005859375,43.34016418457031,0.145263671875,2600.40966796875,281520.34375,281520.34375,60,611.2616662867367,0.0,00f9b9c17af124b1e0138316405a4241d1fd4249d43682c58fac4d6df739c30e,True
1453,25,35,135,original,19.682056427001953,6548.263671875,1090.015380859375,19.682056427001953,0.20263671875,1180.92333984375,392895.8125,65400.921875,60,610.3967130184174,0.0,83de3abda9094e0153eb7dfdca6855fbf2140be7087f9623973b85c000549aca,True
1454,25,35,150,original,41.66718673706055,2774.458740234375,2774.458740234375,41.66718673706055,0.1005859375,2500.031005859375,166467.515625,166467.515625,60,609.4423211179674,0.0,baa2e39f4cc3aef070780ae9a2fab4214cf59cdd6f1cead5b35f0620ad6094de,True
1455,25,35,165,original,11.795397758483887,238.5449676513672,238.5449676513672,11.795397758483887,0.011322021484375,707.7238159179688,14312.697265625,14312.697265625,60,609.4369008205831,0.0,d38edbb7935f9b6565b67cea3a5ef1833e79912f773177fd843272adc4002c21,True
1456,25,35,180,original,9.356893539428711,128.98898315429688,128.98898315429688,9.356893539428711,0.00586700439453125,561.41357421875,7739.33837890625,7739.33837890625,60,610.0479466840625,0.0,5405ba3e5d6768cd7b6d3a73e796853dc1cfcf691f820daf7b4afb7e6add9041,True
1457,25,35,195,original,2.9515881538391113,17.769027709960938,17.769027709960938,2.9515881538391113,0.0006198883056640625,177.09527587890625,1066.1416015625,1066.1416015625,60,612.4496757984161,0.0,eb79230833cc272699db3bf968a02a6a4b78268204b4278bedce97b0a4892742,True
1458,25,35,210,original,3.487508535385132,50.53544235229492,50.53544235229492,3.487508535385132,0.001617431640625,209.25050354003906,3032.12646484375,3032.12646484375,60,610.3512439876795,0.0,6d01697455545aa719a567128ea8c34c5830d7b23721da090666fe5895e3bf18,True
1459,25,35,225,original,7.888128280639648,130.57009887695312,130.57009887695312,7.888128280639648,0.0041351318359375,473.28765869140625,7834.20556640625,7834.20556640625,60,611.281996127218,0.0,2c2fa8585fcac141c0522cbae75cc136ba58364ec09164974da23bcab6526629,True
1460,25,48,30,original,54.09159469604492,16486.787109375,6550.8408203125,54.09159469604492,0.509765625,3245.49560546875,989207.1875,393050.4375,60,613.6988257057965,0.0,276bde97211607d2be67e6f2bee0acb93a6ba8468f67799f27772f878aa2204d,True
1461,25,48,45,original,20.989566802978516,945.8504638671875,945.8504638671875,20.989566802978516,0.031707763671875,1259.3739013671875,56751.0234375,56751.0234375,60,609.5936498604715,0.0,c061fca7ef91527dbdd6310480d2753ef4aab58e4c048b11f8ac2097008b7638,True
1462,25,48,60,original,26.564990997314453,6680.62744140625,1891.360595703125,26.564990997314453,0.211181640625,1593.8994140625,400837.625,113481.6328125,60,609.4843912869692,0.0,e38f6044182bb2c8d7dd8c8e416360a91458d308ece46cd8cf7a37b0770951c6,True
1463,25,48,75,original,46.0097770690918,9489.9150390625,4662.82568359375,46.0097770690918,0.300048828125,2760.58642578125,569394.875,279769.53125,60,609.3239919282496,0.0,8d28e6c0d308042caaf9a1a00076e8496f27e776afdc969efe1e7507dbf07bd3,True
1464,25,48,90,original,42.95513916015625,3378.2021484375,3378.2021484375,42.95513916015625,0.1068115234375,2577.30810546875,202692.125,202692.125,60,609.2074732296169,0.0,4b4405e42bd9b18183e5e2259d225ba411a2624f72e1907dde6a93d6d60c5c10,True
1465,25,48,105,original,6.744676113128662,75.12690734863281,75.12690734863281,6.744676113128662,0.0035037994384765625,404.6805419921875,4507.6142578125,4507.6142578125,60,610.299474094063,0.0,95ed302e2b19bdd01f844a8d6d587da661de13e070b57529684fb6fa8ef519bd,True
1466,25,48,120,original,5.513662815093994,53.75123977661133,53.75123977661133,5.513662815093994,0.0058135986328125,330.81976318359375,3225.07421875,3225.07421875,60,610.8863498084247,0.0,c77ddeb7a2145ebadf0c02a9b38913b2edc7bfb0add2530f437c03141798a3d1,True
1467,25,48,135,original,5.881381034851074,60.569801330566406,60.569801330566406,5.881381034851074,0.0030612945556640625,352.8828430175781,3634.18798828125,3634.18798828125,60,611.316935159266,0.0,a519ac8adaa4a3df523d8d4439ab8b44895077c44b6805ba5bea1023dbf41836,True
1468,25,48,150,original,5.993484020233154,55.70911407470703,55.70911407470703,5.993484020233154,0.002655029296875,359.6090087890625,3342.546630859375,3342.546630859375,60,610.6136608868837,0.0,3a3e4b01242f1a9ee52c0c3d3ba6f0b37634cfde97fe9957a9b73b53c10794a1,True
1469,25,48,165,original,4.08156681060791,29.617002487182617,29.617002487182617,4.08156681060791,0.00103759765625,244.8939971923828,1777.02001953125,1777.02001953125,60,610.208815895021,0.0,dad180a9d1f8252172d7c65daa89212cc1fc065fe4b583b970d15241ec06157d,True
1470,25,48,180,original,4.0734686851501465,37.00414276123047,37.00414276123047,4.0734686851501465,0.0012140274047851562,244.40811157226562,2220.24853515625,2220.24853515625,60,611.2522659823298,0.0,8bf8b5e69a3fba8dd788e0f7fd0ba600467bf3d1eb7abbd08aa844511154d719,True
1471,25,48,195,original,5.729300022125244,81.36227416992188,81.36227416992188,5.729300022125244,0.0027599334716796875,343.75799560546875,4881.736328125,4881.736328125,60,608.9554061181843,0.0,c1bb2d2875f5c6542abe93861bca48f8dd9fc397f60ea2db74b8c3fc876262fb,True
1472,25,48,210,original,27.810733795166016,2084.09228515625,2084.09228515625,27.810733795166016,0.0650634765625,1668.6439208984375,125045.53125,125045.53125,60,611.470203846693,0.0,c42538adcfc258d9082b2d0bbe56e9e0fd01e3f0f8b9e3282787cd39e1e623bc,True
1473,25,48,225,original,26.686647415161133,1394.0904541015625,1394.0904541015625,26.686647415161133,0.044219970703125,1601.19873046875,83645.421875,83645.421875,60,611.7375530302525,0.0,9cc6bbc38a51d9360e95651537dd3a1d04d1df271c113df417fa4c12d6dea4df,True
1474,25,22,30,original,3.00585675239563,17.73508071899414,17.73508071899414,3.00585675239563,0.0006136894226074219,180.3513946533203,1064.104736328125,1064.104736328125,60,620.6909189932048,0.0,2f47b1c8e0ed52baf5f6db0fe1c6fc15903fcb07e5b8d276eeda44d4fb5ef00d,True
1475,25,22,45,original,3.464144468307495,22.015064239501953,22.015064239501953,3.464144468307495,0.0007562637329101562,207.84866333007812,1320.90380859375,1320.90380859375,60,617.1198282390833,0.0,cda714644880e9e039fe2d91387c93f09df5dd6bcf930a4bde82d29a5da22d73,True
1476,25,22,60,original,2.323674201965332,8.771856307983398,8.771856307983398,2.323674201965332,0.00034880638122558594,139.42044067382812,526.3113403320312,526.3113403320312,60,688.8507213443518,0.0,1a594f0e38f6167fd702134c19d85b74ca9d9d5a1ca889501a076d352245eb53,True
1477,25,22,75,original,6.297322750091553,179.85015869140625,179.85015869140625,6.297322750091553,0.00566864013671875,377.83935546875,10791.0087890625,10791.0087890625,60,707.760295830667,0.0,e4120ab1bc7651de9e0e6031c579f50c20477f642eed6695044f5532da20180c,True
1478,25,22,90,original,19.48215103149414,9379.521484375,1260.0980224609375,19.48215103149414,0.28955078125,1168.928955078125,562771.25,75605.875,60,690.8766338601708,0.0,a958f8441433b2fb35491adf03863be4c3bcd95abf4b16092789434836ee7a10,True
1479,25,22,105,original,42.00813293457031,4272.7314453125,4240.1298828125,42.00813293457031,0.1322021484375,2520.48779296875,256363.875,254407.765625,60,616.9638787396252,0.0,eb6a6e7ec8e140009c196a7e786e2fedf55e8dd8ca6c9b632aec4ae79bbec337,True
1480,25,22,120,original,5.996811389923096,60.337032318115234,60.337032318115234,5.996811389923096,0.0019893646240234375,359.80865478515625,3620.2216796875,3620.2216796875,60,613.1547898985445,0.0,4aeab5348a8c9a8c6882144540b61396381a683c5ddc70db86588f627313fc4d,True
1481,25,22,135,original,5.57240104675293,69.1108169555664,69.1108169555664,5.57240104675293,0.00226593017578125,334.34405517578125,4146.64892578125,4146.64892578125,60,604.7156192362309,0.0,e2dcac40538d98db5ce0a48c91686386c1bde9e16d717461aae8b2337f77983d,True
1482,25,22,150,original,3.9441075325012207,26.96159553527832,26.96159553527832,3.9441075325012207,0.00095367431640625,236.6464385986328,1617.6956787109375,1617.6956787109375,60,604.8266193829477,0.0,7a01894f926ce95d36f7e16e4a13a7c8eb1ec90831a757f415cbe4d4d78e37ed,True
1483,25,22,165,original,4.380559921264648,70.62885284423828,70.62885284423828,4.380559921264648,0.0022029876708984375,262.8335876464844,4237.73095703125,4237.73095703125,60,615.8929178491235,0.0,d330a54e8e3b313c3f2a2c4bb8426ab285384f3212b3d81a4b7db79c9c842163,True
1484,25,22,180,original,15.794816970825195,759.7130126953125,759.7130126953125,15.794816970825195,0.02374267578125,947.68896484375,45582.77734375,45582.77734375,60,616.8184499256313,0.0,6d103f2076131969726f5f87091f08064072dfaa8f28f9d3d35a27b2fea93f8c,True
1485,25,22,195,original,17.737934112548828,11511.8564453125,1232.929443359375,17.737934112548828,0.35546875,1064.2760009765625,690711.375,73975.765625,60,615.7242790795863,0.0,affe39c2937fb44ce62a51a9e83ff762039f129eead0d89e5cd7452c7c406ff9,True
1486,25,22,210,original,55.92778778076172,13248.3759765625,8645.2919921875,55.92778778076172,0.409912109375,3355.6669921875,794902.5,518717.5,60,615.5570112168789,0.0,3ebc35194924c7e41b6c7bd0a3837ab739edf0e3241a07381ce74c1cc9142105,True
1487,25,22,225,original,14.88996696472168,650.3131713867188,650.3131713867188,14.88996696472168,0.0202484130859375,893.39794921875,39018.7890625,39018.7890625,60,615.9097081981599,0.0,858b0f9854251e36e78b09198b0c739a366568c3e59ae829b4b3f97f7c543b91,True
1488,25,55,30,original,4.022153854370117,23.866851806640625,23.866851806640625,4.022153854370117,0.0008721351623535156,241.32920837402344,1432.010986328125,1432.010986328125,60,616.3133936934173,0.0,76e0196045ee6f78d483888bc611b761ed6deaa8e644887a84f7eca446f24342,True
1489,25,55,45,original,12.806092262268066,451.31207275390625,451.31207275390625,12.806092262268066,0.0141448974609375,768.365478515625,27078.72265625,27078.72265625,60,616.4751327596605,0.0,fa9261c9412524274c22403710da3c9d826df3d48e4aeb529d07fb8da26bc498,True
1490,25,55,60,original,16.55673599243164,437.4026184082031,437.4026184082031,16.55673599243164,0.01454925537109375,993.404052734375,26244.15625,26244.15625,60,616.7506510391831,0.0,860062b2d7955cf4dde46f0da643d10113efe481875d794d7db9361e550d6e85,True
1491,25,55,75,original,14.978229522705078,416.5929260253906,416.5929260253906,14.978229522705078,0.015899658203125,898.6937255859375,24995.57421875,24995.57421875,60,616.6974408552051,0.0,4f43b3b1b104d3df8cc1f7a00b5b61b0d21a707a4da7e220ac56c9e9277eb52c,True
1492,25,55,90,original,30.02522850036621,1722.450927734375,1722.450927734375,30.02522850036621,0.05377197265625,1801.513671875,103347.046875,103347.046875,60,617.2064668498933,0.0,799e86cb30304951cc0ce947281e724eff05fc90266b5848651925b915e71bfd,True
1493,25,55,105,original,12.181736946105957,530.44873046875,530.44873046875,12.181736946105957,0.0166778564453125,730.9041748046875,31826.921875,31826.921875,60,616.3568035699427,0.0,bcee171193a3d62a9f06ebde5862a09fc9b2201278ea19b421fe0d94aa579c75,True
1494,25,55,120,original,20.94951629638672,944.6289672851562,944.6289672851562,20.94951629638672,0.029510498046875,1256.970947265625,56677.734375,56677.734375,60,616.5167419239879,0.0,e5c78cb8307cd36fc48877f81fa51af0e04539d09a57fd99d79629baf46544e0,True
1495,25,55,135,original,3.4879934787750244,19.45206069946289,19.45206069946289,3.4879934787750244,0.0006899833679199219,209.27960205078125,1167.12353515625,1167.12353515625,60,616.7543111369014,0.0,75badcc53ff2b6e1338628de9c8a726e17aa0bf1772bc8467d00eb75e56f325f,True
1496,25,55,150,original,4.081247806549072,24.67180633544922,24.67180633544922,4.081247806549072,0.00091552734375,244.87486267089844,1480.308349609375,1480.308349609375,60,616.3095054216683,0.0,fd94a35088965edb1716842b98f9f11fabe78d305e5183c241e892da5a428358,True
1497,25,55,165,original,13.0614652633667,804.4396362304688,804.4396362304688,13.0614652633667,0.026214599609375,783.6878662109375,48266.375,48266.375,60,615.4919508844614,0.0,70a579fbb648f7ea6c074827cef5767e12469d7062b5c2c4e91bf3e11f9b3037,True
1498,25,55,180,original,27.19984245300293,2050.547119140625,2050.547119140625,27.19984245300293,0.06536865234375,1631.990478515625,123032.8203125,123032.8203125,60,615.4963811859488,0.0,0ae6c6bfb6c0c5e23ac03541e4c81b55f525df24b6ced4e50059849071b4b579,True
1499,25,55,195,original,33.08982849121094,2692.361083984375,2692.361083984375,33.08982849121094,0.0855712890625,1985.3896484375,161541.65625,161541.65625,60,616.2853837013245,0.0,4c654214fe219342894895fe6f8b31a12d7410dbce90c8737b52281ef1c4bd7e,True
1500,25,55,210,original,17.766111373901367,4030.813720703125,1084.0584716796875,17.766111373901367,0.125244140625,1065.9666748046875,241848.8125,65043.50390625,60,615.8855380490422,0.0,3aca2b3db7157bc27a0e2cf1dfbe94d96dae061acf3cfd29781a8f3d3c2035a0,True
1501,25,55,225,original,23.49118995666504,15352.5048828125,1424.0980224609375,23.49118995666504,0.47509765625,1409.4713134765625,921150.25,85445.875,60,614.4367400556803,0.0,b36718c324c97fc31d17c2d3c718ad782eb0dc74ec9b31331c7648a07e661067,True
1502,25,4,30,original,10.077131271362305,192.89312744140625,192.89312744140625,10.077131271362305,0.00859832763671875,604.6278686523438,11573.5869140625,11573.5869140625,60,614.79436699301,0.0,11bc8ddba0439d62594ede00607d257320ed27c2ffb740ba47cc02343c3102d0,True
1503,25,4,45,original,9.342151641845703,126.01403045654297,126.01403045654297,9.342151641845703,0.004283905029296875,560.529052734375,7560.84130859375,7560.84130859375,60,615.0453849695623,0.0,9d1ca1c631280bdbd44a9337eda0bb06256a7112287046e3b50def7994960d5a,True
1504,25,4,60,original,2.5225613117218018,9.02122688293457,9.02122688293457,2.5225613117218018,0.0005431175231933594,151.35366821289062,541.2735595703125,541.2735595703125,60,614.6913473494351,0.0,332c51d56eaf661aea44e629d9ddd20c041d35ff2e5b642ef88c2b44b5f41ec1,True
1505,25,4,75,original,2.378513813018799,10.358409881591797,10.358409881591797,2.378513813018799,0.000347137451171875,142.7108154296875,621.5045776367188,621.5045776367188,60,613.9765530824661,0.0,7dedadf62e6063086866e32daca94b4f412915f888b42a68944a545235111df7,True
1506,25,4,90,original,11.454736709594727,328.77325439453125,328.77325439453125,11.454736709594727,0.010467529296875,687.2841796875,19726.39453125,19726.39453125,60,614.9416761472821,0.0,78c2cae75792ecdf21a3bd03ecaf8a6c78ace8ff50d6346330fd849e32d18b98,True
1507,25,4,105,original,33.850765228271484,3455.1279296875,2540.34228515625,33.850765228271484,0.10760498046875,2031.0458984375,207307.671875,152420.53125,60,614.2007317394018,0.0,c65cc8adca55e7f73bbc7ea239b6e4a9e17c4975ba7ddcad658e6d3c4396ce0f,True
1508,25,4,120,original,15.496664047241211,11285.626953125,564.7667846679688,15.496664047241211,0.3505859375,929.7998046875,677137.5625,33886.00390625,60,613.9249838888645,0.0,ca9db641eba5819914510e173fb8416fbecd91b90d2d359741e5e88bba905fc0,True
1509,25,4,135,original,43.08843994140625,7381.37255859375,4910.576171875,43.08843994140625,0.22802734375,2585.30615234375,442882.34375,294634.5625,60,614.2902709543705,0.0,6c361e94f5d6467169096abe4313bdef54468f07bd1c9f40f9a2efaf17019bca,True
1510,25,4,150,original,10.29057788848877,280.57763671875,280.57763671875,10.29057788848877,0.00952911376953125,617.4346313476562,16834.658203125,16834.658203125,60,614.5417289808393,0.0,06818cb194a4daad406b7d1ff973f916a26e35560e732b4899388136aceb5076,True
1511,25,4,165,original,15.979435920715332,15930.044921875,575.1354370117188,15.979435920715332,0.492919921875,958.76611328125,955802.625,34508.125,60,613.3739682845771,0.0,c006b55f3fa66f0eb309ba132dafae4bb0b80b9bbb2dc400af42473c0bd1a25d,True
1512,25,4,180,original,57.45646286010742,12832.015625,8721.0107421875,57.45646286010742,0.396240234375,3447.3876953125,769920.875,523260.59375,60,613.6933458037674,0.0,6f1bf2109579c7af8532eab5e80a75343499684fc39e0e1eb3123a85b1b07077,True
1513,25,4,195,original,20.053178787231445,23666.439453125,1302.3594970703125,20.053178787231445,0.73095703125,1203.190673828125,1419986.25,78141.5625,60,614.8443757556379,0.0,f413c675469d4d3d711b5316399f0dfb9d4fff196bfd1cc455c544fdcd359afa,True
1514,25,4,210,original,14.571171760559082,19352.734375,554.5526733398438,14.571171760559082,0.59814453125,874.270263671875,1161164.0,33273.16015625,60,614.456478971988,0.0,2089e2d681cc16b07f88291a38ea048dcdba6d7ec9716dd8d7cf1ef7e47809a9,True
1515,25,4,225,original,54.275123596191406,8193.734375,8193.734375,54.275123596191406,0.2529296875,3256.50732421875,491624.0625,491624.0625,60,613.9302831143141,0.0,535c24839186b0baa4a062b050f981198fb1c9d1cc1cd8c0d668dc6cd46e53f6,True
1516,25,45,30,original,2.9011390209198,14.883694648742676,14.883694648742676,2.9011390209198,0.0004730224609375,174.06832885742188,893.0216064453125,893.0216064453125,60,614.6579277701676,0.0,7ca4b038f4b298386652b4e3eb438075e283427f6d25c00031a95e8e43d1c58a,True
1517,25,45,45,original,2.9746503829956055,16.876060485839844,16.876060485839844,2.9746503829956055,0.0005273818969726562,178.47901916503906,1012.5635375976562,1012.5635375976562,60,614.4919288344681,0.0,8f051f0493137c31da1f210af8882ba83cd90d3834c2b5f759fabd47aa206601,True
1518,25,45,60,original,2.836042881011963,14.972524642944336,14.972524642944336,2.836042881011963,0.0004737377166748047,170.16256713867188,898.3514404296875,898.3514404296875,60,614.1978818923235,0.0,bd6dc59458ac17298758fa8b1f1637ec8fde7c620b02da2d96bcedfc5d20a293,True
1519,25,45,75,original,4.02919864654541,87.65812683105469,87.65812683105469,4.02919864654541,0.0028076171875,241.7519073486328,5259.4873046875,5259.4873046875,60,616.3686229847372,0.0,69431c6008528b71af124be9faee7f0a0a508611e31ef5eb6a8c516f92dbd3ae,True
1520,25,45,90,original,32.38365173339844,3144.723388671875,3144.723388671875,32.38365173339844,0.0985107421875,1943.01904296875,188683.390625,188683.390625,60,616.6699309833348,0.0,a27113e483e70f62308e64563818d64ec59f0894030bb83bb8ee943a628c9c76,True
1521,25,45,105,original,13.346792221069336,331.2855224609375,331.2855224609375,13.346792221069336,0.01314544677734375,800.8074951171875,19877.130859375,19877.130859375,60,616.0193369723856,0.0,8904d23eea1f1c101acf2e37667e9c7bb633a7ced35de8ed6d5e63762362b5e6,True
1522,25,45,120,original,6.75753116607666,106.62247467041016,106.62247467041016,6.75753116607666,0.003650665283203125,405.45184326171875,6397.34814453125,6397.34814453125,60,609.0291738510132,0.0,9804c0617fb79bb6e2950447fd8eac4c97ee498a72cbbaba267e843a72d732c3,True
1523,25,45,135,original,6.318328380584717,85.44339752197266,85.44339752197266,6.318328380584717,0.0029544830322265625,379.09967041015625,5126.603515625,5126.603515625,60,610.1815439760685,0.0,6d6cf31f68aee6b6f62d99af86d07ac14e1d0b53324f9fa4a192a63acf46560a,True
1524,25,45,150,original,24.939760208129883,2616.0634765625,2616.0634765625,24.939760208129883,0.08111572265625,1496.385498046875,156963.796875,156963.796875,60,616.000306326896,0.0,7615884db3832c79763a8ab68fae36f34c004b0fb4fb0f12c910ceff8bbe464e,True
1525,25,45,165,original,40.800907135009766,3889.24169921875,3889.24169921875,40.800907135009766,0.1241455078125,2448.05419921875,233354.484375,233354.484375,60,615.2680031955242,0.0,ed4bcc72c4a86b7996c2a883d7295312e0c4025601226dea2ac7c303b2697171,True
1526,25,45,180,original,19.966785430908203,10145.427734375,902.4307861328125,19.966785430908203,0.316162109375,1198.007080078125,608725.625,54145.84375,60,614.2740300856531,0.0,e54ec2247a49f74bb911f06e77d2d051cdec1c818c986e5fe0f647fc746bdca9,True
1527,25,45,195,original,62.956947326660156,9403.1142578125,8636.6923828125,62.956947326660156,0.29833984375,3777.416748046875,564186.8125,518201.5,60,618.2784172706306,0.0,0da30f95744e96ccd14661a818ce671470521ef34401aade4a36750f24d150c1,True
1528,25,45,210,original,21.614837646484375,11920.9638671875,737.7096557617188,21.614837646484375,0.3720703125,1296.89013671875,715257.8125,44262.578125,60,619.6819059550762,0.0,c585ca5d3b1db754d9753d4107a775d54b840da1aab3d223da7d5d6974f3265b,True
1529,25,45,225,original,46.70534896850586,5470.248046875,5470.248046875,46.70534896850586,0.1688232421875,2802.32080078125,328214.875,328214.875,60,616.78176978603,0.0,abba6ecf19b57d1e6b19c0ee544a38462bf90ba2124b4e7a561c31082c1dc390,True
1530,25,60,30,original,18.959548950195312,1174.8883056640625,1174.8883056640625,18.959548950195312,0.037200927734375,1137.5728759765625,70493.296875,70493.296875,60,617.805021815002,0.0,169ebd0661b09fcb9c71f99e3051e9cc8e9d9fdfef83d335323dc6d8921da26a,True
1531,25,60,45,original,21.736373901367188,1332.2821044921875,1332.2821044921875,21.736373901367188,0.04156494140625,1304.182373046875,79936.921875,79936.921875,60,613.9688030816615,0.0,e9554b590f176111cec206f1031cca2be9ed8ee623a8566cca13fcf7caacf3e9,True
1532,25,60,60,original,42.55508041381836,4863.91455078125,4863.91455078125,42.55508041381836,0.1531982421875,2553.3046875,291834.84375,291834.84375,60,635.9885227866471,0.0,bd63d08589e4ca4e004107135b445241b6bb1b56b8bf44351d9f293f88ff2a03,True
1533,25,60,75,original,12.807908058166504,347.2288818359375,347.2288818359375,12.807908058166504,0.011016845703125,768.4744262695312,20833.732421875,20833.732421875,60,617.5486734136939,0.0,b6b1197c4323b015f67c84872dfd1a4ba3f41230e4d5558dc6dc8887a68dcb83,True
1534,25,60,90,original,9.36050033569336,284.95123291015625,284.95123291015625,9.36050033569336,0.00916290283203125,561.6300048828125,17097.072265625,17097.072265625,60,639.320604968816,0.0,befdfde2fbb39d105b4f25ea8b22d0d5d3a0a9c06f8283c7cbf885691708c690,True
1535,25,60,105,original,10.67963695526123,323.16583251953125,323.16583251953125,10.67963695526123,0.01035308837890625,640.7781982421875,19389.94921875,19389.94921875,60,651.3408771716058,0.0,cff19f8d9010874de06ecc90d69888dc73d9a99e25114c852a9326dfb21756c5,True
1536,25,60,120,original,5.035894393920898,33.88896179199219,33.88896179199219,5.035894393920898,0.0011310577392578125,302.1536560058594,2033.3375244140625,2033.3375244140625,60,647.8876550681889,0.0,97edab08504ac4934b0ae51c0a37c6eb438d9891bc4354b8caf11900e316d4c8,True
1537,25,60,135,original,16.761154174804688,838.0037841796875,838.0037841796875,16.761154174804688,0.0280609130859375,1005.6692504882812,50280.22265625,50280.22265625,60,649.4908020831645,0.0,8eb96b7d3766a0433007e9ee8d771fda061f2c84b2dc12740cbbdb082d699c33,True
1538,25,60,150,original,18.681140899658203,765.04052734375,765.04052734375,18.681140899658203,0.0255279541015625,1120.868408203125,45902.4296875,45902.4296875,60,656.1003481037915,0.0,61a3c8c9eec601893d7ba097f180bfb2fe803e58e0b522569c0548b4982d8714,True
1539,25,60,165,original,7.947990417480469,112.13821411132812,112.13821411132812,7.947990417480469,0.0035400390625,476.87939453125,6728.29248046875,6728.29248046875,60,631.2568821012974,0.0,eeb0560c5e54842c5be02a5436c4379a796a2a94b2c521782727722163a5365f,True
1540,25,60,180,original,9.854543685913086,312.1666259765625,312.1666259765625,9.854543685913086,0.01076507568359375,591.2725830078125,18729.99609375,18729.99609375,60,624.800503719598,0.0,e47a259641387421d3ba8d7fb7e5c7b3e0eda5d6c7414ebad05bf3a3851d16ea,True
1541,25,60,195,original,12.417619705200195,4659.81591796875,368.0513916015625,12.417619705200195,0.1451416015625,745.05712890625,279588.9375,22083.08203125,60,622.9248703457415,0.0,c4627da97f5a781d0acbfe0c7aca74d35ed232831c80131ecdece641fe349f2d,True
1542,25,60,210,original,30.134740829467773,24581.85546875,1805.9981689453125,30.134740829467773,0.76416015625,1808.0843505859375,1474911.25,108359.8828125,60,626.2739920057356,0.0,fb7aeb6d1e6e42b5d5dca6e49273a4da83dbd62621ac0b97ba1ef5fa989afee3,True
1543,25,60,225,original,18.32886505126953,8983.75390625,876.083251953125,18.32886505126953,0.27734375,1099.7318115234375,539025.1875,52564.9921875,60,623.3122469857335,0.0,f1a6ba7517f2dc047a27c3ccb03e1437252834c7919a95c7379e31b084361ef1,True
1544,25,26,30,original,18.307689666748047,12975.177734375,981.701171875,18.307689666748047,0.402099609375,1098.4613037109375,778510.625,58902.06640625,60,624.2229091003537,0.0,6d8ef50b407f9a3dc55cf060197e6b13a8d8b92dff334108037075ca9d3eaea2,True
1545,25,26,45,original,59.569942474365234,9088.3212890625,8442.7216796875,59.569942474365234,0.283447265625,3574.1962890625,545299.25,506563.28125,60,623.9797309972346,0.0,3a6814cbaf3eaf1fdd874bbbd9c9279fdf191a6eef09e1fd56237f257b770305,True
1546,25,26,60,original,6.574347496032715,77.34453582763672,77.34453582763672,6.574347496032715,0.002788543701171875,394.4608154296875,4640.671875,4640.671875,60,623.8945010118186,0.0,c4c2730750c37f295bb29ec260a1bb35f3d254ea5ade683238ade7a69ff56421,True
1547,25,26,75,original,12.252685546875,469.19293212890625,469.19293212890625,12.252685546875,0.0145721435546875,735.1610717773438,28151.57421875,28151.57421875,60,625.978774856776,0.0,08edf904f10253dfe482920873d1619db5dc4a681d24f52c98a24e289507cd85,True
1548,25,26,90,original,13.935710906982422,531.8795776367188,531.8795776367188,13.935710906982422,0.0164337158203125,836.1426391601562,31912.7734375,31912.7734375,60,625.6353268399835,0.0,9878ae55c7d5c6050a699385d95c3266746ac164dd9c0dbf5346a88278d02622,True
1549,25,26,105,original,4.990229606628418,34.57395935058594,34.57395935058594,4.990229606628418,0.00130462646484375,299.41375732421875,2074.4375,2074.4375,60,623.3754958957434,0.0,3f3a43bd931271794f3648564f8b1f287711e3881d702b86e8daf23daae1fd52,True
1550,25,26,120,original,5.157419204711914,76.04951477050781,76.04951477050781,5.157419204711914,0.00257110595703125,309.44512939453125,4562.970703125,4562.970703125,60,643.5674801468849,0.0,24ef863edad3beb1eb06902649b98d2d397d2c59e468a16b660f120cfa5acdae,True
1551,25,26,135,original,16.896459579467773,851.1142578125,851.1142578125,16.896459579467773,0.0265960693359375,1013.7875366210938,51066.8515625,51066.8515625,60,642.5627488642931,0.0,697f6c1987e494a6bfce05ba2602b506c4d3b6c4e5589073822b2411df1d253a,True
1552,25,26,150,original,27.696155548095703,20970.708984375,1508.3787841796875,27.696155548095703,0.6552734375,1661.769287109375,1258242.5,90502.71875,60,638.9003694057465,0.0,e3829402b0746e3424c73255dcf82800c7bedd941d2164e2a32177fdf669fecd,True
1553,25,26,165,original,21.602046966552734,3035.269775390625,1012.98583984375,21.602046966552734,0.09503173828125,1296.122802734375,182116.171875,60779.1484375,60,645.6321342848241,0.0,8bb47271acd77024fdff31fed11b315fd00ec4bc6b6c39bd724ac59f369aa0ba,True
1554,25,26,180,original,35.33689880371094,19017.212890625,3170.705078125,35.33689880371094,0.5927734375,2120.2138671875,1141032.75,190242.296875,60,634.8033021204174,0.0,cab407d18b08bea0a09200f95c641cb504a268d6885e03fa400e13c0740be4d3,True
1555,25,26,195,original,26.742481231689453,8677.1962890625,1727.6014404296875,26.742481231689453,0.27099609375,1604.548828125,520631.75,103656.078125,60,624.1186899133027,0.0,be2b17994f8bc1491c45864a2eace24e5378c6bddba21167439fb7ffa74ff8ff,True
1556,25,26,210,original,42.39955520629883,20180.646484375,4433.77685546875,42.39955520629883,0.625,2543.97314453125,1210838.75,266026.59375,60,619.9620738625526,0.0,d96f7520a24bc40d0a2b178bcd7397ed21db979b2cc118267c0cfb20474c7120,True
1557,25,26,225,original,15.558079719543457,651.2534790039062,651.2534790039062,15.558079719543457,0.020599365234375,933.4847412109375,39075.20703125,39075.20703125,60,622.2168947570026,0.0,a500271271bc8fec30ae968cc7e36c76752496aa733e91f5ddf6de1b446b5358,True
1558,25,21,30,original,3.7414257526397705,16.633249282836914,16.633249282836914,3.7414257526397705,0.0007252693176269531,224.48553466796875,997.994873046875,997.994873046875,60,621.609809808433,0.0,ba6ae04bb45f88955040ec7f4f39010033cafabfaaf62df62f5dd7149fb3bb73,True
1559,25,21,45,original,2.9146268367767334,12.291810035705566,12.291810035705566,2.9146268367767334,0.0004456043243408203,174.87759399414062,737.508544921875,737.508544921875,60,622.7231812663376,0.0,a6ebe15362689ec3de10e3614a0827705ff3c0fc359f54b37f3b6552d41708fe,True
1560,25,21,60,original,3.2990074157714844,16.508691787719727,16.508691787719727,3.2990074157714844,0.0006108283996582031,197.9404296875,990.5214233398438,990.5214233398438,60,621.4007209055126,0.0,86bf412c9ab5d1be46af03afd10ea4889edfd8635d2b2ff7fd01bb1e9761aa15,True
1561,25,21,75,original,3.1089255809783936,15.045520782470703,15.045520782470703,3.1089255809783936,0.0005474090576171875,186.5355224609375,902.731201171875,902.731201171875,60,614.4433189183474,0.0,09ad759338aa381926058fbcfd97d6f2c74192ebfe968614f10b35abfdb8e13b,True
1562,25,21,90,original,3.009322166442871,14.38299560546875,14.38299560546875,3.009322166442871,0.0005211830139160156,180.559326171875,862.9796752929688,862.9796752929688,60,616.0238357260823,0.0,d04c42d7c55327d6d9237812387526411ee72174730a69f341b62b201ba779b0,True
1563,25,21,105,original,3.0736629962921143,15.10431957244873,15.10431957244873,3.0736629962921143,0.0005626678466796875,184.41976928710938,906.2591552734375,906.2591552734375,60,621.7019888572395,0.0,c095fa0daaa515f69481aa6ebba3de3a88ccdeac5d88148d918b6d404d62a5b1,True
1564,25,21,120,original,3.185297727584839,15.979744911193848,15.979744911193848,3.185297727584839,0.0005850791931152344,191.11785888671875,958.78466796875,958.78466796875,60,617.3399649560452,0.0,8699638fab84be13b78826f566d42e8af2f326918bc1261adb6d5cfe7ea16f4b,True
1565,25,21,135,original,3.1752712726593018,15.694703102111816,15.694703102111816,3.1752712726593018,0.0005679130554199219,190.51626586914062,941.68212890625,941.68212890625,60,618.5949551872909,0.0,212b1556245ef38984ee58b0a485b5e6ba7a86cd9ec62ffe9af35d7671e7c182,True
1566,25,21,150,original,3.1976728439331055,15.738309860229492,15.738309860229492,3.1976728439331055,0.0005741119384765625,191.86036682128906,944.2985229492188,944.2985229492188,60,617.026427295059,0.0,7c0ea166b33ffe92cfbd5928fab670764751dd2bed72a6f5a106b0a489b22373,True
1567,25,21,165,original,2.916116952896118,13.00387191772461,13.00387191772461,2.916116952896118,0.0004649162292480469,174.96701049804688,780.2322998046875,780.2322998046875,60,620.7720772363245,0.0,e1a96788caefcc7918e25356d8c1b86632308d5e3acbe9a3934d7fbdf908ea40,True
1568,25,21,180,original,26.265676498413086,2709.056396484375,2709.056396484375,26.265676498413086,0.08367919921875,1575.9405517578125,162543.375,162543.375,60,617.4778742715716,0.0,08ac7bbaf31975a0594536f61b0aba038b944c4a13afa855735525727db8e3c4,True
1569,25,21,195,original,19.463647842407227,1059.48046875,1059.48046875,19.463647842407227,0.032745361328125,1167.81884765625,63568.828125,63568.828125,60,605.7290299795568,0.0,1550b91a16c9ce723c027b58635f69ee8761ece10b83667958f521e29b2c8e94,True
1570,25,21,210,original,7.772298812866211,122.44660186767578,122.44660186767578,7.772298812866211,0.004150390625,466.337890625,7346.7958984375,7346.7958984375,60,612.677572760731,0.0,1ab654acb1b4cdc48d1c6e29ffa662e2fa8a4cc6aefcdd23093aeb3173706fc0,True
1571,25,21,225,original,18.335243225097656,1579.5462646484375,1579.5462646484375,18.335243225097656,0.048858642578125,1100.114501953125,94772.7734375,94772.7734375,60,610.7740388251841,0.0,948fc37f1f0af829a73cbc9dd9165f379b2e54c7b43ab8cbeec246d86d924e98,True
1572,25,44,30,original,2.876924753189087,15.919557571411133,15.919557571411133,2.876924753189087,0.0007281303405761719,172.615478515625,955.1734008789062,955.1734008789062,60,611.9143688119948,0.0,386ea0f60772841f3f40fdd9e346b031b04a82a101003dec47a52f537cae0858,True
1573,25,44,45,original,7.5515875816345215,116.36685943603516,116.36685943603516,7.5515875816345215,0.004756927490234375,453.0952453613281,6982.01123046875,6982.01123046875,60,613.5093471966684,0.0,8110badbccff9c51ceca5313bb70080477740e5c8628ec710198e8dd04dc0ff6,True
1574,25,44,60,original,8.727352142333984,295.0842590332031,295.0842590332031,8.727352142333984,0.01044464111328125,523.64111328125,17705.0546875,17705.0546875,60,618.6037235893309,0.0,1aafcd712d612377f934e056020b568b93df6e699979867b60afe98c89f96fec,True
1575,25,44,75,original,11.828837394714355,314.58026123046875,314.58026123046875,11.828837394714355,0.01018524169921875,709.730224609375,18874.814453125,18874.814453125,60,618.8045530579984,0.0,6e93ea6db5675bdfdd68c5ad967c5471ff7b8ab6288db1d879d501e5d7163d57,True
1576,25,44,90,original,14.726036071777344,580.736572265625,580.736572265625,14.726036071777344,0.0179443359375,883.5621337890625,34844.19140625,34844.19140625,60,619.1041897982359,0.0,8fa45fe2603289ad9ee00bbd2d57a4b08171070c915654f7899afb53da32b83d,True
1577,25,44,105,original,3.731060743331909,21.963359832763672,21.963359832763672,3.731060743331909,0.0008997917175292969,223.86363220214844,1317.801513671875,1317.801513671875,60,616.5910810232162,0.0,85344dc0a82e31a2ce45fd445c834ec23d305298e1339921f92eea91e772b3a9,True
1578,25,44,120,original,5.324362754821777,56.71529769897461,56.71529769897461,5.324362754821777,0.0018873214721679688,319.4617614746094,3402.917724609375,3402.917724609375,60,616.713359951973,0.0,61c9c5211bbff7e0010307dc84141bd102fd4e50a59aba99b25139f942154362,True
1579,25,44,135,original,5.440828800201416,40.759857177734375,40.759857177734375,5.440828800201416,0.0017452239990234375,326.44970703125,2445.59130859375,2445.59130859375,60,615.4162310995162,0.0,e4464895c4af5dfb1f9c6df759f961a178643054d1fec4bd37b06856f4bfe4da,True
1580,25,44,150,original,4.717270374298096,38.509857177734375,38.509857177734375,4.717270374298096,0.0018367767333984375,283.03619384765625,2310.59130859375,2310.59130859375,60,616.0793253220618,0.0,fc9dd3bf97f74cdb29d518da306e4050215ecf9be06f70f7fd716aabcbd6b360,True
1581,25,44,165,original,4.930873394012451,37.86941146850586,37.86941146850586,4.930873394012451,0.0016736984252929688,295.8523864746094,2272.16455078125,2272.16455078125,60,617.9277496412396,0.0,c989467d0fed9893340d90bd8dc0d7387f87f9ba322be00b0640f3405b6a9d3a,True
1582,25,44,180,original,5.913683891296387,69.85807800292969,69.85807800292969,5.913683891296387,0.002399444580078125,354.8210144042969,4191.484375,4191.484375,60,615.9817762672901,0.0,7086fdbbbb37c82cc09b25800d136dd1a46bee2ae8580249aeb6d418cc4a4a16,True
1583,25,44,195,original,11.632160186767578,318.6264343261719,318.6264343261719,11.632160186767578,0.0102081298828125,697.9295654296875,19117.5859375,19117.5859375,60,617.2773349098861,0.0,503db9caf252b864bda977ef905b7d820c02cbc89a446f7bddbe074055158123,True
1584,25,44,210,original,19.10004997253418,962.9614868164062,962.9614868164062,19.10004997253418,0.0305938720703125,1146.0029296875,57777.6875,57777.6875,60,615.1119032874703,0.0,148aa0acf8b9cead8593288e4c0b53a837626d88bf6bdbe2da89b30e242ee3b7,True
1585,25,44,225,original,10.006572723388672,179.4306182861328,179.4306182861328,10.006572723388672,0.0068359375,600.3943481445312,10765.8369140625,10765.8369140625,60,615.0565431453288,0.0,2e0fe76a5be948f5c830d09113afcfeeafb18b72cd0c4156bcc65c9521f04d78,True
1586,25,23,30,original,5.219162940979004,56.100486755371094,56.100486755371094,5.219162940979004,0.00201416015625,313.1497497558594,3366.029052734375,3366.029052734375,60,615.3077110648155,0.0,74c0a8b0ffb342b1dbd578e516febc8e1fb960dc0948f020c2073228715dbe5b,True
1587,25,23,45,original,20.581064224243164,8992.2880859375,1311.010498046875,20.581064224243164,0.277587890625,1234.86376953125,539537.25,78660.625,60,614.9775544181466,0.0,54ab39f40787d89a186863cf4bc9d029dafae70d619298b24e5126f9fac41846,True
1588,25,23,60,original,53.191287994384766,12119.921875,7485.61083984375,53.191287994384766,0.37744140625,3191.47705078125,727195.25,449136.625,60,616.3565032184124,0.0,7357d009fe088c65e3bb58defa86e4b6cf8fb69c8e1b92d288b5e7aeba67f128,True
1589,25,23,75,original,56.37141036987305,9355.08203125,8292.2470703125,56.37141036987305,0.2939453125,3382.284423828125,561304.875,497534.78125,60,615.0575140491128,0.0,e21362b8a98b804d9f6e7eb82af4506eb126cce934ba751f1fa2d2c90131a048,True
1590,25,23,90,original,29.884174346923828,16306.103515625,2700.07177734375,29.884174346923828,0.50390625,1793.0504150390625,978366.1875,162004.296875,60,614.9384840391576,0.0,2e64c4dc596dcbe9f1ff9a12e6bc1d529331cc79474e2b43789bcdc8d826432e,True
1591,25,23,105,original,50.82830810546875,8183.490234375,7137.8154296875,50.82830810546875,0.252685546875,3049.6982421875,491009.375,428268.90625,60,614.8966439068317,0.0,fb6781ed3dafbeb5fa15329ab9a7777ade66dc558939200c9f0dde38f35a031d,True
1592,25,23,120,original,37.43482971191406,3140.587158203125,3140.587158203125,37.43482971191406,0.10382080078125,2246.089599609375,188435.21875,188435.21875,60,616.022374946624,0.0,9a30a188452d273ae962d0ed4350dbf906165d72ea9a08940d82b8e78cddb688,True
1593,25,23,135,original,7.576601982116699,94.18184661865234,94.18184661865234,7.576601982116699,0.004146575927734375,454.5960998535156,5650.91064453125,5650.91064453125,60,615.9591558389366,0.0,f706beaf51a3e92a29e756ebf29b94901e432fdd4b2bc43a482180719c96be79,True
1594,25,23,150,original,12.63263988494873,247.92816162109375,247.92816162109375,12.63263988494873,0.0098876953125,757.9583740234375,14875.6884765625,14875.6884765625,60,614.7522660903633,0.0,21e8e716402347c506663b66742e2522050805ff8337694bee250bbcd7ce3ea3,True
1595,25,23,165,original,8.057072639465332,90.81885528564453,90.81885528564453,8.057072639465332,0.004241943359375,483.4243469238281,5449.130859375,5449.130859375,60,615.3619610704482,0.0,8618b9259d4d690d92cfadf306b2759a7f35eaca224baf18c464cf78880a9894,True
1596,25,23,180,original,6.083377361297607,53.57251739501953,53.57251739501953,6.083377361297607,0.003406524658203125,365.00262451171875,3214.350830078125,3214.350830078125,60,615.415460895747,0.0,a6c0d97d26f9dae160a84d226638e027516ec4b9c307bfdcd9deed512f14e1b5,True
1597,25,23,195,original,8.115160942077637,120.12648010253906,120.12648010253906,8.115160942077637,0.00412750244140625,486.90960693359375,7207.58837890625,7207.58837890625,60,615.4548600316048,0.0,8c6cf1abb2caa8758821f282590f04fb1f7cfbeda200ad45446cbc52e2852124,True
1598,25,23,210,original,6.809629440307617,157.9509735107422,157.9509735107422,6.809629440307617,0.00513458251953125,408.5777587890625,9477.0576171875,9477.0576171875,60,615.3096808120608,0.0,b2d2d8402cc9cee9288ae2bd56ac0383b704986cb281ebeefb46a1b2e3cca39a,True
1599,25,23,225,original,39.52225875854492,4857.93359375,4857.93359375,39.52225875854492,0.1519775390625,2371.33544921875,291476.0,291476.0,60,615.2659808285534,0.0,a4f36271a1e1587cd8bdbf49f8e14abd0be90aa7816283b4f20dd9fa8e759a66,True
1600,25,53,30,original,28.05116081237793,2068.9306640625,2068.9306640625,28.05116081237793,0.06640625,1683.069580078125,124135.8359375,124135.8359375,60,616.5298810228705,0.0,c8412bf730a5baf84ca41e195a5f2e3e9aee6d241e628dd18e4cd5d36873afe4,True
1601,25,53,45,original,46.806819915771484,5072.49951171875,5072.49951171875,46.806819915771484,0.1689453125,2808.408935546875,304349.96875,304349.96875,60,615.9687261097133,0.0,63310599f80986b50465c6c56147a2db763b7734a9cce05f7f4793459d39d16c,True
1602,25,53,60,original,17.212142944335938,711.8199462890625,711.8199462890625,17.212142944335938,0.0234222412109375,1032.728515625,42709.1953125,42709.1953125,60,618.289636913687,0.0,45290e4bf5a2d2134a4dc72627b239674adba5ee4e1e23ef57464494416a3f9d,True
1603,25,53,75,original,22.58729362487793,1313.0313720703125,1313.0313720703125,22.58729362487793,0.04132080078125,1355.237548828125,78781.875,78781.875,60,615.5115789733827,0.0,a32be9461a21c24e426d49a9d0c049c00091ad7e473f61892e15ccbcfdca8df1,True
1604,25,53,90,original,25.86819076538086,1572.1895751953125,1572.1895751953125,25.86819076538086,0.05010986328125,1552.09130859375,94331.3671875,94331.3671875,60,615.6459981575608,0.0,78310a3b2cfc62166b0c318ee90d23a1d14fdf92f9f8b306a72ac05a2956b3ff,True
1605,25,53,105,original,26.367128372192383,1768.0008544921875,1768.0008544921875,26.367128372192383,0.0574951171875,1582.027587890625,106080.046875,106080.046875,60,615.0871333666146,0.0,ba0e28146293f390c3e0fc032fdd91637f9a23cf7886b088715828be855e99df,True
1606,25,53,120,original,8.77897834777832,178.6865997314453,178.6865997314453,8.77897834777832,0.006114959716796875,526.7386474609375,10721.1953125,10721.1953125,60,615.1173729449511,0.0,fc1960bf65fc0b6acf3ce224329c7c1605e7ba0e7d8f228335f5496040c499a9,True
1607,25,53,135,original,14.186861038208008,279.59222412109375,279.59222412109375,14.186861038208008,0.0137481689453125,851.2116088867188,16775.533203125,16775.533203125,60,616.6108208708465,0.0,7b31f33c1f1fb1236299cfbf30e98f45480c4de55c929e773e6efaa624434d3b,True
1608,25,53,150,original,12.786803245544434,190.6817169189453,190.6817169189453,12.786803245544434,0.00989532470703125,767.2081298828125,11440.90234375,11440.90234375,60,615.3124524280429,0.0,cf99c3416109bf21af9cb1d9f041954924b08d6bbdb4ed1beb1174fd1b777090,True
1609,25,53,165,original,10.027303695678711,146.20762634277344,146.20762634277344,10.027303695678711,0.01032257080078125,601.63818359375,8772.45703125,8772.45703125,60,616.839287802577,0.0,db754046ca19dc2cb54454ccfa6230abbf797194ae7f785dd74ef01559e5f8e8,True
1610,25,53,180,original,10.754288673400879,142.94091796875,142.94091796875,10.754288673400879,0.01197052001953125,645.2572631835938,8576.455078125,8576.455078125,60,615.1235429570079,0.0,c9b2dc0f4b35d21992ac3b8e5711f53a13f2dc9adf67753d9b2e4f84c82641c4,True
1611,25,53,195,original,8.108721733093262,183.28213500976562,183.28213500976562,8.108721733093262,0.0058746337890625,486.52325439453125,10996.927734375,10996.927734375,60,614.3809491768479,0.0,51394ae9e4124d43ed233cf44d32b80a2da26148b2e241407e3a4e4e00bb21ef,True
1612,25,53,210,original,7.331626892089844,132.4710235595703,132.4710235595703,7.331626892089844,0.0043792724609375,439.8975830078125,7948.2607421875,7948.2607421875,60,614.8926648311317,0.0,856688e2bcce58e97674ab3eda874e7df044292f05827f9ba78379a819b30e40,True
1613,25,53,225,original,4.968142986297607,66.92494201660156,66.92494201660156,4.968142986297607,0.0021648406982421875,298.08856201171875,4015.49609375,4015.49609375,60,612.0940879918635,0.0,f04df728b3de02b4f9793d4f29d0ec25f1f6e692989e00e522ba869c28d51a76,True
1614,25,84,30,original,4.628544330596924,26.458505630493164,26.458505630493164,4.628544330596924,0.001575469970703125,277.712646484375,1587.51025390625,1587.51025390625,60,612.7126221545041,0.0,3c1c6d1bea3a0a4569f919381fa6adb6abb32ba9c726ccd4522625ae237e8af1,True
1615,25,84,45,original,18.979726791381836,7631.64111328125,1181.32470703125,18.979726791381836,0.236083984375,1138.7835693359375,457898.4375,70879.4765625,60,613.9881419949234,0.0,011753083efbf77be045340a4af48f399e63c313880ebe7abcb3c3b0eaf7014c,True
1616,25,84,60,original,39.33729934692383,22565.14453125,3423.361328125,39.33729934692383,0.7001953125,2360.23779296875,1353908.625,205401.671875,60,618.4573560021818,0.0,d5d337ea1386a9fa768425009d94a01f67bee0077c3e5ee4c45bdea3f00a0294,True
1617,25,84,75,original,16.33193588256836,704.615478515625,704.615478515625,16.33193588256836,0.0223846435546875,979.9161376953125,42276.92578125,42276.92578125,60,621.0765740834177,0.0,d4014f1eb06f455e6ee57d79623e35908040e504dcb30040bd9472f3eab33d11,True
1618,25,84,90,original,18.842548370361328,5032.92822265625,1108.009765625,18.842548370361328,0.1556396484375,1130.5528564453125,301975.6875,66480.5859375,60,634.9839903414249,0.0,9c7b843dcb4e7d41d5cc2aab9ea2322f169967311f16d0bc281543850d012109,True
1619,25,84,105,original,43.29173278808594,20194.771484375,4277.05810546875,43.29173278808594,0.6240234375,2597.50390625,1211686.25,256623.46875,60,629.4355057179928,0.0,374923303e2ac6824fdd18a3b150078083e6510805e6ecbb90bc3d0bfb0da040,True
1620,25,84,120,original,4.846524238586426,28.994020462036133,28.994020462036133,4.846524238586426,0.0016231536865234375,290.79144287109375,1739.64111328125,1739.64111328125,60,640.0272590108216,0.0,c5712b966dd7958723604a26cdeea970b61fad58eb87c222227c5695d2b18db3,True
1621,25,84,135,original,5.269742965698242,34.42776870727539,34.42776870727539,5.269742965698242,0.0018339157104492188,316.1845703125,2065.666015625,2065.666015625,60,626.113043166697,0.0,60623e9a7b2ce615b38c1464e6839497758d38f41fef2750b50ba8b84fee3d5f,True
1622,25,84,150,original,5.120848655700684,32.43943786621094,32.43943786621094,5.120848655700684,0.0016374588012695312,307.25091552734375,1946.3662109375,1946.3662109375,60,625.796414911747,0.0,90d7e08397fae505da4c48750502faae6b163818191948a6a51ae3d8ef9fd70c,True
1623,25,84,165,original,13.394954681396484,748.376708984375,748.376708984375,13.394954681396484,0.0316162109375,803.697265625,44902.6015625,44902.6015625,60,625.2203797921538,0.0,5f026ccc1490f8746de6eaf77402ba81dd97418b8ea62a96e430c95cdadbd8b4,True
1624,25,84,180,original,40.36854934692383,3158.99658203125,3158.99658203125,40.36854934692383,0.12646484375,2422.11279296875,189539.78125,189539.78125,60,625.3294991329312,0.0,ec8eba9426a73af0c234fd141ffe718a04d1255b5bf05609377f7f1df203a0f6,True
1625,25,84,195,original,15.463762283325195,472.9501037597656,472.9501037597656,15.463762283325195,0.02313232421875,927.82568359375,28377.00390625,28377.00390625,60,624.2088479921222,0.0,d25f95dbbab3a24540d2590fbad3f2962a2e2dfdd6e403cd1172882b09877cc8,True
1626,25,84,210,original,34.99855422973633,2690.355712890625,2690.355712890625,34.99855422973633,0.0943603515625,2099.9130859375,161421.328125,161421.328125,60,623.3925740234554,0.0,af3f643fbca1d8e61bc66dbb6edadac82c369fd42cd7e6e644487a570d4f4bd9,True
1627,25,84,225,original,15.841169357299805,352.75506591796875,352.75506591796875,15.841169357299805,0.01317596435546875,950.4700927734375,21165.302734375,21165.302734375,60,623.6763219349086,0.0,a9d6e5aa19ecb6e3e7d7f893eb1e99bd982845773c2f6a1ffed9ccdec3df8b0f,True
1628,25,59,30,original,6.627082824707031,222.10482788085938,222.10482788085938,6.627082824707031,0.007198333740234375,397.62493896484375,13326.2890625,13326.2890625,60,622.5437116809189,0.0,e02f2fef99668a1773558ede72066f1c06c7f02ad886100c955a7b9905c64676,True
1629,25,59,45,original,37.944271087646484,3877.0126953125,3877.0126953125,37.944271087646484,0.12286376953125,2276.65625,232620.75,232620.75,60,623.8174713216722,0.0,46a43e6f1e90130ed53b2ea2143e6435235709ab7a9b5bc97d78a67a80b49faa,True
1630,25,59,60,original,11.081338882446289,363.15740966796875,363.15740966796875,11.081338882446289,0.0124053955078125,664.8803100585938,21789.443359375,21789.443359375,60,625.0739311799407,0.0,4720512cb1bd7c7af0918267452ccb9e79ea394b188e326ae612e338169da79f,True
1631,25,59,75,original,21.634063720703125,1521.6749267578125,1521.6749267578125,21.634063720703125,0.047637939453125,1298.043701171875,91300.4921875,91300.4921875,60,623.2084059156477,0.0,130a42a9819911e6f47c8a6bfc70892cfd7f5c22044691aa1cd22c3e16b96d1f,True
1632,25,59,90,original,39.85670852661133,4174.57177734375,4174.57177734375,39.85670852661133,0.12939453125,2391.40234375,250474.28125,250474.28125,60,624.0842281840742,0.0,57a51caeedb0db893093397a2a093e68c947b70450eaab9396eeb7360b7ecb17,True
1633,25,59,105,original,13.671631813049316,522.583984375,522.583984375,13.671631813049316,0.0170440673828125,820.2978515625,31355.0390625,31355.0390625,60,624.8809020034969,0.0,4453f591fd99f458709a3b95bf1565c8df84eb4d4282be74561d1a844f8f4062,True
1634,25,59,120,original,31.823808670043945,2792.932861328125,2792.932861328125,31.823808670043945,0.08648681640625,1909.428466796875,167575.96875,167575.96875,60,623.4607039950788,0.0,4ae404543f722989392992f9372528d058a48f68674c267ab458d2fabac9c7a4,True
1635,25,59,135,original,6.962182998657227,64.92464447021484,64.92464447021484,6.962182998657227,0.002307891845703125,417.73095703125,3895.478515625,3895.478515625,60,623.9793295972049,0.0,f4ec24d231e5193e7c477243b08a9ec0ee6afa7e28335fd95f3043567aedd1d2,True
1636,25,59,150,original,3.0943915843963623,19.920581817626953,19.920581817626953,3.0943915843963623,0.0006642341613769531,185.66348266601562,1195.23486328125,1195.23486328125,60,639.5386229269207,0.0,664f263635d9ab7e02f66ee066513ad123e4e3acd99ff3d630fb05f906120536,True
1637,25,59,165,original,17.113601684570312,1392.175537109375,1392.175537109375,17.113601684570312,0.04302978515625,1026.8160400390625,83530.53125,83530.53125,60,659.214710816741,0.0,144a0dd70b144f3f7529cfdfcc8c5dcf9e6d0d8229f04c54d814fd164e1bc458,True
1638,25,59,180,original,23.63210105895996,1578.7840576171875,1578.7840576171875,23.63210105895996,0.048797607421875,1417.926025390625,94727.0390625,94727.0390625,60,629.5360643416643,0.0,dfbdf92a671d5e9fb957a65b0b353a3d5f4be367f8eeea46c4d5794aa4c20524,True
1639,25,59,195,original,38.811580657958984,5286.2119140625,4792.1357421875,38.811580657958984,0.16357421875,2328.69482421875,317172.6875,287528.125,60,625.056869816035,0.0,4ac7f71d01e774ee7626c4a6937bdbfef28263d2386a471db73564844860644b,True
1640,25,59,210,original,29.965147018432617,22665.447265625,2373.357666015625,29.965147018432617,0.70068359375,1797.90869140625,1359926.75,142401.453125,60,624.193468131125,0.0,ac879168748302553911de9b744cb43acdc481580206b2282a8f157e97628e87,True
1641,25,59,225,original,14.759922981262207,619.4647827148438,619.4647827148438,14.759922981262207,0.019500732421875,885.5953369140625,37167.88671875,37167.88671875,60,623.5157940536737,0.0,45ee99e60a59a2b30cf9a82a40db123f03b0b24b2ebf8ae83916227cb7ebbcf3,True
1642,25,49,30,original,38.25410842895508,2827.92333984375,2827.92333984375,38.25410842895508,0.09808349609375,2295.246337890625,169675.390625,169675.390625,60,623.9484399557114,0.0,738dccf3d32e242dfffddb4436c68f1c14bb97ba09af99854a4e953f817da844,True
1643,25,49,45,original,27.603931427001953,1500.9459228515625,1500.9459228515625,27.603931427001953,0.049072265625,1656.23583984375,90056.75,90056.75,60,623.835960868746,0.0,b54d00803c9222f6250c9f6a1660eefe71d6fed899723a60c6d9a995e56277cb,True
1644,25,49,60,original,23.830120086669922,1996.662841796875,1996.662841796875,23.830120086669922,0.061981201171875,1429.80712890625,119799.765625,119799.765625,60,624.3439870886505,0.0,9409d28dc0f79df0ecc629a7e41d69586cc4a5c737b8ea4a0a7031acbc1d08b4,True
1645,25,49,75,original,11.978090286254883,355.9826354980469,355.9826354980469,11.978090286254883,0.01160430908203125,718.6853637695312,21358.95703125,21358.95703125,60,622.9691682383418,0.0,069053ffe67c49ae9be2a673a1dce3a403f65c9a04df77f787ce70504d4fb1e1,True
1646,25,49,90,original,25.260242462158203,1658.8812255859375,1658.8812255859375,25.260242462158203,0.05255126953125,1515.614501953125,99532.8671875,99532.8671875,60,615.9876650199294,0.0,1181d3ebd461699666a5a30ccb1fc7d6e5f70a074b4d6a6017d2b7fa99288244,True
1647,25,49,105,original,45.54923629760742,6560.95849609375,5481.0927734375,45.54923629760742,0.205322265625,2732.9541015625,393657.5,328865.5625,60,622.0924551598728,0.0,7e7ec8380b9e5a9ec6a4caafa88d700a21d7c9f71cadf2e067bda369cbb226a2,True
1648,25,49,120,original,35.08930969238281,17021.837890625,3083.963134765625,35.08930969238281,0.52685546875,2105.3583984375,1021310.25,185037.78125,60,634.0592969208956,0.0,2ecb3323c043593ce1f27095b7aeb053164cdbae6089914cba758312b95fbe4d,True
1649,25,49,135,original,63.19001007080078,9791.6083984375,9683.10546875,63.19001007080078,0.3125,3791.400390625,587496.5,580986.3125,60,614.8767941631377,0.0,6111fe5cf87fd62ee814685f7a25daeb72a2b2ba912c4b14efe286dc6c59c3c4,True
1650,25,49,150,original,28.13429832458496,8737.7802734375,1514.740478515625,28.13429832458496,0.27734375,1688.057861328125,524266.8125,90884.421875,60,617.0719456858933,0.0,6082ed69e7e6897ed5830bba14d69fbdd67489d35da607454194ba022414cfb2,True
1651,25,49,165,original,38.99985122680664,2563.111083984375,2563.111083984375,38.99985122680664,0.09326171875,2339.990966796875,153786.65625,153786.65625,60,613.8840322382748,0.0,07285333c85b22a01c0f39f9eded831be0e93270cc2ed45ba91e7b434de392cd,True
1652,25,49,180,original,31.893259048461914,1241.2591552734375,1241.2591552734375,31.893259048461914,0.07452392578125,1913.595458984375,74475.546875,74475.546875,60,621.4704001322389,0.0,773015434f6bab313c876d30bb4d95ae507b1ee74da59aae1c06faeedade0e13,True
1653,25,49,195,original,14.931225776672363,246.33670043945312,246.33670043945312,14.931225776672363,0.0161590576171875,895.8734741210938,14780.201171875,14780.201171875,60,613.0717587657273,0.0,0f399c72e9a2c6576054acc8b205125a1749f6537429e225b333f21b05f78610,True
1654,25,49,210,original,10.60245418548584,259.7537536621094,259.7537536621094,10.60245418548584,0.00852203369140625,636.147216796875,15585.2236328125,15585.2236328125,60,619.2711992189288,0.0,354b3ba82f2d216d70539db9d0e838e4a2a4fdb1a0996b75cbbf17d05bb32257,True
1655,25,49,225,original,8.28172492980957,113.0498275756836,113.0498275756836,8.28172492980957,0.0038928985595703125,496.9034423828125,6782.9892578125,6782.9892578125,60,613.8832322321832,0.0,82818a033a6695917bb16b264037ff617e0a1ffba31dac96595c32bb36d8437e,True
1656,25,7,30,original,16.405126571655273,1141.6619873046875,1141.6619873046875,16.405126571655273,0.036224365234375,984.3074951171875,68499.71875,68499.71875,60,614.9981329217553,0.0,0ff0461e38dd2a697729df844e40c1fbe5b6c089d5374f1c33e49318d1363133,True
1657,25,7,45,original,33.4051399230957,2439.647216796875,2439.647216796875,33.4051399230957,0.08526611328125,2004.308349609375,146378.828125,146378.828125,60,658.5884760133922,0.0,1d1ed61a784a3c5f8a3dc921d063535aec5f11deca0badc597a4b791ae82d7d8,True
1658,25,7,60,original,59.38382339477539,7801.47509765625,7762.82373046875,59.38382339477539,0.253662109375,3563.029296875,468088.46875,465769.40625,60,612.734341993928,0.0,73cde975b78c8b85137c522e1db1556c675a0ec26d6d75e3969c6bc6e9b3a49b,True
1659,25,7,75,original,29.523353576660156,13837.6005859375,1176.0343017578125,29.523353576660156,0.4423828125,1771.401123046875,830256.0,70562.0546875,60,612.8518111072481,0.0,9961eebe3d273b73692129513300a6f16d8b57cf453332a2729d8b1373c74e5f,True
1660,25,7,90,original,40.18525695800781,5975.22119140625,4372.31884765625,40.18525695800781,0.1849365234375,2411.115234375,358513.25,262339.125,60,612.913659773767,0.0,cab54ac29c289676bcf94b0b1b955836516758fba4bf276c8953941976747f5b,True
1661,25,7,105,original,22.269777297973633,20679.73046875,1136.229248046875,22.269777297973633,0.638671875,1336.1865234375,1240783.75,68173.75,60,613.2909571751952,0.0,fb702fb13d6b927330413838266d13f28ca820b63079dd03cb36c16cb90d70b0,True
1662,25,7,120,original,48.69789505004883,8919.87890625,5706.50244140625,48.69789505004883,0.2783203125,2921.87353515625,535192.6875,342390.125,60,616.6055100038648,0.0,c8d0067b721aa0021082a693ea4b403a011ded883cddafc8e4134f8d40d7e7c4,True
1663,25,7,135,original,56.506195068359375,8527.2451171875,7331.04296875,56.506195068359375,0.269775390625,3390.37158203125,511634.65625,439862.5625,60,603.7611747160554,0.0,e4da7cf74a115baefd04d83d6ff50bd61bb78e24a8432619feab9184bda2c1cc,True
1664,25,7,150,original,16.580799102783203,557.7648315429688,557.7648315429688,16.580799102783203,0.018096923828125,994.8478393554688,33465.88671875,33465.88671875,60,605.7935790158808,0.0,18ea394ee4118a3655fa52c5129bb4c59ff69685ba45cca369ba931fecf5f656,True
1665,25,7,165,original,6.271421432495117,56.96393585205078,56.96393585205078,6.271421432495117,0.00238800048828125,376.2852783203125,3417.8359375,3417.8359375,60,612.472674343735,0.0,d404e23405824f5bb15629c4201932ae84d5225ffc5519a1801682dd5a1f4f96,True
1666,25,7,180,original,8.521655082702637,207.84149169921875,207.84149169921875,8.521655082702637,0.007610321044921875,511.2992858886719,12470.4892578125,12470.4892578125,60,610.3052012622356,0.0,696d9584805b19d7e29bd310519793ffedc03946138e7f346bf3bbe59c7583ee,True
1667,25,7,195,original,36.079200744628906,14634.248046875,2823.970458984375,36.079200744628906,0.456787109375,2164.751953125,878054.8125,169438.21875,60,612.3285945504904,0.0,c855774e15359641aa6b13da657621eddb592585e0585ac26bc887b3c9fdcd59,True
1668,25,7,210,original,57.53432846069336,7428.78173828125,7428.78173828125,57.53432846069336,0.2357177734375,3452.0595703125,445726.875,445726.875,60,612.6057519577444,0.0,bae9ad35fce203abd18f458115bf7e28f3ab6710f033a147838586c066bf4f8a,True
1669,25,7,225,original,19.17107391357422,822.152099609375,822.152099609375,19.17107391357422,0.0255126953125,1150.264404296875,49329.125,49329.125,60,613.5041350498796,0.0,add968131ba5e6595261b28197bc9084c2de5dd348ee1cd9b4bbe9c6e5fb63ad,True
1670,25,47,30,original,2.4860057830810547,13.205906867980957,13.205906867980957,2.4860057830810547,0.0004668235778808594,149.16033935546875,792.3543701171875,792.3543701171875,60,616.3409221917391,0.0,9ca68c38f63e6c4bb1c9bc13a4cabb51052a64cbfb8d3e45ecfe43b147f94297,True
1671,25,47,45,original,12.877787590026855,4081.32861328125,1056.45166015625,12.877787590026855,0.1270751953125,772.667236328125,244879.703125,63387.09375,60,614.9390731006861,0.0,47ea451a2f4053094227900c01d8c23e1f45d3d9f845d349904f8ab8b5fb3380,True
1672,25,47,60,original,36.62570571899414,20931.935546875,3487.697021484375,36.62570571899414,0.64697265625,2197.542236328125,1255916.125,209261.8125,60,611.4334929734468,0.0,3b97da481d88165b21ff588878360558c48011c137345957d88f1111a3e7341c,True
1673,25,47,75,original,21.873151779174805,6112.458984375,1338.760009765625,21.873151779174805,0.190673828125,1312.3890380859375,366747.53125,80325.59375,60,613.1376782432199,0.0,afaa2a660341510d3e2afbdae98dff819de6df84cc76e389cb53f815a280f454,True
1674,25,47,90,original,57.7379035949707,8101.7421875,8101.7421875,57.7379035949707,0.25048828125,3464.27392578125,486104.5,486104.5,60,613.150468096137,0.0,3fea7e8a42924d71e5c055c8e978f01e9cc7520d05aa82b5b10c4513cc195e2f,True
1675,25,47,105,original,12.710745811462402,488.2452697753906,488.2452697753906,12.710745811462402,0.0151519775390625,762.6447143554688,29294.71484375,29294.71484375,60,626.7823963426054,0.0,e07c5b0dfc004976e06b7646aed472b74d8c8a18480aba5f9527a9e2c9c1052a,True
1676,25,47,120,original,12.58719539642334,478.2840270996094,478.2840270996094,12.58719539642334,0.0149078369140625,755.231689453125,28697.041015625,28697.041015625,60,612.4143740162253,0.0,f3399e6453be0e93a9622f816679c2e6bfd8cebb1f0afc1779d4b89408c52fbf,True
1677,25,47,135,original,12.642053604125977,482.0908508300781,482.0908508300781,12.642053604125977,0.01499176025390625,758.523193359375,28925.44921875,28925.44921875,60,614.7281848825514,0.0,b53e20bd3e42b3c9d10474d78c69903512ebcd62f45626f8fa8ed04fceeb90b4,True
1678,25,47,150,original,12.52328109741211,479.03662109375,479.03662109375,12.52328109741211,0.0148468017578125,751.3968505859375,28742.1953125,28742.1953125,60,612.320494838059,0.0,9810f433155cae4654b20d883c5eb01669905e4828b1bba7a1d9efaf10ce1f0a,True
1679,25,47,165,original,12.333276748657227,467.21533203125,467.21533203125,12.333276748657227,0.01448822021484375,739.99658203125,28032.91796875,28032.91796875,60,611.8628792464733,0.0,f787b10fbe83e7e19809804d1882e6e99b8463286c0443fb87184879486cb208,True
1680,25,47,180,original,25.523569107055664,9438.326171875,2387.80126953125,25.523569107055664,0.293701171875,1531.4140625,566299.5625,143268.0625,60,616.1023038439453,0.0,7c8be059b404beef439f71f66be0c8479b61572296d99c2b9082b1fcca2c2f3f,True
1681,25,47,195,original,59.98126220703125,8541.8291015625,8001.0439453125,59.98126220703125,0.26806640625,3598.87548828125,512509.71875,480062.625,60,628.894159104675,0.0,1958ab42cdf4457a4847d962d0b0f4529cc0db88c185be879040b64582a80937,True
1682,25,47,210,original,33.93396759033203,2478.5869140625,2478.5869140625,33.93396759033203,0.07958984375,2036.0379638671875,148715.203125,148715.203125,60,642.2236799262464,0.0,a3faf8176f04e8925e065b7a609c22adaf6b7667e50922a6d98a6a69ed1d990d,True
1683,25,47,225,original,14.000297546386719,491.0556335449219,491.0556335449219,14.000297546386719,0.0166015625,840.017822265625,29463.3359375,29463.3359375,60,647.8103441186249,0.0,774c75c939cc7f7e0f2535eb359e084db8ea1f64e4c38c6a6a9b4289278769bf,True
1684,25,30,30,original,7.546980381011963,109.09635925292969,109.09635925292969,7.546980381011963,0.0037174224853515625,452.81878662109375,6545.78125,6545.78125,60,613.0201588384807,0.0,05557da863d476d138b71f75639c0cdf75dace4a0eeffea9493280b48f1d0107,True
1685,25,30,45,original,3.6009950637817383,20.850627899169922,20.850627899169922,3.6009950637817383,0.0011138916015625,216.0596923828125,1251.03759765625,1251.03759765625,60,612.4972929246724,0.0,10625994a4b73f7c4810535fb9e73a0ca7f67950ed0cbbc25212072818176838,True
1686,25,30,60,original,3.2719573974609375,16.27071762084961,16.27071762084961,3.2719573974609375,0.0005712509155273438,196.3174285888672,976.2430419921875,976.2430419921875,60,612.4103651382029,0.0,1de3d2dce24a48675238821c7df2ca555d1d87a8cb6b3e3a31c9fb1b95a94c22,True
1687,25,30,75,original,3.5124030113220215,17.581396102905273,17.581396102905273,3.5124030113220215,0.0008630752563476562,210.74417114257812,1054.8836669921875,1054.8836669921875,60,612.3024853877723,0.0,0777785028da073b9d769b00bf714b874f78a1ed450390b68da181f1c6e67ef5,True
1688,25,30,90,original,2.6032896041870117,10.764925956726074,10.764925956726074,2.6032896041870117,0.0003631114959716797,156.19737243652344,645.8955078125,645.8955078125,60,613.1533579900861,0.0,9cbf453ed3a07208109c94fe6bb9390d1a3c5e1615217bbefece651488ece03f,True
1689,25,30,105,original,2.519061326980591,16.467069625854492,16.467069625854492,2.519061326980591,0.0005164146423339844,151.1436767578125,988.024169921875,988.024169921875,60,618.4269050136209,0.0,2ea573fba2f01187ee5f0f6b2bc2100baa4010f5c633b0c8f0c485e032a4215b,True
1690,25,30,120,original,3.0330491065979004,15.380892753601074,15.380892753601074,3.0330491065979004,0.0006060600280761719,181.98294067382812,922.853515625,922.853515625,60,622.7618991397321,0.0,145364fad17482c06d6fa455fa4f8d01356b76ce59b60b9caa0eb236f6e01b71,True
1691,25,30,135,original,2.6125059127807617,11.998836517333984,11.998836517333984,2.6125059127807617,0.00038361549377441406,156.75035095214844,719.93017578125,719.93017578125,60,613.6228637769818,0.0,1afca724bd60ea6b2ded643613beaf098e28ec549ab00b6ec1de9689e31518c7,True
1692,25,30,150,original,2.931058883666992,13.53010082244873,13.53010082244873,2.931058883666992,0.0005145072937011719,175.863525390625,811.8060302734375,811.8060302734375,60,612.7067408524454,0.0,14a82e71bb6a4ea49cfb45e5fd11236d099b5042e78185460672bbaafc60da71,True
1693,25,30,165,original,4.231353759765625,43.52357482910156,43.52357482910156,4.231353759765625,0.0014410018920898438,253.88121032714844,2611.414306640625,2611.414306640625,60,611.6016507148743,0.0,12cf87b8aab47ea6397fa07324fb06ba3da30c902945e3e066a1160b26d4e4da,True
1694,25,30,180,original,3.963059425354004,26.604267120361328,26.604267120361328,3.963059425354004,0.000873565673828125,237.78355407714844,1596.2559814453125,1596.2559814453125,60,611.8500791490078,0.0,9d8246f54e91a6f5be25c3635dd163873870041358c4ae68daec29f7cc7779a1,True
1695,25,30,195,original,4.183794021606445,23.20279884338379,23.20279884338379,4.183794021606445,0.0008449554443359375,251.0276336669922,1392.1678466796875,1392.1678466796875,60,611.5631512366235,0.0,ccfdc975f4d8e1d5e6557aa752a12cfddd3eb2a7f9763b92c53c01511546088a,True
1696,25,30,210,original,3.3119354248046875,17.490467071533203,17.490467071533203,3.3119354248046875,0.0007271766662597656,198.7161102294922,1049.427978515625,1049.427978515625,60,614.5614958368242,0.0,a5cd471df0fb95d27602af1d1e2cae6bb0aca57194c5e68eb99601b706abd1ab,True
1697,25,30,225,original,2.362567186355591,12.154215812683105,12.154215812683105,2.362567186355591,0.00044727325439453125,141.7540283203125,729.2529296875,729.2529296875,60,615.3685790486634,0.0,1c58c729ef2b6813859bc2a55143a3a866a9e3a7cf090a6e393b6671e01fec5e,True
