sample_id,video,user,timestep,mae,corrected_rmse,mean_angular_error,latency_ms,target_forward_count,accepted_sum,finite
0,4,83,30,14.673766948034366,19.436421407301918,14.673766948034366,148.8981619477272,4,19,True
1,4,83,45,22.266000242034593,27.30957764063159,22.266000242034593,120.95822393894196,4,18,True
2,4,83,60,12.845533672471841,16.44640837979086,12.845533672471841,119.60904393345118,4,19,True
3,4,83,75,19.43330407384783,29.699701188518947,19.43330407384783,119.84827416017652,4,19,True
4,4,83,90,24.259984683493773,40.20473528856901,24.259984683493773,119.8717039078474,4,19,True
5,4,83,105,40.74064950843652,67.06277966290169,40.74064950843652,151.7680729739368,5,17,True
6,4,83,120,6.4786695818106335,8.377566354301258,6.4786695818106335,119.85217407345772,4,19,True
7,4,83,135,6.470780348777771,7.160733459882576,6.470780348777771,120.03134377300739,4,19,True
8,4,83,150,11.382723406950634,17.3535949706101,11.382723406950634,120.60459377244115,4,19,True
9,4,83,165,7.330948030948639,9.503273970649753,7.330948030948639,121.59296404570341,4,19,True
10,4,83,180,27.859499563152593,47.111378527860396,27.859499563152593,121.99297500774264,4,19,True
11,4,83,195,12.680955157304803,15.373606504515772,12.680955157304803,122.53148481249809,4,18,True
12,4,83,210,12.156248260786136,20.989591723514923,12.156248260786136,121.7896742746234,4,19,True
13,4,83,225,30.931617932766677,47.50119685057648,30.931617932766677,121.67134508490562,4,19,True
14,4,15,30,10.17801048035423,12.576484120589063,10.17801048035423,121.63092382252216,4,19,True
15,4,15,45,3.0927710821231207,4.056734605405632,3.0927710821231207,123.2750453054905,4,18,True
16,4,15,60,1.7240238706270854,2.293698806186206,1.7240238706270854,121.25407392159104,4,19,True
17,4,15,75,1.6015690167744954,2.2557850813019433,1.6015690167744954,121.45128473639488,4,19,True
18,4,15,90,1.6317180156707765,2.355411045345869,1.6317180156707765,121.47773383185267,4,19,True
19,4,15,105,6.94796960229675,12.094124754100557,6.94796960229675,120.8342551253736,4,19,True
20,4,15,120,8.582683608929317,12.8738151802117,8.582683608929317,120.552783831954,4,18,True
21,4,15,135,1.2756533861160277,1.9690485553990713,1.2756533861160277,119.83284400776029,4,19,True
22,4,15,150,1.2786514282226562,1.734422885864326,1.2786514282226562,119.7428940795362,4,19,True
23,4,15,165,6.9058386822541555,13.044284752506028,6.9058386822541555,119.71776420250535,4,19,True
24,4,15,180,13.4732575584203,23.46507742575822,13.4732575584203,119.56094298511744,4,19,True
25,4,15,195,7.61891980804503,10.009705471029726,7.61891980804503,119.70591358840466,4,19,True
26,4,15,210,23.40932889133692,43.50143920362425,23.40932889133692,119.67060388997197,4,19,True
27,4,15,225,12.776274545987446,18.86042969982748,12.776274545987446,119.73845399916172,4,19,True
28,4,3,30,13.081925322612127,18.94264340465658,13.081925322612127,121.59899435937405,4,19,True
29,4,3,45,20.61498980894685,28.08673423144191,20.61498980894685,122.22863407805562,4,18,True
30,4,3,60,8.511273039070268,9.680509961575689,8.511273039070268,121.24621402472258,4,19,True
31,4,3,75,6.412805770772199,8.654834858800543,6.412805770772199,121.37577496469021,4,19,True
32,4,3,90,2.5351736271133025,3.946393413531688,2.5351736271133025,121.76834419369698,4,19,True
33,4,3,105,4.800572564577063,7.355001551807189,4.800572564577063,121.89326481893659,4,19,True
34,4,3,120,3.200472617894411,5.349169758854624,3.200472617894411,122.0590048469603,4,19,True
35,4,3,135,11.605414430300394,14.932816380691598,11.605414430300394,122.02833499759436,4,19,True
36,4,3,150,11.550800499816736,16.199644817480408,11.550800499816736,121.79561471566558,4,19,True
37,4,3,165,13.609344760576883,17.912014368225616,13.609344760576883,121.6314141638577,4,19,True
38,4,3,180,6.943914071718852,12.036565823048255,6.943914071718852,121.69920420274138,4,19,True
39,4,3,195,4.352114739020665,6.439533189184076,4.352114739020665,121.93187512457371,4,19,True
40,4,3,210,1.8224029997984568,2.3560759134001974,1.8224029997984568,121.86514493077993,4,19,True
41,4,3,225,3.509755482276281,3.832173452886658,3.509755482276281,121.87208514660597,4,19,True
42,4,35,30,8.086833416235944,10.102915722634947,8.086833416235944,122.55962518975139,4,19,True
43,4,35,45,6.8278122360507645,8.13150988203569,6.8278122360507645,122.34323471784592,4,19,True
44,4,35,60,3.858391484618187,5.655518504623137,3.858391484618187,121.61467410624027,4,19,True
45,4,35,75,2.457217800617218,3.7494288937934677,2.457217800617218,121.58573372289538,4,19,True
46,4,35,90,3.1453908960024517,6.893737451652237,3.1453908960024517,121.51244515553117,4,19,True
47,4,35,105,5.756633055706819,7.733560604693279,5.756633055706819,121.66390521451831,4,19,True
48,4,35,120,4.777321104705334,6.08334425975532,4.777321104705334,121.73971487209201,4,19,True
49,4,35,135,3.4339918442070485,5.356221563125395,3.4339918442070485,121.82749528437853,4,19,True
50,4,35,150,3.97518825083971,5.384556293149476,3.97518825083971,122.38532491028309,4,19,True
51,4,35,165,11.104454338550568,16.365542860273774,11.104454338550568,121.86218472197652,4,19,True
52,4,35,180,22.686480037371318,37.83769525403227,22.686480037371318,121.6398342512548,4,19,True
53,4,35,195,5.122241620222727,6.792509854573245,5.122241620222727,122.38676426932216,4,18,True
54,4,35,210,2.7144415934880572,3.6338011775694397,2.7144415934880572,121.59499386325479,4,19,True
55,4,35,225,4.699756918350856,8.09918178260207,4.699756918350856,121.5786449611187,4,19,True
56,4,48,30,4.81383610633978,7.511038442143773,4.81383610633978,121.67524499818683,4,19,True
57,4,48,45,14.574180530756712,21.94991990486766,14.574180530756712,121.67458515614271,4,19,True
58,4,48,60,13.344034969061614,20.502767958011894,13.344034969061614,121.93001480773091,4,19,True
59,4,48,75,5.411749266632251,8.686165592784178,5.411749266632251,122.27257480844855,4,19,True
60,4,48,90,4.905072886745135,6.27382283641309,4.905072886745135,121.930664870888,4,19,True
61,4,48,105,7.787887495259444,11.847961490558783,7.787887495259444,121.96833500638604,4,19,True
62,4,48,120,27.606665097673734,41.664532109925624,27.606665097673734,122.57597502321005,4,18,True
63,4,48,135,25.19650066147248,36.489297555700354,25.19650066147248,121.38494476675987,4,19,True
64,4,48,150,11.967187450329464,15.538154272123345,11.967187450329464,121.95666460320354,4,19,True
65,4,48,165,5.723949913183848,6.365394683731633,5.723949913183848,121.90219480544329,4,19,True
66,4,48,180,10.061459081806243,17.346576080233888,10.061459081806243,121.84015521779656,4,19,True
67,4,48,195,12.617972606420517,20.051528134292518,12.617972606420517,121.85872485861182,4,19,True
68,4,48,210,13.142108741402627,20.207931938788025,13.142108741402627,121.70247500762343,4,19,True
69,4,48,225,16.2861675478518,21.861147259533883,16.2861675478518,122.22616514191031,4,18,True
70,4,22,30,3.254760867357254,4.196095845382206,3.254760867357254,121.43163476139307,4,19,True
71,4,22,45,4.80377054537336,5.1888802404289684,4.80377054537336,121.38386396691203,4,19,True
72,4,22,60,2.1305366083979607,3.867964977580958,2.1305366083979607,121.54794484376907,4,19,True
73,4,22,75,2.4984398166338604,3.356840162142627,2.4984398166338604,121.68369488790631,4,19,True
74,4,22,90,3.9311886290709177,8.935739202904974,3.9311886290709177,121.64612486958504,4,19,True
75,4,22,105,3.6231065054734546,6.608055166106826,3.6231065054734546,121.91057484596968,4,18,True
76,4,22,120,1.925587031741937,2.4580892236018306,1.925587031741937,121.2553447112441,4,19,True
77,4,22,135,1.8816619634628295,2.5716043559679327,1.8816619634628295,121.50825466960669,4,19,True
78,4,22,150,1.512021982918183,1.9653486323605942,1.512021982918183,127.22916714847088,4,19,True
79,4,22,165,10.31149171317617,17.149142388644027,10.31149171317617,126.84235582128167,4,19,True
80,4,22,180,16.66269315679868,30.24385196043871,16.66269315679868,121.42537487670779,4,19,True
81,4,22,195,3.8183844655752184,4.4202654467323415,3.8183844655752184,122.13618494570255,4,18,True
82,4,22,210,6.011667336026828,7.05918290733428,6.011667336026828,121.41738506034017,4,19,True
83,4,22,225,5.435782605432905,10.589808830709085,5.435782605432905,121.30355462431908,4,19,True
84,4,55,30,10.096071533113719,13.279719930288941,10.096071533113719,122.60563485324383,4,18,True
85,4,55,45,8.485269148896139,10.293019393355143,8.485269148896139,121.60208495333791,4,19,True
86,4,55,60,6.674600542833407,11.400830896020706,6.674600542833407,121.56524509191513,4,19,True
87,4,55,75,13.329436742266019,24.845654555622964,13.329436742266019,122.59387504309416,4,18,True
88,4,55,90,3.7600317299365997,7.1851799504244935,3.7600317299365997,121.83570489287376,4,19,True
89,4,55,105,3.7459141890207928,6.239185848458287,3.7459141890207928,121.81884422898293,4,19,True
90,4,55,120,2.317352526386579,3.4814275635887393,2.317352526386579,121.72959512099624,4,19,True
91,4,55,135,7.096343912781837,8.544157113948408,7.096343912781837,122.41511512547731,4,18,True
92,4,55,150,15.189860620598,25.445947642827,15.189860620598,122.19825480133295,4,18,True
93,4,55,165,31.861822470029196,46.64320203698386,31.861822470029196,122.91308585554361,4,18,True
94,4,55,180,19.042564368247987,33.2354254209533,19.042564368247987,121.90729519352317,4,19,True
95,4,55,195,11.748710496475299,14.725404425543898,11.748710496475299,122.78045527637005,4,18,True
96,4,55,210,40.50886917114258,70.23845419612654,40.50886917114258,122.96407576650381,4,18,True
97,4,55,225,30.48622835576534,51.57684698410756,30.48622835576534,122.77559516951442,4,18,True
98,4,4,30,19.716222401817017,39.880846385972475,19.716222401817017,122.70291615277529,4,19,True
99,4,4,45,9.377767200767995,11.212904807712912,9.377767200767995,122.82008538022637,4,18,True
100,4,4,60,9.98323468901217,15.011302070931695,9.98323468901217,122.63900600373745,4,18,True
101,4,4,75,10.563699301177015,15.97581258369516,10.563699301177015,122.82455479726195,4,18,True
102,4,4,90,9.335453061914693,14.823266281413643,9.335453061914693,122.23766418173909,4,18,True
103,4,4,105,9.261083714167277,12.823823148477224,9.261083714167277,121.09760427847505,4,18,True
104,4,4,120,7.923996739710371,13.153424989820099,7.923996739710371,120.7632152363658,4,18,True
105,4,4,135,9.003961131721734,14.59271818621164,9.003961131721734,120.67898502573371,4,18,True
106,4,4,150,13.079211359967788,23.40353284676621,13.079211359967788,120.57087384164333,4,18,True
107,4,4,165,10.729042679071426,15.102032671811553,10.729042679071426,120.64424389973283,4,18,True
108,4,4,180,11.460100066661834,21.007862776998014,11.460100066661834,120.55365415289998,4,18,True
109,4,4,195,37.887088133891424,69.13271810508904,37.887088133891424,120.48560474067926,4,18,True
110,4,4,210,19.98456551072498,39.435439969008144,19.98456551072498,120.71390496566892,4,18,True
111,4,4,225,14.182987726728122,24.267093815872283,14.182987726728122,121.68521480634809,4,18,True
112,4,45,30,9.805841767787934,13.198980691428504,9.805841767787934,121.48840399459004,4,19,True
113,4,45,45,10.42605512291193,16.64508048829949,10.42605512291193,121.24374508857727,4,19,True
114,4,45,60,8.247777494291464,12.516347247071536,8.247777494291464,121.98579497635365,4,18,True
115,4,45,75,21.98973871494333,45.42412418089098,21.98973871494333,120.92830520123243,4,19,True
116,4,45,90,45.55604820946852,73.2006699860668,45.55604820946852,120.54174486547709,4,18,True
117,4,45,105,3.8462353107829887,5.322259964881199,3.8462353107829887,120.05437538027763,4,19,True
118,4,45,120,1.7738937154412269,2.1728888357706073,1.7738937154412269,119.76986518129706,4,19,True
119,4,45,135,1.7710150544842085,2.1927737216667134,1.7710150544842085,119.87772397696972,4,19,True
120,4,45,150,1.6536723564068476,2.0831091243275615,1.6536723564068476,119.6970846503973,4,19,True
121,4,45,165,3.233295104528467,5.344253767619897,3.233295104528467,119.6474451571703,4,19,True
122,4,45,180,10.555109226703644,18.08874175094686,10.555109226703644,119.69771375879645,4,19,True
123,4,45,195,3.840326859553655,5.993115674883801,3.840326859553655,119.65011386200786,4,19,True
124,4,45,210,6.7733500103155775,10.421171614357213,6.7733500103155775,121.05271499603987,4,19,True
125,4,45,225,6.78596878288469,11.137035072257657,6.78596878288469,121.42003513872623,4,19,True
126,4,60,30,9.189164428412914,13.887305156604215,9.189164428412914,121.69874459505081,4,19,True
127,4,60,45,14.916696009039878,19.697341742703514,14.916696009039878,121.68391607701778,4,19,True
128,4,60,60,4.142931264638901,5.305927707044095,4.142931264638901,120.8384339697659,4,19,True
129,4,60,75,9.609062354266644,14.985278741477273,9.609062354266644,119.70009375363588,4,19,True
130,4,60,90,7.364806137979031,11.182390254610345,7.364806137979031,119.84640406444669,4,19,True
131,4,60,105,6.980433857440948,12.448129912519486,6.980433857440948,119.99291507527232,4,19,True
132,4,60,120,2.867304722468058,3.784082083092584,2.867304722468058,119.99870464205742,4,19,True
133,4,60,135,4.524349248409271,6.572476840143692,4.524349248409271,119.80455461889505,4,19,True
134,4,60,150,4.593156615893046,6.7340007787146785,4.593156615893046,120.17501471564174,4,19,True
135,4,60,165,8.815819350878398,12.575167284718033,8.815819350878398,121.60250497981906,4,19,True
136,4,60,180,21.312210210164388,33.934953057246936,21.312210210164388,120.0194749981165,4,19,True
137,4,60,195,13.198820636669796,19.089302022434254,13.198820636669796,121.64876516908407,4,19,True
138,4,60,210,4.980348626772563,6.428275171926483,4.980348626772563,121.56756594777107,4,19,True
139,4,60,225,4.46397279103597,7.7873179520796505,4.46397279103597,121.69706495478749,4,19,True
140,4,26,30,6.83269552787145,9.595537699181989,6.83269552787145,121.4526747353375,4,19,True
141,4,26,45,2.529272178808848,3.239987167279499,2.529272178808848,121.44467514008284,4,19,True
142,4,26,60,2.8153630514939625,3.711435963846311,2.8153630514939625,121.59424601122737,4,19,True
143,4,26,75,1.6755932137370109,2.1437674553786,1.6755932137370109,121.57110497355461,4,19,True
144,4,26,90,1.8528661899268628,2.431709933468807,1.8528661899268628,121.72460462898016,4,19,True
145,4,26,105,2.5398117686311403,3.040819760722301,2.5398117686311403,121.51130614802241,4,19,True
146,4,26,120,1.7672080596288045,2.2520623953430667,1.7672080596288045,121.68362503871322,4,19,True
147,4,26,135,2.3881807148456575,3.0946371873514513,2.3881807148456575,121.51532620191574,4,19,True
148,4,26,150,1.6354743560155234,2.1303302927284533,1.6354743560155234,121.38261506333947,4,19,True
149,4,26,165,3.85541570186615,5.627574099615872,3.85541570186615,121.28332490101457,4,19,True
150,4,26,180,11.161603641510009,22.413119048252167,11.161603641510009,121.65262503549457,4,19,True
151,4,26,195,7.129905329147975,11.440516447928477,7.129905329147975,121.54138507321477,4,19,True
152,4,26,210,17.556721274058024,26.854820569981786,17.556721274058024,121.62652518600225,4,19,True
153,4,26,225,26.13547909470896,36.155594798808714,26.13547909470896,122.41042591631413,4,18,True
154,4,21,30,2.0616845505622527,2.5397569023906783,2.0616845505622527,121.3011653162539,4,19,True
155,4,21,45,2.13178001443545,2.665673642699247,2.13178001443545,121.59267533570528,4,19,True
156,4,21,60,2.379815734922886,2.9126105587918314,2.379815734922886,121.73731485381722,4,19,True
157,4,21,75,2.045216579238574,2.5323675835848443,2.045216579238574,121.63132568821311,4,19,True
158,4,21,90,2.1588426371415457,2.7284567385177083,2.1588426371415457,121.35428469628096,4,19,True
159,4,21,105,2.032085132598877,2.699404299508635,2.032085132598877,121.680345851928,4,19,True
160,4,21,120,2.0771596829096475,2.6891787693316367,2.0771596829096475,121.74635520204902,4,19,True
161,4,21,135,1.9479951123396555,2.489637171205859,1.9479951123396555,121.70916609466076,4,19,True
162,4,21,150,1.9385519842306773,2.517246805920351,1.9385519842306773,121.37709464877844,4,19,True
163,4,21,165,5.329273454348246,8.721274459415527,5.329273454348246,121.6705460101366,4,19,True
164,4,21,180,6.230054479837418,10.826187198280701,6.230054479837418,121.86058610677719,4,19,True
165,4,21,195,3.5497111837069193,4.2742768191800184,3.5497111837069193,121.87354499474168,4,19,True
166,4,21,210,2.173395170768102,2.782985403948048,2.173395170768102,121.74003617838025,4,19,True
167,4,21,225,2.198582923412323,2.8729501359264926,2.198582923412323,121.55342474579811,4,19,True
168,4,44,30,8.710115768015385,11.888143809804022,8.710115768015385,121.42216600477695,4,19,True
169,4,44,45,4.931214276949564,6.563419390878868,4.931214276949564,122.49114597216249,4,18,True
170,4,44,60,7.481358770529429,10.53484684988132,7.481358770529429,121.55719520524144,4,19,True
171,4,44,75,3.867131897807121,6.233479772896933,3.867131897807121,121.88320467248559,4,19,True
172,4,44,90,17.07481353580952,28.707759316893515,17.07481353580952,121.70540587976575,4,19,True
173,4,44,105,18.637180351217587,31.3305507237145,18.637180351217587,122.36364465206861,4,18,True
174,4,44,120,7.276857052495083,8.309450138008746,7.276857052495083,122.33052495867014,4,18,True
175,4,44,135,5.538652962446212,7.074485713303718,5.538652962446212,121.70529598370194,4,19,True
176,4,44,150,9.770876010258993,14.227205335774503,9.770876010258993,121.4481950737536,4,19,True
177,4,44,165,10.0452401638031,13.616511646175288,10.0452401638031,121.94781517609954,4,19,True
178,4,44,180,24.412175631181647,39.98632383966412,24.412175631181647,122.38945486024022,4,18,True
179,4,44,195,12.845251529415448,16.86688330120222,12.845251529415448,122.52449616789818,4,18,True
180,4,44,210,13.404496629039446,20.383805980575683,13.404496629039446,122.6097559556365,4,18,True
181,4,44,225,13.924014139175416,23.011414901244848,13.924014139175416,123.05864598602057,4,18,True
182,4,23,30,37.570708304146926,60.032503033821875,37.570708304146926,121.77744600921869,4,19,True
183,4,23,45,8.829882744948069,13.063252295790859,8.829882744948069,122.90686601772904,4,18,True
184,4,23,60,24.251484130819637,34.081679902410265,24.251484130819637,122.98564612865448,4,18,True
185,4,23,75,9.808886910478273,13.391221191414925,9.808886910478273,122.55976581946015,4,18,True
186,4,23,90,7.771165390809377,9.798178097347948,7.771165390809377,122.36651591956615,4,18,True
187,4,23,105,7.109699410696824,13.466373089837257,7.109699410696824,121.52479635551572,4,19,True
188,4,23,120,41.001193750152986,74.21773770448954,41.001193750152986,119.94081502780318,4,19,True
189,4,23,135,31.147950718800228,47.470571118224946,31.147950718800228,121.19427602738142,4,18,True
190,4,23,150,24.4079842582345,33.14924893885965,24.4079842582345,120.68897485733032,4,18,True
191,4,23,165,34.49804717550675,52.352211583535706,34.49804717550675,120.71574479341507,4,18,True
192,4,23,180,35.385619164258244,52.426339302508445,35.385619164258244,120.52836501970887,4,18,True
193,4,23,195,11.775958810498317,15.583014140608704,11.775958810498317,120.54168526083231,4,18,True
194,4,23,210,30.598237456878028,44.66293899380535,30.598237456878028,120.57851627469063,4,18,True
195,4,23,225,26.57434886271755,40.24020570612732,26.57434886271755,120.95552496612072,4,18,True
196,4,53,30,7.156878590583801,10.91798037036337,7.156878590583801,121.34711584076285,4,19,True
197,4,53,45,8.64179995059967,9.982889466323511,8.64179995059967,121.73426616936922,4,19,True
198,4,53,60,4.1370855331420895,6.249370805868543,4.1370855331420895,121.74175586551428,4,19,True
199,4,53,75,13.964542320370674,20.21994007222683,13.964542320370674,123.2032161206007,4,19,True
200,4,53,90,19.609435345729192,25.398902146402758,19.609435345729192,129.7053978778422,4,19,True
201,4,53,105,13.705848756432534,19.41154526563414,13.705848756432534,122.40438628941774,4,18,True
202,4,53,120,15.530506680409113,24.042868169567654,15.530506680409113,122.80094623565674,4,18,True
203,4,53,135,7.405421941479047,9.724863480073402,7.405421941479047,122.7720151655376,4,18,True
204,4,53,150,5.903399683038393,7.328048306093876,5.903399683038393,121.91471457481384,4,19,True
205,4,53,165,14.908246675506234,21.644236005727954,14.908246675506234,121.86823505908251,4,19,True
206,4,53,180,14.25680995931228,23.645944335334317,14.25680995931228,121.64561590179801,4,19,True
207,4,53,195,6.169896109898885,9.591320759239382,6.169896109898885,122.54712590947747,4,18,True
208,4,53,210,13.586626355350017,21.227453048544433,13.586626355350017,121.75540579482913,4,19,True
209,4,53,225,14.746574669579665,21.231644279649093,14.746574669579665,121.8947060406208,4,19,True
210,4,84,30,41.48333430743466,71.14825872476445,41.48333430743466,122.79649591073394,4,18,True
211,4,84,45,7.978693659727772,10.060021392191878,7.978693659727772,122.54655594006181,4,18,True
212,4,84,60,34.957725115244585,56.72266754299751,34.957725115244585,121.75247631967068,4,19,True
213,4,84,75,46.68654519120852,69.10696525778862,46.68654519120852,121.99535500258207,4,18,True
214,4,84,90,7.253709044059118,9.947827422735545,7.253709044059118,121.3074759580195,4,19,True
215,4,84,105,9.31121819416682,14.099618500637611,9.31121819416682,121.6190061531961,4,19,True
216,4,84,120,4.246980928877989,5.120984243265266,4.246980928877989,121.74368603155017,4,19,True
217,4,84,135,2.802211097876231,3.593577137445916,2.802211097876231,121.90174590796232,4,19,True
218,4,84,150,2.6956630766391756,3.368766916192984,2.6956630766391756,121.98652606457472,4,19,True
219,4,84,165,13.808730049928029,22.087809030450774,13.808730049928029,122.04536609351635,4,19,True
220,4,84,180,28.714340338110922,39.41116565500993,28.714340338110922,121.82312598451972,4,19,True
221,4,84,195,8.782633082071941,11.903004242418488,8.782633082071941,121.5703459456563,4,19,True
222,4,84,210,11.713863212863604,18.665449373088475,11.713863212863604,122.62602616101503,4,18,True
223,4,84,225,9.26575098594961,12.762873724871447,9.26575098594961,121.8289858661592,4,19,True
224,4,59,30,2.525962233543396,3.0316045964234926,2.525962233543396,121.91346567124128,4,19,True
225,4,59,45,1.7746963240206242,2.032193895174425,1.7746963240206242,121.68190581724048,4,19,True
226,4,59,60,1.9697590790688992,2.5801651895809083,1.9697590790688992,121.71050580218434,4,19,True
227,4,59,75,1.9703234707315762,3.2103282607454076,1.9703234707315762,121.89532583579421,4,19,True
228,4,59,90,2.4963010395566623,4.379561318903501,2.4963010395566623,122.60476592928171,4,19,True
229,4,59,105,3.053129818042119,4.321931179712437,3.053129818042119,121.67584476992488,4,19,True
230,4,59,120,3.273717568318049,3.925771483543966,3.273717568318049,121.43579637631774,4,19,True
231,4,59,135,2.280487082960705,2.66803896725513,2.280487082960705,121.25364597886801,4,19,True
232,4,59,150,1.265032485065361,1.8646937935287924,1.265032485065361,121.73575581982732,4,19,True
233,4,59,165,9.017413775126139,13.38335206811017,9.017413775126139,121.67630577459931,4,19,True
234,4,59,180,12.796232285102208,20.724578725304053,12.796232285102208,121.66457576677203,4,19,True
235,4,59,195,4.180587455630302,5.270503144551465,4.180587455630302,121.7105551622808,4,19,True
236,4,59,210,2.709452378874024,3.118169271367659,2.709452378874024,121.89911585301161,4,19,True
237,4,59,225,3.529839612667759,5.7890316619517765,3.529839612667759,121.76706502214074,4,19,True
238,4,49,30,20.056712090969086,28.44428732741096,20.056712090969086,122.57932592183352,4,18,True
239,4,49,45,11.904389278093975,15.584404134494854,11.904389278093975,122.55744589492679,4,18,True
240,4,49,60,14.62650650885577,21.349149232162258,14.62650650885577,122.94058594852686,4,18,True
241,4,49,75,11.328812444210053,18.092723493697026,11.328812444210053,121.98341591283679,4,19,True
242,4,49,90,9.977098574241003,13.048469972622607,9.977098574241003,122.34763614833355,4,18,True
243,4,49,105,5.143324965735276,5.998488312861682,5.143324965735276,121.93308584392071,4,19,True
244,4,49,120,10.595975245535374,14.147071669345115,10.595975245535374,122.31234600767493,4,19,True
245,4,49,135,17.508846048514048,23.65705158050301,17.508846048514048,122.28783592581749,4,19,True
246,4,49,150,39.29833438938173,61.27148265661105,39.29833438938173,122.35192628577352,4,19,True
247,4,49,165,39.741239604897174,58.50950461635122,39.741239604897174,122.67243722453713,4,18,True
248,4,49,180,10.348121277491252,12.677541572363795,10.348121277491252,123.2115663588047,4,18,True
249,4,49,195,11.259630115826925,16.965320520814256,11.259630115826925,122.83646641299129,4,18,True
250,4,49,210,28.694532011573514,50.723594376201135,28.694532011573514,122.53970606252551,4,18,True
251,4,49,225,23.501528301462532,33.0229307803107,23.501528301462532,122.7462156675756,4,18,True
252,4,7,30,11.577156214912732,15.239768190357774,11.577156214912732,122.73876601830125,4,18,True
253,4,7,45,8.755222294603785,12.442932046781289,8.755222294603785,121.77075585350394,4,19,True
254,4,7,60,3.7252839844673873,5.014971302937602,3.7252839844673873,121.94432597607374,4,19,True
255,4,7,75,2.1679860750834146,3.055674652414742,2.1679860750834146,121.76140490919352,4,19,True
256,4,7,90,3.655741802851359,7.706179543853592,3.655741802851359,121.75640510395169,4,19,True
257,4,7,105,7.682360676924388,10.571034278083449,7.682360676924388,122.21732595935464,4,19,True
258,4,7,120,5.008959714571635,7.134294978585877,5.008959714571635,122.00301606208086,4,19,True
259,4,7,135,5.7382287727048,7.372631816814856,5.7382287727048,122.10675701498985,4,19,True
260,4,7,150,4.902263873815537,8.345232206317098,4.902263873815537,121.95222591981292,4,19,True
261,4,7,165,13.393017222483953,20.4455793177742,13.393017222483953,122.90994636714458,4,18,True
262,4,7,180,23.178797067701815,37.66739054717305,23.178797067701815,122.0130156725645,4,19,True
263,4,7,195,11.99569082359473,15.104171552639817,11.99569082359473,122.6975261233747,4,18,True
264,4,7,210,4.717648335297903,5.311549783915869,4.717648335297903,122.12832691147923,4,19,True
265,4,7,225,5.963608614106973,9.67364562847852,5.963608614106973,121.96617620065808,4,19,True
266,4,47,30,7.7299663366129,10.030299194099275,7.7299663366129,122.92780727148056,4,18,True
267,4,47,45,3.2764669557412467,3.995507347148363,3.2764669557412467,122.16689577326179,4,19,True
268,4,47,60,2.190165744225184,2.5034946926458983,2.190165744225184,122.17389605939388,4,19,True
269,4,47,75,1.4234866678714753,1.781103131057686,1.4234866678714753,121.82007683441043,4,19,True
270,4,47,90,2.5977369964122774,3.794909774306064,2.5977369964122774,122.11691588163376,4,19,True
271,4,47,105,3.4883099977392704,4.774115317355793,3.4883099977392704,122.19985574483871,4,19,True
272,4,47,120,2.839539332874119,3.3120806169825774,2.839539332874119,121.68266717344522,4,19,True
273,4,47,135,3.3719370514154434,4.222946362026298,3.3719370514154434,120.26044586673379,4,19,True
274,4,47,150,8.958787634968758,18.091492350393718,8.958787634968758,120.20316487178206,4,19,True
275,4,47,165,33.90154969344537,60.7672821015512,33.90154969344537,121.05066562071443,4,18,True
276,4,47,180,8.4939448364079,10.458546303532852,8.4939448364079,121.5869071893394,4,18,True
277,4,47,195,10.740754531199734,14.404552888122888,10.740754531199734,121.344986371696,4,18,True
278,4,47,210,10.281348482146859,14.35133943588647,10.281348482146859,121.29098596051335,4,18,True
279,4,47,225,12.066333644464612,16.30003977048748,12.066333644464612,121.25804601237178,4,18,True
280,4,30,30,1.9406112114588419,2.445907529699539,1.9406112114588419,120.60274509713054,4,19,True
281,4,30,45,1.437926463286082,1.7897807183700412,1.437926463286082,121.99262669309974,4,19,True
282,4,30,60,2.324131578207016,3.3597368461557733,2.324131578207016,121.92325573414564,4,19,True
283,4,30,75,1.2794665098190308,1.8613378944695091,1.2794665098190308,122.25651601329446,4,19,True
284,4,30,90,1.1467063903808594,1.5482254974657297,1.1467063903808594,122.22273601219058,4,19,True
285,4,30,105,1.3353771607081095,1.865387996398677,1.3353771607081095,122.2586571238935,4,19,True
286,4,30,120,2.2742433699468774,2.8551296379518716,2.2742433699468774,122.29947606101632,4,19,True
287,4,30,135,4.252019168188174,4.768375865816686,4.252019168188174,122.3387666977942,4,19,True
288,4,30,150,2.2281925320625304,3.0505330155518364,2.2281925320625304,122.25747620686889,4,19,True
289,4,30,165,1.8407251199086507,2.3439060597776367,1.8407251199086507,122.2496167756617,4,19,True
290,4,30,180,1.361006999015808,2.081294459991282,1.361006999015808,122.073776088655,4,19,True
291,4,30,195,2.669118994474411,3.665506326533902,2.669118994474411,120.42515492066741,4,19,True
292,4,30,210,2.541742670536041,3.2848341875487255,2.541742670536041,120.41470594704151,4,19,True
293,4,30,225,1.2870235353708268,1.7114126295747005,1.2870235353708268,120.2606949955225,4,19,True
294,8,83,30,15.34088186820348,26.20910018226854,15.34088186820348,121.22062500566244,4,18,True
295,8,83,45,7.030433239539464,14.195242591869015,7.030433239539464,120.3800248913467,4,19,True
296,8,83,60,4.071632156769435,9.64134937925902,4.071632156769435,119.97514637187123,4,19,True
297,8,83,75,14.023377599318822,21.65859349824364,14.023377599318822,120.11857610195875,4,19,True
298,8,83,90,9.890149863560994,14.541628199505569,9.890149863560994,121.57426588237286,4,18,True
299,8,83,105,1.8822912375132244,2.2149203934816124,1.8822912375132244,121.27041583880782,4,19,True
300,8,83,120,15.18557557463646,26.031008438873858,15.18557557463646,122.12453735992312,4,19,True
301,8,83,135,9.711515971149007,19.530985686235088,9.711515971149007,123.16888710483909,4,18,True
302,8,83,150,2.7403352756053208,3.3379826279009635,2.7403352756053208,122.4234658293426,4,19,True
303,8,83,165,3.846019524335861,5.473356107187825,3.846019524335861,122.71555699408054,4,19,True
304,8,83,180,5.571375815073649,6.51479432205656,5.571375815073649,122.82413709908724,4,18,True
305,8,83,195,13.339282907048862,24.987000051708268,13.339282907048862,121.12256605178118,4,19,True
306,8,83,210,34.757676898439726,57.77605385880885,34.757676898439726,120.16803584992886,4,19,True
307,8,83,225,6.657556968927383,8.709794358472008,6.657556968927383,122.41423688828945,4,18,True
308,8,15,30,20.440610384444394,29.671309528775364,20.440610384444394,120.49330584704876,4,19,True
309,8,15,45,25.62116753011942,34.18105443333787,25.62116753011942,120.95510633662343,4,18,True
310,8,15,60,11.13314738192906,12.426694042779793,11.13314738192906,120.10965589433908,4,19,True
311,8,15,75,2.0795802410071094,2.6369939194401986,2.0795802410071094,121.89984740689397,4,19,True
312,8,15,90,10.78224048515161,20.037171291159684,10.78224048515161,120.21500570699573,4,19,True
313,8,15,105,18.236583336194357,26.936903374105185,18.236583336194357,120.37080572918057,4,19,True
314,8,15,120,5.239174934228261,6.279373995078778,5.239174934228261,122.03932693228126,4,19,True
315,8,15,135,6.15566044251124,10.161732006160243,6.15566044251124,123.063406907022,4,18,True
316,8,15,150,14.668510579069455,20.086682001317982,14.668510579069455,122.57578643038869,4,18,True
317,8,15,165,1.9214909156163533,2.2783803482984055,1.9214909156163533,122.01478611677885,4,19,True
318,8,15,180,1.6114614764849344,1.987309791160391,1.6114614764849344,121.97022698819637,4,19,True
319,8,15,195,1.6721948027610778,2.0389511847381905,1.6721948027610778,123.53730713948607,4,19,True
320,8,15,210,1.6821965416272482,2.045763791519361,1.6821965416272482,133.20745015516877,4,19,True
321,8,15,225,3.157231342792511,4.00304806847379,3.157231342792511,123.89845680445433,4,19,True
322,8,3,30,25.031325853864352,41.899274606954855,25.031325853864352,124.77729795500636,4,18,True
323,8,3,45,32.659249462683995,54.656065572301884,32.659249462683995,122.25588597357273,4,19,True
324,8,3,60,39.01729131937027,67.72192355466127,39.01729131937027,123.17028595134616,4,18,True
325,8,3,75,15.401246984799704,26.42216356364443,15.401246984799704,123.05321590974927,4,18,True
326,8,3,90,4.462617953618367,5.657247683286371,4.462617953618367,123.2882458716631,4,18,True
327,8,3,105,3.210065658887227,4.0889404886578955,3.210065658887227,123.40399716049433,4,19,True
328,8,3,120,12.676087971528371,18.577745765292192,12.676087971528371,127.99400789663196,4,19,True
329,8,3,135,11.71772528886795,15.827954618450732,11.71772528886795,122.02114704996347,4,19,True
330,8,3,150,13.794807314872742,17.15594219506134,13.794807314872742,122.25991673767567,4,19,True
331,8,3,165,9.53230169614156,11.024153285119562,9.53230169614156,122.99163732677698,4,18,True
332,8,3,180,4.505175550778707,6.122020901341906,4.505175550778707,122.04143591225147,4,19,True
333,8,3,195,2.3617456674575807,3.0837860976064135,2.3617456674575807,122.26108694449067,4,19,True
334,8,3,210,4.90056574344635,6.287348612704872,4.90056574344635,121.98705691844225,4,19,True
335,8,3,225,6.457507745424906,10.166317820769939,6.457507745424906,122.08072701469064,4,19,True
336,8,35,30,37.661467628429335,46.91013308711416,37.661467628429335,123.12440713867545,4,18,True
337,8,35,45,16.290874858697254,20.538010452366386,16.290874858697254,121.84447608888149,4,19,True
338,8,35,60,25.522792840003966,28.866675438461478,25.522792840003966,123.3138870447874,4,18,True
339,8,35,75,2.8201527344683806,3.441613795139093,2.8201527344683806,122.41670722141862,4,19,True
340,8,35,90,2.994602255523205,4.463457137991853,2.994602255523205,122.32759734615684,4,19,True
341,8,35,105,8.675138330832123,14.29803743307838,8.675138330832123,122.0786259509623,4,19,True
342,8,35,120,22.7065838654836,26.00880689707609,22.7065838654836,122.30495596304536,4,19,True
343,8,35,135,17.381124400595823,20.170532186316724,17.381124400595823,123.07682726532221,4,18,True
344,8,35,150,15.924148004253706,23.656960281286015,15.924148004253706,123.3479781076312,4,18,True
345,8,35,165,19.100704494925836,24.945514526981814,19.100704494925836,122.3332560621202,4,19,True
346,8,35,180,2.7285819086556633,3.0817326276453847,2.7285819086556633,122.33574595302343,4,19,True
347,8,35,195,2.697805639108022,3.0606707164692217,2.697805639108022,121.3571559637785,4,19,True
348,8,35,210,6.6459675327253835,10.002519521949777,6.6459675327253835,120.16869615763426,4,19,True
349,8,35,225,21.484436694780985,41.71606415057874,21.484436694780985,120.54125731810927,4,19,True
350,8,48,30,27.20722253819307,37.60197689658175,27.20722253819307,121.34309578686953,4,18,True
351,8,48,45,56.85734018186728,87.0500112703215,56.85734018186728,121.31332606077194,4,18,True
352,8,48,60,7.582944500554974,10.12296963479231,7.582944500554974,120.25109631940722,4,19,True
353,8,48,75,3.7145836948261906,4.5530796340819455,3.7145836948261906,120.21145690232515,4,19,True
354,8,48,90,1.7724756171305975,2.1224490606559625,1.7724756171305975,120.21713564172387,4,19,True
355,8,48,105,2.3812468727429708,2.6401478699589105,2.3812468727429708,120.1221258379519,4,19,True
356,8,48,120,1.5110233013828596,1.9920090603776486,1.5110233013828596,120.97091600298882,4,19,True
357,8,48,135,4.8882303815335035,7.022596392177579,4.8882303815335035,119.88603603094816,4,19,True
358,8,48,150,2.5479562314848105,3.371657369500733,2.5479562314848105,120.49448676407337,4,19,True
359,8,48,165,5.346147834012906,7.223742164080829,5.346147834012906,120.50728593021631,4,19,True
360,8,48,180,3.5962719981869062,4.32486651038157,3.5962719981869062,121.24884687364101,4,18,True
361,8,48,195,5.122806092103322,7.357178647944989,5.122806092103322,120.28689589351416,4,19,True
362,8,48,210,3.7588048030932746,5.900641193178111,3.7588048030932746,120.29123678803444,4,19,True
363,8,48,225,7.537738311290741,8.954357357906089,7.537738311290741,120.04295596852899,4,19,True
364,8,22,30,2.8080865343411765,3.333780399523107,2.8080865343411765,120.88604690507054,4,19,True
365,8,22,45,2.5481923898061116,2.996996232890228,2.5481923898061116,122.283766977489,4,19,True
366,8,22,60,2.1135538453857103,2.7923354078896194,2.1135538453857103,122.1377169713378,4,19,True
367,8,22,75,1.8777668217817942,2.2024635645043817,1.8777668217817942,122.18898627907038,4,19,True
368,8,22,90,3.3393388350804645,3.612899888990785,3.3393388350804645,122.19549715518951,4,19,True
369,8,22,105,2.6945001085599265,3.1133141794842007,2.6945001085599265,122.01673723757267,4,19,True
370,8,22,120,1.4477572679519652,1.753849010705983,1.4477572679519652,122.17818619683385,4,19,True
371,8,22,135,2.652159583568573,3.8618647083631377,2.652159583568573,122.08685604855418,4,19,True
372,8,22,150,3.970971687634786,6.732483182156792,3.970971687634786,122.14035587385297,4,19,True
373,8,22,165,1.862094807624817,2.1910045938372003,1.862094807624817,122.15459579601884,4,19,True
374,8,22,180,1.8666321118672689,2.1431688976314143,1.8666321118672689,122.24451638758183,4,19,True
375,8,22,195,3.5927166124184926,5.164558189109948,3.5927166124184926,122.19682615250349,4,19,True
376,8,22,210,1.9440116127332052,2.1754090281755727,1.9440116127332052,121.88234692439437,4,19,True
377,8,22,225,1.3008117701858282,1.645837866594263,1.3008117701858282,121.86229694634676,4,19,True
378,8,55,30,52.11172615190347,84.73396752516774,52.11172615190347,153.30816619098186,5,18,True
379,8,55,45,9.90648645410935,11.788883967597679,9.90648645410935,122.41190718486905,4,19,True
380,8,55,60,2.472029008405904,3.0005468279529426,2.472029008405904,122.15934693813324,4,19,True
381,8,55,75,1.9722938823862932,2.2518988598823837,1.9722938823862932,121.91394669935107,4,19,True
382,8,55,90,2.1656233650942642,2.519642269936324,2.1656233650942642,122.10568692535162,4,19,True
383,8,55,105,1.944707724203666,2.335926110762673,1.944707724203666,122.11874593049288,4,19,True
384,8,55,120,1.9784528858959676,2.389835213644077,1.9784528858959676,122.04748624935746,4,19,True
385,8,55,135,2.1144542979697385,2.4750072444909743,2.1144542979697385,121.97718676179647,4,19,True
386,8,55,150,2.0532096276680627,2.469418167280886,2.0532096276680627,121.90767703577876,4,19,True
387,8,55,165,1.8738813562939565,2.2414235695872957,1.8738813562939565,121.9790168106556,4,19,True
388,8,55,180,1.8492937128001359,2.2425110413117135,1.8492937128001359,122.14662693440914,4,19,True
389,8,55,195,1.8892943328867355,2.277096729857982,1.8892943328867355,121.69344676658511,4,19,True
390,8,55,210,1.8980341346934437,2.264458845785808,1.8980341346934437,120.40571589022875,4,19,True
391,8,55,225,1.889523899772515,2.2708050646413485,1.889523899772515,120.43346697464585,4,19,True
392,8,4,30,10.496915937463443,16.817732750878275,10.496915937463443,121.11584702506661,4,18,True
393,8,4,45,7.469411392315911,14.231021435662779,7.469411392315911,121.15792697295547,4,18,True
394,8,4,60,18.292440408964953,27.066095452163147,18.292440408964953,120.24205597117543,4,19,True
395,8,4,75,11.230359705289205,17.90923032727709,11.230359705289205,121.15713721141219,4,18,True
396,8,4,90,12.112086810668309,20.18553972061825,12.112086810668309,121.59365694969893,4,18,True
397,8,4,105,10.054802546588084,13.188168438020755,10.054802546588084,121.2589768692851,4,18,True
398,8,4,120,12.369991371470194,21.581873764272114,12.369991371470194,123.1258469633758,4,18,True
399,8,4,135,10.370789774258931,15.814749192889625,10.370789774258931,123.09977691620588,4,18,True
400,8,4,150,33.33638545125723,57.35940926992162,33.33638545125723,123.34278784692287,4,18,True
401,8,4,165,32.91537315671643,49.78568739735944,32.91537315671643,123.31410683691502,4,18,True
402,8,4,180,8.190115984280904,10.200878026227219,8.190115984280904,123.09571821242571,4,18,True
403,8,4,195,11.719611924809094,16.86113317143737,11.719611924809094,123.22450708597898,4,18,True
404,8,4,210,35.44038123687108,44.82361886130047,35.44038123687108,123.20766830816865,4,18,True
405,8,4,225,13.190924995144208,17.1186215963352,13.190924995144208,123.46222717314959,4,18,True
406,8,45,30,10.763956348101297,15.712166733058748,10.763956348101297,122.2789166495204,4,19,True
407,8,45,45,27.054862958937882,34.6457334841267,27.054862958937882,123.14173672348261,4,18,True
408,8,45,60,7.770503290742636,9.788965905910246,7.770503290742636,122.89595790207386,4,18,True
409,8,45,75,4.480562771980961,6.61950897394463,4.480562771980961,122.01085686683655,4,19,True
410,8,45,90,3.624712912365794,4.5116153747293115,3.624712912365794,122.05429701134562,4,19,True
411,8,45,105,1.6824640108427653,2.232987444071264,1.6824640108427653,121.93445721641183,4,19,True
412,8,45,120,17.98033054061234,31.012503123438737,17.98033054061234,122.20494821667671,4,19,True
413,8,45,135,6.750493335723877,9.99176775809424,6.750493335723877,122.51991732046008,4,19,True
414,8,45,150,6.747536198298136,9.703276959144084,6.747536198298136,121.63622677326202,4,19,True
415,8,45,165,6.715785805384318,9.565237703943763,6.715785805384318,123.0083778500557,4,19,True
416,8,45,180,6.685535033543904,9.5568727568228,6.685535033543904,121.95629719644785,4,19,True
417,8,45,195,6.692475700378418,9.596602627481346,6.692475700378418,122.29288695380092,4,19,True
418,8,45,210,6.761210664113363,9.68840119001051,6.761210664113363,122.15734692290425,4,19,True
419,8,45,225,6.755465825398763,9.666807328936128,6.755465825398763,121.97097716853023,4,19,True
420,8,60,30,4.915426699941357,9.386737214849235,4.915426699941357,122.17679666355252,4,19,True
421,8,60,45,2.523345092932383,3.125355166335162,2.523345092932383,121.86874682083726,4,19,True
422,8,60,60,2.660534083843231,3.438080157655625,2.660534083843231,122.29315796867013,4,19,True
423,8,60,75,2.276345334450404,3.081094412900867,2.276345334450404,122.39288678392768,4,19,True
424,8,60,90,6.324550057202577,9.42229629509258,6.324550057202577,122.3001778125763,4,19,True
425,8,60,105,11.798631387700636,15.694932922080781,11.798631387700636,122.33559740707278,4,19,True
426,8,60,120,3.362256131072839,4.012516968126981,3.362256131072839,122.19813698902726,4,19,True
427,8,60,135,2.075693929195404,2.5329834309814943,2.075693929195404,122.42107791826129,4,19,True
428,8,60,150,1.8673056523005167,2.4068217395622855,1.8673056523005167,121.9505569897592,4,19,True
429,8,60,165,2.696416242917379,3.7263857846586514,2.696416242917379,122.27705679833889,4,19,True
430,8,60,180,4.137691295146942,5.555555153956951,4.137691295146942,122.4481170065701,4,19,True
431,8,60,195,3.1017799536387125,4.185734245260459,3.1017799536387125,122.15545726940036,4,19,True
432,8,60,210,1.9412214756011963,2.469811281566972,1.9412214756011963,122.24118830636144,4,19,True
433,8,60,225,2.4457755366961162,2.9961668509654675,2.4457755366961162,122.33873689547181,4,19,True
434,8,26,30,23.17089235285918,29.826886522458047,23.17089235285918,123.2957080937922,4,18,True
435,8,26,45,20.906409658988316,23.942692870316357,20.906409658988316,122.95828666538,4,18,True
436,8,26,60,5.039247752229373,6.4525892775322005,5.039247752229373,122.14527698233724,4,19,True
437,8,26,75,3.051412972807884,4.130658752421498,3.051412972807884,122.12535692378879,4,19,True
438,8,26,90,2.316701277780036,2.8522027646954355,2.316701277780036,122.4096966907382,4,19,True
439,8,26,105,2.886953701078892,3.911632764246676,2.886953701078892,122.02482717111707,4,19,True
440,8,26,120,10.467020326976975,13.20469387671728,10.467020326976975,120.73460686951876,4,19,True
441,8,26,135,6.497147560492158,9.372263112013371,6.497147560492158,122.25607689470053,4,19,True
442,8,26,150,8.274223336949944,10.515282794962378,8.274223336949944,121.78154708817601,4,19,True
443,8,26,165,4.407636507352193,6.163395742210191,4.407636507352193,120.80757692456245,4,19,True
444,8,26,180,5.298230848461389,6.575160203521962,5.298230848461389,128.20491986349225,4,19,True
445,8,26,195,5.7248614509900415,8.913659350090896,5.7248614509900415,120.37323601543903,4,19,True
446,8,26,210,6.420594225327174,7.778074515798797,6.420594225327174,120.47321675345302,4,19,True
447,8,26,225,2.1872865885496138,2.7622756374059634,2.1872865885496138,120.15605717897415,4,19,True
448,8,21,30,1.989768927358091,2.41566433097073,1.989768927358091,121.83156795799732,4,19,True
449,8,21,45,3.491876524190108,4.200824021370791,3.491876524190108,121.89492722973228,4,19,True
450,8,21,60,4.9422618692119915,5.441341277285586,4.9422618692119915,133.12596082687378,4,19,True
451,8,21,75,3.3597728699445724,3.732832811259173,3.3597728699445724,133.57270089909434,4,19,True
452,8,21,90,1.8383809328079224,2.08047859411263,1.8383809328079224,133.80933133885264,4,19,True
453,8,21,105,2.2782562265793485,2.543576910413839,2.2782562265793485,130.37094986066222,4,19,True
454,8,21,120,5.490354349898795,8.853551532114457,5.490354349898795,122.0676670782268,4,19,True
455,8,21,135,3.6628971456239623,5.252667001517178,3.6628971456239623,122.03785683959723,4,19,True
456,8,21,150,2.027105624228716,2.267438962086823,2.027105624228716,122.33775807544589,4,19,True
457,8,21,165,2.0238006487488747,2.2655452660362454,2.0238006487488747,123.38638817891479,4,19,True
458,8,21,180,2.0613007519394158,2.2921575966183187,2.0613007519394158,128.24179930612445,4,19,True
459,8,21,195,1.9622549147655566,2.210038909614315,1.9622549147655566,122.91665794327855,4,19,True
460,8,21,210,2.0361087270081044,2.294837070644521,2.0361087270081044,122.46661726385355,4,19,True
461,8,21,225,1.9418934711565574,2.215543856962521,1.9418934711565574,122.14349722489715,4,19,True
462,8,44,30,5.525248921786745,8.322258971455604,5.525248921786745,122.05198779702187,4,19,True
463,8,44,45,6.169333179791768,9.907162950971772,6.169333179791768,121.963607147336,4,19,True
464,8,44,60,2.540686821937561,3.615811627155397,2.540686821937561,122.09116807207465,4,19,True
465,8,44,75,2.8790547609329225,3.540830220772295,2.8790547609329225,123.1033680960536,4,19,True
466,8,44,90,4.177347850799561,9.386986420101232,4.177347850799561,122.03065678477287,4,19,True
467,8,44,105,6.176409490903219,8.847317133864603,6.176409490903219,123.0475278571248,4,18,True
468,8,44,120,3.41568075021108,4.892988057595189,3.41568075021108,122.37105797976255,4,19,True
469,8,44,135,3.303990936279297,4.598949451330397,3.303990936279297,121.58682709559798,4,19,True
470,8,44,150,5.558462791641554,9.089031063321896,5.558462791641554,121.5885877609253,4,19,True
471,8,44,165,4.320733081301054,7.722388554880085,4.320733081301054,121.90168770030141,4,19,True
472,8,44,180,3.2362913370132445,3.6672063604292218,3.2362913370132445,122.02531704679132,4,19,True
473,8,44,195,3.3979954799016316,5.540246469733833,3.3979954799016316,122.13242659345269,4,19,True
474,8,44,210,3.07617542942365,3.8125808911564127,3.07617542942365,122.15983727946877,4,19,True
475,8,44,225,3.5045228948195777,4.1920879227752845,3.5045228948195777,121.98391789570451,4,19,True
476,8,23,30,11.55388237585624,14.755160201018036,11.55388237585624,123.11769695952535,4,18,True
477,8,23,45,15.183936756600936,23.376409496975405,15.183936756600936,121.93866679444909,4,19,True
478,8,23,60,46.028920705989,77.31046108877362,46.028920705989,123.09299781918526,4,18,True
479,8,23,75,19.76260848194361,33.06686290165859,19.76260848194361,123.35512833669782,4,18,True
480,8,23,90,3.1900054313242436,3.8239304649275914,3.1900054313242436,122.15381814166903,4,19,True
481,8,23,105,5.187714070159321,6.5994279830303135,5.187714070159321,122.02395731583238,4,19,True
482,8,23,120,5.265580556790034,6.316143221112514,5.265580556790034,122.8939569555223,4,19,True
483,8,23,135,13.044285920262336,17.129433584831055,13.044285920262336,122.27463722229004,4,19,True
484,8,23,150,5.333528138200442,7.342136554356542,5.333528138200442,122.02516803517938,4,19,True
485,8,23,165,6.265789091090361,7.8509489250060085,6.265789091090361,123.43544838950038,4,18,True
486,8,23,180,21.524068110187848,29.88907407787907,21.524068110187848,122.30197805911303,4,19,True
487,8,23,195,14.556265289708971,22.295555579918787,14.556265289708971,121.93995667621493,4,19,True
488,8,23,210,13.17397514184316,17.235522377214682,13.17397514184316,122.23794776946306,4,19,True
489,8,23,225,5.356318903466065,7.889398865824567,5.356318903466065,122.22466804087162,4,19,True
490,8,53,30,23.049541784326234,43.75807693702214,23.049541784326234,122.33929801732302,4,19,True
491,8,53,45,28.81155244112015,38.27714070116855,28.81155244112015,122.73271707817912,4,18,True
492,8,53,60,18.850931679705777,29.510325659417667,18.850931679705777,122.63999693095684,4,18,True
493,8,53,75,6.603976928194364,8.476241773624835,6.603976928194364,122.31537699699402,4,19,True
494,8,53,90,8.636126326521238,14.90570310732318,8.636126326521238,122.27568821981549,4,19,True
495,8,53,105,10.884971665342649,17.476595520202256,10.884971665342649,123.08516819030046,4,18,True
496,8,53,120,45.14624952177207,75.48766836981885,45.14624952177207,122.3725681193173,4,19,True
497,8,53,135,22.97562021712462,46.728532303281504,22.97562021712462,123.59327776357532,4,18,True
498,8,53,150,22.617046518127122,28.11083931287289,22.617046518127122,123.3434178866446,4,18,True
499,8,53,165,9.338955221573512,14.10527334917968,9.338955221573512,123.3832873404026,4,18,True
500,8,53,180,12.172213477392992,20.893009210623234,12.172213477392992,122.08767794072628,4,19,True
501,8,53,195,21.259179746607938,30.159808222246816,21.259179746607938,122.2682180814445,4,19,True
502,8,53,210,5.448366409540176,7.453539759063842,5.448366409540176,122.2755080088973,4,19,True
503,8,53,225,2.232352622350057,3.5526962816422674,2.232352622350057,122.3252178169787,4,19,True
504,8,84,30,39.97014353995522,59.17914250184511,39.97014353995522,122.18198785558343,4,19,True
505,8,84,45,28.321939884933332,42.114702072499874,28.321939884933332,124.11489803344011,4,18,True
506,8,84,60,15.03333263330472,18.519911287512198,15.03333263330472,124.65928914025426,4,18,True
507,8,84,75,3.100720146050056,4.110593756028835,3.100720146050056,123.0523381382227,4,19,True
508,8,84,90,2.6226359957208234,3.5345017560786722,2.6226359957208234,121.87974713742733,4,19,True
509,8,84,105,2.735347040494283,3.757081722865915,2.735347040494283,121.89098726958036,4,19,True
510,8,84,120,2.534067943195502,3.3555098533631873,2.534067943195502,122.01520707458258,4,19,True
511,8,84,135,8.566615575924516,13.234426322319,8.566615575924516,121.93279806524515,4,19,True
512,8,84,150,5.6975223580996195,6.66571146764213,5.6975223580996195,123.36059799417853,4,18,True
513,8,84,165,3.7853447993596396,4.435560104095445,3.7853447993596396,122.2298676148057,4,19,True
514,8,84,180,3.6502676804860434,4.313688178524876,3.6502676804860434,122.19230784103274,4,19,True
515,8,84,195,15.38770747979482,20.21557352137343,15.38770747979482,122.20535799860954,4,19,True
516,8,84,210,10.091671010355155,11.188940595911172,10.091671010355155,122.25868785753846,4,19,True
517,8,84,225,8.56998942544063,10.753860467887591,8.56998942544063,122.344178147614,4,19,True
518,8,59,30,2.167449848850568,2.8523931875186115,2.167449848850568,122.88560811430216,4,18,True
519,8,59,45,2.411705013861259,3.8314917701128772,2.411705013861259,121.97231827303767,4,19,True
520,8,59,60,8.115855611115695,9.27137800985146,8.115855611115695,122.18060810118914,4,19,True
521,8,59,75,3.7904074529806775,5.036135450130062,3.7904074529806775,122.18139693140984,4,19,True
522,8,59,90,4.024647793670495,5.8516414197171756,4.024647793670495,122.5181077606976,4,19,True
523,8,59,105,4.757572999596595,5.882072952596668,4.757572999596595,120.81224657595158,4,19,True
524,8,59,120,8.752892768383026,12.502473324151072,8.752892768383026,120.49962766468525,4,19,True
525,8,59,135,10.269893848399322,14.358613046941304,10.269893848399322,121.12150713801384,4,18,True
526,8,59,150,7.147470712661743,7.85475585932296,7.147470712661743,120.50068797543645,4,19,True
527,8,59,165,4.89640408254539,5.679270800830879,4.89640408254539,120.45447714626789,4,19,True
528,8,59,180,2.675125224608928,3.663784043812291,2.675125224608928,120.27330789715052,4,19,True
529,8,59,195,2.8206730604171755,3.386831828732027,2.8206730604171755,120.52916688844562,4,19,True
530,8,59,210,9.25507599512736,12.999468249144618,9.25507599512736,120.44217670336366,4,19,True
531,8,59,225,9.200181456406911,10.873314962318327,9.200181456406911,120.7467676140368,4,19,True
532,8,49,30,41.182640644411244,57.70813352490486,41.182640644411244,122.79483815655112,4,18,True
533,8,49,45,44.54111160238584,62.18982576156855,44.54111160238584,123.16128797829151,4,18,True
534,8,49,60,16.753940586249033,25.50118650836997,16.753940586249033,123.37228888645768,4,18,True
535,8,49,75,46.60500313738982,74.19393772013002,46.60500313738982,122.24574806168675,4,19,True
536,8,49,90,17.60904455880324,26.10526103936836,17.60904455880324,122.93635820969939,4,18,True
537,8,49,105,30.232664217551548,45.00631786883679,30.232664217551548,122.28568829596043,4,19,True
538,8,49,120,36.716218919555345,46.3408508220111,36.716218919555345,122.72341782227159,4,18,True
539,8,49,135,18.826136613016327,31.565583818316558,18.826136613016327,153.19285821169615,5,18,True
540,8,49,150,13.730829117819667,18.356999691666,13.730829117819667,123.42210905626416,4,18,True
541,8,49,165,10.534060423572859,15.428219422030507,10.534060423572859,122.19984689727426,4,19,True
542,8,49,180,3.043333446979523,3.918230616820446,3.043333446979523,122.30161670595407,4,19,True
543,8,49,195,3.969249153137207,4.503868508280069,3.969249153137207,122.06958839669824,4,19,True
544,8,49,210,2.8779494126637775,3.725652012534441,2.8779494126637775,122.28376790881157,4,19,True
545,8,49,225,2.400747466087341,3.4067930728027456,2.400747466087341,122.37141793593764,4,19,True
546,8,7,30,19.806201858446002,29.08119785787012,19.806201858446002,122.10134789347649,4,19,True
547,8,7,45,16.425393704573313,24.63411762076916,16.425393704573313,123.05020773783326,4,18,True
548,8,7,60,2.203221868475278,2.4745540673081594,2.203221868475278,122.25630693137646,4,19,True
549,8,7,75,1.277472194035848,1.8271787062896088,1.277472194035848,122.06163816154003,4,19,True
550,8,7,90,14.285604842503865,20.610447255579704,14.285604842503865,122.26201687008142,4,19,True
551,8,7,105,12.153288923203945,17.523677140317528,12.153288923203945,122.666388284415,4,19,True
552,8,7,120,22.81211093813181,36.03389407540553,22.81211093813181,122.432597912848,4,19,True
553,8,7,135,10.05944573879242,13.421039533065594,10.05944573879242,122.81517824158072,4,18,True
554,8,7,150,12.935959511995316,19.947482665777112,12.935959511995316,123.23204800486565,4,18,True
555,8,7,165,16.957996137440205,21.02095674372145,16.957996137440205,121.99876783415675,4,19,True
556,8,7,180,13.283671937386195,18.840519367224267,13.283671937386195,121.9101082533598,4,19,True
557,8,7,195,3.6186060458421707,7.501054535135134,3.6186060458421707,121.93755805492401,4,19,True
558,8,7,210,18.146903454264006,23.6107969348846,18.146903454264006,122.1313183195889,4,19,True
559,8,7,225,9.370067818959553,14.293690223007173,9.370067818959553,121.92462803795934,4,19,True
560,8,47,30,15.932769425710042,20.80524270526119,15.932769425710042,122.64508800581098,4,18,True
561,8,47,45,11.61001516977946,13.408940271657988,11.61001516977946,122.07082798704505,4,19,True
562,8,47,60,8.508265622456868,9.619394037534235,8.508265622456868,122.15757789090276,4,19,True
563,8,47,75,10.981135336558024,12.840024935889272,10.981135336558024,122.06332758069038,4,19,True
564,8,47,90,16.122952779134113,22.009995259962036,16.122952779134113,122.07146780565381,4,19,True
565,8,47,105,17.11213927467664,25.241065343963424,17.11213927467664,121.77792843431234,4,19,True
566,8,47,120,18.663428568840025,20.66618697057262,18.663428568840025,123.00633918493986,4,18,True
567,8,47,135,18.715059250282746,23.24536127453957,18.715059250282746,123.13023768365383,4,18,True
568,8,47,150,8.336019955389201,10.063860676757958,8.336019955389201,122.38861760124564,4,19,True
569,8,47,165,3.26985019048055,4.461773597108919,3.26985019048055,122.18812899664044,4,19,True
570,8,47,180,4.038704530398051,4.849850154787995,4.038704530398051,122.00827803462744,4,19,True
571,8,47,195,3.087647302945455,4.040225465589028,3.087647302945455,122.30652803555131,4,19,True
572,8,47,210,2.8652656078338623,3.469732273359096,2.8652656078338623,122.1941183321178,4,19,True
573,8,47,225,4.711754544576009,7.029676595384992,4.711754544576009,122.01994936913252,4,19,True
574,8,30,30,16.693363144497077,26.48691287400359,16.693363144497077,122.08637781441212,4,19,True
575,8,30,45,9.733308346072834,13.843658630835629,9.733308346072834,122.67226818948984,4,18,True
576,8,30,60,4.082872740978686,7.397769376289242,4.082872740978686,122.07970814779401,4,19,True
577,8,30,75,8.02927081239953,11.503226336049611,8.02927081239953,122.90681805461645,4,18,True
578,8,30,90,0.8501705186247516,1.1153116082374555,0.8501705186247516,121.79308803752065,4,19,True
579,8,30,105,6.7763479845908785,12.386650030718917,6.7763479845908785,122.2378178499639,4,19,True
580,8,30,120,22.154016584406296,32.837150352889424,22.154016584406296,122.12723772972822,4,19,True
581,8,30,135,12.10285569826762,22.346548258047264,12.10285569826762,121.82275811210275,4,19,True
582,8,30,150,18.844500819842022,36.419962588444214,18.844500819842022,121.97078764438629,4,19,True
583,8,30,165,13.901126261552175,25.67541978708244,13.901126261552175,121.81171821430326,4,19,True
584,8,30,180,9.15064337849617,13.8474861528159,9.15064337849617,122.94468889012933,4,18,True
585,8,30,195,1.3853453954060873,1.9080563753436135,1.3853453954060873,122.05007765442133,4,19,True
586,8,30,210,1.7569143322606882,2.11800966989686,1.7569143322606882,123.05155862122774,4,19,True
587,8,30,225,1.4778546405335267,1.7669725935441736,1.4778546405335267,121.90586794167757,4,19,True
588,14,83,30,12.334972008069355,15.083947308869861,12.334972008069355,122.94350797310472,4,18,True
589,14,83,45,11.307602860530217,19.491410264930856,11.307602860530217,120.19156711176038,4,19,True
590,14,83,60,18.23742920731505,24.81902020717565,18.23742920731505,121.35861814022064,4,18,True
591,14,83,75,10.045389437178772,13.08742733800061,10.045389437178772,121.33048800751567,4,18,True
592,14,83,90,3.893068051338196,5.067549916925355,3.893068051338196,120.28167815878987,4,19,True
593,14,83,105,18.127240024258693,39.69670104200678,18.127240024258693,120.55837782099843,4,19,True
594,14,83,120,30.531644762059052,53.35402599412011,30.531644762059052,121.15035811439157,4,18,True
595,14,83,135,17.96921871205171,34.203813699027855,17.96921871205171,120.30091788619757,4,19,True
596,14,83,150,20.291809197266897,25.81223008785585,20.291809197266897,121.04789819568396,4,18,True
597,14,83,165,16.40772128328681,25.394310755490455,16.40772128328681,121.86620803549886,4,19,True
598,14,83,180,6.364572882900635,9.143845089235123,6.364572882900635,122.81152792274952,4,18,True
599,14,83,195,9.978660749147336,20.121601094636873,9.978660749147336,122.804488055408,4,19,True
600,14,83,210,20.0088415376842,30.610687771619553,20.0088415376842,123.85327881202102,4,18,True
601,14,83,225,8.140297064433495,9.776736320025305,8.140297064433495,122.1240577287972,4,19,True
602,14,15,30,4.383391264081001,5.097804130540371,4.383391264081001,122.32881784439087,4,19,True
603,14,15,45,3.6723456541697184,5.218503189503674,3.6723456541697184,122.10290832445025,4,19,True
604,14,15,60,5.745031452178955,7.8386315801324615,5.745031452178955,122.03333806246519,4,19,True
605,14,15,75,2.2356913844744364,2.773669956422893,2.2356913844744364,120.53892808035016,4,19,True
606,14,15,90,1.9388527472813923,2.196080701493469,1.9388527472813923,120.54963689297438,4,19,True
607,14,15,105,1.9763216177622478,2.2662500236359993,1.9763216177622478,120.49966817721725,4,19,True
608,14,15,120,2.046634823316708,2.263630158177343,2.046634823316708,120.26170687749982,4,19,True
609,14,15,135,2.4492349887266753,3.355318888551631,2.4492349887266753,120.26632810011506,4,19,True
610,14,15,150,8.297009086112181,12.923381493587396,8.297009086112181,120.26800774037838,4,19,True
611,14,15,165,6.993404035270214,8.90094537059356,6.993404035270214,120.30958803370595,4,19,True
612,14,15,180,2.4505257554973165,2.975598879114953,2.4505257554973165,120.52364833652973,4,19,True
613,14,15,195,4.618160225947698,7.74463887627832,4.618160225947698,121.93622812628746,4,19,True
614,14,15,210,3.5642961154381436,4.336282960933404,3.5642961154381436,122.9237588122487,4,18,True
615,14,15,225,3.244127901777392,4.341446507529791,3.244127901777392,122.31805780902505,4,19,True
616,14,3,30,15.5359974304835,20.346479853712065,15.5359974304835,121.94780772551894,4,19,True
617,14,3,45,20.872166391213735,31.553965235639996,20.872166391213735,122.8850381448865,4,18,True
618,14,3,60,12.194186916947364,17.50306391456205,12.194186916947364,122.66262900084257,4,18,True
619,14,3,75,18.784368055065475,27.64035303876891,18.784368055065475,123.09402925893664,4,18,True
620,14,3,90,4.467215331892173,5.109716820863453,4.467215331892173,122.4473281763494,4,19,True
621,14,3,105,3.6215965629865727,4.3941264573722645,3.6215965629865727,122.25501798093319,4,19,True
622,14,3,120,3.5663631333659094,4.445176355982866,3.5663631333659094,122.19715910032392,4,19,True
623,14,3,135,8.56847601806124,14.934617177279573,8.56847601806124,122.2749282605946,4,19,True
624,14,3,150,18.633632081747056,22.074797250951203,18.633632081747056,122.17681808397174,4,19,True
625,14,3,165,9.499393035968145,11.325314754824248,9.499393035968145,123.34428913891315,4,18,True
626,14,3,180,6.192127830783526,7.56822967046783,6.192127830783526,122.13452812284231,4,19,True
627,14,3,195,12.89284586807092,19.409354965908452,12.89284586807092,122.09401791915298,4,19,True
628,14,3,210,5.490773916244507,7.121483307759496,5.490773916244507,123.51776892319322,4,18,True
629,14,3,225,4.259950523575147,6.708998614790349,4.259950523575147,122.25419795140624,4,19,True
630,14,35,30,15.998417576402426,30.05336810076759,15.998417576402426,122.25478934124112,4,19,True
631,14,35,45,29.07014842281739,44.96339111045687,29.07014842281739,123.37195873260498,4,18,True
632,14,35,60,16.623337729771933,21.301767625044928,16.623337729771933,123.18770820274949,4,18,True
633,14,35,75,4.374998768170674,5.081428995721808,4.374998768170674,122.1114881336689,4,19,True
634,14,35,90,3.924958364168803,5.3670702993225925,3.924958364168803,122.36199900507927,4,19,True
635,14,35,105,6.458783747752507,10.509117881493767,6.458783747752507,122.31576815247536,4,19,True
636,14,35,120,6.163895871241888,10.166061830685795,6.163895871241888,122.27873923256993,4,19,True
637,14,35,135,3.691647779941559,4.903378422151228,3.691647779941559,122.36773874610662,4,19,True
638,14,35,150,5.521938006579876,7.513457761288067,5.521938006579876,122.32297798618674,4,19,True
639,14,35,165,5.499645910190884,7.434026467494529,5.499645910190884,121.65362806990743,4,19,True
640,14,35,180,1.9420635369916757,2.553012635531731,1.9420635369916757,120.48336816951632,4,19,True
641,14,35,195,2.114948412279288,2.9912869157019237,2.114948412279288,120.22844841703773,4,19,True
642,14,35,210,2.093452303856611,2.623118172832213,2.093452303856611,120.29355810955167,4,19,True
643,14,35,225,6.560733639751561,10.165084493754428,6.560733639751561,120.33132836222649,4,19,True
644,14,48,30,4.643418129285177,6.889608452680174,4.643418129285177,120.44233828783035,4,19,True
645,14,48,45,4.674807049830755,5.664820999751158,4.674807049830755,120.35468779504299,4,19,True
646,14,48,60,11.526880546783408,16.56352841495099,11.526880546783408,120.29262771829963,4,19,True
647,14,48,75,8.413070702552796,12.946176977362034,8.413070702552796,120.33850699663162,4,19,True
648,14,48,90,6.00646245876948,8.929154805634285,6.00646245876948,122.13678797706962,4,19,True
649,14,48,105,5.104563329617182,6.60893472494336,5.104563329617182,122.15056922286749,4,19,True
650,14,48,120,3.4947241097688675,3.9642671288539693,3.4947241097688675,122.3436389118433,4,19,True
651,14,48,135,2.9416454275449118,3.4533545731767794,2.9416454275449118,122.28229781612754,4,19,True
652,14,48,150,3.3485337092230716,4.59039226598477,3.3485337092230716,122.39097896963358,4,19,True
653,14,48,165,4.469982333046695,6.573794398719477,4.469982333046695,122.26589908823371,4,19,True
654,14,48,180,2.9872494967033467,3.3499304510819323,2.9872494967033467,122.00498813763261,4,19,True
655,14,48,195,5.888154761989911,9.729241682643503,5.888154761989911,122.3426191136241,4,19,True
656,14,48,210,4.078019116073847,5.232163938360234,4.078019116073847,122.42975877597928,4,19,True
657,14,48,225,2.859337621430556,3.2358525841990953,2.859337621430556,122.14070791378617,4,19,True
658,14,22,30,12.715588239083688,20.090546555235388,12.715588239083688,122.29343829676509,4,19,True
659,14,22,45,5.82167498866717,7.151317077790878,5.82167498866717,122.06105887889862,4,19,True
660,14,22,60,9.294708423068126,11.926434555020517,9.294708423068126,122.06773925572634,4,19,True
661,14,22,75,7.519106096029281,11.030347530038112,7.519106096029281,122.09557881578803,4,19,True
662,14,22,90,3.7831063348799945,6.210855530234635,3.7831063348799945,122.93645925819874,4,19,True
663,14,22,105,5.350162548944354,7.553997220426106,5.350162548944354,122.50668788328767,4,19,True
664,14,22,120,4.339011807615559,5.1423166061582615,4.339011807615559,122.16068897396326,4,19,True
665,14,22,135,1.9773671050866446,3.077744090015347,1.9773671050866446,122.14906886219978,4,19,True
666,14,22,150,2.5939816052714986,3.894492098437074,2.5939816052714986,122.35228903591633,4,19,True
667,14,22,165,6.706536459658916,9.419102649392313,6.706536459658916,122.54516873508692,4,19,True
668,14,22,180,2.0737601385917515,3.096469413176407,2.0737601385917515,122.22044775262475,4,19,True
669,14,22,195,5.851900757104159,11.87818034407791,5.851900757104159,122.34049895778298,4,19,True
670,14,22,210,3.2454252382119497,3.6631938672593995,3.2454252382119497,122.2742791287601,4,19,True
671,14,22,225,3.7487538915437955,4.256409018312763,3.7487538915437955,122.28419911116362,4,19,True
672,14,55,30,22.93325533842047,35.04251905032177,22.93325533842047,123.37169889360666,4,18,True
673,14,55,45,2.0812992606312037,2.5397084803543635,2.0812992606312037,122.45750892907381,4,19,True
674,14,55,60,4.1190334260463715,6.447415796780195,4.1190334260463715,122.13554885238409,4,19,True
675,14,55,75,1.4784557163715362,1.8617759858757683,1.4784557163715362,122.33352893963456,4,19,True
676,14,55,90,1.4754579236110053,1.918741316300297,1.4754579236110053,122.1798681654036,4,19,True
677,14,55,105,1.4067427039146423,1.8966286743529468,1.4067427039146423,122.57346883416176,4,19,True
678,14,55,120,1.4051180322964987,1.857560998899064,1.4051180322964987,122.34385823830962,4,19,True
679,14,55,135,1.4077140033245086,1.83901489311419,1.4077140033245086,122.13289923965931,4,19,True
680,14,55,150,7.623002051313718,14.473167011264053,7.623002051313718,122.44367925450206,4,19,True
681,14,55,165,6.869785264134407,7.430398846775468,6.869785264134407,122.05175869166851,4,19,True
682,14,55,180,2.7845250606536864,3.303970653363877,2.7845250606536864,121.97172874584794,4,19,True
683,14,55,195,2.5509472211201984,4.358014893620393,2.5509472211201984,122.13149899616838,4,19,True
684,14,55,210,2.421927976608276,4.1568113160198745,2.421927976608276,122.20163829624653,4,19,True
685,14,55,225,2.371641993522644,4.074966114922727,2.371641993522644,122.12964799255133,4,19,True
686,14,4,30,11.967733403046926,20.400555127395748,11.967733403046926,122.17618804425001,4,19,True
687,14,4,45,20.361456163724263,35.68873458693088,20.361456163724263,125.27291988953948,4,19,True
688,14,4,60,46.04090212807059,76.0931926245159,46.04090212807059,134.16118314489722,4,18,True
689,14,4,75,2.6169849415620168,3.132197732199159,2.6169849415620168,132.9058720730245,4,19,True
690,14,4,90,1.803775005104641,2.305635106168841,1.803775005104641,132.96520290896297,4,19,True
691,14,4,105,6.414405886953076,8.982298082474998,6.414405886953076,132.95090198516846,4,19,True
692,14,4,120,1.7355499933784206,2.378977412642246,1.7355499933784206,132.9737319611013,4,19,True
693,14,4,135,5.902644248306752,9.792750719557437,5.902644248306752,133.22336226701736,4,19,True
694,14,4,150,21.913493844866753,34.22951092342877,21.913493844866753,133.62203212454915,4,18,True
695,14,4,165,7.660265608256062,10.781901016434842,7.660265608256062,134.02093341574073,4,18,True
696,14,4,180,7.859631047646205,11.908938846621968,7.859631047646205,123.1541889719665,4,18,True
697,14,4,195,5.399468501408895,8.853285084369283,5.399468501408895,122.15385911986232,4,19,True
698,14,4,210,3.995611240466436,5.779392887576809,3.995611240466436,122.30087863281369,4,19,True
699,14,4,225,8.06554809808731,9.646745779536502,8.06554809808731,122.84393887966871,4,18,True
700,14,45,30,20.489362637201946,22.875855967618033,20.489362637201946,123.32907877862453,4,18,True
701,14,45,45,6.3707684583961965,8.623892110288276,6.3707684583961965,123.01946897059679,4,19,True
702,14,45,60,3.7355831852803627,4.643560211822008,3.7355831852803627,122.0294488593936,4,19,True
703,14,45,75,3.540935969585553,4.572770891602767,3.540935969585553,122.06364888697863,4,19,True
704,14,45,90,2.0956772319506856,2.8784991889748595,2.0956772319506856,122.04767903313041,4,19,True
705,14,45,105,2.744403339425723,3.372907425301465,2.744403339425723,122.30994924902916,4,19,True
706,14,45,120,4.213441321253777,5.4692543713264,4.213441321253777,122.50961875542998,4,19,True
707,14,45,135,4.930719381570816,7.629436566149594,4.930719381570816,122.26509908214211,4,19,True
708,14,45,150,23.700966124733288,45.85715495879245,23.700966124733288,129.47229109704494,4,19,True
709,14,45,165,32.500865364074706,58.19535445904929,32.500865364074706,132.6842508278787,4,18,True
710,14,45,180,3.708851385116577,4.747608641873677,3.708851385116577,123.48158890381455,4,18,True
711,14,45,195,5.71375332052509,8.97545492142184,5.71375332052509,122.19234881922603,4,19,True
712,14,45,210,4.415779323255022,7.043529408755048,4.415779323255022,122.5117389112711,4,19,True
713,14,45,225,4.84436345299085,5.672002988133697,4.84436345299085,122.27487890049815,4,19,True
714,14,60,30,12.115421611070634,17.245964268279383,12.115421611070634,122.3360700532794,4,19,True
715,14,60,45,5.6730108519395195,6.710388197699932,5.6730108519395195,122.24645866081119,4,19,True
716,14,60,60,6.809408178925514,12.4729439865027,6.809408178925514,122.43699887767434,4,19,True
717,14,60,75,6.0232784678538644,8.49132773634397,6.0232784678538644,122.24229937419295,4,19,True
718,14,60,90,2.320144114891688,3.117561543461142,2.320144114891688,122.22213903442025,4,19,True
719,14,60,105,2.462475065390269,3.0446695857202064,2.462475065390269,122.20723880454898,4,19,True
720,14,60,120,2.3833999196688334,2.9545410219595003,2.3833999196688334,122.21082905307412,4,19,True
721,14,60,135,2.1181372006734214,2.6529179245185017,2.1181372006734214,122.11180897429585,4,19,True
722,14,60,150,2.178670565287272,2.7956743750208255,2.178670565287272,122.11289908736944,4,19,True
723,14,60,165,3.249655572573344,5.182938457713103,3.249655572573344,122.12854903191328,4,19,True
724,14,60,180,4.956760847568512,6.808726737637397,4.956760847568512,122.29714868590236,4,19,True
725,14,60,195,2.7840768456459046,3.443002323532895,2.7840768456459046,122.17331910505891,4,19,True
726,14,60,210,3.304427448908488,4.373787436628897,3.304427448908488,122.24009912461042,4,19,True
727,14,60,225,4.347413144508997,6.142893896731797,4.347413144508997,121.97564914822578,4,19,True
728,14,26,30,31.619586703181266,46.50859987462798,31.619586703181266,154.6113290823996,5,17,True
729,14,26,45,15.090821265180905,19.104788745138773,15.090821265180905,122.0155288465321,4,19,True
730,14,26,60,11.65190152687331,16.63843721876159,11.65190152687331,122.03915882855654,4,19,True
731,14,26,75,6.485146141579995,8.407827340225962,6.485146141579995,122.06873809918761,4,19,True
732,14,26,90,8.582489894827207,11.54577775874965,8.582489894827207,123.20770928636193,4,18,True
733,14,26,105,6.464942400572666,8.819904719059867,6.464942400572666,122.45661905035377,4,19,True
734,14,26,120,5.505033188014447,7.585435472803699,5.505033188014447,122.40981915965676,4,19,True
735,14,26,135,1.8930525409678618,2.3696450413675056,1.8930525409678618,122.2937279380858,4,19,True
736,14,26,150,3.7294925984252285,6.509083190978744,3.7294925984252285,122.21552897244692,4,19,True
737,14,26,165,14.1818791081508,23.21222618932993,14.1818791081508,121.99979880824685,4,19,True
738,14,26,180,2.3982840090990067,2.868578512215786,2.3982840090990067,122.95335903763771,4,18,True
739,14,26,195,5.714307640492916,7.00947711059497,5.714307640492916,122.31230828911066,4,19,True
740,14,26,210,5.197730454492072,8.928736609487345,5.197730454492072,122.39811895415187,4,19,True
741,14,26,225,7.295763104036451,8.772342493152285,7.295763104036451,122.23398918285966,4,19,True
742,14,21,30,3.6699428657690683,5.830991703227048,3.6699428657690683,122.09929898381233,4,19,True
743,14,21,45,4.413358413738509,7.145341568124344,4.413358413738509,122.20071908086538,4,19,True
744,14,21,60,9.364273118972779,13.479934388106056,9.364273118972779,122.22692929208279,4,19,True
745,14,21,75,14.624603712558747,23.22567920456254,14.624603712558747,122.05693870782852,4,19,True
746,14,21,90,9.397016049176454,13.220768465634373,9.397016049176454,123.80582978948951,4,18,True
747,14,21,105,4.504656501611074,5.443070694764117,4.504656501611074,122.49517906457186,4,19,True
748,14,21,120,2.1008499026764182,2.615306007140196,2.1008499026764182,122.72165017202497,4,19,True
749,14,21,135,2.0844173215484867,2.626890851522026,2.0844173215484867,122.72443901747465,4,19,True
750,14,21,150,1.889024019241333,2.3006811496978656,1.889024019241333,122.45469866320491,4,19,True
751,14,21,165,2.974252591530482,4.6470157339235225,2.974252591530482,122.5978396832943,4,19,True
752,14,21,180,2.735801443954309,3.908130310551774,2.735801443954309,122.4864087998867,4,19,True
753,14,21,195,3.590657389163971,4.502601866732075,3.590657389163971,122.3708288744092,4,19,True
754,14,21,210,3.0362991859515507,3.5311741095099642,3.0362991859515507,122.3970502614975,4,19,True
755,14,21,225,2.1126135488351188,2.7153446358356983,2.1126135488351188,122.61071894317865,4,19,True
756,14,44,30,21.7664385954539,29.86139300775615,21.7664385954539,122.2440991550684,4,19,True
757,14,44,45,4.578531926870346,7.129672605363289,4.578531926870346,122.26958991959691,4,19,True
758,14,44,60,8.010120819012323,12.648867064515597,8.010120819012323,122.62051878497005,4,19,True
759,14,44,75,8.017014054457347,11.340302141817826,8.017014054457347,123.6040499061346,4,18,True
760,14,44,90,4.501231612761815,8.668455595637925,4.501231612761815,122.35342897474766,4,19,True
761,14,44,105,6.149190513789653,9.046839618588033,6.149190513789653,122.20829911530018,4,19,True
762,14,44,120,7.23636165757974,9.467970719278227,7.23636165757974,122.28860892355442,4,19,True
763,14,44,135,9.579295174529156,20.663375731431454,9.579295174529156,122.34536884352565,4,19,True
764,14,44,150,14.464082954327266,25.255793642310188,14.464082954327266,122.34464008361101,4,19,True
765,14,44,165,9.07701203028361,15.145513823496158,9.07701203028361,122.02726863324642,4,19,True
766,14,44,180,8.176168852175275,15.626526912412338,8.176168852175275,122.24253918975592,4,19,True
767,14,44,195,8.585529807334146,12.731988851473428,8.585529807334146,123.57449997216463,4,18,True
768,14,44,210,5.739877651631832,6.750889321948904,5.739877651631832,123.215870000422,4,18,True
769,14,44,225,7.884397941827774,8.751024818048952,7.884397941827774,123.12310002744198,4,18,True
770,14,23,30,23.92986281613509,42.65199259069183,23.92986281613509,122.1403288654983,4,19,True
771,14,23,45,34.64869307602445,57.59336674886904,34.64869307602445,123.225889634341,4,18,True
772,14,23,60,11.149028577903907,17.109996122046066,11.149028577903907,123.2499391771853,4,18,True
773,14,23,75,10.492389901479084,15.338393496409404,10.492389901479084,122.82777996733785,4,18,True
774,14,23,90,11.172684995333354,16.684442490391174,11.172684995333354,121.74930889159441,4,18,True
775,14,23,105,20.758023402219017,32.62289165752283,20.758023402219017,121.34840898215771,4,18,True
776,14,23,120,22.833218202988306,40.322274213768814,22.833218202988306,121.56260898336768,4,18,True
777,14,23,135,10.956935932238897,17.48469658458911,10.956935932238897,120.61072792857885,4,19,True
778,14,23,150,35.24272398799658,48.41912415172947,35.24272398799658,121.31117889657617,4,18,True
779,14,23,165,6.889302012821038,7.87749717396726,6.889302012821038,121.24519888311625,4,18,True
780,14,23,180,12.181808339556058,24.2007313331294,12.181808339556058,121.44891917705536,4,18,True
781,14,23,195,31.039297691111763,49.387479330284485,31.039297691111763,120.55835919454694,4,19,True
782,14,23,210,31.937701817664006,60.5678246496787,31.937701817664006,123.1865189038217,4,18,True
783,14,23,225,14.820414950760702,20.658115667559898,14.820414950760702,123.60141891986132,4,18,True
784,14,53,30,14.572575537363688,22.244793355630545,14.572575537363688,123.93960915505886,4,19,True
785,14,53,45,9.719884618123372,14.995177040432042,9.719884618123372,120.28177781030536,4,19,True
786,14,53,60,21.04772289941708,25.612234937628884,21.04772289941708,121.02534901350737,4,18,True
787,14,53,75,13.811444496611754,21.517959890066077,13.811444496611754,120.66897843033075,4,19,True
788,14,53,90,16.755276995897294,25.569206126862213,16.755276995897294,120.34391891211271,4,19,True
789,14,53,105,2.5021868069966633,3.7455559458889804,2.5021868069966633,120.1461493037641,4,19,True
790,14,53,120,4.217059727447729,5.320843347472568,4.217059727447729,120.34435896202922,4,19,True
791,14,53,135,1.8029468161985278,2.1403035070857217,1.8029468161985278,120.4002290032804,4,19,True
792,14,53,150,1.7043367942174277,2.0305085131558904,1.7043367942174277,120.42901897802949,4,19,True
793,14,53,165,1.5100839157899222,1.9073476114551795,1.5100839157899222,121.29418877884746,4,19,True
794,14,53,180,2.366603610912959,2.979765242322928,2.366603610912959,122.13471904397011,4,19,True
795,14,53,195,9.645574816068013,12.96119191144711,9.645574816068013,122.23591888323426,4,19,True
796,14,53,210,11.616419451932112,16.25107078544085,11.616419451932112,122.3696288652718,4,19,True
797,14,53,225,8.612891255491801,14.621472587865233,8.612891255491801,123.28479904681444,4,18,True
798,14,84,30,3.1485272606213885,4.3714754339531705,3.1485272606213885,122.51352984458208,4,19,True
799,14,84,45,3.488200217485428,4.778172027633784,3.488200217485428,122.38901015371084,4,19,True
800,14,84,60,3.1474486251672107,4.367119974077302,3.1474486251672107,122.44494911283255,4,19,True
801,14,84,75,3.181936872005463,4.517235489405532,3.181936872005463,122.34912998974323,4,19,True
802,14,84,90,1.7742101897795994,2.420512500413617,1.7742101897795994,122.10389878600836,4,19,True
803,14,84,105,3.0196781277656557,4.144428727852965,3.0196781277656557,121.74462014809251,4,19,True
804,14,84,120,2.777839481830597,3.8132616507516297,2.777839481830597,122.28424893692136,4,19,True
805,14,84,135,2.5871384143829346,3.5490089722902556,2.5871384143829346,122.73543002083898,4,19,True
806,14,84,150,2.566818912823995,3.5296199886544457,2.566818912823995,122.32185993343592,4,19,True
807,14,84,165,2.722811979055405,3.676261550226754,2.722811979055405,122.24105885252357,4,19,True
808,14,84,180,5.391413623591264,6.251949456876502,5.391413623591264,122.22229968756437,4,19,True
809,14,84,195,6.597548541426659,9.193405853089006,6.597548541426659,122.14700877666473,4,19,True
810,14,84,210,17.367596953113875,30.03220133701775,17.367596953113875,123.14026989042759,4,18,True
811,14,84,225,21.38418680727482,29.145803068087226,21.38418680727482,122.75470979511738,4,18,True
812,14,59,30,25.237961356838543,30.970983280431458,25.237961356838543,123.20205988362432,4,18,True
813,14,59,45,11.813786735509833,13.600358278156028,11.813786735509833,123.3223001472652,4,18,True
814,14,59,60,4.511982243011395,6.510589418368202,4.511982243011395,122.47077003121376,4,19,True
815,14,59,75,5.726833966871102,8.199198073983458,5.726833966871102,122.22658889368176,4,19,True
816,14,59,90,3.322222862144311,4.343399098452269,3.322222862144311,122.31259001418948,4,19,True
817,14,59,105,5.24345264211297,7.118082014191472,5.24345264211297,122.3062900826335,4,19,True
818,14,59,120,9.617943807442982,12.509354802498107,9.617943807442982,122.38578917458653,4,19,True
819,14,59,135,7.279877462983132,8.983336276602717,7.279877462983132,123.38304985314608,4,18,True
820,14,59,150,5.536657431721688,10.462753405215384,5.536657431721688,122.36088002100587,4,19,True
821,14,59,165,9.526308295627436,14.507610274432853,9.526308295627436,122.13997915387154,4,19,True
822,14,59,180,3.41742722094059,4.237219512312839,3.41742722094059,122.42377875372767,4,19,True
823,14,59,195,10.621509011586507,14.103739270670783,10.621509011586507,122.07730999216437,4,19,True
824,14,59,210,9.50113314439853,10.634320781061747,9.50113314439853,121.8511201441288,4,19,True
825,14,59,225,7.954528767863909,9.68226691767053,7.954528767863909,121.99217872694135,4,19,True
826,14,49,30,14.194783583035072,19.1953760391292,14.194783583035072,122.34995001927018,4,19,True
827,14,49,45,3.952719548344612,6.107786361601505,3.952719548344612,122.33519880101085,4,19,True
828,14,49,60,6.917469916741053,8.796069790748968,6.917469916741053,122.9612398892641,4,18,True
829,14,49,75,6.537455662091573,9.20295306420645,6.537455662091573,122.24685912951827,4,19,True
830,14,49,90,12.582595079143841,17.288639870485742,12.582595079143841,122.32562992721796,4,19,True
831,14,49,105,8.80929888188839,10.120243793954087,8.80929888188839,122.45082994922996,4,19,True
832,14,49,120,3.5619218875460015,4.110202451056741,3.5619218875460015,122.4187989719212,4,19,True
833,14,49,135,5.096295931438605,5.711328313325442,5.096295931438605,121.68117891997099,4,19,True
834,14,49,150,2.8008918091654778,3.6502078621184344,2.8008918091654778,120.45104894787073,4,19,True
835,14,49,165,2.2437962452570597,2.867940779804599,2.2437962452570597,120.77956926077604,4,19,True
836,14,49,180,3.6376709206670057,4.8594295771614675,3.6376709206670057,120.61623856425285,4,19,True
837,14,49,195,8.435014152400738,11.003591072888359,8.435014152400738,120.7065493799746,4,19,True
838,14,49,210,10.168426851431528,11.275444190431271,10.168426851431528,120.43584883213043,4,19,True
839,14,49,225,4.137044127782186,4.543622821298193,4.137044127782186,120.49042899161577,4,19,True
840,14,7,30,5.291291105747223,6.663275654331185,5.291291105747223,121.17358017712831,4,18,True
841,14,7,45,7.1348357121149695,10.442830165871145,7.1348357121149695,120.60325918719172,4,19,True
842,14,7,60,13.066431472691086,20.361535379957925,13.066431472691086,123.23101004585624,4,18,True
843,14,7,75,12.375938089812795,17.173290432220735,12.375938089812795,122.50543991103768,4,19,True
844,14,7,90,14.874812557920814,22.180908719882844,14.874812557920814,123.24330024421215,4,18,True
845,14,7,105,6.333926842113336,8.561385636649405,6.333926842113336,122.11686000227928,4,19,True
846,14,7,120,6.7182814637819925,7.269775544089017,6.7182814637819925,122.46373016387224,4,19,True
847,14,7,135,3.6468949894110363,5.345630401516516,3.6468949894110363,120.72116881608963,4,19,True
848,14,7,150,7.245579942564169,9.345311582500548,7.245579942564169,120.85641035810113,4,19,True
849,14,7,165,8.876780037085215,11.739115774708418,8.876780037085215,120.34083902835846,4,19,True
850,14,7,180,2.691600430011749,3.0249483410127556,2.691600430011749,120.34478923305869,4,19,True
851,14,7,195,10.495849908019105,15.985653065238514,10.495849908019105,120.2549790032208,4,19,True
852,14,7,210,10.888621450960636,13.485147767828163,10.888621450960636,121.64582964032888,4,18,True
853,14,7,225,11.733684148391088,14.198826538179514,11.733684148391088,121.34443875402212,4,18,True
854,14,47,30,8.63175563812256,9.374526810531936,8.63175563812256,121.25738989561796,4,18,True
855,14,47,45,5.962810325622558,6.531783863184692,5.962810325622558,121.19896896183491,4,19,True
856,14,47,60,6.105337111155192,6.794597167206748,6.105337111155192,122.41395004093647,4,19,True
857,14,47,75,6.235495440165201,6.936252177691297,6.235495440165201,121.03182962164283,4,19,True
858,14,47,90,6.188970470428467,6.8124841695360185,6.188970470428467,120.86716899648309,4,19,True
859,14,47,105,6.074115308125814,6.715318584878765,6.074115308125814,120.55098917335272,4,19,True
860,14,47,120,6.0981566429138185,6.771214561606833,6.0981566429138185,120.59984868392348,4,19,True
861,14,47,135,6.110128434499105,6.793704935084361,6.110128434499105,120.52496895194054,4,19,True
862,14,47,150,6.0777403831481935,6.7145288258438685,6.0777403831481935,120.50002906471491,4,19,True
863,14,47,165,9.018644114335379,11.988006787250432,9.018644114335379,120.66670879721642,4,19,True
864,14,47,180,8.34552219013373,11.706187592959052,8.34552219013373,121.77998991683125,4,18,True
865,14,47,195,10.33887782394886,13.025296327030714,10.33887782394886,121.23980931937695,4,19,True
866,14,47,210,16.88935284614563,21.4554064941799,16.88935284614563,123.20557981729507,4,18,True
867,14,47,225,6.136770137151083,6.831630389398938,6.136770137151083,122.44596891105175,4,19,True
868,14,30,30,3.339326798915863,4.557978550026963,3.339326798915863,122.37016903236508,4,19,True
869,14,30,45,9.589845678210258,12.645864629930449,9.589845678210258,122.41624994203448,4,19,True
870,14,30,60,12.38512070675691,14.243701907262453,12.38512070675691,122.01316934078932,4,19,True
871,14,30,75,3.9141860122481984,5.441933174884807,3.9141860122481984,122.38436983898282,4,19,True
872,14,30,90,3.3139043777560193,4.482656361564988,3.3139043777560193,122.55176994949579,4,19,True
873,14,30,105,2.640898295554022,3.3855170734579367,2.640898295554022,122.41159984841943,4,19,True
874,14,30,120,2.1810921993106605,2.7328115197965066,2.1810921993106605,122.30945890769362,4,19,True
875,14,30,135,3.4520213500907024,5.954183623539514,3.4520213500907024,122.3002290353179,4,19,True
876,14,30,150,2.088457347949346,2.8210411620652645,2.088457347949346,122.31995910406113,4,19,True
877,14,30,165,2.1536894579728445,2.864441372965085,2.1536894579728445,123.43924073502421,4,19,True
878,14,30,180,2.35494084234039,2.690115235918495,2.35494084234039,122.31540028005838,4,19,True
879,14,30,195,2.911284690350294,3.386309018908692,2.911284690350294,122.27827031165361,4,19,True
880,14,30,210,2.22148725738128,2.782435825933431,2.22148725738128,122.47702991589904,4,19,True
881,14,30,225,3.8083214686873057,5.0869331315124136,3.8083214686873057,122.29917896911502,4,19,True
882,18,83,30,16.550025216738383,25.066308330960872,16.550025216738383,123.13872016966343,4,18,True
883,18,83,45,4.745579886436462,7.320404007604474,4.745579886436462,122.38735007122159,4,19,True
884,18,83,60,19.296940836682914,27.22435775631745,19.296940836682914,122.80223984271288,4,19,True
885,18,83,75,5.640863773847619,9.210128309590235,5.640863773847619,120.822390075773,4,19,True
886,18,83,90,7.568318304512649,10.211513114481804,7.568318304512649,121.4192290790379,4,18,True
887,18,83,105,4.563120079940806,6.747624673320392,4.563120079940806,120.61330862343311,4,19,True
888,18,83,120,30.641686256648974,53.303251180871506,30.641686256648974,121.45690014585853,4,18,True
889,18,83,135,37.299529892206195,60.87669084527154,37.299529892206195,122.06252012401819,4,18,True
890,18,83,150,34.76189970398943,47.990194370005916,34.76189970398943,121.41863908618689,4,18,True
891,18,83,165,11.481076216697693,14.599996930675465,11.481076216697693,120.57599890977144,4,19,True
892,18,83,180,5.790216004227599,8.594252654754076,5.790216004227599,120.72100024670362,4,19,True
893,18,83,195,13.592689381663998,18.504140978278098,13.592689381663998,121.09250901266932,4,19,True
894,18,15,30,8.143519102036953,11.420404261514685,8.143519102036953,122.33624001964927,4,19,True
895,18,15,45,7.858708915114403,10.835424229711574,7.858708915114403,122.11420992389321,4,19,True
896,18,15,60,8.529445060497771,13.82053447339029,8.529445060497771,122.29870026931167,4,19,True
897,18,15,75,7.5811918701666094,10.743576426393119,7.5811918701666094,121.89202895388007,4,19,True
898,18,15,90,4.366274662812551,5.59730510970526,4.366274662812551,122.43870878592134,4,19,True
899,18,15,105,3.7000054106620763,4.943977444125525,3.7000054106620763,122.23705882206559,4,19,True
900,18,15,120,7.9815030256907145,9.961507237859601,7.9815030256907145,121.87483999878168,4,19,True
901,18,15,135,5.662920124083757,7.387152552019502,5.662920124083757,122.2453499212861,4,19,True
902,18,15,150,6.09677658751607,7.197918873704246,6.09677658751607,122.41110019385815,4,19,True
903,18,15,165,7.888789425293605,10.371226586715892,7.888789425293605,122.14901018887758,4,19,True
904,18,3,30,20.21801442205906,27.055031312936467,20.21801442205906,122.49351013451815,4,19,True
905,18,3,45,45.525529050827025,63.70537904830236,45.525529050827025,123.20355977863073,4,18,True
906,18,3,60,36.62226154307525,63.26594544547153,36.62226154307525,123.48412023857236,4,18,True
907,18,3,75,44.17388040622075,56.654047200263825,44.17388040622075,123.76643111929297,4,18,True
908,18,3,90,59.11266444524129,79.78819184414304,59.11266444524129,122.35087994486094,4,19,True
909,18,3,105,18.915465088685355,24.883725687767264,18.915465088685355,122.90715985000134,4,18,True
910,18,3,120,40.15332393050194,43.700389933234526,40.15332393050194,123.25633084401488,4,18,True
911,18,3,135,16.01973736907045,20.575076394943363,16.01973736907045,123.2539196498692,4,18,True
912,18,3,150,4.398716056346894,5.430162552506627,4.398716056346894,123.04084002971649,4,19,True
913,18,3,165,5.149881712595621,8.749497157111076,5.149881712595621,123.07306006550789,4,19,True
914,18,35,30,15.836533581713836,23.27599916955797,15.836533581713836,122.44728021323681,4,19,True
915,18,35,45,13.988304679592451,19.06972264123214,13.988304679592451,122.17309977859259,4,19,True
916,18,35,60,7.442968148738146,9.011438383732942,7.442968148738146,122.33853992074728,4,19,True
917,18,35,75,5.092490097923049,6.282508321672043,5.092490097923049,122.20364017412066,4,19,True
918,18,35,90,4.951278304650137,6.608470041102178,4.951278304650137,122.22661962732673,4,19,True
919,18,35,105,5.036364598215247,6.6874015163878715,5.036364598215247,122.13800009340048,4,19,True
920,18,35,120,8.32790607305554,16.021255057680385,8.32790607305554,122.31092993170023,4,19,True
921,18,35,135,20.762237232923507,29.902127609965625,20.762237232923507,122.02284019440413,4,19,True
922,18,35,150,48.93563104172548,67.26173915592638,48.93563104172548,123.3197501860559,4,18,True
923,18,35,165,42.73346335714062,52.094335117187306,42.73346335714062,123.29133087769151,4,18,True
924,18,35,180,5.44585980301102,7.0385374678832555,5.44585980301102,122.13301006704569,4,19,True
925,18,35,195,4.8205671399831775,6.154128467070141,4.8205671399831775,122.03253014013171,4,19,True
926,18,35,210,3.7220072646935782,5.4586534272029805,3.7220072646935782,122.5365698337555,4,19,True
927,18,35,225,16.631962343056998,27.59228015028883,16.631962343056998,122.26093979552388,4,19,True
928,18,48,30,20.588317960500717,24.300944979143843,20.588317960500717,123.25596017763019,4,18,True
929,18,48,45,47.644182576984164,67.24319288967978,47.644182576984164,122.23026994615793,4,19,True
930,18,48,60,19.770996540784836,30.993176834402608,19.770996540784836,123.5813102684915,4,18,True
931,18,48,75,22.17330652947227,29.105626245637534,22.17330652947227,123.34689125418663,4,18,True
932,18,48,90,7.031606595218181,9.01381533033835,7.031606595218181,121.93540995940566,4,19,True
933,18,48,105,3.0253641764322916,3.9184954034644406,3.0253641764322916,122.4479298107326,4,19,True
934,18,48,120,5.749512807031473,8.380369320723542,5.749512807031473,122.09050031378865,4,19,True
935,18,48,135,3.414522011081378,4.216987758016625,3.414522011081378,121.90889986231923,4,19,True
936,18,48,150,3.724345858891805,4.941654210632049,3.724345858891805,121.93751009181142,4,19,True
937,18,48,165,8.60948850462834,10.174454127959336,8.60948850462834,121.99161993339658,4,19,True
938,18,48,180,5.623726952572664,8.463874984801794,5.623726952572664,122.2574501298368,4,19,True
939,18,48,195,5.652306139717499,6.489606303871831,5.652306139717499,122.17861087992787,4,19,True
940,18,48,210,4.207601934671402,5.737625575147777,4.207601934671402,122.22656980156898,4,19,True
941,18,48,225,8.484386996428173,12.648058169776837,8.484386996428173,121.595140080899,4,19,True
942,18,22,30,2.4753989997009436,3.2081501558030188,2.4753989997009436,120.33869000151753,4,19,True
943,18,22,45,8.2993438432614,17.820434442614253,8.2993438432614,120.52315892651677,4,19,True
944,18,22,60,9.08667400330305,11.8844935737385,9.08667400330305,121.31555890664458,4,18,True
945,18,22,75,9.735441902776559,12.334116702478168,9.735441902776559,121.44881999120116,4,18,True
946,18,22,90,3.325659543275833,4.162540682447524,3.325659543275833,120.46355893835425,4,19,True
947,18,22,105,3.181027404467265,4.010953690809226,3.181027404467265,120.62489986419678,4,19,True
948,18,22,120,3.0791336317857105,3.89537641396217,3.0791336317857105,120.63268013298512,4,19,True
949,18,22,135,2.1536377032597858,3.0125466784177144,2.1536377032597858,120.26285007596016,4,19,True
950,18,22,150,3.3236218931929518,5.748529443618002,3.3236218931929518,122.5519198924303,4,19,True
951,18,22,165,6.111988294497133,7.90795298996386,6.111988294497133,122.23454006016254,4,19,True
952,18,55,30,9.497986910740535,19.492841175021898,9.497986910740535,122.2886499017477,4,19,True
953,18,55,45,28.17101681083441,45.55714822543093,28.17101681083441,123.07498091831803,4,18,True
954,18,55,60,22.771920643746853,31.182798413664848,22.771920643746853,123.48639033734798,4,18,True
955,18,55,75,2.1924104849497477,3.1718367008684565,2.1924104849497477,122.41826113313437,4,19,True
956,18,55,90,13.580147051811219,17.02912416843984,13.580147051811219,122.30128003284335,4,19,True
957,18,55,105,19.162196620802085,23.242562818526505,19.162196620802085,123.24111023917794,4,18,True
958,18,55,120,7.7352059245109555,9.54882032188799,7.7352059245109555,123.40532056987286,4,18,True
959,18,55,135,6.894712271044652,8.368896455505658,6.894712271044652,123.02409065887332,4,18,True
960,18,55,150,8.007443146159252,9.507611188231504,8.007443146159252,122.41856008768082,4,19,True
961,18,55,165,5.292937215665976,6.701692837910655,5.292937215665976,122.16574000194669,4,19,True
962,18,4,30,11.515296312173207,14.56817846262012,11.515296312173207,123.09434032067657,4,18,True
963,18,4,45,5.149418288236484,6.4805833567915245,5.149418288236484,122.37092992290854,4,19,True
964,18,4,60,2.070218689242999,2.543485686331999,2.070218689242999,122.22395045682788,4,19,True
965,18,4,75,2.0131815036137897,2.5445982134518976,2.0131815036137897,122.01551999896765,4,19,True
966,18,4,90,12.169137491782505,16.837304933548392,12.169137491782505,121.91238859668374,4,19,True
967,18,4,105,5.497914045800766,6.518906474448705,5.497914045800766,123.08064009994268,4,18,True
968,18,4,120,2.673583512256543,4.064827816206529,2.673583512256543,122.60550120845437,4,19,True
969,18,4,135,5.9678256708507735,6.467372605398522,5.9678256708507735,124.80753101408482,4,19,True
970,18,4,150,3.6919339628890158,5.156862866427403,3.6919339628890158,123.2097209431231,4,19,True
971,18,4,165,4.5097343275944395,5.9816194228452035,4.5097343275944395,122.12869990617037,4,19,True
972,18,4,180,4.085260212421417,5.230828615547594,4.085260212421417,122.39794991910458,4,19,True
973,18,45,30,22.27654040902853,30.103421416710713,22.27654040902853,122.1459498628974,4,19,True
974,18,45,45,9.882011417547861,18.12404887498038,9.882011417547861,122.04367993399501,4,19,True
975,18,45,60,25.181662178039552,34.19192709558624,25.181662178039552,123.44323098659515,4,18,True
976,18,45,75,17.612921053171156,23.913027682795136,17.612921053171156,123.54253092780709,4,18,True
977,18,45,90,12.955346615612507,21.300218570119117,12.955346615612507,122.46384005993605,4,19,True
978,18,45,105,13.617020162101834,22.480429204316845,13.617020162101834,121.94450059905648,4,19,True
979,18,45,120,2.470616925756137,2.9429636423506764,2.470616925756137,120.41431991383433,4,19,True
980,18,45,135,3.512022395928701,3.784359438216207,3.512022395928701,120.59067003428936,4,19,True
981,18,45,150,3.19239478011926,3.606060776202383,3.19239478011926,120.26010872796178,4,19,True
982,18,45,165,4.648650733629863,7.254162018831179,4.648650733629863,120.30893983319402,4,19,True
983,18,60,30,7.071150127053261,9.714819915021737,7.071150127053261,120.08925899863243,4,19,True
984,18,60,45,1.4166393886009851,1.6733275600393487,1.4166393886009851,120.29397999867797,4,19,True
985,18,60,60,2.359829562405745,2.9875522530492016,2.359829562405745,120.11779006570578,4,19,True
986,18,60,75,8.95487547814846,17.00906016744531,8.95487547814846,120.08997006341815,4,19,True
987,18,60,90,11.660441124190887,15.773074064533134,11.660441124190887,121.51803029701114,4,19,True
988,18,60,105,22.284532162663528,36.45554407454077,22.284532162663528,123.09824116528034,4,18,True
989,18,60,120,11.732433271904787,15.96057511263255,11.732433271904787,123.06023109704256,4,18,True
990,18,60,135,2.0737990021705626,2.347716363116184,2.0737990021705626,122.22615024074912,4,19,True
991,18,60,150,1.712245027224223,2.029462142627671,1.712245027224223,122.27795086801052,4,19,True
992,18,60,165,5.476931634917856,7.815726859057553,5.476931634917856,122.086760122329,4,19,True
993,18,26,30,17.30375069975853,26.906235658904308,17.30375069975853,121.98709975928068,4,19,True
994,18,26,45,30.35654027213653,50.31947357322267,30.35654027213653,122.00725078582764,4,19,True
995,18,26,60,46.30178313950697,71.82048603008498,46.30178313950697,123.35885036736727,4,18,True
996,18,26,75,27.256196184953055,45.08930933357798,27.256196184953055,123.13413992524147,4,18,True
997,18,26,90,8.846857034787536,11.736200964782748,8.846857034787536,123.30741016194224,4,18,True
998,18,26,105,7.983948952456315,10.5654039158695,7.983948952456315,123.30101104453206,4,18,True
999,18,26,120,14.952983352852364,20.815812289737412,14.952983352852364,122.36334988847375,4,19,True
1000,18,26,135,12.624756162365278,18.121323681385867,12.624756162365278,123.25546098873019,4,18,True
1001,18,26,150,20.94418961107731,24.034217920738882,20.94418961107731,123.48388088867068,4,18,True
1002,18,26,165,11.345837535709142,20.119995896387074,11.345837535709142,122.27921141311526,4,19,True
1003,18,21,30,6.728164651493231,12.112450050264357,6.728164651493231,122.17566976323724,4,19,True
1004,18,21,45,15.96129831324021,25.983654370621327,15.96129831324021,122.81678011640906,4,18,True
1005,18,21,60,6.184952998161316,8.878525543095478,6.184952998161316,122.4521310068667,4,19,True
1006,18,21,75,5.581933901707331,8.106942398634333,5.581933901707331,123.27958084642887,4,18,True
1007,18,21,90,20.58038693362226,29.029891018016702,20.58038693362226,122.56708089262247,4,19,True
1008,18,21,105,19.63260355691115,28.884951925461475,19.63260355691115,123.25704982504249,4,18,True
1009,18,21,120,1.605470198392868,1.9060559140295694,1.605470198392868,122.52035969868302,4,19,True
1010,18,21,135,3.2736685626829662,4.661788942545991,3.2736685626829662,122.47312115505338,4,19,True
1011,18,21,150,7.141990072031816,11.33682066252393,7.141990072031816,122.51713080331683,4,19,True
1012,18,21,165,4.451690336565177,5.248322180673807,4.451690336565177,123.27909097075462,4,18,True
1013,18,44,30,9.98010618686676,13.525440867775673,9.98010618686676,123.39963112026453,4,18,True
1014,18,44,45,4.071964915593465,4.76816674513795,4.071964915593465,122.371731325984,4,19,True
1015,18,44,60,3.6053597132364907,4.216561465807491,3.6053597132364907,122.23172979429364,4,19,True
1016,18,44,75,13.594266465306282,21.07431607433448,13.594266465306282,122.16104986146092,4,19,True
1017,18,44,90,11.965016333945096,22.856669979523506,11.965016333945096,122.57084110751748,4,19,True
1018,18,44,105,23.686742261859276,31.853669257438373,23.686742261859276,125.47673238441348,4,19,True
1019,18,44,120,15.13661335905393,18.818853587766043,15.13661335905393,122.12458997964859,4,19,True
1020,18,44,135,5.887997039159139,7.417344653889465,5.887997039159139,122.10208084434271,4,19,True
1021,18,44,150,11.103869944810867,18.529339047599155,11.103869944810867,122.31815094128251,4,19,True
1022,18,44,165,11.719975209236145,17.863201821571888,11.719975209236145,122.64610081911087,4,19,True
1023,18,44,180,3.507311519856254,3.9756621191211403,3.507311519856254,122.36172100529075,4,19,True
1024,18,44,195,5.890493874872724,8.760770287634283,5.890493874872724,122.11336987093091,4,19,True
1025,18,44,210,5.993855084603031,7.844819801554457,5.993855084603031,120.5298500135541,4,19,True
1026,18,44,225,6.783781814575195,8.055417384673284,6.783781814575195,120.63708016648889,4,19,True
1027,18,23,30,18.763550046086312,30.43958045563347,18.763550046086312,120.92864001169801,4,18,True
1028,18,23,45,13.586995220184326,21.984136091394436,13.586995220184326,121.36088078841567,4,18,True
1029,18,23,60,14.830206556618213,20.495390952483156,14.830206556618213,121.66517972946167,4,18,True
1030,18,23,75,20.04049631357193,25.630930602671754,20.04049631357193,121.61860009655356,4,18,True
1031,18,23,90,9.80831658244133,13.966892555544257,9.80831658244133,121.22124014422297,4,18,True
1032,18,23,105,19.111877615749837,27.355676078011445,19.111877615749837,120.37369003519416,4,19,True
1033,18,23,120,15.493535993496577,18.952755424959363,15.493535993496577,122.48994084075093,4,18,True
1034,18,23,135,14.642615581831585,24.35681183606485,14.642615581831585,122.29702109470963,4,19,True
1035,18,23,150,16.400900474066535,26.131391717956024,16.400900474066535,122.23034119233489,4,19,True
1036,18,23,165,19.230072322487832,26.16611445471033,19.230072322487832,123.05996101349592,4,18,True
1037,18,53,30,44.55333881154657,60.886899134070745,44.55333881154657,122.46809108182788,4,19,True
1038,18,53,45,27.776737515504163,38.388193619470414,27.776737515504163,122.97257129102945,4,18,True
1039,18,53,60,38.476464276760815,70.5769954281831,38.476464276760815,123.33814101293683,4,18,True
1040,18,53,75,9.892080895105998,14.58291470758704,9.892080895105998,123.13703121617436,4,18,True
1041,18,53,90,22.886491958300272,40.15133470592745,22.886491958300272,122.45015101507306,4,19,True
1042,18,53,105,4.803420666853587,7.353349864741617,4.803420666853587,122.39387119188905,4,19,True
1043,18,53,120,14.622239057223002,23.25707843783454,14.622239057223002,122.16318072751164,4,19,True
1044,18,53,135,5.891565243403117,6.689476663327816,5.891565243403117,122.07679031416774,4,19,True
1045,18,53,150,16.007517075942207,28.43042346732274,16.007517075942207,122.50223103910685,4,19,True
1046,18,53,165,21.160832142736762,34.35395001497148,21.160832142736762,122.33004113659263,4,19,True
1047,18,84,30,33.8236036469539,43.014501892170244,33.8236036469539,122.05935968086123,4,19,True
1048,18,84,45,32.91407207523783,49.62567951893152,32.91407207523783,123.1081411242485,4,18,True
1049,18,84,60,17.175154464443526,21.555120098752987,17.175154464443526,122.32192093506455,4,19,True
1050,18,84,75,15.481099613414456,17.274112887143712,15.481099613414456,123.56494180858135,4,18,True
1051,18,84,90,4.613134924570719,6.210266516563258,4.613134924570719,122.79141088947654,4,19,True
1052,18,84,105,7.967914513746897,10.810954626110508,7.967914513746897,122.41329113021493,4,19,True
1053,18,84,120,11.730902439728379,13.418857811345303,11.730902439728379,122.33615107834339,4,19,True
1054,18,84,135,4.032446210645139,5.440721335631621,4.032446210645139,122.35736008733511,4,19,True
1055,18,84,150,8.484864375305673,10.714294701572614,8.484864375305673,122.65433091670275,4,19,True
1056,18,84,165,5.910772975782553,7.5624928405027845,5.910772975782553,122.4450902082026,4,19,True
1057,18,59,30,20.497945696115494,27.125779291843816,20.497945696115494,122.34628992155194,4,19,True
1058,18,59,45,5.480767743289471,6.822297912949682,5.480767743289471,122.18687031418085,4,19,True
1059,18,59,60,4.9443892419338225,7.453519059531004,4.9443892419338225,122.3616311326623,4,19,True
1060,18,59,75,10.111344780524572,13.852315789058375,10.111344780524572,122.75261990725994,4,19,True
1061,18,59,90,15.238604195912679,18.08338321962774,15.238604195912679,123.43139108270407,4,18,True
1062,18,59,105,5.84774217394491,8.331616336757396,5.84774217394491,122.73919070139527,4,19,True
1063,18,59,120,12.868619735911489,19.627129649698855,12.868619735911489,123.50355088710785,4,18,True
1064,18,59,135,1.4870201448599498,1.964901836468345,1.4870201448599498,122.24575132131577,4,19,True
1065,18,59,150,5.257943738996983,7.700802945435035,5.257943738996983,122.46907968074083,4,19,True
1066,18,59,165,5.586825456221899,7.79174389453086,5.586825456221899,122.48048093169928,4,19,True
1067,18,49,30,32.7078499486049,45.14719301690673,32.7078499486049,122.0388999208808,4,19,True
1068,18,49,45,45.91977102160454,63.46068204120543,45.91977102160454,123.04608104750514,4,18,True
1069,18,49,60,9.921574351936579,13.488317749018815,9.921574351936579,123.52246092632413,4,18,True
1070,18,49,75,14.044876064298053,19.601791887903556,14.044876064298053,123.42497101053596,4,18,True
1071,18,49,90,12.676140925846994,17.381497268278643,12.676140925846994,123.32141166552901,4,18,True
1072,18,49,105,23.68976086676121,40.02711400794742,23.68976086676121,121.96406116709113,4,19,True
1073,18,49,120,14.13301906188329,19.309730284753226,14.13301906188329,123.28300066292286,4,18,True
1074,18,49,135,12.663939150174459,17.628161940441927,12.663939150174459,123.38599190115929,4,18,True
1075,18,49,150,8.616050547361374,11.079453133063717,8.616050547361374,123.39190067723393,4,18,True
1076,18,49,165,9.143091498020416,10.565756468510866,9.143091498020416,121.7179810628295,4,18,True
1077,18,49,180,15.269265699386597,17.40804160981069,15.269265699386597,121.46122008562088,4,18,True
1078,18,49,195,7.642155027389526,9.906574748856118,7.642155027389526,121.22108973562717,4,18,True
1079,18,49,210,7.0407299836476644,10.844790830882562,7.0407299836476644,121.15943105891347,4,18,True
1080,18,7,30,41.16649561325709,59.213383984702226,41.16649561325709,121.61952070891857,4,18,True
1081,18,7,45,6.123719588915507,8.556882359692324,6.123719588915507,120.40534988045692,4,19,True
1082,18,7,60,4.089301994070411,5.666431147093447,4.089301994070411,120.35978119820356,4,19,True
1083,18,7,75,12.895677100370328,23.495200915370653,12.895677100370328,120.40163017809391,4,19,True
1084,18,7,90,23.598711923758188,26.322905062967187,23.598711923758188,121.98920082300901,4,18,True
1085,18,7,105,27.343265704313914,43.42003496348876,27.343265704313914,122.28337116539478,4,19,True
1086,18,7,120,29.62947921709468,48.59571282875915,29.62947921709468,123.52805212140083,4,18,True
1087,18,7,135,14.140045269330342,15.688995088393385,14.140045269330342,123.73807094991207,4,18,True
1088,18,7,150,17.484151059389113,27.51975047823366,17.484151059389113,122.32109066098928,4,19,True
1089,18,7,165,14.473592427186668,18.10186715030494,14.473592427186668,123.13289102166891,4,18,True
1090,18,47,30,19.300631442076217,25.754129167440333,19.300631442076217,123.34246095269918,4,18,True
1091,18,47,45,6.804158966739973,8.758133272339299,6.804158966739973,120.88275142014027,4,19,True
1092,18,47,60,3.9814729849497477,5.465105721495068,3.9814729849497477,121.43991002812982,4,18,True
1093,18,47,75,1.6119378169377645,2.211554155916709,1.6119378169377645,120.58316031470895,4,19,True
1094,18,47,90,6.666957271099091,10.081309139065056,6.666957271099091,120.02074997872114,4,19,True
1095,18,47,105,2.750369183222453,3.475737121062564,2.750369183222453,120.94475980848074,4,18,True
1096,18,47,120,2.3764283736546834,3.4465660622839027,2.3764283736546834,120.44745124876499,4,19,True
1097,18,47,135,4.646959026654561,9.32262322225016,4.646959026654561,120.30369974672794,4,19,True
1098,18,47,150,15.935581315557162,22.345314292752565,15.935581315557162,121.13900110125542,4,18,True
1099,18,47,165,8.1956087273856,11.656641461604773,8.1956087273856,122.36992083489895,4,18,True
1100,18,30,30,15.774265829535823,22.069819221498406,15.774265829535823,122.21331102773547,4,19,True
1101,18,30,45,6.576691389083862,8.524187613296734,6.576691389083862,121.99574010446668,4,19,True
1102,18,30,60,3.2071927070617674,3.732399229211744,3.2071927070617674,122.20716988667846,4,19,True
1103,18,30,75,2.6102769215901693,3.1001214197106757,2.6102769215901693,122.19501985237002,4,19,True
1104,18,30,90,2.3394731998443605,2.8600243818484916,2.3394731998443605,122.42613127455115,4,19,True
1105,18,30,105,2.2383569876352944,2.864673584860268,2.2383569876352944,122.35661083832383,4,19,True
1106,18,30,120,2.52466615041097,3.3988419634063516,2.52466615041097,122.27359134703875,4,19,True
1107,18,30,135,3.9785133361816407,5.33380455818562,3.9785133361816407,122.18247121199965,4,19,True
1108,18,30,150,1.4761185010274251,1.8375092483355773,1.4761185010274251,122.39596992731094,4,19,True
1109,18,30,165,2.1278955539067588,2.550361745155162,2.1278955539067588,122.42632126435637,4,19,True
1110,24,83,30,14.741469481711587,19.02869921207161,14.741469481711587,123.0636308901012,4,18,True
1111,24,83,45,7.025208446010947,9.764404727703575,7.025208446010947,121.9852901995182,4,19,True
1112,24,83,60,8.760338582595189,10.000326366832505,8.760338582595189,122.8669211268425,4,18,True
1113,24,83,75,8.750830543103318,12.680715279747458,8.750830543103318,121.87449121847749,4,19,True
1114,24,83,90,25.379629239688317,50.128159217653746,25.379629239688317,122.22482124343514,4,19,True
1115,24,83,105,51.38496868511041,88.55515899402829,51.38496868511041,124.87014196813107,4,18,True
1116,24,83,120,5.595767805973689,10.054449353962344,5.595767805973689,122.76979209855199,4,19,True
1117,24,83,135,8.011317599999408,12.234280273369533,8.011317599999408,122.053530998528,4,19,True
1118,24,83,150,9.776457443879917,18.117160762386995,9.776457443879917,122.27075081318617,4,19,True
1119,24,83,165,13.137716648029164,20.562524607450406,13.137716648029164,123.15268162637949,4,18,True
1120,24,83,180,9.111761093139648,12.984734374261514,9.111761093139648,122.94928124174476,4,18,True
1121,24,83,195,5.926823558161656,8.746788015669944,5.926823558161656,123.13558207824826,4,18,True
1122,24,83,210,11.257643348226944,17.02207507237237,11.257643348226944,123.26032109558582,4,18,True
1123,24,83,225,6.425142200787862,8.570512248998245,6.425142200787862,122.34368082135916,4,19,True
1124,24,15,30,33.210960846891005,52.16545592167636,33.210960846891005,122.34589084982872,4,19,True
1125,24,15,45,12.77990788569053,16.385018706346724,12.77990788569053,123.34804190322757,4,18,True
1126,24,15,60,4.302905329068502,5.48853699626684,4.302905329068502,122.69961135461926,4,19,True
1127,24,15,75,10.501491896311443,16.668195979949264,10.501491896311443,122.18388123437762,4,19,True
1128,24,15,90,8.07842331926028,10.316297124004313,8.07842331926028,123.53172106668353,4,18,True
1129,24,15,105,7.567910181482633,9.430667575726623,7.567910181482633,123.2704808935523,4,18,True
1130,24,15,120,9.060259926319123,13.752302991476855,9.060259926319123,122.55229102447629,4,19,True
1131,24,15,135,2.03203284740448,2.853334940975311,2.03203284740448,121.272430755198,4,19,True
1132,24,15,150,5.358732946713766,7.240411588392042,5.358732946713766,120.69945130497217,4,19,True
1133,24,15,165,13.621787246068319,23.338911685786563,13.621787246068319,120.42782129719853,4,19,True
1134,24,15,180,3.8897547483444215,5.50581059443402,3.8897547483444215,121.37648090720177,4,18,True
1135,24,15,195,15.769852830966313,23.55130512544825,15.769852830966313,120.47694995999336,4,19,True
1136,24,15,210,11.326628577709197,16.46603324550869,11.326628577709197,121.49777123704553,4,18,True
1137,24,15,225,13.74856697122256,18.418665835064594,13.74856697122256,120.71499042212963,4,19,True
1138,24,3,30,40.85919536749522,56.05647156279113,40.85919536749522,120.79367088153958,4,19,True
1139,24,3,45,8.656136657794317,9.93435122600403,8.656136657794317,122.4105809815228,4,18,True
1140,24,3,60,33.16826839645704,48.500506818800936,33.16826839645704,123.4363210387528,4,18,True
1141,24,3,75,8.49945591489474,10.908506448880674,8.49945591489474,123.3315709978342,4,18,True
1142,24,3,90,12.67021592060725,17.17086197393663,12.67021592060725,122.35740106552839,4,19,True
1143,24,3,105,3.271339170138041,4.184992907159751,3.271339170138041,122.4627522751689,4,19,True
1144,24,3,120,11.277973953882853,18.583336692092605,11.277973953882853,122.26736126467586,4,19,True
1145,24,3,135,7.637615931034088,9.78663970963667,7.637615931034088,123.04058205336332,4,18,True
1146,24,3,150,4.282922772566478,6.920045863460283,4.282922772566478,122.20148090273142,4,19,True
1147,24,3,165,11.932342060407002,17.308185726686954,11.932342060407002,122.32629163190722,4,19,True
1148,24,3,180,5.083494166533153,6.7703934433918995,5.083494166533153,123.23719076812267,4,18,True
1149,24,3,195,5.114017573992411,7.273270481153233,5.114017573992411,123.28265141695738,4,18,True
1150,24,3,210,3.9221436301867167,4.375659487058611,3.9221436301867167,123.3404423110187,4,18,True
1151,24,3,225,4.134575963020325,6.397007596793582,4.134575963020325,122.71009106189013,4,19,True
1152,24,35,30,20.91213632126649,27.638359745513384,20.91213632126649,122.07385199144483,4,19,True
1153,24,35,45,13.086772791917126,19.16840574571494,13.086772791917126,122.59032065048814,4,19,True
1154,24,35,60,4.127941466371218,4.875447317666269,4.127941466371218,123.11688112094998,4,18,True
1155,24,35,75,2.0463061491648356,2.4487382232580184,2.0463061491648356,123.51683201268315,4,19,True
1156,24,35,90,2.03129456837972,2.465323565648702,2.03129456837972,123.27096192166209,4,19,True
1157,24,35,105,2.05178507566452,2.487235281451917,2.05178507566452,122.02748097479343,4,19,True
1158,24,35,120,7.835595367848873,11.481190757686136,7.835595367848873,122.34028102830052,4,19,True
1159,24,35,135,9.551376501719156,10.922627434467705,9.551376501719156,123.08923108503222,4,18,True
1160,24,35,150,2.8700534383455913,4.364059572488616,2.8700534383455913,122.00044980272651,4,19,True
1161,24,35,165,3.158912169933319,4.256680796395987,3.158912169933319,122.2544009797275,4,19,True
1162,24,35,180,2.962292457309862,4.04378209181287,2.962292457309862,122.48182203620672,4,19,True
1163,24,35,195,6.108542583386103,10.19475772446185,6.108542583386103,122.5655609741807,4,19,True
1164,24,35,210,13.820566988984744,18.50063948012865,13.820566988984744,123.26630204916,4,18,True
1165,24,35,225,10.55939379731814,14.255537104263135,10.55939379731814,122.14591121301055,4,19,True
1166,24,48,30,26.095303955860437,34.63139457828592,26.095303955860437,122.49350128695369,4,19,True
1167,24,48,45,35.95350366830826,50.08109927622899,35.95350366830826,123.22297180071473,4,18,True
1168,24,48,60,6.185778653621673,7.177959591372481,6.185778653621673,123.03404184058309,4,18,True
1169,24,48,75,13.765273174146811,20.998521106418984,13.765273174146811,122.38133093342185,4,19,True
1170,24,48,90,3.246077699959278,4.3226734637480115,3.246077699959278,122.41091206669807,4,19,True
1171,24,48,105,6.008396154642105,9.36951646654873,6.008396154642105,122.2962811589241,4,19,True
1172,24,48,120,18.505181986093522,24.38397799506899,18.505181986093522,122.47506203129888,4,19,True
1173,24,48,135,17.35207228945995,19.69453795468964,17.35207228945995,122.48902209103107,4,19,True
1174,24,48,150,4.673045531908671,7.045433958091709,4.673045531908671,122.81678058207035,4,19,True
1175,24,48,165,1.8360424041748047,2.6023055726775146,1.8360424041748047,122.16762127354741,4,19,True
1176,24,48,180,2.5606136520703635,4.219436090374587,2.5606136520703635,122.71655211225152,4,19,True
1177,24,48,195,10.401202554504076,17.371741721144257,10.401202554504076,122.13405128568411,4,19,True
1178,24,48,210,3.9491137554248175,5.855119213756909,3.9491137554248175,122.26660177111626,4,19,True
1179,24,48,225,4.886196427543958,7.356567060887703,4.886196427543958,122.27957090362906,4,19,True
1180,24,22,30,6.214847201108933,8.742556783134313,6.214847201108933,122.46516207233071,4,19,True
1181,24,22,45,2.1829098214705787,2.491067557516368,2.1829098214705787,122.30316130444407,4,19,True
1182,24,22,60,5.377865955233574,6.600061097623012,5.377865955233574,122.19687178730965,4,19,True
1183,24,22,75,5.86140186401705,11.81293944884427,5.86140186401705,122.17346066609025,4,19,True
1184,24,22,90,8.415280034020544,11.775185634838506,8.415280034020544,122.96839104965329,4,18,True
1185,24,22,105,2.1857452409962814,2.835739904531083,2.1857452409962814,121.93324184045196,4,19,True
1186,24,22,120,2.3899709781010947,2.8391216209388914,2.3899709781010947,122.179901227355,4,19,True
1187,24,22,135,2.4485142967974145,2.9830020151362286,2.4485142967974145,121.80540198460221,4,19,True
1188,24,22,150,1.8486460437222074,2.6387501851688473,1.8486460437222074,121.87214102596045,4,19,True
1189,24,22,165,1.9569471298561743,2.5425122732914227,1.9569471298561743,122.2156616859138,4,19,True
1190,24,22,180,4.477524801343679,10.6967121394202,4.477524801343679,122.49008100479841,4,19,True
1191,24,22,195,12.343667098879815,19.70730468602841,12.343667098879815,122.29788117110729,4,19,True
1192,24,22,210,2.8455565134684244,3.4040508079918173,2.8455565134684244,122.54724185913801,4,19,True
1193,24,22,225,2.907591946919759,4.301489788168675,2.907591946919759,122.23883112892509,4,19,True
1194,24,55,30,17.702790232002734,25.141468632005633,17.702790232002734,122.21000203862786,4,19,True
1195,24,55,45,1.9862316770479083,2.64614117602541,1.9862316770479083,122.56023194640875,4,19,True
1196,24,55,60,7.211457770504057,14.99865681305286,7.211457770504057,122.52243096008897,4,19,True
1197,24,55,75,22.471585011978945,29.157525435096872,22.471585011978945,122.1830123104155,4,19,True
1198,24,55,90,13.67973327646032,19.235021692058385,13.67973327646032,123.28032217919827,4,18,True
1199,24,55,105,3.4542740774030487,4.786815530061542,3.4542740774030487,122.07523174583912,4,19,True
1200,24,55,120,0.95106094678243,1.2582789447758487,0.95106094678243,122.06502119079232,4,19,True
1201,24,55,135,1.4963656425476075,1.9746374036190095,1.4963656425476075,122.17657081782818,4,19,True
1202,24,55,150,1.6665199716885886,3.6539966921785325,1.6665199716885886,122.08097102120519,4,19,True
1203,24,55,165,14.799228966236115,24.881733560373668,14.799228966236115,122.27897113189101,4,19,True
1204,24,55,180,4.761661593119303,6.284376601293971,4.761661593119303,123.22214199230075,4,18,True
1205,24,55,195,8.663142236073812,16.468414429196454,8.663142236073812,122.9164507240057,4,18,True
1206,24,55,210,9.40234657128652,15.133495070509879,9.40234657128652,123.20234207436442,4,18,True
1207,24,55,225,2.1800451536973315,2.7131288469615296,2.1800451536973315,122.47921200469136,4,19,True
1208,24,4,30,19.248263115187488,27.435629580096787,19.248263115187488,122.35782202333212,4,19,True
1209,24,4,45,18.44869567664961,26.898048342998973,18.44869567664961,123.16524237394333,4,18,True
1210,24,4,60,15.826746254165966,19.508218507515675,15.826746254165966,123.07255109772086,4,18,True
1211,24,4,75,4.043657546242078,5.370095389660122,4.043657546242078,122.27252079173923,4,19,True
1212,24,4,90,2.78219317595164,3.4503681388274785,2.78219317595164,122.28152202442288,4,19,True
1213,24,4,105,1.4154611746470134,1.9387136002780971,1.4154611746470134,122.13415186852217,4,19,True
1214,24,4,120,1.2883337020874024,1.8380831539115081,1.2883337020874024,122.14814126491547,4,19,True
1215,24,4,135,1.266951560974121,1.8717297263911006,1.266951560974121,122.14042106643319,4,19,True
1216,24,4,150,1.4429895559946695,2.1880616752285422,1.4429895559946695,122.04509228467941,4,19,True
1217,24,4,165,3.9589245140552523,7.154250648058955,3.9589245140552523,122.09474202245474,4,19,True
1218,24,4,180,12.064360186209282,16.002905302370404,12.064360186209282,122.25668085739017,4,19,True
1219,24,4,195,3.4333770434061686,4.929122538295773,3.4333770434061686,123.30543203279376,4,18,True
1220,24,4,210,4.238207463423411,5.912464266021571,4.238207463423411,134.84502583742142,4,18,True
1221,24,4,225,4.491367427508036,6.322117063013374,4.491367427508036,122.24929127842188,4,19,True
1222,24,45,30,8.486329782009125,11.450457393800626,8.486329782009125,123.09060199186206,4,18,True
1223,24,45,45,2.010627015431722,2.519183050121846,2.010627015431722,122.41415213793516,4,19,True
1224,24,45,60,1.8718007723490397,2.460216009540946,1.8718007723490397,122.42518225684762,4,19,True
1225,24,45,75,2.151441224416097,2.5211320108775817,2.151441224416097,122.67243210226297,4,19,True
1226,24,45,90,2.005638360977173,2.420488225617431,2.005638360977173,122.04766226932406,4,19,True
1227,24,45,105,2.2187833627065023,2.5872323306382428,2.2187833627065023,122.25052108988166,4,19,True
1228,24,45,120,16.137280923624832,23.869977839216887,16.137280923624832,131.23430404812098,4,19,True
1229,24,45,135,18.10008840026955,27.715586523741873,18.10008840026955,129.7225928865373,4,18,True
1230,24,45,150,8.16841471393903,14.207111557580799,8.16841471393903,120.37396105006337,4,19,True
1231,24,45,165,20.939389127492905,23.72002034051288,20.939389127492905,120.43581111356616,4,19,True
1232,24,45,180,7.938194247086843,16.44289154570033,7.938194247086843,120.41217088699341,4,19,True
1233,24,45,195,17.011043697595596,29.515202470700874,17.011043697595596,120.19560113549232,4,19,True
1234,24,45,210,3.766349029541016,5.083334824851215,3.766349029541016,120.3250209800899,4,19,True
1235,24,45,225,3.8961960713068646,5.153500723051463,3.8961960713068646,120.39610976353288,4,19,True
1236,24,60,30,6.331992686291536,10.984269603427665,6.331992686291536,121.48169102147222,4,19,True
1237,24,60,45,11.007160367071629,15.997903557750199,11.007160367071629,122.24087212234735,4,19,True
1238,24,60,60,5.881581781307856,9.447300437490473,5.881581781307856,122.39104183390737,4,19,True
1239,24,60,75,16.896372977644205,26.980433490948695,16.896372977644205,122.03414179384708,4,19,True
1240,24,60,90,11.769107117317617,19.70954650587309,11.769107117317617,123.25905170291662,4,18,True
1241,24,60,105,2.0179058187951644,2.4383807869860816,2.0179058187951644,122.31170199811459,4,19,True
1242,24,60,120,4.416994658112526,6.4603460447128365,4.416994658112526,122.57084203884006,4,19,True
1243,24,60,135,6.9632027844587965,11.873989758875824,6.9632027844587965,122.41544062271714,4,19,True
1244,24,60,150,6.688812011604508,9.219537365174565,6.688812011604508,122.31452157720923,4,19,True
1245,24,60,165,3.371425822377205,5.026810015440076,3.371425822377205,122.15784192085266,4,19,True
1246,24,60,180,7.354098583059385,11.063851418160532,7.354098583059385,122.20047088339925,4,19,True
1247,24,60,195,3.5301904055445146,4.460340922057975,3.5301904055445146,121.7332324013114,4,19,True
1248,24,60,210,4.35024931927522,5.878983335385118,4.35024931927522,120.91299192979932,4,19,True
1249,24,60,225,4.4491035421689356,6.035160322709804,4.4491035421689356,120.26146100834012,4,19,True
1250,24,26,30,3.763076916957895,7.680918712239284,3.763076916957895,121.56052188947797,4,18,True
1251,24,26,45,3.083671926955382,4.698706247947604,3.083671926955382,120.43067114427686,4,19,True
1252,24,26,60,21.838952805598577,29.176763156865906,21.838952805598577,120.48410065472126,4,19,True
1253,24,26,75,20.939830846587817,39.93767706259221,20.939830846587817,120.47206098213792,4,19,True
1254,24,26,90,29.396790999670824,45.97255960323388,29.396790999670824,121.31701083853841,4,18,True
1255,24,26,105,14.55578718483448,21.421941453916748,14.55578718483448,121.45720096305013,4,19,True
1256,24,26,120,14.018752201646567,24.570771792402535,14.018752201646567,121.94918096065521,4,18,True
1257,24,26,135,21.929681448886793,38.413391347561934,21.929681448886793,120.66657096147537,4,19,True
1258,24,26,150,7.705936425427596,10.338913363891114,7.705936425427596,121.43029225990176,4,18,True
1259,24,26,165,11.974659143884976,16.81453968447616,11.974659143884976,122.12625099346042,4,18,True
1260,24,26,180,4.744700443123778,6.06766272619783,4.744700443123778,120.7402111031115,4,19,True
1261,24,26,195,6.499325286969542,9.767941897802224,6.499325286969542,120.73662085458636,4,19,True
1262,24,26,210,4.290639859437943,4.869452568395793,4.290639859437943,120.70818105712533,4,19,True
1263,24,26,225,9.693609739094972,19.973470006072713,9.693609739094972,120.48988090828061,4,19,True
1264,24,21,30,4.265721416473388,7.332107745394486,4.265721416473388,121.29699205979705,4,19,True
1265,24,21,45,11.153685275713602,17.586612057705647,11.153685275713602,121.07051117345691,4,19,True
1266,24,21,60,2.8611992438634237,4.282945960177161,2.8611992438634237,121.796821244061,4,18,True
1267,24,21,75,2.1928022782007854,2.70566741386689,2.1928022782007854,120.73023105040193,4,19,True
1268,24,21,90,3.2220954100290933,4.810393156350037,3.2220954100290933,120.77344069257379,4,19,True
1269,24,21,105,3.8341342329978945,5.874983831028235,3.8341342329978945,120.734010823071,4,19,True
1270,24,21,120,4.499815122286479,7.93154475902967,4.499815122286479,120.60579098761082,4,19,True
1271,24,21,135,2.9714815258979796,4.371250752241884,2.9714815258979796,120.32925058156252,4,19,True
1272,24,21,150,1.5749536395072936,2.105669700627387,1.5749536395072936,120.64041197299957,4,19,True
1273,24,21,165,3.4158610329031944,7.029234653003142,3.4158610329031944,120.99726125597954,4,19,True
1274,24,21,180,11.228545853495598,18.735699292616328,11.228545853495598,122.09673319011927,4,19,True
1275,24,21,195,3.889205425310259,5.123594324547024,3.889205425310259,126.06285279616714,4,18,True
1276,24,21,210,4.039322921462978,6.140177204024928,4.039322921462978,122.88130214437842,4,19,True
1277,24,21,225,3.0753510165959597,4.256714882702816,3.0753510165959597,122.00044188648462,4,19,True
1278,24,44,30,14.129192597667377,16.450962549160057,14.129192597667377,123.34106210619211,4,18,True
1279,24,44,45,19.569657415896653,24.077575608228102,19.569657415896653,123.45254188403487,4,18,True
1280,24,44,60,8.461664964010318,9.027437589526285,8.461664964010318,121.82713206857443,4,19,True
1281,24,44,75,2.40143435895443,2.969513975081619,2.40143435895443,120.70439103990793,4,19,True
1282,24,44,90,3.5951960921287536,4.483660077709509,3.5951960921287536,120.43211096897721,4,19,True
1283,24,44,105,4.349726856748263,5.854875134686477,4.349726856748263,120.24244107306004,4,19,True
1284,24,44,120,3.5371896505355833,3.9208938622515,3.5371896505355833,121.90959230065346,4,19,True
1285,24,44,135,4.939831068118413,6.043857719540324,4.939831068118413,122.28358210995793,4,19,True
1286,24,44,150,4.263047814369202,6.5993033127750556,4.263047814369202,121.85827223584056,4,19,True
1287,24,44,165,3.730078681310018,5.078876000560642,3.730078681310018,122.23225180059671,4,19,True
1288,24,44,180,5.474993971983592,9.102388175608485,5.474993971983592,122.04031180590391,4,19,True
1289,24,44,195,4.893187657992045,7.086289740554954,4.893187657992045,122.00818210840225,4,19,True
1290,24,44,210,3.94962108929952,5.842580187195643,3.94962108929952,121.89330207183957,4,19,True
1291,24,44,225,4.342188962300619,5.969802789118315,4.342188962300619,122.31704220175743,4,19,True
1292,24,23,30,7.633570584158103,11.355830658632586,7.633570584158103,122.24139319732785,4,19,True
1293,24,23,45,14.925762812793256,19.03239504059672,14.925762812793256,122.35802225768566,4,19,True
1294,24,23,60,7.43458110295857,10.287249941084985,7.43458110295857,122.40320211276412,4,19,True
1295,24,23,75,11.783581395198901,16.492497222161177,11.783581395198901,123.29645175486803,4,18,True
1296,24,23,90,19.833980752031007,30.240637240527125,19.833980752031007,122.22895305603743,4,19,True
1297,24,23,105,30.13880743930737,46.10818960439838,30.13880743930737,123.51447157561779,4,18,True
1298,24,23,120,14.364953489601612,17.887197565980795,14.364953489601612,123.1689820997417,4,18,True
1299,24,23,135,1.9442082484563192,2.522217325013291,1.9442082484563192,122.22188105806708,4,19,True
1300,24,23,150,2.5403314352035524,4.120092392718739,2.5403314352035524,122.02931242063642,4,19,True
1301,24,23,165,11.536267139017582,19.897725495723808,11.536267139017582,122.9999721981585,4,19,True
1302,24,23,180,3.9079340495790045,4.450728987069885,3.9079340495790045,123.176712077111,4,18,True
1303,24,23,195,3.5636844635009766,4.940101121357422,3.5636844635009766,122.33760161325336,4,19,True
1304,24,23,210,3.290916834274928,4.726990595571576,3.290916834274928,122.09242209792137,4,19,True
1305,24,23,225,3.249837569395701,4.836861106410535,3.249837569395701,122.34342191368341,4,19,True
1306,24,53,30,36.547504773736,48.3216689342974,36.547504773736,123.43891290947795,4,18,True
1307,24,53,45,21.5458461612463,33.811489061289166,21.5458461612463,122.25928204134107,4,19,True
1308,24,53,60,51.95545247184734,82.66961214536748,51.95545247184734,122.97844188287854,4,18,True
1309,24,53,75,16.15275724368791,22.30927392575982,16.15275724368791,122.30225326493382,4,19,True
1310,24,53,90,8.572865896423657,11.761462947052568,8.572865896423657,121.95412209257483,4,19,True
1311,24,53,105,12.624308145046234,19.392156036326394,12.624308145046234,123.19007189944386,4,18,True
1312,24,53,120,10.291046782334645,19.999978787295213,10.291046782334645,123.1788326986134,4,18,True
1313,24,53,135,27.382009386022887,44.54772831465922,27.382009386022887,122.83888179808855,4,18,True
1314,24,53,150,12.521071966489156,16.59649613350009,12.521071966489156,122.99266317859292,4,18,True
1315,24,53,165,12.779975497722626,22.012467448844177,12.779975497722626,122.24742164835334,4,19,True
1316,24,53,180,17.221959275007247,23.332673451339097,17.221959275007247,123.2008021324873,4,18,True
1317,24,53,195,5.477836116154989,7.300080411397698,5.477836116154989,123.05460218340158,4,18,True
1318,24,53,210,3.0660106341044107,4.713813048258598,3.0660106341044107,123.52313240990043,4,18,True
1319,24,53,225,3.759173854192098,5.942138464341145,3.759173854192098,124.09014208242297,4,18,True
1320,24,84,30,22.00866380135218,32.46313576843859,22.00866380135218,122.39615200087428,4,19,True
1321,24,84,45,7.44320414463679,9.376823178068491,7.44320414463679,121.92135211080313,4,19,True
1322,24,84,60,20.790276646614075,24.27257360125648,20.790276646614075,121.39297183603048,4,19,True
1323,24,84,75,9.222693351904551,11.137284353928044,9.222693351904551,120.58727163821459,4,19,True
1324,24,84,90,6.830236262083053,10.999746777653433,6.830236262083053,120.60086103156209,4,19,True
1325,24,84,105,9.717623430490494,15.029829128134528,9.717623430490494,120.68017199635506,4,19,True
1326,24,84,120,9.091884024937947,10.915109281384172,9.091884024937947,121.81949196383357,4,18,True
1327,24,84,135,12.076238683859508,21.334555119968158,12.076238683859508,120.63813209533691,4,19,True
1328,24,84,150,12.839711411794026,17.426986424918898,12.839711411794026,120.78369222581387,4,19,True
1329,24,84,165,5.350562302271525,6.247943355681269,5.350562302271525,121.34351208806038,4,18,True
1330,24,84,180,5.234291219711304,6.5896285928595795,5.234291219711304,121.03762105107307,4,19,True
1331,24,84,195,12.364399356643359,21.69831020633214,12.364399356643359,122.24888196215034,4,19,True
1332,24,84,210,22.33744926850001,28.381100357026884,22.33744926850001,123.35157301276922,4,18,True
1333,24,84,225,6.898287483056387,9.494771965734781,6.898287483056387,122.62745201587677,4,19,True
1334,24,59,30,17.38559137377888,23.541588175110967,17.38559137377888,122.64945171773434,4,19,True
1335,24,59,45,17.956836997220915,23.09049966415254,17.956836997220915,122.47046269476414,4,18,True
1336,24,59,60,10.46669473797083,12.08264583394941,10.46669473797083,121.08085164800286,4,18,True
1337,24,59,75,5.691570407524705,10.732044826789702,5.691570407524705,120.94963202252984,4,19,True
1338,24,59,90,1.585090367992719,2.6047512648507034,1.585090367992719,120.71137083694339,4,19,True
1339,24,59,105,9.225993307431539,13.00841994745409,9.225993307431539,120.60496071353555,4,19,True
1340,24,59,120,5.753381665547689,8.882484791244798,5.753381665547689,120.61730166897178,4,19,True
1341,24,59,135,3.4243045886357626,5.957321866165022,3.4243045886357626,121.94599211215973,4,19,True
1342,24,59,150,3.6007222135861716,4.804209266053561,3.6007222135861716,120.64304109662771,4,19,True
1343,24,59,165,3.0409903140117724,4.947775836957542,3.0409903140117724,120.61336217448115,4,19,True
1344,24,59,180,7.265417430425684,12.148642969928863,7.265417430425684,122.30823189020157,4,19,True
1345,24,59,195,5.725031073569941,8.069816935029982,5.725031073569941,122.17701086774468,4,19,True
1346,24,59,210,4.844780331562894,5.793488703160306,4.844780331562894,122.64682212844491,4,19,True
1347,24,59,225,4.277857544024785,5.833490515536925,4.277857544024785,122.02177196741104,4,19,True
1348,24,49,30,36.984561399618784,62.20304899148458,36.984561399618784,123.77197202295065,4,18,True
1349,24,49,45,10.801281646887462,14.957257175542273,10.801281646887462,122.89527291432023,4,18,True
1350,24,49,60,21.696357424060505,34.38202796238862,21.696357424060505,123.13154293224216,4,18,True
1351,24,49,75,14.148078026374181,18.585449891788013,14.148078026374181,123.21961158886552,4,18,True
1352,24,49,90,18.355033526072898,23.852278600946605,18.355033526072898,123.26786201447248,4,18,True
1353,24,49,105,6.94695465962092,10.791870299230581,6.94695465962092,123.18404298275709,4,18,True
1354,24,49,120,4.975844200452169,7.603329451007916,4.975844200452169,122.40049196407199,4,19,True
1355,24,49,135,3.5305405418078104,4.6369301092307555,3.5305405418078104,122.17433284968138,4,19,True
1356,24,49,150,5.90929475625356,7.0657176942011075,5.90929475625356,122.35184200108051,4,19,True
1357,24,49,165,4.652060729265213,7.5425386610522995,4.652060729265213,122.09370220080018,4,19,True
1358,24,49,180,14.836527709166209,21.981993770305355,14.836527709166209,122.37011222168803,4,19,True
1359,24,49,195,6.521646888057391,10.433489808625437,6.521646888057391,122.11390305310488,4,18,True
1360,24,49,210,7.043531758586566,9.141802324952174,7.043531758586566,120.17075112089515,4,19,True
1361,24,49,225,8.817627328634263,12.262615336998417,8.817627328634263,120.27530185878277,4,19,True
1362,24,7,30,30.2686368227005,33.39259067670432,30.2686368227005,121.26986170187593,4,18,True
1363,24,7,45,12.261455357074738,16.566059201879572,12.261455357074738,120.54745201021433,4,19,True
1364,24,7,60,18.91847759783268,31.35008995284156,18.91847759783268,121.5960718691349,4,18,True
1365,24,7,75,25.307749622066815,37.50666540138066,25.307749622066815,121.70722195878625,4,18,True
1366,24,7,90,32.27570144931475,42.408160460207164,32.27570144931475,121.98605202138424,4,18,True
1367,24,7,105,27.918040299415587,37.029601857861465,27.918040299415587,121.10770167782903,4,19,True
1368,24,7,120,19.407101700703304,26.900688589470228,19.407101700703304,123.55965282768011,4,18,True
1369,24,7,135,5.076546454429627,7.420432398521533,5.076546454429627,122.3601819947362,4,19,True
1370,24,7,150,10.683813428878784,13.37908762722968,10.683813428878784,122.11740296334028,4,19,True
1371,24,7,165,13.9528137323757,16.9894507709937,13.9528137323757,122.1937220543623,4,19,True
1372,24,7,180,5.159410076836745,6.988837711912942,5.159410076836745,122.43589200079441,4,19,True
1373,24,7,195,6.748132718913257,9.438752022714443,6.748132718913257,123.20600217208266,4,19,True
1374,24,7,210,8.174346152382592,10.459504308237705,8.174346152382592,123.75869182869792,4,18,True
1375,24,7,225,7.42741149701178,9.201080311722263,7.42741149701178,122.42771219462156,4,19,True
1376,24,47,30,22.53719156725953,40.100704995915834,22.53719156725953,122.21083324402571,4,19,True
1377,24,47,45,48.87713718209416,73.83257109829673,48.87713718209416,152.16645319014788,5,17,True
1378,24,47,60,50.45784722765287,84.68904521411011,50.45784722765287,120.14908203855157,4,19,True
1379,24,47,75,13.90634346405665,29.616947071282652,13.90634346405665,120.32463075593114,4,19,True
1380,24,47,90,22.374133545160294,32.5315531375066,22.374133545160294,120.28516130521894,4,19,True
1381,24,47,105,2.2933918396631876,2.74140251199144,2.2933918396631876,120.29329175129533,4,19,True
1382,24,47,120,5.2634417856733,7.16025598057959,5.2634417856733,120.20467175170779,4,19,True
1383,24,47,135,7.344479092458884,8.639632936998417,7.344479092458884,120.07180182263255,4,19,True
1384,24,47,150,10.308345009883245,18.098729204000016,10.308345009883245,120.38355180993676,4,19,True
1385,24,47,165,14.960628653566042,21.130510036167937,14.960628653566042,122.13418213650584,4,19,True
1386,24,47,180,7.822083724538485,9.581292464146186,7.822083724538485,123.17659286782146,4,18,True
1387,24,47,195,3.706707000732422,4.722918963560128,3.706707000732422,123.04254295304418,4,18,True
1388,24,47,210,6.253866067528724,7.264465166442199,6.253866067528724,123.13099298626184,4,18,True
1389,24,47,225,2.604041612148285,4.085778268045457,2.604041612148285,122.69319267943501,4,19,True
1390,24,30,30,5.797644747793674,7.946882722210814,5.797644747793674,122.36971175298095,4,19,True
1391,24,30,45,3.3403461248613895,4.269281190937876,3.3403461248613895,122.34077276661992,4,19,True
1392,24,30,60,4.5560741033405066,6.206370701962518,4.5560741033405066,122.39416316151619,4,19,True
1393,24,30,75,2.8887242677311105,3.2513321118277227,2.8887242677311105,122.33126163482666,4,19,True
1394,24,30,90,1.8736511963109175,2.4242436117645054,1.8736511963109175,122.24592315033078,4,19,True
1395,24,30,105,2.408544051647186,3.524616184183383,2.408544051647186,122.27670243009925,4,19,True
1396,24,30,120,2.047845837970575,2.572328000257248,2.047845837970575,122.10534233599901,4,19,True
1397,24,30,135,2.7866069823503494,4.580281006839776,2.7866069823503494,122.27386329323053,4,19,True
1398,24,30,150,5.862427045901616,9.06629585840326,5.862427045901616,122.51751217991114,4,19,True
1399,24,30,165,4.5609765748182935,7.733235692141585,4.5609765748182935,122.98341188579798,4,19,True
1400,24,30,180,11.083292862772941,15.998989270438516,11.083292862772941,122.28516303002834,4,19,True
1401,24,30,195,4.307208847999573,6.095223610897764,4.307208847999573,123.43293335288763,4,18,True
1402,24,30,210,2.9877078811327618,4.033513751605585,2.9877078811327618,122.15047189965844,4,19,True
1403,24,30,225,6.0511607401072975,8.117276696738895,6.0511607401072975,122.45507258921862,4,19,True
1404,25,83,30,27.012096354116995,51.60899427307433,27.012096354116995,122.2209925763309,4,19,True
1405,25,83,45,27.651509880026182,55.619784489968914,27.651509880026182,123.50385310128331,4,18,True
1406,25,83,60,21.448649169007936,36.87526306067512,21.448649169007936,123.32530319690704,4,18,True
1407,25,83,75,15.640936062733333,25.232292210045795,15.640936062733333,123.60484292730689,4,18,True
1408,25,83,90,25.177868456641832,43.72426630462397,25.177868456641832,123.3638427220285,4,18,True
1409,25,83,105,33.499453288813434,57.431219998200724,33.499453288813434,123.73640295118093,4,18,True
1410,25,83,120,25.570013913760583,44.774807044313675,25.570013913760583,153.81784411147237,5,18,True
1411,25,83,135,42.930349827806154,66.91244004107946,42.930349827806154,123.41806292533875,4,18,True
1412,25,83,150,11.895302346348762,20.116233105588737,11.895302346348762,123.10333317145705,4,18,True
1413,25,83,165,28.69740913361311,47.700603674995,28.69740913361311,122.37246287986636,4,19,True
1414,25,83,180,35.06791049192349,62.947872296766654,35.06791049192349,123.69756260886788,4,18,True
1415,25,83,195,32.45838805337747,55.317518741572414,32.45838805337747,123.33254283294082,4,18,True
1416,25,83,210,11.483578985929489,17.390366786495736,11.483578985929489,123.78640286624432,4,18,True
1417,25,83,225,15.237884059300026,23.41101734089102,15.237884059300026,124.20644331723452,4,18,True
1418,25,15,30,12.035401403903961,17.48380203017646,12.035401403903961,127.74498434737325,4,19,True
1419,25,15,45,12.465768478314082,15.252283924502887,12.465768478314082,127.74768378585577,4,19,True
1420,25,15,60,20.97893140912056,31.7291303523461,20.97893140912056,122.4371730349958,4,19,True
1421,25,15,75,11.87820843468265,17.086958198633845,11.87820843468265,122.25560238584876,4,19,True
1422,25,15,90,10.423956973602374,15.203294788930396,10.423956973602374,122.26524204015732,4,19,True
1423,25,15,105,16.70091624657313,27.795573134528777,16.70091624657313,122.41028202697635,4,19,True
1424,25,15,120,8.955195959409078,12.239630747077829,8.955195959409078,122.40367289632559,4,19,True
1425,25,15,135,3.5078145066897073,3.992378171104287,3.5078145066897073,122.61343281716108,4,19,True
1426,25,15,150,5.60989238123099,8.441321466923583,5.60989238123099,122.2516130656004,4,19,True
1427,25,15,165,4.624610706356664,6.229467721128389,4.624610706356664,122.26441223174334,4,19,True
1428,25,15,180,4.929564930933217,5.838440163641921,4.929564930933217,123.00192331895232,4,18,True
1429,25,15,195,4.5366746986905735,11.09499201199417,4.5366746986905735,122.44443176314235,4,19,True
1430,25,15,210,30.712765292823313,47.327504634775174,30.712765292823313,122.40273179486394,4,19,True
1431,25,15,225,12.388939961542686,19.461010478916517,12.388939961542686,122.72555334493518,4,19,True
1432,25,3,30,11.091841679811477,16.300596638765626,11.091841679811477,123.36481269448996,4,19,True
1433,25,3,45,28.747512741883597,48.271735430524615,28.747512741883597,123.1179628521204,4,18,True
1434,25,3,60,43.369262829593694,65.7344060167868,43.369262829593694,123.07908292859793,4,18,True
1435,25,3,75,21.40236213025637,36.040979539065155,21.40236213025637,123.55733290314674,4,18,True
1436,25,3,90,20.73316488439838,37.04454153988866,20.73316488439838,123.26868297532201,4,18,True
1437,25,3,105,15.977440232535203,21.771321005077617,15.977440232535203,123.26176324859262,4,18,True
1438,25,3,120,22.681632972260317,26.769878271214402,22.681632972260317,123.36180312559009,4,18,True
1439,25,3,135,10.759360616405806,15.951319903014769,10.759360616405806,123.36787208914757,4,18,True
1440,25,3,150,10.07703173160553,15.089658869874494,10.07703173160553,123.5606330446899,4,18,True
1441,25,3,165,18.627575921515625,40.86709886871247,18.627575921515625,122.35811306163669,4,19,True
1442,25,3,180,16.293526622653008,25.94674119507514,16.293526622653008,122.18894297257066,4,19,True
1443,25,3,195,45.64666445900996,76.22564297572157,45.64666445900996,121.03171180933714,4,18,True
1444,25,3,210,16.728701670964558,26.513003861280037,16.728701670964558,121.90395314246416,4,18,True
1445,25,3,225,17.22408163547516,26.757959411492052,17.22408163547516,121.32597202435136,4,18,True
1446,25,35,30,7.357741576433182,14.054821772199883,7.357741576433182,121.21982173994184,4,18,True
1447,25,35,45,42.049333416670564,60.653587060674354,42.049333416670564,121.31532188504934,4,18,True
1448,25,35,60,6.091729971518119,7.5537174154236455,6.091729971518119,120.83422299474478,4,19,True
1449,25,35,75,15.142008399963379,24.58894699316691,15.142008399963379,120.77372195199132,4,19,True
1450,25,35,90,21.044679878652097,42.30004370327602,21.044679878652097,121.34191207587719,4,18,True
1451,25,35,105,25.671685146105787,46.693778414996494,25.671685146105787,122.14345205575228,4,19,True
1452,25,35,120,23.92874256366243,37.00235117120513,23.92874256366243,123.69609205052257,4,18,True
1453,25,35,135,18.857164100868008,30.479952572158613,18.857164100868008,123.38014272972941,4,18,True
1454,25,35,150,48.93178896009922,65.41517966502474,48.93178896009922,154.85989395529032,5,17,True
1455,25,35,165,15.433253535131614,20.81660122876341,15.433253535131614,123.30919317901134,4,18,True
1456,25,35,180,2.7266923154393834,4.295257937185247,2.7266923154393834,122.43734300136566,4,19,True
1457,25,35,195,3.219858599205812,4.863190474631119,3.219858599205812,122.18142207711935,4,19,True
1458,25,35,210,4.1268982211748755,7.94204651033789,4.1268982211748755,122.18867195770144,4,19,True
1459,25,35,225,7.635797673463822,10.948635910316979,7.635797673463822,122.1691919490695,4,19,True
1460,25,48,30,20.318578392267227,29.423657175553526,20.318578392267227,123.51240403950214,4,18,True
1461,25,48,45,20.980701661109926,29.588324747795436,20.980701661109926,123.44173295423388,4,18,True
1462,25,48,60,26.89303118965278,42.57887129376026,26.89303118965278,123.81675280630589,4,18,True
1463,25,48,75,29.08012273988376,45.40930163308535,29.08012273988376,155.4477047175169,5,17,True
1464,25,48,90,29.59285840888818,39.5628141709453,29.59285840888818,122.65553278848529,4,19,True
1465,25,48,105,4.422996217012406,5.6224852583605704,4.422996217012406,122.57253332063556,4,19,True
1466,25,48,120,5.941441764434178,7.644336902117766,5.941441764434178,122.86866270005703,4,18,True
1467,25,48,135,5.781714782118797,8.823192412208845,5.781714782118797,122.45483323931694,4,19,True
1468,25,48,150,5.805326784650485,6.877845032221624,5.805326784650485,122.42060201242566,4,19,True
1469,25,48,165,4.725349070775944,8.058467421541437,4.725349070775944,122.21940280869603,4,19,True
1470,25,48,180,4.242136132818026,6.279628765678196,4.242136132818026,122.25078279152513,4,19,True
1471,25,48,195,6.822986751049757,9.9701874653031,6.822986751049757,122.18180298805237,4,19,True
1472,25,48,210,27.962901379633696,45.649591581465415,27.962901379633696,122.43848294019699,4,19,True
1473,25,48,225,20.590180914018614,29.65340262770553,20.590180914018614,122.24226305261254,4,19,True
1474,25,22,30,3.9812397435307503,5.3002320770322235,3.9812397435307503,122.25876282900572,4,19,True
1475,25,22,45,3.8868442845841247,5.376875716869653,3.8868442845841247,122.38785298541188,4,19,True
1476,25,22,60,2.8241994295269253,3.441340882031336,2.8241994295269253,122.21730314195156,4,19,True
1477,25,22,75,6.9282561734318735,15.189796172793084,6.9282561734318735,122.0848229713738,4,19,True
1478,25,22,90,18.9715507119894,35.13077908966881,18.9715507119894,122.23999295383692,4,19,True
1479,25,22,105,11.728133368616303,17.374509787110043,11.728133368616303,123.47387196496129,4,18,True
1480,25,22,120,6.48751616080602,8.673423056380622,6.48751616080602,122.24191194400191,4,19,True
1481,25,22,135,6.125750585397085,8.90006604432926,6.125750585397085,122.21896322444081,4,19,True
1482,25,22,150,4.779368323087692,5.679514477585584,4.779368323087692,122.15355271473527,4,19,True
1483,25,22,165,4.596552050424119,8.03317366460147,4.596552050424119,122.39716295152903,4,19,True
1484,25,22,180,16.5725117104128,29.240031045898228,16.5725117104128,122.74609319865704,4,18,True
1485,25,22,195,14.315417750986914,25.245572644481598,14.315417750986914,123.37746284902096,4,18,True
1486,25,22,210,14.797378619511923,25.031041597219197,14.797378619511923,123.40716365724802,4,18,True
1487,25,22,225,15.46424031953017,24.55869913113844,15.46424031953017,123.48558288067579,4,18,True
1488,25,55,30,4.091064977645874,5.448737934593215,4.091064977645874,122.327103279531,4,19,True
1489,25,55,45,12.847558278342088,21.017702537100615,12.847558278342088,122.18132289126515,4,19,True
1490,25,55,60,10.592839199304581,15.267796170581715,10.592839199304581,123.30821296200156,4,18,True
1491,25,55,75,11.846620535850525,21.924360836240883,11.846620535850525,122.38032277673483,4,19,True
1492,25,55,90,27.50600436528524,36.54937727412244,27.50600436528524,123.34811314940453,4,18,True
1493,25,55,105,13.003061230977377,22.92476825792228,13.003061230977377,122.2237627953291,4,19,True
1494,25,55,120,9.913917859395346,12.313400270021276,9.913917859395346,123.32848319783807,4,18,True
1495,25,55,135,4.443410380681356,5.363048409922107,4.443410380681356,122.30393290519714,4,19,True
1496,25,55,150,4.740316422780355,5.815166288076408,4.740316422780355,122.39523278549314,4,19,True
1497,25,55,165,13.070858093102773,28.00074892221826,13.070858093102773,122.38026317209005,4,19,True
1498,25,55,180,14.921029871205489,23.799184438131824,14.921029871205489,123.28083300963044,4,18,True
1499,25,55,195,29.774924699465434,48.011286038747585,29.774924699465434,122.93412303552032,4,18,True
1500,25,55,210,17.441282375653586,33.316882961433215,17.441282375653586,122.29145225137472,4,19,True
1501,25,55,225,15.698375070095063,24.23269645219204,15.698375070095063,122.85836320370436,4,18,True
1502,25,4,30,6.792237990101179,9.74449973695008,6.792237990101179,122.52032291144133,4,19,True
1503,25,4,45,6.003133605048061,9.30543568318213,6.003133605048061,122.34256276860833,4,19,True
1504,25,4,60,3.307356337706248,4.684516783614259,3.307356337706248,122.3136531189084,4,19,True
1505,25,4,75,2.4151407569646834,3.2664832233234042,2.4151407569646834,122.17264296486974,4,19,True
1506,25,4,90,12.08823711189131,18.61103695985283,12.08823711189131,122.37990275025368,4,19,True
1507,25,4,105,28.275835744539897,43.67426979209318,28.275835744539897,123.67384321987629,4,18,True
1508,25,4,120,14.508144038915635,21.942170908919326,14.508144038915635,123.31388425081968,4,18,True
1509,25,4,135,19.464257129033406,29.966364797523756,19.464257129033406,123.45455307513475,4,18,True
1510,25,4,150,10.631501718362172,16.28605686338552,10.631501718362172,123.05918335914612,4,18,True
1511,25,4,165,15.967483774820964,24.17052702001893,15.967483774820964,122.34089290723205,4,19,True
1512,25,4,180,18.62269075711568,29.60614664876024,18.62269075711568,123.18954290822148,4,18,True
1513,25,4,195,20.611943231523036,34.449965402627626,20.611943231523036,123.42481315135956,4,18,True
1514,25,4,210,14.388312017545104,22.93408451975326,14.388312017545104,123.16815322265029,4,18,True
1515,25,4,225,18.284673565626143,28.244891294248887,18.284673565626143,123.50593274459243,4,18,True
1516,25,45,30,3.7400728940963743,4.8489702891275686,3.7400728940963743,122.60240409523249,4,19,True
1517,25,45,45,3.569867960611979,4.847682236486954,3.569867960611979,122.6690229959786,4,19,True
1518,25,45,60,3.285375459988912,4.491148623381751,3.285375459988912,122.28917283937335,4,19,True
1519,25,45,75,4.4175928672154745,9.272707644235572,4.4175928672154745,122.16001329943538,4,19,True
1520,25,45,90,32.30516129334767,55.95042123604275,32.30516129334767,122.51169374212623,4,19,True
1521,25,45,105,20.673526480731866,28.970710271629173,20.673526480731866,125.14221435412765,4,18,True
1522,25,45,120,7.200989936323215,10.645825493916622,7.200989936323215,122.30008281767368,4,19,True
1523,25,45,135,7.062490342215946,9.879280286097398,7.062490342215946,123.12213284894824,4,19,True
1524,25,45,150,24.996198970079423,50.399469143360804,24.996198970079423,123.58401296660304,4,19,True
1525,25,45,165,22.99006628940503,34.24527834555519,22.99006628940503,122.42382392287254,4,19,True
1526,25,45,180,16.88079797575871,26.186688409764006,16.88079797575871,123.55228327214718,4,18,True
1527,25,45,195,26.844762853781383,39.68158661819382,26.844762853781383,123.49690403789282,4,18,True
1528,25,45,210,19.142124509811403,24.714749196148887,19.142124509811403,122.50568298622966,4,19,True
1529,25,45,225,13.947951443990071,19.36692771896583,13.947951443990071,122.08541203290224,4,19,True
1530,25,60,30,22.415955790132283,39.188056507585635,22.415955790132283,122.20665300264955,4,19,True
1531,25,60,45,15.103988964110613,21.670717953542592,15.103988964110613,123.05409274995327,4,18,True
1532,25,60,60,40.92657367214561,66.84259608167913,40.92657367214561,123.22178389877081,4,18,True
1533,25,60,75,8.46351490020752,10.233704220022116,8.46351490020752,122.43691273033619,4,19,True
1534,25,60,90,8.96316855251789,15.338300207478229,8.96316855251789,122.614033985883,4,19,True
1535,25,60,105,5.498301338156065,7.811143359594001,5.498301338156065,122.27295292541385,4,19,True
1536,25,60,120,3.583625564600031,4.41536914708557,3.583625564600031,122.29474307969213,4,19,True
1537,25,60,135,17.389461994667847,29.64712657211083,17.389461994667847,122.03890271484852,4,19,True
1538,25,60,150,11.653887526194255,16.215784074701,11.653887526194255,122.2284035757184,4,19,True
1539,25,60,165,5.800341924031575,8.783751405316304,5.800341924031575,122.86686291918159,4,18,True
1540,25,60,180,11.10988575220108,18.461940714187453,11.10988575220108,122.4106140434742,4,19,True
1541,25,60,195,9.91123633782069,21.907375071281724,9.91123633782069,122.1945732831955,4,19,True
1542,25,60,210,28.994323952992758,40.44176306953387,28.994323952992758,123.1968137435615,4,18,True
1543,25,60,225,18.776610120137533,28.217653653280454,18.776610120137533,123.6632433719933,4,18,True
1544,25,26,30,16.917129542430242,23.083009516855185,16.917129542430242,123.17546270787716,4,18,True
1545,25,26,45,8.925989479819934,12.121423553229393,8.925989479819934,123.55218408629298,4,18,True
1546,25,26,60,6.026582573850949,7.302463932982301,6.026582573850949,122.43142304942012,4,19,True
1547,25,26,75,10.814173029611508,20.261829607094324,10.814173029611508,122.64926359057426,4,19,True
1548,25,26,90,13.365855931630358,21.675272573403788,13.365855931630358,122.32341337949038,4,19,True
1549,25,26,105,5.126850930865233,6.117513983247428,5.126850930865233,122.2503730095923,4,19,True
1550,25,26,120,5.3879286527633665,9.212782460078138,5.3879286527633665,122.63528304174542,4,19,True
1551,25,26,135,17.35944915264845,29.459485499644103,17.35944915264845,122.47620336711407,4,19,True
1552,25,26,150,24.560558424393335,34.63680650962106,24.560558424393335,122.39584280177951,4,19,True
1553,25,26,165,23.486375617980958,35.63239099498353,23.486375617980958,123.14140284433961,4,18,True
1554,25,26,180,34.605717130253716,54.23320867491689,34.605717130253716,123.35447408258915,4,18,True
1555,25,26,195,21.599034623770663,35.03927668536475,21.599034623770663,122.0774226821959,4,19,True
1556,25,26,210,12.537872435649236,18.24961514502855,12.537872435649236,123.24151396751404,4,18,True
1557,25,26,225,15.760235581174493,23.443255763886047,15.760235581174493,123.36683413013816,4,18,True
1558,25,21,30,4.31003969113032,4.980599711348121,4.31003969113032,122.20631306990981,4,19,True
1559,25,21,45,3.70366233587265,4.5169603389677375,3.70366233587265,122.18330288305879,4,19,True
1560,25,21,60,3.9672930320103963,4.891680195257779,3.9672930320103963,122.2203429788351,4,19,True
1561,25,21,75,3.700711699326833,4.62834325393095,3.700711699326833,122.1784632652998,4,19,True
1562,25,21,90,3.6810786286989847,4.632867696452837,3.6810786286989847,122.0220741815865,4,19,True
1563,25,21,105,3.7134851376215616,4.701710930469626,3.7134851376215616,120.19822187721729,4,19,True
1564,25,21,120,3.749089785416921,4.73640574649045,3.749089785416921,120.40353193879128,4,19,True
1565,25,21,135,3.7218432426452637,4.687931973220659,3.7218432426452637,120.45683292672038,4,19,True
1566,25,21,150,3.7478875120480857,4.6890611738816705,3.7478875120480857,120.56884309276938,4,19,True
1567,25,21,165,3.4573367456595103,4.306642028403501,3.4573367456595103,120.39714306592941,4,19,True
1568,25,21,180,26.12425985612596,51.558181982852666,26.12425985612596,120.73164200410247,4,19,True
1569,25,21,195,5.562974688007186,10.565198590244517,5.562974688007186,120.47054199501872,4,19,True
1570,25,21,210,6.044404875238737,8.278786864047113,6.044404875238737,120.28657319024205,4,19,True
1571,25,21,225,18.304559092223645,38.96013791937944,18.304559092223645,121.75967311486602,4,19,True
1572,25,44,30,2.8694916158914565,4.181687692913272,2.8694916158914565,122.05504300072789,4,19,True
1573,25,44,45,9.441383903225264,12.33099883161797,9.441383903225264,122.30760278180242,4,19,True
1574,25,44,60,9.096663803731401,17.586636161369153,9.096663803731401,122.05844279378653,4,19,True
1575,25,44,75,10.770327101896207,19.692858374313573,10.770327101896207,121.96846399456263,4,19,True
1576,25,44,90,9.876983087308083,15.239845514050792,9.876983087308083,123.31746285781264,4,18,True
1577,25,44,105,4.220986193573723,5.067026884798045,4.220986193573723,122.2021128050983,4,19,True
1578,25,44,120,4.66879460910956,7.096401636723084,4.66879460910956,120.99580280482769,4,19,True
1579,25,44,135,5.136660109460354,6.313832413086141,5.136660109460354,120.54059281945229,4,19,True
1580,25,44,150,5.19754416445891,6.701092260953073,5.19754416445891,120.50356343388557,4,19,True
1581,25,44,165,5.300790406018495,6.501551947259861,5.300790406018495,120.37806306034327,4,19,True
1582,25,44,180,5.76025905807813,8.08383959933877,5.76025905807813,120.44639326632023,4,19,True
1583,25,44,195,8.26240288366874,15.953315790686004,8.26240288366874,121.362523175776,4,18,True
1584,25,44,210,18.804583072662354,31.06019856678737,18.804583072662354,120.49690308049321,4,19,True
1585,25,44,225,10.760140124708414,12.87745600116338,10.760140124708414,120.99591316655278,4,18,True
1586,25,23,30,5.122716025511424,7.641532088874327,5.122716025511424,121.08655273914337,4,19,True
1587,25,23,45,19.330815390745798,35.45673873233708,19.330815390745798,122.18153337016702,4,19,True
1588,25,23,60,16.387813461820283,22.879716750697522,16.387813461820283,123.30567324534059,4,18,True
1589,25,23,75,22.861351321140926,45.45591365899602,22.861351321140926,123.28418297693133,4,18,True
1590,25,23,90,28.931482628484567,50.96670257300391,28.931482628484567,123.12101433053613,4,18,True
1591,25,23,105,21.514792861044405,37.941741405506306,21.514792861044405,123.4413837082684,4,18,True
1592,25,23,120,19.485102846225104,26.296820491950108,19.485102846225104,123.56311408802867,4,18,True
1593,25,23,135,3.448597188790639,4.697004586989429,3.448597188790639,123.55371378362179,4,18,True
1594,25,23,150,15.20061810016632,19.72129701271235,15.20061810016632,123.0132132768631,4,18,True
1595,25,23,165,7.685716488336523,9.006399189901163,7.685716488336523,123.3584638684988,4,18,True
1596,25,23,180,3.9595355757822595,4.657277021299191,3.9595355757822595,123.00512380897999,4,18,True
1597,25,23,195,8.523436916371187,12.430072118445501,8.523436916371187,122.18303279951215,4,19,True
1598,25,23,210,7.200066834067305,12.951811811548724,7.200066834067305,122.78783414512873,4,18,True
1599,25,23,225,40.06564456354827,70.23555138279426,40.06564456354827,122.1510129980743,4,19,True
1600,25,53,30,23.979885057142624,38.50588700170035,23.979885057142624,123.24358336627483,4,18,True
1601,25,53,45,50.283581096430616,74.81132930016507,50.283581096430616,122.89777398109436,4,18,True
1602,25,53,60,17.01852447912097,26.06388039401575,17.01852447912097,123.15620388835669,4,18,True
1603,25,53,75,27.347411327809095,38.88168696322495,27.347411327809095,123.59660398215055,4,18,True
1604,25,53,90,19.564623657862345,30.725918431636472,19.564623657862345,123.12845420092344,4,18,True
1605,25,53,105,26.569020939369995,42.780013715495365,26.569020939369995,123.40795388445258,4,18,True
1606,25,53,120,15.35324779326717,24.557584440851052,15.35324779326717,122.19535326585174,4,19,True
1607,25,53,135,11.160260467976332,13.55263604121672,11.160260467976332,123.0649040080607,4,18,True
1608,25,53,150,6.2468627770741785,8.797792404241678,6.2468627770741785,123.56868386268616,4,18,True
1609,25,53,165,9.899245051046213,12.375151311888903,9.899245051046213,122.15716298669577,4,18,True
1610,25,53,180,4.153787022829055,5.555362431656942,4.153787022829055,121.46838288754225,4,18,True
1611,25,53,195,8.699770053025956,14.329863856231317,8.699770053025956,121.18876306340098,4,18,True
1612,25,53,210,6.544969005316186,10.067970909152029,6.544969005316186,121.27648293972015,4,18,True
1613,25,53,225,5.307812907764068,8.629555369652952,5.307812907764068,121.28777289763093,4,18,True
1614,25,84,30,5.376951471964518,5.982494627125459,5.376951471964518,120.76323200017214,4,19,True
1615,25,84,45,19.144829238454502,34.87011292412192,19.144829238454502,120.54910277947783,4,19,True
1616,25,84,60,41.050719666481015,59.895391924779766,41.050719666481015,155.29013564810157,5,17,True
1617,25,84,75,16.6983402411143,25.693756221756,16.6983402411143,123.02377354353666,4,18,True
1618,25,84,90,19.307798040906587,32.878030389100665,19.307798040906587,123.26227407902479,4,18,True
1619,25,84,105,44.116405150294305,65.19588465433674,44.116405150294305,123.53432411327958,4,18,True
1620,25,84,120,5.481891934076945,6.255337023129799,5.481891934076945,122.17921297997236,4,19,True
1621,25,84,135,5.824127276738484,6.559378962250274,5.824127276738484,120.45397236943245,4,19,True
1622,25,84,150,5.702301438649496,6.4585926910608835,5.702301438649496,120.64015306532383,4,19,True
1623,25,84,165,13.605311057964961,26.972178215301824,13.605311057964961,120.06367323920131,4,19,True
1624,25,84,180,36.04437211106221,49.94592976213142,36.04437211106221,121.08720280230045,4,18,True
1625,25,84,195,17.547516410301128,24.961012918962954,17.547516410301128,121.53329281136394,4,18,True
1626,25,84,210,38.322923325747254,56.73787933568798,38.322923325747254,120.5755528062582,4,19,True
1627,25,84,225,7.961545674006144,8.30535117606235,7.961545674006144,121.05807429179549,4,18,True
1628,25,59,30,6.883056284983953,14.558869704959113,6.883056284983953,120.39137212559581,4,19,True
1629,25,59,45,37.7263100450548,60.58098186616833,37.7263100450548,122.69477406516671,4,18,True
1630,25,59,60,10.597925034662088,19.657227594995994,10.597925034662088,122.29785276576877,4,19,True
1631,25,59,75,21.449368812143803,36.51248075502195,21.449368812143803,123.01697256043553,4,18,True
1632,25,59,90,20.086895149201155,31.82987135504013,20.086895149201155,122.10299400612712,4,19,True
1633,25,59,105,8.783983966087302,16.289653486874343,8.783983966087302,122.67687357962132,4,19,True
1634,25,59,120,24.27276263256402,41.853691786474634,24.27276263256402,123.08050412684679,4,18,True
1635,25,59,135,5.1799646804730095,5.993483262238039,5.1799646804730095,122.45263298973441,4,19,True
1636,25,59,150,3.5851394792397815,5.141108235460097,3.5851394792397815,122.45950335636735,4,19,True
1637,25,59,165,17.52916542092959,37.08671213898351,17.52916542092959,122.1080431714654,4,19,True
1638,25,59,180,9.08449905811188,13.815867879337704,9.08449905811188,122.60219408199191,4,19,True
1639,25,59,195,38.218760530402264,69.02426888732863,38.218760530402264,122.30363441631198,4,19,True
1640,25,59,210,20.757334626466037,33.5231077931609,20.757334626466037,122.78833379969001,4,18,True
1641,25,59,225,15.432693125163981,25.95988920211162,15.432693125163981,123.19048400968313,4,18,True
1642,25,49,30,39.354158137242,54.0949742760055,39.354158137242,123.54266410693526,4,18,True
1643,25,49,45,16.526177717248597,22.011691809420114,16.526177717248597,122.03698419034481,4,19,True
1644,25,49,60,23.70779733558496,43.192828428661294,23.70779733558496,122.82578414306045,4,18,True
1645,25,49,75,8.172792781392733,12.613644129092828,8.172792781392733,121.92744296044111,4,19,True
1646,25,49,90,25.989639740188917,40.35990880809751,25.989639740188917,122.71249387413263,4,18,True
1647,25,49,105,39.76360085904598,66.8806185449206,39.76360085904598,123.11492394655943,4,18,True
1648,25,49,120,38.90332675774892,61.36238655629064,38.90332675774892,154.422324616462,5,17,True
1649,25,49,135,26.019735915462174,36.63677096068627,26.019735915462174,123.2471838593483,4,18,True
1650,25,49,150,14.622957170009613,19.432186539386983,14.622957170009613,122.94060410931706,4,18,True
1651,25,49,165,12.352236984173457,15.656606526367508,12.352236984173457,123.37349401786923,4,18,True
1652,25,49,180,21.482884804407757,26.284115034065366,21.482884804407757,122.20823392271996,4,19,True
1653,25,49,195,12.909004147847494,14.079939678163333,12.909004147847494,123.5684840939939,4,18,True
1654,25,49,210,12.075498421986898,18.187560208121816,12.075498421986898,123.1286539696157,4,18,True
1655,25,49,225,11.73137181599935,15.016762231966286,11.73137181599935,123.32130409777164,4,18,True
1656,25,7,30,16.370833629866443,33.78313136683828,16.370833629866443,122.62332299724221,4,19,True
1657,25,7,45,20.519062904516854,26.52922832745515,20.519062904516854,122.49233294278383,4,19,True
1658,25,7,60,58.752813158432645,86.95221491395888,58.752813158432645,123.80441417917609,4,18,True
1659,25,7,75,17.142032242317995,22.305607449839588,17.142032242317995,123.53457417339087,4,18,True
1660,25,7,90,35.39733858406544,54.543312828685636,35.39733858406544,156.5719461068511,5,17,True
1661,25,7,105,20.857948645949364,28.360612637005936,20.857948645949364,122.57656315341592,4,19,True
1662,25,7,120,23.8171799937884,33.61512364964337,23.8171799937884,123.38163517415524,4,18,True
1663,25,7,135,12.627314192056655,16.447260314746565,12.627314192056655,122.3940527997911,4,19,True
1664,25,7,150,16.654013329744338,19.801843388720513,16.654013329744338,123.20541311055422,4,18,True
1665,25,7,165,5.291517186164856,6.222404878294479,5.291517186164856,122.30980303138494,4,19,True
1666,25,7,180,8.468084415296714,14.487676006107966,8.468084415296714,122.30612291023135,4,19,True
1667,25,7,195,45.059641083081566,67.2760074635438,45.059641083081566,122.04600404947996,4,19,True
1668,25,7,210,19.67702849706014,27.62124136304149,19.67702849706014,123.46535315737128,4,18,True
1669,25,7,225,19.717506980895998,27.943109562996185,19.717506980895998,123.1666337698698,4,18,True
1670,25,47,30,2.9412386894226072,4.219334581590959,2.9412386894226072,122.082753572613,4,19,True
1671,25,47,45,13.806902106602987,33.303962931743335,13.806902106602987,121.99524324387312,4,19,True
1672,25,47,60,36.65300011535486,56.36090231037219,36.65300011535486,123.20943316444755,4,18,True
1673,25,47,75,20.556936404605707,35.76624470318979,20.556936404605707,123.85773425921798,4,18,True
1674,25,47,90,30.03852576663097,45.47871467667819,30.03852576663097,123.40089399367571,4,18,True
1675,25,47,105,12.812571531534195,22.273944236429372,12.812571531534195,123.59287403523922,4,18,True
1676,25,47,120,12.92667063077291,21.97636242278623,12.92667063077291,123.40243393555284,4,18,True
1677,25,47,135,12.77225460211436,22.086498430764436,12.77225460211436,123.5087038949132,4,18,True
1678,25,47,150,12.403898480534554,21.848249676025038,12.403898480534554,123.53707384318113,4,18,True
1679,25,47,165,12.430634920299052,21.675174552945325,12.430634920299052,123.64174425601959,4,18,True
1680,25,47,180,25.430529204507668,48.866411966561394,25.430529204507668,123.4428333118558,4,18,True
1681,25,47,195,24.052428358793257,35.31783985595046,24.052428358793257,123.3884240500629,4,18,True
1682,25,47,210,14.53208313646416,22.253918923884534,14.53208313646416,123.45103407278657,4,18,True
1683,25,47,225,14.161276179055372,22.20522938151261,14.161276179055372,123.40806424617767,4,18,True
1684,25,30,30,6.398457335059842,8.643931375924685,6.398457335059842,122.37975373864174,4,19,True
1685,25,30,45,3.9885967284440995,4.9853601035065065,3.9885967284440995,122.37346405163407,4,19,True
1686,25,30,60,2.8071629484494527,3.851706173557136,2.8071629484494527,122.18968430534005,4,19,True
1687,25,30,75,3.555003697425127,4.43764045500045,3.555003697425127,122.30625376105309,4,19,True
1688,25,30,90,2.694226799408595,3.5588243844542045,2.694226799408595,122.03517416492105,4,19,True
1689,25,30,105,3.0389336089293164,4.70240653742296,3.0389336089293164,122.38421430811286,4,19,True
1690,25,30,120,2.974573818221688,4.017811219775932,2.974573818221688,122.45962396264076,4,19,True
1691,25,30,135,3.4381529837846756,4.600719598674949,3.4381529837846756,122.12039390578866,4,19,True
1692,25,30,150,3.3337288324100274,4.2467852955384,3.3337288324100274,120.93261303380132,4,19,True
1693,25,30,165,4.562910169642419,7.37788553809906,4.562910169642419,120.31405186280608,4,19,True
1694,25,30,180,3.1008140818526346,4.16644361430691,3.1008140818526346,120.39695307612419,4,19,True
1695,25,30,195,4.125673672370612,4.991417005337489,4.125673672370612,120.2796227298677,4,19,True
1696,25,30,210,4.002803494098286,4.998363883842742,4.002803494098286,120.41073199361563,4,19,True
1697,25,30,225,2.643911967550715,3.8309382959511225,2.643911967550715,120.20120304077864,4,19,True
