sample_id,video,user,timestep,mae,corrected_rmse,mean_angular_error,latency_ms,target_forward_count,accepted_sum,finite
0,4,83,30,14.784557200719913,19.647735907320293,14.784557200719913,913.0388549529016,20,,True
1,4,83,45,22.377465696136156,27.365379129533874,22.377465696136156,575.5258831195533,20,,True
2,4,83,60,12.798200908799966,16.42718907327695,12.798200908799966,578.7867992185056,20,,True
3,4,83,75,19.419250729121266,29.545746614447435,19.419250729121266,580.9268979355693,20,,True
4,4,83,90,24.072173118094604,39.97177335231967,24.072173118094604,579.3844521977007,20,,True
5,4,83,105,40.819403329491614,67.03757632052572,40.819403329491614,579.3434828519821,20,,True
6,4,83,120,6.694145617882411,8.709698121355347,6.694145617882411,579.5247042551637,20,,True
7,4,83,135,6.428620314598083,7.129997374232849,6.428620314598083,580.443533603102,20,,True
8,4,83,150,11.539965228239696,17.602384798353953,11.539965228239696,579.9783258698881,20,,True
9,4,83,165,7.302292025089264,9.489428154351067,7.302292025089264,571.9280657358468,20,,True
10,4,83,180,27.889437307293218,47.11446116610048,27.889437307293218,574.9495639465749,20,,True
11,4,83,195,12.961655840898553,15.780621800837112,12.961655840898553,571.494810283184,20,,True
12,4,83,210,12.066362803429366,20.749091032895056,12.066362803429366,575.0857656821609,20,,True
13,4,83,225,30.86711903139949,47.23098576043922,30.86711903139949,580.238301306963,20,,True
14,4,15,30,10.141412274787823,12.510979990238287,10.141412274787823,577.9747250489891,20,,True
15,4,15,45,3.0453009178241093,3.980565877492067,3.0453009178241093,571.4032649993896,20,,True
16,4,15,60,1.596680724620819,2.022749198090737,1.596680724620819,577.1470968611538,20,,True
17,4,15,75,1.4721070051193237,1.9577025812901057,1.4721070051193237,578.8592169992626,20,,True
18,4,15,90,1.494445252418518,2.064342308240213,1.494445252418518,571.8323960900307,20,,True
19,4,15,105,7.003783447295428,12.005100210304553,7.003783447295428,574.9775748699903,20,,True
20,4,15,120,8.593309448162715,12.942400228107578,8.593309448162715,580.1285188645124,20,,True
21,4,15,135,1.3253271023432414,2.027286921301881,1.3253271023432414,573.6010279506445,20,,True
22,4,15,150,1.289876969655355,1.7632623103959137,1.289876969655355,572.1943122334778,20,,True
23,4,15,165,7.034973814090093,13.247626302391163,7.034973814090093,579.088652972132,20,,True
24,4,15,180,13.513715283945203,23.431322261874808,13.513715283945203,580.2814741618931,20,,True
25,4,15,195,7.686554390564561,10.019945412746917,7.686554390564561,580.8488642796874,20,,True
26,4,15,210,23.342561588188012,43.22623416547238,23.342561588188012,577.4146593175828,20,,True
27,4,15,225,12.911479139328003,18.969369053611796,12.911479139328003,570.8275679498911,20,,True
28,4,3,30,13.162583281596502,18.924368754911423,13.162583281596502,575.6700527854264,20,,True
29,4,3,45,20.735180302212637,28.297811044087542,20.735180302212637,575.5764739587903,20,,True
30,4,3,60,8.463940275398393,9.636042012637592,8.463940275398393,571.3814003393054,20,,True
31,4,3,75,6.312340949910382,8.416980375819023,6.312340949910382,577.5978351011872,20,,True
32,4,3,90,2.43063381947577,3.6652171141379384,2.43063381947577,580.4550028406084,20,,True
33,4,3,105,4.599614312623938,7.110844813959515,4.599614312623938,587.4608154408634,20,,True
34,4,3,120,3.4493715055286884,5.667740633052295,3.4493715055286884,574.8758418485522,20,,True
35,4,3,135,11.786620179812113,15.007727320057851,11.786620179812113,571.9025461003184,20,,True
36,4,3,150,11.563984093566736,16.15597053891729,11.563984093566736,573.4311458654702,20,,True
37,4,3,165,13.913889209429422,18.311850729489418,13.913889209429422,571.6009982861578,20,,True
38,4,3,180,6.855020451545715,11.857516622749516,6.855020451545715,571.563390083611,20,,True
39,4,3,195,4.131172472238541,6.139702722886416,4.131172472238541,571.0932416841388,20,,True
40,4,3,210,1.6218800048033397,2.05891164305488,1.6218800048033397,570.5485818907619,20,,True
41,4,3,225,3.479258630673091,3.792872033189641,3.479258630673091,571.4432829990983,20,,True
42,4,35,30,8.26782376250873,10.397532559020046,8.26782376250873,570.9829437546432,20,,True
43,4,35,45,6.767798433204492,7.973453038634831,6.767798433204492,570.5588269047439,20,,True
44,4,35,60,3.6261706123749415,5.313566764419595,3.6261706123749415,568.6344988644123,20,,True
45,4,35,75,2.278529179096222,3.3511840425656594,2.278529179096222,561.7557489313185,20,,True
46,4,35,90,2.965697737534841,6.477026858485097,2.965697737534841,565.0135860778391,20,,True
47,4,35,105,5.733817192415397,7.70589359086776,5.733817192415397,571.3147693313658,20,,True
48,4,35,120,4.894895605742931,6.288831112044855,4.894895605742931,570.2422619797289,20,,True
49,4,35,135,3.347082566966613,5.328372068301357,3.347082566966613,589.6310699172318,20,,True
50,4,35,150,4.029999728500843,5.604871858108436,4.029999728500843,588.1644627079368,20,,True
51,4,35,165,11.19325476884842,16.526406998067518,11.19325476884842,579.1911450214684,20,,True
52,4,35,180,22.76013325850169,37.83537908306305,22.76013325850169,588.8709840364754,20,,True
53,4,35,195,5.283557538191477,7.044203378432015,5.283557538191477,598.5434846952558,20,,True
54,4,35,210,2.5692719221115112,3.3225827736023024,2.5692719221115112,596.8438368290663,20,,True
55,4,35,225,4.499152034521103,7.700672171460243,4.499152034521103,602.9188116081059,20,,True
56,4,48,30,4.979468242009171,7.915945716723097,4.979468242009171,590.4465666972101,20,,True
57,4,48,45,14.759902271380026,22.115585029438904,14.759902271380026,596.5885319747031,20,,True
58,4,48,60,13.272444322953621,20.413229704901116,13.272444322953621,569.6534933522344,20,,True
59,4,48,75,5.344608750986906,8.439093671156938,5.344608750986906,583.077329210937,20,,True
60,4,48,90,4.874050369858741,6.320436780580696,4.874050369858741,591.7622111737728,20,,True
61,4,48,105,7.816451948384444,11.777699835934417,7.816451948384444,594.2807379178703,20,,True
62,4,48,120,27.75264593263467,41.88817366043495,27.75264593263467,586.7651291191578,20,,True
63,4,48,135,25.31013477096955,36.60121534010362,25.31013477096955,577.007070183754,20,,True
64,4,48,150,12.049367473522823,15.681412414691938,12.049367473522823,578.1721998937428,20,,True
65,4,48,165,5.819897178808848,6.478352905313369,5.819897178808848,581.4945567399263,20,,True
66,4,48,180,10.024746435321868,17.28040799707195,10.024746435321868,578.6395217292011,20,,True
67,4,48,195,12.490348094701767,19.74779099722602,12.490348094701767,584.2137867584825,20,,True
68,4,48,210,12.94998532831669,19.67567857872574,12.94998532831669,577.0599958486855,20,,True
69,4,48,225,16.178003714233636,21.656564225831644,16.178003714233636,578.1801259145141,20,,True
70,4,22,30,3.3706820785999296,4.36717567810142,3.3706820785999296,581.5379628911614,20,,True
71,4,22,45,4.953780463586251,5.26826632979087,4.953780463586251,577.7019383385777,20,,True
72,4,22,60,2.003921719888846,3.5827050170344057,2.003921719888846,577.6078603230417,20,,True
73,4,22,75,2.377376977602641,3.1074530553729343,2.377376977602641,576.7613220959902,20,,True
74,4,22,90,3.7956242581208546,8.595146741449765,3.7956242581208546,577.2625519894063,20,,True
75,4,22,105,3.5458114246527352,6.5723891036992015,3.5458114246527352,584.8312741145492,20,,True
76,4,22,120,2.0916283423701922,2.5668050216682725,2.0916283423701922,577.7830141596496,20,,True
77,4,22,135,1.8550328294436136,2.5239183447109514,1.8550328294436136,580.3401316516101,20,,True
78,4,22,150,1.471504160016775,2.0248393176639565,1.471504160016775,573.406979907304,20,,True
79,4,22,165,10.44894213800629,17.383293175849175,10.44894213800629,570.5580851063132,20,,True
80,4,22,180,16.651014683643975,30.167398934816617,16.651014683643975,581.9437028840184,20,,True
81,4,22,195,3.913576166828473,4.496371223025058,3.913576166828473,571.4281462132931,20,,True
82,4,22,210,5.8834248433510465,6.920517175427913,5.8834248433510465,571.815777104348,20,,True
83,4,22,225,5.172076398157515,10.16783620153462,5.172076398157515,573.5171549022198,20,,True
84,4,55,30,10.210506268093983,13.44145998677974,10.210506268093983,578.1207019463181,20,,True
85,4,55,45,8.409440596650045,10.1208186984649,8.409440596650045,571.2866098619998,20,,True
86,4,55,60,6.741033495714267,11.285974700921141,6.741033495714267,571.2819420732558,20,,True
87,4,55,75,13.300027810533841,24.849321740688126,13.300027810533841,575.8396070450544,20,,True
88,4,55,90,3.6190005838871,6.8975015474398775,3.6190005838871,570.3042848035693,20,,True
89,4,55,105,3.6343360980351767,6.111198671227596,3.6343360980351767,575.194229837507,20,,True
90,4,55,120,2.3952939917643863,3.753991280705997,2.3952939917643863,570.8039957098663,20,,True
91,4,55,135,7.027976908387306,8.422559844878752,7.027976908387306,575.4402321763337,20,,True
92,4,55,150,15.157198228935401,25.377740948124945,15.157198228935401,570.8846277557313,20,,True
93,4,55,165,31.874634130795798,46.633633111577126,31.874634130795798,576.0093238204718,20,,True
94,4,55,180,18.592295050621033,32.42391117422367,18.592295050621033,570.0254309922457,20,,True
95,4,55,195,11.459220750381549,14.431481308760686,11.459220750381549,573.0200787074864,20,,True
96,4,55,210,40.61836229960124,70.45233884485074,40.61836229960124,571.0729924030602,20,,True
97,4,55,225,30.47814310491085,51.589536693085265,30.47814310491085,570.9725129418075,20,,True
98,4,4,30,19.391175862510377,39.074414134258255,19.391175862510377,572.1397027373314,20,,True
99,4,4,45,9.420865650475026,11.400225803553505,9.420865650475026,589.312834199518,20,,True
100,4,4,60,9.97758255538841,14.81820424277448,9.97758255538841,571.3161360472441,20,,True
101,4,4,75,10.454816712035488,15.622249795324256,10.454816712035488,564.5937230437994,20,,True
102,4,4,90,9.131290464258443,14.435211307573557,9.131290464258443,563.3196257986128,20,,True
103,4,4,105,9.171741141875584,12.49436293809622,9.171741141875584,569.6996110491455,20,,True
104,4,4,120,7.82029037984709,12.764437366677711,7.82029037984709,571.6019589453936,20,,True
105,4,4,135,8.92842594558994,14.319673261636572,8.92842594558994,571.3995210826397,20,,True
106,4,4,150,12.965617304792007,23.130218663883618,12.965617304792007,571.5536610223353,20,,True
107,4,4,165,10.415119796991348,14.70663375412663,10.415119796991348,571.3942321017385,20,,True
108,4,4,180,11.192354094982147,20.40047788296701,11.192354094982147,571.8764918856323,20,,True
109,4,4,195,37.67447407444318,68.8232590139613,37.67447407444318,571.2973750196397,20,,True
110,4,4,210,19.974768605207405,39.452656780232545,19.974768605207405,571.0811652243137,20,,True
111,4,4,225,14.187016047040622,24.139366481320657,14.187016047040622,571.5723764151335,20,,True
112,4,45,30,10.104303681850434,13.770845853527398,10.104303681850434,571.8392468988895,20,,True
113,4,45,45,10.29897992759943,16.443124671873278,10.29897992759943,570.8064483478665,20,,True
114,4,45,60,8.340016874174276,12.743753491492514,8.340016874174276,571.78356917575,20,,True
115,4,45,75,22.110778264453014,45.61462552887526,22.110778264453014,572.3667992278934,20,,True
116,4,45,90,45.62764244774977,73.31167943743218,45.62764244774977,573.6961388029158,20,,True
117,4,45,105,3.7417192814250786,5.138942428951889,3.7417192814250786,610.5106910690665,20,,True
118,4,45,120,1.6682837342222532,2.0972798758320255,1.6682837342222532,616.7343258857727,20,,True
119,4,45,135,1.6775763258337975,2.0694506046511156,1.6775763258337975,610.6203552335501,20,,True
120,4,45,150,1.5422149767478308,1.910255538853567,1.5422149767478308,617.7875669673085,20,,True
121,4,45,165,3.3159873144080243,5.545282866621775,3.3159873144080243,620.932905934751,20,,True
122,4,45,180,10.46108456850052,17.913989810763596,10.46108456850052,620.0225576758385,20,,True
123,4,45,195,3.9528131902217867,6.298946953314981,3.9528131902217867,621.0009367205203,20,,True
124,4,45,210,6.715042362610499,10.305950259449281,6.715042362610499,620.9107497707009,20,,True
125,4,45,225,6.614538560691289,10.758091015855959,6.614538560691289,619.686780963093,20,,True
126,4,60,30,9.259133605659008,14.100486923549644,9.259133605659008,621.238571126014,20,,True
127,4,60,45,14.844014582037925,19.60074731483285,14.844014582037925,619.6375037543476,20,,True
128,4,60,60,4.057788493235906,5.196610100232072,4.057788493235906,619.7150843217969,20,,True
129,4,60,75,9.478462378680707,14.740184207626013,9.478462378680707,620.2373960986733,20,,True
130,4,60,90,7.363084024687608,11.242903928146946,7.363084024687608,612.8190942108631,20,,True
131,4,60,105,6.980440994103749,12.467491304853496,6.980440994103749,617.6640600897372,20,,True
132,4,60,120,2.9852132002512612,4.003527221582923,2.9852132002512612,616.1212627775967,20,,True
133,4,60,135,4.419223821163177,6.51265986188399,4.419223821163177,613.3329169824719,20,,True
134,4,60,150,4.742982665697734,7.029055981660161,4.742982665697734,619.3827618844807,20,,True
135,4,60,165,8.798953453699747,12.618249167656659,8.798953453699747,621.4621718972921,20,,True
136,4,60,180,21.223609844843548,33.836529954230755,21.223609844843548,621.1040019989014,20,,True
137,4,60,195,13.50671248237292,19.75455316884099,13.50671248237292,621.946282684803,20,,True
138,4,60,210,4.813694039980571,6.277208303666287,4.813694039980571,622.3271829076111,20,,True
139,4,60,225,4.314394696553548,7.510642171141319,4.314394696553548,622.004765085876,20,,True
140,4,26,30,7.055603547890981,10.022446469270633,7.055603547890981,622.1678461879492,20,,True
141,4,26,45,2.4076747139294943,3.0594684147529807,2.4076747139294943,622.4342561326921,20,,True
142,4,26,60,2.9942735532919564,3.9057966588456536,2.9942735532919564,623.5715057700872,20,,True
143,4,26,75,1.6030766849716505,2.031974344496494,1.6030766849716505,621.8761499039829,20,,True
144,4,26,90,1.7523787590364615,2.2553955215876464,1.7523787590364615,622.8030701167881,20,,True
145,4,26,105,2.409646668533484,2.8391829423603547,2.409646668533484,621.6805819422007,20,,True
146,4,26,120,1.8978074312210083,2.3480939580875515,1.8978074312210083,622.2045128233731,20,,True
147,4,26,135,2.449078764518102,3.1437081915944094,2.449078764518102,621.9511539675295,20,,True
148,4,26,150,1.7167434612909953,2.1821350747140444,1.7167434612909953,622.2356259822845,20,,True
149,4,26,165,3.9706461826960244,5.811129503745453,3.9706461826960244,617.8161301650107,20,,True
150,4,26,180,11.066635592778523,22.237642486202947,11.066635592778523,612.931695766747,20,,True
151,4,26,195,7.401673871278763,12.104158957121449,7.401673871278763,620.0848710723221,20,,True
152,4,26,210,17.508381430308024,26.70289318704237,17.508381430308024,617.3744644038379,20,,True
153,4,26,225,26.138866545880834,36.14777342580804,26.138866545880834,614.0015590935946,20,,True
154,4,21,30,2.1759889401185015,2.618128390191806,2.1759889401185015,619.4178340956569,20,,True
155,4,21,45,2.175052628914515,2.6992474566245788,2.175052628914515,622.227992862463,20,,True
156,4,21,60,2.324456383287907,2.821415359809004,2.324456383287907,623.4522419981658,20,,True
157,4,21,75,1.9290962884823482,2.407813874731021,1.9290962884823482,622.2002748399973,20,,True
158,4,21,90,2.124300708373388,2.6619103462946994,2.124300708373388,622.841295786202,20,,True
159,4,21,105,1.9411125818888346,2.61826042968863,1.9411125818888346,623.1464268639684,20,,True
160,4,21,120,2.106563945611318,2.711659217303367,2.106563945611318,621.444899123162,20,,True
161,4,21,135,1.9399129013220469,2.4822278291921704,1.9399129013220469,621.5764409862459,20,,True
162,4,21,150,1.9101607422033946,2.498039058207634,1.9101607422033946,622.2386308945715,20,,True
163,4,21,165,5.396333980560303,8.929874544009861,5.396333980560303,622.3372616805136,20,,True
164,4,21,180,6.149121862649918,10.691653893412179,6.149121862649918,622.1152632497251,20,,True
165,4,21,195,3.7019980470339457,4.421541838521325,3.7019980470339457,621.655513998121,20,,True
166,4,21,210,2.1059249301751453,2.741308425702116,2.1059249301751453,622.4429542198777,20,,True
167,4,21,225,2.1486859122912088,2.8428172958987834,2.1486859122912088,622.2038860432804,20,,True
168,4,44,30,8.733101226389408,12.038104017441926,8.733101226389408,623.4317659400403,20,,True
169,4,44,45,4.944672528902689,6.581370693581658,4.944672528902689,621.190520003438,20,,True
170,4,44,60,7.407841924826304,10.315379178994817,7.407841924826304,624.2421576753259,20,,True
171,4,44,75,3.9068305899699527,6.484245137662757,3.9068305899699527,622.6164400577545,20,,True
172,4,44,90,16.937759092450143,28.397799092704272,16.937759092450143,622.1045232377946,20,,True
173,4,44,105,18.66156821946303,31.304957364546866,18.66156821946303,621.9806829467416,20,,True
174,4,44,120,7.406999264409145,8.485329321922151,7.406999264409145,621.5343647636473,20,,True
175,4,44,135,5.429224556684494,6.922306798194292,5.429224556684494,621.1457471363246,20,,True
176,4,44,150,9.931152168909708,14.648649783221476,9.931152168909708,620.9536269307137,20,,True
177,4,44,165,10.054413652420044,13.641816599418243,10.054413652420044,621.0470888763666,20,,True
178,4,44,180,24.446565127031256,39.962877973749215,24.446565127031256,613.9180967584252,20,,True
179,4,44,195,13.057994334896405,17.13764373278137,13.057994334896405,616.0613847896457,20,,True
180,4,44,210,13.357507188121478,20.251924021259317,13.357507188121478,620.0414630584419,20,,True
181,4,44,225,13.87034341096878,22.95539479802601,13.87034341096878,613.4939300827682,20,,True
182,4,23,30,37.32953265259663,59.63504968556548,37.32953265259663,615.8909290097654,20,,True
183,4,23,45,9.187557788689931,13.674361742202866,9.187557788689931,613.380191847682,20,,True
184,4,23,60,24.43633482356866,34.461182067021575,24.43633482356866,620.6739759072661,20,,True
185,4,23,75,9.854972268144289,13.437678080817912,9.854972268144289,622.923525981605,20,,True
186,4,23,90,7.7548003395398455,9.817493360779167,7.7548003395398455,622.0585373230278,20,,True
187,4,23,105,7.075779122610887,13.31604712727288,7.075779122610887,623.6177473329008,20,,True
188,4,23,120,40.92786000991861,74.16415142193026,40.92786000991861,624.1107378154993,20,,True
189,4,23,135,30.691834996143978,46.51975865379459,30.691834996143978,622.2448409534991,20,,True
190,4,23,150,24.295380116999148,32.77481354546919,24.295380116999148,622.1113316714764,20,,True
191,4,23,165,34.19495682567358,51.76867021822569,34.19495682567358,622.6320918649435,20,,True
192,4,23,180,35.284361840039494,52.121206576452195,35.284361840039494,621.9197036698461,20,,True
193,4,23,195,11.80494275316596,15.54628471442075,11.80494275316596,622.8152052499354,20,,True
194,4,23,210,30.448937835295997,44.33049259766418,30.448937835295997,622.5046548061073,20,,True
195,4,23,225,25.647961075852315,38.72139360713647,25.647961075852315,622.0656372606754,20,,True
196,4,53,30,7.249274404843648,11.002413827566047,7.249274404843648,622.4665981717408,20,,True
197,4,53,45,8.518249535560608,9.791835207182816,8.518249535560608,622.7198778651655,20,,True
198,4,53,60,4.0874639511108395,6.309975045029535,4.0874639511108395,622.6726397871971,20,,True
199,4,53,75,13.820941856503486,20.05265811311936,13.820941856503486,628.2948250882328,20,,True
200,4,53,90,19.417357709010442,25.125050819601967,19.417357709010442,624.393880367279,20,,True
201,4,53,105,13.850581072767575,19.93595489285101,13.850581072767575,650.4256981424987,20,,True
202,4,53,120,15.604258638620376,24.036656601419438,15.604258638620376,623.0632341466844,20,,True
203,4,53,135,7.354446332653364,9.693783122060335,7.354446332653364,622.8727647103369,20,,True
204,4,53,150,5.945239282647768,7.288370890226871,5.945239282647768,621.8670671805739,20,,True
205,4,53,165,14.987714448943734,21.880373752592526,14.987714448943734,622.3018071614206,20,,True
206,4,53,180,14.24838710774978,23.62767154450196,14.24838710774978,624.0307968109846,20,,True
207,4,53,195,6.280719804763794,9.778340231563018,6.280719804763794,621.9221302308142,20,,True
208,4,53,210,13.471352879703044,21.125300171352954,13.471352879703044,622.5545001216233,20,,True
209,4,53,225,15.09493282387654,21.700367630661123,15.09493282387654,622.9469911195338,20,,True
210,4,84,30,41.228909258606535,70.53600175913652,41.228909258606535,622.1644319593906,20,,True
211,4,84,45,8.029877360289296,10.077248872712653,8.029877360289296,622.5419733673334,20,,True
212,4,84,60,35.102817729736365,57.02436547032394,35.102817729736365,622.6477441377938,20,,True
213,4,84,75,46.69295388261477,69.0528794030208,46.69295388261477,620.8424270153046,20,,True
214,4,84,90,7.2967642605304714,10.047254951565765,7.2967642605304714,621.8963069841266,20,,True
215,4,84,105,9.219240629673005,14.011629885048373,9.219240629673005,612.0094768702984,20,,True
216,4,84,120,4.350700064003467,5.175752424005864,4.350700064003467,614.732404705137,20,,True
217,4,84,135,2.801289467016856,3.591460373093938,2.801289467016856,622.0200099050999,20,,True
218,4,84,150,2.750743490457535,3.3548276802001586,2.750743490457535,621.416861191392,20,,True
219,4,84,165,13.940553857882817,22.243816881930332,13.940553857882817,622.2820319235325,20,,True
220,4,84,180,28.674057134985922,39.36617598590682,28.674057134985922,621.0459950380027,20,,True
221,4,84,195,8.888432184855143,12.15940622664763,8.888432184855143,623.8219318911433,20,,True
222,4,84,210,11.546321708957354,18.375651319467302,11.546321708957354,622.1489049494267,20,,True
223,4,84,225,9.591106515734767,13.294601948487756,9.591106515734767,621.5267856605351,20,,True
224,4,59,30,2.611852685610453,3.0548543580093748,2.611852685610453,623.4378558583558,20,,True
225,4,59,45,1.6966763553520043,1.9048158218838955,1.6966763553520043,622.3080083727837,20,,True
226,4,59,60,1.8930712980528672,2.3541102121793624,1.8930712980528672,615.1584661565721,20,,True
227,4,59,75,1.8067476545770964,2.870389115195497,1.8067476545770964,613.2864081300795,20,,True
228,4,59,90,2.2522066995501517,3.96418558848148,2.2522066995501517,620.0742842629552,20,,True
229,4,59,105,3.001444484790166,4.173441105392155,3.001444484790166,611.7850113660097,20,,True
230,4,59,120,3.2543435871601103,3.8264836682435535,3.2543435871601103,617.2213293612003,20,,True
231,4,59,135,2.294641370140016,2.6631304449130138,2.294641370140016,619.5646170526743,20,,True
232,4,59,150,1.3229382961367568,2.058584667923392,1.3229382961367568,620.5531572923064,20,,True
233,4,59,165,9.129840532938639,13.60500376083959,9.129840532938639,620.8934881724417,20,,True
234,4,59,180,12.777160133918127,20.64560879711734,12.777160133918127,620.0792891904712,20,,True
235,4,59,195,4.486098930239677,5.632021016539717,4.486098930239677,620.4290599562228,20,,True
236,4,59,210,2.603800523405274,2.961589584042168,2.603800523405274,620.8470999263227,20,,True
237,4,59,225,3.270362760250767,5.404495902045245,3.270362760250767,621.8387498520315,20,,True
238,4,49,30,20.151926934719086,28.77836792887525,20.151926934719086,622.3917612805963,20,,True
239,4,49,45,11.862117028236389,15.556648403549453,11.862117028236389,620.657182764262,20,,True
240,4,49,60,14.568324746160458,21.248334372848433,14.568324746160458,621.7106035910547,20,,True
241,4,49,75,11.071771744887034,17.64955074561243,11.071771744887034,621.2543859146535,20,,True
242,4,49,90,10.089512823025386,13.205699592315911,10.089512823025386,621.4759252034128,20,,True
243,4,49,105,5.007114524145921,5.7746169706553205,5.007114524145921,624.9494440853596,20,,True
244,4,49,120,10.855206812918187,14.601343944103844,10.855206812918187,620.8675387315452,20,,True
245,4,49,135,17.513119939963023,23.701136791207993,17.513119939963023,622.6389380171895,20,,True
246,4,49,150,39.407373696022354,61.37222732437322,39.407373696022354,622.6504589430988,20,,True
247,4,49,165,39.62840085977999,58.22661323236706,39.62840085977999,621.8302021734416,20,,True
248,4,49,180,10.16729318300883,12.462771858976833,10.16729318300883,615.8123970963061,20,,True
249,4,49,195,11.2003954966863,16.744410313957758,11.2003954966863,613.6999502778053,20,,True
250,4,49,210,28.57989082199832,50.346336214791435,28.57989082199832,622.877161949873,20,,True
251,4,49,225,23.767397442087532,33.54525463840908,23.767397442087532,622.8494639508426,20,,True
252,4,7,30,11.571679517626762,15.34760589608126,11.571679517626762,623.3506849966943,20,,True
253,4,7,45,8.85372236284117,12.444863883319623,8.85372236284117,622.6018560118973,20,,True
254,4,7,60,3.665078906342387,4.90862145540029,3.665078906342387,623.0733380652964,20,,True
255,4,7,75,2.012019475301107,2.767832067701885,2.012019475301107,622.0270791091025,20,,True
256,4,7,90,3.4702402432759603,7.317966668198478,3.4702402432759603,622.8656098246574,20,,True
257,4,7,105,7.570757893721263,10.491471611646558,7.570757893721263,622.8681798093021,20,,True
258,4,7,120,5.195843927065531,7.372874834986452,5.195843927065531,622.9451699182391,20,,True
259,4,7,135,5.8517083869626125,7.564778801352221,5.8517083869626125,621.357053052634,20,,True
260,4,7,150,5.061485522985459,8.534041340719492,5.061485522985459,621.7957539483905,20,,True
261,4,7,165,13.452274729808172,20.512610508776383,13.452274729808172,623.9866330288351,20,,True
262,4,7,180,23.3224089756608,37.811296896008805,23.3224089756608,621.5709862299263,20,,True
263,4,7,195,12.11031484703223,15.2465646589753,12.11031484703223,622.5917162373662,20,,True
264,4,7,210,4.592095204194387,5.11583842060489,4.592095204194387,622.7722968906164,20,,True
265,4,7,225,5.805954805513223,9.34618113641959,5.805954805513223,621.9935580156744,20,,True
266,4,47,30,8.144029281660915,10.394808846201036,8.144029281660915,623.2638279907405,20,,True
267,4,47,45,3.142948736747106,3.6877299599401594,3.142948736747106,622.1814709715545,20,,True
268,4,47,60,2.1074094474315643,2.3439233947654206,2.1074094474315643,622.875371016562,20,,True
269,4,47,75,1.4225285828113556,1.694632276090541,1.4225285828113556,621.9654120504856,20,,True
270,4,47,90,2.4707647979259493,3.5121867517027776,2.4707647979259493,623.0818131007254,20,,True
271,4,47,105,3.233224052609876,4.40556242203371,3.233224052609876,621.496194973588,20,,True
272,4,47,120,3.0779884295538067,3.477024465667119,3.0779884295538067,622.3209048621356,20,,True
273,4,47,135,3.2068120310703914,3.9923403835604923,3.2068120310703914,625.3851340152323,20,,True
274,4,47,150,9.127290442585945,18.42607640419695,9.127290442585945,617.5776412710547,20,,True
275,4,47,165,33.895468843479954,60.69855207659115,33.895468843479954,613.5606351308525,20,,True
276,4,47,180,9.028498364239931,11.203818782427112,9.028498364239931,621.5048497542739,20,,True
277,4,47,195,10.634908126170437,14.144368186216381,10.634908126170437,615.1438760571182,20,,True
278,4,47,210,10.161231294646859,14.13389201705052,10.161231294646859,615.6549672596157,20,,True
279,4,47,225,11.879520289972424,15.967283401788015,11.879520289972424,623.2559913769364,20,,True
280,4,30,30,1.8028185923894247,2.217725598175373,1.8028185923894247,626.1374200694263,20,,True
281,4,30,45,1.4821110049883524,1.9766894937652577,1.4821110049883524,629.1675879620016,20,,True
282,4,30,60,2.363126049439112,3.376123970640027,2.363126049439112,614.7361411713064,20,,True
283,4,30,75,1.1700947920481364,1.6538023120467804,1.1700947920481364,617.0152309350669,20,,True
284,4,30,90,1.0487826665242512,1.345611506461772,1.0487826665242512,622.2962271422148,20,,True
285,4,30,105,1.2463560660680135,1.6967775829451106,1.2463560660680135,621.9842182472348,20,,True
286,4,30,120,2.338238476961851,2.9745892949161763,2.338238476961851,623.1965683400631,20,,True
287,4,30,135,4.185277224828799,4.6633290404731245,4.185277224828799,623.1731777079403,20,,True
288,4,30,150,2.421272067228953,3.3256305677499243,2.421272067228953,622.5942112505436,20,,True
289,4,30,165,1.8704242865244547,2.3603394279012417,1.8704242865244547,624.094651080668,20,,True
290,4,30,180,1.262760321299235,1.8935354909989464,1.262760321299235,623.2732622884214,20,,True
291,4,30,195,2.592964635292689,3.575741825735972,2.592964635292689,623.6128932796419,20,,True
292,4,30,210,2.4760392705599465,3.2382307805881974,2.4760392705599465,621.7692052014172,20,,True
293,4,30,225,1.181995223959287,1.5831565320259182,1.181995223959287,623.757635243237,20,,True
294,8,83,30,15.223170832792919,26.15285174283525,15.223170832792919,623.2615658082068,20,,True
295,8,83,45,6.962577420473099,14.146361142893301,6.962577420473099,623.8487660884857,20,,True
296,8,83,60,4.052179235219955,9.76404435751375,4.052179235219955,620.1666798442602,20,,True
297,8,83,75,14.0031891087691,21.696189597133657,14.0031891087691,615.462554153055,20,,True
298,8,83,90,9.86387422879537,14.517508125805554,9.86387422879537,621.2970009073615,20,,True
299,8,83,105,1.7925928592681886,2.0789574708951353,1.7925928592681886,624.1841809824109,20,,True
300,8,83,120,15.030050367116928,25.907652061791723,15.030050367116928,622.6824619807303,20,,True
301,8,83,135,9.674133958294988,19.506500630482762,9.674133958294988,622.5339830853045,20,,True
302,8,83,150,2.7050284006943306,3.3348654432560574,2.7050284006943306,622.0544441603124,20,,True
303,8,83,165,3.9618108451366423,5.733380883511747,3.9618108451366423,623.611634131521,20,,True
304,8,83,180,5.56475522518158,6.468808483920318,5.56475522518158,623.4609945677221,20,,True
305,8,83,195,13.325570580363273,25.029035079296683,13.325570580363273,623.2142061926425,20,,True
306,8,83,210,34.92597371240457,57.90095573052672,34.92597371240457,623.6719572916627,20,,True
307,8,83,225,6.63812204003334,8.613597647661539,6.63812204003334,624.0064366720617,20,,True
308,8,15,30,20.556287264327207,29.835369559742144,20.556287264327207,622.7206191979349,20,,True
309,8,15,45,25.634991993010043,34.15777765328079,25.634991993010043,622.4253200925887,20,,True
310,8,15,60,11.227034711030623,12.56309751345712,11.227034711030623,623.4654607251287,20,,True
311,8,15,75,2.0414811239267387,2.6259407444543346,2.0414811239267387,617.7408955991268,20,,True
312,8,15,90,10.882140190402668,20.245000280619973,10.882140190402668,614.1207297332585,20,,True
313,8,15,105,18.235393150647482,26.968923176036725,18.235393150647482,622.5556242279708,20,,True
314,8,15,120,5.379891486962636,6.386409130954146,5.379891486962636,623.3116541989148,20,,True
315,8,15,135,6.15474491516749,10.230179896355368,6.15474491516749,622.9210561141372,20,,True
316,8,15,150,14.672370099027951,20.107116558901954,14.672370099027951,623.5394761897624,20,,True
317,8,15,165,1.762571899096171,2.0425721321616033,1.762571899096171,621.6245889663696,20,,True
318,8,15,180,1.4627598881721497,1.737882659548671,1.4627598881721497,623.129578307271,20,,True
319,8,15,195,1.511618173122406,1.7783958731511624,1.511618173122406,622.9819189757109,20,,True
320,8,15,210,1.5310137867927551,1.8018060771034201,1.5310137867927551,623.8095602020621,20,,True
321,8,15,225,3.2296289563179017,4.059513685823353,3.2296289563179017,621.9775420613587,20,,True
322,8,3,30,24.977115191022556,41.863351524653616,24.977115191022556,623.224341776222,20,,True
323,8,3,45,32.41712706685066,54.095446689002046,32.41712706685066,613.4995901957154,20,,True
324,8,3,60,39.17451025247574,68.05058954258216,39.17451025247574,618.4283867478371,20,,True
325,8,3,75,15.429719885190329,26.444688262043183,15.429719885190329,616.0424002446234,20,,True
326,8,3,90,4.455888827641805,5.623015018618531,4.455888827641805,613.7872417457402,20,,True
327,8,3,105,3.2819685061772663,4.198466725250503,3.2819685061772663,621.6466976329684,20,,True
328,8,3,120,12.567872639497121,18.386419217566534,12.567872639497121,622.1678289584816,20,,True
329,8,3,135,11.88178778886795,15.934454130056036,11.88178778886795,621.6318598017097,20,,True
330,8,3,150,13.96221148967743,17.319798878174527,13.96221148967743,622.8399998508394,20,,True
331,8,3,165,9.50501898129781,10.961805728731177,9.50501898129781,622.8005611337721,20,,True
332,8,3,180,4.345736463864644,5.867190796309861,4.345736463864644,622.1856009215117,20,,True
333,8,3,195,2.3625925302505495,3.097932575812329,2.3625925302505495,622.244622092694,20,,True
334,8,3,210,4.857465616861979,6.359093009558151,4.857465616861979,622.6523937657475,20,,True
335,8,3,225,6.32260460058848,9.982878350390715,6.32260460058848,622.0530741848052,20,,True
336,8,35,30,37.70239742274086,46.94349352044102,37.70239742274086,621.8794360756874,20,,True
337,8,35,45,16.163467784722645,20.57539495153847,16.163467784722645,622.1918459050357,20,,True
338,8,35,60,25.562160515785216,28.93117255289331,25.562160515785216,622.0180680975318,20,,True
339,8,35,75,2.851329396913449,3.453868270915566,2.851329396913449,621.3576989248395,20,,True
340,8,35,90,3.0446911508838337,4.512765879839047,3.0446911508838337,622.1640291623771,20,,True
341,8,35,105,8.80097575224936,14.545459176668817,8.80097575224936,621.6287100687623,20,,True
342,8,35,120,22.6132000764211,25.87500030410708,22.6132000764211,621.6954807750881,20,,True
343,8,35,135,17.407949351767698,20.147419622083998,17.407949351767698,621.6739621013403,20,,True
344,8,35,150,15.99613242248694,23.718981014342894,15.99613242248694,621.1436339654028,20,,True
345,8,35,165,19.18117934844146,25.032387906114188,19.18117934844146,620.8369741216302,20,,True
346,8,35,180,2.56984091134121,2.9068035462339825,2.56984091134121,621.5895651839674,20,,True
347,8,35,195,2.527992482980092,2.839922244034088,2.527992482980092,619.7385583072901,20,,True
348,8,35,210,6.784326602549602,10.157387594874336,6.784326602549602,622.170845977962,20,,True
349,8,35,225,21.58135670820872,41.91180988534917,21.58135670820872,623.089237138629,20,,True
350,8,48,30,27.04187829991182,37.24361856256431,27.04187829991182,620.7044189795852,20,,True
351,8,48,45,57.28627313474814,87.62888431425078,57.28627313474814,621.4475696906447,20,,True
352,8,48,60,7.633618939031536,10.171397671772333,7.633618939031536,622.569200117141,20,,True
353,8,48,75,3.6157696842060734,4.372894343180039,3.6157696842060734,623.001019936055,20,,True
354,8,48,90,1.6598046551148096,2.008220118172897,1.6598046551148096,623.180340975523,20,,True
355,8,48,105,2.368638471762339,2.62372085499946,2.368638471762339,621.91301304847,20,,True
356,8,48,120,1.5402077530821165,1.9485473897304462,1.5402077530821165,622.1453230828047,20,,True
357,8,48,135,4.804659901186824,6.7975086330362195,4.804659901186824,622.6341337896883,20,,True
358,8,48,150,2.444197928160429,3.1773983489535187,2.444197928160429,621.4310759678483,20,,True
359,8,48,165,5.184396013369163,6.950745039033312,5.184396013369163,621.7424557544291,20,,True
360,8,48,180,3.698568183680375,4.489961237583238,3.698568183680375,621.7400580644608,20,,True
361,8,48,195,4.943490795294443,7.074588995389223,4.943490795294443,621.1249879561365,20,,True
362,8,48,210,3.9701729347308476,6.314002158037536,3.9701729347308476,622.6708879694343,20,,True
363,8,48,225,7.343654970328013,8.765958765016013,7.343654970328013,621.6182201169431,20,,True
364,8,22,30,2.7155264655749005,3.2252260723515613,2.7155264655749005,622.4551699124277,20,,True
365,8,22,45,2.399356253941854,2.782426719278155,2.399356253941854,621.2180410511792,20,,True
366,8,22,60,2.022083730995655,2.6883787445443112,2.022083730995655,622.0454019494355,20,,True
367,8,22,75,1.7799728612105052,2.092162080008594,1.7799728612105052,622.6206319406629,20,,True
368,8,22,90,3.44952445824941,3.728106812505096,3.44952445824941,622.5189338438213,20,,True
369,8,22,105,2.590665368239085,2.9263851397006992,2.590665368239085,622.5216938182712,20,,True
370,8,22,120,1.3741111675898234,1.6655537149959965,1.3741111675898234,620.5166671425104,20,,True
371,8,22,135,2.7004044095675153,3.989728862948862,2.7004044095675153,615.0139509700239,20,,True
372,8,22,150,3.859013017018636,6.564091788977613,3.859013017018636,616.7440600693226,20,,True
373,8,22,165,1.701940623919169,2.0794541884641418,1.701940623919169,617.8066306747496,20,,True
374,8,22,180,1.801246166229248,2.06031371071346,1.801246166229248,613.151574973017,20,,True
375,8,22,195,3.5489570637543997,5.164736003585292,3.5489570637543997,620.7692208699882,20,,True
376,8,22,210,1.8871084094047545,2.114877995049656,1.8871084094047545,621.8751510605216,20,,True
377,8,22,225,1.2912614381561676,1.6450672141426184,1.2912614381561676,622.6746612228453,20,,True
378,8,55,30,51.7725003828605,83.96467727199617,51.7725003828605,621.320553123951,20,,True
379,8,55,45,9.776252689460913,11.729749453643064,9.776252689460913,621.9949540682137,20,,True
380,8,55,60,2.2776053328687946,2.749296802457975,2.2776053328687946,622.7257740683854,20,,True
381,8,55,75,1.7746094036265276,1.975321876619016,1.7746094036265276,622.4752538837492,20,,True
382,8,55,90,1.9627037229637305,2.23222423893982,1.9627037229637305,622.097625862807,20,,True
383,8,55,105,1.7598246065278849,2.0455271155880204,1.7598246065278849,621.1490780115128,20,,True
384,8,55,120,1.806583607941866,2.12401994880348,1.806583607941866,621.8970278277993,20,,True
385,8,55,135,1.9265582052369912,2.1926454927438024,1.9265582052369912,621.9614176079631,20,,True
386,8,55,150,1.858521212140719,2.1746449076033616,1.858521212140719,622.7374589070678,20,,True
387,8,55,165,1.6715500676383575,1.9396090098905139,1.6715500676383575,622.3789700306952,20,,True
388,8,55,180,1.6625434279694067,1.9613367397359036,1.6625434279694067,622.7521612308919,20,,True
389,8,55,195,1.707026825969418,1.9954211102520394,1.707026825969418,622.9760819114745,20,,True
390,8,55,210,1.7139701596771677,1.9834299960383648,1.7139701596771677,621.9816929660738,20,,True
391,8,55,225,1.7091371657637258,2.001038494222121,1.7091371657637258,622.4616840481758,20,,True
392,8,4,30,10.411910141507784,16.608800094153278,10.411910141507784,621.841705404222,20,,True
393,8,4,45,7.381905280853001,13.742595325790841,7.381905280853001,622.074075974524,20,,True
394,8,4,60,17.94155311038097,26.41275774262233,17.94155311038097,623.3564261347055,20,,True
395,8,4,75,10.885245935122173,17.184868244002423,10.885245935122173,622.6706267334521,20,,True
396,8,4,90,11.896520811319352,19.875801544020106,11.896520811319352,622.6790682412684,20,,True
397,8,4,105,9.868305179166297,12.987334892985603,9.868305179166297,619.3650797940791,20,,True
398,8,4,120,12.28691298707078,21.357269113694176,12.28691298707078,612.265984993428,20,,True
399,8,4,135,10.192836755514145,15.384904143016092,10.192836755514145,620.0258410535753,20,,True
400,8,4,150,33.38419123739004,57.440522448611,33.38419123739004,623.8435199484229,20,,True
401,8,4,165,32.75131065671643,49.250796546784244,32.75131065671643,618.7693439424038,20,,True
402,8,4,180,7.904837663968404,9.906925069165771,7.904837663968404,613.468028139323,20,,True
403,8,4,195,11.600616258305188,16.626234127094254,11.600616258305188,619.364074897021,20,,True
404,8,4,210,35.31083983977636,44.542463840607766,35.31083983977636,623.6538733355701,20,,True
405,8,4,225,13.90486822227637,18.228531938769247,13.90486822227637,622.7754652500153,20,,True
406,8,45,30,10.694193164507547,15.632834961676517,10.694193164507547,622.4196860566735,20,,True
407,8,45,45,27.102561933547257,34.67662599820697,27.102561933547257,623.7283470109105,20,,True
408,8,45,60,7.788223080088695,9.80765456564962,7.788223080088695,613.6860032565892,20,,True
409,8,45,75,4.573397244637211,6.626293649566057,4.573397244637211,617.0784919522703,20,,True
410,8,45,90,3.4956998508423567,4.4692116303202285,3.4956998508423567,622.9069591499865,20,,True
411,8,45,105,1.792689479716743,2.329604695998518,1.792689479716743,621.4969698339701,20,,True
412,8,45,120,17.871811940148472,31.05176663575439,17.871811940148472,622.2791611216962,20,,True
413,8,45,135,6.457946999867757,9.680752841499997,6.457946999867757,622.0818520523608,20,,True
414,8,45,150,6.439519230524699,9.37514339849766,6.439519230524699,621.4046329259872,20,,True
415,8,45,165,6.413150612513224,9.239562978981803,6.413150612513224,621.6609040275216,20,,True
416,8,45,180,6.387154499689738,9.240821420446508,6.387154499689738,623.5189442522824,20,,True
417,8,45,195,6.397667503356933,9.298286080469316,6.397667503356933,622.389845084399,20,,True
418,8,45,210,6.458757050832113,9.368545280339221,6.458757050832113,622.418646235019,20,,True
419,8,45,225,6.45269406636556,9.356529238257377,6.45269406636556,614.0122907236218,20,,True
420,8,60,30,4.912931887929639,9.43355424132802,4.912931887929639,614.0974620357156,20,,True
421,8,60,45,2.406128982702891,2.94422022664696,2.406128982702891,619.8335089720786,20,,True
422,8,60,60,2.5715877413749695,3.2822791423735524,2.5715877413749695,613.5799828916788,20,,True
423,8,60,75,2.369263102610906,3.1854270016609605,2.369263102610906,618.0496923625469,20,,True
424,8,60,90,6.337072754651308,9.36367882770764,6.337072754651308,623.5678200609982,20,,True
425,8,60,105,11.97231264685591,15.962047083412518,11.97231264685591,619.8134226724505,20,,True
426,8,60,120,3.4819842194517454,4.077900967167628,3.4819842194517454,621.6034516692162,20,,True
427,8,60,135,2.1466992020606996,2.5983528510998077,2.1466992020606996,621.2160428985953,20,,True
428,8,60,150,1.9390442768732707,2.462931464563143,1.9390442768732707,622.2787844017148,20,,True
429,8,60,165,2.80369389851888,3.902248821784664,2.80369389851888,620.7105852663517,20,,True
430,8,60,180,4.042876994609832,5.445117117949444,4.042876994609832,620.3439459204674,20,,True
431,8,60,195,3.185761006673177,4.340059591353377,3.185761006673177,612.1671018190682,20,,True
432,8,60,210,2.0323175112406413,2.549455015465532,2.0323175112406413,616.1125712096691,20,,True
433,8,60,225,2.5508179942766827,3.0912373360519534,2.5508179942766827,622.3550378344953,20,,True
434,8,26,30,23.244105930129688,29.834653067526073,23.244105930129688,621.8819692730904,20,,True
435,8,26,45,20.897437491019566,23.894779880480854,20.897437491019566,621.626450214535,20,,True
436,8,26,60,5.302278758088748,6.79860554574594,5.302278758088748,621.5290301479399,20,,True
437,8,26,75,3.1612585157155992,4.285111287043941,3.1612585157155992,620.9419020451605,20,,True
438,8,26,90,2.2091036723926663,2.7308698083250267,2.2091036723926663,622.1723323687911,20,,True
439,8,26,105,2.8346828117966654,3.7384218651189163,2.8346828117966654,622.1028030849993,20,,True
440,8,26,120,10.358438784008225,13.06532758162156,10.358438784008225,621.971313841641,20,,True
441,8,26,135,6.698998451605439,9.626462484820058,6.698998451605439,621.6585449874401,20,,True
442,8,26,150,8.35326767899096,10.632999247662632,8.35326767899096,621.6455949470401,20,,True
443,8,26,165,4.4015158891677855,6.071568903670102,4.4015158891677855,621.8392252922058,20,,True
444,8,26,180,5.221151361614465,6.452809477561279,5.221151361614465,622.0285068266094,20,,True
445,8,26,195,5.62863088051478,8.633854335872153,5.62863088051478,622.2287979908288,20,,True
446,8,26,210,6.584702501694362,7.880647893667209,6.584702501694362,621.3989681564271,20,,True
447,8,26,225,2.19001028239727,2.8122294520705102,2.19001028239727,621.4990797452629,20,,True
448,8,21,30,2.0708131244406105,2.4915689354795436,2.0708131244406105,622.3621391691267,20,,True
449,8,21,45,3.433671873311202,4.1505223592763825,3.433671873311202,622.3397301509976,20,,True
450,8,21,60,4.898596936961015,5.38662182427336,4.898596936961015,623.3535413630307,20,,True
451,8,21,75,3.417440411448479,3.7664211305354964,3.417440411448479,621.7388017103076,20,,True
452,8,21,90,1.8481923341751099,2.105257213715264,1.8481923341751099,622.8800620883703,20,,True
453,8,21,105,2.3319798638423284,2.5841874500045385,2.3319798638423284,623.5956829041243,20,,True
454,8,21,120,5.398783062584698,8.70213275602716,5.398783062584698,622.6102542132139,20,,True
455,8,21,135,3.6181278585145873,5.210205971002838,3.6181278585145873,622.3581549711525,20,,True
456,8,21,150,1.9723380155861379,2.220828089839352,1.9723380155861379,622.7414761669934,20,,True
457,8,21,165,1.95588937352101,2.197022059204552,1.95588937352101,622.6427461951971,20,,True
458,8,21,180,1.992806845282515,2.235554671499888,1.992806845282515,622.5584871135652,20,,True
459,8,21,195,1.9245720636099577,2.1781878464031283,1.9245720636099577,622.2992180846632,20,,True
460,8,21,210,2.0085020172099273,2.2781881878026145,2.0085020172099273,622.0595492050052,20,,True
461,8,21,225,1.9096997150530417,2.1830997196938275,1.9096997150530417,622.2838303074241,20,,True
462,8,44,30,5.522921940560142,8.426538743922874,5.522921940560142,624.0757000632584,20,,True
463,8,44,45,6.035917957623799,9.7688377079791,6.035917957623799,622.6598317734897,20,,True
464,8,44,60,2.398442276318868,3.372675253404281,2.398442276318868,623.3560820110142,20,,True
465,8,44,75,2.735218358039856,3.452743869692003,2.735218358039856,622.6323232986033,20,,True
466,8,44,90,4.091699695587158,9.204093140330759,4.091699695587158,623.1220941990614,20,,True
467,8,44,105,6.177588677406311,8.862680920789028,6.177588677406311,618.0281261913478,20,,True
468,8,44,120,3.4259443521499633,4.92162738091092,3.4259443521499633,613.5416901670396,20,,True
469,8,44,135,3.1476797421773273,4.38865696961813,3.1476797421773273,621.2267871014774,20,,True
470,8,44,150,5.473823560277621,8.773779831818086,5.473823560277621,615.2407298795879,20,,True
471,8,44,165,4.295156807700793,7.716578303071782,4.295156807700793,616.5837706066668,20,,True
472,8,44,180,3.1297010660171507,3.6044637619151243,3.1297010660171507,622.7834676392376,20,,True
473,8,44,195,3.2059824387232463,5.234407589618494,3.2059824387232463,623.5351390205324,20,,True
474,8,44,210,3.0140697419643403,3.804303287925108,3.0140697419643403,624.3471093475819,20,,True
475,8,44,225,3.4321266959110894,4.164918591444832,3.4321266959110894,623.5516602173448,20,,True
476,8,23,30,11.73255898108085,14.968839796310682,11.73255898108085,623.8430202938616,20,,True
477,8,23,45,15.127603214730819,23.147346778475473,15.127603214730819,622.78869189322,20,,True
478,8,23,60,46.03361278362572,77.37787722568467,46.03361278362572,624.259551987052,20,,True
479,8,23,75,19.873501731455328,33.343316821580395,19.873501731455328,623.8260134123266,20,,True
480,8,23,90,3.2165598360200724,3.838965313404492,3.2165598360200724,623.445653822273,20,,True
481,8,23,105,5.212753743010883,6.596034279634437,5.212753743010883,627.470072824508,20,,True
482,8,23,120,5.329761884609858,6.397874818969652,5.329761884609858,623.2902058400214,20,,True
483,8,23,135,13.062596467137336,17.186624576547405,13.062596467137336,623.7072362564504,20,,True
484,8,23,150,5.189986754457156,7.248886538146724,5.189986754457156,623.6051670275629,20,,True
485,8,23,165,6.233211290339629,7.826651997193318,6.233211290339629,623.1561377644539,20,,True
486,8,23,180,21.518758051594098,29.825871834816507,21.518758051594098,624.063687864691,20,,True
487,8,23,195,14.414541656896471,22.08565433927113,14.414541656896471,623.7405990250409,20,,True
488,8,23,210,13.385055216153463,17.620454489349516,13.385055216153463,623.2734699733555,20,,True
489,8,23,225,5.427066278954347,8.048525406552173,5.427066278954347,622.6869509555399,20,,True
490,8,53,30,23.21174748043219,44.168031610054655,23.21174748043219,624.1549411788583,20,,True
491,8,53,45,28.75116196870804,38.22152046030883,28.75116196870804,623.0531819164753,20,,True
492,8,53,60,18.819340145091214,29.56806153837444,18.819340145091214,622.9723626747727,20,,True
493,8,53,75,6.805307113130888,8.625345588037543,6.805307113130888,623.482043389231,20,,True
494,8,53,90,8.568407661716144,14.686759746141474,8.568407661716144,624.6998142451048,20,,True
495,8,53,105,10.887804841001829,17.5659514122517,10.887804841001829,624.1629449650645,20,,True
496,8,53,120,45.26302503446738,75.67103009656743,45.26302503446738,624.009485822171,20,,True
497,8,53,135,23.051196999351184,46.96773259362595,23.051196999351184,623.1038379482925,20,,True
498,8,53,150,22.65964142779509,28.1444034280869,22.65964142779509,623.3013779856265,20,,True
499,8,53,165,9.321931244929631,14.114901891490575,9.321931244929631,623.6152369529009,20,,True
500,8,53,180,12.241947923600673,21.048831343929113,12.241947923600673,622.7853992022574,20,,True
501,8,53,195,21.272088682154813,30.16584524224964,21.272088682154813,615.0695541873574,20,,True
502,8,53,210,5.550375229120254,7.522751847080186,5.550375229120254,618.7106128782034,20,,True
503,8,53,225,2.1126383463541667,3.2783834236762455,2.1126383463541667,623.6104420386255,20,,True
504,8,84,30,40.052220566322404,59.34917929111236,40.052220566322404,618.5153042897582,20,,True
505,8,84,45,28.533060490402082,42.395070496300036,28.533060490402082,614.2289168201387,20,,True
506,8,84,60,15.075204085636264,18.518953834810308,15.075204085636264,622.9158327914774,20,,True
507,8,84,75,3.058983543266853,4.063085529067485,3.058983543266853,623.478373978287,20,,True
508,8,84,90,2.5536325726658107,3.461882417737931,2.5536325726658107,624.4678036309779,20,,True
509,8,84,105,2.6600998759269716,3.668461086650097,2.6600998759269716,623.6829850822687,20,,True
510,8,84,120,2.4733963275949162,3.28391276386874,2.4733963275949162,623.9548055455089,20,,True
511,8,84,135,8.533885473385453,13.263602454243106,8.533885473385453,622.8779382072389,20,,True
512,8,84,150,5.659505085150401,6.626688221443397,5.659505085150401,623.33460804075,20,,True
513,8,84,165,3.626363476117452,4.286370064332171,3.626363476117452,622.162438929081,20,,True
514,8,84,180,3.503096659978231,4.163038579630244,3.503096659978231,624.7959081083536,20,,True
515,8,84,195,15.51093746026357,20.294501798364525,15.51093746026357,620.216011069715,20,,True
516,8,84,210,10.33309557090203,11.445091640383486,10.33309557090203,614.065885078162,20,,True
517,8,84,225,8.486722213526567,10.615351648426422,8.486722213526567,623.1653718277812,20,,True
518,8,59,30,2.2216083457072577,2.876308425181075,2.2216083457072577,616.0647356882691,20,,True
519,8,59,45,2.4190219449500243,3.7507833006842923,2.4190219449500243,614.8457759991288,20,,True
520,8,59,60,8.26759282425046,9.381601875867663,8.26759282425046,622.1747538074851,20,,True
521,8,59,75,3.76912144223849,5.056260429796667,3.76912144223849,622.1137251704931,20,,True
522,8,59,90,3.877977960805098,5.659261245326468,3.877977960805098,620.75574696064,20,,True
523,8,59,105,4.926682344079017,6.136503222216696,4.926682344079017,611.977041233331,20,,True
524,8,59,120,8.622527396678924,12.2597030603678,8.622527396678924,617.4583788961172,20,,True
525,8,59,135,10.416012012461822,14.584841745040901,10.416012012461822,622.5166381336749,20,,True
526,8,59,150,7.076334238052368,7.7561192205078635,7.076334238052368,612.3124230653048,20,,True
527,8,59,165,4.84312039113914,5.571436558670861,4.84312039113914,615.61344191432,20,,True
528,8,59,180,2.5806485247798263,3.5932818089644596,2.5806485247798263,622.1947087906301,20,,True
529,8,59,195,2.98838050365448,3.6233191940931677,2.98838050365448,620.3357423655689,20,,True
530,8,59,210,9.360176690419515,13.180150646465982,9.360176690419515,622.0774608664215,20,,True
531,8,59,225,9.20285937388738,10.842926663344315,9.20285937388738,622.3234022036195,20,,True
532,8,49,30,41.168175630271435,57.69529022329482,41.168175630271435,620.5209237523377,20,,True
533,8,49,45,44.43436111410459,62.004396621075344,44.43436111410459,622.1618829295039,20,,True
534,8,49,60,16.527333348989487,25.01558411048533,16.527333348989487,621.5507737360895,20,,True
535,8,49,75,46.742761392394705,74.50800467482307,46.742761392394705,620.6074948422611,20,,True
536,8,49,90,17.58084631661574,26.069628010044745,17.58084631661574,624.7003036551178,20,,True
537,8,49,105,30.245756258567173,45.05227481841368,30.245756258567173,620.4241667874157,20,,True
538,8,49,120,36.623201341430345,46.18002086992613,36.623201341430345,622.6483760401607,20,,True
539,8,49,135,18.644289994363984,31.114025882560604,18.644289994363984,621.4423882775009,20,,True
540,8,49,150,14.023523209616542,18.80974091450567,14.023523209616542,622.3846091888845,20,,True
541,8,49,165,10.52603811522325,15.393883326220374,10.52603811522325,620.6987793557346,20,,True
542,8,49,180,3.1448951840400694,3.9863203971563825,3.1448951840400694,622.1567401662469,20,,True
543,8,49,195,3.769023323059082,4.198414512284639,3.769023323059082,622.312739957124,20,,True
544,8,49,210,2.6564744472503663,3.4159772160579873,2.6564744472503663,621.9360711984336,20,,True
545,8,49,225,2.1412849187850953,3.0354302078815425,2.1412849187850953,620.8985131233931,20,,True
546,8,7,30,19.864269180223346,29.203289302985265,19.864269180223346,619.7154340334237,20,,True
547,8,7,45,16.43315625588099,24.62636924852075,16.43315625588099,612.4043269082904,20,,True
548,8,7,60,2.089457423488299,2.3535239178145866,2.089457423488299,619.5324552245438,20,,True
549,8,7,75,1.208985455830892,1.7886491124027106,1.208985455830892,622.5607842206955,20,,True
550,8,7,90,14.44280088742574,20.869187799315846,14.44280088742574,622.3849751986563,20,,True
551,8,7,105,12.229872785508633,17.54078837304161,12.229872785508633,621.1883258074522,20,,True
552,8,7,120,22.728714980185032,36.04729221702773,22.728714980185032,621.1317768320441,20,,True
553,8,7,135,10.072057127952576,13.383100019351769,10.072057127952576,619.3094286136329,20,,True
554,8,7,150,12.993775063753128,20.08341247839238,12.993775063753128,612.2010317631066,20,,True
555,8,7,165,17.13496757298708,21.30784222754875,17.13496757298708,616.9054610654712,20,,True
556,8,7,180,13.192858109871546,18.795526082288756,13.192858109871546,621.7120387591422,20,,True
557,8,7,195,3.6967012912034987,7.81159836511287,3.6967012912034987,621.0804698057473,20,,True
558,8,7,210,18.340262829264006,23.851104009670678,18.340262829264006,621.1002711206675,20,,True
559,8,7,225,9.368511422475178,14.290033920295178,9.368511422475178,627.9315892606974,20,,True
560,8,47,30,15.950164445241292,20.789922208373007,15.950164445241292,628.1682001426816,20,,True
561,8,47,45,11.48312307993571,13.156482892288146,11.48312307993571,620.5975241027772,20,,True
562,8,47,60,8.393273607889812,9.424910158945922,8.393273607889812,620.4423340968788,20,,True
563,8,47,75,10.798210175832113,12.700162091041378,10.798210175832113,619.6633763611317,20,,True
564,8,47,90,15.845843760172526,21.711832408108208,15.845843760172526,611.5336297079921,20,,True
565,8,47,105,17.18940978248914,25.487781614771595,17.18940978248914,614.8872682824731,20,,True
566,8,47,120,18.6290962934494,20.63176977832352,18.6290962934494,618.0954179726541,20,,True
567,8,47,135,18.69464299051712,23.203277455463233,18.69464299051712,612.0529109612107,20,,True
568,8,47,150,8.604587676438193,10.330015230702026,8.604587676438193,618.59793914482,20,,True
569,8,47,165,3.080280876159668,4.134357315625867,3.080280876159668,622.096898034215,20,,True
570,8,47,180,3.8283621231714884,4.50158404374053,3.8283621231714884,623.0416083708405,20,,True
571,8,47,195,2.8463600715001425,3.641829716059348,2.8463600715001425,623.2455391436815,20,,True
572,8,47,210,2.6119391918182373,3.1235329607785447,2.6119391918182373,622.8875201195478,20,,True
573,8,47,225,4.444557889302572,6.630336632656087,4.444557889302572,622.9602200910449,20,,True
574,8,30,30,16.60202892869711,26.31518737561601,16.60202892869711,623.4459211118519,20,,True
575,8,30,45,9.848360219597817,14.085499180769213,9.848360219597817,622.8460422717035,20,,True
576,8,30,60,3.948426215404955,7.202746024428709,3.948426215404955,622.5917129777372,20,,True
577,8,30,75,8.07145373476281,11.59780415498961,8.07145373476281,622.0291340723634,20,,True
578,8,30,90,0.8443072557876197,1.171400575948148,0.8443072557876197,622.8404641151428,20,,True
579,8,30,105,6.928182472505918,12.707341703489973,6.928182472505918,622.5525657646358,20,,True
580,8,30,120,22.25851830864946,32.98348590300669,22.25851830864946,623.3356758020818,20,,True
581,8,30,135,12.010616318384807,22.230273611535978,12.010616318384807,622.7349969558418,20,,True
582,8,30,150,18.992226878801983,36.72613567974308,18.992226878801983,623.0193469673395,20,,True
583,8,30,165,13.796904917558034,25.485365773291047,13.796904917558034,623.3204673044384,20,,True
584,8,30,180,9.188097602128982,14.006093604918847,9.188097602128982,623.0601477436721,20,,True
585,8,30,195,1.2739096641540528,1.8026425534672725,1.2739096641540528,622.275079600513,20,,True
586,8,30,210,1.6378195313115915,1.9508587938132573,1.6378195313115915,622.9623998515308,20,,True
587,8,30,225,1.3349675409495831,1.560534752006426,1.3349675409495831,623.1637396849692,20,,True
588,14,83,30,12.526683433850605,15.25498626217935,12.526683433850605,614.3092028796673,20,,True
589,14,83,45,11.246583471695581,19.23072528661303,11.246583471695581,617.3456632532179,20,,True
590,14,83,60,18.20032746170958,24.784646892219982,18.20032746170958,623.185892123729,20,,True
591,14,83,75,10.040628694991272,13.04563115787484,10.040628694991272,624.5334623381495,20,,True
592,14,83,90,3.7846318324406942,4.892404921988321,3.7846318324406942,622.6113741286099,20,,True
593,14,83,105,18.28999789779385,39.97613848146154,18.28999789779385,622.4986640736461,20,,True
594,14,83,120,30.602298105259738,53.5145674930927,30.602298105259738,623.1225752271712,20,,True
595,14,83,135,17.99540279408296,34.095763531181994,17.99540279408296,623.2589548453689,20,,True
596,14,83,150,20.69796001513799,26.267294347942016,20.69796001513799,624.2637848481536,20,,True
597,14,83,165,16.3920199893415,25.285104822084552,16.3920199893415,623.4022970311344,20,,True
598,14,83,180,6.313775406032801,9.029172114661641,6.313775406032801,623.0458980426192,20,,True
599,14,83,195,10.034710223227739,20.343275005311988,10.034710223227739,621.9799690879881,20,,True
600,14,83,210,20.01804258748889,30.62887444183538,20.01804258748889,622.3710076883435,20,,True
601,14,83,225,8.172901281962792,9.700452191300206,8.172901281962792,613.6661428026855,20,,True
602,14,15,30,4.2429808408021925,4.991160591295679,4.2429808408021925,617.4605819396675,20,,True
603,14,15,45,3.534354082743327,5.121321136265854,3.534354082743327,622.9519606567919,20,,True
604,14,15,60,5.699000835418701,7.86811694319458,5.699000835418701,623.0630306527019,20,,True
605,14,15,75,2.2579553564389547,2.8226237457675283,2.2579553564389547,622.6867022924125,20,,True
606,14,15,90,1.83433309396108,2.060464119761134,1.83433309396108,623.4702318906784,20,,True
607,14,15,105,1.88365372021993,2.1264626744604285,1.88365372021993,622.9727631434798,20,,True
608,14,15,120,1.9404659492118905,2.140183019531959,1.9404659492118905,622.2661538049579,20,,True
609,14,15,135,2.3367647433653476,3.2610465508315967,2.3367647433653476,622.6849039085209,20,,True
610,14,15,150,8.206795310477416,12.926450844381533,8.206795310477416,622.7105651050806,20,,True
611,14,15,165,6.876765851676464,8.627592014776317,6.876765851676464,622.8425861336291,20,,True
612,14,15,180,2.2145797598486143,2.6453155081718993,2.2145797598486143,613.8942600227892,20,,True
613,14,15,195,4.388830743233362,7.334329314214937,4.388830743233362,616.9946389272809,20,,True
614,14,15,210,3.4479325900475186,4.133259349438078,3.4479325900475186,620.2979888767004,20,,True
615,14,15,225,3.0371584180839517,3.9532398764649144,3.0371584180839517,613.4118321351707,20,,True
616,14,3,30,15.437624017397562,20.163358727523075,15.437624017397562,620.1525903306901,20,,True
617,14,3,45,21.019566293557485,31.907792495363637,21.019566293557485,622.8849398903549,20,,True
618,14,3,60,12.25014701584975,17.527723007813478,12.25014701584975,622.3487909883261,20,,True
619,14,3,75,18.750595475236576,27.566634646543477,18.750595475236576,621.7765412293375,20,,True
620,14,3,90,4.385693343977134,5.029210293814831,4.385693343977134,621.6007922776043,20,,True
621,14,3,105,3.516013892615835,4.261045115718631,3.516013892615835,622.4709930829704,20,,True
622,14,3,120,3.5229279730468988,4.282783173312826,3.5229279730468988,622.3984831012785,20,,True
623,14,3,135,8.416555699457724,14.669574253967838,8.416555699457724,622.3377040587366,20,,True
624,14,3,150,18.498683351278306,21.924997867597195,18.498683351278306,622.5374341011047,20,,True
625,14,3,165,9.476161529620489,11.126094419806046,9.476161529620489,622.1716948784888,20,,True
626,14,3,180,6.412403709689776,8.047698377666858,6.412403709689776,622.4486459977925,20,,True
627,14,3,195,13.06124555170536,19.57078601648983,13.06124555170536,625.309175811708,20,,True
628,14,3,210,5.479055166244507,7.092001860913194,5.479055166244507,621.9562571495771,20,,True
629,14,3,225,4.186464497447014,6.7075712441902535,4.186464497447014,622.3798179998994,20,,True
630,14,35,30,15.894668301194907,30.08801857175676,15.894668301194907,622.206337749958,20,,True
631,14,35,45,29.071670487026374,44.9535187975319,29.071670487026374,621.7752587981522,20,,True
632,14,35,60,16.717742347717284,21.566782737119098,16.717742347717284,620.8935701288283,20,,True
633,14,35,75,4.4256178617477415,5.1015348475056195,4.4256178617477415,623.0953698977828,20,,True
634,14,35,90,3.791154424349467,5.154672926994199,3.791154424349467,622.1046498976648,20,,True
635,14,35,105,6.249402644236882,10.237542524835073,6.249402644236882,622.8586616925895,20,,True
636,14,35,120,6.294610287745794,10.192083545677116,6.294610287745794,623.9334023557603,20,,True
637,14,35,135,3.6724591692288717,4.871143213197648,3.6724591692288717,621.7205328866839,20,,True
638,14,35,150,5.354304949939251,7.281497932484624,5.354304949939251,623.0449127033353,20,,True
639,14,35,165,5.311230382847134,7.199099661298387,5.311230382847134,620.0290438719094,20,,True
640,14,35,180,1.738344556838274,2.1951367824002475,1.738344556838274,621.6729949228466,20,,True
641,14,35,195,1.8799711113174757,2.5860500870169276,1.8799711113174757,620.8106158301234,20,,True
642,14,35,210,1.9828084719677765,2.3794445234545343,1.9828084719677765,621.395215857774,20,,True
643,14,35,225,6.449186741863377,9.971545361011035,6.449186741863377,620.8294071257114,20,,True
644,14,48,30,4.4866461197535195,6.56421307201405,4.4866461197535195,621.3630679994822,20,,True
645,14,48,45,4.762779293457667,5.6855012427658425,4.762779293457667,622.8173081763089,20,,True
646,14,48,60,11.66794042227169,16.879508053791422,11.66794042227169,612.6597416587174,20,,True
647,14,48,75,8.467372918128968,12.984567951087389,8.467372918128968,618.0096189491451,20,,True
648,14,48,90,6.034614924589793,8.883918856370482,6.034614924589793,621.7147498391569,20,,True
649,14,48,105,5.040842626492182,6.4653970791827335,5.040842626492182,619.9766998179257,20,,True
650,14,48,120,3.3875957041978837,3.904191139364312,3.3875957041978837,617.4066415987909,20,,True
651,14,48,135,2.928779979546865,3.4096739536410956,2.928779979546865,612.7536338753998,20,,True
652,14,48,150,3.2169609858343997,4.31820351725236,3.2169609858343997,618.9059126190841,20,,True
653,14,48,165,4.325882133903603,6.275511641017377,4.325882133903603,622.7275226265192,20,,True
654,14,48,180,3.0815373690178,3.4242858374605607,3.0815373690178,622.0450829714537,20,,True
655,14,48,195,5.820026482144992,9.771512794270865,5.820026482144992,621.9515036791563,20,,True
656,14,48,210,3.9768929022053876,5.034027731666757,3.9768929022053876,620.7194752059877,20,,True
657,14,48,225,2.735352330903212,3.0451273977419735,2.735352330903212,621.9330746680498,20,,True
658,14,22,30,12.60985627497236,19.9212996217617,12.60985627497236,620.7031160593033,20,,True
659,14,22,45,5.819621537129084,7.1843565212699625,5.819621537129084,620.8868073299527,20,,True
660,14,22,60,9.492187671115001,12.20798499417524,9.492187671115001,616.6065880097449,20,,True
661,14,22,75,7.6662599503993984,11.148395307090931,7.6662599503993984,612.7726500853896,20,,True
662,14,22,90,3.702316996331016,6.053417783728356,3.702316996331016,621.6291380114853,20,,True
663,14,22,105,5.293638097370664,7.428114757508337,5.293638097370664,613.8204811140895,20,,True
664,14,22,120,4.435874600584309,5.137766402033784,4.435874600584309,617.1492910943925,20,,True
665,14,22,135,2.0648089309533435,3.062699743540556,2.0648089309533435,621.1066599935293,20,,True
666,14,22,150,2.4777170474330585,3.6238099040012997,2.4777170474330585,623.6157403327525,20,,True
667,14,22,165,6.560060667727764,9.160150999632743,6.560060667727764,623.0758111923933,20,,True
668,14,22,180,1.9145478870874892,2.906257578271536,1.9145478870874892,621.2170920334756,20,,True
669,14,22,195,5.703744797656934,11.514448833126298,5.703744797656934,621.4981228113174,20,,True
670,14,22,210,3.5946989198525747,4.075404109993481,3.5946989198525747,621.7572633177042,20,,True
671,14,22,225,3.6686566930574673,4.1179406949278885,3.6686566930574673,622.7522729896009,20,,True
672,14,55,30,22.94277110074957,35.051796217389295,22.94277110074957,621.9267342239618,20,,True
673,14,55,45,1.8672602289666733,2.2483059289641316,1.8672602289666733,622.6091040298343,20,,True
674,14,55,60,4.225123463074366,6.426744519868246,4.225123463074366,622.4196348339319,20,,True
675,14,55,75,1.404528377453486,1.7517090722722855,1.404528377453486,623.316615819931,20,,True
676,14,55,90,1.3071292887131374,1.6635786643034236,1.3071292887131374,621.212565805763,20,,True
677,14,55,105,1.2540553967158,1.6560070346615352,1.2540553967158,621.396697126329,20,,True
678,14,55,120,1.2355219960212707,1.6046216101699748,1.2355219960212707,621.3155980221927,20,,True
679,14,55,135,1.2479051132996877,1.607433409759405,1.2479051132996877,624.5729671791196,20,,True
680,14,55,150,7.500925349195798,14.219704813598232,7.500925349195798,620.9954787045717,20,,True
681,14,55,165,6.67549891769886,7.133354674350607,6.67549891769886,627.7234680019319,20,,True
682,14,55,180,2.60693310101827,3.0678948904066754,2.60693310101827,624.2920402437449,20,,True
683,14,55,195,2.2297229607899984,3.829188208950077,2.2297229607899984,645.2533542178571,20,,True
684,14,55,210,2.0909787972768146,3.6368415989698466,2.0909787972768146,622.9473906569183,20,,True
685,14,55,225,2.129813234011332,3.5902066277962104,2.129813234011332,621.5515611693263,20,,True
686,14,4,30,11.813329716523489,20.088978086470963,11.813329716523489,621.9344330020249,20,,True
687,14,4,45,20.067938097318013,35.12205004405104,20.067938097318013,626.2099421583116,20,,True
688,14,4,60,45.72253087386489,75.48519878768717,45.72253087386489,622.830003965646,20,,True
689,14,4,75,2.5024271031220753,2.891063213002873,2.5024271031220753,622.9879930615425,20,,True
690,14,4,90,1.7657694305603704,2.2457564509813936,1.7657694305603704,622.4956549704075,20,,True
691,14,4,105,6.385109051689506,9.004703854350568,6.385109051689506,622.0396161079407,20,,True
692,14,4,120,1.5516402990246811,2.0891762907467615,1.5516402990246811,622.3950046114624,20,,True
693,14,4,135,5.855554409325123,9.62778810079615,5.855554409325123,623.0306467041373,20,,True
694,14,4,150,21.826839181780816,34.075456841586494,21.826839181780816,622.9794472455978,20,,True
695,14,4,165,7.735997736081481,10.920857204045689,7.735997736081481,622.7739579044282,20,,True
696,14,4,180,8.046063337723414,12.157679282654698,8.046063337723414,622.925488743931,20,,True
697,14,4,195,5.221993525822957,8.483377611877906,5.221993525822957,616.5443109348416,20,,True
698,14,4,210,4.2433529396851855,6.100181022452183,4.2433529396851855,614.839562214911,20,,True
699,14,4,225,8.064332735538482,9.639932854037381,8.064332735538482,622.8848597966135,20,,True
700,14,45,30,20.887067715326946,23.367325218425325,20.887067715326946,624.3560900911689,20,,True
701,14,45,45,6.282729060202837,8.497006481522934,6.282729060202837,623.1828611344099,20,,True
702,14,45,60,3.8958462468038,4.907646510431967,3.8958462468038,623.7987712956965,20,,True
703,14,45,75,3.4776801965975515,4.544123410646411,3.4776801965975515,624.7749510221183,20,,True
704,14,45,90,2.035687302751467,2.7388038219382156,2.035687302751467,623.9266730844975,20,,True
705,14,45,105,2.672957874337832,3.291296130499101,2.672957874337832,623.5081339254975,20,,True
706,14,45,120,4.190809803207715,5.426179638399846,4.190809803207715,621.3720641098917,20,,True
707,14,45,135,4.935656537612279,7.462109642388942,4.935656537612279,625.3789039328694,20,,True
708,14,45,150,23.55213407377402,45.59017960924344,23.55213407377402,619.3191558122635,20,,True
709,14,45,165,32.28093280792236,57.44987156057075,32.28093280792236,613.9655993320048,20,,True
710,14,45,180,3.699787664413452,4.799789944697526,3.699787664413452,621.2681569159031,20,,True
711,14,45,195,5.507969714949528,8.690871531135773,5.507969714949528,614.5656988956034,20,,True
712,14,45,210,4.554249400769671,7.172246740439237,4.554249400769671,617.6810190081596,20,,True
713,14,45,225,4.671188594897588,5.588194818058893,4.671188594897588,623.4822268597782,20,,True
714,14,60,30,12.148998576402665,17.239384002417328,12.148998576402665,624.9037380330265,20,,True
715,14,60,45,5.495524432261785,6.50320924378708,5.495524432261785,625.4625283181667,20,,True
716,14,60,60,6.960867407917976,12.831114170656456,6.960867407917976,623.7560887821019,20,,True
717,14,60,75,5.987069361408552,8.469263209080385,5.987069361408552,623.7382800318301,20,,True
718,14,60,90,2.222088513771693,3.035147833408364,2.222088513771693,624.5213900692761,20,,True
719,14,60,105,2.37895956436793,3.010637208738984,2.37895956436793,625.1175510697067,20,,True
720,14,60,120,2.4356621702512107,2.967702649288419,2.4356621702512107,624.0467010065913,20,,True
721,14,60,135,2.091517718633016,2.6369078354216606,2.091517718633016,623.6717319115996,20,,True
722,14,60,150,2.139615456263224,2.783120230607888,2.139615456263224,623.9688331261277,20,,True
723,14,60,165,3.18454483350118,4.960082381690132,3.18454483350118,623.6350331455469,20,,True
724,14,60,180,4.8452168822288515,6.690366981480461,4.8452168822288515,623.617934063077,20,,True
725,14,60,195,2.673491068681081,3.2690796925517978,2.673491068681081,623.1389348395169,20,,True
726,14,60,210,3.4152733167012532,4.568655187372999,3.4152733167012532,622.9520649649203,20,,True
727,14,60,225,4.271447263161341,5.988644103556347,4.271447263161341,622.8208760730922,20,,True
728,14,26,30,31.6963625083367,46.515208963899845,31.6963625083367,621.0862370207906,20,,True
729,14,26,45,14.95771664281686,19.008540208572533,14.95771664281686,614.9581889621913,20,,True
730,14,26,60,11.85031632942458,16.938688058874572,11.85031632942458,619.3788782693446,20,,True
731,14,26,75,6.461227989724526,8.372877499389297,6.461227989724526,622.787187807262,20,,True
732,14,26,90,8.535122798879941,11.48979446869113,8.535122798879941,622.9919488541782,20,,True
733,14,26,105,6.372874682066807,8.656433101006726,6.372874682066807,618.111819960177,20,,True
734,14,26,120,5.648106969345827,7.618629581764976,5.648106969345827,614.2823318950832,20,,True
735,14,26,135,1.805987925082445,2.2115372759191207,1.805987925082445,621.229400858283,20,,True
736,14,26,150,3.6125282582152676,6.2402106682189595,3.6125282582152676,623.2920312322676,20,,True
737,14,26,165,14.001682854692142,22.911708870627738,14.001682854692142,626.6868500970304,20,,True
738,14,26,180,2.546851208806038,3.1145314406609756,2.546851208806038,623.3259723521769,20,,True
739,14,26,195,5.610347730418046,6.720307263357599,5.610347730418046,622.5715018808842,20,,True
740,14,26,210,5.458955191262066,9.309824758575141,5.458955191262066,623.9743330515921,20,,True
741,14,26,225,7.132598647351066,8.554738852289026,7.132598647351066,621.89672421664,20,,True
742,14,21,30,3.7200222114721933,6.041681728530905,3.7200222114721933,622.9869038797915,20,,True
743,14,21,45,4.454902247153223,7.153598750953562,4.454902247153223,622.7566739544272,20,,True
744,14,21,60,9.476837205886842,13.692631909938802,9.476837205886842,622.9861448518932,20,,True
745,14,21,75,14.67745380004247,23.313766684996384,14.67745380004247,622.8202059864998,20,,True
746,14,21,90,9.424842835217714,13.217497803099404,9.424842835217714,621.056498028338,20,,True
747,14,21,105,4.586576998233795,5.477854027028368,4.586576998233795,622.2991473041475,20,,True
748,14,21,120,2.153653516822184,2.6531296717314206,2.153653516822184,622.4504970014095,20,,True
749,14,21,135,2.11702618029279,2.660631487663354,2.11702618029279,622.2664779052138,20,,True
750,14,21,150,1.9098568439483643,2.313041794505855,1.9098568439483643,622.2750889137387,20,,True
751,14,21,165,2.8907831966876985,4.463850277787372,2.8907831966876985,622.479188721627,20,,True
752,14,21,180,2.6532953813672067,3.8675208926451714,2.6532953813672067,623.3756300061941,20,,True
753,14,21,195,3.582051432132721,4.516603603415129,3.582051432132721,623.139230068773,20,,True
754,14,21,210,2.9138382961352667,3.374483933651322,2.9138382961352667,622.691260650754,20,,True
755,14,21,225,2.0537626643975577,2.6788604014370487,2.0537626643975577,624.0364010445774,20,,True
756,14,44,30,21.66824828783671,29.755464457853012,21.66824828783671,621.1709817871451,20,,True
757,14,44,45,4.6695359965165455,7.133760965109987,4.6695359965165455,613.7001351453364,20,,True
758,14,44,60,8.119800994793573,12.837998801424826,8.119800994793573,620.8163830451667,20,,True
759,14,44,75,7.962235573927561,11.28264583100218,7.962235573927561,617.2517137601972,20,,True
760,14,44,90,4.2936586757500965,8.388086951153957,4.2936586757500965,612.9332762211561,20,,True
761,14,44,105,6.111209730803966,8.919528937005936,6.111209730803966,622.5363938137889,20,,True
762,14,44,120,7.367144738634427,9.821017459379277,7.367144738634427,621.9715462066233,20,,True
763,14,44,135,9.50742627804478,20.442627377342106,9.50742627804478,622.9385561309755,20,,True
764,14,44,150,14.318439720074336,25.065778788979454,14.318439720074336,624.3655560538173,20,,True
765,14,44,165,8.94427350362142,14.963579472529638,8.94427350362142,620.9072368219495,20,,True
766,14,44,180,8.058980819707115,15.36758500491625,8.058980819707115,621.7759777791798,20,,True
767,14,44,195,8.573823677624265,12.717445309063855,8.573823677624265,623.5014768317342,20,,True
768,14,44,210,5.914011715352535,6.952804262999868,5.914011715352535,623.8384284079075,20,,True
769,14,44,225,7.824608284235,8.74075778720746,7.824608284235,622.7283687330782,20,,True
770,14,23,30,23.885153213640056,42.419563027093155,23.885153213640056,623.2344689778984,20,,True
771,14,23,45,34.5210742863516,57.292475437143764,34.5210742863516,623.5112203285098,20,,True
772,14,23,60,11.016299937665462,16.69664116062354,11.016299937665462,623.9706203341484,20,,True
773,14,23,75,10.343708260854084,15.036346623439762,10.343708260854084,621.9336409121752,20,,True
774,14,23,90,11.035802213350932,16.38346791412794,11.035802213350932,624.6336009353399,20,,True
775,14,23,105,20.623046061520775,32.343688227891114,20.623046061520775,618.2799530215561,20,,True
776,14,23,120,22.501865969101587,39.418716360704465,22.501865969101587,614.8167941719294,20,,True
777,14,23,135,10.592693920930227,16.63273880571648,10.592693920930227,623.2221629470587,20,,True
778,14,23,150,35.1649957165122,48.161300548606334,35.1649957165122,615.8739449456334,20,,True
779,14,23,165,7.406243083377679,8.357924363939608,7.406243083377679,612.8567960113287,20,,True
780,14,23,180,12.0260567933321,23.787733357975018,12.0260567933321,622.976993676275,20,,True
781,14,23,195,30.7835508496811,48.75887851174721,30.7835508496811,622.1598261035979,20,,True
782,14,23,210,31.416272019656997,59.502036331374164,31.416272019656997,614.1659370623529,20,,True
783,14,23,225,14.771159579666952,20.382012894342854,14.771159579666952,616.4915580302477,20,,True
784,14,53,30,14.429441897074382,22.080162544940976,14.429441897074382,625.7473356090486,20,,True
785,14,53,45,9.760081736246745,14.967440395433899,9.760081736246745,622.6264568977058,20,,True
786,14,53,60,21.13565930078427,25.713132128730173,21.13565930078427,624.3253168649971,20,,True
787,14,53,75,13.898753920694192,21.589947614208217,13.898753920694192,622.8348989970982,20,,True
788,14,53,90,16.84252675175667,25.68483678465609,16.84252675175667,622.7042190730572,20,,True
789,14,53,105,2.632621701558431,3.91957155148162,2.632621701558431,623.909018933773,20,,True
790,14,53,120,4.102023716705541,5.306680205578884,4.102023716705541,622.1339697949588,20,,True
791,14,53,135,1.7734141929075122,2.1263053106579983,1.7734141929075122,623.3109901659191,20,,True
792,14,53,150,1.677545921007792,2.017448002852729,1.677545921007792,624.3644603528082,20,,True
793,14,53,165,1.474463544289271,1.8789398111123734,1.474463544289271,619.9254519306123,20,,True
794,14,53,180,2.426570651928584,3.104120768540367,2.426570651928584,613.3599341847003,20,,True
795,14,53,195,9.741979845364888,13.12161556516404,9.741979845364888,619.6865229867399,20,,True
796,14,53,210,11.61265434573094,16.212191384921386,11.61265434573094,624.5725331827998,20,,True
797,14,53,225,8.73239046203477,14.778960735712305,8.73239046203477,623.8299026153982,20,,True
798,14,84,30,3.0310491283734637,4.23616389418337,3.0310491283734637,624.5685429312289,20,,True
799,14,84,45,3.388304740190506,4.642182997705203,3.388304740190506,624.548755120486,20,,True
800,14,84,60,3.0519247988859814,4.2433285343195815,3.0519247988859814,624.1970038972795,20,,True
801,14,84,75,3.0492883483568827,4.400715906507679,3.0492883483568827,624.5449450798333,20,,True
802,14,84,90,1.7656955311695735,2.418548648469817,1.7656955311695735,624.9677459709346,20,,True
803,14,84,105,2.9460899949073793,4.065402170358664,2.9460899949073793,623.5617357306182,20,,True
804,14,84,120,2.692686458428701,3.7015625779401193,2.692686458428701,623.2828367501497,20,,True
805,14,84,135,2.494846781094869,3.465276147780218,2.494846781094869,614.3469787202775,20,,True
806,14,84,150,2.462461980183919,3.433995533051394,2.462461980183919,618.5836479999125,20,,True
807,14,84,165,2.637700488169988,3.5706162705063376,2.637700488169988,619.1155803389847,20,,True
808,14,84,180,5.26740141560634,6.113545248015353,5.26740141560634,613.9342412352562,20,,True
809,14,84,195,6.567974147200585,9.240280629035318,6.567974147200585,623.6897287890315,20,,True
810,14,84,210,17.386525480945906,30.046092932803553,17.386525480945906,629.6529788523912,20,,True
811,14,84,225,21.40934664309025,29.255138827422833,21.40934664309025,624.7199601493776,20,,True
812,14,59,30,25.21145684023698,30.993283894193166,25.21145684023698,624.2949510924518,20,,True
813,14,59,45,11.953404655431708,13.72844489234916,11.953404655431708,624.284831341356,20,,True
814,14,59,60,4.4720268495380875,6.5177009850583465,4.4720268495380875,624.8217020183802,20,,True
815,14,59,75,5.895588544507821,8.447260631127195,5.895588544507821,624.241853132844,20,,True
816,14,59,90,3.2290050124128657,4.188736622182319,3.2290050124128657,624.4111331179738,20,,True
817,14,59,105,5.279690358787775,7.09210100520097,5.279690358787775,623.2503531500697,20,,True
818,14,59,120,9.528954549630482,12.372833689073813,9.528954549630482,624.7345940209925,20,,True
819,14,59,135,7.380047598481179,9.067644861974264,7.380047598481179,623.9902852103114,20,,True
820,14,59,150,5.362464049458504,10.174098878565209,5.362464049458504,624.2244536988437,20,,True
821,14,59,165,9.321130734185378,14.204804277097049,9.321130734185378,624.4328352622688,20,,True
822,14,59,180,3.546158058444659,4.307132841766585,3.546158058444659,624.138125218451,20,,True
823,14,59,195,10.405112679799398,13.751508879931942,10.405112679799398,624.9824860133231,20,,True
824,14,59,210,9.591228410104911,10.885527546512183,9.591228410104911,623.8339371047914,20,,True
825,14,59,225,7.892410237590472,9.694114489490406,7.892410237590472,623.7327670678496,20,,True
826,14,49,30,14.463216200222572,19.349175332871923,14.463216200222572,624.5253579691052,20,,True
827,14,49,45,3.9116890341043473,6.113547723406403,3.9116890341043473,623.9555077627301,20,,True
828,14,49,60,6.951367316643397,8.849493776435985,6.951367316643397,624.4681989774108,20,,True
829,14,49,75,6.55362602074941,9.234416313695801,6.55362602074941,623.5537803731859,20,,True
830,14,49,90,12.609282701214154,17.26052982593189,12.609282701214154,623.4261095523834,20,,True
831,14,49,105,8.980410942435265,10.212182991729259,8.980410942435265,646.644318010658,20,,True
832,14,49,120,3.7464693118624077,4.341127098192044,3.7464693118624077,622.5634319707751,20,,True
833,14,49,135,5.20394191990296,5.855205451099062,5.20394191990296,623.1741309165955,20,,True
834,14,49,150,2.855075133343538,3.690928573715387,2.855075133343538,622.9497618041933,20,,True
835,14,49,165,2.273356839021047,2.8885190679159343,2.273356839021047,624.588071834296,20,,True
836,14,49,180,3.7242511971562635,5.004342704773083,3.7242511971562635,643.2517608627677,20,,True
837,14,49,195,8.421882057063824,10.996836440234324,8.421882057063824,627.0311041735113,20,,True
838,14,49,210,10.257210115591684,11.327019298665485,10.257210115591684,634.8383128643036,20,,True
839,14,49,225,4.166249450047811,4.514830587388598,4.166249450047811,623.6876240000129,20,,True
840,14,7,30,5.345761930942535,6.702073940194657,5.345761930942535,623.1162650510669,20,,True
841,14,7,45,7.146656894683838,10.481603580286858,7.146656894683838,621.4301558211446,20,,True
842,14,7,60,13.128275344761398,20.481223463791373,13.128275344761398,621.8845858238637,20,,True
843,14,7,75,12.353024919951956,17.13724416644774,12.353024919951956,622.0866567455232,20,,True
844,14,7,90,14.870807125791908,22.13175880364024,14.870807125791908,622.2077165730298,20,,True
845,14,7,105,6.326332208017508,8.505678223037618,6.326332208017508,623.4912569634616,20,,True
846,14,7,120,6.901318267981211,7.365375015601664,6.901318267981211,624.099887907505,20,,True
847,14,7,135,3.7044973989327747,5.408885843271103,3.7044973989327747,623.9483281970024,20,,True
848,14,7,150,7.27227328668038,9.381992768321368,7.27227328668038,623.367109335959,20,,True
849,14,7,165,8.729952339331309,11.49373289103006,8.729952339331309,622.8874996304512,20,,True
850,14,7,180,2.465556728839874,2.7175784369111087,2.465556728839874,622.0949999988079,20,,True
851,14,7,195,10.386481424793601,16.006561922304943,10.386481424793601,622.9371596127748,20,,True
852,14,7,210,10.868926168978215,13.47072673164061,10.868926168978215,622.3139208741486,20,,True
853,14,7,225,11.777434911330541,14.25651761641375,11.777434911330541,613.7114828452468,20,,True
854,14,47,30,8.801402854919434,9.449924497333503,8.801402854919434,617.3728927969933,20,,True
855,14,47,45,5.720744895935058,6.343247565209338,5.720744895935058,616.9995130039752,20,,True
856,14,47,60,5.877842807769776,6.635686756398719,5.877842807769776,613.4326541796327,20,,True
857,14,47,75,5.967429033915201,6.7429804436132725,5.967429033915201,621.4436930604279,20,,True
858,14,47,90,5.935186290740967,6.597615417661845,5.935186290740967,623.1256141327322,20,,True
859,14,47,105,5.838259188334147,6.5297824093772,5.838259188334147,622.814224101603,20,,True
860,14,47,120,5.8722044944763185,6.588182756946987,5.8722044944763185,622.6355549879372,20,,True
861,14,47,135,5.872457536061605,6.596882361062194,5.872457536061605,623.0530948378146,20,,True
862,14,47,150,5.8207213401794435,6.49647007440448,5.8207213401794435,623.1754757463932,20,,True
863,14,47,165,8.849271555741629,11.918741242139623,8.849271555741629,622.9560170322657,20,,True
864,14,47,180,8.410762922962506,11.719184796322835,8.410762922962506,622.9260861873627,20,,True
865,14,47,195,10.338364945848783,12.998535078351033,10.338364945848783,623.5635867342353,20,,True
866,14,47,210,16.909952211380006,21.440359536222545,16.909952211380006,623.503418173641,20,,True
867,14,47,225,5.918966182072958,6.601251560911434,5.918966182072958,623.1432780623436,20,,True
868,14,30,30,3.26768772204717,4.5776267516427485,3.26768772204717,622.9767180047929,20,,True
869,14,30,45,9.633288483818372,12.744724297825613,9.633288483818372,622.7888488210738,20,,True
870,14,30,60,12.38168061276277,14.193166069387688,12.38168061276277,623.6685491167009,20,,True
871,14,30,75,4.07853461454312,5.595620982245431,4.07853461454312,623.5886001959443,20,,True
872,14,30,90,3.158239822524289,4.225980496207223,3.158239822524289,622.6562210358679,20,,True
873,14,30,105,2.6054814878230292,3.2998110536878085,2.6054814878230292,622.5925199687481,20,,True
874,14,30,120,2.055480401342114,2.5543054637560765,2.055480401342114,622.2760123200715,20,,True
875,14,30,135,3.253004604205489,5.678519549198669,3.253004604205489,622.7391520515084,20,,True
876,14,30,150,2.0699114660422007,2.7698912877633655,2.0699114660422007,623.1599319726229,20,,True
877,14,30,165,2.044879033168157,2.5819759831526943,2.044879033168157,615.3276637196541,20,,True
878,14,30,180,2.2330154883364837,2.490446357335641,2.2330154883364837,613.4331240318716,20,,True
879,14,30,195,2.72127385661006,3.1140142231160457,2.72127385661006,622.7063839323819,20,,True
880,14,30,210,2.121689309179783,2.5444524959523376,2.121689309179783,622.690153773874,20,,True
881,14,30,225,3.6928983933292328,4.913367033572912,3.6928983933292328,622.4016742780805,20,,True
882,18,83,30,16.50165962378184,25.151621027672736,16.50165962378184,622.1148259937763,20,,True
883,18,83,45,4.653200888633728,7.144998677109562,4.653200888633728,625.8989158086479,20,,True
884,18,83,60,19.406621012464164,27.408027274861087,19.406621012464164,622.6070960983634,20,,True
885,18,83,75,5.502301921074589,9.047563975427812,5.502301921074589,622.1396457403898,20,,True
886,18,83,90,7.649846014473587,10.264752549476757,7.649846014473587,621.4898573234677,20,,True
887,18,83,105,4.509309960311899,6.784012159020087,4.509309960311899,623.845118097961,20,,True
888,18,83,120,30.60237580132671,53.18013348557514,30.60237580132671,623.6672671511769,20,,True
889,18,83,135,37.711846214532855,61.39446566571836,37.711846214532855,621.5298292227089,20,,True
890,18,83,150,34.75256132508318,48.03191588733938,34.75256132508318,612.8964694216847,20,,True
891,18,83,165,11.584439253807068,14.632919628324208,11.584439253807068,616.8408589437604,20,,True
892,18,83,180,5.657355820511778,8.42253484657854,5.657355820511778,623.0367599055171,20,,True
893,18,83,195,13.743933863068621,18.6781906220787,13.743933863068621,622.5313101895154,20,,True
894,18,15,30,8.04706829637289,11.306506009844142,8.04706829637289,622.4274206906557,20,,True
895,18,15,45,7.971135672926903,10.948616566065464,7.971135672926903,623.7674010917544,20,,True
896,18,15,60,8.487536796337615,13.851007490032275,8.487536796337615,622.8396412916481,20,,True
897,18,15,75,7.450594845010588,10.530419173116584,7.450594845010588,622.5678320042789,20,,True
898,18,15,90,4.146582432587942,5.271538371660862,4.146582432587942,622.5560628809035,20,,True
899,18,15,105,3.5650566801933263,4.622124533708383,3.5650566801933263,618.8290431164205,20,,True
900,18,15,120,7.780590550104777,9.609755064442682,7.780590550104777,614.6087539382279,20,,True
901,18,15,135,5.689676410704851,7.5041969709658005,5.689676410704851,614.2336339689791,20,,True
902,18,15,150,5.919210059195757,7.015780131529965,5.919210059195757,616.229044739157,20,,True
903,18,15,165,7.728778133789699,10.14972971205926,7.728778133789699,621.0183249786496,20,,True
904,18,3,30,20.345959368348122,27.32424969734773,20.345959368348122,614.9822059087455,20,,True
905,18,3,45,45.547135496139525,63.735036420384525,45.547135496139525,619.8044358752668,20,,True
906,18,3,60,36.558723945419,63.123043428667884,36.558723945419,623.6750059761107,20,,True
907,18,3,75,44.12372095187505,56.61063169027975,44.12372095187505,623.8235956989229,20,,True
908,18,3,90,58.61443446477254,79.02796447786382,58.61443446477254,625.1437170431018,20,,True
909,18,3,105,18.741514893372855,24.551468140219026,18.741514893372855,625.3063869662583,20,,True
910,18,3,120,40.64734248518944,44.409603112614725,40.64734248518944,624.8844983056188,20,,True
911,18,3,135,15.98311627532045,20.569072559808465,15.98311627532045,624.3475480005145,20,,True
912,18,3,150,4.285697766145071,5.267406458323118,4.285697766145071,624.7087391093373,20,,True
913,18,3,165,5.057939879099528,8.729045398626992,5.057939879099528,624.4909791275859,20,,True
914,18,35,30,16.042558705310025,23.491865877911987,16.042558705310025,623.4815488569438,20,,True
915,18,35,45,13.868483512600262,18.884776656356124,13.868483512600262,623.5504900105298,20,,True
916,18,35,60,7.265767831355333,8.726705726367948,7.265767831355333,627.2617098875344,20,,True
917,18,35,75,4.944955663922398,6.042280145810131,4.944955663922398,623.9041909575462,20,,True
918,18,35,90,4.863725280358145,6.403159765408502,4.863725280358145,624.3570311926305,20,,True
919,18,35,105,4.857670826852942,6.448976046879531,4.857670826852942,623.9957818761468,20,,True
920,18,35,120,8.282942236385619,16.112648350548348,8.282942236385619,626.7464822158217,20,,True
921,18,35,135,20.84399361809095,30.101313145687087,20.84399361809095,624.6084729209542,20,,True
922,18,35,150,49.09259248276552,67.37735449248707,49.09259248276552,624.4074837304652,20,,True
923,18,35,165,42.79926688497265,52.182538520653935,42.79926688497265,624.5386931113899,20,,True
924,18,35,180,5.273311508943637,6.834672163680675,5.273311508943637,624.40186413005,20,,True
925,18,35,195,4.664858826994896,5.898222335638258,4.664858826994896,624.7033639810979,20,,True
926,18,35,210,3.6002525548140207,5.385451950384511,3.6002525548140207,623.5970947891474,20,,True
927,18,35,225,16.706371955076854,27.73992675448834,16.706371955076854,624.0929057821631,20,,True
928,18,48,30,20.604980558156967,24.3239268590914,20.604980558156967,623.5207258723676,20,,True
929,18,48,45,47.77134932503104,67.47313285990083,47.77134932503104,623.8975166343153,20,,True
930,18,48,60,19.846664875745773,31.21617427282577,19.846664875745773,623.9228071644902,20,,True
931,18,48,75,22.24691492790977,29.178823828422782,22.24691492790977,622.8835470974445,20,,True
932,18,48,90,6.901755031446616,8.921574776917758,6.901755031446616,622.9314780794084,20,,True
933,18,48,105,3.1452117443084715,4.136771545853235,3.1452117443084715,622.5501070730388,20,,True
934,18,48,120,5.682015553613504,8.181258810428094,5.682015553613504,623.3592280186713,20,,True
935,18,48,135,3.266891637444496,4.0717352271455125,3.266891637444496,623.2331492938101,20,,True
936,18,48,150,3.6778093496958415,4.928873147769877,3.6778093496958415,624.0323791280389,20,,True
937,18,48,165,8.82958127806584,10.431120676359843,8.82958127806584,625.1453901641071,20,,True
938,18,48,180,5.699302295347055,8.578313639105712,5.699302295347055,626.9852695986629,20,,True
939,18,48,195,5.714745104561249,6.580014309652893,5.714745104561249,623.2229210436344,20,,True
940,18,48,210,4.191225439310074,5.670662145711125,4.191225439310074,622.9077712632716,20,,True
941,18,48,225,8.451621560255687,12.549177338782942,8.451621560255687,623.4062109142542,20,,True
942,18,22,30,2.4792771480977533,3.185896776274908,2.4792771480977533,623.02255211398,20,,True
943,18,22,45,8.333029527465502,17.744963211187123,8.333029527465502,619.971252977848,20,,True
944,18,22,60,9.055883674323558,11.76466102670322,9.055883674323558,614.7735943086445,20,,True
945,18,22,75,9.658457497258981,12.266915178976115,9.658457497258981,619.8955439031124,20,,True
946,18,22,90,3.173275738954544,3.8151315468442513,3.173275738954544,613.78956399858,20,,True
947,18,22,105,3.0450172344843547,3.713553171013724,3.0450172344843547,618.5930548235774,20,,True
948,18,22,120,2.92777979572614,3.576125256958343,2.92777979572614,623.807214666158,20,,True
949,18,22,135,2.019925252596537,2.671215110373035,2.019925252596537,616.4913950487971,20,,True
950,18,22,150,3.4702820621586095,6.027273264725255,3.4702820621586095,614.7952256724238,20,,True
951,18,22,165,6.021316755190492,7.721723473687757,6.021316755190492,621.3529058732092,20,,True
952,18,55,30,9.574753878513972,19.61798370668348,9.574753878513972,615.5937961302698,20,,True
953,18,55,45,28.090862391889097,45.492974105131914,28.090862391889097,618.6823169700801,20,,True
954,18,55,60,22.813482724130154,31.215487628644404,22.813482724130154,622.499137185514,20,,True
955,18,55,75,2.2435439904530843,3.262023627138554,2.2435439904530843,622.3362279124558,20,,True
956,18,55,90,13.505989336967469,16.922015963966153,13.505989336967469,624.0612678229809,20,,True
957,18,55,105,19.20060095836719,23.291178649153306,19.20060095836719,624.891247600317,20,,True
958,18,55,120,7.701182639598846,9.52910815140665,7.701182639598846,623.8630791194737,20,,True
959,18,55,135,6.862977804491917,8.299145926857701,6.862977804491917,623.424869030714,20,,True
960,18,55,150,8.079134659220776,9.567335308454107,8.079134659220776,624.4090790860355,20,,True
961,18,55,165,5.33470815072457,6.707378029580792,5.33470815072457,624.2713201791048,20,,True
962,18,4,30,11.858481736977895,15.209587190303425,11.858481736977895,624.0418497473001,20,,True
963,18,4,45,5.037929945951328,6.349957119033128,5.037929945951328,624.1607209667563,20,,True
964,18,4,60,1.9551167319218317,2.353941375796277,1.9551167319218317,623.7529306672513,20,,True
965,18,4,75,1.879296890894572,2.3316731709618557,1.879296890894572,624.5338120497763,20,,True
966,18,4,90,12.024850382407505,16.566415843636797,12.024850382407505,624.3884121067822,20,,True
967,18,4,105,5.390705793847641,6.409048835910721,5.390705793847641,623.5191328451037,20,,True
968,18,4,120,2.4519408948719503,3.6228361272536658,2.4519408948719503,623.5545929521322,20,,True
969,18,4,135,5.831040163648625,6.286028138047508,5.831040163648625,623.4950930811465,20,,True
970,18,4,150,3.512376162596047,4.762708207016707,3.512376162596047,627.7262233197689,20,,True
971,18,4,165,4.3490993330876035,5.633303566584812,4.3490993330876035,623.4182640910149,20,,True
972,18,4,180,3.9039037823677063,4.889776292714507,3.9039037823677063,622.876294888556,20,,True
973,18,45,30,22.2228161200881,30.071982954616526,22.2228161200881,624.1484750062227,20,,True
974,18,45,45,9.872914636135102,18.366909738065303,9.872914636135102,623.9669462665915,20,,True
975,18,45,60,25.18518695831299,34.16355292681445,25.18518695831299,622.3485358059406,20,,True
976,18,45,75,17.62930899262428,23.96698348874542,17.62930899262428,615.1114059612155,20,,True
977,18,45,90,12.843286481996378,21.237996520687076,12.843286481996378,619.4459577091038,20,,True
978,18,45,105,13.73288319921121,22.690943836257983,13.73288319921121,624.6505277231336,20,,True
979,18,45,120,2.418889630834262,2.9297355387842896,2.418889630834262,623.5145572572947,20,,True
980,18,45,135,3.421488185723623,3.7182403471196106,3.421488185723623,624.8529078438878,20,,True
981,18,45,150,3.0469533254702887,3.4351861623100692,3.0469533254702887,624.7514691203833,20,,True
982,18,45,165,4.571402454376221,7.101651991781867,4.571402454376221,621.8488290905952,20,,True
983,18,60,30,7.030243220925331,9.629419844394613,7.030243220925331,614.5698102191091,20,,True
984,18,60,45,1.3058443039655685,1.5633243545432112,1.3058443039655685,620.4266999848187,20,,True
985,18,60,60,2.416719728211562,3.0767186327764193,2.416719728211562,624.2351699620485,20,,True
986,18,60,75,9.0747107197841,17.292429756809362,9.0747107197841,625.188060104847,20,,True
987,18,60,90,11.613543236007294,15.676601833586485,11.613543236007294,619.935360737145,20,,True
988,18,60,105,22.258771512028762,36.3946206034022,22.258771512028762,615.0080910883844,20,,True
989,18,60,120,11.908369017144045,16.240781194245212,11.908369017144045,616.049921605736,20,,True
990,18,60,135,2.025616196791331,2.304069238785642,2.025616196791331,616.4476918056607,20,,True
991,18,60,150,1.6408122777938843,1.9541386553781595,1.6408122777938843,624.5378721505404,20,,True
992,18,60,165,5.665650430694223,8.099694448525213,5.665650430694223,623.8194429315627,20,,True
993,18,26,30,17.364530271291734,27.000654465161986,17.364530271291734,624.9398328363895,20,,True
994,18,26,45,30.384280750652156,50.517529832154345,30.384280750652156,625.857254024595,20,,True
995,18,26,60,46.22711616257826,71.64250775142698,46.22711616257826,624.9426542781293,20,,True
996,18,26,75,26.492028399308523,43.75000283310492,26.492028399308523,627.6216451078653,20,,True
997,18,26,90,8.58774696600934,11.297659454224709,8.58774696600934,618.0205349810421,20,,True
998,18,26,105,7.968362099428972,10.209639938414957,7.968362099428972,614.7725852206349,20,,True
999,18,26,120,14.692115280342598,20.32005757756818,14.692115280342598,624.2873859591782,20,,True
1000,18,26,135,12.674057309826216,18.117796554157856,12.674057309826216,615.9266768954694,20,,True
1001,18,26,150,21.423468175530434,24.59774289863792,21.423468175530434,617.4713671207428,20,,True
1002,18,26,165,11.240459526826937,19.91022303282537,11.240459526826937,625.1298971474171,20,,True
1003,18,21,30,6.7321260238687195,12.147930565013516,6.7321260238687195,624.6676468290389,20,,True
1004,18,21,45,16.04032548914353,25.999746362438064,16.04032548914353,625.433498993516,20,,True
1005,18,21,60,6.356019282341004,9.08483996546051,6.356019282341004,624.5466079562902,20,,True
1006,18,21,75,5.550462649265925,8.02008134969557,5.550462649265925,625.6933379918337,20,,True
1007,18,21,90,20.655895051298042,29.109927353359897,20.655895051298042,624.1432786919177,20,,True
1008,18,21,105,19.808472521106403,28.95658044288769,19.808472521106403,622.6632101461291,20,,True
1009,18,21,120,1.6117344756921133,1.908366260204129,1.6117344756921133,621.4066701941192,20,,True
1010,18,21,135,3.324834532849491,4.8071926580907,3.324834532849491,616.0619095899165,20,,True
1011,18,21,150,7.186115628977617,11.371156534384733,7.186115628977617,620.8809800446033,20,,True
1012,18,21,165,4.420425077776114,5.215694942242786,4.420425077776114,624.8236699029803,20,,True
1013,18,44,30,9.960925889015197,13.535400438866683,9.960925889015197,624.4886922650039,20,,True
1014,18,44,45,3.9300875822703043,4.58589321020475,3.9300875822703043,623.5703318379819,20,,True
1015,18,44,60,3.4599241256713866,4.102119975072636,3.4599241256713866,625.2281321212649,20,,True
1016,18,44,75,13.523851095636685,20.936050266646998,13.523851095636685,625.4913620650768,20,,True
1017,18,44,90,11.790183640209337,22.75562665539526,11.790183640209337,624.231293797493,20,,True
1018,18,44,105,24.130223707171776,32.47640681270312,24.130223707171776,623.7806230783463,20,,True
1019,18,44,120,15.110837815205256,18.776365937981684,15.110837815205256,625.2806037664413,20,,True
1020,18,44,135,5.719585784276327,7.268839204885237,5.719585784276327,623.0741236358881,20,,True
1021,18,44,150,11.02180283665657,18.370938818771883,11.02180283665657,624.6985038742423,20,,True
1022,18,44,165,11.890763974189758,18.0707356499939,11.890763974189758,624.2663348093629,20,,True
1023,18,44,180,3.3676478235671916,3.7646982962030537,3.3676478235671916,621.2868960574269,20,,True
1024,18,44,195,5.956457619989911,8.92348143169794,5.956457619989911,615.8365658484399,20,,True
1025,18,44,210,5.83420135738949,7.689541512962209,5.83420135738949,622.4025068804622,20,,True
1026,18,44,225,6.84154421488444,8.105639751801904,6.84154421488444,618.3742261491716,20,,True
1027,18,23,30,18.554140332341195,30.126465997309975,18.554140332341195,615.8128171227872,20,,True
1028,18,23,45,13.40416440963745,21.316539716236164,13.40416440963745,624.4498481974006,20,,True
1029,18,23,60,15.1180941298604,20.98323035506172,15.1180941298604,624.5888378471136,20,,True
1030,18,23,75,20.231669867038725,25.965881387234145,20.231669867038725,624.651188030839,20,,True
1031,18,23,90,9.813271254301071,13.96723412418386,9.813271254301071,623.4039589762688,20,,True
1032,18,23,105,19.09487741738558,27.299151118546305,19.09487741738558,626.9598291255534,20,,True
1033,18,23,120,15.585523603359858,19.052170249594855,15.585523603359858,623.9883988164365,20,,True
1034,18,23,135,14.622433846474935,24.331794649497866,14.622433846474935,623.2053302228451,20,,True
1035,18,23,150,16.34492742108802,25.970175104649787,16.34492742108802,623.4640912152827,20,,True
1036,18,23,165,19.242042842507363,26.17230785842531,19.242042842507363,623.6915402114391,20,,True
1037,18,53,30,44.75310687795282,61.06824796817002,44.75310687795282,623.0235807597637,20,,True
1038,18,53,45,27.729381863648694,38.348680652405434,27.729381863648694,622.8203307837248,20,,True
1039,18,53,60,38.22032414004207,70.1578540202532,38.22032414004207,622.5632820278406,20,,True
1040,18,53,75,9.906271918614705,14.6150677313781,9.906271918614705,623.1196117587388,20,,True
1041,18,53,90,22.985826675097147,40.323318487222025,22.985826675097147,623.9696019329131,20,,True
1042,18,53,105,4.7505490899086,7.269633224641656,4.7505490899086,624.3971828371286,20,,True
1043,18,53,120,14.684494916598002,23.428866210067273,14.684494916598002,621.6115429997444,20,,True
1044,18,53,135,5.885751644770305,6.6955524712446834,5.885751644770305,624.8399028554559,20,,True
1045,18,53,150,16.144492825275908,28.621375893847222,16.144492825275908,618.3214839547873,20,,True
1046,18,53,165,21.03530819406733,34.19817314789134,21.03530819406733,614.6874651312828,20,,True
1047,18,84,30,33.8931837250789,43.00758763690832,33.8931837250789,622.7049636654556,20,,True
1048,18,84,45,32.93329814945658,49.562707665888304,32.93329814945658,616.1629748530686,20,,True
1049,18,84,60,17.184412734707198,21.492201038550633,17.184412734707198,617.0784560963511,20,,True
1050,18,84,75,15.72655249427383,17.588882459450353,15.72655249427383,623.5022246837616,20,,True
1051,18,84,90,4.488068167368571,6.052020706412651,4.488068167368571,623.8182471133769,20,,True
1052,18,84,105,7.800029687086741,10.638294613836404,7.800029687086741,622.8060671128333,20,,True
1053,18,84,120,11.953558689728379,13.649390516093888,11.953558689728379,624.2275568656623,20,,True
1054,18,84,135,4.026308235588173,5.493605916083715,4.026308235588173,624.2471169680357,20,,True
1055,18,84,150,8.37347330780079,10.5571976239771,8.37347330780079,623.5876977443695,20,,True
1056,18,84,165,5.831991847852866,7.546120404472876,5.831991847852866,625.1730280928314,20,,True
1057,18,59,30,20.834813982248306,27.68887054168093,20.834813982248306,624.0839380770922,20,,True
1058,18,59,45,5.4757380649447445,6.785529057468497,5.4757380649447445,624.2573689669371,20,,True
1059,18,59,60,4.914199727773666,7.318458758216719,4.914199727773666,623.8530790433288,20,,True
1060,18,59,75,10.094893898566564,13.747455521083149,10.094893898566564,624.2922390811145,20,,True
1061,18,59,90,15.137000179290771,17.901754264856415,15.137000179290771,623.2595900073647,20,,True
1062,18,59,105,5.859566463902593,8.39738564763683,5.859566463902593,623.6469098366797,20,,True
1063,18,59,120,12.997910352423787,19.815872202373598,12.997910352423787,623.7129108048975,20,,True
1064,18,59,135,1.4818618714809417,2.005044760968961,1.4818618714809417,624.6397411450744,20,,True
1065,18,59,150,5.141798250377178,7.492405645240642,5.141798250377178,623.3169310726225,20,,True
1066,18,59,165,5.47100462714831,7.8111832183340715,5.47100462714831,625.321181025356,20,,True
1067,18,49,30,32.62827590405941,44.946995933888864,32.62827590405941,624.8348630033433,20,,True
1068,18,49,45,45.72201711535454,62.94332024319323,45.72201711535454,624.6028817258775,20,,True
1069,18,49,60,9.830061671882868,13.161514680916603,9.830061671882868,623.9299830049276,20,,True
1070,18,49,75,14.253490413663288,20.040822782871807,14.253490413663288,627.0061531104147,20,,True
1071,18,49,90,12.588104388676584,17.188583228038066,12.588104388676584,623.9244439639151,20,,True
1072,18,49,105,23.510207747419674,39.70964281416328,23.510207747419674,623.448294121772,20,,True
1073,18,49,120,14.06471973657608,19.104340468943445,14.06471973657608,623.5601548105478,20,,True
1074,18,49,135,12.456343324979146,17.302423354562176,12.456343324979146,623.9994340576231,20,,True
1075,18,49,150,8.46781873901685,10.755762885730935,8.46781873901685,622.6067459210753,20,,True
1076,18,49,165,9.248422918918854,10.734164426123808,9.248422918918854,619.1343353129923,20,,True
1077,18,49,180,15.148782300949097,17.280146116542245,15.148782300949097,620.8517961204052,20,,True
1078,18,49,195,7.619083738327026,9.772495661411124,7.619083738327026,624.4409759528935,20,,True
1079,18,49,210,6.9903759797414144,10.711176375692869,6.9903759797414144,624.3077670224011,20,,True
1080,18,7,30,41.25603418747584,59.260537223914255,41.25603418747584,624.3238672614098,20,,True
1081,18,7,45,5.949014083544413,8.299932429101379,5.949014083544413,623.9161468110979,20,,True
1082,18,7,60,3.9990958478301764,5.552664408241554,3.9990958478301764,618.5256382450461,20,,True
1083,18,7,75,12.958373557279508,23.66575825508673,12.958373557279508,615.1054981164634,20,,True
1084,18,7,90,23.593768076101938,26.30964837692199,23.593768076101938,624.4030380621552,20,,True
1085,18,7,105,27.612430743376414,43.81096852747877,27.612430743376414,625.3398386761546,20,,True
1086,18,7,120,29.67202835039546,48.710464580889656,29.67202835039546,624.0805191919208,20,,True
1087,18,7,135,14.055976970990498,15.539307845995907,14.055976970990498,624.1339496336877,20,,True
1088,18,7,150,17.800374203920363,28.188783229844375,17.800374203920363,625.0463300384581,20,,True
1089,18,7,165,14.423063900880516,18.04766474172632,14.423063900880516,624.3290700949728,20,,True
1090,18,47,30,19.322787203794967,25.742323417198993,19.322787203794967,624.3400610983372,20,,True
1091,18,47,45,6.703782837589582,8.583594465075391,6.703782837589582,623.6565010622144,20,,True
1092,18,47,60,3.9344263235727945,5.424379116046574,3.9344263235727945,618.5883809812367,20,,True
1093,18,47,75,1.4213319222132366,1.9058555949416494,1.4213319222132366,617.961801122874,20,,True
1094,18,47,90,6.459819209575653,9.749145533328347,6.459819209575653,624.7750818729401,20,,True
1095,18,47,105,2.604434124628703,3.2660295223372984,2.604434124628703,624.3450618349016,20,,True
1096,18,47,120,2.1132750590642293,2.951598553045045,2.1132750590642293,617.1152228489518,20,,True
1097,18,47,135,4.46883016427358,8.895595288064667,4.46883016427358,617.0082832686603,20,,True
1098,18,47,150,15.913059342900912,22.179393587363435,15.913059342900912,624.8897230252624,20,,True
1099,18,47,165,8.314937114963929,11.795462860190089,8.314937114963929,624.4812537916005,20,,True
1100,18,30,30,15.896567185533543,22.172053718150547,15.896567185533543,624.4431850500405,20,,True
1101,18,30,45,6.802551984786987,8.803047718138819,6.802551984786987,624.6143151074648,20,,True
1102,18,30,60,3.115456295013428,3.6702021093592205,3.115456295013428,624.0463349968195,20,,True
1103,18,30,75,2.5984236081441243,3.0863119973175865,2.5984236081441243,625.1375847496092,20,,True
1104,18,30,90,2.370549472173055,2.8677133372068533,2.370549472173055,626.73235591501,20,,True
1105,18,30,105,2.242754824956258,2.8511519741857656,2.242754824956258,625.2554561942816,20,,True
1106,18,30,120,2.4419576644897463,3.3324194702402354,2.4419576644897463,624.7653160244226,20,,True
1107,18,30,135,3.904066562652588,5.138832543878459,3.904066562652588,623.6583460122347,20,,True
1108,18,30,150,1.4003478368123372,1.783043210602053,1.4003478368123372,625.9181066416204,20,,True
1109,18,30,165,2.0507826884587605,2.4388779198394346,2.0507826884587605,625.1248670741916,20,,True
1110,24,83,30,14.755877593283852,19.009990892482755,14.755877593283852,624.825547914952,20,,True
1111,24,83,45,7.198266002163291,9.914227215903686,7.198266002163291,623.9382880739868,20,,True
1112,24,83,60,8.92300490339597,10.1731754439084,8.92300490339597,625.5432385951281,20,,True
1113,24,83,75,8.916289222302536,12.940822603757722,8.916289222302536,624.3088692426682,20,,True
1114,24,83,90,25.369384894023337,50.02801836738414,25.369384894023337,624.6254988946021,20,,True
1115,24,83,105,51.81921208600203,89.07835300422772,51.81921208600203,626.5464499592781,20,,True
1116,24,83,120,5.620670467615128,10.032325610801385,5.620670467615128,631.6699800081551,20,,True
1117,24,83,135,7.896190036522845,12.03974445610921,7.896190036522845,627.6137409731746,20,,True
1118,24,83,150,9.540114060090854,17.717202511607475,9.540114060090854,626.1798301711679,20,,True
1119,24,83,165,13.17137394452778,20.546009901009405,13.17137394452778,624.2710310034454,20,,True
1120,24,83,180,9.066350936889648,12.817639091453387,9.066350936889648,624.3409318849444,20,,True
1121,24,83,195,5.881649821748336,8.586525178045417,5.881649821748336,624.7198912315071,20,,True
1122,24,83,210,11.227980262289444,16.99212086981387,11.227980262289444,625.2040206454694,20,,True
1123,24,83,225,6.239192875226339,8.033979720166753,6.239192875226339,625.4415027797222,20,,True
1124,24,15,30,33.229342919339736,52.156194466344935,33.229342919339736,625.1200032420456,20,,True
1125,24,15,45,12.904499713083109,16.53178212853564,12.904499713083109,625.298922881484,20,,True
1126,24,15,60,4.279034574826558,5.424910714919144,4.279034574826558,626.6427026130259,20,,True
1127,24,15,75,10.679572677612304,16.984381690816978,10.679572677612304,624.6338728815317,20,,True
1128,24,15,90,8.00920945207278,10.257803826572179,8.00920945207278,625.0940640456975,20,,True
1129,24,15,105,7.613869654138883,9.476320226013321,7.613869654138883,624.8029940761626,20,,True
1130,24,15,120,8.983447182178498,13.592438556416464,8.983447182178498,624.1714148782194,20,,True
1131,24,15,135,1.991354505221049,2.885850508168817,1.991354505221049,624.0829252637923,20,,True
1132,24,15,150,5.3280326922734575,7.0343426332176815,5.3280326922734575,624.1259360685945,20,,True
1133,24,15,165,13.54118200937907,23.053013219705264,13.54118200937907,624.1498747840524,20,,True
1134,24,15,180,3.717405978838603,5.272553229057941,3.717405978838603,624.7955057770014,20,,True
1135,24,15,195,15.564728929599125,23.185795266977408,15.564728929599125,624.7812062501907,20,,True
1136,24,15,210,11.238274466991424,16.49195300256094,11.238274466991424,623.9668959751725,20,,True
1137,24,15,225,13.694962845245998,18.282370131540894,13.694962845245998,623.7713368609548,20,,True
1138,24,3,30,40.72321666876475,55.861954469856634,40.72321666876475,624.640816822648,20,,True
1139,24,3,45,8.556939270099004,9.82393263998487,8.556939270099004,624.1281582042575,20,,True
1140,24,3,60,33.26522274216016,48.73669864181239,33.26522274216016,625.6701978854835,20,,True
1141,24,3,75,8.46203373471896,10.873317991437771,8.46203373471896,620.5082079395652,20,,True
1142,24,3,90,12.60224945942561,17.071138399920322,12.60224945942561,615.3662679716945,20,,True
1143,24,3,105,3.39266943136851,4.273387974757734,3.39266943136851,621.8654299154878,20,,True
1144,24,3,120,11.080128494898478,18.250234954561897,11.080128494898478,617.2959189862013,20,,True
1145,24,3,135,7.940733555952708,10.158144426440007,7.940733555952708,619.2619688808918,20,,True
1146,24,3,150,4.030689267317454,6.5136093555603845,4.030689267317454,624.8650308698416,20,,True
1147,24,3,165,11.729821689923604,16.96251757858895,11.729821689923604,619.4881401024759,20,,True
1148,24,3,180,4.99033925930659,6.6248496461918585,4.99033925930659,615.2284909039736,20,,True
1149,24,3,195,4.956931694348653,7.039199774431245,4.956931694348653,621.642011217773,20,,True
1150,24,3,210,3.7242066184679667,4.140817066838185,3.7242066184679667,623.6222106963396,20,,True
1151,24,3,225,3.791298985481262,5.769579603683551,3.791298985481262,623.7598322331905,20,,True
1152,24,35,30,20.92398032049338,27.722943376739032,20.92398032049338,623.6826931126416,20,,True
1153,24,35,45,13.053058497483532,19.237527603041357,13.053058497483532,623.4316020272672,20,,True
1154,24,35,60,4.117388996481895,4.8634209031769124,4.117388996481895,623.3415333554149,20,,True
1155,24,35,75,1.8288455168406168,2.1332458253459676,1.8288455168406168,623.983453027904,20,,True
1156,24,35,90,1.8085451126098633,2.1427407347087515,1.8085451126098633,625.4608337767422,20,,True
1157,24,35,105,1.8346734881401061,2.1771633470822938,1.8346734881401061,623.5397239215672,20,,True
1158,24,35,120,7.6179974064230915,11.19566361134738,7.6179974064230915,625.16004499048,20,,True
1159,24,35,135,9.602279822031656,11.044976899456062,9.602279822031656,624.1887337528169,20,,True
1160,24,35,150,2.6207490881284077,3.9643235399561645,2.6207490881284077,622.6206850260496,20,,True
1161,24,35,165,2.8998408198356627,3.8317300858536076,2.8998408198356627,624.037095811218,20,,True
1162,24,35,180,2.7324207074319324,3.6222717944230483,2.7324207074319324,624.4270750321448,20,,True
1163,24,35,195,6.298182437817256,10.562590286333611,6.298182437817256,632.6449168846011,20,,True
1164,24,35,210,13.703562594453494,18.312082322337364,13.703562594453494,630.9911967255175,20,,True
1165,24,35,225,10.364409695068995,14.010135974860972,10.364409695068995,644.0937779843807,20,,True
1166,24,48,30,25.842893067188562,34.254044861217466,25.842893067188562,624.3514469824731,20,,True
1167,24,48,45,36.20277315378189,50.58417956932124,36.20277315378189,623.746566940099,20,,True
1168,24,48,60,6.201800382137298,7.189170030108747,6.201800382137298,624.6013878844678,20,,True
1169,24,48,75,13.800658305982749,21.020775237576537,13.800658305982749,624.2682379670441,20,,True
1170,24,48,90,3.14335505515337,4.1409699339592025,3.14335505515337,625.9129783138633,20,,True
1171,24,48,105,5.928863094250361,9.171674882114983,5.928863094250361,624.7874489054084,20,,True
1172,24,48,120,18.377259927988053,24.133392620107063,18.377259927988053,623.9227890037,20,,True
1173,24,48,135,17.706289818756826,20.186076270505886,17.706289818756826,624.0220000036061,20,,True
1174,24,48,150,4.4828601757685345,6.699597421299076,4.4828601757685345,625.3156797029078,20,,True
1175,24,48,165,1.6279184023539226,2.2072030892294916,1.6279184023539226,624.6532900258899,20,,True
1176,24,48,180,2.2812953193982444,3.7653102902159667,2.2812953193982444,625.9576110169291,20,,True
1177,24,48,195,10.285523615280788,17.041559290140015,10.285523615280788,623.8858103752136,20,,True
1178,24,48,210,3.598369507988294,5.154252962016204,3.598369507988294,619.7312502190471,20,,True
1179,24,48,225,4.579322438438734,6.77170530060032,4.579322438438734,614.6769598126411,20,,True
1180,24,22,30,6.007618844509125,8.552568162979785,6.007618844509125,623.1342810206115,20,,True
1181,24,22,45,2.0031193564335505,2.268335967071698,2.0031193564335505,624.3845019489527,20,,True
1182,24,22,60,5.62210576236248,6.923499969463414,5.62210576236248,624.8461818322539,20,,True
1183,24,22,75,5.784943886722128,11.648805143977397,5.784943886722128,624.8501930385828,20,,True
1184,24,22,90,8.611574818566442,11.943894150658059,8.611574818566442,623.603253159672,20,,True
1185,24,22,105,2.0883621233205,2.6880364331539797,2.0883621233205,624.5992928743362,20,,True
1186,24,22,120,2.273587425549825,2.598991835184284,2.273587425549825,625.382284168154,20,,True
1187,24,22,135,2.2873382510617377,2.7486650897585863,2.2873382510617377,624.5703939348459,20,,True
1188,24,22,150,1.7749578630396476,2.3975794097034013,1.7749578630396476,625.0473936088383,20,,True
1189,24,22,165,1.8204450546608617,2.242381797221127,1.8204450546608617,621.4066343382001,20,,True
1190,24,22,180,4.21559509858489,10.350825094349053,4.21559509858489,616.3796340115368,20,,True
1191,24,22,195,12.137541728218396,19.45304484186009,12.137541728218396,622.7919547818601,20,,True
1192,24,22,210,2.6409528255462646,2.9877017119486173,2.6409528255462646,618.1051852181554,20,,True
1193,24,22,225,2.883225345611572,4.40371338617862,2.883225345611572,616.095975972712,20,,True
1194,24,55,30,17.70892426520586,25.158083470573608,17.70892426520586,625.6520068272948,20,,True
1195,24,55,45,1.732454745285213,2.2523477048683906,1.732454745285213,625.5084462463856,20,,True
1196,24,55,60,7.432998221553862,15.366852655205257,7.432998221553862,629.9635479226708,20,,True
1197,24,55,75,22.706000066300234,29.403364673342377,22.706000066300234,628.2237968407571,20,,True
1198,24,55,90,13.69394111642614,19.25409708692802,13.69394111642614,625.1052068546414,20,,True
1199,24,55,105,3.3602057448898752,4.619121671136059,3.3602057448898752,624.7696280479431,20,,True
1200,24,55,120,0.9397918224334717,1.2361696844646843,0.9397918224334717,624.7762381099164,20,,True
1201,24,55,135,1.4553672552108765,1.9198198545835716,1.4553672552108765,624.1749688051641,20,,True
1202,24,55,150,1.5881447911262512,3.4383793511431557,1.5881447911262512,624.9916483648121,20,,True
1203,24,55,165,14.63104659318924,24.653723737988827,14.63104659318924,624.9264590442181,20,,True
1204,24,55,180,4.613154411315918,5.921370872391285,4.613154411315918,624.8888890258968,20,,True
1205,24,55,195,8.793421777089437,16.83892166316178,8.793421777089437,623.7099901773036,20,,True
1206,24,55,210,9.358330432573954,14.985274292355694,9.358330432573954,623.4331401064992,20,,True
1207,24,55,225,2.0413976132869722,2.450412672735883,2.0413976132869722,624.9259202741086,20,,True
1208,24,4,30,19.223830996453763,27.299072783684718,19.223830996453763,625.2574599348009,20,,True
1209,24,4,45,18.83645383628706,27.183196623512856,18.83645383628706,624.5362213812768,20,,True
1210,24,4,60,15.946314125259716,19.594953334523773,15.946314125259716,623.9195810630918,20,,True
1211,24,4,75,3.9638121177752814,5.18905345315047,3.9638121177752814,623.867001850158,20,,True
1212,24,4,90,2.6423049211502074,3.244391480883482,2.6423049211502074,623.8950421102345,20,,True
1213,24,4,105,1.2525784651438394,1.7093473953136251,1.2525784651438394,625.5023921839893,20,,True
1214,24,4,120,1.1411645571390787,1.6270936928276798,1.1411645571390787,624.8988029547036,20,,True
1215,24,4,135,1.1067702770233154,1.6202488891162954,1.1067702770233154,625.0553322024643,20,,True
1216,24,4,150,1.3029468854268391,1.9031697058042496,1.3029468854268391,624.4822931475937,20,,True
1217,24,4,165,3.8084118187427523,6.849546134681868,3.8084118187427523,624.4996041059494,20,,True
1218,24,4,180,11.894255205740532,15.689296253961674,11.894255205740532,625.1505929976702,20,,True
1219,24,4,195,3.2256314595540365,4.572044619545581,3.2256314595540365,625.3253137692809,20,,True
1220,24,4,210,4.139559392134348,5.674786946146377,4.139559392134348,626.7085443250835,20,,True
1221,24,4,225,4.227603999773661,5.735200482967671,4.227603999773661,625.6751953624189,20,,True
1222,24,45,30,8.39908002614975,11.342276515175604,8.39908002614975,625.790395308286,20,,True
1223,24,45,45,1.8011075655619304,2.326010047304267,1.8011075655619304,624.5605950243771,20,,True
1224,24,45,60,1.7684465726216634,2.3037202326037125,1.7684465726216634,616.3723939098418,20,,True
1225,24,45,75,1.960104020436605,2.2610659740141807,1.960104020436605,618.5166048817337,20,,True
1226,24,45,90,1.8409127712249755,2.219906973551819,1.8409127712249755,624.3625059723854,20,,True
1227,24,45,105,2.0331144173940023,2.3879278239375887,2.0331144173940023,625.0976272858679,20,,True
1228,24,45,120,16.204938394327957,23.96424966578814,16.204938394327957,623.5234970226884,20,,True
1229,24,45,135,18.07392701568703,27.714749190693368,18.07392701568703,624.9978872947395,20,,True
1230,24,45,150,7.987735392649968,13.854277779778524,7.987735392649968,624.4786279276013,20,,True
1231,24,45,165,20.820668119192124,23.50787019341507,20.820668119192124,626.9573881290853,20,,True
1232,24,45,180,8.12518479426702,16.987186126540596,8.12518479426702,625.244096852839,20,,True
1233,24,45,195,16.99413507580757,29.50331181907663,16.99413507580757,625.222388189286,20,,True
1234,24,45,210,3.5766233841578168,4.64390931940952,3.5766233841578168,625.3208890557289,20,,True
1235,24,45,225,3.7852063894271852,4.835506927268247,3.7852063894271852,624.7304691933095,20,,True
1236,24,60,30,6.257194102307161,10.961148673544196,6.257194102307161,624.5001093484461,20,,True
1237,24,60,45,10.983299435675145,15.943079364972066,10.983299435675145,621.4804891496897,20,,True
1238,24,60,60,5.954099686940511,9.690768680243403,5.954099686940511,615.2820992283523,20,,True
1239,24,60,75,16.86559892470638,26.861765684431404,16.86559892470638,621.1172100156546,20,,True
1240,24,60,90,11.778532232902943,19.75099253724648,11.778532232902943,618.6906797811389,20,,True
1241,24,60,105,2.059544336174925,2.5011167215533603,2.059544336174925,615.7721891067922,20,,True
1242,24,60,120,4.2896505266427996,6.258498159589815,4.2896505266427996,624.6262402273715,20,,True
1243,24,60,135,6.931783030430476,11.640945810910146,6.931783030430476,623.5417323186994,20,,True
1244,24,60,150,6.481700637067358,9.054321401358795,6.481700637067358,624.6516108512878,20,,True
1245,24,60,165,3.221020594239235,4.690212778533758,3.221020594239235,622.8021909482777,20,,True
1246,24,60,180,7.238109851675108,10.777549243580646,7.238109851675108,624.506541993469,20,,True
1247,24,60,195,3.3361787173120927,4.055587315349085,3.3361787173120927,622.9218426160514,20,,True
1248,24,60,210,4.190913511315982,5.474404970052784,4.190913511315982,623.2304517179728,20,,True
1249,24,60,225,4.281486984093984,5.621719853864124,4.281486984093984,623.2968019321561,20,,True
1250,24,26,30,3.839020301774144,7.693625978581592,3.839020301774144,623.0520228855312,20,,True
1251,24,26,45,3.0660942271351814,4.903351371783672,3.0660942271351814,622.3398433066905,20,,True
1252,24,26,60,22.052084710200628,29.50072574548494,22.052084710200628,622.2926331683993,20,,True
1253,24,26,75,21.041179723540942,39.95028519603315,21.041179723540942,621.9386239536107,20,,True
1254,24,26,90,29.201131362219652,45.78836150419592,29.201131362219652,622.5092350505292,20,,True
1255,24,26,105,14.57281599342823,21.507267638307535,14.57281599342823,623.5899939201772,20,,True
1256,24,26,120,13.96999322200815,24.489863138543583,13.96999322200815,622.8415351361036,20,,True
1257,24,26,135,21.834855052580437,38.22492965471555,21.834855052580437,612.7390637993813,20,,True
1258,24,26,150,7.570583070814609,10.194017977167537,7.570583070814609,617.0487939380109,20,,True
1259,24,26,165,11.959464251001675,16.84243737641594,11.959464251001675,621.5693950653076,20,,True
1260,24,26,180,4.9838218801965315,6.440326773655638,4.9838218801965315,622.8443561121821,20,,True
1261,24,26,195,6.353770744428038,9.41482924090908,6.353770744428038,624.2419262416661,20,,True
1262,24,26,210,4.330247861146927,4.911202402961474,4.330247861146927,623.5412168316543,20,,True
1263,24,26,225,9.488234067708254,19.586983879650365,9.488234067708254,623.9825570955873,20,,True
1264,24,21,30,4.276089763641357,7.407732083708282,4.276089763641357,624.2934078909457,20,,True
1265,24,21,45,11.094414607683818,17.57488583714519,11.094414607683818,623.3305484056473,20,,True
1266,24,21,60,2.8960080703099567,4.309251346712192,2.8960080703099567,624.0425677970052,20,,True
1267,24,21,75,2.2041378736495973,2.749396278242033,2.2041378736495973,625.016797799617,20,,True
1268,24,21,90,3.127622143427531,4.727056981070043,3.127622143427531,624.4147890247405,20,,True
1269,24,21,105,3.8356608748435974,5.932508857088301,3.8356608748435974,622.6401389576495,20,,True
1270,24,21,120,4.4479313611984255,7.821149581702508,4.4479313611984255,622.5561192259192,20,,True
1271,24,21,135,2.857233949502309,4.160495706502345,2.857233949502309,616.3111077621579,20,,True
1272,24,21,150,1.3916686574618022,1.8166799431287997,1.3916686574618022,615.0852981954813,20,,True
1273,24,21,165,3.207652948796749,6.652227240276981,3.207652948796749,619.1785796545446,20,,True
1274,24,21,180,11.011393893758456,18.38791205044689,11.011393893758456,614.0573089942336,20,,True
1275,24,21,195,3.741027769772336,4.884498085871864,3.741027769772336,621.0725102573633,20,,True
1276,24,21,210,3.7843366352996477,5.573588483244873,3.7843366352996477,616.205389611423,20,,True
1277,24,21,225,2.7975109476596116,3.8226504581024687,2.7975109476596116,618.4236411936581,20,,True
1278,24,44,30,14.138888604442279,16.445646378234446,14.138888604442279,623.6448809504509,20,,True
1279,24,44,45,19.749421209841966,24.219489527071627,19.749421209841966,624.0280219353735,20,,True
1280,24,44,60,8.374987412740786,8.924871760228243,8.374987412740786,622.78869189322,20,,True
1281,24,44,75,2.4218256960312528,3.087410407915419,2.4218256960312528,622.9514619335532,20,,True
1282,24,44,90,3.495002329349518,4.372631916067922,3.495002329349518,624.0455522201955,20,,True
1283,24,44,105,4.218897999326388,5.834875099317479,4.218897999326388,623.4986218623817,20,,True
1284,24,44,120,3.413573431968689,3.7678748192558746,3.413573431968689,623.6978829838336,20,,True
1285,24,44,135,4.756685545047124,5.756663380466238,4.756685545047124,623.4615030698478,20,,True
1286,24,44,150,4.092909582455953,6.3590472444073,4.092909582455953,625.2363338135183,20,,True
1287,24,44,165,3.626590140660604,4.872736357852867,3.626590140660604,624.1103638894856,20,,True
1288,24,44,180,5.354831008116404,8.755194773865771,5.354831008116404,619.3612441420555,20,,True
1289,24,44,195,4.714370195070902,6.700417766116401,4.714370195070902,614.9505428038538,20,,True
1290,24,44,210,3.670707686742147,5.3207930082685415,3.670707686742147,624.7411849908531,20,,True
1291,24,44,225,4.117179107666016,5.488531748138093,4.117179107666016,624.3324149399996,20,,True
1292,24,23,30,7.715943440298239,11.523225450359417,7.715943440298239,623.9008158445358,20,,True
1293,24,23,45,14.93830553740263,19.03013575275104,14.93830553740263,623.9933357574046,20,,True
1294,24,23,60,7.658747973075758,10.648857344095767,7.658747973075758,624.8871558345854,20,,True
1295,24,23,75,11.81057228570183,16.599910366557467,11.81057228570183,624.6681758202612,20,,True
1296,24,23,90,19.783263525366785,30.14918338939948,19.783263525366785,623.6614771187305,20,,True
1297,24,23,105,30.15221991489331,46.09176675215837,30.15221991489331,625.5036368966103,20,,True
1298,24,23,120,14.483926267921925,18.148778866050133,14.483926267921925,625.1346180215478,20,,True
1299,24,23,135,1.7691153685251872,2.2885940845239223,1.7691153685251872,625.2679973840714,20,,True
1300,24,23,150,2.3530973831812543,3.7934615344270393,2.3530973831812543,624.7851070947945,20,,True
1301,24,23,165,11.41820988804102,19.55041062452833,11.41820988804102,625.3165588714182,20,,True
1302,24,23,180,3.8984817383810877,4.47879883891633,3.8984817383810877,624.6791677549481,20,,True
1303,24,23,195,3.3718290170033773,4.464140364033215,3.3718290170033773,624.0969891659915,20,,True
1304,24,23,210,3.121669429540634,4.2644538485689365,3.121669429540634,626.6520991921425,20,,True
1305,24,23,225,3.052418641249339,4.38090595129922,3.052418641249339,623.8496690057218,20,,True
1306,24,53,30,36.59593617022038,48.37679041940892,36.59593617022038,624.6937098912895,20,,True
1307,24,53,45,21.356011566519737,33.53899625334013,21.356011566519737,624.4907700456679,20,,True
1308,24,53,60,52.20462182151775,82.96891811305048,52.20462182151775,624.4224701076746,20,,True
1309,24,53,75,16.039987163121502,22.26906444664241,16.039987163121502,625.0272206962109,20,,True
1310,24,53,90,8.636672430237134,11.842167590785595,8.636672430237134,624.0270300768316,20,,True
1311,24,53,105,12.544176614284515,19.287907917764755,12.544176614284515,623.6996706575155,20,,True
1312,24,53,120,10.295385110378266,20.15918722378234,10.295385110378266,623.6203708685935,20,,True
1313,24,53,135,27.33504283328851,44.43491506362975,27.33504283328851,624.6618619188666,20,,True
1314,24,53,150,12.505336340268453,16.57109766637959,12.505336340268453,625.0283210538328,20,,True
1315,24,53,165,12.699409091472626,21.77493992474633,12.699409091472626,624.3996117264032,20,,True
1316,24,53,180,17.109282622734707,23.22789773585808,17.109282622734707,624.7178218327463,20,,True
1317,24,53,195,5.396537288029989,7.196093719545591,5.396537288029989,625.1203431747854,20,,True
1318,24,53,210,2.8470164934794107,4.3680258841332105,2.8470164934794107,625.2232030965388,20,,True
1319,24,53,225,3.5788975238800047,5.670336364032684,3.5788975238800047,625.1761526800692,20,,True
1320,24,84,30,22.033886579672494,32.497930648383395,22.033886579672494,624.1484228521585,20,,True
1321,24,84,45,7.650488213698069,9.77407256308479,7.650488213698069,624.8363028280437,20,,True
1322,24,84,60,21.0472594499588,24.62409908012229,21.0472594499588,626.8399148248136,20,,True
1323,24,84,75,9.130865959326426,11.034688648677868,9.130865959326426,625.5226042121649,20,,True
1324,24,84,90,6.786222189664841,11.034058093927888,6.786222189664841,625.6404551677406,20,,True
1325,24,84,105,9.673083025217057,15.015511145987174,9.673083025217057,624.0562750026584,20,,True
1326,24,84,120,9.035762198766072,10.857489329169717,9.035762198766072,624.9646749347448,20,,True
1327,24,84,135,12.008932371934256,21.149873237844382,12.008932371934256,624.7895150445402,20,,True
1328,24,84,150,12.617498604456584,17.10177692007624,12.617498604456584,625.0188262201846,20,,True
1329,24,84,165,5.247611252466838,6.158908532574024,5.247611252466838,624.6354160830379,20,,True
1330,24,84,180,5.007011556625367,6.127316861100131,5.007011556625367,625.0808658078313,20,,True
1331,24,84,195,12.460438175002734,22.026002362323357,12.460438175002734,624.5522168464959,20,,True
1332,24,84,210,22.272355274359384,28.300952436364028,22.272355274359384,624.8201467096806,20,,True
1333,24,84,225,6.714400001366934,9.230896280340929,6.714400001366934,623.690596781671,20,,True
1334,24,59,30,17.28725291683028,23.531412986103728,17.28725291683028,616.1323650740087,20,,True
1335,24,59,45,17.952373801420134,23.06520207568454,17.952373801420134,620.642967056483,20,,True
1336,24,59,60,10.44911661297083,12.029265181103936,10.44911661297083,619.3484170362353,20,,True
1337,24,59,75,5.647882587090135,10.703557032622276,5.647882587090135,616.0919358953834,20,,True
1338,24,59,90,1.5781736582517625,2.7689936245139064,1.5781736582517625,624.1931989789009,20,,True
1339,24,59,105,9.26761322816213,13.152691499381712,9.26761322816213,618.793168105185,20,,True
1340,24,59,120,5.7390536626180015,8.795659473251742,5.7390536626180015,614.9779772385955,20,,True
1341,24,59,135,3.309294613202413,5.721214204102252,3.309294613202413,622.3684684373438,20,,True
1342,24,59,150,3.4654301603635154,4.504602321476827,3.4654301603635154,623.8967091776431,20,,True
1343,24,59,165,2.8537363619854053,4.595588624257635,2.8537363619854053,623.4548790380359,20,,True
1344,24,59,180,7.136735238259037,11.842865054931355,7.136735238259037,623.775880318135,20,,True
1345,24,59,195,5.564790900230097,7.730213253794069,5.564790900230097,623.3371398411691,20,,True
1346,24,59,210,4.675814038227933,5.410603321907852,4.675814038227933,624.1485010832548,20,,True
1347,24,59,225,4.043928466240565,5.354319649228819,4.043928466240565,623.362350743264,20,,True
1348,24,49,30,37.495643095175424,62.94297056684995,37.495643095175424,623.5158708877861,20,,True
1349,24,49,45,10.775852874914806,15.012161147959382,10.775852874914806,622.5218810141087,20,,True
1350,24,49,60,21.704774871468544,34.33269495091019,21.704774871468544,622.9539010673761,20,,True
1351,24,49,75,14.067511620124181,18.502150484792352,14.067511620124181,623.495171777904,20,,True
1352,24,49,90,18.346370348582663,23.808768375024343,18.346370348582663,623.6609523184597,20,,True
1353,24,49,105,6.85854994058609,10.646044480093218,6.85854994058609,623.3772821724415,20,,True
1354,24,49,120,4.778668220837911,7.481014137916995,4.778668220837911,623.9381819032133,20,,True
1355,24,49,135,3.38402863740921,4.451892376030722,3.38402863740921,623.1106920167804,20,,True
1356,24,49,150,5.714602144559224,6.772094110604802,5.714602144559224,615.4067222960293,20,,True
1357,24,49,165,4.562556423743566,7.369181066462198,4.562556423743566,620.5239617265761,20,,True
1358,24,49,180,14.652935866514841,21.71058091309482,14.652935866514841,624.064443167299,20,,True
1359,24,49,195,6.285768833756447,10.031548352992628,6.285768833756447,624.664113856852,20,,True
1360,24,49,210,7.022244984904925,9.221350525168212,7.022244984904925,623.6325637437403,20,,True
1361,24,49,225,8.597929495573045,11.917394370003999,8.597929495573045,623.0814140290022,20,,True
1362,24,7,30,30.213979840278625,33.334996685150266,30.213979840278625,623.355554882437,20,,True
1363,24,7,45,12.331126987934113,16.562525388811018,12.331126987934113,623.675734270364,20,,True
1364,24,7,60,19.093068662285805,31.62457296323384,19.093068662285805,624.1446738131344,20,,True
1365,24,7,75,25.23118864794572,37.44472422683983,25.23118864794572,623.3231560327113,20,,True
1366,24,7,90,32.29929916659991,42.40646321253113,32.29929916659991,624.3328051641583,20,,True
1367,24,7,105,28.017249131202696,37.07947453323216,28.017249131202696,623.0478351935744,20,,True
1368,24,7,120,19.532483170429867,27.01314402905852,19.532483170429867,624.1227858699858,20,,True
1369,24,7,135,5.048840816815694,7.3246225691848,5.048840816815694,623.3231951482594,20,,True
1370,24,7,150,10.608785963058471,13.260051210938405,10.608785963058471,621.9672258011997,20,,True
1371,24,7,165,13.815209972610075,16.745612405029718,13.815209972610075,614.6018351428211,20,,True
1372,24,7,180,5.01742383390665,6.695173428863951,5.01742383390665,619.1619262099266,20,,True
1373,24,7,195,6.6529636515304444,9.420015629888946,6.6529636515304444,623.6033267341554,20,,True
1374,24,7,210,8.134519934095442,10.381064208440945,8.134519934095442,624.2513582110405,20,,True
1375,24,7,225,7.237851560488343,8.98352788948184,7.237851560488343,623.5511382110417,20,,True
1376,24,47,30,22.410068783598643,39.7401234003301,22.410068783598643,624.2501982487738,20,,True
1377,24,47,45,48.87878513131291,73.76120655914103,48.87878513131291,624.7585481032729,20,,True
1378,24,47,60,50.793124435345334,85.11404661913294,50.793124435345334,623.647078871727,20,,True
1379,24,47,75,13.752897830804189,29.359560053169684,13.752897830804189,623.4978591091931,20,,True
1380,24,47,90,22.56792661945025,32.61943775404984,22.56792661945025,624.0983190946281,20,,True
1381,24,47,105,2.343425408999125,2.7840323457442566,2.343425408999125,623.9111800678074,20,,True
1382,24,47,120,5.0781848276654875,6.9272528907874165,5.0781848276654875,615.257928147912,20,,True
1383,24,47,135,7.2350773895780245,8.449207557146007,7.2350773895780245,617.9984286427498,20,,True
1384,24,47,150,10.084054988622665,17.702894151514027,10.084054988622665,620.5826499499381,20,,True
1385,24,47,165,14.86619200805823,20.88356313776265,14.86619200805823,615.0380377657712,20,,True
1386,24,47,180,7.748723392685254,9.319793917554021,7.748723392685254,622.083880007267,20,,True
1387,24,47,195,3.7577335357666017,4.722354750738169,3.7577335357666017,623.9132508635521,20,,True
1388,24,47,210,6.230459593733152,7.262280628312342,6.230459593733152,624.0487010218203,20,,True
1389,24,47,225,2.3675988872845966,3.6242201829670013,2.3675988872845966,624.4350606575608,20,,True
1390,24,30,30,5.736670626699924,7.994270375944298,5.736670626699924,624.5749108493328,20,,True
1391,24,30,45,3.395106422000875,4.377813360171773,3.395106422000875,624.7788211330771,20,,True
1392,24,30,60,4.682184132561088,6.353732905197969,4.682184132561088,623.2682522386312,20,,True
1393,24,30,75,2.924109399567048,3.2858056668757385,2.924109399567048,624.6036719530821,20,,True
1394,24,30,90,1.8430039184788862,2.482422458860048,1.8430039184788862,634.3428841792047,20,,True
1395,24,30,105,2.5754108587900797,3.657211107563822,2.5754108587900797,622.3134621977806,20,,True
1396,24,30,120,2.1261463140447936,2.6555592184705765,2.1261463140447936,615.9630911424756,20,,True
1397,24,30,135,2.706078357497851,4.387670344134468,2.706078357497851,621.5959643013775,20,,True
1398,24,30,150,5.802324233452479,8.908492892136204,5.802324233452479,624.8832941055298,20,,True
1399,24,30,165,4.481367800633112,7.415729346530319,4.481367800633112,624.6763248927891,20,,True
1400,24,30,180,10.989016545812289,15.764957735586096,10.989016545812289,625.6598848849535,20,,True
1401,24,30,195,4.177367107073466,5.840876484931342,4.177367107073466,624.5618453249335,20,,True
1402,24,30,210,2.8274810115496316,3.6526841814678446,2.8274810115496316,624.1428540088236,20,,True
1403,24,30,225,5.85793869420886,7.759391050208841,5.85793869420886,624.5163548737764,20,,True
1404,25,83,30,26.73398203526934,51.05406757479276,26.73398203526934,624.6878551319242,20,,True
1405,25,83,45,27.50682794948419,54.81984580930137,27.50682794948419,624.8987056314945,20,,True
1406,25,83,60,21.33288073639075,36.49902217979997,21.33288073639075,624.5066351257265,20,,True
1407,25,83,75,15.281980679432552,24.557595972810788,15.281980679432552,625.1302962191403,20,,True
1408,25,83,90,24.75659973124663,42.97415043458385,24.75659973124663,625.1409761607647,20,,True
1409,25,83,105,33.38623688866695,56.88851349803161,33.38623688866695,624.6546269394457,20,,True
1410,25,83,120,25.327474825829267,44.23278434798982,25.327474825829267,624.7271369211376,20,,True
1411,25,83,135,42.67499627371629,66.0900613510745,42.67499627371629,625.153767876327,20,,True
1412,25,83,150,11.76277976334095,19.90194056311356,11.76277976334095,625.0596269965172,20,,True
1413,25,83,165,28.415685554842153,47.256971065262285,28.415685554842153,624.9160780571401,20,,True
1414,25,83,180,34.775136450429756,62.3019063922439,34.775136450429756,625.9923381730914,20,,True
1415,25,83,195,32.36268397470315,55.17336028621003,32.36268397470315,624.6726680546999,20,,True
1416,25,83,210,11.19360858798027,16.785878795270207,11.19360858798027,625.022838357836,20,,True
1417,25,83,225,14.964742548018695,22.815417499944843,14.964742548018695,625.063088722527,20,,True
1418,25,15,30,11.691803991794586,17.202922650459037,11.691803991794586,625.0083590857685,20,,True
1419,25,15,45,12.37352909843127,15.115127186434174,12.37352909843127,624.3925988674164,20,,True
1420,25,15,60,20.843493074178696,31.355591406974806,20.843493074178696,624.9276893213391,20,,True
1421,25,15,75,11.530747250816784,16.4869089553613,11.530747250816784,624.8466498218477,20,,True
1422,25,15,90,10.71758560265104,15.685491355360082,10.71758560265104,624.603119213134,20,,True
1423,25,15,105,16.592174486319223,27.56107681938192,16.592174486319223,624.8961589299142,20,,True
1424,25,15,120,9.35779910882314,12.90459251379282,9.35779910882314,625.0669900327921,20,,True
1425,25,15,135,3.3307515184084573,3.777529212162654,3.3307515184084573,625.0962703488767,20,,True
1426,25,15,150,5.390989793340365,8.032674364579744,5.390989793340365,624.7892398387194,20,,True
1427,25,15,165,4.710992268907527,6.459230882239886,4.710992268907527,624.504170846194,20,,True
1428,25,15,180,4.857920513488352,5.70304711694127,4.857920513488352,625.6350819021463,20,,True
1429,25,15,195,4.5303252145648,10.823455946930556,4.5303252145648,625.8019614033401,20,,True
1430,25,15,210,30.66245706528425,47.14488343905504,30.66245706528425,615.9793487749994,20,,True
1431,25,15,225,12.040610417475303,19.07605745085515,12.040610417475303,618.8702709041536,20,,True
1432,25,3,30,11.07153986096382,16.128775475466533,11.07153986096382,621.8564719893038,20,,True
1433,25,3,45,28.744050904115042,48.37824651304028,28.744050904115042,616.0805802792311,20,,True
1434,25,3,60,43.34866346435932,65.67272801833877,43.34866346435932,624.2664521560073,20,,True
1435,25,3,75,21.064375831854218,35.44936798747402,21.064375831854218,624.0901229903102,20,,True
1436,25,3,90,20.166686421384416,36.03029049440025,20.166686421384416,624.9232031404972,20,,True
1437,25,3,105,15.903197441995143,21.686762425658877,15.903197441995143,625.1755929552019,20,,True
1438,25,3,120,22.492851233979067,26.418581002041876,22.492851233979067,618.9060220494866,20,,True
1439,25,3,135,10.750797574718794,16.04240191131699,10.750797574718794,614.7816223092377,20,,True
1440,25,3,150,10.480736374855042,15.406959966264308,10.480736374855042,624.514123890549,20,,True
1441,25,3,165,18.799812364081543,41.32425536382383,18.799812364081543,624.3744241073728,20,,True
1442,25,3,180,16.223477336764336,25.8266604522975,16.223477336764336,622.7755742147565,20,,True
1443,25,3,195,45.60236867119868,76.11860153138072,45.60236867119868,622.7986342273653,20,,True
1444,25,3,210,16.460781176884968,25.69576888947306,16.460781176884968,624.8416351154447,20,,True
1445,25,3,225,16.903813004493713,26.01089036594296,16.903813004493713,623.9370848052204,20,,True
1446,25,35,30,7.492319264014562,14.361633594830018,7.492319264014562,623.6225548200309,20,,True
1447,25,35,45,42.24669250175357,60.91118161752889,42.24669250175357,623.354815877974,20,,True
1448,25,35,60,6.115788981070121,7.665382102800838,6.115788981070121,624.1134060546756,20,,True
1449,25,35,75,15.10504217147827,24.478652145122737,15.10504217147827,623.4486461617053,20,,True
1450,25,35,90,21.07745399326086,42.28918397751774,21.07745399326086,624.6662056073546,20,,True
1451,25,35,105,26.089245723498365,47.40865147225547,26.089245723498365,624.1022869944572,20,,True
1452,25,35,120,23.925744211611647,36.99985482535322,23.925744211611647,624.0038657560945,20,,True
1453,25,35,135,18.815988258582852,30.363122544122152,18.815988258582852,624.4048071093857,20,,True
1454,25,35,150,49.005998173356055,65.39845832003047,49.005998173356055,624.5514270849526,20,,True
1455,25,35,165,15.322474726537864,20.771628705549098,15.322474726537864,623.8307869061828,20,,True
1456,25,35,180,2.5154767875870068,3.8226208773102757,2.5154767875870068,624.4831280782819,20,,True
1457,25,35,195,2.9834097191691398,4.376732555753988,2.9834097191691398,624.1459781304002,20,,True
1458,25,35,210,3.928112594286601,7.423656128044184,3.928112594286601,624.7157379984856,20,,True
1459,25,35,225,7.495424443483353,10.513206930498788,7.495424443483353,624.586699064821,20,,True
1460,25,48,30,19.605027824640274,28.16819599504943,19.605027824640274,624.2792787961662,20,,True
1461,25,48,45,20.416178917884828,28.562243852741492,20.416178917884828,624.0258989855647,20,,True
1462,25,48,60,26.303563187333445,41.536855440375895,26.303563187333445,625.8735689334571,20,,True
1463,25,48,75,29.20858267030368,45.48900205404695,29.20858267030368,618.9321777783334,20,,True
1464,25,48,90,29.537843798597653,39.44419946622051,29.537843798597653,615.5384881421924,20,,True
1465,25,48,105,4.465067241589228,5.653191444628309,4.465067241589228,623.6370299011469,20,,True
1466,25,48,120,5.944554557402928,7.6404944808322455,5.944554557402928,625.6401198916137,20,,True
1467,25,48,135,5.67227099041144,8.658679476996774,5.67227099041144,614.5424889400601,20,,True
1468,25,48,150,5.741262758771579,6.781018161535715,5.741262758771579,617.4283376894891,20,,True
1469,25,48,165,4.636290232487954,7.916316735042014,4.636290232487954,625.3289501182735,20,,True
1470,25,48,180,4.212412965398593,6.167062084509202,4.212412965398593,624.6608812361956,20,,True
1471,25,48,195,6.767923503369093,9.944659052114199,6.767923503369093,624.4546310044825,20,,True
1472,25,48,210,28.03007925944403,45.78679429271953,28.03007925944403,624.1839611902833,20,,True
1473,25,48,225,20.394807378862364,29.258884223166,20.394807378862364,624.8592222109437,20,,True
1474,25,22,30,3.8418878987431526,4.911673973302774,3.8418878987431526,624.5377822779119,20,,True
1475,25,22,45,3.735776748508215,4.951884862705968,3.735776748508215,623.9260719157755,20,,True
1476,25,22,60,2.711154690757394,3.267471534262911,2.711154690757394,624.7209520079195,20,,True
1477,25,22,75,6.737624507645766,14.783348941478465,6.737624507645766,625.1714723184705,20,,True
1478,25,22,90,18.874073229233424,34.92276310209669,18.874073229233424,617.9685019887984,20,,True
1479,25,22,105,12.215105768168966,17.785844598299192,12.215105768168966,617.5334709696472,20,,True
1480,25,22,120,6.331433053811391,8.31047841759647,6.331433053811391,623.2823827303946,20,,True
1481,25,22,135,5.955574079354604,8.470579323845879,5.955574079354604,615.5016124248505,20,,True
1482,25,22,150,4.579136770963669,5.261585985343338,4.579136770963669,622.2415626980364,20,,True
1483,25,22,165,4.586671329724292,8.399381435012597,4.586671329724292,625.6330939941108,20,,True
1484,25,22,180,16.53798202443868,29.06063560078071,16.53798202443868,625.3952239640057,20,,True
1485,25,22,195,14.207523797266186,25.267835746274955,14.207523797266186,625.1645339652896,20,,True
1486,25,22,210,14.504913409550985,24.340684467549305,14.504913409550985,625.6868438795209,20,,True
1487,25,22,225,15.154334313670795,23.90594913751475,15.154334313670795,626.3250247575343,20,,True
1488,25,55,30,3.947601842880249,5.032269784453972,3.947601842880249,623.806735035032,20,,True
1489,25,55,45,13.069857687254746,21.41008974995391,13.069857687254746,624.8723161406815,20,,True
1490,25,55,60,10.5949678003788,15.269017901367304,10.5949678003788,625.4295348189771,20,,True
1491,25,55,75,11.891734925905864,22.24614017202387,11.891734925905864,625.0536949373782,20,,True
1492,25,55,90,27.51699069341024,36.61233031162136,27.51699069341024,625.5011069588363,20,,True
1493,25,55,105,12.872232373555502,22.90480266220857,12.872232373555502,625.5111061036587,20,,True
1494,25,55,120,9.86590404510498,12.247068927157683,9.86590404510498,625.2965568564832,20,,True
1495,25,55,135,4.209310038884481,5.06228131469897,4.209310038884481,625.2408558502793,20,,True
1496,25,55,150,4.488546403249105,5.538889686296614,4.488546403249105,624.9608560465276,20,,True
1497,25,55,165,13.225856872399648,28.318934371723838,13.225856872399648,625.1267567276955,20,,True
1498,25,55,180,14.853715047736962,23.706401329532138,14.853715047736962,625.0747567974031,20,,True
1499,25,55,195,29.78101295630137,47.99609726772601,29.78101295630137,625.0814283266664,20,,True
1500,25,55,210,17.238950832684836,32.9383159074651,17.238950832684836,625.4680380225182,20,,True
1501,25,55,225,15.550143934289615,24.135741892859965,15.550143934289615,625.3453376702964,20,,True
1502,25,4,30,6.9256490955750145,9.789180438693611,6.9256490955750145,625.3666081465781,20,,True
1503,25,4,45,5.8295876881728566,8.939798931516352,5.8295876881728566,625.2292389981449,20,,True
1504,25,4,60,3.4683261354764303,4.791325860283554,3.4683261354764303,619.3846566602588,20,,True
1505,25,4,75,2.3420444816350936,2.981492434775754,2.3420444816350936,617.2116859816015,20,,True
1506,25,4,90,12.032618825758497,18.50788113093892,12.032618825758497,624.0051588974893,20,,True
1507,25,4,105,28.274807000160216,43.6398593960643,28.274807000160216,624.4953786954284,20,,True
1508,25,4,120,14.485278743505479,21.999070877617886,14.485278743505479,624.648149125278,20,,True
1509,25,4,135,19.1574009736379,29.46620338855749,19.1574009736379,624.8411796987057,20,,True
1510,25,4,150,10.610105621814728,16.518472386808053,10.610105621814728,624.4122199714184,20,,True
1511,25,4,165,15.641968027750652,23.63154923928338,15.641968027750652,623.4544599428773,20,,True
1512,25,4,180,18.266149799029034,28.989920547721304,18.266149799029034,625.2994509413838,20,,True
1513,25,4,195,20.278694139420985,33.904280476982194,20.278694139420985,623.2790797948837,20,,True
1514,25,4,210,14.426578612749775,23.179653958499042,14.426578612749775,616.0252089612186,20,,True
1515,25,4,225,17.94539057612419,27.65422948098709,17.94539057612419,620.8120896480978,20,,True
1516,25,45,30,3.524266775449117,4.5253102070232565,3.524266775449117,625.0994009897113,20,,True
1517,25,45,45,3.3478628158569337,4.4936812062772935,3.3478628158569337,629.2516929097474,20,,True
1518,25,45,60,3.0916449785232545,4.148954462672303,3.0916449785232545,625.419091898948,20,,True
1519,25,45,75,4.3145960410435995,9.45607663099716,4.3145960410435995,621.2774110026658,20,,True
1520,25,45,90,32.4925697406133,56.28203818547154,32.4925697406133,615.3911598958075,20,,True
1521,25,45,105,20.639589026508233,28.91472878860122,20.639589026508233,623.6962820403278,20,,True
1522,25,45,120,7.071608756513645,10.4933997764346,7.071608756513645,626.0598632507026,20,,True
1523,25,45,135,6.913980362967899,9.707009309529731,6.913980362967899,624.7111232951283,20,,True
1524,25,45,150,25.011262637376785,50.61437762025948,25.011262637376785,624.9552727676928,20,,True
1525,25,45,165,22.832343816260497,33.82842300381349,22.832343816260497,616.2680713459849,20,,True
1526,25,45,180,16.8375417565306,26.136783509186433,16.8375417565306,621.8859432265162,20,,True
1527,25,45,195,26.47018056313197,39.170683456421905,26.47018056313197,624.8595342040062,20,,True
1528,25,45,210,18.797657346725465,24.335863980386257,18.797657346725465,623.2235240750015,20,,True
1529,25,45,225,13.659011014302571,19.084523687367845,13.659011014302571,615.895461756736,20,,True
1530,25,60,30,22.690031028042238,39.89334543286555,22.690031028042238,621.8089638277888,20,,True
1531,25,60,45,15.051237422972918,21.592478712675327,15.051237422972918,625.112394336611,20,,True
1532,25,60,60,40.90742198452354,66.82385928919395,40.90742198452354,625.2649538218975,20,,True
1533,25,60,75,8.168856207529704,9.86343789222414,8.168856207529704,624.5056847110391,20,,True
1534,25,60,90,9.267749511202176,16.111157100503863,9.267749511202176,626.1936551891267,20,,True
1535,25,60,105,5.452110122640928,7.69798116012749,5.452110122640928,624.9584453180432,20,,True
1536,25,60,120,3.437845637028416,4.273171480912568,3.437845637028416,625.6300657987595,20,,True
1537,25,60,135,17.26563692142566,29.337068294290635,17.26563692142566,625.5894848145545,20,,True
1538,25,60,150,11.333224074045818,15.854302860787005,11.333224074045818,619.1017739474773,20,,True
1539,25,60,165,5.822002283732096,8.580576661830037,5.822002283732096,616.1930738016963,20,,True
1540,25,60,180,10.845592081546783,18.22960730860281,10.845592081546783,624.9358071945608,20,,True
1541,25,60,195,9.719384086132049,21.37912829499889,9.719384086132049,624.3218262679875,20,,True
1542,25,60,210,28.925590737660727,40.42871814651553,28.925590737660727,625.3216257318854,20,,True
1543,25,60,225,18.500037892659506,27.8181902906631,18.500037892659506,623.9311471581459,20,,True
1544,25,26,30,16.857208277781805,23.0543746254221,16.857208277781805,624.7882167808712,20,,True
1545,25,26,45,8.81057581404845,11.997488699936385,8.81057581404845,624.3582679890096,20,,True
1546,25,26,60,6.000804757078488,7.24815773472111,6.000804757078488,624.1055270656943,20,,True
1547,25,26,75,10.895852922151485,20.47127716193397,10.895852922151485,624.4673081673682,20,,True
1548,25,26,90,13.26053634424073,21.533693001128416,13.26053634424073,625.5503380671144,20,,True
1549,25,26,105,4.955201061582192,5.819148419896278,4.955201061582192,623.8271482288837,20,,True
1550,25,26,120,5.145436930656433,8.73837345506146,5.145436930656433,624.3391493335366,20,,True
1551,25,26,135,17.21530509442091,29.041815018898667,17.21530509442091,624.2190380580723,20,,True
1552,25,26,150,24.205917463699976,34.020287165811816,24.205917463699976,624.1206689737737,20,,True
1553,25,26,165,23.256086158752442,35.104304690489954,23.256086158752442,623.2774187810719,20,,True
1554,25,26,180,34.47523159558575,53.96949764163557,34.47523159558575,629.7246399335563,20,,True
1555,25,26,195,21.37782032933707,34.41192341431458,21.37782032933707,626.5126704238355,20,,True
1556,25,26,210,12.230392577250798,17.633816204304008,12.230392577250798,626.182499807328,20,,True
1557,25,26,225,15.480267319455743,22.783995204838,15.480267319455743,631.8459520116448,20,,True
1558,25,21,30,4.147130183378855,4.692879093235478,4.147130183378855,624.896390363574,20,,True
1559,25,21,45,3.5431360602378845,4.182021511707,3.5431360602378845,624.38776018098,20,,True
1560,25,21,60,3.799173601468404,4.552465573937382,3.799173601468404,625.7147011347115,20,,True
1561,25,21,75,3.5213141163190205,4.268863621792034,3.5213141163190205,624.0065209567547,20,,True
1562,25,21,90,3.522263244787852,4.290160665557982,3.522263244787852,617.2578791156411,20,,True
1563,25,21,105,3.5625547329584757,4.365462639085967,3.5625547329584757,616.6860591620207,20,,True
1564,25,21,120,3.578603462378184,4.383639330073536,3.578603462378184,624.0965910255909,20,,True
1565,25,21,135,3.5648131370544434,4.352270363787018,3.5648131370544434,623.8290197215974,20,,True
1566,25,21,150,3.592997451623281,4.355969881296962,3.592997451623281,623.8725613802671,20,,True
1567,25,21,165,3.295168242851893,3.998063614328658,3.295168242851893,623.527062125504,20,,True
1568,25,21,180,26.283221470098944,51.954652011598206,26.283221470098944,624.1835621185601,20,,True
1569,25,21,195,5.467608210040877,10.281464142316315,5.467608210040877,624.2447821423411,20,,True
1570,25,21,210,5.823658222953479,7.958367597295579,5.823658222953479,624.9408628791571,20,,True
1571,25,21,225,18.392870146532854,39.16835448552061,18.392870146532854,624.1247523576021,20,,True
1572,25,44,30,2.7999245554208754,3.8841374052169395,2.7999245554208754,624.3958720006049,20,,True
1573,25,44,45,9.38049847384294,12.31134934124094,9.38049847384294,623.7819632515311,20,,True
1574,25,44,60,9.310393662129838,17.643478360338154,9.310393662129838,616.691910661757,20,,True
1575,25,44,75,10.69828082198898,19.766447004810914,10.69828082198898,615.834450814873,20,,True
1576,25,44,90,9.871099941975748,15.216019597114983,9.871099941975748,622.6132330484688,20,,True
1577,25,44,105,4.136591293569654,4.923308807462916,4.136591293569654,615.6238610856235,20,,True
1578,25,44,120,4.470168567697207,6.729475407131869,4.470168567697207,622.6402041502297,20,,True
1579,25,44,135,4.943712721765041,5.907832228057361,4.943712721765041,625.9446549229324,20,,True
1580,25,44,150,5.038539953033129,6.292033665945674,5.038539953033129,625.495555344969,20,,True
1581,25,44,165,5.026658631116152,6.047612047222519,5.026658631116152,625.4501449875534,20,,True
1582,25,44,180,5.665772503614425,7.9875521824369216,5.665772503614425,624.4491450488567,20,,True
1583,25,44,195,8.166959158082802,15.734440002093109,8.166959158082802,624.9142149463296,20,,True
1584,25,44,210,18.55528497695923,30.77264609327724,18.55528497695923,623.2377849519253,20,,True
1585,25,44,225,11.276589099317789,13.264840056219922,11.276589099317789,624.479275662452,20,,True
1586,25,23,30,5.002342204252879,7.211336913105556,5.002342204252879,625.0890260562301,20,,True
1587,25,23,45,19.124650077025095,34.93563599411129,19.124650077025095,624.3036347441375,20,,True
1588,25,23,60,15.93204678396384,22.179436221722742,15.93204678396384,624.7140960767865,20,,True
1589,25,23,75,22.596307806670666,44.663165607129955,22.596307806670666,624.574325978756,20,,True
1590,25,23,90,28.656366415321827,50.391901816117425,28.656366415321827,621.7480860650539,20,,True
1591,25,23,105,21.341522969305515,37.186083569478505,21.341522969305515,616.1129153333604,20,,True
1592,25,23,120,20.169980241854987,27.318922239117455,20.169980241854987,619.8415048420429,20,,True
1593,25,23,135,3.3925889293352762,4.614499425157887,3.3925889293352762,625.6591570563614,20,,True
1594,25,23,150,15.22991497516632,19.728960489742555,15.22991497516632,624.8491071164608,20,,True
1595,25,23,165,7.696794369195898,9.026247121137375,7.696794369195898,624.3017772212625,20,,True
1596,25,23,180,3.883684135352572,4.550396889282036,3.883684135352572,624.9911580234766,20,,True
1597,25,23,195,8.406140697499117,12.233722829854624,8.406140697499117,627.71359924227,20,,True
1598,25,23,210,7.230430870627363,12.92236985084043,7.230430870627363,624.7083283960819,20,,True
1599,25,23,225,39.96475631128997,70.03376628276656,39.96475631128997,625.5601681768894,20,,True
1600,25,53,30,24.01125331275786,38.492597101024394,24.01125331275786,625.7646079175174,20,,True
1601,25,53,45,50.42159684350093,74.97595002213866,50.42159684350093,625.2262690104544,20,,True
1602,25,53,60,17.014588792373736,26.01659823661817,17.014588792373736,624.6882788836956,20,,True
1603,25,53,75,27.321725914130607,38.68423777492528,27.321725914130607,625.0536292791367,20,,True
1604,25,53,90,19.459812943140665,30.56470097544334,19.459812943140665,624.4896589778364,20,,True
1605,25,53,105,27.072744083901245,43.8125209399159,27.072744083901245,625.0001192092896,20,,True
1606,25,53,120,15.226149709771077,24.388721224985577,15.226149709771077,625.14562997967,20,,True
1607,25,53,135,11.109792023152114,13.466761214772214,11.109792023152114,624.9798000790179,20,,True
1608,25,53,150,6.1526550134023035,8.671261535278411,6.1526550134023035,624.3862402625382,20,,True
1609,25,53,165,9.937971857686838,12.45217943099199,9.937971857686838,625.0894302502275,20,,True
1610,25,53,180,4.130395299196243,5.47091968082145,4.130395299196243,625.6983410567045,20,,True
1611,25,53,195,8.707609989043947,14.332857624103312,8.707609989043947,625.6460207514465,20,,True
1612,25,53,210,6.533685130804467,9.992133482790727,6.533685130804467,625.3845510073006,20,,True
1613,25,53,225,5.3084308298615115,8.572123060626474,5.3084308298615115,624.356240965426,20,,True
1614,25,84,30,5.166563288370768,5.656168521804074,5.166563288370768,625.9060809388757,20,,True
1615,25,84,45,18.87662550310294,34.36496940613221,18.87662550310294,624.8739412985742,20,,True
1616,25,84,60,41.084227967262265,59.851968169563484,41.084227967262265,625.3908821381629,20,,True
1617,25,84,75,16.37918740908305,25.140987442880924,16.37918740908305,625.0756122171879,20,,True
1618,25,84,90,18.99148334364096,32.34128787901083,18.99148334364096,627.4848617613316,20,,True
1619,25,84,105,43.821239134669305,64.69242724011491,43.821239134669305,625.1277709379792,20,,True
1620,25,84,120,5.274250332514445,5.926244773752014,5.274250332514445,625.2908320166171,20,,True
1621,25,84,135,5.608978350957234,6.213567088271922,5.608978350957234,625.0932733528316,20,,True
1622,25,84,150,5.486511643727621,6.112429387023055,5.486511643727621,618.1575409136713,20,,True
1623,25,84,165,13.650263450543086,27.362468997753982,13.650263450543086,617.126950994134,20,,True
1624,25,84,180,36.126678019265334,50.028021933533566,36.126678019265334,623.7940629944205,20,,True
1625,25,84,195,17.532616202781597,24.90886206477582,17.532616202781597,616.2545513361692,20,,True
1626,25,84,210,38.422864579409364,56.97793959099453,38.422864579409364,617.7948024123907,20,,True
1627,25,84,225,7.865506855646769,8.182678479122988,7.865506855646769,615.8242612145841,20,,True
1628,25,59,30,6.953995349009832,14.9340244321128,6.953995349009832,623.924134299159,20,,True
1629,25,59,45,37.852675706675896,60.775551523420326,37.852675706675896,625.9851041249931,20,,True
1630,25,59,60,10.621983376642069,19.796213755587818,10.621983376642069,625.6623342633247,20,,True
1631,25,59,75,21.437099704643092,36.442933579589976,21.437099704643092,625.692734029144,20,,True
1632,25,59,90,20.029331367462873,31.694000134321122,20.029331367462873,626.9669253379107,20,,True
1633,25,59,105,8.883845111106833,16.51815289278888,8.883845111106833,628.1676446087658,20,,True
1634,25,59,120,24.304905575304293,41.86003236998738,24.304905575304293,625.1524849794805,20,,True
1635,25,59,135,5.025964398185412,5.706973735194841,5.025964398185412,625.8984752930701,20,,True
1636,25,59,150,3.4010670304298403,4.728316292664364,3.4010670304298403,619.5452441461384,20,,True
1637,25,59,165,17.74651733438174,37.50436892306783,17.74651733438174,618.2641037739813,20,,True
1638,25,59,180,8.929613512738918,13.693184914248286,8.929613512738918,626.3686460442841,20,,True
1639,25,59,195,38.253001253058514,69.16268009871851,38.253001253058514,626.4436170458794,20,,True
1640,25,59,210,20.618623361736535,33.43581790287772,20.618623361736535,625.0134571455419,20,,True
1641,25,59,225,15.168374285455018,25.1582383524313,15.168374285455018,625.3673760220408,20,,True
1642,25,49,30,39.6958329419295,54.61205232808073,39.6958329419295,624.6409057639539,20,,True
1643,25,49,45,16.368157697717347,21.837064621648516,16.368157697717347,621.9582548364997,20,,True
1644,25,49,60,23.687895932793616,43.16839279470907,23.687895932793616,622.000786010176,20,,True
1645,25,49,75,8.28620861073335,12.983545564593216,8.28620861073335,651.3666142709553,20,,True
1646,25,49,90,25.979008941849074,40.332574341954164,25.979008941849074,628.0703279189765,20,,True
1647,25,49,105,39.75078347623348,66.9111260335376,39.75078347623348,624.6434883214533,20,,True
1648,25,49,120,38.77661777337392,61.2594276850724,38.77661777337392,624.5654169470072,20,,True
1649,25,49,135,25.349959845344227,35.49719580859257,25.349959845344227,624.6461682021618,20,,True
1650,25,49,150,14.693390595912934,19.381011862621467,14.693390595912934,624.8126579448581,20,,True
1651,25,49,165,12.240542648235957,15.606713161057904,12.240542648235957,626.2682089582086,20,,True
1652,25,49,180,21.19847623507182,26.250646084773038,21.19847623507182,624.0483676083386,20,,True
1653,25,49,195,12.685981686909994,13.725792813783324,12.685981686909994,624.9260678887367,20,,True
1654,25,49,210,12.108355808258057,18.242696476670634,12.108355808258057,625.186919234693,20,,True
1655,25,49,225,11.56181615193685,14.673636523071039,11.56181615193685,625.0810488127172,20,,True
1656,25,7,30,16.460555309553943,34.187902103817784,16.460555309553943,627.3252600803971,20,,True
1657,25,7,45,20.53445558945338,26.517955434925614,20.53445558945338,624.926389195025,20,,True
1658,25,7,60,58.83039265672366,87.06236654381061,58.83039265672366,625.5177203565836,20,,True
1659,25,7,75,17.043385484317938,22.25761932472047,17.043385484317938,615.8295474015176,20,,True
1660,25,7,90,35.31636019051075,54.47156087460117,35.31636019051075,620.9251191467047,20,,True
1661,25,7,105,20.541390761733055,27.908518648021087,20.541390761733055,624.8392900452018,20,,True
1662,25,7,120,23.495623902479807,33.15610760284658,23.495623902479807,625.1675998792052,20,,True
1663,25,7,135,12.58071385025978,16.369756014993772,12.58071385025978,624.2310986854136,20,,True
1664,25,7,150,17.206408196687697,20.239390976324913,17.206408196687697,623.883489985019,20,,True
1665,25,7,165,5.233072972297668,6.213932194389523,5.233072972297668,624.2252299562097,20,,True
1666,25,7,180,8.351160018146038,14.337203075053894,8.351160018146038,624.3960401043296,20,,True
1667,25,7,195,44.991276939709984,67.21073080709951,44.991276939709984,624.2019510827959,20,,True
1668,25,7,210,19.413081963857014,27.230571947395596,19.413081963857014,623.2869806699455,20,,True
1669,25,7,225,19.441750144958498,27.525744872320377,19.441750144958498,624.32816112414,20,,True
1670,25,47,30,2.707530371348063,3.743889013713227,2.707530371348063,619.5257809013128,20,,True
1671,25,47,45,13.624025519688924,32.86880283541697,13.624025519688924,618.2495490647852,20,,True
1672,25,47,60,36.63130211730798,56.44690867406994,36.63130211730798,632.3271039873362,20,,True
1673,25,47,75,19.96479998975992,34.86661685450262,19.96479998975992,615.82250893116,20,,True
1674,25,47,90,29.942145246764024,45.34413443028625,29.942145246764024,620.7397421821952,20,,True
1675,25,47,105,12.459094387292861,21.37358181856138,12.459094387292861,624.4213320314884,20,,True
1676,25,47,120,12.596880515416464,21.123738056114288,12.596880515416464,624.2761630564928,20,,True
1677,25,47,135,12.425735354423523,21.21458701388395,12.425735354423523,625.7324330508709,20,,True
1678,25,47,150,12.093907581766446,20.972483729672504,12.093907581766446,625.2834131009877,20,,True
1679,25,47,165,12.113195739686489,20.816777194689937,12.113195739686489,623.7529828213155,20,,True
1680,25,47,180,25.017975417276222,47.96974199846002,25.017975417276222,624.2310330271721,20,,True
1681,25,47,195,23.909972304105757,34.951637951436126,23.909972304105757,624.3853727355599,20,,True
1682,25,47,210,14.077672583485644,21.12731198151549,14.077672583485644,625.0142343342304,20,,True
1683,25,47,225,13.651979761819044,21.245505450012782,13.651979761819044,625.3678849898279,20,,True
1684,25,30,30,6.1140394356101755,8.26622429207523,6.1140394356101755,627.4957247078419,20,,True
1685,25,30,45,3.8235499491294225,4.8969701156948515,3.8235499491294225,625.3897747956216,20,,True
1686,25,30,60,2.673398466904958,3.5404424772650334,2.673398466904958,625.1605949364603,20,,True
1687,25,30,75,3.4094806261360646,4.147017894003606,3.4094806261360646,625.4128650762141,20,,True
1688,25,30,90,2.495176849762599,3.2559009518447084,2.495176849762599,629.9558249302208,20,,True
1689,25,30,105,2.8910458942254382,4.320754612652149,2.8910458942254382,625.0778450630605,20,,True
1690,25,30,120,2.8411600146442653,3.669418818678695,2.8411600146442653,625.3616348840296,20,,True
1691,25,30,135,3.2959715873003006,4.251646891623873,3.2959715873003006,625.7152762264013,20,,True
1692,25,30,150,3.1371565286380547,3.9021866129341904,3.1371565286380547,625.1574750058353,20,,True
1693,25,30,165,4.427059170138091,7.00695015456081,4.427059170138091,624.6709860861301,20,,True
1694,25,30,180,2.915019251530369,4.036903527387581,2.915019251530369,625.2872259356081,20,,True
1695,25,30,195,3.990564724616706,4.704267713527254,3.990564724616706,625.1400359906256,20,,True
1696,25,30,210,3.856319119098286,4.692811884072242,3.856319119098286,625.4704562015831,20,,True
1697,25,30,225,2.498334536825617,3.452472762989516,2.498334536825617,625.1574358902872,20,,True
