sample_id,video,user,timestep,selector,mae,upstream_mse,corrected_mse,mean_angular_error,evaluation_loss,absolute_error_sum,upstream_squared_error_sum,corrected_squared_error_sum,element_count,latency_ms,selector_latency_ms,prediction_sha256,finite
0,4,83,30,recent_k8,14.559842109680176,428.2045593261719,428.2045593261719,14.559842109680176,0.01605224609375,873.5904541015625,25692.271484375,25692.271484375,60,611.1405971460044,0.05427199974656105,5139f1b77f6fb7ea89a11ca492d2972674c4f0a982d9e235dd89829739039b8a,True
1,4,83,45,recent_k8,21.808971405029297,739.4201049804688,739.4201049804688,21.808971405029297,0.023895263671875,1308.5382080078125,44365.203125,44365.203125,60,611.774361692369,0.055296000093221664,3036a1073d44d6ecb5263818e3c0f5cba0c4332084f80b026026ccc295600f54,True
2,4,83,60,recent_k8,12.853032112121582,272.5114440917969,272.5114440917969,12.853032112121582,0.00931549072265625,771.181884765625,16350.685546875,16350.685546875,60,606.1415178701282,0.055296000093221664,1dc5d938bdd6e7eee987f537b35a389a73495dd5234d08d5a39ebcdb926926fb,True
3,4,83,75,recent_k8,22.458118438720703,1073.99462890625,1073.99462890625,22.458118438720703,0.035614013671875,1347.487060546875,64439.67578125,64439.67578125,60,607.4322070926428,0.055296000093221664,02ff514587bbed44c37f437680d0e1ee2db0704006fb35c932ff351048d89e73,True
4,4,83,90,recent_k8,27.344892501831055,10441.7822265625,2013.3267822265625,27.344892501831055,0.32470703125,1640.6934814453125,626506.875,120799.6015625,60,608.604587148875,0.05632000043988228,e9338734caaf3b3f2fca3a281f6ffef9866fc305d91236ceead947e526382396,True
5,4,83,105,recent_k8,52.42469024658203,12619.5546875,7053.12744140625,52.42469024658203,0.392578125,3145.481201171875,757173.25,423187.625,60,607.4331980198622,0.05734400078654289,dbbb1c3fa22717a33b42c0dd7275ed0c14fb81c86814f14123503fbfc6af81b1,True
6,4,83,120,recent_k8,16.961679458618164,480.9142761230469,480.9142761230469,16.961679458618164,0.01806640625,1017.70068359375,28854.85546875,28854.85546875,60,606.9265510886908,0.05632000043988228,209d1d847efc952c6139aa8a7eae8aebc4e5727eb5abcadbe502c8882676b820,True
7,4,83,135,recent_k8,3.7570929527282715,26.326967239379883,26.326967239379883,3.7570929527282715,0.0012054443359375,225.42556762695312,1579.617919921875,1579.617919921875,60,606.8036421202123,0.058368001133203506,0d569d8a6a1208df846bb878952a6e5f119e5d12abcc10482a347f0bbf837b99,True
8,4,83,150,recent_k8,11.336570739746094,277.1740417480469,277.1740417480469,11.336570739746094,0.0093994140625,680.1942138671875,16630.44140625,16630.44140625,60,606.1126780696213,0.060416001826524734,c3351ff9f71eb7aa99f394e8ffc0e0b0d8f0a99dbdb45403e3de8cb55e0d8794,True
9,4,83,165,recent_k8,13.89972972869873,377.7934265136719,377.7934265136719,13.89972972869873,0.012481689453125,833.9837646484375,22667.603515625,22667.603515625,60,607.3142290115356,0.05734400078654289,1be1b1d9cbcfb74f2d5c0227487fe0cdb1268958bc36f94ab7f1401b94521874,True
10,4,83,180,recent_k8,29.024871826171875,2260.802734375,2260.802734375,29.024871826171875,0.07342529296875,1741.4921875,135648.15625,135648.15625,60,609.434540849179,0.05632000043988228,4188585cd4383b8b743fde20fec092c6a37248c0030194f50f0fbd53689630d0,True
11,4,83,195,recent_k8,10.386144638061523,156.19935607910156,156.19935607910156,10.386144638061523,0.007598876953125,623.1686401367188,9371.9609375,9371.9609375,60,609.9641458131373,0.05632000043988228,944650172e604ef5fcb91f705fc3daa867725e2f98851e31da3bf650194e8d7e,True
12,4,83,210,recent_k8,11.019857406616211,301.9249572753906,301.9249572753906,11.019857406616211,0.00972747802734375,661.19140625,18115.49609375,18115.49609375,60,620.8154880441725,0.05632000043988228,c367ba69034a8270282d6c6404eaa5e154e97d9aac01467ba2baf771271f43d9,True
13,4,83,225,recent_k8,31.503870010375977,9530.8837890625,2270.626220703125,31.503870010375977,0.296142578125,1890.2320556640625,571853.0,136237.5625,60,626.4761709608138,0.06656000018119812,401c7fb4a1531d09fa57e8620d177183ce53e303fbcc0cfaefb53adbdb35e07c,True
14,4,15,30,recent_k8,15.277113914489746,355.1625061035156,355.1625061035156,15.277113914489746,0.0115203857421875,916.6267700195312,21309.75,21309.75,60,626.4597210101783,0.062463998794555664,5f20b9e6d60b3bffb8b65505ec2d5f2317da41b919ee4ffe2f0175cc70e9ade9,True
15,4,15,45,recent_k8,6.108358383178711,53.65559387207031,53.65559387207031,6.108358383178711,0.0023193359375,366.5014953613281,3219.33544921875,3219.33544921875,60,626.8862881697714,0.06143999844789505,fc556a67b21869c7ce0b76f9ae3bae65d9769c050f3c9fb68a7163c52550ffb7,True
16,4,15,60,recent_k8,1.1678991317749023,2.9888031482696533,2.9888031482696533,1.1678991317749023,9.97781753540039e-05,70.07394409179688,179.32818603515625,179.32818603515625,60,625.7004169747233,0.06143999844789505,51b301b80b0f50e6f86875ba14446eea2e12dd5e93dce262551caa593505c762,True
17,4,15,75,recent_k8,1.088282823562622,2.711467742919922,2.711467742919922,1.088282823562622,9.34600830078125e-05,65.29696655273438,162.68804931640625,162.68804931640625,60,626.3317517004907,0.060416001826524734,371606b435f40ea4cfcf82ed2518f782554918344ae2f955cfff6849744ff24a,True
18,4,15,90,recent_k8,1.1240376234054565,3.184875726699829,3.184875726699829,1.1240376234054565,0.0001042485237121582,67.44225311279297,191.092529296875,191.092529296875,60,628.7823626771569,0.05939200147986412,19f2026f65dce11422e21b0ddca30622a0e01b4277241037864e13e7c04f50a1,True
19,4,15,105,recent_k8,6.747657299041748,144.980224609375,144.980224609375,6.747657299041748,0.0050811767578125,404.8594055175781,8698.8134765625,8698.8134765625,60,626.5936996787786,0.06656000018119812,49490655c699687a2a049f2141be3faf9bc4d348d56fbc53a6a46eb1de14c133,True
20,4,15,120,recent_k8,13.78333568572998,446.0104064941406,446.0104064941406,13.78333568572998,0.01396942138671875,827.0001220703125,26760.623046875,26760.623046875,60,628.7741423584521,0.05939200147986412,af5d012c58edca2bf20fbf09632195728e4883b39c557ea89e3a7474940782d1,True
21,4,15,135,recent_k8,1.0059595108032227,1.9537163972854614,1.9537163972854614,1.0059595108032227,8.189678192138672e-05,60.357566833496094,117.22297668457031,117.22297668457031,60,626.0533151216805,0.060447998344898224,941328739efdefe541f8bc2d1f337e1072a1fb70f090c0b609f2527cb8bb4109,True
22,4,15,150,recent_k8,1.0382556915283203,2.1866743564605713,2.1866743564605713,1.0382556915283203,7.534027099609375e-05,62.29533767700195,131.20045471191406,131.20045471191406,60,625.2510310150683,0.05939200147986412,da13b3e4ae2ad88b061b63aaf8eeca32b6f85df1ae768a81c76556ba0be3ce9c,True
23,4,15,165,recent_k8,6.876265525817871,175.8019561767578,175.8019561767578,6.876265525817871,0.005580902099609375,412.5758972167969,10548.1171875,10548.1171875,60,624.4022883474827,0.06143999844789505,d285867d0cb6e0550665407c56fb14495bf70f7b2ca03f340c8aeb562ccf320c,True
24,4,15,180,recent_k8,14.723806381225586,502.5719299316406,502.5719299316406,14.723806381225586,0.0165557861328125,883.4283447265625,30154.314453125,30154.314453125,60,624.0509310737252,0.058368001133203506,c8fc45e4df1c6bc83a5f921407bec9d77ca9c805fb573321326885fa56703984,True
25,4,15,195,recent_k8,17.470396041870117,847.5150146484375,847.5150146484375,17.470396041870117,0.0265045166015625,1048.2237548828125,50850.8984375,50850.8984375,60,624.7050962410867,0.06143999844789505,8af5451c6f05495d299e588966405ee4c66d7768d211aa34f89108ed3491772b,True
26,4,15,210,recent_k8,21.380992889404297,4963.751953125,1365.187255859375,21.380992889404297,0.154296875,1282.8594970703125,297825.09375,81911.234375,60,625.0193133018911,0.060416001826524734,67a7602e86f10b1b58426dda16818ab870e73727ff7400f0b6d055b6a06ff002,True
27,4,15,225,recent_k8,12.336627006530762,8567.0908203125,603.8646240234375,12.336627006530762,0.26513671875,740.1975708007812,514025.4375,36231.875,60,624.3008091114461,0.06143999844789505,1f6e2fb1bc5a1aa136203f55f47595385d4fe1c33a1316b9ac04bd5216e7fab3,True
28,4,3,30,recent_k8,12.891332626342773,337.5783996582031,337.5783996582031,12.891332626342773,0.0136566162109375,773.4799194335938,20254.703125,20254.703125,60,623.6548037268221,0.05939200147986412,a3a2f4dd196ecbf63fef39a7c39fc2249199be971dc3afdcdb390c8f8b46ba26,True
29,4,3,45,recent_k8,19.568071365356445,637.4768676757812,637.4768676757812,19.568071365356445,0.022491455078125,1174.084228515625,38248.609375,38248.609375,60,623.8548029214144,0.05939200147986412,2ddc71d26a55f150badd32d521d09ae30aa0818ab9ec8e3485ae9c0b17013d95,True
30,4,3,60,recent_k8,8.946090698242188,89.95204162597656,89.95204162597656,8.946090698242188,0.00421142578125,536.7654418945312,5397.1220703125,5397.1220703125,60,624.5123278349638,0.05939200147986412,13ee69edde44eb961fcc35ceca9590ff9c392c586732d8f05227c599a775aeb1,True
31,4,3,75,recent_k8,6.446621417999268,71.87010192871094,71.87010192871094,6.446621417999268,0.00235748291015625,386.7972717285156,4312.2060546875,4312.2060546875,60,624.4124779477715,0.06143999844789505,747da87de37190f2d84371affd58ae9be33be37a7fa427bd1c2e7bea1bbba388,True
32,4,3,90,recent_k8,2.8376898765563965,14.651697158813477,14.651697158813477,2.8376898765563965,0.0006189346313476562,170.26138305664062,879.101806640625,879.101806640625,60,623.7348830327392,0.05939200147986412,72570cbd3ecda71b08698f8f37133289cba22a08c0b9f2661973e7f436b2d3ed,True
33,4,3,105,recent_k8,4.380667209625244,41.90178298950195,41.90178298950195,4.380667209625244,0.0013980865478515625,262.84002685546875,2514.10693359375,2514.10693359375,60,624.0948610939085,0.06758400052785873,4c8137e9b0264d9bb6f62c5dadc530d4782f0a1ea007e7eec1d321f58969160c,True
34,4,3,120,recent_k8,5.046907424926758,50.526939392089844,50.526939392089844,5.046907424926758,0.0022335052490234375,302.8144226074219,3031.6162109375,3031.6162109375,60,624.1907896474004,0.06038400158286095,2cf5e698baef443cf87eee3483ec56e798cff3ee3ac5a7bcd0735efec00abfb1,True
35,4,3,135,recent_k8,12.749252319335938,235.3040771484375,235.3040771484375,12.749252319335938,0.0088958740234375,764.955078125,14118.244140625,14118.244140625,60,624.3647988885641,0.060416001826524734,89c693886d5cef88af1e975c264f7f3af5c3e34cc28c13b037cf4619cc92ace4,True
36,4,3,150,recent_k8,11.73873519897461,272.10589599609375,272.10589599609375,11.73873519897461,0.00872802734375,704.3240966796875,16326.353515625,16326.353515625,60,624.4303584098816,0.060416001826524734,f87bc17471b146a530396f4e22573a5e8e06486a9d7b522b793bebaf7dd4a766,True
37,4,3,165,recent_k8,11.3624849319458,232.09194946289062,232.09194946289062,11.3624849319458,0.0100555419921875,681.7490844726562,13925.5166015625,13925.5166015625,60,625.3060111775994,0.05939200147986412,0c0d7286b5fb0fb2322a43bd9aa22cb2c12d7d8afa7eacb52a623f37d6efbfe1,True
38,4,3,180,recent_k8,6.808972358703613,132.050048828125,132.050048828125,6.808972358703613,0.004241943359375,408.538330078125,7923.00244140625,7923.00244140625,60,623.6269338987768,0.06348799914121628,9a7fc6b140855c7d6d3f2a47fc318da8dff59300f224163197f55c730e97cb41,True
39,4,3,195,recent_k8,6.718947887420654,87.84910583496094,87.84910583496094,6.718947887420654,0.00299835205078125,403.1368408203125,5270.9462890625,5270.9462890625,60,624.0472309291363,0.0727040022611618,423d066f5146bf4f73a031729927e4d929df94141f22d778dbed22188666f27a,True
40,4,3,210,recent_k8,1.6573773622512817,3.923214912414551,3.923214912414551,1.6573773622512817,0.00025534629821777344,99.44263458251953,235.39288330078125,235.39288330078125,60,623.6516451463103,0.05939200147986412,9ebcdc339ba9dfe7306a16e49a9143fa2a1fd985341776caba2036112e4f3b6d,True
41,4,3,225,recent_k8,3.2609331607818604,12.680774688720703,12.680774688720703,3.2609331607818604,0.0007762908935546875,195.65597534179688,760.846435546875,760.846435546875,60,624.4946173392236,0.05939200147986412,f2fef8a28a5cb23589b64182a08d569aecafc92dd4c8f30c6ff6354daa862fc4,True
42,4,35,30,recent_k8,9.968040466308594,147.72610473632812,147.72610473632812,9.968040466308594,0.005702972412109375,598.0823974609375,8863.5654296875,8863.5654296875,60,613.7216845527291,0.05939200147986412,82c9d4e28ac1687884615d995169ec649b1c441737d336de6f9fe713cee0f675,True
43,4,35,45,recent_k8,3.658313751220703,21.253765106201172,21.253765106201172,3.658313751220703,0.0008563995361328125,219.49880981445312,1275.225830078125,1275.225830078125,60,614.1783720813692,0.060416001826524734,33fde3c59efedf2a5019a68833e329c4427131592cbe550ddaa77217129be1a9,True
44,4,35,60,recent_k8,3.8810436725616455,26.339221954345703,26.339221954345703,3.8810436725616455,0.0010395050048828125,232.86260986328125,1580.353271484375,1580.353271484375,60,609.853457659483,0.05539200082421303,8e010e38752701d75c72a6fadb78b378d6b89ab73c6a0de5b84845388eaf659a,True
45,4,35,75,recent_k8,3.5121116638183594,23.496843338012695,23.496843338012695,3.5121116638183594,0.000946044921875,210.7266845703125,1409.810546875,1409.810546875,60,608.6713466793299,0.05632000043988228,0bde50a002c5085f8ebd0ef374768d2b053039698eb6fc5b6c295ec3916f889d,True
46,4,35,90,recent_k8,2.6832964420318604,35.631813049316406,35.631813049316406,2.6832964420318604,0.0011854171752929688,160.99777221679688,2137.90869140625,2137.90869140625,60,609.7017992287874,0.05734400078654289,c0d1c53d3cb928034be076d5c6b8338ca7221f3b6449b608afb58e96b47ff1fc,True
47,4,35,105,recent_k8,6.206149101257324,72.33836364746094,72.33836364746094,6.206149101257324,0.00286865234375,372.3689270019531,4340.3017578125,4340.3017578125,60,609.5856297761202,0.056352000683546066,98667f733703d56a6c7c0d4957b9b13f5f33a6c43378aa3be4139c5c8e5738b8,True
48,4,35,120,recent_k8,9.382258415222168,133.5977020263672,133.5977020263672,9.382258415222168,0.006591796875,562.9354858398438,8015.861328125,8015.861328125,60,611.3650551997125,0.055296000093221664,bad5388ec7e805c163be16ad0da37b1f1e74c716d28378c938db677a92d6959f,True
49,4,35,135,recent_k8,3.1069252490997314,22.358835220336914,22.358835220336914,3.1069252490997314,0.0007619857788085938,186.41551208496094,1341.530029296875,1341.530029296875,60,609.1492339037359,0.05632000043988228,bbae569857afc72461e46f5c79f068c4f5601716c4f2498a9f23c8a6d90cc7ec,True
50,4,35,150,recent_k8,4.904660224914551,37.208229064941406,37.208229064941406,4.904660224914551,0.00153350830078125,294.27960205078125,2232.49365234375,2232.49365234375,60,615.8680687658489,0.06348799914121628,6715e291b3a74eadfe89c94ceff5ef785e7abb350e91b2b8c7e9a277c60b71a4,True
51,4,35,165,recent_k8,15.191261291503906,458.7261047363281,458.7261047363281,15.191261291503906,0.01678466796875,911.4756469726562,27523.564453125,27523.564453125,60,614.3173007294536,0.05734400078654289,8946c52c1adcb1cda09c9f02a8e05094d1cc826878c3c6e6c3defa3cf9e3a200,True
52,4,35,180,recent_k8,21.65367889404297,1314.3782958984375,1314.3782958984375,21.65367889404297,0.0440673828125,1299.220703125,78862.6953125,78862.6953125,60,613.2593797519803,0.055296000093221664,3ca5350daa6ca941d575c64d4ef081688e0b6702c816d377d8ac08fe901795e4,True
53,4,35,195,recent_k8,5.964792251586914,100.54442596435547,100.54442596435547,5.964792251586914,0.003307342529296875,357.88751220703125,6032.6650390625,6032.6650390625,60,612.785923294723,0.06143999844789505,84925ee1b0e35ada4f34fdbd2fb43307357d556633012423813d0de4115140d8,True
54,4,35,210,recent_k8,5.688192367553711,41.32550811767578,41.32550811767578,5.688192367553711,0.0019178390502929688,341.2915344238281,2479.5302734375,2479.5302734375,60,612.8690331242979,0.055296000093221664,0e3058c9c956744185de4d845bf76be1e32d85d5b6cf2c2096b1c29b26f44448,True
55,4,35,225,recent_k8,3.3560361862182617,43.197853088378906,43.197853088378906,3.3560361862182617,0.0014066696166992188,201.36216735839844,2591.87109375,2591.87109375,60,612.6849139109254,0.05632000043988228,45211578b952034ddd8d70007f7f5dd7e549f1d2e3c293b0e00e8dfca11cb231,True
56,4,48,30,recent_k8,6.258973598480225,80.40841674804688,80.40841674804688,6.258973598480225,0.0034580230712890625,375.53839111328125,4824.5048828125,4824.5048828125,60,613.5544269345701,0.05632000043988228,9503758ee5293d62dc6aec5956ba5db717446c1f653c0e5296aedcda73181cd2,True
57,4,48,45,recent_k8,15.358074188232422,521.7464599609375,521.7464599609375,15.358074188232422,0.017852783203125,921.484375,31304.78515625,31304.78515625,60,613.4193381294608,0.05632000043988228,2c4de833f4c25564e4208e3720c683b83bd2740923b3e3c8267bdc5cb1abef58,True
58,4,48,60,recent_k8,13.061882972717285,421.0322570800781,421.0322570800781,13.061882972717285,0.01367950439453125,783.7129516601562,25261.93359375,25261.93359375,60,612.9293222911656,0.05734400078654289,b683e560c20f0549b05d073b9420d2cf4eff3c3e037576cce8c68b5d523d23e9,True
59,4,48,75,recent_k8,5.016956806182861,65.96762084960938,65.96762084960938,5.016956806182861,0.0021305084228515625,301.01739501953125,3958.056884765625,3958.056884765625,60,613.1423711776733,0.05632000043988228,3eeae0d004458b3e584924ee46241e992bcbe516afbcf552ce907fcf9c538ef0,True
60,4,48,90,recent_k8,4.546229362487793,28.12251853942871,28.12251853942871,4.546229362487793,0.0016279220581054688,272.77374267578125,1687.35107421875,1687.35107421875,60,613.0321309901774,0.05734400078654289,74a6ef82871c7f8367962eca62109c43757be8786a71d12e4cd7b4322eff2877,True
61,4,48,105,recent_k8,8.066904067993164,147.68927001953125,147.68927001953125,8.066904067993164,0.00548553466796875,484.0141906738281,8861.35546875,8861.35546875,60,613.3049600757658,0.05632000043988228,dfd3eec45fc1554392acf03c607839218ae20ae239b8b9aee48c185148b1aa84,True
62,4,48,120,recent_k8,24.867862701416016,1492.059326171875,1492.059326171875,24.867862701416016,0.0491943359375,1492.0716552734375,89523.5546875,89523.5546875,60,613.8268248178065,0.055296000093221664,0b29c7895eafb274ecfb9a8bf96d27f9b6ff928286340c99ea460ae66224d3e6,True
63,4,48,135,recent_k8,20.92011833190918,814.141357421875,814.141357421875,20.92011833190918,0.0259246826171875,1255.20703125,48848.48046875,48848.48046875,60,613.5747171938419,0.05632000043988228,3266c2e660601705a454c59e763a82f08cdbf1cbe93b665341629ac8db13ea76,True
64,4,48,150,recent_k8,12.486964225769043,256.9023132324219,256.9023132324219,12.486964225769043,0.014495849609375,749.2178344726562,15414.1376953125,15414.1376953125,60,612.8244530409575,0.058368001133203506,332605ebfadfdaabf3a67009acecd3fb3ffa8f0ad3bcebfdbf0b492366b5a7c5,True
65,4,48,165,recent_k8,10.439861297607422,171.39944458007812,171.39944458007812,10.439861297607422,0.0059356689453125,626.3916625976562,10283.9658203125,10283.9658203125,60,612.69606417045,0.05632000043988228,7b5a2569995b4012b7f9522d93b5698b662d72aca8303d42957b4748d5a10ede,True
66,4,48,180,recent_k8,10.91556453704834,294.9408264160156,294.9408264160156,10.91556453704834,0.01155853271484375,654.933837890625,17696.44921875,17696.44921875,60,612.4766860157251,0.055296000093221664,9b0ccaf05b9a19275e54f980a03a83ccd97cf7e61016de9254f616d30ae2e368,True
67,4,48,195,recent_k8,15.83011531829834,662.2036743164062,662.2036743164062,15.83011531829834,0.0206298828125,949.806884765625,39732.21875,39732.21875,60,613.2144401781261,0.05632000043988228,72bda9176ff4d9e5081fb4e7c3a5e56e8920f22467d94657af6c792dd96e7d8a,True
68,4,48,210,recent_k8,13.643172264099121,449.56622314453125,449.56622314453125,13.643172264099121,0.01456451416015625,818.5902709960938,26973.97265625,26973.97265625,60,612.7010146155953,0.05632000043988228,7f884a5113f785b86a1addf9629d1a4d445b29b367d4560670e06e26e2ce50d2,True
69,4,48,225,recent_k8,15.902587890625,482.68804931640625,482.68804931640625,15.902587890625,0.0171661376953125,954.1552124023438,28961.28125,28961.28125,60,613.4415278211236,0.05734400078654289,c2328bc453c76fa631bc68944229113c73ea17adebae9955f2214af0e6099591,True
70,4,22,30,recent_k8,3.9774394035339355,22.907007217407227,22.907007217407227,3.9774394035339355,0.0013980865478515625,238.64634704589844,1374.42041015625,1374.42041015625,60,612.14738804847,0.05632000043988228,3b6b6c484b694d6626d280da138fa1f32b98705ad9ac30cf2cf3c17293907ef5,True
71,4,22,45,recent_k8,4.323556900024414,22.492538452148438,22.492538452148438,4.323556900024414,0.0011854171752929688,259.41339111328125,1349.55224609375,1349.55224609375,60,613.6980564333498,0.05734400078654289,e7701a90beee6ada7bb222e2ddb0cb8dfa01a34205617418d69ac78048e4f519,True
72,4,22,60,recent_k8,1.9089908599853516,11.88260269165039,11.88260269165039,1.9089908599853516,0.0003821849822998047,114.53944396972656,712.9561157226562,712.9561157226562,60,612.3601570725441,0.05734400078654289,be15d086fd216f3b8e282a60fa98a0bf803e4ce2c8922c48428ec56b25091880,True
73,4,22,75,recent_k8,2.712570905685425,16.117536544799805,16.117536544799805,2.712570905685425,0.0005125999450683594,162.75424194335938,967.0521240234375,967.0521240234375,60,617.9068512283266,0.05632000043988228,103960b9c7c7638b51ffa9e29cf958074dc79e88d0b157d77bc4a3d4c98fcf3f,True
74,4,22,90,recent_k8,3.4843502044677734,68.51387023925781,68.51387023925781,3.4843502044677734,0.0021457672119140625,209.06100463867188,4110.83203125,4110.83203125,60,613.5885971598327,0.05734400078654289,0ff41f33185e70cd80110875aa6104de4c912c1443e67906967745fcdeb631a7,True
75,4,22,105,recent_k8,4.640271186828613,73.31169891357422,73.31169891357422,4.640271186828613,0.0023136138916015625,278.416259765625,4398.70166015625,4398.70166015625,60,613.0675813183188,0.05734400078654289,cd05491db18d6ea21f43feb220d03855889face3810398549a43bcee579f9f14,True
76,4,22,120,recent_k8,3.563034772872925,21.872512817382812,21.872512817382812,3.563034772872925,0.0008673667907714844,213.78207397460938,1312.3507080078125,1312.3507080078125,60,616.4945331402123,0.055296000093221664,3436cc4e4724880a94832ed661f00182d00dcfcad0d15419b95cc9fbc6be8e27,True
77,4,22,135,recent_k8,2.2415192127227783,7.96101713180542,7.96101713180542,2.2415192127227783,0.0003123283386230469,134.49114990234375,477.6610107421875,477.6610107421875,60,612.8909131512046,0.062463998794555664,078b87b5f28ed488817fc26e15bec13152246b6b9fa3eba6f437e10f6466877a,True
78,4,22,150,recent_k8,1.2320789098739624,3.5609610080718994,3.5609610080718994,1.2320789098739624,0.00015079975128173828,73.92472839355469,213.65765380859375,213.65765380859375,60,612.5398050062358,0.057312000542879105,e5b069995d969cd350e0366969a5a9b1092fcea7a94a82f3c31bbfe70a27aa1a,True
79,4,22,165,recent_k8,10.703207969665527,309.2435607910156,309.2435607910156,10.703207969665527,0.0099945068359375,642.1924438476562,18554.61328125,18554.61328125,60,612.9608619958162,0.05632000043988228,008c200711f4022328f3a1a95d9cee8e44ed7b4954868fdeb05bfe6fa02127ba,True
80,4,22,180,recent_k8,16.978418350219727,928.3170776367188,928.3170776367188,16.978418350219727,0.0294952392578125,1018.705078125,55699.0234375,55699.0234375,60,612.462435849011,0.05632000043988228,663fbc1b63765bf709e1ea2cb856111512f882b6e50d95fdcaa7d1af6a99dc5c,True
81,4,22,195,recent_k8,4.397638320922852,41.157501220703125,41.157501220703125,4.397638320922852,0.0013408660888671875,263.8582763671875,2469.449951171875,2469.449951171875,60,613.0062313750386,0.05632000043988228,ab7a15c7828e7d3a3e9617c2763464edee83caa7c0c0335f4c00f1558fb31f34,True
82,4,22,210,recent_k8,5.492703437805176,40.375606536865234,40.375606536865234,5.492703437805176,0.0016164779663085938,329.56219482421875,2422.536376953125,2422.536376953125,60,612.4471961520612,0.05632000043988228,7afe17101d697bb0bafab78ec436626cbe275782d094bb0b37c6440099bf563e,True
83,4,22,225,recent_k8,4.766000747680664,93.05897521972656,93.05897521972656,4.766000747680664,0.0029315948486328125,285.96002197265625,5583.5380859375,5583.5380859375,60,612.4260956421494,0.055296000093221664,55e5b6d9495589210521012da77a0079f101771cfcd63953104f98c0b570da6b,True
84,4,55,30,recent_k8,9.701580047607422,155.89096069335938,155.89096069335938,9.701580047607422,0.006160736083984375,582.0947875976562,9353.45703125,9353.45703125,60,612.4614458531141,0.06860800087451935,eda043a3e72c8b057a95b7ba0de231964fe39961a76e87f89be8a9f61d24f268,True
85,4,55,45,recent_k8,4.430684566497803,26.987163543701172,26.987163543701172,4.430684566497803,0.00089263916015625,265.841064453125,1619.229736328125,1619.229736328125,60,612.5869648531079,0.05734400078654289,33df0ca522a5df6584e4df1ee4c582eb701b71bcbc8290f6bb6d48af3eb53105,True
86,4,55,60,recent_k8,6.712372303009033,123.32170104980469,123.32170104980469,6.712372303009033,0.00421905517578125,402.7423095703125,7399.3017578125,7399.3017578125,60,612.1406191959977,0.055296000093221664,269f784ba7a18580ed7dcd8b043150f1cbf78fc23e921fcc3d3367408c90e8dd,True
87,4,55,75,recent_k8,11.409029960632324,404.5645446777344,404.5645446777344,11.409029960632324,0.01263427734375,684.541748046875,24273.87109375,24273.87109375,60,613.7785851024091,0.05632000043988228,b95e7db4f9745b725125c836bb52f4e1c5c70bbaddd388c4824a7d251b33155b,True
88,4,55,90,recent_k8,12.979796409606934,342.2671203613281,342.2671203613281,12.979796409606934,0.01091766357421875,778.7877197265625,20536.025390625,20536.025390625,60,613.8221751898527,0.055296000093221664,0ee113d0a2aa73a3d507d514e161f11f4281f7ba4d16dc67b16bab567ee90144,True
89,4,55,105,recent_k8,3.595592498779297,40.246883392333984,40.246883392333984,3.595592498779297,0.0012826919555664062,215.73553466796875,2414.81298828125,2414.81298828125,60,613.5765369981527,0.05632000043988228,04d0fbb11c1f6a5ab407591b0ff2aef38be2c3eb2abbd5d97bcbe52392db4cea,True
90,4,55,120,recent_k8,3.714890480041504,27.34507179260254,27.34507179260254,3.714890480041504,0.0008945465087890625,222.89341735839844,1640.7042236328125,1640.7042236328125,60,612.6905740238726,0.05734400078654289,44275851947498adda1e9892ad94be751cea21d7dd6cc42b959b5325c28af4f0,True
91,4,55,135,recent_k8,6.948593616485596,62.535362243652344,62.535362243652344,6.948593616485596,0.0022125244140625,416.91558837890625,3752.12158203125,3752.12158203125,60,612.7695241011679,0.058368001133203506,49e2e862885c11d9eba8e2de40305a12265f38d68c67a21a74ce6d0b1d3b7c5d,True
92,4,55,150,recent_k8,14.158376693725586,540.21044921875,540.21044921875,14.158376693725586,0.017547607421875,849.5025634765625,32412.625,32412.625,60,612.0946793816984,0.05632000043988228,48111c4605ffe5bab9d5d2b531540d8f9618874155b8267f242d76fa9a3ad767,True
93,4,55,165,recent_k8,38.17426681518555,3757.2041015625,3204.2958984375,38.17426681518555,0.12017822265625,2290.455810546875,225432.234375,192257.75,60,612.6599446870387,0.05734400078654289,8bfd8ed70d0da010e01a82bb1b20af04bbf9b58a61e65ebb9d87b7612762726a,True
94,4,55,180,recent_k8,29.192604064941406,8156.052734375,1643.618408203125,29.192604064941406,0.2607421875,1751.55615234375,489363.125,98617.1015625,60,612.0406091213226,0.055296000093221664,374e6a367453035f29e23df3afaf9291a2968380d37ca6ef97a6b8dc59d63ad6,True
95,4,55,195,recent_k8,58.56412887573242,15461.6630859375,7438.93603515625,58.56412887573242,0.487060546875,3513.84765625,927699.75,446336.125,60,612.6246848143637,0.05632000043988228,9939ac3577f4769462ef0fa7978bd018505f688e8cd99296abb8040384bb5156,True
96,4,55,210,recent_k8,39.192359924316406,9874.9755859375,4756.03759765625,39.192359924316406,0.305908203125,2351.54150390625,592498.5,285362.25,60,613.1986798718572,0.05734400078654289,03fc715bca8d80787d12f47df88529daac9b9a6e1445ce1acfc42ed504a87c50,True
97,4,55,225,recent_k8,21.383310317993164,3492.976318359375,1252.39013671875,21.383310317993164,0.10931396484375,1282.99853515625,209578.5625,75143.40625,60,611.9419201277196,0.05632000043988228,285fdeb1f14b73669e899ad3c0d3dac4c9cf4a2251adf34577c6a8588e5e9bd9,True
98,4,4,30,recent_k8,19.012014389038086,9072.177734375,1561.213623046875,19.012014389038086,0.2802734375,1140.7208251953125,544330.625,93672.8125,60,613.9960237778723,0.05833600088953972,679ad51d5dcdf2cd2a64072c13d6ef68dcf29fe80557e761fd3e0bf1a8cf1f86,True
99,4,4,45,recent_k8,55.691017150878906,9017.333984375,8374.90625,55.691017150878906,0.27880859375,3341.4609375,541040.0,502494.375,60,614.4880587235093,0.05632000043988228,ab0ffaafb2d6342c9fe79ad960142a5cdcb9f57e6c71bdc9323214dc591fe7d2,True
100,4,4,60,recent_k8,11.18578052520752,284.4838562011719,284.4838562011719,11.18578052520752,0.00910186767578125,671.1467895507812,17069.03125,17069.03125,60,614.6252593025565,0.060416001826524734,dd9824114d973d2a1d5f633edadffd09006eb01b54fef812a569f4e5d6b6d11c,True
101,4,4,75,recent_k8,9.586247444152832,237.1843719482422,237.1843719482422,9.586247444152832,0.007427215576171875,575.1748046875,14231.0615234375,14231.0615234375,60,613.867755047977,0.05734400078654289,27ada627e0cc101a3fade602577d76e9eb3e12db37b98a1b183d8708c4475d20,True
102,4,4,90,recent_k8,9.04507827758789,204.7964630126953,204.7964630126953,9.04507827758789,0.00653839111328125,542.7046508789062,12287.787109375,12287.787109375,60,612.9283918999135,0.05632000043988228,1719c0646cd752239050dbea3459bfd6a408bf41d68ea270d31288a067c46117,True
103,4,4,105,recent_k8,8.62868595123291,135.34791564941406,135.34791564941406,8.62868595123291,0.0042724609375,517.7211303710938,8120.87451171875,8120.87451171875,60,613.1051410920918,0.05632000043988228,302a89d1c502c1ed41dc456f54f8b70b233f2ff70f35288c296172b8cb48134e,True
104,4,4,120,recent_k8,7.609330654144287,166.47879028320312,166.47879028320312,7.609330654144287,0.005359649658203125,456.559814453125,9988.7265625,9988.7265625,60,612.1709789149463,0.05734400078654289,6dc799b8d3fb2c88c1cd25e0e557d7cdc7520e4d26b2f72269df9e9900b7a9c7,True
105,4,4,135,recent_k8,8.841398239135742,201.14845275878906,201.14845275878906,8.841398239135742,0.006549835205078125,530.48388671875,12068.90625,12068.90625,60,630.8009847998619,0.05632000043988228,cfb371c9a66eb9d680791d7ed7fe1edae0b5b490d9bb7cd01f4faed868fe8883,True
106,4,4,150,recent_k8,11.855978965759277,467.1733093261719,467.1733093261719,11.855978965759277,0.01465606689453125,711.3587036132812,28030.396484375,28030.396484375,60,616.9615793041885,0.062463998794555664,3543eb98ce68df945345f225631290cd5ee6adcfb7db5c9adf13e4717c65e93a,True
107,4,4,165,recent_k8,9.478970527648926,236.72605895996094,236.72605895996094,9.478970527648926,0.00754547119140625,568.7382202148438,14203.5625,14203.5625,60,614.7277569398284,0.0727040022611618,1ca74d203d6794eeed6177d55862aeaf2f199ec121a9a697a15a8a94d231c1ff,True
108,4,4,180,recent_k8,11.058460235595703,1326.3131103515625,466.5909118652344,11.058460235595703,0.041107177734375,663.507568359375,79578.78125,27995.453125,60,613.7617048807442,0.055296000093221664,54a0e4d00477c8395a9e15fec24e96b5181d9fd238ce28a99898292216bae220,True
109,4,4,195,recent_k8,37.48655700683594,10298.697265625,4545.916015625,37.48655700683594,0.31884765625,2249.193359375,617921.8125,272754.9375,60,614.247040823102,0.05734400078654289,2d1150434d4d2d05c921f797695abb10bc89730f5256fe865b1230b4865188e6,True
110,4,4,210,recent_k8,22.41336441040039,11067.0234375,2021.311279296875,22.41336441040039,0.341796875,1344.8017578125,664021.375,121278.671875,60,613.5847470723093,0.05632000043988228,7bbed1608b8457e8ae201181d9f4172ef61ab73b72b0df40cdf63ac247f09f67,True
111,4,4,225,recent_k8,46.38311767578125,5743.794921875,5743.794921875,46.38311767578125,0.177490234375,2782.98681640625,344627.6875,344627.6875,60,615.6442598439753,0.055296000093221664,8c29434226ac201f59c39773ed8cb230f26a9841b2dfe282566822e042b48d21,True
112,4,45,30,recent_k8,11.294384956359863,197.94703674316406,197.94703674316406,11.294384956359863,0.00685882568359375,677.6630859375,11876.8212890625,11876.8212890625,60,648.97684706375,0.05632000043988228,48f56ffe03d5cf961abbe39c1d401f8fed0759c8e57c9dc4be988ccf1030804e,True
113,4,45,45,recent_k8,9.746305465698242,190.79066467285156,190.79066467285156,9.746305465698242,0.005992889404296875,584.7783203125,11447.439453125,11447.439453125,60,635.1287998259068,0.06348799914121628,f5ea716f2d5202ae7bdc8fdb39a13bd53a6ae827099b87ca681ef151a0113693,True
114,4,45,60,recent_k8,8.909615516662598,193.2311553955078,193.2311553955078,8.909615516662598,0.00609588623046875,534.576904296875,11593.869140625,11593.869140625,60,620.475810021162,0.062431998550891876,10467dc30846f5f3e4286ae068a4647a2d936889d49766bfc0b0fa44bbb4e32c,True
115,4,45,75,recent_k8,22.38742446899414,2108.066162109375,2108.066162109375,22.38742446899414,0.06610107421875,1343.245361328125,126483.96875,126483.96875,60,631.9823856465518,0.06451199948787689,e75bd87e01dd7a305f9578ac5266c9e4a07587a10470404384349fed1e4bfa72,True
116,4,45,90,recent_k8,27.728342056274414,2026.12744140625,2026.12744140625,27.728342056274414,0.063720703125,1663.700439453125,121567.640625,121567.640625,60,614.5379887893796,0.06656000018119812,d382ae8e9ca8474be017486382cd7c1347b7c2c97a5d933dba6e770ac5d549e6,True
117,4,45,105,recent_k8,3.7876737117767334,28.483200073242188,28.483200073242188,3.7876737117767334,0.0011968612670898438,227.26040649414062,1708.991943359375,1708.991943359375,60,691.8921340256929,0.06963200122117996,735262d699f184c03de68a46524df609f0fcee47fa5068f0712ab64fc82922a6,True
118,4,45,120,recent_k8,1.8610246181488037,5.203454971313477,5.203454971313477,1.8610246181488037,0.0002014636993408203,111.66146850585938,312.207275390625,312.207275390625,60,739.6797528490424,0.19046400487422943,d1cc75f7934621552a4f443f3be264c8862484f27144c7cc6e4675febf269c31,True
119,4,45,135,recent_k8,1.2459721565246582,2.7983927726745605,2.7983927726745605,1.2459721565246582,9.292364120483398e-05,74.7583236694336,167.903564453125,167.903564453125,60,665.2934430167079,0.07577600330114365,436e94d50cb549ce37c53d69e107ee96d3b69c040bbeedb75844d8288831dfd9,True
120,4,45,150,recent_k8,1.1289958953857422,2.1585094928741455,2.1585094928741455,1.1289958953857422,7.253885269165039e-05,67.73975372314453,129.51055908203125,129.51055908203125,60,607.2932975366712,0.06143999844789505,f018a35b9782d972ba296510994f52127540d49445bcb48a39d6fa86a654a7ba,True
121,4,45,165,recent_k8,3.052067756652832,31.411659240722656,31.411659240722656,3.052067756652832,0.0010652542114257812,183.12405395507812,1884.699462890625,1884.699462890625,60,603.8544969633222,0.055296000093221664,563404988d5ee01600e578a35ab71de092f1a3b19a67c169b93d6bf92ddc458d,True
122,4,45,180,recent_k8,8.817753791809082,194.96566772460938,194.96566772460938,8.817753791809082,0.006076812744140625,529.065185546875,11697.939453125,11697.939453125,60,610.6015713885427,0.055296000093221664,e460aea4556b405774aa95788f90580281611f7589d1f26502ebd7d2dddb6dae,True
123,4,45,195,recent_k8,4.18861722946167,33.80116271972656,33.80116271972656,4.18861722946167,0.0011644363403320312,251.3170166015625,2028.0697021484375,2028.0697021484375,60,666.5637521073222,0.058368001133203506,4449c48f9440174beb54f02e03adfd3cc9f9ecd7d1fe5ca63a08c0fbb560d628,True
124,4,45,210,recent_k8,5.680408954620361,67.50575256347656,67.50575256347656,5.680408954620361,0.00225067138671875,340.82452392578125,4050.344970703125,4050.344970703125,60,618.9086232334375,0.0655359998345375,ce5225e52078e673bd7e4ad8ecf89a34382feeb60b9e0281cc08e519a1684e87,True
125,4,45,225,recent_k8,6.406353950500488,90.92982482910156,90.92982482910156,6.406353950500488,0.0028667449951171875,384.3812255859375,5455.7890625,5455.7890625,60,620.8698167465627,0.06143999844789505,d4c64086179325e142151a1ec585febe7004c8dd39c3c91e3da0165c2dfd68bc,True
126,4,60,30,recent_k8,10.73015022277832,289.2826232910156,289.2826232910156,10.73015022277832,0.009124755859375,643.8089599609375,17356.95703125,17356.95703125,60,612.6531939953566,0.05734400078654289,fb92b779f8ffb000921f400407b0c145668c0faa8b1190ec2d87632dc2292264,True
127,4,60,45,recent_k8,10.079503059387207,244.17005920410156,244.17005920410156,10.079503059387207,0.007686614990234375,604.7701416015625,14650.203125,14650.203125,60,624.0921509452164,0.06963200122117996,eb7ff0d735d6a67559a4ce9b2ca3adb1e2d2b509f116680a696b6724e5a94d02,True
128,4,60,60,recent_k8,6.507909297943115,119.36766815185547,119.36766815185547,6.507909297943115,0.0037078857421875,390.47454833984375,7162.0595703125,7162.0595703125,60,706.0286290943623,0.055296000093221664,8068d11b403588f61d33123cc8c301a649102ee0b13debe6cc2b1f247df940f9,True
129,4,60,75,recent_k8,9.753263473510742,231.3695831298828,231.3695831298828,9.753263473510742,0.007221221923828125,585.19580078125,13882.173828125,13882.173828125,60,789.4137348048389,0.06147199869155884,b0126536797ea77cf0e4bd969c275411c346d962e86f462f5cddb68283d397b4,True
130,4,60,90,recent_k8,6.747980117797852,103.11319732666016,103.11319732666016,6.747980117797852,0.00328826904296875,404.8787841796875,6186.79150390625,6186.79150390625,60,648.7674880772829,0.07475200295448303,c456ca5e2f75c777ee399c8d98af68111dd39688cfc5b754ea5f367e09ccd7db,True
131,4,60,105,recent_k8,7.184382915496826,177.19699096679688,177.19699096679688,7.184382915496826,0.005542755126953125,431.0629577636719,10631.8193359375,10631.8193359375,60,614.4140800461173,0.0798719972372055,138a0a53ac38a5b046c12fb1799ad241736d18ce057d8288dc0d503f4c1d2d13,True
132,4,60,120,recent_k8,7.805328369140625,162.9484100341797,162.9484100341797,7.805328369140625,0.0050506591796875,468.3196716308594,9776.904296875,9776.904296875,60,610.7324799522758,0.0655359998345375,661ba95d4b50ba8b21ef4aa2a4c08b6c9d4a611e9f368c0ba7f77560d8324467,True
133,4,60,135,recent_k8,4.1867828369140625,39.62580108642578,39.62580108642578,4.1867828369140625,0.0013036727905273438,251.20697021484375,2377.5478515625,2377.5478515625,60,615.6398998573422,0.05734400078654289,49eafffe3910273e20c9042960837284083e6cd96f6d9c8fe48c0c90d2161bf8,True
134,4,60,150,recent_k8,3.8417954444885254,25.499862670898438,25.499862670898438,3.8417954444885254,0.0008730888366699219,230.50772094726562,1529.99169921875,1529.99169921875,60,613.9992130920291,0.0655359998345375,f9fcf9ad64a83b27b8c7d63e448dce42a7569f8104c1a00792f44b244801ebca,True
135,4,60,165,recent_k8,9.759133338928223,204.3531036376953,204.3531036376953,9.759133338928223,0.006435394287109375,585.5479736328125,12261.185546875,12261.185546875,60,613.5680368170142,0.057312000542879105,1c63903bdcb264497a221351c0df07ae030cd33aedf83e463f407c625b66b4c7,True
136,4,60,180,recent_k8,22.196353912353516,1264.5191650390625,1264.5191650390625,22.196353912353516,0.039337158203125,1331.7811279296875,75871.1484375,75871.1484375,60,609.5739901065826,0.055296000093221664,101f8682e6a659115c691986cacd6e8d8ab12d45aafd2f602106814c71de90fb,True
137,4,60,195,recent_k8,9.926252365112305,199.23594665527344,199.23594665527344,9.926252365112305,0.006237030029296875,595.5751342773438,11954.15625,11954.15625,60,603.9303159341216,0.05632000043988228,a0e2f811b462772a30e6df743f33b8a9d1272b0def27c2f64b77dd94e9d4d9a9,True
138,4,60,210,recent_k8,3.9564297199249268,27.99350357055664,27.99350357055664,3.9564297199249268,0.0008716583251953125,237.38577270507812,1679.610107421875,1679.610107421875,60,630.8511961251497,0.05632000043988228,570a805d4b364d1f0e81028c283011c64f32c44cd470df6eaab4bb7e9c106d51,True
139,4,60,225,recent_k8,3.871450662612915,51.224124908447266,51.224124908447266,3.871450662612915,0.0016012191772460938,232.2870330810547,3073.447265625,3073.447265625,60,613.1899789907038,0.06451199948787689,1a760dd888c99463c83b82bb5e5083575e52eca8733344df0ef7bce6c1b08676,True
140,4,26,30,recent_k8,6.18822717666626,71.35261535644531,71.35261535644531,6.18822717666626,0.0023746490478515625,371.2936096191406,4281.15673828125,4281.15673828125,60,612.3379580676556,0.05632000043988228,512307c6421b722de7590bb42341dfb253a0a276f12c8e6c3fbb6c98d4422b3c,True
141,4,26,45,recent_k8,1.0661762952804565,1.9658399820327759,1.9658399820327759,1.0661762952804565,6.526708602905273e-05,63.97057342529297,117.95039367675781,117.95039367675781,60,612.7843931317329,0.055296000093221664,723e0f3115bc8ebaf3b093a76bff564e78c501fd1a9b155df892e80213478b4a,True
142,4,26,60,recent_k8,2.6184399127960205,13.342241287231445,13.342241287231445,2.6184399127960205,0.00045561790466308594,157.10638427734375,800.534423828125,800.534423828125,60,615.7196988351643,0.06451199948787689,54b7db9268b13d672ba63096e97da17cff1a4c26598febb440d2407ca9d3caf9,True
143,4,26,75,recent_k8,1.3542428016662598,3.105196952819824,3.105196952819824,1.3542428016662598,0.00010335445404052734,81.25456237792969,186.3118133544922,186.3118133544922,60,606.6285436972976,0.06143999844789505,822be962fdfeb4d38def9ff265d9c6033ed69a663b63781b6a17f1217195e363,True
144,4,26,90,recent_k8,1.3064677715301514,3.4707231521606445,3.4707231521606445,1.3064677715301514,0.00011444091796875,78.3880615234375,208.24337768554688,208.24337768554688,60,620.1439728029072,0.05628800019621849,6e00f036a6ad1a70481434698c8989e675475c97fb98938411ab164fce40390c,True
145,4,26,105,recent_k8,2.246365785598755,7.71404504776001,7.71404504776001,2.246365785598755,0.00026106834411621094,134.7819366455078,462.8426818847656,462.8426818847656,60,609.7609577700496,0.06451199948787689,39be7e8ed2dcd8cd8cc1032df83995a6cf4c55760dd21d862fa27fcb968e5529,True
146,4,26,120,recent_k8,1.8490463495254517,5.330963611602783,5.330963611602783,1.8490463495254517,0.00016963481903076172,110.9427719116211,319.8577880859375,319.8577880859375,60,609.3838009983301,0.05632000043988228,3c35c1967e3f01460588d8c9b0372dd3b1cf66cc9b25d21cd15cce3ec6001fa1,True
147,4,26,135,recent_k8,2.269209384918213,9.250044822692871,9.250044822692871,2.269209384918213,0.0002994537353515625,136.15255737304688,555.002685546875,555.002685546875,60,609.5164101570845,0.05734400078654289,c7d31e1195e775efe8092a88756c4063219f091f623d217ea7b42f104ea11175,True
148,4,26,150,recent_k8,1.3344366550445557,2.8157010078430176,2.8157010078430176,1.3344366550445557,0.00010091066360473633,80.06619262695312,168.94204711914062,168.94204711914062,60,609.9233068525791,0.05734400078654289,05dd76fefed5fbd0f3ff0df413ba38c7d45aae9ee53dae60e1f76cdc61d3d6fe,True
149,4,26,165,recent_k8,3.7238667011260986,33.97328186035156,33.97328186035156,3.7238667011260986,0.00107574462890625,223.43199157714844,2038.3968505859375,2038.3968505859375,60,613.8741853646934,0.05734400078654289,bf17653ba209f44bfd748639ba0db5d62d09c64fbf3fd11666603d67078d9311,True
150,4,26,180,recent_k8,10.309784889221191,463.22857666015625,463.22857666015625,10.309784889221191,0.01435089111328125,618.5870361328125,27793.712890625,27793.712890625,60,614.1498233191669,0.06656000018119812,d45d6df7d9f215078226bca22119f8de636cad622272fd8171aa2c7e879aaecb,True
151,4,26,195,recent_k8,7.5005717277526855,148.71755981445312,148.71755981445312,7.5005717277526855,0.00469970703125,450.0342712402344,8923.052734375,8923.052734375,60,613.9754136092961,0.05734400078654289,dda9e6a69cafb0321eca01f802b73f7e321273586a738c7f66d573c9deaa6bc5,True
152,4,26,210,recent_k8,17.555458068847656,596.8755493164062,596.8755493164062,17.555458068847656,0.019622802734375,1053.327392578125,35812.53125,35812.53125,60,614.0629928559065,0.05632000043988228,fc6f4ce1714b4f0b713ee361360b6fb8600ee15900d1c0331bba7e9f531543f4,True
153,4,26,225,recent_k8,28.47071647644043,5701.07421875,1587.14794921875,28.47071647644043,0.17822265625,1708.242919921875,342064.4375,95228.875,60,614.3075306899846,0.05734400078654289,f6592d8f621fb7cf882db890c4e27912be6a37440e1b89cd80870951ddf1b8e9,True
154,4,21,30,recent_k8,2.2640628814697266,6.860560417175293,6.860560417175293,2.2640628814697266,0.00022935867309570312,135.84376525878906,411.63360595703125,411.63360595703125,60,613.9335138723254,0.057312000542879105,4a78197ef0dfe908c1c58e542df578cd5a3fb9caa38bf5b1aa0b34dd2352795a,True
155,4,21,45,recent_k8,2.076629877090454,6.509472370147705,6.509472370147705,2.076629877090454,0.00020647048950195312,124.59778594970703,390.5683288574219,390.5683288574219,60,613.3447880856693,0.05734400078654289,3049f89a3e6db508c928ddeaf6a6553ec57dedd66d078cff4c6e26d337810cb5,True
156,4,21,60,recent_k8,1.9600095748901367,5.609974384307861,5.609974384307861,1.9600095748901367,0.0001876354217529297,117.60057067871094,336.59844970703125,336.59844970703125,60,613.2434597238898,0.056352000683546066,ab9e5e8265a007fb6277d401b6914a44c0fd95641045b9edb281ff9e9d9df2c7,True
157,4,21,75,recent_k8,1.5921074151992798,4.223099708557129,4.223099708557129,1.5921074151992798,0.00013947486877441406,95.52644348144531,253.38595581054688,253.38595581054688,60,613.3040292188525,0.05734400078654289,669b67d9918dcb5eb47d82c72ef8bbd3e3aea9abdaac84bd006e89913f63e7ae,True
158,4,21,90,recent_k8,1.767054557800293,4.794317245483398,4.794317245483398,1.767054557800293,0.0001577138900756836,106.02326965332031,287.6590270996094,287.6590270996094,60,613.3189387619495,0.05734400078654289,31adb444f83ee0b94d68ac77b73f4412301c63957bdff18c17476083018d842b,True
159,4,21,105,recent_k8,1.4065247774124146,3.7043707370758057,3.7043707370758057,1.4065247774124146,0.00012117624282836914,84.3914794921875,222.26223754882812,222.26223754882812,60,613.5767172090709,0.058368001133203506,5ab64df9f12fc9ae06a18da601edf66c6c1b6cc82198e510900d8f5bff4c6e74,True
160,4,21,120,recent_k8,1.819972038269043,5.077502727508545,5.077502727508545,1.819972038269043,0.0001665353775024414,109.19831848144531,304.650146484375,304.650146484375,60,612.8518930636346,0.05734400078654289,2fc5e765b9b2985f956e1c7f5c19eb45fc94f0807ca221d7d2643da2ea69f1a5,True
161,4,21,135,recent_k8,1.601661205291748,4.070461273193359,4.070461273193359,1.601661205291748,0.00013387203216552734,96.09967041015625,244.2276611328125,244.2276611328125,60,613.6956559494138,0.055296000093221664,f5ce8e40616f8fcc6cae6c588fa72df9b90cc25bc5c69fd5f078ab491ad7bcb5,True
162,4,21,150,recent_k8,1.5955864191055298,4.182145595550537,4.182145595550537,1.5955864191055298,0.00013637542724609375,95.73518371582031,250.9287109375,250.9287109375,60,608.7764161638916,0.05632000043988228,723a04c561c8f3f996983e4b560df57e7498274c78ef24f2382f16f2c43cc79f,True
163,4,21,165,recent_k8,5.18121337890625,80.2788314819336,80.2788314819336,5.18121337890625,0.0024852752685546875,310.8727722167969,4816.7294921875,4816.7294921875,60,603.842306882143,0.05734400078654289,f57f6504bad3c683c9ad91cd44363258cbc69d625fc2897982f8b2081f1d3664,True
164,4,21,180,recent_k8,5.780473232269287,110.98235321044922,110.98235321044922,5.780473232269287,0.0034618377685546875,346.828369140625,6658.94091796875,6658.94091796875,60,609.7813476808369,0.05734400078654289,9a44d310878e2e50d447f4dff6389c77a40364c8d81139338ee2aea4d07dcaed,True
165,4,21,195,recent_k8,3.3909969329833984,19.954221725463867,19.954221725463867,3.3909969329833984,0.0006327629089355469,203.45980834960938,1197.2532958984375,1197.2532958984375,60,607.8908531926572,0.05632000043988228,1392be1072a3504a88071d076c2f86c8e0a55b5530e4a0c96659770b8dd33cf5,True
166,4,21,210,recent_k8,1.9784778356552124,6.500483989715576,6.500483989715576,1.9784778356552124,0.00020885467529296875,118.70866394042969,390.0290222167969,390.0290222167969,60,607.9743430018425,0.05632000043988228,95c600a9138acd20b1092dd34fa0b29b9b46b971ce6a0dcb094c9c1abbb67e82,True
167,4,21,225,recent_k8,1.690178632736206,4.946972846984863,4.946972846984863,1.690178632736206,0.00016129016876220703,101.41071319580078,296.818359375,296.818359375,60,612.4277566559613,0.05539200082421303,f7e69165b6417f6a0957e9951399f78248d7ab5e2387d3c29687c0564351e57f,True
168,4,44,30,recent_k8,8.301600456237793,115.60736083984375,115.60736083984375,8.301600456237793,0.00540924072265625,498.09600830078125,6936.44140625,6936.44140625,60,611.7147020995617,0.05632000043988228,bd01f432b5459be7df629ef24247cf1f7e41cd301348ef23287a6165ff13e232,True
169,4,44,45,recent_k8,5.637199401855469,69.57533264160156,69.57533264160156,5.637199401855469,0.00231170654296875,338.23193359375,4174.51953125,4174.51953125,60,612.7228736877441,0.058368001133203506,71dd0eb6b36db111984cac539284387f30133401891a53bb0a5a659c71bab8a4,True
170,4,44,60,recent_k8,4.5628509521484375,48.76020050048828,48.76020050048828,4.5628509521484375,0.0015687942504882812,273.77105712890625,2925.61181640625,2925.61181640625,60,613.0021610297263,0.05632000043988228,f611cbf8e45537c1fa4fed684f677c5b0714792f7020eff10c705237a24bc78d,True
171,4,44,75,recent_k8,4.997164249420166,53.736724853515625,53.736724853515625,4.997164249420166,0.0020847320556640625,299.829833984375,3224.203369140625,3224.203369140625,60,611.8920207954943,0.05632000043988228,4873e0539e5bfe944d106d1ceda9ee46b534ec06385bcd6fdd10ffaa3e2b6621,True
172,4,44,90,recent_k8,17.334897994995117,790.5794677734375,790.5794677734375,17.334897994995117,0.0267486572265625,1040.0938720703125,47434.765625,47434.765625,60,611.4077940583229,0.05632000043988228,9226ab09de510cdf693d2ac915aca0bef49c7b5009485ddbdd534c948b3d91ca,True
173,4,44,105,recent_k8,15.242648124694824,769.0074462890625,769.0074462890625,15.242648124694824,0.0259552001953125,914.558837890625,46140.4453125,46140.4453125,60,611.7077521048486,0.05632000043988228,959f91d359e8473bc93030cdebbcc124c1122af7780d4df67d111bdfe286bbc8,True
174,4,44,120,recent_k8,8.266576766967773,147.7717742919922,147.7717742919922,8.266576766967773,0.00510406494140625,495.99456787109375,8866.3056640625,8866.3056640625,60,611.3621350377798,0.05734400078654289,a6f4ca31924a9e1221cdfb7f0b4e60eece748a789527a82bd0be7086e7f61dad,True
175,4,44,135,recent_k8,6.105087757110596,55.619842529296875,55.619842529296875,6.105087757110596,0.0028362274169921875,366.30523681640625,3337.1904296875,3337.1904296875,60,611.8524610064924,0.05632000043988228,5e55f5b99773d525c7bb0750760007d9e1dcd5775534c56c269b16c893480538,True
176,4,44,150,recent_k8,6.7589287757873535,111.1255111694336,111.1255111694336,6.7589287757873535,0.0038814544677734375,405.53570556640625,6667.5302734375,6667.5302734375,60,610.9931180253625,0.05734400078654289,1dfb3b33b6b0beede8f3ff4e0a5f99d2b53a4bce1540b2e43cbf0c3ef3892838,True
177,4,44,165,recent_k8,14.703084945678711,400.3576354980469,400.3576354980469,14.703084945678711,0.0135040283203125,882.18505859375,24021.45703125,24021.45703125,60,611.6357333958149,0.055296000093221664,e760ef916d7d7dce04ba107a2666b741e9f972bd4ee142d30a2431a5437266d4,True
178,4,44,180,recent_k8,24.214855194091797,1576.5093994140625,1576.5093994140625,24.214855194091797,0.04931640625,1452.8912353515625,94590.5625,94590.5625,60,610.8726789243519,0.05632000043988228,4e1f0767c4d8aeba7658323ae2573772f941f1b9ff018ba3c247be5809668fdc,True
179,4,44,195,recent_k8,12.14623737335205,227.891357421875,227.891357421875,12.14623737335205,0.00904083251953125,728.7742309570312,13673.48046875,13673.48046875,60,612.3332069255412,0.05734400078654289,7d5cb6db8e2c6a8374b5bc23336f6c271058eadd95c43fe1eb3a59749cb347ab,True
180,4,44,210,recent_k8,14.77284049987793,478.6071472167969,478.6071472167969,14.77284049987793,0.0157012939453125,886.370361328125,28716.427734375,28716.427734375,60,611.1061465926468,0.055296000093221664,070340b3acfe612896112049b269eaf0a8d2611915ddf86e46cbe9af5b468b77,True
181,4,44,225,recent_k8,19.186548233032227,663.3184204101562,663.3184204101562,19.186548233032227,0.02117919921875,1151.19287109375,39799.1015625,39799.1015625,60,611.7673609405756,0.055296000093221664,761cff150196530b0216fbdb8363f643ed0689b70e8ea08eca5823cee8f774eb,True
182,4,23,30,recent_k8,38.68680953979492,3745.47509765625,3745.47509765625,38.68680953979492,0.119873046875,2321.20849609375,224728.5,224728.5,60,612.2328373603523,0.05734400078654289,32d47ac58c566fb624ce7d9e741147a47158c1e9617ac5cc1a419477a6ee1dd9,True
183,4,23,45,recent_k8,10.166574478149414,213.40139770507812,213.40139770507812,10.166574478149414,0.007579803466796875,609.9944458007812,12804.0830078125,12804.0830078125,60,612.8334021195769,0.05632000043988228,7f1f73262b3804a523f8b290d6de1779d109d94202637f1e7c5effbdeabaae5f,True
184,4,23,60,recent_k8,29.037046432495117,1722.2628173828125,1722.2628173828125,29.037046432495117,0.055633544921875,1742.22265625,103335.765625,103335.765625,60,612.3827169649303,0.055296000093221664,298e2886482ca5f46fb1aea304a67d847601a9410ae5be2105f1dd157e91d07a,True
185,4,23,75,recent_k8,10.068111419677734,164.51670837402344,164.51670837402344,10.068111419677734,0.01387786865234375,604.086669921875,9871.001953125,9871.001953125,60,613.4269079193473,0.05632000043988228,4d58301a818dceaca5a82b5c7669921dd0a915db93e12294d6f32f35d0a0bf06,True
186,4,23,90,recent_k8,10.347626686096191,180.2343292236328,180.2343292236328,10.347626686096191,0.01432037353515625,620.8575439453125,10814.0595703125,10814.0595703125,60,612.0648388750851,0.055296000093221664,b7037ba0c05e1b127ef0774a2b68456df90e6afc1d1e998e8454a93eecc40ee5,True
187,4,23,105,recent_k8,8.323335647583008,199.2687225341797,199.2687225341797,8.323335647583008,0.00823974609375,499.40008544921875,11956.123046875,11956.123046875,60,637.6297497190535,0.05734400078654289,5c9de80fc3aef9d8b8b26112562aa3152c816c2a6519627b1533c875f07dc5d0,True
188,4,23,120,recent_k8,42.02910614013672,5987.94189453125,5499.41162109375,42.02910614013672,0.1851806640625,2521.746337890625,359276.5,329964.6875,60,636.4883980713785,0.0870399996638298,b9d2be0e8074f237c8360cafeef5850d616dbfbddbc0ebb72fe897ce07892eb1,True
189,4,23,135,recent_k8,39.11246871948242,16606.8984375,3346.25830078125,39.11246871948242,0.513671875,2346.748046875,996413.875,200775.484375,60,632.9268487170339,0.05632000043988228,854c6283b2cee1975a47e772dc8dbb5033d653077877936e52378969434c33db,True
190,4,23,150,recent_k8,21.636581420898438,13367.49609375,927.1881713867188,21.636581420898438,0.424560546875,1298.19482421875,802049.75,55631.2890625,60,639.39323509112,0.05632000043988228,49a1fae84a93a8eeebd78652c4ffbbf8da02a7311f00d5cd4bd6f9d3bfb0f8f4,True
191,4,23,165,recent_k8,55.56852722167969,8740.6044921875,7554.46484375,55.56852722167969,0.274658203125,3334.111572265625,524436.25,453267.875,60,632.504440844059,0.05734400078654289,647e411acb3e6c0704d80d886fb5be4c059e582604156272285b7228f9ee924f,True
192,4,23,180,recent_k8,30.889915466308594,12618.1298828125,2306.595458984375,30.889915466308594,0.391845703125,1853.394775390625,757087.75,138395.71875,60,631.6645289771259,0.05632000043988228,c0a5fa29f703f1f74f0c3965996a9a6b1895793fccce4ad63720d6d2b9429840,True
193,4,23,195,recent_k8,45.27666473388672,4474.84716796875,4474.84716796875,45.27666473388672,0.1397705078125,2716.599853515625,268490.8125,268490.8125,60,631.8387072533369,0.0655359998345375,998c2f1aa38ed697d6d9f451fae48d6e6bc14b186f30a33ef291b6e1a66d8cfe,True
194,4,23,210,recent_k8,33.746063232421875,2201.150634765625,2201.150634765625,33.746063232421875,0.0792236328125,2024.763671875,132069.03125,132069.03125,60,631.2992507591844,0.055296000093221664,8c658ed8ed2cd2ca6e414c41e6a76f61425a1af5e57401607414dc80fe87a47f,True
195,4,23,225,recent_k8,29.52617073059082,9424.6484375,1852.5152587890625,29.52617073059082,0.294677734375,1771.5701904296875,565478.875,111150.90625,60,631.95989606902,0.05632000043988228,e9f05651416414f28b45fc30978a15ad4e35d4e6172b45259a22707d303e188d,True
196,4,53,30,recent_k8,7.987387180328369,136.4517822265625,136.4517822265625,7.987387180328369,0.00469207763671875,479.2431945800781,8187.1064453125,8187.1064453125,60,631.5889791585505,0.05734400078654289,b7a4873d9d109bbca66d6e0bd85503fe91fcf6c52aa96afd12e82fd0451ce53f,True
197,4,53,45,recent_k8,10.06112003326416,163.8583221435547,163.8583221435547,10.06112003326416,0.005584716796875,603.6671752929688,9831.4990234375,9831.4990234375,60,632.54937203601,0.05734400078654289,e379072368823b98166a11e67ad481c69a7743f598e1295669180dd4dc42b979,True
198,4,53,60,recent_k8,4.3209710121154785,40.355045318603516,40.355045318603516,4.3209710121154785,0.0012941360473632812,259.25823974609375,2421.302490234375,2421.302490234375,60,631.7642168141901,0.05632000043988228,ac48c23d60d38c9488e09cb8aaff20297d062495297de7bf6e23af4855f181a5,True
199,4,53,75,recent_k8,14.736551284790039,419.1496887207031,419.1496887207031,14.736551284790039,0.013153076171875,884.1930541992188,25148.98046875,25148.98046875,60,631.0965330339968,0.05632000043988228,c2d8989bcee810907e939ab576e564ffa92453b9cb66b7b77704caf3584beefd,True
200,4,53,90,recent_k8,23.792070388793945,838.5125732421875,838.5125732421875,23.792070388793945,0.027984619140625,1427.524169921875,50310.75,50310.75,60,609.8813973367214,0.05939200147986412,22629b34d4a5b23452056de310844ff270872bd901f849032b02e76e21acf605,True
201,4,53,105,recent_k8,16.461456298828125,480.9748229980469,480.9748229980469,16.461456298828125,0.0157318115234375,987.6873168945312,28858.48828125,28858.48828125,60,608.8067758828402,0.06348799914121628,ff99ff4c7cd3c7d4985a3b26187a947d4a7d9ae0953cfefd6d824185b4749ed4,True
202,4,53,120,recent_k8,21.27538299560547,896.1747436523438,896.1747436523438,21.27538299560547,0.03314208984375,1276.52294921875,53770.48046875,53770.48046875,60,609.9887662567198,0.05536000058054924,0d4899daa44da46f48e19e8f1f853e7e02603df8d0e51891547276751ae93da4,True
203,4,53,135,recent_k8,12.8788480758667,321.8263854980469,321.8263854980469,12.8788480758667,0.01136016845703125,772.7308349609375,19309.58203125,19309.58203125,60,615.8529776148498,0.055296000093221664,049f58178202f02f491508a1ea43df0938ac4c4d269f40d6ac1c6b2412b4c4b0,True
204,4,53,150,recent_k8,7.240986347198486,82.61002349853516,82.61002349853516,7.240986347198486,0.0026264190673828125,434.45916748046875,4956.60107421875,4956.60107421875,60,603.1663422472775,0.05632000043988228,3154b5b609c7017887328e8459125e53bf061dc81a47799bad85bf78735f7d86,True
205,4,53,165,recent_k8,16.05100440979004,534.0812377929688,534.0812377929688,16.05100440979004,0.0194244384765625,963.0601806640625,32044.87109375,32044.87109375,60,604.0404452942312,0.05539200082421303,5669728b228eee5e191c390cbe56013f80c23ee76b2b74558de81ab6ad3e4abc,True
206,4,53,180,recent_k8,14.058737754821777,530.4443359375,530.4443359375,14.058737754821777,0.0183258056640625,843.5242309570312,31826.66015625,31826.66015625,60,602.7612159959972,0.05427199974656105,b141ff7c808a8ae667fed2c8f2bd78d680d2f71bcf323423c9a5c2d064caf75b,True
207,4,53,195,recent_k8,9.044776916503906,157.24835205078125,157.24835205078125,9.044776916503906,0.00562286376953125,542.6865844726562,9434.900390625,9434.900390625,60,683.7158007547259,0.05526399984955788,7d50df5a3a722058ffaaf7f702fe15c57cda80cbd7089045dfdf86cdd455da6f,True
208,4,53,210,recent_k8,16.654277801513672,507.3799743652344,507.3799743652344,16.654277801513672,0.0166168212890625,999.256591796875,30442.796875,30442.796875,60,676.552290096879,0.06963200122117996,c368f7b5d690ca2244a31aa7babed8a528f59cc2ada7302214a74c1589aea7b8,True
209,4,53,225,recent_k8,12.565114974975586,456.6946716308594,456.6946716308594,12.565114974975586,0.0160064697265625,753.9068603515625,27401.6796875,27401.6796875,60,659.9236358888447,0.1013759970664978,870131d756177fd15ed900430f93068ba577924f44fb0a3f1cc945f2579dfc4a,True
210,4,84,30,recent_k8,39.643985748291016,5191.3017578125,4457.119140625,39.643985748291016,0.1619873046875,2378.638916015625,311478.09375,267427.125,60,655.533691868186,0.07168000191450119,0c4ab39646ebe3eef845361b4e7b079e04f1d6512ad7155b64bd6f5eec44c67a,True
211,4,84,45,recent_k8,11.36754035949707,262.3604736328125,262.3604736328125,11.36754035949707,0.0091552734375,682.0523681640625,15741.626953125,15741.626953125,60,666.3763439282775,0.07372800260782242,fe14670f7ed9c55ef546faa20496c810c1e63f5c1fb4fcee1874230e28abe605,True
212,4,84,60,recent_k8,35.166404724121094,3285.3779296875,3285.3779296875,35.166404724121094,0.10919189453125,2109.984130859375,197122.671875,197122.671875,60,683.449693955481,0.07065600156784058,5e279a605b53af75299974df97e7b0188d4471b5dc5f949a1de64ebc5f0e3da8,True
213,4,84,75,recent_k8,32.40760040283203,2264.188720703125,2264.188720703125,32.40760040283203,0.07452392578125,1944.455810546875,135851.3125,135851.3125,60,627.6698308065534,0.07065600156784058,c7e93cc1d05b61e1c188385f2c2002106797e9c78f8068e729bed782892c8a06,True
214,4,84,90,recent_k8,6.979435443878174,84.82501220703125,84.82501220703125,6.979435443878174,0.0035495758056640625,418.76611328125,5089.50048828125,5089.50048828125,60,620.4789411276579,0.06656000018119812,6d0c106a5cd61061ea87de9c11062abba6d7e86503c665dcd3d8864504f3d545,True
215,4,84,105,recent_k8,8.708022117614746,180.28704833984375,180.28704833984375,8.708022117614746,0.007480621337890625,522.4813232421875,10817.22265625,10817.22265625,60,610.6567909009755,0.0655359998345375,807cf7457b9e9a810878dbe17cf9accbb2aaf7e0e24e6ce8ef50953f1c74c3d4,True
216,4,84,120,recent_k8,11.630583763122559,212.83468627929688,212.83468627929688,11.630583763122559,0.007289886474609375,697.8349609375,12770.080078125,12770.080078125,60,605.6314222514629,0.05632000043988228,b724327e71affef2fbbb5b41386ef63071615b68ed8b8b578c98fab1c5919955,True
217,4,84,135,recent_k8,2.3365678787231445,9.198521614074707,9.198521614074707,2.3365678787231445,0.0003437995910644531,140.19406127929688,551.9112548828125,551.9112548828125,60,602.989702951163,0.06355199962854385,fee2584159554def2d4fa8df41f19b6227f8081a13c14236ab9df4de8503b621,True
218,4,84,150,recent_k8,2.447356939315796,8.846086502075195,8.846086502075195,2.447356939315796,0.00030994415283203125,146.84141540527344,530.76513671875,530.76513671875,60,606.2636272981763,0.055296000093221664,76bc87f295852d987efe308c620e251b2ec23f9c8374031acd89d68e614cd946,True
219,4,84,165,recent_k8,13.905478477478027,493.5745849609375,493.5745849609375,13.905478477478027,0.0211181640625,834.3286743164062,29614.47265625,29614.47265625,60,611.2144258804619,0.058368001133203506,20a450dbcc0c28c988b8fb0076d210a8c483d73312d9d60b960f1c9cbcc3cd32,True
220,4,84,180,recent_k8,28.042343139648438,1512.4976806640625,1512.4976806640625,28.042343139648438,0.0638427734375,1682.54052734375,90749.859375,90749.859375,60,610.2012046612799,0.05734400078654289,89cad1c0eaf5f79bb4a4e9eac9459d724194406b0268a7213554f4b5a91d5a05,True
221,4,84,195,recent_k8,11.244845390319824,241.18260192871094,241.18260192871094,11.244845390319824,0.0084075927734375,674.690673828125,14470.955078125,14470.955078125,60,610.4589919559658,0.05734400078654289,b571da3db117f224fcf1830770884a1255d80deff43cd2f4885162b55e1793a1,True
222,4,84,210,recent_k8,12.991979598999023,310.55853271484375,310.55853271484375,12.991979598999023,0.01038360595703125,779.5187377929688,18633.51171875,18633.51171875,60,610.3093638084829,0.05632000043988228,9e3091d50e1ae7d08e915b1b17d31c06c694cda9fc8243606507195b05bf9ad7,True
223,4,84,225,recent_k8,5.90678071975708,113.21345520019531,113.21345520019531,5.90678071975708,0.0037631988525390625,354.4068298339844,6792.80712890625,6792.80712890625,60,611.2301559187472,0.055296000093221664,115200b202f3896e678e7e169dd96edeb914640bdb0b92b9d56ba5fcd9983d66,True
224,4,59,30,recent_k8,3.465163230895996,15.055413246154785,15.055413246154785,3.465163230895996,0.0006003379821777344,207.9097900390625,903.3247680664062,903.3247680664062,60,610.5621722526848,0.05734400078654289,8e3ade9429ed0c0fea4e8e9616fb4859056a8a7002294df13ba70caf81fe1ddf,True
225,4,59,45,recent_k8,1.9195990562438965,5.069139003753662,5.069139003753662,1.9195990562438965,0.00033354759216308594,115.17593383789062,304.1483154296875,304.1483154296875,60,610.6557608582079,0.06348799914121628,91a33036933c85d4e24df404c6b6d4f7882ddcf3c011466c9652ed039fac6724,True
226,4,59,60,recent_k8,1.6520167589187622,4.60388708114624,4.60388708114624,1.6520167589187622,0.00025177001953125,99.12100219726562,276.23321533203125,276.23321533203125,60,610.6963497586548,0.055296000093221664,550592033f54e71165f7aa6bbe657626e80951c39ed9a1617076bbf407bb339a,True
227,4,59,75,recent_k8,1.70962655544281,8.619633674621582,8.619633674621582,1.70962655544281,0.0002722740173339844,102.57759094238281,517.177978515625,517.177978515625,60,610.9976680018008,0.05632000043988228,f073e1e534353a73b3f481bb2638f3379a7a0183a9ff0aa916f91274d4b25069,True
228,4,59,90,recent_k8,2.2376551628112793,15.826360702514648,15.826360702514648,2.2376551628112793,0.0005850791931152344,134.25930786132812,949.5816040039062,949.5816040039062,60,610.2909240871668,0.05632000043988228,78a7681df320eadd4231bcb8bc121ef1fd71a0ab48a8372ae6fba50331a95984,True
229,4,59,105,recent_k8,3.177293300628662,18.90753936767578,18.90753936767578,3.177293300628662,0.0008144378662109375,190.63758850097656,1134.4522705078125,1134.4522705078125,60,610.5047021992505,0.05632000043988228,f60542b6dfefaa5d382c4a2fac00765ffadd2c49241f26c95fa38d527242aa8a,True
230,4,59,120,recent_k8,3.793261766433716,20.687498092651367,20.687498092651367,3.793261766433716,0.0008902549743652344,227.59568786621094,1241.2498779296875,1241.2498779296875,60,609.7413580864668,0.05632000043988228,ba4bcc092755b7a863e76f730f52daf39016fbb18d4dca6c96020d5b164f7bb3,True
231,4,59,135,recent_k8,2.057523727416992,6.421934127807617,6.421934127807617,2.057523727416992,0.0004100799560546875,123.45142364501953,385.3160400390625,385.3160400390625,60,610.5852508917451,0.05632000043988228,45f1746ed1ae4042f0dba42e08cf973f1df05207c0b7bfc7ff6f5939409069a9,True
232,4,59,150,recent_k8,1.5443987846374512,4.674745082855225,4.674745082855225,1.5443987846374512,0.000186920166015625,92.66392517089844,280.48468017578125,280.48468017578125,60,609.815358184278,0.05734400078654289,698f3fe64f3fcf509ab9f5fbe25e056141d72a01e78c711b3fb3fa60851a3df6,True
233,4,59,165,recent_k8,10.35649299621582,237.85716247558594,237.85716247558594,10.35649299621582,0.00836944580078125,621.3895263671875,14271.4287109375,14271.4287109375,60,610.3323330171406,0.055296000093221664,e9a43c110d5963888cfce4d9db2af08446b3c12d9d332fd18c3897153801e0c4,True
234,4,59,180,recent_k8,12.365666389465332,361.01654052734375,361.01654052734375,12.365666389465332,0.01306915283203125,741.93994140625,21660.9921875,21660.9921875,60,609.3073417432606,0.05632000043988228,066df24830832459fb6de493eb90d80dae9fd079c43718b2a4d6653d0e42cdbe,True
235,4,59,195,recent_k8,3.814929962158203,27.738725662231445,27.738725662231445,3.814929962158203,0.00130462646484375,228.89578247070312,1664.323486328125,1664.323486328125,60,609.6186889335513,0.0655359998345375,0e3665ea6f9039a9e9247188a9c4eadaef0083077d0880c0bb5995ec0895f635,True
236,4,59,210,recent_k8,2.595874786376953,8.172511100769043,8.172511100769043,2.595874786376953,0.0004229545593261719,155.75247192382812,490.35064697265625,490.35064697265625,60,610.0027356296778,0.05632000043988228,a57ab254019b0fca70aa4475de831c39be678a7dfac33876f61536ae64ea9c31,True
237,4,59,225,recent_k8,3.0135974884033203,27.719512939453125,27.719512939453125,3.0135974884033203,0.001018524169921875,180.8158416748047,1663.170654296875,1663.170654296875,60,610.3473529219627,0.06451199948787689,08bac663354cc847882775eb5cb14d44a74328e0e5e1c715b47d0a12a405d5a9,True
238,4,49,30,recent_k8,21.888916015625,883.459228515625,883.459228515625,21.888916015625,0.034576416015625,1313.3348388671875,53007.55078125,53007.55078125,60,610.7169999741018,0.05734400078654289,b08ffac3802a4d5663aa3cf1978bf1e0c05fc4199e670ff4b093d296b7ce6d38,True
239,4,49,45,recent_k8,17.317302703857422,547.390625,547.390625,17.317302703857422,0.025146484375,1039.0380859375,32843.4375,32843.4375,60,609.9096769466996,0.05632000043988228,4dd0d137b325b5f7c00263044492a14828de6d48a68a801bbff3628bc00e9970,True
240,4,49,60,recent_k8,24.009485244750977,893.5580444335938,893.5580444335938,24.009485244750977,0.036407470703125,1440.569091796875,53613.48046875,53613.48046875,60,609.1971527785063,0.055296000093221664,b5bd0b3a1432837398cf36cbb373ef653f9f80892b804eeef33293f98238f2bd,True
241,4,49,75,recent_k8,13.875667572021484,434.2292785644531,434.2292785644531,13.875667572021484,0.01415252685546875,832.5400390625,26053.755859375,26053.755859375,60,609.9594458937645,0.062463998794555664,c286210c7a378d454e0a8e89c4165af11d5ea71b325912a97fd1dedbac597e9a,True
242,4,49,90,recent_k8,10.109210968017578,164.13363647460938,164.13363647460938,10.109210968017578,0.006381988525390625,606.5526123046875,9848.017578125,9848.017578125,60,609.3965210020542,0.055296000093221664,fc0f7ce6fd46a78a6640178b14c4a81697c49b398c409946fa48756a84b682c2,True
243,4,49,105,recent_k8,4.808085918426514,33.15543746948242,33.15543746948242,4.808085918426514,0.0016880035400390625,288.4851379394531,1989.326171875,1989.326171875,60,610.1410551927984,0.05632000043988228,47a445a48178159b53f24cb85514886cbd9011cc0aaa70a41241dc39c9b640c0,True
244,4,49,120,recent_k8,10.306008338928223,198.56436157226562,198.56436157226562,10.306008338928223,0.0087127685546875,618.3604736328125,11913.861328125,11913.861328125,60,609.6257590688765,0.05632000043988228,e3c47e64f35db30ec67da6e53c521796cb5578e78448a9f41a4856bd130672dd,True
245,4,49,135,recent_k8,22.371110916137695,826.0335083007812,826.0335083007812,22.371110916137695,0.0277099609375,1342.2666015625,49562.0078125,49562.0078125,60,609.7152391448617,0.05632000043988228,716577eaca7758c3f8a56a6d77b3817033898bb0588f04845e8e43d5fa37e9c9,True
246,4,49,150,recent_k8,36.8060417175293,3952.178955078125,3171.498046875,36.8060417175293,0.1275634765625,2208.3623046875,237130.71875,190289.875,60,609.4340700656176,0.05734400078654289,f04d8b2080c39825c0e576228deeb87d5bc77b32caaaf16939c4c1afe22e9561,True
247,4,49,165,recent_k8,40.95351028442383,17700.263671875,4031.515380859375,40.95351028442383,0.55224609375,2457.21044921875,1062015.75,241890.90625,60,609.9501559510827,0.05632000043988228,d1a529e9b5355d2f857ebc555d40b20559eaaad5e22c0aa34778a0208528a2b7,True
248,4,49,180,recent_k8,10.402234077453613,174.36312866210938,174.36312866210938,10.402234077453613,0.005756378173828125,624.134033203125,10461.787109375,10461.787109375,60,609.4276811927557,0.055296000093221664,606423209365ca6b437cdba747a427636ef6f844837dc079304ad3b56b564f70,True
249,4,49,195,recent_k8,11.528294563293457,301.60711669921875,301.60711669921875,11.528294563293457,0.01007080078125,691.6976318359375,18096.42578125,18096.42578125,60,610.7913502492011,0.05632000043988228,260aaebed8bcd2562267011323cf0babe89403ed2c1976bdc8ad037462911562,True
250,4,49,210,recent_k8,32.639854431152344,6605.7099609375,2838.331298828125,32.639854431152344,0.208984375,1958.39111328125,396342.5625,170299.875,60,610.2042249403894,0.06656000018119812,c38330c489789355ee28047a84d28ffe9eaffc5506e17a1c739d735d0f1f5ad2,True
251,4,49,225,recent_k8,46.87506103515625,6190.1435546875,4798.6865234375,46.87506103515625,0.191650390625,2812.50341796875,371408.59375,287921.1875,60,610.316002741456,0.05632000043988228,dd3ae5401f5b86ce40497ac067ae0a4feb3e609f22acb5dd3f153a140a54ea04,True
252,4,7,30,recent_k8,14.11109447479248,296.2991638183594,296.2991638183594,14.11109447479248,0.011627197265625,846.6656494140625,17777.94921875,17777.94921875,60,610.3352443315089,0.05632000043988228,7cf37e91e2abfb328725bfb7aafa06629d6e053f71e93e046de26d8f1d415581,True
253,4,7,45,recent_k8,7.167670249938965,97.18799591064453,97.18799591064453,7.167670249938965,0.004180908203125,430.0601806640625,5831.279296875,5831.279296875,60,609.3193721026182,0.06348799914121628,ef148caefe46419e9b6b10eff01fccc32bfc45294c4bbdef999dcc91886ff690,True
254,4,7,60,recent_k8,6.561091899871826,84.66934204101562,84.66934204101562,6.561091899871826,0.0033397674560546875,393.6654968261719,5080.16015625,5080.16015625,60,609.6010287292302,0.06963200122117996,abcd08dfa1a0356332fc5f1b6e6fda1c741d0dc9ff17fe88613f19b50c464896,True
255,4,7,75,recent_k8,3.508066177368164,19.495458602905273,19.495458602905273,3.508066177368164,0.0012903213500976562,210.4839630126953,1169.7274169921875,1169.7274169921875,60,609.8868167027831,0.05734400078654289,c3125b4184027b9f4a92a1cf457937569306f4a23615ae1e6df3ee4b165f8c9f,True
256,4,7,90,recent_k8,3.7081875801086426,56.665706634521484,56.665706634521484,3.7081875801086426,0.0022945404052734375,222.49124145507812,3399.942138671875,3399.942138671875,60,606.0545979999006,0.05734400078654289,507b5d4547357be90255290fcf917b38f880e529753febcdcb94c5198d30a586,True
257,4,7,105,recent_k8,7.493606090545654,114.21913146972656,114.21913146972656,7.493606090545654,0.004848480224609375,449.6163330078125,6853.1474609375,6853.1474609375,60,608.7579671293497,0.055296000093221664,0b751471218d72db481f206d6a818e58d720223612388a69ae76f9008da14db5,True
258,4,7,120,recent_k8,9.254968643188477,139.06199645996094,139.06199645996094,9.254968643188477,0.00521087646484375,555.298095703125,8343.7197265625,8343.7197265625,60,616.654422134161,0.2529599964618683,6f9b43c8e0f7308ca564ac9f93eee2390c2c8d06d752523f50f999a02f3529a8,True
259,4,7,135,recent_k8,6.120377063751221,59.40789794921875,59.40789794921875,6.120377063751221,0.0024566650390625,367.22259521484375,3564.4736328125,3564.4736328125,60,612.1792383491993,0.05632000043988228,54cead9505cefc0e4aaaa3733829bad236f3c1155a684d1903ab2ced79b5cb0f,True
260,4,7,150,recent_k8,4.971604347229004,70.13304901123047,70.13304901123047,4.971604347229004,0.0031719207763671875,298.2962341308594,4207.98291015625,4207.98291015625,60,620.7390478812158,0.05427199974656105,c2528924a35a37da2e1c2c7ea9951cc799a7072b0dab2cce988d63fa47ef977e,True
261,4,7,165,recent_k8,17.394214630126953,617.4158325195312,617.4158325195312,17.394214630126953,0.0250701904296875,1043.65283203125,37044.94921875,37044.94921875,60,615.5466097407043,0.06451199948787689,700dc512d74f1abf38ee2878452f8111dd7cbf28775e3ff78b1bb759eb6ab232,True
262,4,7,180,recent_k8,21.799346923828125,939.6249389648438,939.6249389648438,21.799346923828125,0.037811279296875,1307.960693359375,56377.4921875,56377.4921875,60,612.4050067737699,0.055296000093221664,eb7f3a452f0a2f39162d4a1fe3d6461146d24f6629378d4a51aa0c2af4950c0d,True
263,4,7,195,recent_k8,9.925809860229492,189.29701232910156,189.29701232910156,9.925809860229492,0.00859832763671875,595.548583984375,11357.8203125,11357.8203125,60,611.593303270638,0.05734400078654289,93db93f9404423f5b44955b82a297010be6c595d032fc247f35a20c93f75f65d,True
264,4,7,210,recent_k8,5.808642864227295,47.10798263549805,47.10798263549805,5.808642864227295,0.0022125244140625,348.5185546875,2826.478759765625,2826.478759765625,60,610.224193893373,0.05632000043988228,f07d93bb43f769c72bd60ec7b34d0533984694652b1ab13852c68e12c0d64c88,True
265,4,7,225,recent_k8,5.91890287399292,81.08159637451172,81.08159637451172,5.91890287399292,0.002735137939453125,355.1341552734375,4864.8955078125,4864.8955078125,60,615.309133194387,0.05632000043988228,1aa7304654e89fc8a685ef441d9a57a8958ccf5b7d8004bea09d9db61a1fcf99,True
266,4,47,30,recent_k8,8.471439361572266,116.82305145263672,116.82305145263672,8.471439361572266,0.007205963134765625,508.28631591796875,7009.3828125,7009.3828125,60,610.8630788512528,0.05632000043988228,4942c505279e014b908d803296e1cfa325474bb27ea06d3c1f44184c5ba2a9f6,True
267,4,47,45,recent_k8,5.014552593231201,29.04966163635254,29.04966163635254,5.014552593231201,0.002140045166015625,300.8731384277344,1742.9796142578125,1742.9796142578125,60,610.204054042697,0.05632000043988228,dd18a4088ce0b4f29283fae15adb9e3717e381b8ae29fe054e2f1109d4b74d27,True
268,4,47,60,recent_k8,1.8448054790496826,4.570594310760498,4.570594310760498,1.8448054790496826,0.0003592967987060547,110.68832397460938,274.23565673828125,274.23565673828125,60,610.2586737833917,0.05628800019621849,b526dd6f02cb66a7b0995786a52b35fcac803e37e9accc2831bbe361922469cb,True
269,4,47,75,recent_k8,1.2478564977645874,2.395190477371216,2.395190477371216,1.2478564977645874,0.00010943412780761719,74.87138366699219,143.71142578125,143.71142578125,60,611.0806670039892,0.05632000043988228,5c7799291fad20e0f93ef220b7288dbdd14f778ee26305f2c64147e6727c7d20,True
270,4,47,90,recent_k8,2.054321765899658,8.21082592010498,8.21082592010498,2.054321765899658,0.0003097057342529297,123.25929260253906,492.6495056152344,492.6495056152344,60,610.2470741607249,0.055296000093221664,a7d702892d72c519851ab867383ad3c37bec2b3bf570ae2a3748778bdf927cbb,True
271,4,47,105,recent_k8,3.3561346530914307,21.255626678466797,21.255626678466797,3.3561346530914307,0.000690460205078125,201.36807250976562,1275.3375244140625,1275.3375244140625,60,612.2091682627797,0.05734400078654289,146273e321f24e1238a5b18f553bd39713c624a9ada9754ce79d7a9402be0e89,True
272,4,47,120,recent_k8,1.5926830768585205,4.208495616912842,4.208495616912842,1.5926830768585205,0.0003199577331542969,95.56098175048828,252.5097198486328,252.5097198486328,60,643.8607280142605,0.055296000093221664,448e9b16d7c6cec8e16ab86a0e0276c632805c91ce44fa69d205fcd7e7c0d9fd,True
273,4,47,135,recent_k8,3.1833159923553467,15.853078842163086,15.853078842163086,3.1833159923553467,0.0006690025329589844,190.9989471435547,951.1846923828125,951.1846923828125,60,614.8199159651995,0.0655359998345375,69c3e949f1fe00e4ca56117b1824d0cdc0a7965a63be494975b1df5fc2e4ecee,True
274,4,47,150,recent_k8,9.242775917053223,292.11871337890625,292.11871337890625,9.242775917053223,0.00991058349609375,554.5665283203125,17527.12109375,17527.12109375,60,614.3323909491301,0.05734400078654289,e09cefda305271234e3f782bbdd9ab5f349dc4e7d357f8ee1aa276b20d85788c,True
275,4,47,165,recent_k8,30.709232330322266,9185.2412109375,2773.802734375,30.709232330322266,0.28466796875,1842.5538330078125,551114.4375,166428.15625,60,617.5182638689876,0.05632000043988228,2073d982f9dd10083bf20444c20c7f5bd499b2b37fc22b05e52a9450ee4c3c7c,True
276,4,47,180,recent_k8,51.8258056640625,6763.15234375,6277.462890625,51.8258056640625,0.2103271484375,3109.548095703125,405789.125,376647.75,60,611.3696438260376,0.055296000093221664,4aa62fa3d6fc7adf3c87af6de942c4745a09af9f4f9dbcc188bb87190535defa,True
277,4,47,195,recent_k8,9.644254684448242,160.79493713378906,160.79493713378906,9.644254684448242,0.005184173583984375,578.6552734375,9647.6953125,9647.6953125,60,612.5628049485385,0.05632000043988228,4e85881ca945d34784f605f93507ae54429912d4eacfeaed3deedfa37163f6c7,True
278,4,47,210,recent_k8,9.437788963317871,170.9873809814453,170.9873809814453,9.437788963317871,0.005584716796875,566.267333984375,10259.2421875,10259.2421875,60,612.675953656435,0.05632000043988228,c97ec1515ed3a47785221650b648aee4a0a1ff7e559ff320ffb6490a2a43f1bc,True
279,4,47,225,recent_k8,12.516633033752441,251.95932006835938,251.95932006835938,12.516633033752441,0.00856781005859375,750.9979248046875,15117.55859375,15117.55859375,60,611.8431012146175,0.05632000043988228,386570db614dc801e8c3b1f83e2606fdc5a9454055c37242d35dea9b11e1af1e,True
280,4,30,30,recent_k8,1.7377454042434692,4.730227470397949,4.730227470397949,1.7377454042434692,0.00015437602996826172,104.26471710205078,283.8136291503906,283.8136291503906,60,611.9178803637624,0.05632000043988228,49ae53458b685b510a779730c4486e9518e424e48faa134f0d1913144fdac773,True
281,4,30,45,recent_k8,1.319191813468933,3.8237242698669434,3.8237242698669434,1.319191813468933,0.0001722574234008789,79.15150451660156,229.42344665527344,229.42344665527344,60,609.7638783976436,0.05632000043988228,f8137481aa5c4d7dfe5ec2ba1ed92ad7ec6e52dfa7d20be0b1ce1684e739ef77,True
282,4,30,60,recent_k8,2.8780910968780518,17.559764862060547,17.559764862060547,2.8780910968780518,0.0006728172302246094,172.68545532226562,1053.5858154296875,1053.5858154296875,60,609.5353099517524,0.05734400078654289,6f049b15c1ab1b4e3aeb076902037fcb6e9ab4e3c87f8a7c703edfba532d45d3,True
283,4,30,75,recent_k8,0.812140941619873,1.9048640727996826,1.9048640727996826,0.812140941619873,6.848573684692383e-05,48.72845458984375,114.29183959960938,114.29183959960938,60,619.2880403250456,0.05734400078654289,f634f4c6f18a43da1891ee3e0d0ed6513e4a6f13e14dc554bd3bbd2d4a5e5a63,True
284,4,30,90,recent_k8,0.8626816272735596,1.3957200050354004,1.3957200050354004,0.8626816272735596,6.651878356933594e-05,51.760894775390625,83.74319458007812,83.74319458007812,60,611.359135247767,0.06451199948787689,13c948fa71aa5ccc4543fea1fee919b2b74f523d4602292f2e449e79f2a98b8a,True
285,4,30,105,recent_k8,0.9298178553581238,1.9290846586227417,1.9290846586227417,0.9298178553581238,6.753206253051758e-05,55.78907012939453,115.74507141113281,115.74507141113281,60,611.735092010349,0.05632000043988228,8aaaf1da8ec0f4a2fa4e178f743fc6251016d0c96fabfd6f8c19733f6e80da80,True
286,4,30,120,recent_k8,2.504666328430176,10.629011154174805,10.629011154174805,2.504666328430176,0.0005369186401367188,150.27996826171875,637.7406616210938,637.7406616210938,60,611.4353938028216,0.055296000093221664,46ca295e25e44ea3664892726e5979712a69112b34e78fe2aa4c06f3b67dc684,True
287,4,30,135,recent_k8,3.4062862396240234,16.635398864746094,16.635398864746094,3.4062862396240234,0.0006694793701171875,204.37716674804688,998.1239013671875,998.1239013671875,60,612.2037176974118,0.05632000043988228,158e1ec932d698754dc3bb0b404a5996508e434e65fc87394b02f0ed06707e73,True
288,4,30,150,recent_k8,1.441701054573059,4.48634672164917,4.48634672164917,1.441701054573059,0.00022518634796142578,86.50205993652344,269.1807861328125,269.1807861328125,60,605.3781937807798,0.055296000093221664,b463e34aab460fd21b5a92f043cf565aedd6023b4599fddc4bd7ef2f6ea5484e,True
289,4,30,165,recent_k8,2.9784183502197266,15.304925918579102,15.304925918579102,2.9784183502197266,0.0005145072937011719,178.70509338378906,918.2955322265625,918.2955322265625,60,608.3067101426423,0.058368001133203506,a48e0ae27f70c28d134811aa00f37cdf03cbe82212091dabe8c0cfc039decdd4,True
290,4,30,180,recent_k8,1.0018402338027954,2.690844774246216,2.690844774246216,1.0018402338027954,8.71419906616211e-05,60.11041259765625,161.45068359375,161.45068359375,60,607.4917768128216,0.058400001376867294,9201eb453c258cbb4bd8974520d9dd8d74946a0b25f17dbb5cd095ce5559abc6,True
291,4,30,195,recent_k8,2.6019959449768066,14.935667037963867,14.935667037963867,2.6019959449768066,0.000553131103515625,156.1197509765625,896.1399536132812,896.1399536132812,60,607.5771362520754,0.057312000542879105,29d357eff9dbfd402a97e7ed13739874dc1e08ad818270e89db0a04b73565d98,True
292,4,30,210,recent_k8,1.2799367904663086,1.95859694480896,1.95859694480896,1.2799367904663086,0.00011992454528808594,76.79620361328125,117.51580810546875,117.51580810546875,60,605.699410662055,0.05427199974656105,67c35e1a02f5e9e15531a4f1a8081f5a5f2620fa5348630aaec261447afa8234,True
293,4,30,225,recent_k8,1.0354270935058594,1.9350109100341797,1.9350109100341797,1.0354270935058594,9.006261825561523e-05,62.12562561035156,116.10064697265625,116.10064697265625,60,607.7851043082774,0.05632000043988228,7349a1bea3459423fdc419a6dc0225c792ceadae89ddcb0905a32a38603f83e8,True
294,8,83,30,recent_k8,20.470449447631836,806.64990234375,806.64990234375,20.470449447631836,0.0271759033203125,1228.2269287109375,48398.9921875,48398.9921875,60,607.8396942466497,0.05632000043988228,d591a1c0255693e0400b1650d5bc9ead08c1f97d49caf67d7e82419638418336,True
295,8,83,45,recent_k8,17.908246994018555,777.1026611328125,777.1026611328125,17.908246994018555,0.02606201171875,1074.4947509765625,46626.15625,46626.15625,60,609.5324293710291,0.05734400078654289,9acb3b88048f86793ee35f354e77d2ef3d23dd473198801f68312f13d6af847d,True
296,8,83,60,recent_k8,10.342226028442383,223.82138061523438,223.82138061523438,10.342226028442383,0.00713348388671875,620.5335083007812,13429.2822265625,13429.2822265625,60,610.9265289269388,0.05632000043988228,e944ef2fc915c442b4dd9e7c037082000878137f220ad8c117ed9c8f5eac0ae9,True
297,8,83,75,recent_k8,14.722885131835938,503.3074035644531,503.3074035644531,14.722885131835938,0.016265869140625,883.373046875,30198.443359375,30198.443359375,60,611.8321008980274,0.05734400078654289,dee6acdf7b0bd531a6ebd6427b5ed5ffca973f735c249ade7d06d7a6974a8521,True
298,8,83,90,recent_k8,17.142675399780273,547.7025146484375,547.7025146484375,17.142675399780273,0.0169525146484375,1028.5604248046875,32862.1484375,32862.1484375,60,613.1443297490478,0.05734400078654289,6c459bd3b3d5f1d3f38d9acc2fad0ff6050fc1bd6b8a2458ca5aea9a606e5618,True
299,8,83,105,recent_k8,1.4943894147872925,3.3697755336761475,3.3697755336761475,1.4943894147872925,0.00027298927307128906,89.66336059570312,202.1865234375,202.1865234375,60,611.3124750554562,0.05734400078654289,c96c1a5c6aa5b9bb9f81b9f0f82fe7a960cdf538e87e5b24bbe243e24d9edef5,True
300,8,83,120,recent_k8,14.847609519958496,661.5194091796875,661.5194091796875,14.847609519958496,0.0215911865234375,890.8565063476562,39691.1640625,39691.1640625,60,611.8308207951486,0.058368001133203506,08b5b289271ecdde560eb8afced3ae81fd828e2bd0ea13649bab1eb53ff1f06a,True
301,8,83,135,recent_k8,22.56427574157715,1326.5081787109375,1326.5081787109375,22.56427574157715,0.0430908203125,1353.8564453125,79590.484375,79590.484375,60,611.8966811336577,0.05632000043988228,0661c5dd55535e403ecf6e15398508e0947478b93460fbb2d0a6ce186dac496e,True
302,8,83,150,recent_k8,2.934458017349243,10.8837308883667,10.8837308883667,2.934458017349243,0.0004661083221435547,176.06747436523438,653.0238037109375,653.0238037109375,60,612.5763752497733,0.05632000043988228,b91a45b08190f3a759c0a23f82a9842cb3ed13e0eeca1fa264594eca4f529e8c,True
303,8,83,165,recent_k8,4.833470344543457,42.521018981933594,42.521018981933594,4.833470344543457,0.002166748046875,290.0082092285156,2551.260986328125,2551.260986328125,60,611.2356362864375,0.05632000043988228,f86629699fdbd1698c482d062887190b514cf35a79e1b7224f2c50f19ded3167,True
304,8,83,180,recent_k8,6.002130508422852,63.907432556152344,63.907432556152344,6.002130508422852,0.002712249755859375,360.1278076171875,3834.44580078125,3834.44580078125,60,611.2356460653245,0.05632000043988228,f6cd81c6974ee4fa79e2e0e1a1f28c93035adf0df423ff8d8159530dfeb04282,True
305,8,83,195,recent_k8,13.355268478393555,618.3458251953125,618.3458251953125,13.355268478393555,0.019744873046875,801.3160400390625,37100.74609375,37100.74609375,60,611.9842501357198,0.05734400078654289,a8e25f5f9535a8cb844d5dc734bfbafe6e1ee8bdf06ea9cc2dc998816c0aa0db,True
306,8,83,210,recent_k8,22.60723304748535,1592.1331787109375,1592.1331787109375,22.60723304748535,0.050689697265625,1356.4339599609375,95527.984375,95527.984375,60,615.9743769094348,0.055296000093221664,eec0c01ff1d3ce2230be989138748e608f076a53948e596d9b53fece2535a7c3,True
307,8,83,225,recent_k8,18.626527786254883,700.1348266601562,700.1348266601562,18.626527786254883,0.0257568359375,1117.591552734375,42008.0859375,42008.0859375,60,612.5148851424456,0.058368001133203506,12f7c6c39f2d8c7504c2663152b6e73fa58c1d5829d322021e35a6a8e6670a13,True
308,8,15,30,recent_k8,21.49415397644043,926.3553466796875,926.3553466796875,21.49415397644043,0.033538818359375,1289.649169921875,55581.31640625,55581.31640625,60,611.9165099225938,0.05632000043988228,cf442547a95d8be727e3ce7d5cf2d63be6a6da3dd675dbf7cb74bc85f4d022ba,True
309,8,15,45,recent_k8,22.237266540527344,903.1334838867188,903.1334838867188,22.237266540527344,0.03289794921875,1334.2359619140625,54188.0078125,54188.0078125,60,611.0548572614789,0.055296000093221664,6845d832f88167a768d461e46d2a2498a9d04efdc42888458ea12bbbdee0e302,True
310,8,15,60,recent_k8,12.857269287109375,192.95616149902344,192.95616149902344,12.857269287109375,0.007965087890625,771.4360961914062,11577.369140625,11577.369140625,60,611.0023679211736,0.055296000093221664,0ab96388feb9c2003506330f513fdb854ebf7f5979ff98902d82685eacae3f29,True
311,8,15,75,recent_k8,2.0559630393981934,6.904031276702881,6.904031276702881,2.0559630393981934,0.0002225637435913086,123.35778045654297,414.2418518066406,414.2418518066406,60,610.4993922635913,0.05632000043988228,44b88abef061dfd0bcc2a55172988c23fdf3b70aba0b658a62bf916c0138a6ba,True
312,8,15,90,recent_k8,10.975533485412598,421.3224182128906,421.3224182128906,10.975533485412598,0.0149383544921875,658.531982421875,25279.34375,25279.34375,60,609.759857878089,0.060416001826524734,080313382dce7427a7170cf0b35842e9b6c4ebb454053135e3f98789b9cd7178,True
313,8,15,105,recent_k8,13.922994613647461,371.1484680175781,371.1484680175781,13.922994613647461,0.0137786865234375,835.379638671875,22268.90625,22268.90625,60,609.5683099702001,0.055296000093221664,d092116a18c7df65f27ea7128a2054bec874023449eb8141f762db328aec0000,True
314,8,15,120,recent_k8,7.412220478057861,89.62944793701172,89.62944793701172,7.412220478057861,0.0033512115478515625,444.73321533203125,5377.7666015625,5377.7666015625,60,609.2608822509646,0.05632000043988228,cbc4630e8976aa5ec7fe0ab2659f4d6288b7d3445ed2326e4a407d68e67dd547,True
315,8,15,135,recent_k8,9.04028606414795,162.8065643310547,162.8065643310547,9.04028606414795,0.005474090576171875,542.4171142578125,9768.3935546875,9768.3935546875,60,610.1027159020305,0.055296000093221664,3b981c31f85c62e2ecbf1d140bd7a962c5b7d63d5e6a6d034411aad1f77f496d,True
316,8,15,150,recent_k8,6.551019191741943,80.47390747070312,80.47390747070312,6.551019191741943,0.0029964447021484375,393.0611267089844,4828.43408203125,4828.43408203125,60,610.0283050909638,0.055296000093221664,40ba2ea2697d301ae7ee6d58c8f6d48a0add7540865b4d86721dca251317e4fc,True
317,8,15,165,recent_k8,1.3249034881591797,2.794206142425537,2.794206142425537,1.3249034881591797,0.00010544061660766602,79.49420166015625,167.65235900878906,167.65235900878906,60,611.5869232453406,0.05734400078654289,e25547e6fce625ce13b4f8ce0415dc1c76784b76dd85f8d44018998e7df8ed0c,True
318,8,15,180,recent_k8,1.0860875844955444,2.0121772289276123,2.0121772289276123,1.0860875844955444,9.03010368347168e-05,65.16525268554688,120.73062896728516,120.73062896728516,60,614.440948702395,0.05632000043988228,e140c3748ddae347b264fb56596abd6b31d20c0a8fee40944c70e74f13009969,True
319,8,15,195,recent_k8,1.0902562141418457,2.016702175140381,2.016702175140381,1.0902562141418457,9.107589721679688e-05,65.41536712646484,121.00212860107422,121.00212860107422,60,611.6128121502697,0.05632000043988228,7c346b47e8dddbe9e3a4a3d884402ad3d31a645da1c854132c815792b8d4f906,True
320,8,15,210,recent_k8,1.122205376625061,2.0306313037872314,2.0306313037872314,1.122205376625061,8.612871170043945e-05,67.33232116699219,121.83787536621094,121.83787536621094,60,611.8520009331405,0.05632000043988228,3e2d12a98f330c9a3655abfb2786a801d2afa3c175551ad5db7d9c051ab0d004,True
321,8,15,225,recent_k8,3.369910955429077,18.315902709960938,18.315902709960938,3.369910955429077,0.0006537437438964844,202.19464111328125,1098.9541015625,1098.9541015625,60,612.9848919808865,0.05632000043988228,6acf383c8a6651b27e5f3a94de1742f71ef4a82495204ac5367b41a1723b2287,True
322,8,3,30,recent_k8,28.90455436706543,2184.95458984375,2184.95458984375,28.90455436706543,0.07171630859375,1734.273193359375,131097.265625,131097.265625,60,610.8919591642916,0.055296000093221664,7749d4d8825f48d51483518d3240c3ca095076d42eec4b812e84524d52838603,True
323,8,3,45,recent_k8,39.9933967590332,13041.5400390625,4384.6083984375,39.9933967590332,0.405029296875,2399.603759765625,782492.375,263076.5,60,611.7585920728743,0.05632000043988228,ecee46ffe3885965ae1c5ab2eb35bc3fd1e1850c0e9e266f71e82c77dd2a6a6d,True
324,8,3,60,recent_k8,37.88206481933594,9104.83203125,4308.53466796875,37.88206481933594,0.283935546875,2272.923828125,546289.875,258512.0625,60,611.8020708672702,0.05632000043988228,fbb3f9e50c4e10c2233d073e0bea60e82c26b1bde07225e79f535bdbf5883812,True
325,8,3,75,recent_k8,11.195073127746582,269.9195861816406,269.9195861816406,11.195073127746582,0.009246826171875,671.704345703125,16195.173828125,16195.173828125,60,611.098897177726,0.05632000043988228,c8b44e847c5f4c8529e471738029c48fd4a408461eaa89fb8fac45e8cfbbe411,True
326,8,3,90,recent_k8,14.375755310058594,381.17626953125,381.17626953125,14.375755310058594,0.0121612548828125,862.5452880859375,22870.57421875,22870.57421875,60,608.8825953193009,0.05632000043988228,d98d3e6b7ff22838f14a9ed89b95087a43af4149e4494cfabd8becb697193dbe,True
327,8,3,105,recent_k8,5.637585639953613,56.088565826416016,56.088565826416016,5.637585639953613,0.00272369384765625,338.255126953125,3365.313720703125,3365.313720703125,60,608.3065993152559,0.055296000093221664,119c7d835b375d411e8a2accc158ea05ba463cc364fab5bf6c2315704a23ab29,True
328,8,3,120,recent_k8,12.39952564239502,296.2970275878906,296.2970275878906,12.39952564239502,0.01116180419921875,743.9714965820312,17777.8203125,17777.8203125,60,606.6264430992305,0.055296000093221664,ee3a06465dd36aff08dbc4c60301a4315e1192d8f3074504fd23b57f130b941e,True
329,8,3,135,recent_k8,13.779857635498047,314.80120849609375,314.80120849609375,13.779857635498047,0.01215362548828125,826.7914428710938,18888.072265625,18888.072265625,60,605.6321719661355,0.05632000043988228,bdbad70859e89409caa851b28bb78a9ff0cf9db42894beffa699d964ab2818de,True
330,8,3,150,recent_k8,16.573959350585938,373.67999267578125,373.67999267578125,16.573959350585938,0.018218994140625,994.4375,22420.798828125,22420.798828125,60,606.1618272215128,0.05632000043988228,dce68f863b56f99ca8773b3aa54be1aacbe897a2f3834137da032b9007686f52,True
331,8,3,165,recent_k8,13.729203224182129,286.1777038574219,286.1777038574219,13.729203224182129,0.00962066650390625,823.7521362304688,17170.662109375,17170.662109375,60,608.2697110250592,0.05539200082421303,9e21ae4ffb827b501101cce456d7ec6022fd8f81d0f48d2dac13dc5b7ec584bf,True
332,8,3,180,recent_k8,7.729790687561035,96.63294982910156,96.63294982910156,7.729790687561035,0.003040313720703125,463.78741455078125,5797.9765625,5797.9765625,60,610.9387781471014,0.05734400078654289,717364780eb24ff0fd8aab3cd666f0b94908fefc0aa0e6d4e50aa998f1394413,True
333,8,3,195,recent_k8,2.310560703277588,8.625543594360352,8.625543594360352,2.310560703277588,0.00033354759216308594,138.63363647460938,517.5325927734375,517.5325927734375,60,610.8432691544294,0.05632000043988228,7445a444ef1414fe65ca9c8854140189f32f66e9e6c3ecde4514eba08a823b1f,True
334,8,3,210,recent_k8,4.95335578918457,40.940895080566406,40.940895080566406,4.95335578918457,0.0021305084228515625,297.2013244628906,2456.45361328125,2456.45361328125,60,610.8714086003602,0.05632000043988228,59f00f93e1e67f69bb55837f66a56d5b5901b30557564f8b3abf74e632c3a132,True
335,8,3,225,recent_k8,6.159486770629883,94.0283432006836,94.0283432006836,6.159486770629883,0.0029277801513671875,369.5691833496094,5641.7001953125,5641.7001953125,60,610.9034791588783,0.05532800033688545,5dcad9a1025388eb653df112be02ab16cfbc57a42b8845f8b5051d195b343f54,True
336,8,35,30,recent_k8,38.868892669677734,2287.24169921875,2287.24169921875,38.868892669677734,0.08123779296875,2332.133544921875,137234.5,137234.5,60,610.4014432057738,0.05632000043988228,14289265151bc2dc7d6d1ad72926d9547f385e708929b07035fb13712ef4df94,True
337,8,35,45,recent_k8,17.298404693603516,482.3716735839844,482.3716735839844,17.298404693603516,0.0266876220703125,1037.9041748046875,28942.298828125,28942.298828125,60,610.4029328562319,0.05632000043988228,b03490b735e06dffff6c02ad46783bbef7cf951689604b22a00536bd9e6feefe,True
338,8,35,60,recent_k8,30.339935302734375,1131.91015625,1131.91015625,30.339935302734375,0.04437255859375,1820.39599609375,67914.609375,67914.609375,60,610.2028139866889,0.05632000043988228,eff5bf6f37a3e3f9d86172b5ec683eceda635b3223f12b65e93bc3845f5e7e04,True
339,8,35,75,recent_k8,3.9557089805603027,19.84610366821289,19.84610366821289,3.9557089805603027,0.0017709732055664062,237.342529296875,1190.76611328125,1190.76611328125,60,611.4687342196703,0.05632000043988228,7dc13eb1197fa4620250bcc74efee54586e54d7b0f21d62851b99aec802c25e6,True
340,8,35,90,recent_k8,2.7277116775512695,14.000739097595215,14.000739097595215,2.7277116775512695,0.0005297660827636719,163.66268920898438,840.0443115234375,840.0443115234375,60,612.6947840675712,0.06656000018119812,547cb266298189ae517ace9be99625cf268ddae27b6982ed4b0477de8b900dd4,True
341,8,35,105,recent_k8,8.687285423278809,208.02503967285156,208.02503967285156,8.687285423278809,0.0162353515625,521.2371215820312,12481.501953125,12481.501953125,60,615.3828520327806,0.060416001826524734,7eaedbb7161c2994ce9e5277b0b8b976b9e9b56666d063af882a8e2fe46b7b10,True
342,8,35,120,recent_k8,25.331340789794922,817.5105590820312,817.5105590820312,25.331340789794922,0.05474853515625,1519.88037109375,49050.6328125,49050.6328125,60,610.5519509874284,0.05734400078654289,45cc481d81218e32818f7bc0532f32eabf25f6fa79c8dee5194cac07435f21ef,True
343,8,35,135,recent_k8,27.37754249572754,903.068359375,903.068359375,27.37754249572754,0.06329345703125,1642.6524658203125,54184.09765625,54184.09765625,60,610.5639520101249,0.05632000043988228,703aeff77c1f9065a2e82e0ea6c46a68057a124a1551b05e63180dd8d9485620,True
344,8,35,150,recent_k8,16.347166061401367,542.7128295898438,542.7128295898438,16.347166061401367,0.022308349609375,980.8298950195312,32562.767578125,32562.767578125,60,610.7773990370333,0.05734400078654289,8a77d6a4cfc53e124f02dc3ed6315e3250cfca9d2a62a6374f12a2268ccbb7d7,True
345,8,35,165,recent_k8,8.977441787719727,141.77093505859375,141.77093505859375,8.977441787719727,0.0052642822265625,538.646484375,8506.255859375,8506.255859375,60,610.6532500125468,0.055296000093221664,5edd6613c37e773422dd74cee445acad6babc15e77b2a0f59034c13ec34347d8,True
346,8,35,180,recent_k8,1.8818985223770142,5.329367160797119,5.329367160797119,1.8818985223770142,0.00027370452880859375,112.91390228271484,319.76202392578125,319.76202392578125,60,620.2526520937681,0.062463998794555664,2b8ff26d47b77d6efeb1674843297fbfbe38754b39e6c630c47b9fd324d3f636,True
347,8,35,195,recent_k8,2.6664249897003174,8.73196029663086,8.73196029663086,2.6664249897003174,0.0005273818969726562,159.98548889160156,523.9176025390625,523.9176025390625,60,613.2301287725568,0.0655359998345375,849c3553e7a2104459ff2297a8bb4bc0a095d969f44a0252f749fa85bb1fd499,True
348,8,35,210,recent_k8,6.883862495422363,101.06266784667969,101.06266784667969,6.883862495422363,0.003467559814453125,413.03173828125,6063.759765625,6063.759765625,60,611.5617537871003,0.05632000043988228,31e58f817590dcd34a0add0c18986da132f6aa6f48f13fdf3213f82ff3750779,True
349,8,35,225,recent_k8,24.053260803222656,1953.900146484375,1953.900146484375,24.053260803222656,0.06329345703125,1443.195556640625,117234.0,117234.0,60,612.5161848030984,0.05632000043988228,d414a6f7d1130d923ce9d4a865d4c798f638f69d97acf5ad811d12faebe6005f,True
350,8,48,30,recent_k8,31.993528366088867,4532.85302734375,1438.1497802734375,31.993528366088867,0.197509765625,1919.611572265625,271971.15625,86288.984375,60,611.868791282177,0.058368001133203506,f5df632f52df2eb55a7557d2bb26138be7a61c406abb903299e1cd5240d8b1e4,True
351,8,48,45,recent_k8,58.19062042236328,11651.0078125,7691.95654296875,58.19062042236328,0.3623046875,3491.43701171875,699060.4375,461517.375,60,613.2071097381413,0.0655359998345375,d3f998e0f1fbafc77a0c3e7c9c01bd8b21d190d2494a8fe77597111d2f74e021,True
352,8,48,60,recent_k8,7.206935405731201,100.69242095947266,100.69242095947266,7.206935405731201,0.00542449951171875,432.4161071777344,6041.544921875,6041.544921875,60,616.8084498494864,0.055296000093221664,ffcb48e48bf4cdd909613c0c70deb2ec063536302d34613a4d01cb4484915a2c,True
353,8,48,75,recent_k8,8.000216484069824,99.25212860107422,99.25212860107422,8.000216484069824,0.0041656494140625,480.012939453125,5955.12744140625,5955.12744140625,60,611.4223939366639,0.06143999844789505,480a533c7875126ec07a6146cca613095ef70a7b40860ca7794ea100e521d8ab,True
354,8,48,90,recent_k8,1.423423409461975,3.5921847820281982,3.5921847820281982,1.423423409461975,0.00028133392333984375,85.40540313720703,215.5310821533203,215.5310821533203,60,611.2474757246673,0.05632000043988228,0b9e6f0bce132ead0800831a2bee7b3bc9329e4ca54ab798b98719c915818719,True
355,8,48,105,recent_k8,2.4898221492767334,7.183862209320068,7.183862209320068,2.4898221492767334,0.0005359649658203125,149.3893280029297,431.0317077636719,431.0317077636719,60,611.3605536520481,0.05632000043988228,86bf39f796cd960f5d3bd99916556d04c89e1814525da08d0b2c8579f010c7b7,True
356,8,48,120,recent_k8,1.5685235261917114,3.7001166343688965,3.7001166343688965,1.5685235261917114,0.00019693374633789062,94.11140441894531,222.00698852539062,222.00698852539062,60,609.9025160074234,0.05632000043988228,ae7522674c827ff45da218649cb1866ee781bbb8848d82713550e80379cb3126,True
357,8,48,135,recent_k8,4.726626873016357,44.439552307128906,44.439552307128906,4.726626873016357,0.0015573501586914062,283.59759521484375,2666.373046875,2666.373046875,60,611.4808642305434,0.055296000093221664,64d4e7cba23d566d25ff576cab9ebdbf98c94770fd101e68005a2efc20c0ce11,True
358,8,48,150,recent_k8,2.962247848510742,16.258726119995117,16.258726119995117,2.962247848510742,0.0006008148193359375,177.73486328125,975.5234985351562,975.5234985351562,60,610.3465841151774,0.055296000093221664,5949a87aad5910ed8a125ea9f91daa7ccb8654524d91fa8ef46e21d609705211,True
359,8,48,165,recent_k8,5.79304313659668,55.37799835205078,55.37799835205078,5.79304313659668,0.0019969940185546875,347.58258056640625,3322.6796875,3322.6796875,60,610.2340938523412,0.05734400078654289,df702e51a6a6f681e03643bdc9b65907d87b7075618e5d50f38da71c0dfacd52,True
360,8,48,180,recent_k8,4.3458967208862305,27.54813003540039,27.54813003540039,4.3458967208862305,0.0017023086547851562,260.7537841796875,1652.8876953125,1652.8876953125,60,611.4898538216949,0.05632000043988228,0e09ea6993cc576fb2c2336133d6d2a1f6f9d5f421aef344e1332042c2113c95,True
361,8,48,195,recent_k8,5.858352184295654,51.3983268737793,51.3983268737793,5.858352184295654,0.0033855438232421875,351.5010986328125,3083.8994140625,3083.8994140625,60,611.1601260490716,0.05632000043988228,66973f97b4677d43558cddb4f62a849c2655c974114ab513f3f39619272c82fb,True
362,8,48,210,recent_k8,4.683087348937988,39.627044677734375,39.627044677734375,4.683087348937988,0.0019321441650390625,280.9852294921875,2377.62255859375,2377.62255859375,60,610.9044188633561,0.060416001826524734,596a77ae42e1e998c1fa2b47de3e75f1b2bd066965f508cfab7124b05ca9bdc8,True
363,8,48,225,recent_k8,6.9036946296691895,91.03976440429688,91.03976440429688,6.9036946296691895,0.0035495758056640625,414.2216491699219,5462.3857421875,5462.3857421875,60,610.7351402752101,0.055296000093221664,ac573256db1fc751676f493de90acd25c5d4611b2f20160b2550da0420f0dc81,True
364,8,22,30,recent_k8,2.8101980686187744,11.899699211120605,11.899699211120605,2.8101980686187744,0.0005230903625488281,168.61187744140625,713.98193359375,713.98193359375,60,610.6074308045208,0.055296000093221664,1057d989a590b0c56ef41115b0431696f63621d375dc963a91c2c014d205860d,True
365,8,22,45,recent_k8,2.449904680252075,7.819044589996338,7.819044589996338,2.449904680252075,0.0004820823669433594,146.99427795410156,469.14263916015625,469.14263916015625,60,610.9281880781054,0.05532800033688545,80eb9aee29dea573490bc6d369c38e462c019ead82a8276146281cff6e1cf1f3,True
366,8,22,60,recent_k8,2.0812549591064453,7.140518665313721,7.140518665313721,2.0812549591064453,0.00034618377685546875,124.87528991699219,428.43109130859375,428.43109130859375,60,610.1991152390838,0.05734400078654289,66b6ff887908fac1f3e4b01c652325abba48bc1b491243e753fc911c9128d681,True
367,8,22,75,recent_k8,1.5891661643981934,3.4050681591033936,3.4050681591033936,1.5891661643981934,0.00015223026275634766,95.34996795654297,204.3040771484375,204.3040771484375,60,611.403554212302,0.05632000043988228,34305ac56e95e72b7fb38551d5a0083f361ea5e9fcccd8c4a4a94a61947672f0,True
368,8,22,90,recent_k8,3.0087108612060547,11.12817096710205,11.12817096710205,3.0087108612060547,0.00046896934509277344,180.52264404296875,667.6902465820312,667.6902465820312,60,610.3738620877266,0.05628800019621849,0ede21ee446a2415644d35f6f43dce94912107b6f74a691d65a2e80bb380f95d,True
369,8,22,105,recent_k8,2.149665117263794,5.966320037841797,5.966320037841797,2.149665117263794,0.00034236907958984375,128.9799041748047,357.97918701171875,357.97918701171875,60,610.315122641623,0.05632000043988228,7f586bd851b724f10f1397b72c76af2164cc05a6d2f0f1507ac1325b755dd4ab,True
370,8,22,120,recent_k8,1.6599241495132446,3.4111759662628174,3.4111759662628174,1.6599241495132446,0.00018990039825439453,99.59544372558594,204.67054748535156,204.67054748535156,60,612.0618688873947,0.055296000093221664,ef8177bc030533aff78916f2aa751a3468f1b26340aa887b157b9a4e2689e69a,True
371,8,22,135,recent_k8,2.6182193756103516,16.65871810913086,16.65871810913086,2.6182193756103516,0.0007538795471191406,157.09315490722656,999.5230712890625,999.5230712890625,60,611.4901243709028,0.05632000043988228,124a47be70ca3d64df47c831b8251e6e708a9aea3bf41f0fc9f62aed9c5c7974,True
372,8,22,150,recent_k8,2.895150899887085,16.876564025878906,16.876564025878906,2.895150899887085,0.0005908012390136719,173.70904541015625,1012.59375,1012.59375,60,609.8208781331778,0.05632000043988228,9758d7d9312fa26d097c029f256c866b29ca39eacba85a860806f2983b25df68,True
373,8,22,165,recent_k8,1.8863962888717651,5.123744964599609,5.123744964599609,1.8863962888717651,0.0003123283386230469,113.18376922607422,307.4246826171875,307.4246826171875,60,611.1720469780266,0.055296000093221664,d753df4d1fc3dde8143bbd0e2738058b35c6a7b3b4133671c370564fed32d0b3,True
374,8,22,180,recent_k8,1.2848702669143677,2.6347858905792236,2.6347858905792236,1.2848702669143677,0.00020003318786621094,77.09220886230469,158.08714294433594,158.08714294433594,60,611.991620156914,0.055296000093221664,8983864f7b42b58b6bb8159e19338f9b05b36b5bd1efbe24b958296da0923252,True
375,8,22,195,recent_k8,3.178043842315674,22.686412811279297,22.686412811279297,3.178043842315674,0.0007152557373046875,190.6826171875,1361.1846923828125,1361.1846923828125,60,610.8583291061223,0.055296000093221664,febc86e4ffe0f674252cf9cde3507efc55d9bd8d28f81e1a8d2fc33a47629c6a,True
376,8,22,210,recent_k8,2.736252784729004,12.382579803466797,12.382579803466797,2.736252784729004,0.0004410743713378906,164.17515563964844,742.9547729492188,742.9547729492188,60,610.7013002038002,0.05734400078654289,77b507deb5a7cc85c06bbcb5d187b5f8a5f515e3d92b71774107e885e9914605,True
377,8,22,225,recent_k8,1.4195719957351685,2.67783522605896,2.67783522605896,1.4195719957351685,0.00013875961303710938,85.17431640625,160.67010498046875,160.67010498046875,60,610.769169870764,0.06143999844789505,13adc9f5120a04444c34de509aa786256e86977306398455d524f830e166888b,True
378,8,55,30,recent_k8,35.50804901123047,3317.368408203125,2924.35595703125,35.50804901123047,0.11529541015625,2130.48291015625,199042.09375,175461.34375,60,610.9169679693878,0.05632000043988228,8d52a491c20501f0e9670357af8062149d0a5631f7a26d0664d02ddf7adb5097,True
379,8,55,45,recent_k8,10.148258209228516,145.4528350830078,145.4528350830078,10.148258209228516,0.00821685791015625,608.8954467773438,8727.169921875,8727.169921875,60,610.4551427997649,0.055296000093221664,143cf672b21fd141e37a62b740f2b4600370ce44923adb7a82204110fee27c90,True
380,8,55,60,recent_k8,1.686007022857666,5.061010837554932,5.061010837554932,1.686007022857666,0.00023436546325683594,101.16041564941406,303.66064453125,303.66064453125,60,611.8957898579538,0.055296000093221664,5dbdeb976413d21fa677b599450757a7242a2959aea0b8a8afb516768da2517f,True
381,8,55,75,recent_k8,2.1692845821380615,5.97316837310791,5.97316837310791,2.1692845821380615,0.0002543926239013672,130.15707397460938,358.39007568359375,358.39007568359375,60,610.677361022681,0.05632000043988228,d9204b6feed2a8a3a0fc315125ade879ce98caf8d353b26942ba680df15938ab,True
382,8,55,90,recent_k8,1.8545187711715698,4.769845485687256,4.769845485687256,1.8545187711715698,0.00019657611846923828,111.2711181640625,286.1907043457031,286.1907043457031,60,609.8641571588814,0.055296000093221664,710f2080825f9b6f6339aa92c5b6934aa1769ec571b290919487f582b590649a,True
383,8,55,105,recent_k8,1.802338719367981,4.49822473526001,4.49822473526001,1.802338719367981,0.00017547607421875,108.14031982421875,269.8934631347656,269.8934631347656,60,611.2137259915471,0.05734400078654289,def39e5128dfee8083760ca1e9cc8759a85f4afe6b6335a946d5d212e901c284,True
384,8,55,120,recent_k8,1.89569890499115,5.094130516052246,5.094130516052246,1.89569890499115,0.00019538402557373047,113.74192810058594,305.6478271484375,305.6478271484375,60,610.1371748372912,0.05632000043988228,0ec0160a70799fa7ec2280cf4bd47e39b55a59d4f5e558fd1fb74cba25afdba6,True
385,8,55,135,recent_k8,2.0097763538360596,5.481115818023682,5.481115818023682,2.0097763538360596,0.00021731853485107422,120.5865707397461,328.866943359375,328.866943359375,60,610.4197427630424,0.055296000093221664,be5d911a32e90ad3dd843942540746d70d48913b40a595216363c42a2f404c7c,True
386,8,55,150,recent_k8,1.941789150238037,5.251237392425537,5.251237392425537,1.941789150238037,0.00021135807037353516,116.50733947753906,315.07421875,315.07421875,60,610.0431261584163,0.055296000093221664,c84dbe3ee5ea82dce64ae8734e5320a47f485517967c4b85a836e5f4a4cbe4a1,True
387,8,55,165,recent_k8,1.8117218017578125,4.300267696380615,4.300267696380615,1.8117218017578125,0.00018036365509033203,108.70330047607422,258.01605224609375,258.01605224609375,60,610.6927399523556,0.05632000043988228,442fbae2e112cf716b4dd5529cd989d3d21747c62bf5add94d5be97e2e8ece08,True
388,8,55,180,recent_k8,1.747323751449585,4.056829452514648,4.056829452514648,1.747323751449585,0.00017380714416503906,104.83941650390625,243.40975952148438,243.40975952148438,60,610.4806023649871,0.05632000043988228,64b98429904ac6e37267cbb95a60a7eabbc3a4ce717ab4a2e29fa5bf5b189937,True
389,8,55,195,recent_k8,1.7781261205673218,4.29902982711792,4.29902982711792,1.7781261205673218,0.00018656253814697266,106.68756103515625,257.9417724609375,257.9417724609375,60,610.432812012732,0.05734400078654289,b44f94ea27d2514d9f8ed41c7f39608c200c649322e10c07ee3f01873bd89dfd,True
390,8,55,210,recent_k8,1.7899070978164673,4.2239603996276855,4.2239603996276855,1.7899070978164673,0.00018393993377685547,107.39441680908203,253.4376220703125,253.4376220703125,60,609.6339789219201,0.05734400078654289,06ace74686fa909c415e3270aad3c9447ebda797c90b49ad40bae0a427f56b92,True
391,8,55,225,recent_k8,1.7854082584381104,4.277341365814209,4.277341365814209,1.7854082584381104,0.00019121170043945312,107.1244888305664,256.6404724121094,256.6404724121094,60,610.4269428178668,0.05632000043988228,b354c4e0bad6925d462961017a0456eb1103a5806d5d20dcc7344d451248d9ce,True
392,8,4,30,recent_k8,11.18047046661377,326.5753479003906,326.5753479003906,11.18047046661377,0.0101318359375,670.8281860351562,19594.51953125,19594.51953125,60,610.5856411159039,0.055296000093221664,468f1ea15efb4f919d0ecc1958b70fbcbe205726ff75ef25fe4baef0e2930671,True
393,8,4,45,recent_k8,6.978142738342285,171.63946533203125,171.63946533203125,6.978142738342285,0.005489349365234375,418.68853759765625,10298.3671875,10298.3671875,60,611.4351241849363,0.05632000043988228,e0b4791551fe94d3d273daf1d51faf1e074c76fe8c72057f7755883c27805290,True
394,8,4,60,recent_k8,21.118202209472656,1023.9854125976562,1023.9854125976562,21.118202209472656,0.0322265625,1267.092041015625,61439.12109375,61439.12109375,60,610.7043400406837,0.05734400078654289,daa4ec6c2eeeeba7292530f3fa73afb25e531a3c4c2508ac34bb8037aa638a51,True
395,8,4,75,recent_k8,11.568120002746582,369.1767883300781,369.1767883300781,11.568120002746582,0.01141357421875,694.087158203125,22150.60546875,22150.60546875,60,611.1019770614803,0.057312000542879105,24c22363a2d53c0c8eee62aae17e2bd9f554f4398d928b0b95166a5093d0b953,True
396,8,4,90,recent_k8,12.10024642944336,444.9298400878906,444.9298400878906,12.10024642944336,0.01389312744140625,726.0147705078125,26695.7890625,26695.7890625,60,609.6615986898541,0.05734400078654289,3f3126c51330e43fe5a086266bffd839509f6ba0237d6f6229a18e707acf77cd,True
397,8,4,105,recent_k8,12.492793083190918,383.78857421875,383.78857421875,12.492793083190918,0.012939453125,749.5675659179688,23027.3125,23027.3125,60,608.8251662440598,0.055296000093221664,e6494ba3800dca11899a922e4534d978df1cf6ba8ec6ad42a921410a5e1ceac5,True
398,8,4,120,recent_k8,14.17097282409668,585.9868774414062,585.9868774414062,14.17097282409668,0.0181121826171875,850.25830078125,35159.2109375,35159.2109375,60,610.9094778075814,0.05734400078654289,eeb9f3867aa46d7538999a0c4544e19adc89dc22489d39b06de755897b529792,True
399,8,4,135,recent_k8,9.830601692199707,218.0281219482422,218.0281219482422,9.830601692199707,0.00698089599609375,589.8360595703125,13081.6865234375,13081.6865234375,60,611.068356782198,0.05734400078654289,4a0f77e5a97d396719d1f3a6a66a418566e8a7eb3321e752b12b97296c0dc83b,True
400,8,4,150,recent_k8,33.34284210205078,4733.33544921875,3292.309326171875,33.34284210205078,0.156494140625,2000.5703125,284000.125,197538.546875,60,615.6860897317529,0.06143999844789505,feec2b448c372f09669510aec34290a733e2fb4fd5c0373e41417452cb6bb6a3,True
401,8,4,165,recent_k8,51.578956604003906,6183.98681640625,5578.39306640625,51.578956604003906,0.19921875,3094.7373046875,371039.1875,334703.5625,60,611.0723968595266,0.06656000018119812,2528f30415dcbd7f61eb2885ae49086e643ef42d461ac80375073d9c62cc3749,True
402,8,4,180,recent_k8,47.47883605957031,5716.20458984375,5716.20458984375,47.47883605957031,0.1776123046875,2848.72998046875,342972.25,342972.25,60,611.3557647913694,0.05939200147986412,4c8815013f4d6d4a2a1222fca4d9eba27d7b7669e6c72facb403d96d5524df35,True
403,8,4,195,recent_k8,10.070073127746582,175.5210418701172,175.5210418701172,10.070073127746582,0.00629425048828125,604.204345703125,10531.26171875,10531.26171875,60,611.3501749932766,0.0655359998345375,2dcbeeb2494f740f8949bce2f1afcb6b7d2cfb2598ead63f232683906412933c,True
404,8,4,210,recent_k8,35.61758804321289,1827.5223388671875,1827.5223388671875,35.61758804321289,0.07281494140625,2137.05517578125,109651.3359375,109651.3359375,60,616.6636710986495,0.05734400078654289,a5f8c827d79c21257730898b1086f93b4db5298a050da59ce65409322ccef95d,True
405,8,4,225,recent_k8,12.426424980163574,281.32379150390625,281.32379150390625,12.426424980163574,0.01171112060546875,745.58544921875,16879.42578125,16879.42578125,60,614.8827751167119,0.06348799914121628,d7715147bdd89c31a88d245864f930796017025897f3a7fcd09688280320c27f,True
406,8,45,30,recent_k8,10.396401405334473,242.60057067871094,242.60057067871094,10.396401405334473,0.01335906982421875,623.7840576171875,14556.033203125,14556.033203125,60,613.1371003575623,0.06143999844789505,cf3d86b45c3141884ae9a45e012bc988197e47453bc72f75fc75f63480c0f6fd,True
407,8,45,45,recent_k8,26.20033836364746,1151.0386962890625,1151.0386962890625,26.20033836364746,0.06024169921875,1572.020263671875,69062.3203125,69062.3203125,60,616.7827597819269,0.057312000542879105,11d80eeb9b9ccdf5fd4541230799fb90a674e2d2da7714c0d5a6b0eb152465b9,True
408,8,45,60,recent_k8,23.270858764648438,870.9318237304688,870.9318237304688,23.270858764648438,0.0335693359375,1396.25146484375,52255.90625,52255.90625,60,611.4346738904715,0.0655359998345375,edfe0570055f6cf64dacbba430a05ff6c446922c8ff044d3a5854a677d560733,True
409,8,45,75,recent_k8,3.9000229835510254,31.390684127807617,31.390684127807617,3.9000229835510254,0.0011005401611328125,234.00137329101562,1883.44091796875,1883.44091796875,60,614.0768029727042,0.05734400078654289,e3212f0062c6a6d9d816415be32a6c8fc19a0d6a05831913951978ce38e72892,True
410,8,45,90,recent_k8,4.985723972320557,35.679100036621094,35.679100036621094,4.985723972320557,0.0016546249389648438,299.1434326171875,2140.745849609375,2140.745849609375,60,612.6275039277971,0.05632000043988228,b25d204d10bbcb7a6c03c3838cbeb0a9b4b039f37be5437ef7f2f42e4e7c0d21,True
411,8,45,105,recent_k8,1.7022974491119385,5.010531902313232,5.010531902313232,1.7022974491119385,0.0001685619354248047,102.1378402709961,300.63189697265625,300.63189697265625,60,615.7744289375842,0.05632000043988228,c8953e189831df787851bda466c2a0970c1ebc58d134f561b344c4de577281d4,True
412,8,45,120,recent_k8,17.05206298828125,904.7552490234375,904.7552490234375,17.05206298828125,0.02972412109375,1023.123779296875,54285.3125,54285.3125,60,612.2974269092083,0.056352000683546066,c5e074987982ba0ce1622b0f50de7639db5fdd114235b9ffb801b276e1e87c3e,True
413,8,45,135,recent_k8,11.010147094726562,256.76910400390625,256.76910400390625,11.010147094726562,0.00806427001953125,660.6087646484375,15406.14453125,15406.14453125,60,612.5402748584747,0.05632000043988228,6c88acd6538cb037e7e64535126dd06719895fd3bcab63bdbb2e984d74194dd5,True
414,8,45,150,recent_k8,5.898568153381348,75.35724639892578,75.35724639892578,5.898568153381348,0.0024318695068359375,353.9140625,4521.4345703125,4521.4345703125,60,615.0797340087593,0.06143999844789505,6dc79d27b78b759de1374ef3beefcab7eb3cabd7c70b3837b08fc2d202ab11f3,True
415,8,45,165,recent_k8,5.892177581787109,73.03063201904297,73.03063201904297,5.892177581787109,0.0023784637451171875,353.5306396484375,4381.837890625,4381.837890625,60,612.3110270127654,0.05632000043988228,efebc2ca224abbbfb3fd5550e9df46c93c381c2e46160b3139a0bf6217d691c5,True
416,8,45,180,recent_k8,5.847370147705078,72.93714904785156,72.93714904785156,5.847370147705078,0.0023670196533203125,350.8421936035156,4376.228515625,4376.228515625,60,612.073898781091,0.055296000093221664,9d597faef226d45512332fec215fce9e1bfead173fe155c857b5e162e3ccf82f,True
417,8,45,195,recent_k8,5.901643753051758,75.05724334716797,75.05724334716797,5.901643753051758,0.00243377685546875,354.0986022949219,4503.4345703125,4503.4345703125,60,611.5652732551098,0.05632000043988228,df2de21f964f225e75f6e27d894956633f8ab6c22fff6ef7aa49008228ac5037,True
418,8,45,210,recent_k8,5.9850263595581055,76.74917602539062,76.74917602539062,5.9850263595581055,0.002498626708984375,359.1015625,4604.9501953125,4604.9501953125,60,611.168575938791,0.05734400078654289,98293675b59d7b41cd013b64e34a807252e97ef93308ca1990e1d6ee095cc3ef,True
419,8,45,225,recent_k8,5.991824626922607,76.86739349365234,76.86739349365234,5.991824626922607,0.002498626708984375,359.50946044921875,4612.04345703125,4612.04345703125,60,612.3940660618246,0.05632000043988228,1f5ae76ca085f7b152a46fec80b9972c667bfc4c93631a0660da88a479ad0144,True
420,8,60,30,recent_k8,5.399937629699707,98.507568359375,98.507568359375,5.399937629699707,0.0030994415283203125,323.9962463378906,5910.45361328125,5910.45361328125,60,610.8177290298045,0.06860800087451935,d8b8440aec1dd60b0c56a65093969a5ee35cc86debfbb21165707d2faca3a56a,True
421,8,60,45,recent_k8,6.267518520355225,68.80435943603516,68.80435943603516,6.267518520355225,0.0022945404052734375,376.05108642578125,4128.26123046875,4128.26123046875,60,611.0808169469237,0.05632000043988228,ba8edcb93feda08054944e2def8ef907d9c40b45aa712f598b37ce62d87b7ae2,True
422,8,60,60,recent_k8,2.2368383407592773,9.057218551635742,9.057218551635742,2.2368383407592773,0.0002949237823486328,134.21029663085938,543.43310546875,543.43310546875,60,610.7891201972961,0.055296000093221664,5afaaa9c14e002646147f1bb9a3e4dea9f81be9c525ff30ee2d0e088966e52cf,True
423,8,60,75,recent_k8,2.401158094406128,12.789556503295898,12.789556503295898,2.401158094406128,0.0004062652587890625,144.06947326660156,767.3733520507812,767.3733520507812,60,613.1607699207962,0.05632000043988228,27fb050b36073dcb5daca8caac759d6012339cfeab2b4651a7072fd2700d07be,True
424,8,60,90,recent_k8,5.966414928436279,82.46784973144531,82.46784973144531,5.966414928436279,0.00301361083984375,357.98486328125,4948.07080078125,4948.07080078125,60,615.6663191504776,0.05734400078654289,6ddabcf7b59fce0acf3e0dc0580174c8a3022f6db7f03ca32e9b75bee8df50e5,True
425,8,60,105,recent_k8,6.71331262588501,81.05089569091797,81.05089569091797,6.71331262588501,0.00261688232421875,402.7987365722656,4863.0537109375,4863.0537109375,60,632.0026149041951,0.05526399984955788,8ec2856dbd411786d9e8d400493447936831a37897ac88ef85c6f21f8693299b,True
426,8,60,120,recent_k8,2.6471776962280273,10.354989051818848,10.354989051818848,2.6471776962280273,0.0003795623779296875,158.83065795898438,621.29931640625,621.29931640625,60,617.9316509515047,0.055296000093221664,910ba535958459809a4d9510ad83624d3e18ecaf448ee6522849f7086f181ffa,True
427,8,60,135,recent_k8,1.3151103258132935,2.3189537525177,2.3189537525177,1.3151103258132935,9.518861770629883e-05,78.9066162109375,139.13722229003906,139.13722229003906,60,604.0627150796354,0.05632000043988228,ba791560d6a33ad9354b8a6b7bef20f233a5c8b826a402052dcf4345e3831465,True
428,8,60,150,recent_k8,1.6795294284820557,4.820034027099609,4.820034027099609,1.6795294284820557,0.0001537799835205078,100.77175903320312,289.2020263671875,289.2020263671875,60,608.9093550108373,0.055296000093221664,c9a78244452076d81bd85473b8232f039ef471e3124cefe5a17d25c54e2086c8,True
429,8,60,165,recent_k8,2.496736764907837,14.59429931640625,14.59429931640625,2.496736764907837,0.00048041343688964844,149.80419921875,875.6578979492188,875.6578979492188,60,617.3457661643624,0.06348799914121628,051dfa89d5095ace3a8802e945d6cd9b93ca0b6fdcf3d141feb42f451de82f4c,True
430,8,60,180,recent_k8,3.5338897705078125,25.915346145629883,25.915346145629883,3.5338897705078125,0.0008668899536132812,212.0333709716797,1554.920654296875,1554.920654296875,60,611.1166668124497,0.0655359998345375,510ee00f4118c795ddfa8962cffd819e39a8f64702a86ad8cd0e25711497a14c,True
431,8,60,195,recent_k8,3.091179132461548,21.02314567565918,21.02314567565918,3.091179132461548,0.0006551742553710938,185.47073364257812,1261.388671875,1261.388671875,60,611.7688417434692,0.056352000683546066,227b21d97cb624bedbace1b8e14cf521c54f67cc9d110d80a06af3d776077241,True
432,8,60,210,recent_k8,2.0442652702331543,7.673433780670166,7.673433780670166,2.0442652702331543,0.00024306774139404297,122.6559066772461,460.406005859375,460.406005859375,60,612.8081530332565,0.055296000093221664,26806c26cbc5f74e097eb9994a70f221ec8a12a3e97073a0d5b2f24f10a07202,True
433,8,60,225,recent_k8,2.281731367111206,7.990905284881592,7.990905284881592,2.281731367111206,0.0002715587615966797,136.90386962890625,479.45428466796875,479.45428466796875,60,617.3957451246679,0.05632000043988228,6703055734045db51316d5b8eaef9b8449c58c8b369228fbad63d90b09db17cc,True
434,8,26,30,recent_k8,30.568784713745117,1600.6494140625,1600.6494140625,30.568784713745117,0.054046630859375,1834.126953125,96038.9609375,96038.9609375,60,611.5451930090785,0.06451199948787689,ffcdf6528722d8c5d5c54f208a9c5b33d7e95fddee9d582c70cc68edc4cc04cb,True
435,8,26,45,recent_k8,21.97450065612793,781.7178955078125,781.7178955078125,21.97450065612793,0.0294952392578125,1318.469970703125,46903.0703125,46903.0703125,60,615.7078701071441,0.05734400078654289,7734eead27823b356d429727ce043b11a95656fd8de515e9ef2338eeb5284608,True
436,8,26,60,recent_k8,4.789230823516846,30.42633819580078,30.42633819580078,4.789230823516846,0.0011997222900390625,287.35382080078125,1825.5802001953125,1825.5802001953125,60,617.1349766664207,0.05939200147986412,1c5414bc04b4f5edf3368dfd0f053d7d9b85866e279b13090485db1aea6bc9bc,True
437,8,26,75,recent_k8,2.9196972846984863,16.57586669921875,16.57586669921875,2.9196972846984863,0.0005235671997070312,175.18182373046875,994.552001953125,994.552001953125,60,613.4937782771885,0.05734400078654289,cbe4f57258cc2259ef48cdcb09ebc5967cbc53d447922467f3f83d1fde09f813,True
438,8,26,90,recent_k8,2.0638790130615234,5.489740371704102,5.489740371704102,2.0638790130615234,0.00027680397033691406,123.83273315429688,329.3843994140625,329.3843994140625,60,612.0589189231396,0.05632000043988228,aa65c1c93d97e1c653b0cad8ee991f05739c9f4d7c2897f6f6fbc696b228ff56,True
439,8,26,105,recent_k8,3.5322325229644775,21.818931579589844,21.818931579589844,3.5322325229644775,0.0007915496826171875,211.93394470214844,1309.1358642578125,1309.1358642578125,60,613.9515032991767,0.05632000043988228,21241537956c2ff331ba00038331b5a3e08d5156c9bab680a444f05ef82f31c0,True
440,8,26,120,recent_k8,10.89030647277832,185.6818084716797,185.6818084716797,10.89030647277832,0.006595611572265625,653.4183349609375,11140.908203125,11140.908203125,60,614.821907132864,0.05632000043988228,72f1c4f74e3c3f0217fc66e59e0142d0364295957ea565a85f583ec579dbc801,True
441,8,26,135,recent_k8,11.348862648010254,199.0965576171875,199.0965576171875,11.348862648010254,0.00682830810546875,680.9317016601562,11945.79296875,11945.79296875,60,613.0112311802804,0.05734400078654289,f3bc7c0fd7310cf9d4d52c5ce728e0511c52c219f53d24ffc4d0df02eb3fb13e,True
442,8,26,150,recent_k8,11.158044815063477,204.46176147460938,204.46176147460938,11.158044815063477,0.01015472412109375,669.482666015625,12267.705078125,12267.705078125,60,611.914390232414,0.05632000043988228,b399a68c06a8256244a09e5f8bc6fe86782e4b69497d0e05b5303243e067ccab,True
443,8,26,165,recent_k8,4.224647045135498,39.224544525146484,39.224544525146484,4.224647045135498,0.0015268325805664062,253.4788055419922,2353.47265625,2353.47265625,60,611.7178522981703,0.05632000043988228,9fd9d056486413c38a915f1bf575737d3be0509a89d956e320b2d04c48986c60,True
444,8,26,180,recent_k8,6.019347667694092,53.42875289916992,53.42875289916992,6.019347667694092,0.0022983551025390625,361.16082763671875,3205.72509765625,3205.72509765625,60,611.587303224951,0.05734400078654289,a0c87298202645217ece9f08467777363e480e510df9b0c2d8fbc227e9350d7b,True
445,8,26,195,recent_k8,5.76181173324585,72.69659423828125,72.69659423828125,5.76181173324585,0.00299072265625,345.70867919921875,4361.79541015625,4361.79541015625,60,612.5970846042037,0.05734400078654289,d951c9d7666ab799d29d0be3d9584c76f1cc06a2ebb99e8b21805b6488866f30,True
446,8,26,210,recent_k8,7.537117004394531,96.47421264648438,96.47421264648438,7.537117004394531,0.004878997802734375,452.22698974609375,5788.45263671875,5788.45263671875,60,611.9366399943829,0.05632000043988228,da623ccaf435ebbf4b3cf6a4f000618dece618782452bca6711cefdc7e243a75,True
447,8,26,225,recent_k8,8.907560348510742,101.20144653320312,101.20144653320312,8.907560348510742,0.0045623779296875,534.45361328125,6072.08642578125,6072.08642578125,60,612.2584268450737,0.060416001826524734,3dffda116b947c263b21fce4b7a863b3119f774e6c782c4ddc84c950d7ed3991,True
448,8,21,30,recent_k8,1.7089766263961792,4.535286903381348,4.535286903381348,1.7089766263961792,0.00015604496002197266,102.53858947753906,272.1171875,272.1171875,60,612.1480991132557,0.05632000043988228,3a5a7782933c961cf9485f4b8ffd5b10680b6b002b2a1c034f961a30d80b2f47,True
449,8,21,45,recent_k8,3.2198307514190674,16.31938934326172,16.31938934326172,3.2198307514190674,0.0009241104125976562,193.18983459472656,979.1632690429688,979.1632690429688,60,612.8373821265996,0.05536000058054924,968ed07efdef71cd21294595d453f4f1beeb4619476d41e8225ebc17cf1a7234,True
450,8,21,60,recent_k8,5.17805290222168,35.8172607421875,35.8172607421875,5.17805290222168,0.00222015380859375,310.68316650390625,2149.03564453125,2149.03564453125,60,613.1935999728739,0.06140799820423126,793bcb76a8e6fea5255878a23ec7b1703cd625e65d5c2a8f7ea024f4f3079630,True
451,8,21,75,recent_k8,4.167394638061523,20.610157012939453,20.610157012939453,4.167394638061523,0.0008420944213867188,250.04367065429688,1236.609375,1236.609375,60,612.5541250221431,0.05734400078654289,56283a3144c1efdb1c26dce70411da95269ccdb1a7211d9f2740e9e5833074a2,True
452,8,21,90,recent_k8,1.7788331508636475,3.995234489440918,3.995234489440918,1.7788331508636475,0.00024068355560302734,106.72998046875,239.71405029296875,239.71405029296875,60,612.1450578793883,0.05632000043988228,7e3dd3ba759204020190271b53b756d7496f78ce070963ae873c2192a6395c99,True
453,8,21,105,recent_k8,1.9366015195846558,4.728221416473389,4.728221416473389,1.9366015195846558,0.00029587745666503906,116.19608306884766,283.6932678222656,283.6932678222656,60,612.0221889577806,0.05734400078654289,c264934d6b2bd6ae974570784d980952a0154e7171e45385ddb8fb30e64f19e6,True
454,8,21,120,recent_k8,5.20912504196167,72.75685119628906,72.75685119628906,5.20912504196167,0.0026645660400390625,312.5474853515625,4365.41064453125,4365.41064453125,60,609.3280417844653,0.05632000043988228,88cca6279bd96f6dee594e7ab3ad847913a088092014e5ecb0873181a9b72a68,True
455,8,21,135,recent_k8,6.434762001037598,107.6557846069336,107.6557846069336,6.434762001037598,0.0034656524658203125,386.085693359375,6459.3466796875,6459.3466796875,60,603.7999270483851,0.055296000093221664,c594a332176dd16b7a72ec5d352c42bc029ed0dec0debeb8854943aa5e135ddb,True
456,8,21,150,recent_k8,1.7100590467453003,4.229455947875977,4.229455947875977,1.7100590467453003,0.0003948211669921875,102.6035385131836,253.767333984375,253.767333984375,60,608.3303089253604,0.055296000093221664,7039db286785c8f83d6a65145ff05a0412da60d50092e13b4bac84d9ad96ec36,True
457,8,21,165,recent_k8,1.6176707744598389,3.6218535900115967,3.6218535900115967,1.6176707744598389,0.00028443336486816406,97.06024169921875,217.3112030029297,217.3112030029297,60,608.4612277336419,0.055296000093221664,9d33f3b7970e1d207b530a0655e7b50f205af46fb3718830ab80af276610c062,True
458,8,21,180,recent_k8,1.5347141027450562,3.263449192047119,3.263449192047119,1.5347141027450562,0.0002455711364746094,92.08283996582031,195.80694580078125,195.80694580078125,60,608.7198560126126,0.055296000093221664,3acdeb52387ede2c7cd35c05f23ecd2f1003e1fde68d7d0f09ed2b4eb5a6001c,True
459,8,21,195,recent_k8,1.5005520582199097,3.2677321434020996,3.2677321434020996,1.5005520582199097,0.0002593994140625,90.03311920166016,196.0639190673828,196.0639190673828,60,607.4803471565247,0.05728000029921532,3fcfccd9f4e9f020e190c5bcd10ade5ab64770636954a27bc496e6300367afbd,True
460,8,21,210,recent_k8,1.6266981363296509,3.65179443359375,3.65179443359375,1.6266981363296509,0.0002906322479248047,97.60188293457031,219.10765075683594,219.10765075683594,60,606.704343110323,0.055296000093221664,8d242dd8b5ac6da8908ba342b799aff3b591eb48897dbc15c49029c239e46f73,True
461,8,21,225,recent_k8,1.6000237464904785,3.547320604324341,3.547320604324341,1.6000237464904785,0.0002541542053222656,96.00141906738281,212.83921813964844,212.83921813964844,60,607.340897899121,0.055296000093221664,e3fb08a2a847caa0d7af15ed0499eb60103d92df64ac340b9d0fb16c2ee867e8,True
462,8,44,30,recent_k8,10.892160415649414,250.9971466064453,250.9971466064453,10.892160415649414,0.00860595703125,653.5296020507812,15059.828125,15059.828125,60,611.3583147525787,0.055296000093221664,52094f7a3ab69490610e029c7fda514ec1d8b89cd3bfb6e64a7cd47a9a9e2ee5,True
463,8,44,45,recent_k8,7.487489223480225,137.66563415527344,137.66563415527344,7.487489223480225,0.004573822021484375,449.24932861328125,8259.9375,8259.9375,60,611.5250829607248,0.05734400078654289,38f2d490790f488c6021e7edbc2448fd2e656e216dabf8ed77169c42ba3d57b8,True
464,8,44,60,recent_k8,5.461766719818115,53.950138092041016,53.950138092041016,5.461766719818115,0.0019588470458984375,327.70599365234375,3237.008056640625,3237.008056640625,60,611.0785170458257,0.05632000043988228,948d2642e23e04e423b1cca8e9a29180c3538eb514fdb84955f0e39f8c16ab40,True
465,8,44,75,recent_k8,2.794264316558838,12.113390922546387,12.113390922546387,2.794264316558838,0.0011472702026367188,167.65585327148438,726.8034057617188,726.8034057617188,60,612.3720472678542,0.055296000093221664,c145a18b42d16814119e3a27e7d2bc78e5411e89a7aab5398ff3e28f9b3fc03a,True
466,8,44,90,recent_k8,4.157540321350098,77.13323974609375,77.13323974609375,4.157540321350098,0.002544403076171875,249.452392578125,4627.994140625,4627.994140625,60,614.9820550344884,0.05532800033688545,8751df0833655663389c3ba591a6a4ebb3e5f0de22b2d6fe97a5219a9c05b9fd,True
467,8,44,105,recent_k8,4.288600921630859,55.94253158569336,55.94253158569336,4.288600921630859,0.0019588470458984375,257.3160400390625,3356.5517578125,3356.5517578125,60,611.506984103471,0.062463998794555664,1db20b6c491d6b200cfed6377a8ee53d1bc6a5a7ef15a72e846a3cd0ef643b35,True
468,8,44,120,recent_k8,3.61800217628479,23.9057559967041,23.9057559967041,3.61800217628479,0.0013341903686523438,217.0801239013672,1434.3453369140625,1434.3453369140625,60,610.9394184313715,0.055296000093221664,b50099225fcfc510dd7bbde1a3fd17763ea8d46dcf4a6bf2eccf553725da705c,True
469,8,44,135,recent_k8,3.271503448486328,22.220863342285156,22.220863342285156,3.271503448486328,0.0008296966552734375,196.29019165039062,1333.251708984375,1333.251708984375,60,612.6756840385497,0.05632000043988228,098361ebabe553848a1b3deade6a4b267b74a1798b09cd5060aee76194d5a7cc,True
470,8,44,150,recent_k8,4.330263137817383,77.09149169921875,77.09149169921875,4.330263137817383,0.0025005340576171875,259.8157653808594,4625.4892578125,4625.4892578125,60,610.7805799692869,0.06143999844789505,f7fa1e191035ec6549b48ecb721024acb22ad65bab3140dbf4599140b3f21962,True
471,8,44,165,recent_k8,4.706201553344727,73.56734466552734,73.56734466552734,4.706201553344727,0.0025501251220703125,282.3720703125,4414.04052734375,4414.04052734375,60,611.5297731012106,0.05632000043988228,8b8914b4cd8135d3a92cbb367bd0f3cda487b291ae1aeda4f13aff1208cf85ad,True
472,8,44,180,recent_k8,3.4908361434936523,15.700958251953125,15.700958251953125,3.4908361434936523,0.001186370849609375,209.45016479492188,942.0574340820312,942.0574340820312,60,610.8505590818822,0.055296000093221664,a29f78d1bc4faf1168ca8ea0c267f67243510a5c4be12a6479a8aac10678e58e,True
473,8,44,195,recent_k8,3.409416913986206,26.411794662475586,26.411794662475586,3.409416913986206,0.0010309219360351562,204.56500244140625,1584.7076416015625,1584.7076416015625,60,611.3736750558019,0.05734400078654289,6baf55752cf2c061d22bbd8a8473d4d87c98910b57957424436ed9c98848ccd5,True
474,8,44,210,recent_k8,2.6794581413269043,13.650165557861328,13.650165557861328,2.6794581413269043,0.000614166259765625,160.76748657226562,819.0098876953125,819.0098876953125,60,610.6126313097775,0.05632000043988228,a991efcf4b0edf092d6c9f52ac86b0a18b27c9bc02ce97c1eb411a3ac0164ccb,True
475,8,44,225,recent_k8,3.253525733947754,16.158178329467773,16.158178329467773,3.253525733947754,0.001338958740234375,195.21153259277344,969.4906005859375,969.4906005859375,60,609.7343382425606,0.055296000093221664,fb42bae74fceaacb76998cf967721e50737d4129f44932a3b26df2d102e0733f,True
476,8,23,30,recent_k8,12.949775695800781,243.7708740234375,243.7708740234375,12.949775695800781,0.01134490966796875,776.9865112304688,14626.251953125,14626.251953125,60,610.2612940594554,0.055296000093221664,1a9a29c91799a55b38d31a30e4d5a3599a0e60eb86706eee1095d09ae0aa3cd1,True
477,8,23,45,recent_k8,12.7680025100708,1487.1768798828125,365.75396728515625,12.7680025100708,0.04669189453125,766.0801391601562,89230.609375,21945.236328125,60,610.2400841191411,0.055296000093221664,f0f25ae8d6e03789922b7feab02b8f5602a9e372906beba698d9f53e46060160,True
478,8,23,60,recent_k8,47.31854248046875,10760.99609375,6094.4013671875,47.31854248046875,0.332763671875,2839.1123046875,645659.75,365664.0625,60,614.6778077818453,0.055296000093221664,9d99b9f6711f52c3226cfd55fe9b36f57db3e15aa53ad65d8255397725b65d8b,True
479,8,23,75,recent_k8,27.904518127441406,2032.9930419921875,2032.9930419921875,27.904518127441406,0.0635986328125,1674.27099609375,121979.578125,121979.578125,60,609.60612911731,0.05632000043988228,d615e2cee9bb55ff0c10e87e14537142cc52c6a4dc074639991c71fce0d9a9f4,True
480,8,23,90,recent_k8,7.213396072387695,75.34868621826172,75.34868621826172,7.213396072387695,0.003631591796875,432.8037414550781,4520.9208984375,4520.9208984375,60,609.3939910642803,0.05632000043988228,f83ede99f4de76491ff2a29abb4eef687d9b3a42c7dd89b25b4bd8e1cd8fb24b,True
481,8,23,105,recent_k8,4.663461685180664,34.63478469848633,34.63478469848633,4.663461685180664,0.002155303955078125,279.80767822265625,2078.0869140625,2078.0869140625,60,609.9242372438312,0.05632000043988228,283c13ad9b6327a2cecf1d7d2bf9ca9dfadbde750054ce2e82aaab9fcc976ac5,True
482,8,23,120,recent_k8,6.422314167022705,63.38161849975586,63.38161849975586,6.422314167022705,0.002330780029296875,385.3388366699219,3802.89697265625,3802.89697265625,60,609.336880967021,0.055296000093221664,c3f15fe52761841392a6bc66474fb0f639c44acca81ab9347f341d887f9e98d4,True
483,8,23,135,recent_k8,11.816890716552734,255.21365356445312,255.21365356445312,11.816890716552734,0.01168060302734375,709.013427734375,15312.818359375,15312.818359375,60,609.6355090849102,0.05632000043988228,4e6aef2726cef505e841c0fb4a617e3ed9638b84d555fd311ffafbf2d1822e2e,True
484,8,23,150,recent_k8,8.650899887084961,132.31790161132812,132.31790161132812,8.650899887084961,0.005878448486328125,519.053955078125,7939.07373046875,7939.07373046875,60,609.0447739697993,0.05734400078654289,d3778274021902d92ac163481467a9a518f5bce454f7b09151e8a837030f103f,True
485,8,23,165,recent_k8,8.878340721130371,101.6060562133789,101.6060562133789,8.878340721130371,0.007015228271484375,532.700439453125,6096.36328125,6096.36328125,60,611.2840157002211,0.05632000043988228,122cfe7e11eb7fdada99a6feea9c2f77dbf694837afedb47896f7a6a9edf3dd9,True
486,8,23,180,recent_k8,20.919349670410156,896.8663940429688,896.8663940429688,20.919349670410156,0.03082275390625,1255.160888671875,53811.98046875,53811.98046875,60,609.3011908233166,0.05936000123620033,b64255168bcda4bfcd8ebcb43825a96a5d891757ed63e6747dcfbbdf7a0270f4,True
487,8,23,195,recent_k8,16.857467651367188,657.1856079101562,657.1856079101562,16.857467651367188,0.0211181640625,1011.447998046875,39431.1328125,39431.1328125,60,612.0672589167953,0.055296000093221664,4881fda5e71e49ec3bdf6c9430a0fe3b4034c6441f9098a1a57156bc25299371,True
488,8,23,210,recent_k8,16.591344833374023,446.1946716308594,446.1946716308594,16.591344833374023,0.01427459716796875,995.4806518554688,26771.6796875,26771.6796875,60,609.705489128828,0.05734400078654289,3479b42acb1999af7a9ac459dd5046941868e6f7266445cf4110266bad0719aa,True
489,8,23,225,recent_k8,6.4132795333862305,84.8899917602539,84.8899917602539,6.4132795333862305,0.002864837646484375,384.7967529296875,5093.3994140625,5093.3994140625,60,609.794067684561,0.05632000043988228,6e55b3e8f3960c993be61ccc1cfa7ae621405addccffc2023a9526dbd74fa180,True
490,8,53,30,recent_k8,26.869510650634766,1749.7548828125,1749.7548828125,26.869510650634766,0.05621337890625,1612.1705322265625,104985.2890625,104985.2890625,60,610.0846054032445,0.05632000043988228,2f1a2c0c0bb03dd0d88ace478525a0955ebb4ab181733b4c4cdc1a93e6ad1d3f,True
491,8,53,45,recent_k8,51.297882080078125,4823.1533203125,4823.1533203125,51.297882080078125,0.152099609375,3077.872802734375,289389.1875,289389.1875,60,611.0397768206894,0.06451199948787689,380660a76adae40b2aecaad11f991458e3a02e0fe1bea5ed977a737d9e440bed,True
492,8,53,60,recent_k8,30.358728408813477,1161.8974609375,1161.8974609375,30.358728408813477,0.042816162109375,1821.5235595703125,69713.84375,69713.84375,60,612.0074391365051,0.05632000043988228,e4cabcc913472a99ad7d6f0f030fb8c46a05e7675b6cbf547eab604ab2c6f3d9,True
493,8,53,75,recent_k8,3.6908514499664307,21.05229949951172,21.05229949951172,3.6908514499664307,0.0008778572082519531,221.45108032226562,1263.137939453125,1263.137939453125,60,613.4102679789066,0.05734400078654289,7ef70e22a6d12f153a371850afea737c91a5d005de903db106e6fdbc8509802e,True
494,8,53,90,recent_k8,8.576994895935059,204.89353942871094,204.89353942871094,8.576994895935059,0.00714111328125,514.6196899414062,12293.611328125,12293.611328125,60,612.9093221388757,0.07065600156784058,36563e9ddb0dead049f7717d09e87c7714ba1b7758c5eca523eb2091e7a75071,True
495,8,53,105,recent_k8,10.071954727172852,297.68548583984375,297.68548583984375,10.071954727172852,0.010498046875,604.3172607421875,17861.12890625,17861.12890625,60,612.3735969886184,0.05734400078654289,1a051f4083edcaf66864a5b6392c369ca15a2fbf1287c6d222e8ed892c4e4fe1,True
496,8,53,120,recent_k8,48.3214111328125,6427.92333984375,6204.54931640625,48.3214111328125,0.202392578125,2899.284423828125,385675.375,372272.9375,60,617.9320411756635,0.05939200147986412,264c005ec92a037cf5cf12d67ea2bea184442b3b040c516c740e97f657387ddc,True
497,8,53,135,recent_k8,25.086231231689453,1755.551025390625,1755.551025390625,25.086231231689453,0.054840087890625,1505.173828125,105333.0546875,105333.0546875,60,613.704735878855,0.07680000364780426,d44fac8a7dd4c1fe0ce293be218f127fc401ab55752862bb0323267b976686bc,True
498,8,53,150,recent_k8,48.17261505126953,4464.11669921875,4464.11669921875,48.17261505126953,0.140869140625,2890.356689453125,267847.0,267847.0,60,611.5302531979978,0.058368001133203506,e726a333e8192a99654c7ffa2e7ffb583b81bd04c2aabeec035c607f814221d5,True
499,8,53,165,recent_k8,8.824548721313477,186.33236694335938,186.33236694335938,8.824548721313477,0.0059051513671875,529.472900390625,11179.94140625,11179.94140625,60,610.1345252245665,0.05532800033688545,34cd4e91821ccedd686e8bf15896cb99945df4d6ff22e2110a9ef6fe80bba1bd,True
500,8,53,180,recent_k8,15.299219131469727,502.39404296875,502.39404296875,15.299219131469727,0.0182342529296875,917.953125,30143.640625,30143.640625,60,610.618500970304,0.06451199948787689,885eac1c541ff5467f7c017cb6ae2607b65b6b7a48fd65633f254000540fd0b0,True
501,8,53,195,recent_k8,13.095040321350098,356.6598815917969,356.6598815917969,13.095040321350098,0.01244354248046875,785.702392578125,21399.591796875,21399.591796875,60,611.7941909469664,0.05734400078654289,0daa7cd472a4dddd9a13d78abf8293837b1a4671788446a43cdcc8d201101c49,True
502,8,53,210,recent_k8,6.188131809234619,63.553558349609375,63.553558349609375,6.188131809234619,0.0022602081298828125,371.28790283203125,3813.21337890625,3813.21337890625,60,610.9343678690493,0.058368001133203506,10678bc2e67600a8413d5bcf48bdcc1ee4c8dfe5100af9cb692bad78d98a4957,True
503,8,53,225,recent_k8,3.7909584045410156,26.873441696166992,26.873441696166992,3.7909584045410156,0.0009622573852539062,227.45748901367188,1612.4063720703125,1612.4063720703125,60,610.2328840643167,0.05734400078654289,fc340d24e7e0366d176f8e96532c5a3d0254c65cd4b1e7180084182309125652,True
504,8,84,30,recent_k8,43.761436462402344,3711.492431640625,3711.492431640625,43.761436462402344,0.1331787109375,2625.68603515625,222689.53125,222689.53125,60,611.1430572345853,0.05939200147986412,07e4bf97b07022b99d5ce9ad304ec0550279cb86704a9ab8151472efb7367921,True
505,8,84,45,recent_k8,27.694374084472656,1234.6748046875,1234.6748046875,27.694374084472656,0.045196533203125,1661.662353515625,74080.484375,74080.484375,60,613.718765322119,0.057312000542879105,3388632021bb103a4274468eddbb19e71eadf66fb72ee6adb012c6544c331474,True
506,8,84,60,recent_k8,37.59074783325195,1836.197265625,1836.197265625,37.59074783325195,0.09033203125,2255.44482421875,110171.828125,110171.828125,60,609.3574613332748,0.06143999844789505,fd5980a55fe185e02d3b0301a23585e11c2d675283de47a9e31b07cfa1d26709,True
507,8,84,75,recent_k8,6.448825359344482,63.0935173034668,63.0935173034668,6.448825359344482,0.0027523040771484375,386.92950439453125,3785.61083984375,3785.61083984375,60,606.3272664323449,0.055296000093221664,e0ee8a1077ab522526e6e7e291ffd24e951c090bd6d6c46cd8073057e2a92dd3,True
508,8,84,90,recent_k8,2.1472065448760986,8.76807689666748,8.76807689666748,2.1472065448760986,0.00029087066650390625,128.83238220214844,526.0845947265625,526.0845947265625,60,607.9915431328118,0.05734400078654289,450486c1edb1ea40ffe9adaa3f507ad45d7a630f4e058905b379223b437ea0a8,True
509,8,84,105,recent_k8,2.340256690979004,10.506573677062988,10.506573677062988,2.340256690979004,0.0003376007080078125,140.41539001464844,630.3944091796875,630.3944091796875,60,606.4937845803797,0.05734400078654289,cdf6814562c19d6d6b4167d94f775926f53e0354f35345a453c638940d455785,True
510,8,84,120,recent_k8,2.0687057971954346,7.569619178771973,7.569619178771973,2.0687057971954346,0.0002543926239013672,124.12234497070312,454.1771240234375,454.1771240234375,60,608.1723012030125,0.05632000043988228,445f6a2d000f013df09529a01e98893d70c297382a0389aaa2bf9e3d171365b1,True
511,8,84,135,recent_k8,8.107050895690918,170.3426055908203,170.3426055908203,8.107050895690918,0.00704193115234375,486.42303466796875,10220.5556640625,10220.5556640625,60,608.9756241999567,0.055296000093221664,247cc35696125c18338aaccada5bac12728f707a10e6cc4cc7cbcf82e3b0aedf,True
512,8,84,150,recent_k8,13.628600120544434,280.4794616699219,280.4794616699219,13.628600120544434,0.01120758056640625,817.7159423828125,16828.767578125,16828.767578125,60,610.2618733420968,0.05628800019621849,9f3a51f648d8021664a1d90223e9b4bd65a37da20135729c1ed0836f1de641fd,True
513,8,84,165,recent_k8,3.179298162460327,13.080368041992188,13.080368041992188,3.179298162460327,0.0006132125854492188,190.75787353515625,784.822021484375,784.822021484375,60,613.2527887821198,0.05632000043988228,79879f270f9cafef50cb5f5ca9732025066bf0128b407a57f80a52cd689ccc28,True
514,8,84,180,recent_k8,2.968358039855957,12.082653999328613,12.082653999328613,2.968358039855957,0.0005321502685546875,178.10147094726562,724.959228515625,724.959228515625,60,611.186936032027,0.055296000093221664,fa609602b26a7b21040f7aadeff41728717b6681aa52ed24a1f3732dfe415d86,True
515,8,84,195,recent_k8,15.078289985656738,392.6405029296875,392.6405029296875,15.078289985656738,0.016937255859375,904.6973266601562,23558.4296875,23558.4296875,60,612.2939269989729,0.05632000043988228,1c4eb6c9f32820366410b961212cf6e74ca00fcd487fcedfc61923191ca890ae,True
516,8,84,210,recent_k8,12.086847305297852,194.2268524169922,194.2268524169922,12.086847305297852,0.00832366943359375,725.2108154296875,11653.6103515625,11653.6103515625,60,611.6352630779147,0.05734400078654289,eb5f9ff63807934249b50e44269d6b77b1ef3d67d79dafb65f5f00c0fb801504,True
517,8,84,225,recent_k8,8.586688995361328,114.9662094116211,114.9662094116211,8.586688995361328,0.005733489990234375,515.2012939453125,6897.97216796875,6897.97216796875,60,613.2622798904777,0.055296000093221664,3ec281292d08de591cd995768561f872a715f1e00939c1e463c909f5b1c745dc,True
518,8,59,30,recent_k8,3.8204517364501953,23.285490036010742,23.285490036010742,3.8204517364501953,0.000732421875,229.2270965576172,1397.1292724609375,1397.1292724609375,60,612.2079179622233,0.05632000043988228,559e0407afdd6ed7b5918ebcce02dc45fbbdd6de8ef92d84e42a049e5d7daa8f,True
519,8,59,45,recent_k8,2.201159954071045,11.614093780517578,11.614093780517578,2.201159954071045,0.0003952980041503906,132.06959533691406,696.8455810546875,696.8455810546875,60,612.1492581441998,0.05632000043988228,2ef9df757ef91550ae8915e3960fa3bef52361e21f5be7c64e08dd934a9a9efb,True
520,8,59,60,recent_k8,6.083165168762207,49.700401306152344,49.700401306152344,6.083165168762207,0.002685546875,364.9898986816406,2982.02392578125,2982.02392578125,60,610.8191190287471,0.055296000093221664,cd6583aca78d9d0944704415fb62e3fed90b6d558802464e2c8450637bd00e32,True
521,8,59,75,recent_k8,3.9404728412628174,23.785429000854492,23.785429000854492,3.9404728412628174,0.0008692741394042969,236.42835998535156,1427.1256103515625,1427.1256103515625,60,612.3479772359133,0.05632000043988228,41a9a67dcdf119da9d946957922defd5c6e4522156def92136f159011b58e3f5,True
522,8,59,90,recent_k8,4.24259614944458,31.64326286315918,31.64326286315918,4.24259614944458,0.001064300537109375,254.55575561523438,1898.595703125,1898.595703125,60,611.8084308691323,0.05734400078654289,4b2abf272fde19dda881d0d05f464d0f65ff4bffcaaec0880fdd655d3224d7db,True
523,8,59,105,recent_k8,3.5274808406829834,24.820091247558594,24.820091247558594,3.5274808406829834,0.0010137557983398438,211.64883422851562,1489.2054443359375,1489.2054443359375,60,612.0648789219558,0.05632000043988228,d36df42f2bba165133abd43d7c4e158d75b19900c7a55212fd5ae85522523dde,True
524,8,59,120,recent_k8,8.637298583984375,138.15261840820312,138.15261840820312,8.637298583984375,0.00600433349609375,518.2379150390625,8289.15625,8289.15625,60,611.8955812416971,0.05632000043988228,c111de2e63499d666a3cf73b747b40a6d5c30a0c497b5aee9e620e359afa6c6d,True
525,8,59,135,recent_k8,10.015888214111328,152.97357177734375,152.97357177734375,10.015888214111328,0.00673675537109375,600.9532470703125,9178.4140625,9178.4140625,60,612.2771268710494,0.05632000043988228,d0e39a3554f8f0dab86a3345142287a529757671e6e8e96fb42f74e67717d214,True
526,8,59,150,recent_k8,9.047954559326172,103.321044921875,103.321044921875,9.047954559326172,0.007556915283203125,542.8772583007812,6199.26220703125,6199.26220703125,60,610.4651819914579,0.05632000043988228,c368b7e2786f45ec85dc45b93fcf61faa98555ad1a597e908f3692e7420c2138,True
527,8,59,165,recent_k8,4.92303991317749,31.273239135742188,31.273239135742188,4.92303991317749,0.0017023086547851562,295.38238525390625,1876.394287109375,1876.394287109375,60,610.9257582575083,0.06451199948787689,a00340f50fa11dc8d84c09331c80d7d145517b56963f1c221c1dcde9e76c6a9a,True
528,8,59,180,recent_k8,3.2565391063690186,20.76714324951172,20.76714324951172,3.2565391063690186,0.0009098052978515625,195.392333984375,1246.028564453125,1246.028564453125,60,610.7037402689457,0.055296000093221664,c72d3214abe26c72e3e37c5b10e334df12d95c8f548f7b38e13dca2cca6193ba,True
529,8,59,195,recent_k8,5.348272800445557,44.3392448425293,44.3392448425293,5.348272800445557,0.0025501251220703125,320.8963623046875,2660.3544921875,2660.3544921875,60,610.2188937366009,0.0655359998345375,f7ad473b1b517f4eca1f71802b2248111cb63a3b48e05bf46dc85303208f2f6e,True
530,8,59,210,recent_k8,10.449190139770508,213.1110076904297,213.1110076904297,10.449190139770508,0.00801849365234375,626.9513549804688,12786.66015625,12786.66015625,60,610.7552000321448,0.05632000043988228,a902f19b2b76bbe17b4749fd9c8003bf998fc00d90178fc7067e035806e8f038,True
531,8,59,225,recent_k8,6.90987491607666,67.24994659423828,67.24994659423828,6.90987491607666,0.0028553009033203125,414.59246826171875,4034.99658203125,4034.99658203125,60,614.2600406892598,0.05734400078654289,8754b9f42b21fbec84061b288a2137b7db981be730aad6fe071fbc4b60c70776,True
532,8,49,30,recent_k8,42.43980407714844,5022.7021484375,3351.73291015625,42.43980407714844,0.1700439453125,2546.38818359375,301362.125,201103.96875,60,610.42386200279,0.055296000093221664,c205ac261557fa6bc4c303300388d6cdb20dcc1e9f9d226d5d2c786c3f2ecaf9,True
533,8,49,45,recent_k8,54.61448669433594,19201.8515625,5644.1416015625,54.61448669433594,0.59521484375,3276.869140625,1152111.0,338648.46875,60,611.1301160417497,0.05734400078654289,53f0e5f642cd6b7268cbe20654889f9a71fb71f7b887783470bd1fe3d76f9bab,True
534,8,49,60,recent_k8,15.952054023742676,1552.4805908203125,652.5585327148438,15.952054023742676,0.05096435546875,957.1231689453125,93148.828125,39153.51171875,60,610.4424633085728,0.05632000043988228,39c3df580a8a0f2c703c504fbf7e262cfc67d1a1c7f087fd71a47b739aecf8c9,True
535,8,49,75,recent_k8,47.09146499633789,7773.92529296875,5467.74658203125,47.09146499633789,0.2406005859375,2825.48779296875,466435.5,328064.78125,60,610.8316290192306,0.05632000043988228,507ed98c494b0ae84db57897e82e9784c2c2d6185174254d7d86c55891a282d2,True
536,8,49,90,recent_k8,29.1966609954834,1720.6893310546875,1720.6893310546875,29.1966609954834,0.057403564453125,1751.799560546875,103241.3515625,103241.3515625,60,610.5027720332146,0.05632000043988228,ef53fe2ffa5d672869377eefdabe8e3a63591d7e2b258e455e3d7e6c17f7b9b2,True
537,8,49,105,recent_k8,29.785430908203125,1953.9052734375,1953.9052734375,29.785430908203125,0.0731201171875,1787.125732421875,117234.3125,117234.3125,60,610.5881608091295,0.05632000043988228,2e095823f10638cc1087211823393c86e6386813f96475937e4f0cce837031a1,True
538,8,49,120,recent_k8,41.92931365966797,9862.4658203125,2765.42138671875,41.92931365966797,0.37890625,2515.7587890625,591747.9375,165925.28125,60,610.2214539423585,0.055296000093221664,806020fb0bff68b650edbfea4a29cca14724fbe7829c0c9d5021de1a7b833a75,True
539,8,49,135,recent_k8,36.29735565185547,14462.4599609375,2861.44970703125,36.29735565185547,0.458740234375,2177.84130859375,867747.5625,171686.96875,60,611.0638873651624,0.05632000043988228,345e2729391985fb72466341a1b1c2cb95e931249830a91189bc98f6911aa71e,True
540,8,49,150,recent_k8,49.659996032714844,6280.3798828125,5224.6904296875,49.659996032714844,0.19970703125,2979.599609375,376822.78125,313481.40625,60,610.7673486694694,0.05632000043988228,b56db879cf3d15bb84d10fb65e6cade29480a25bea69219f0194cbde7edc39ad,True
541,8,49,165,recent_k8,11.601398468017578,250.47193908691406,250.47193908691406,11.601398468017578,0.008209228515625,696.0838623046875,15028.3154296875,15028.3154296875,60,610.9941178001463,0.055296000093221664,a8015e280bbe679b85ceb41eaa154c98a5d1010437609bfc02ea9afb64b65f37,True
542,8,49,180,recent_k8,3.521369695663452,22.993783950805664,22.993783950805664,3.521369695663452,0.00131988525390625,211.28216552734375,1379.626953125,1379.626953125,60,611.4227036014199,0.05734400078654289,5b5039577b553a715bddd496d2c6ca60809316e6a7e561eca7198622dd3834ea,True
543,8,49,195,recent_k8,3.5547707080841064,18.28034782409668,18.28034782409668,3.5547707080841064,0.001628875732421875,213.28622436523438,1096.82080078125,1096.82080078125,60,613.8965743593872,0.055296000093221664,d182150acadaa53a1cd8207e03bf5af64ac3fd5dafa9f8bf8dd69c81ad37ef03,True
544,8,49,210,recent_k8,2.9616477489471436,12.179566383361816,12.179566383361816,2.9616477489471436,0.000751495361328125,177.6988525390625,730.77392578125,730.77392578125,60,612.5483452342451,0.05936000123620033,8f53214c473c1e4aa8b31d0fe87c73ad22d575bbfc2f1eef45780e13070a7890,True
545,8,49,225,recent_k8,2.269562244415283,9.575400352478027,9.575400352478027,2.269562244415283,0.0005764961242675781,136.17372131347656,574.5239868164062,574.5239868164062,60,611.8141603656113,0.060416001826524734,10a2a7c5658281ba00cb37dac44693f38a11fb4479b71287da3c167f62310066,True
546,8,7,30,recent_k8,26.81809425354004,1524.74951171875,1524.74951171875,26.81809425354004,0.048187255859375,1609.0855712890625,91484.96875,91484.96875,60,612.1543780900538,0.05632000043988228,565b26d898d8e322166ec1446e00d7147ab769b7abb23308106524c8bd7aee89,True
547,8,7,45,recent_k8,29.87354278564453,2360.91162109375,2360.91162109375,29.87354278564453,0.072998046875,1792.4124755859375,141654.6875,141654.6875,60,612.365145701915,0.06656000018119812,b3b3d9683371ef751153f4d6ac4fcaf26da677bc6f44e6e1c0441d3113bcc0e2,True
548,8,7,60,recent_k8,1.534345269203186,4.180081844329834,4.180081844329834,1.534345269203186,0.0002027750015258789,92.06071472167969,250.80490112304688,250.80490112304688,60,611.9401901960373,0.05734400078654289,1d3196e9267b75eef538e2146a7f45163283183f8e4aa98398df5522e98da339,True
549,8,7,75,recent_k8,1.1144996881484985,2.5450825691223145,2.5450825691223145,1.1144996881484985,8.934736251831055e-05,66.86997985839844,152.70494079589844,152.70494079589844,60,611.5310727618635,0.05632000043988228,39a9fc140671af40d4b241ef6646593661646dd1e81dbb344a9d27b43657fbf8,True
550,8,7,90,recent_k8,14.342581748962402,436.5078430175781,436.5078430175781,14.342581748962402,0.0223388671875,860.5548706054688,26190.46875,26190.46875,60,612.6563539728522,0.06143999844789505,cb0b1d7a73330d81d919b74472fe4e319eceec8fdf88958aa3677d048beb640a,True
551,8,7,105,recent_k8,10.508625030517578,211.33128356933594,211.33128356933594,10.508625030517578,0.0079803466796875,630.5174560546875,12679.8759765625,12679.8759765625,60,612.2141079977155,0.05632000043988228,f4bbfaadfdfed6b5c2185a5acd0fae69e01e3464f01140aaac56b4d48db08822,True
552,8,7,120,recent_k8,22.531234741210938,1270.3570556640625,1270.3570556640625,22.531234741210938,0.03961181640625,1351.8740234375,76221.421875,76221.421875,60,611.7896712385118,0.05632000043988228,145217fa0736ed1bd5209dd0fc70179668a9fd66938eafa83802dc60f4a5d9a4,True
553,8,7,135,recent_k8,12.727119445800781,275.6082763671875,275.6082763671875,12.727119445800781,0.0092315673828125,763.6271362304688,16536.49609375,16536.49609375,60,611.5838922560215,0.05734400078654289,daf0c15d3846fe487c07f598059b338e152b6fb5095727fec8c3ab5fe6d52fe1,True
554,8,7,150,recent_k8,14.025240898132324,448.62933349609375,448.62933349609375,14.025240898132324,0.0156707763671875,841.514404296875,26917.7578125,26917.7578125,60,610.9318379312754,0.055296000093221664,a459458de27d49296fc84454af040eb0304b52df82f495f7d025c1ca9370a1f7,True
555,8,7,165,recent_k8,25.392148971557617,948.4037475585938,948.4037475585938,25.392148971557617,0.031890869140625,1523.52880859375,56904.22265625,56904.22265625,60,610.8490792103112,0.06656000018119812,382a39fcc673b8b9f73d30c0d4018368d70a327952a63f6c8b76bae5b1412ebd,True
556,8,7,180,recent_k8,12.723511695861816,340.18975830078125,340.18975830078125,12.723511695861816,0.01422119140625,763.41064453125,20411.384765625,20411.384765625,60,610.0785150192678,0.055296000093221664,67ab56e94ff4a80162564bc28873b5799b4eda68405116bde64032a0d56ef7fa,True
557,8,7,195,recent_k8,8.519811630249023,98.72064208984375,98.72064208984375,8.519811630249023,0.004970550537109375,511.1886901855469,5923.23828125,5923.23828125,60,609.2763720080256,0.055296000093221664,6faf771713dd949b13f4494d442c287b13a81f7dd26ba59c4297b9f1fc77af29,True
558,8,7,210,recent_k8,18.03759002685547,565.4207153320312,565.4207153320312,18.03759002685547,0.0250244140625,1082.25537109375,33925.2421875,33925.2421875,60,609.5747486688197,0.05427199974656105,50ca972b52fe3cb1c3eb9e8b81bdfeddeeec303579c59c1289522bbcd2ed3b05,True
559,8,7,225,recent_k8,9.376616477966309,204.42799377441406,204.42799377441406,9.376616477966309,0.00870513916015625,562.5969848632812,12265.6787109375,12265.6787109375,60,609.542609192431,0.05632000043988228,b183796dc60e48a0e53f121dcc63cf76372921c50bb150fe5384b263bc2c052a,True
560,8,47,30,recent_k8,10.353058815002441,149.9024200439453,149.9024200439453,10.353058815002441,0.005825042724609375,621.1834716796875,8994.14453125,8994.14453125,60,610.1095150224864,0.055296000093221664,bd268582da4d67b4b13512476d5a1cdf18faf6d53b33a0334524333c8c767479,True
561,8,47,45,recent_k8,10.974639892578125,160.8058624267578,160.8058624267578,10.974639892578125,0.00896453857421875,658.4783325195312,9648.3515625,9648.3515625,60,609.8029068671167,0.05632000043988228,11e1efa87625238863bfbf8b037f1912746580de81163419f94a820e593fcafe,True
562,8,47,60,recent_k8,8.623985290527344,87.87114715576172,87.87114715576172,8.623985290527344,0.005115509033203125,517.4390869140625,5272.2685546875,5272.2685546875,60,609.7366781905293,0.05632000043988228,fadef0a30a277e46d6d91600705001d308725d663d53acbeafc8d422c5ff5023,True
563,8,47,75,recent_k8,10.530694007873535,155.8000030517578,155.8000030517578,10.530694007873535,0.00997161865234375,631.8416137695312,9348.0,9348.0,60,611.718911677599,0.05734400078654289,ee3cf9506bd18fdab99b918000b50d038c20df05e75cf565f02c0c93958e6662,True
564,8,47,90,recent_k8,14.851410865783691,403.1106262207031,403.1106262207031,14.851410865783691,0.01364898681640625,891.0845947265625,24186.63671875,24186.63671875,60,613.2862591184676,0.05632000043988228,8786d883e6ed85041c6ba51448f64e6120faa9656ec42a83883cf40853e27091,True
565,8,47,105,recent_k8,17.212671279907227,640.83544921875,640.83544921875,17.212671279907227,0.026641845703125,1032.76025390625,38450.125,38450.125,60,609.9325260147452,0.06348799914121628,4d81b7d5b37ac91f6c7abeecb2f6718a3edc19b28f0be3e1e50f28d27b22c13c,True
566,8,47,120,recent_k8,36.228599548339844,1701.4930419921875,1701.4930419921875,36.228599548339844,0.0980224609375,2173.7158203125,102089.578125,102089.578125,60,609.4958591274917,0.055296000093221664,a52974a85789b92b98ad349175d2db329dcc63f25f472c2fed4b9fa30dc8fac4,True
567,8,47,135,recent_k8,14.583572387695312,301.1536560058594,301.1536560058594,14.583572387695312,0.01398468017578125,875.0142822265625,18069.21875,18069.21875,60,609.0136142447591,0.05632000043988228,721b8792c0b093ff55630e12652c7a4a3929db1b5a3886cda0472cc71eb9ab5c,True
568,8,47,150,recent_k8,6.501090049743652,59.564903259277344,59.564903259277344,6.501090049743652,0.0037403106689453125,390.06536865234375,3573.89404296875,3573.89404296875,60,613.028350751847,0.055296000093221664,2805e12b49043f931f23ee82c80c67273d1129b4b1d92f9feca4ede692442361,True
569,8,47,165,recent_k8,3.519749164581299,19.935855865478516,19.935855865478516,3.519749164581299,0.0006947517395019531,211.1849365234375,1196.1512451171875,1196.1512451171875,60,616.8774804100394,0.060416001826524734,698479d766a79d402d6489116e7b96bc82642979febf10ae13a371abc95acb5c,True
570,8,47,180,recent_k8,4.321211814880371,23.45195770263672,23.45195770263672,4.321211814880371,0.0011568069458007812,259.272705078125,1407.117431640625,1407.117431640625,60,610.0442060269415,0.060416001826524734,f528a3abac97625e008e98c9b74cf89e5177376027c6175ff8810969ea9c19b8,True
571,8,47,195,recent_k8,2.8843467235565186,12.027023315429688,12.027023315429688,2.8843467235565186,0.0005035400390625,173.060791015625,721.621337890625,721.621337890625,60,619.3396989256144,0.06758400052785873,58345336a123e66884327943f6c37dd7b5f194957f5683110a5db33764ec37b4,True
572,8,47,210,recent_k8,2.8270416259765625,10.201878547668457,10.201878547668457,2.8270416259765625,0.0006742477416992188,169.6224822998047,612.1126708984375,612.1126708984375,60,611.5507329814136,0.06451199948787689,2d8e97bf6340d0442a97108ded84c1a9244ae6dea01a0fad3e59ca7f15f2fe5a,True
573,8,47,225,recent_k8,4.632071495056152,43.89280700683594,43.89280700683594,4.632071495056152,0.0016012191772460938,277.9242858886719,2633.568359375,2633.568359375,60,611.9890091940761,0.057312000542879105,fc2814bd881da31530b51fa4fc9601fc6f793c9bdc3a234039ba7fd5442b8721,True
574,8,30,30,recent_k8,20.3393611907959,1023.4833374023438,1023.4833374023438,20.3393611907959,0.032989501953125,1220.361572265625,61408.99609375,61408.99609375,60,611.9985687546432,0.05427199974656105,08f4fb5137c49f2abe1382ee4035522122b107160c5a0ad65dcd772e5e6b78fc,True
575,8,30,45,recent_k8,8.458745002746582,133.9590606689453,133.9590606689453,8.458745002746582,0.004947662353515625,507.524658203125,8037.54345703125,8037.54345703125,60,617.0615181326866,0.05632000043988228,a8967c31ee762683408a9c4666861d1a832ee5fb81b5b915c4d9614e21878362,True
576,8,30,60,recent_k8,3.6337759494781494,43.22758102416992,43.22758102416992,3.6337759494781494,0.0014591217041015625,218.02655029296875,2593.65478515625,2593.65478515625,60,613.358017988503,0.06143999844789505,5bc412f4699c754152b89d16a42ed56da4920cab4b1d36072eece50095cbd023,True
577,8,30,75,recent_k8,6.958498954772949,87.98002624511719,87.98002624511719,6.958498954772949,0.00316619873046875,417.5099182128906,5278.80126953125,5278.80126953125,60,613.7213450856507,0.05632000043988228,dcbd383e8410fe40a5d038b97b432731029232a27ba2816479e464cecb89d281,True
578,8,30,90,recent_k8,1.0791057348251343,2.1295619010925293,2.1295619010925293,1.0791057348251343,8.410215377807617e-05,64.746337890625,127.77371215820312,127.77371215820312,60,614.1346311196685,0.05632000043988228,3b0c00c530b0161e2f2f3b8c17040ddcffd01d039531504849f98d2f49eb461e,True
579,8,30,105,recent_k8,6.665765762329102,162.6771240234375,162.6771240234375,6.665765762329102,0.005336761474609375,399.9459228515625,9760.626953125,9760.626953125,60,612.7639128826559,0.05628800019621849,207062806bf66d545815ca44547856e245c4a80b8cc252caaaf77a8d685485e8,True
580,8,30,120,recent_k8,22.72336196899414,1150.313720703125,1150.313720703125,22.72336196899414,0.03668212890625,1363.401611328125,69018.8203125,69018.8203125,60,611.8587111122906,0.055296000093221664,e67da14d367ee0b0e1c6045314d75e34ca0ab2d9d6f4d83e764e51edfa9713a0,True
581,8,30,135,recent_k8,13.48233413696289,603.43603515625,603.43603515625,13.48233413696289,0.0186767578125,808.9400024414062,36206.16015625,36206.16015625,60,646.9802116043866,0.05526399984955788,2aa6066332480fe5c151040da7e1fec5ac02f25a936ab719eb4d20467786f443,True
582,8,30,150,recent_k8,18.211687088012695,1115.3343505859375,1115.3343505859375,18.211687088012695,0.03460693359375,1092.701171875,66920.0546875,66920.0546875,60,618.1334191933274,0.0655359998345375,50a3ea6cb8ff77db8f253a603f64d7486976698f54e3e57d89e1b34b9f4cc3f8,True
583,8,30,165,recent_k8,23.650636672973633,1473.876953125,1473.876953125,23.650636672973633,0.046478271484375,1419.0380859375,88432.609375,88432.609375,60,615.3770820237696,0.06860800087451935,a93fc33e74aa284acad70744dc8302df34d41eea4ad04599c61b8af79039ac6b,True
584,8,30,180,recent_k8,6.794944763183594,116.46205139160156,116.46205139160156,6.794944763183594,0.0037670135498046875,407.6966552734375,6987.72265625,6987.72265625,60,614.915934856981,0.05734400078654289,19b346499521783bae2f1fdd5af3ef5c64c49bd53b310144364895b8f24935bc,True
585,8,30,195,recent_k8,1.7075921297073364,5.383175849914551,5.383175849914551,1.7075921297073364,0.00022661685943603516,102.45552062988281,322.99053955078125,322.99053955078125,60,612.9700010642409,0.05632000043988228,0c3f555a2fd8ebcf739949b38389f39f22f1c8b187a71a03af1dd22d33b82521,True
586,8,30,210,recent_k8,1.2270808219909668,2.6098568439483643,2.6098568439483643,1.2270808219909668,0.00016367435455322266,73.62484741210938,156.59140014648438,156.59140014648438,60,613.1153302267194,0.055296000093221664,639f4c21da405ff897d9866eac6e132feafc1dfb483e018cf107fe0b9bdccc7c,True
587,8,30,225,recent_k8,1.1541587114334106,1.9880505800247192,1.9880505800247192,1.1541587114334106,0.00013267993927001953,69.24951934814453,119.28302764892578,119.28302764892578,60,604.092834983021,0.058368001133203506,386ef7bc765c465cfbbb80b200401ed2887a4677a98f48431ef88ed6f91eb5b9,True
588,14,83,30,recent_k8,55.22859573364258,5973.994140625,5685.2802734375,55.22859573364258,0.1885986328125,3313.715576171875,358439.625,341116.8125,60,609.8756971769035,0.055296000093221664,f43a4d2d0ae8b7c9022a5775884002d425a967d15178832bc21131ba969e50eb,True
589,14,83,45,recent_k8,11.625478744506836,399.4054870605469,399.4054870605469,11.625478744506836,0.01485443115234375,697.5286865234375,23964.328125,23964.328125,60,612.7064130268991,0.055296000093221664,e09e274c8520fe7cb5ee395158e5d22e6029bcda7363b8b88e8eda7ab0fbf21d,True
590,14,83,60,recent_k8,17.55880355834961,514.694091796875,514.694091796875,17.55880355834961,0.01800537109375,1053.5281982421875,30881.64453125,30881.64453125,60,610.8399187214673,0.0562559999525547,693c90679aba6f131808fe6cf6b0c9597ebad9033eaacf8bc7c732fa702c29cb,True
591,14,83,75,recent_k8,9.77118968963623,196.65538024902344,196.65538024902344,9.77118968963623,0.006259918212890625,586.2713623046875,11799.322265625,11799.322265625,60,609.5668189227581,0.055296000093221664,b376f3e58600ebb687c9bacce30b9363b1af4e46220983c61272368ede48fcc7,True
592,14,83,90,recent_k8,8.290271759033203,150.26748657226562,150.26748657226562,8.290271759033203,0.00482177734375,497.416259765625,9016.048828125,9016.048828125,60,613.4581579826772,0.05632000043988228,1c2fba428c74b9753ac203ea9fc520f932a764819648997da4115cc11d350102,True
593,14,83,105,recent_k8,17.99128532409668,1602.1527099609375,1602.1527099609375,17.99128532409668,0.04974365234375,1079.47705078125,96129.15625,96129.15625,60,613.6753060854971,0.06656000018119812,f428b4afdaa5ee7125a7ae16f90477103f4ada1d0ce33590971128f3d8ba2de1,True
594,14,83,120,recent_k8,22.524396896362305,1488.86669921875,1488.86669921875,22.524396896362305,0.046112060546875,1351.4637451171875,89332.0,89332.0,60,609.8154969513416,0.060416001826524734,78996c7f3a1ebdcb67c3ae20bc5c49e552c33775682a8ff82d57cb866f76796c,True
595,14,83,135,recent_k8,17.786096572875977,3457.14501953125,1094.6552734375,17.786096572875977,0.10748291015625,1067.165771484375,207428.6875,65679.3125,60,609.6955579705536,0.05734400078654289,d56f99fcf70308866f8f89c75df8345c85c1a20ce1915804e83d3060c0627e80,True
596,14,83,150,recent_k8,24.272655487060547,1180.8416748046875,1180.8416748046875,24.272655487060547,0.040008544921875,1456.3592529296875,70850.5,70850.5,60,611.8358611129224,0.05632000043988228,96cef6549273c9ef1759af58359699b4285bbf5ab2bb521cf019299d84fa8d0c,True
597,14,83,165,recent_k8,13.320748329162598,386.18115234375,386.18115234375,13.320748329162598,0.01374053955078125,799.244873046875,23170.8671875,23170.8671875,60,607.3006670922041,0.05939200147986412,ad257222d0806a090900147f59d207650f852f7442ae5cf08057eb04eb15f0f9,True
598,14,83,180,recent_k8,6.1177592277526855,49.52305603027344,49.52305603027344,6.1177592277526855,0.002719879150390625,367.0655212402344,2971.38330078125,2971.38330078125,60,606.8260008469224,0.05632000043988228,36724940d95ebe5c825423d78483d6b2b4c7eb4d900c49a8bab1f542e686cda8,True
599,14,83,195,recent_k8,10.335074424743652,427.6912841796875,427.6912841796875,10.335074424743652,0.013397216796875,620.1044311523438,25661.4765625,25661.4765625,60,618.97262185812,0.06348799914121628,d5cdce7be42098e01026199d5151e340f8f44066d294fa1fd41ba84e1ae3e16a,True
600,14,83,210,recent_k8,8.701571464538574,151.0650177001953,151.0650177001953,8.701571464538574,0.005126953125,522.09423828125,9063.900390625,9063.900390625,60,611.9582899846137,0.07065600156784058,d1b4804e6c0a3a1e0b12a87046aea6ff4d31cc1a059c176cb1f996421bf53d8b,True
601,14,83,225,recent_k8,11.884303092956543,268.4245300292969,268.4245300292969,11.884303092956543,0.008697509765625,713.0581665039062,16105.470703125,16105.470703125,60,611.9330897927284,0.05734400078654289,d75f019d88358e6a6414e3097e6c24ea2cbdc008933f1346c7a3dee5b63546e4,True
602,14,15,30,recent_k8,16.32369041442871,521.3712768554688,521.3712768554688,16.32369041442871,0.016357421875,979.42138671875,31282.2734375,31282.2734375,60,611.7051118053496,0.05939200147986412,7f9d6d496d3275ab8a115b785a9267b52aa6dafa8612b8d82495b53c3bc2589e,True
603,14,15,45,recent_k8,3.5521812438964844,29.37135124206543,29.37135124206543,3.5521812438964844,0.0009217262268066406,213.130859375,1762.281005859375,1762.281005859375,60,611.394964158535,0.05734400078654289,a69739f22d3d21fcc3f39f1af676c38cae9cf448b176ef22522fbfbc11e3b540,True
604,14,15,60,recent_k8,6.192468643188477,78.40592193603516,78.40592193603516,6.192468643188477,0.00254058837890625,371.548095703125,4704.35498046875,4704.35498046875,60,604.2933529242873,0.05632000043988228,235c0514ebf0af1bbfd66a8a95e5e0fc3b1a99d5c15dd50fbf644ff631f372b5,True
605,14,15,75,recent_k8,1.8664913177490234,5.509932518005371,5.509932518005371,1.8664913177490234,0.0002046823501586914,111.98947143554688,330.595947265625,330.595947265625,60,608.7443656288087,0.05632000043988228,56a55ee592a276a82d96da58a8a23f6693a1ad7ec3c113f99c44763f4fe82ae3,True
606,14,15,90,recent_k8,1.6608407497406006,3.530809164047241,3.530809164047241,1.6608407497406006,0.00019156932830810547,99.65043640136719,211.84854125976562,211.84854125976562,60,608.3023701794446,0.055296000093221664,39934e5de781381c05f48b4820ad30018437ebf4bfaffd780fda616e1f7aaeff,True
607,14,15,105,recent_k8,1.5190386772155762,3.2772371768951416,3.2772371768951416,1.5190386772155762,0.0002224445343017578,91.14231872558594,196.63421630859375,196.63421630859375,60,607.7055539935827,0.05734400078654289,a48cbcae10dcf57fabfd641c23a9857363ba4042d6384793208445b7fa401982,True
608,14,15,120,recent_k8,1.659538745880127,3.490116834640503,3.490116834640503,1.659538745880127,0.00020873546600341797,99.57231903076172,209.40699768066406,209.40699768066406,60,607.577565126121,0.05632000043988228,ed73dd5df6176984f8328189d5936aeab6f7e668932257630ebc569e326e427e,True
609,14,15,135,recent_k8,2.1213583946228027,9.95725154876709,9.95725154876709,2.1213583946228027,0.00046372413635253906,127.281494140625,597.43505859375,597.43505859375,60,608.2153110764921,0.05632000043988228,22eb5274504d333218d3a795720491b06a731109c4bd5650b09a38fe8814a5e1,True
610,14,15,150,recent_k8,8.099538803100586,162.39100646972656,162.39100646972656,8.099538803100586,0.005809783935546875,485.9723205566406,9743.4599609375,9743.4599609375,60,610.1330751553178,0.05734400078654289,f0601c02cee0656d5298fb84ecad15e7bafc1fc80ca0f9b430f5355d1f446978,True
611,14,15,165,recent_k8,15.278797149658203,404.6654357910156,404.6654357910156,15.278797149658203,0.01336669921875,916.727783203125,24279.92578125,24279.92578125,60,609.1335234232247,0.05734400078654289,8a13c1b8a44bd36c9b07759d4d2f3fbd70604c81f3d78b01bf904469928c080e,True
612,14,15,180,recent_k8,1.4927698373794556,3.099127769470215,3.099127769470215,1.4927698373794556,0.0001634359359741211,89.5661849975586,185.94766235351562,185.94766235351562,60,610.7066296972334,0.05734400078654289,5ab815b807985681d2789ca20a89f7c58300bdbdd1acc2fdffba19720092c903,True
613,14,15,195,recent_k8,4.555506706237793,51.34401321411133,51.34401321411133,4.555506706237793,0.001697540283203125,273.33038330078125,3080.640625,3080.640625,60,611.2972348928452,0.05734400078654289,7055f86b6e0a7915ba0724c458744f4166daa68acf8344699e4e845a4fb3c539,True
614,14,15,210,recent_k8,3.93851637840271,24.123323440551758,24.123323440551758,3.93851637840271,0.000919342041015625,236.31097412109375,1447.3992919921875,1447.3992919921875,60,610.4877209290862,0.05632000043988228,fb5532c30a62a2edebe82a5fde42f565cc08c38d2506b624b751c0e514a5c6a5,True
615,14,15,225,recent_k8,2.8028464317321777,13.791658401489258,13.791658401489258,2.8028464317321777,0.00046634674072265625,168.1707763671875,827.4994506835938,827.4994506835938,60,610.6883911415935,0.05632000043988228,620761baededad7504f1bffd979b414fa0f8b071c742fa4a81bf79b24d884948,True
616,14,3,30,recent_k8,17.169450759887695,425.9682922363281,425.9682922363281,17.169450759887695,0.0158233642578125,1030.1669921875,25558.095703125,25558.095703125,60,610.842009074986,0.05734400078654289,2546119838dda5a5b017a59ee322b7af3a20502f9331b303cadd17502ef2c94a,True
617,14,3,45,recent_k8,19.579347610473633,933.6688232421875,933.6688232421875,19.579347610473633,0.03106689453125,1174.7607421875,56020.125,56020.125,60,610.7012601569295,0.05632000043988228,a84d5838846f1dfb2cc4bfe6e82eae6cfd99aa255a04bbb98fd632bdbb88e758,True
618,14,3,60,recent_k8,18.40755271911621,640.3557739257812,640.3557739257812,18.40755271911621,0.02325439453125,1104.453125,38421.34375,38421.34375,60,612.2151678428054,0.0655359998345375,906c485cca87d29d8cee8b92189208608beab7eca16c9823fc7002b192276181,True
619,14,3,75,recent_k8,20.450801849365234,962.8800659179688,962.8800659179688,20.450801849365234,0.033966064453125,1227.048095703125,57772.80078125,57772.80078125,60,611.0869068652391,0.06758400052785873,01616f68e592e3e758e771e9555d944e2c62a3dcb44c4a043ad13593407bf258,True
620,14,3,90,recent_k8,21.491674423217773,870.391845703125,870.391845703125,21.491674423217773,0.0302276611328125,1289.5003662109375,52223.5078125,52223.5078125,60,611.2365247681737,0.05632000043988228,2a029728c55202dd49d662c615ab8887957bbbfce769cfc0f21b9c3d832253d3,True
621,14,3,105,recent_k8,4.341047286987305,25.303876876831055,25.303876876831055,4.341047286987305,0.0013113021850585938,260.46282958984375,1518.2325439453125,1518.2325439453125,60,611.6172219626606,0.05632000043988228,fdd768a51fc22ced1c6c36a0cbbc153398abd7754fc172bfa2c3574bb3e1d792,True
622,14,3,120,recent_k8,3.680199384689331,19.56171989440918,19.56171989440918,3.680199384689331,0.0007805824279785156,220.81195068359375,1173.703125,1173.703125,60,614.4137899391353,0.05734400078654289,b39c381abbfd6529dd29f074a1f0e838e7faf2831f6d34ab6e77fa71980e2da8,True
623,14,3,135,recent_k8,7.771935939788818,191.25814819335938,191.25814819335938,7.771935939788818,0.006175994873046875,466.3161315917969,11475.48828125,11475.48828125,60,611.9308997876942,0.07372800260782242,930915aff16c4a1598c3c9e8268c56fefd41a3b2d58ed9628194e24bb8108415,True
624,14,3,150,recent_k8,20.418132781982422,585.7991333007812,585.7991333007812,20.418132781982422,0.019134521484375,1225.087890625,35147.9453125,35147.9453125,60,610.676181036979,0.06652799993753433,4f2ad0d39de4f87ee5eb2ca0fbd807b3a45348f9a53148f74cce8251c645da64,True
625,14,3,165,recent_k8,8.734109878540039,115.31610107421875,115.31610107421875,8.734109878540039,0.00396728515625,524.0465698242188,6918.9658203125,6918.9658203125,60,611.7425607517362,0.055296000093221664,5c6e458528eba3354fec1c8b2688de2b63e9a0e6d535e42cadbf520264cff05e,True
626,14,3,180,recent_k8,6.9141645431518555,77.86737060546875,77.86737060546875,6.9141645431518555,0.003986358642578125,414.849853515625,4672.0419921875,4672.0419921875,60,611.0383179038763,0.055296000093221664,b2890e4443b9a31d18b556aca0f151eeb1dd60fedbc523d52d82cbbc12f6c885,True
627,14,3,195,recent_k8,15.5591402053833,485.8875427246094,485.8875427246094,15.5591402053833,0.017913818359375,933.54833984375,29153.251953125,29153.251953125,60,611.1733461730182,0.05632000043988228,2bfff39aca0931cdcac1f4763ee276f9e00e4edc892d117251dac86ae00a5ada,True
628,14,3,210,recent_k8,11.71411418914795,237.1597137451172,237.1597137451172,11.71411418914795,0.00742340087890625,702.8468017578125,14229.58203125,14229.58203125,60,611.7137218825519,0.05734400078654289,d541d7fe51283bfcb5ace19e39137a5b61ccdbfe81e9a191541c22ff474b8b28,True
629,14,3,225,recent_k8,3.9878861904144287,41.72789764404297,41.72789764404297,3.9878861904144287,0.0013399124145507812,239.27316284179688,2503.673828125,2503.673828125,60,611.7098820395768,0.06963200122117996,00a7b24c4363d300759e1148a710f8d092dff73d615334ff71560e2e3b015030,True
630,14,35,30,recent_k8,20.47946548461914,992.7603149414062,992.7603149414062,20.47946548461914,0.0311126708984375,1228.767822265625,59565.6171875,59565.6171875,60,610.8337990008295,0.05628800019621849,4b6afea40e2f7298f117d33af064a068c998f1aae1668c462bf8ec2289e4a08d,True
631,14,35,45,recent_k8,37.83987045288086,3547.213134765625,3547.213134765625,37.83987045288086,0.1109619140625,2270.39208984375,212832.78125,212832.78125,60,611.7181722074747,0.05632000043988228,e4dbcbc9624d191266c8c293ea5db5b2506dd40f52b34fd27e988b4bf97058e2,True
632,14,35,60,recent_k8,21.938751220703125,749.1988525390625,749.1988525390625,21.938751220703125,0.0301666259765625,1316.324951171875,44951.9296875,44951.9296875,60,611.4675742574036,0.055296000093221664,504b4240673696fbf273e082eed6b4eda56a1c7c149c39e4062a91aadb7cec59,True
633,14,35,75,recent_k8,7.536259651184082,93.38468933105469,93.38468933105469,7.536259651184082,0.00479888916015625,452.1755676269531,5603.0810546875,5603.0810546875,60,612.032039090991,0.05632000043988228,80aae0504175e1d0e8fdf3ecb5f974a37db5c83575a219f3e0c48e94108c3d7b,True
634,14,35,90,recent_k8,7.465877532958984,73.78156280517578,73.78156280517578,7.465877532958984,0.003101348876953125,447.95263671875,4426.8935546875,4426.8935546875,60,612.0624677278101,0.05632000043988228,a8062a58e029b1009033d799f40a87e621fc8ec3a2f75b3a810fbd90344e8033,True
635,14,35,105,recent_k8,6.1872758865356445,104.57182312011719,104.57182312011719,6.1872758865356445,0.0034427642822265625,371.2365417480469,6274.30908203125,6274.30908203125,60,612.3069860041142,0.05734400078654289,26c8b750ba9ca917c9d5fbeffc70a2e440095384f63b38e3ec934fb5a60aaa93,True
636,14,35,120,recent_k8,7.978395462036133,141.21759033203125,141.21759033203125,7.978395462036133,0.0052642822265625,478.7037048339844,8473.0546875,8473.0546875,60,612.0396591722965,0.05734400078654289,d5855fde1f633961db727f4d2b08ede9c3f2a5c3571371023bb96f3281fd263a,True
637,14,35,135,recent_k8,5.691755294799805,49.053279876708984,49.053279876708984,5.691755294799805,0.002056121826171875,341.50531005859375,2943.196533203125,2943.196533203125,60,613.1946388632059,0.055296000093221664,0b38d90668715f8ee1eca36817f54a5788412d3a734b6b66071485d9e94ed2e5,True
638,14,35,150,recent_k8,5.00377082824707,49.68418884277344,49.68418884277344,5.00377082824707,0.0017271041870117188,300.2262268066406,2981.05126953125,2981.05126953125,60,610.6710913591087,0.060416001826524734,5beb130c95aa91eba8c177a28f57fa4118f29c2a08150f329e15d141f95512d2,True
639,14,35,165,recent_k8,5.317466735839844,52.70182418823242,52.70182418823242,5.317466735839844,0.002017974853515625,319.0479736328125,3162.109375,3162.109375,60,610.0286347791553,0.05734400078654289,de9118fe5a5a4a79195925b9153dc2fdbb3719f6ee87fb1cb5477c8a9f6343ad,True
640,14,35,180,recent_k8,2.0759506225585938,6.325374126434326,6.325374126434326,2.0759506225585938,0.00035452842712402344,124.55703735351562,379.5224304199219,379.5224304199219,60,609.6523283049464,0.06451199948787689,2bcad611f71eb3ad540c61064ba24974fba5a1ed06f4ca7370930a386ed95423,True
641,14,35,195,recent_k8,1.825037956237793,6.028061389923096,6.028061389923096,1.825037956237793,0.00020194053649902344,109.50227355957031,361.68365478515625,361.68365478515625,60,610.2652340196073,0.055296000093221664,12cdfc2d7a4fd022a988b5cc6dc48cc7d038310e82d67eb261b10771ce2031c4,True
642,14,35,210,recent_k8,1.948798418045044,5.788427829742432,5.788427829742432,1.948798418045044,0.0003428459167480469,116.92790222167969,347.3056640625,347.3056640625,60,610.922628082335,0.05632000043988228,3482c8aef30141d14c1cfaadd2edd4745bc9368aa5e308e4d024c7b32a9e262a,True
643,14,35,225,recent_k8,6.248784065246582,95.96406555175781,95.96406555175781,6.248784065246582,0.0030765533447265625,374.9270324707031,5757.84375,5757.84375,60,610.5481311678886,0.05734400078654289,2952a7a71da3007f8d358c2840ff422ce86e0be1b9aaac0c99c2086e56638b6d,True
644,14,48,30,recent_k8,5.846591472625732,63.77067565917969,63.77067565917969,5.846591472625732,0.0028324127197265625,350.79547119140625,3826.240234375,3826.240234375,60,610.347542911768,0.05632000043988228,c5cc38a8e22aaefa52dca808df30fa361eadda4cc91f42c23044230cd7233bc6,True
645,14,48,45,recent_k8,4.8435139656066895,33.564605712890625,33.564605712890625,4.8435139656066895,0.0017337799072265625,290.6108093261719,2013.876220703125,2013.876220703125,60,610.7416301965714,0.05632000043988228,9d716132ebfc52c8bed8a981dcb75a85d690aef7e5e6e23eb3f61d10fc9450a4,True
646,14,48,60,recent_k8,12.594125747680664,311.6219482421875,311.6219482421875,12.594125747680664,0.01070404052734375,755.6475219726562,18697.31640625,18697.31640625,60,610.0426949560642,0.055296000093221664,5fa23d4a3dbdba81816a2772a188a9a22f05670ee53f3f36e1063e47c1bb4e75,True
647,14,48,75,recent_k8,13.060087203979492,383.6388244628906,383.6388244628906,13.060087203979492,0.01239013671875,783.6051635742188,23018.328125,23018.328125,60,610.242853872478,0.05632000043988228,490725c1e38d0f9851409a3523a475588981930581e601a1a67b4fe138ad8894,True
648,14,48,90,recent_k8,7.821707725524902,145.3611297607422,145.3611297607422,7.821707725524902,0.004650115966796875,469.30242919921875,8721.6669921875,8721.6669921875,60,610.2636540308595,0.055296000093221664,ed9c4183954859a4a181753ba0a22c86c305396e0fcdb2bd26862dbfdec65aba,True
649,14,48,105,recent_k8,5.081446647644043,42.025146484375,42.025146484375,5.081446647644043,0.0016164779663085938,304.88677978515625,2521.508544921875,2521.508544921875,60,609.8507968708873,0.05632000043988228,b111197d9478a02b4bec2abdcfd0fee1bd113367149f8b39db50aed6a63261d3,True
650,14,48,120,recent_k8,5.242533206939697,41.010353088378906,41.010353088378906,5.242533206939697,0.0014400482177734375,314.5519714355469,2460.62109375,2460.62109375,60,607.0085903629661,0.06656000018119812,370a5a121837e56853f855005467118e3779daa71bfdf5fd697461302e0dad88,True
651,14,48,135,recent_k8,4.505547523498535,26.31191062927246,26.31191062927246,4.505547523498535,0.0010843276977539062,270.33282470703125,1578.714599609375,1578.714599609375,60,606.3883756287396,0.05734400078654289,1b1970b36ad5085bce3a1b8a9ec7af57399582150cd31dc07d44550cc2243d74,True
652,14,48,150,recent_k8,3.2535672187805176,21.119247436523438,21.119247436523438,3.2535672187805176,0.0010709762573242188,195.21401977539062,1267.15478515625,1267.15478515625,60,609.2263120226562,0.05632000043988228,7867e20590eb6fcc0adf139b744af50321248c7d87bc8339983223a1938de036,True
653,14,48,165,recent_k8,4.224130153656006,41.01869201660156,41.01869201660156,4.224130153656006,0.0014781951904296875,253.4477996826172,2461.121337890625,2461.121337890625,60,607.0106010884047,0.06451199948787689,867ed86b38fb1c5b3025d440ec485fc192408d474ba75e6244d790e2a32ffe34,True
654,14,48,180,recent_k8,3.0330724716186523,11.948954582214355,11.948954582214355,3.0330724716186523,0.0007801055908203125,181.98434448242188,716.937255859375,716.937255859375,60,604.5784498564899,0.05632000043988228,6aa89d54a6cf2a91cf19849fb57dbf46a40524403d17550018d224c68958a12c,True
655,14,48,195,recent_k8,7.657037734985352,142.66592407226562,142.66592407226562,7.657037734985352,0.004718780517578125,459.4222412109375,8559.955078125,8559.955078125,60,602.8678738512099,0.05632000043988228,8c43e66be5eeb52a3f7c419c1077062b1bfad35f1db0dd5c3ddeb0bfb8d79674,True
656,14,48,210,recent_k8,7.324088096618652,110.89913940429688,110.89913940429688,7.324088096618652,0.0035686492919921875,439.44525146484375,6653.9482421875,6653.9482421875,60,606.0430477373302,0.055296000093221664,e8ff0300c2f724287f626cdbc2edbf87eb513952253d90da8dd8c1c8d62821ad,True
657,14,48,225,recent_k8,2.4075186252593994,7.865414142608643,7.865414142608643,2.4075186252593994,0.0005426406860351562,144.45111083984375,471.9248352050781,471.9248352050781,60,604.8277979716659,0.05632000043988228,69246888d2d1edb4411fe66681b2f675a39a7bdd54e8f5399e651f4844805c23,True
658,14,22,30,recent_k8,11.972050666809082,355.1466369628906,355.1466369628906,11.972050666809082,0.01288604736328125,718.322998046875,21308.796875,21308.796875,60,605.2761739119887,0.056384000927209854,d7b41820c1ed1906a543a38541a1526990e2dcd271980f6a37ae0b951308d675,True
659,14,22,45,recent_k8,8.725452423095703,166.5489501953125,166.5489501953125,8.725452423095703,0.006771087646484375,523.527099609375,9992.9365234375,9992.9365234375,60,610.1550837047398,0.0562559999525547,d671a8c4c227852c77f9a003ae792252ff8c34762b29259387d833fd24777a95,True
660,14,22,60,recent_k8,14.150267601013184,319.5889892578125,319.5889892578125,14.150267601013184,0.0102081298828125,849.0159912109375,19175.337890625,19175.337890625,60,607.9143029637635,0.05632000043988228,bebaac8a5c463fee7443389f7a92250c3f264fb4bcf1d8403c81a0b1c888f87f,True
661,14,22,75,recent_k8,6.886383533477783,104.91088104248047,104.91088104248047,6.886383533477783,0.0035533905029296875,413.1829833984375,6294.65234375,6294.65234375,60,608.8887345977128,0.05632000043988228,72efc9580718d9900eb4b0583dc5c3eeb9e9b66047da577153cb8097598e11a5,True
662,14,22,90,recent_k8,6.124892711639404,87.60836791992188,87.60836791992188,6.124892711639404,0.0027828216552734375,367.4935302734375,5256.501953125,5256.501953125,60,613.076071254909,0.05632000043988228,cf2ebdfc55ff90774f1faf75857781b9cdb0b8a52f336e011432c962511aa348,True
663,14,22,105,recent_k8,4.7967705726623535,50.11000442504883,50.11000442504883,4.7967705726623535,0.0016279220581054688,287.80621337890625,3006.60009765625,3006.60009765625,60,613.9186727814376,0.060416001826524734,040bc5a05489fcf3b4e160c474aa1152ccca6392cbb9ade4ba1c154ea6a8c771,True
664,14,22,120,recent_k8,7.028163909912109,71.61748504638672,71.61748504638672,7.028163909912109,0.00238800048828125,421.6898193359375,4297.048828125,4297.048828125,60,612.2136078774929,0.055296000093221664,f3772bd927a85405f6ff2be9487c4f624aac0e32b78732e11f540af5862fec4c,True
665,14,22,135,recent_k8,4.215689659118652,30.378673553466797,30.378673553466797,4.215689659118652,0.000957489013671875,252.94137573242188,1822.7203369140625,1822.7203369140625,60,611.7928908206522,0.05632000043988228,fe468dd7aac684c7f0a0f0366a94af8cc779ce3266dc3a6f54f6f68b5c6e829c,True
666,14,22,150,recent_k8,2.5171759128570557,13.342425346374512,13.342425346374512,2.5171759128570557,0.0004794597625732422,151.03054809570312,800.5454711914062,800.5454711914062,60,612.2788870707154,0.05632000043988228,5d485b3148b701694ba3454e25a66b9331e1f9e56e331a41c197741d3f1e2e72,True
667,14,22,165,recent_k8,6.3494672775268555,83.0494155883789,83.0494155883789,6.3494672775268555,0.002590179443359375,380.968017578125,4982.96484375,4982.96484375,60,612.5959949567914,0.055296000093221664,3d3e9286205121a81c92cf3669f09439d687af38de2c577ce2cfb7f809c430b7,True
668,14,22,180,recent_k8,1.4630062580108643,4.654123306274414,4.654123306274414,1.4630062580108643,0.00016069412231445312,87.7803726196289,279.24737548828125,279.24737548828125,60,611.7511908523738,0.05734400078654289,dcd22e73c18e44a81150d2f11fcdfb6a7e016aa0b10140db44806c04d11263f5,True
669,14,22,195,recent_k8,5.314877510070801,104.3441162109375,104.3441162109375,5.314877510070801,0.0032596588134765625,318.89263916015625,6260.646484375,6260.646484375,60,612.2786272317171,0.05734400078654289,439276c6bb825e5672d52cf568b700f35dd3809b6af18dc2f369d02f837f5001,True
670,14,22,210,recent_k8,3.453031063079834,29.690317153930664,29.690317153930664,3.453031063079834,0.0009775161743164062,207.18185424804688,1781.4189453125,1781.4189453125,60,612.4805058352649,0.055296000093221664,8ac765a667610b6c55e7aed1d32586327385c23a32d125cb0e4cc8534c9855ef,True
671,14,22,225,recent_k8,3.7219111919403076,17.106964111328125,17.106964111328125,3.7219111919403076,0.0007233619689941406,223.31466674804688,1026.4178466796875,1026.4178466796875,60,612.1478476561606,0.055296000093221664,d7a2bcd8fdf1be5ccfc686dded0a7632bf2323297100bff21f1213f62e3af744,True
672,14,55,30,recent_k8,29.137880325317383,1769.38818359375,1769.38818359375,29.137880325317383,0.05499267578125,1748.272705078125,106163.2890625,106163.2890625,60,612.1816677041352,0.05532800033688545,c69b7f3f39cfe714ee999d50428d84c2babf4c4dd628aa9123ab19dc7b5bd577,True
673,14,55,45,recent_k8,2.0280842781066895,6.367720127105713,6.367720127105713,2.0280842781066895,0.00020575523376464844,121.68505096435547,382.0632019042969,382.0632019042969,60,612.303776666522,0.055296000093221664,8c7cdb2e6dca14d9436c63170e52816d9f285a7f4875b3605b7368cb29d1cfb8,True
674,14,55,60,recent_k8,5.21724271774292,68.15245056152344,68.15245056152344,5.21724271774292,0.002117156982421875,313.0345458984375,4089.146728515625,4089.146728515625,60,612.4611459672451,0.05632000043988228,6e94bd23b59b1fb68c7679bdfab901c04ec4b5164fb0ee512fd4f7dc6fc76b17,True
675,14,55,75,recent_k8,1.9062035083770752,4.636746883392334,4.636746883392334,1.9062035083770752,0.00020134449005126953,114.37220764160156,278.2048034667969,278.2048034667969,60,629.6286350116134,0.05632000043988228,1c45bddac245637cbf60d4bb9896c47cbdc689692883b2088d9d37af07cf59bf,True
676,14,55,90,recent_k8,1.2457233667373657,2.4236960411071777,2.4236960411071777,1.2457233667373657,0.00010031461715698242,74.74340057373047,145.4217529296875,145.4217529296875,60,629.0567694231868,0.0655359998345375,a0c12e1bb47510f7ce20f943b12eff936a94954f00af6a51f475fca053c0f08a,True
677,14,55,105,recent_k8,1.187116026878357,2.2241275310516357,2.2241275310516357,1.187116026878357,9.429454803466797e-05,71.22695922851562,133.44764709472656,133.44764709472656,60,631.5496289171278,0.05632000043988228,718f93ea8080f37947a7ef8af0384fd2f05711852717d4194527eb963dce57ed,True
678,14,55,120,recent_k8,1.2000761032104492,2.2210052013397217,2.2210052013397217,1.2000761032104492,9.906291961669922e-05,72.00456237792969,133.2602996826172,133.2602996826172,60,624.5684460736811,0.06864000111818314,cbfc5e6b65280b0f5fd5cc98aa111fe0c4f244dd59bb2c7650c539bdab31da79,True
679,14,55,135,recent_k8,1.2684500217437744,2.31535005569458,2.31535005569458,1.2684500217437744,9.85264778137207e-05,76.10699462890625,138.92098999023438,138.92098999023438,60,623.076147865504,0.05632000043988228,785629ed709ac2208405aa02ec19aab4a1f515610f608d9b3d31c3f33c1ca027,True
680,14,55,150,recent_k8,7.296675205230713,195.17709350585938,195.17709350585938,7.296675205230713,0.0062713623046875,437.80047607421875,11710.625,11710.625,60,614.053632132709,0.055296000093221664,f6af74af75cf6c488daeea7602995576172e93c8273541a1f692dea5d84967c8,True
681,14,55,165,recent_k8,11.041363716125488,241.34776306152344,241.34776306152344,11.041363716125488,0.00797271728515625,662.4818115234375,14480.865234375,14480.865234375,60,613.535706885159,0.05632000043988228,9292149024e80c47f8601a06a98586226729e94c3c5cd6a4754fa12247f89106,True
682,14,55,180,recent_k8,2.5277206897735596,9.856653213500977,9.856653213500977,2.5277206897735596,0.0003497600555419922,151.66323852539062,591.399169921875,591.399169921875,60,610.0629647262394,0.06143999844789505,2cc20ac5fba3f25e480e22184b0e91f6bbea9e65b3769f3fe9c8793141b3534b,True
683,14,55,195,recent_k8,2.119279146194458,10.27153491973877,10.27153491973877,2.119279146194458,0.0003237724304199219,127.15673828125,616.2920532226562,616.2920532226562,60,610.2483542636037,0.05430399999022484,b8efc2169eacf5e44812a3f4333c3973df0ce18fc42c6f1a918419129e668135,True
684,14,55,210,recent_k8,2.2488973140716553,13.292521476745605,13.292521476745605,2.2488973140716553,0.0004165172576904297,134.933837890625,797.55126953125,797.55126953125,60,609.9520963616669,0.055296000093221664,fb216c4f33efe57f0b9cb66bb00902cd9f2656765537ed69b5895dbcc088c9b2,True
685,14,55,225,recent_k8,1.9201529026031494,11.313677787780762,11.313677787780762,1.9201529026031494,0.0003552436828613281,115.20916748046875,678.8206176757812,678.8206176757812,60,610.0869751535356,0.05734400078654289,84cb4a3e3b7cb8f1e68521684d23146eba763fcf7e4fe611c622b3272042a72b,True
686,14,4,30,recent_k8,13.487667083740234,401.7521667480469,401.7521667480469,13.487667083740234,0.01296234130859375,809.260009765625,24105.12890625,24105.12890625,60,609.8932768218219,0.05632000043988228,b0a6789977755a2e14b046c543af25195dfc8f5fbe6a7958dc61c22fbe2e2118,True
687,14,4,45,recent_k8,22.421937942504883,10293.9169921875,1408.482666015625,22.421937942504883,0.320068359375,1345.316162109375,617635.0,84508.953125,60,610.3802630677819,0.062463998794555664,74ca3d8052dd7925f8636efa966fe4345741b14b8add9da90f4c8ebe64d3f26b,True
688,14,4,60,recent_k8,33.06550216674805,3267.634765625,2974.345703125,33.06550216674805,0.10235595703125,1983.929931640625,196058.078125,178460.734375,60,610.0949747487903,0.05632000043988228,c16cd223d93779bb2e24fabcae68f6f378212310f52fb7a1ce7335684d6e6466,True
689,14,4,75,recent_k8,3.374546527862549,19.41411781311035,19.41411781311035,3.374546527862549,0.0006389617919921875,202.4727783203125,1164.8470458984375,1164.8470458984375,60,610.3040832094848,0.055296000093221664,9f1d58c5a745cd8698956707481b9dd8f2e65783419d584df7b9e0aa2f1d8fff,True
690,14,4,90,recent_k8,1.6222631931304932,4.705944538116455,4.705944538116455,1.6222631931304932,0.0001989603042602539,97.33578491210938,282.3566589355469,282.3566589355469,60,610.2484231814742,0.055296000093221664,e6aaf89e429477c26fe7786ab763741ab2f23b3b187a4877bc83ac228968d833,True
691,14,4,105,recent_k8,6.126423358917236,75.24710083007812,75.24710083007812,6.126423358917236,0.0023517608642578125,367.58538818359375,4514.82568359375,4514.82568359375,60,610.5362619273365,0.05632000043988228,9679d8e0421437fc02a031e1c26f57fd61c1c59192538611af057440d7f8c982,True
692,14,4,120,recent_k8,3.6903414726257324,22.578155517578125,22.578155517578125,3.6903414726257324,0.0007128715515136719,221.42047119140625,1354.689208984375,1354.689208984375,60,619.7977350093424,0.05632000043988228,e5b2dd161ee262000c0bc2b4a17b95a18581903e319201207584f252c09ec306,True
693,14,4,135,recent_k8,6.021881580352783,89.09554290771484,89.09554290771484,6.021881580352783,0.003177642822265625,361.3128662109375,5345.732421875,5345.732421875,60,611.300814896822,0.0655359998345375,16922e50e9d0b11321ff87ca7c2896e957b9ac6ed7aea461ed806b04a092490a,True
694,14,4,150,recent_k8,21.707965850830078,1193.6807861328125,1193.6807861328125,21.707965850830078,0.037628173828125,1302.4779052734375,71620.84375,71620.84375,60,610.6423097662628,0.055296000093221664,83ffc0b0179f3232682011f9aecddeb0f4822876d9762b716668c8a07e18eefb,True
695,14,4,165,recent_k8,12.053912162780762,365.8351745605469,365.8351745605469,12.053912162780762,0.0115203857421875,723.2346801757812,21950.109375,21950.109375,60,611.0320971347392,0.05632000043988228,9b30d9c0e06a70f2ded34eae9a320aea59673e2fa12b6069342e85dd68ea1552,True
696,14,4,180,recent_k8,10.099586486816406,251.03298950195312,251.03298950195312,10.099586486816406,0.00792694091796875,605.9751586914062,15061.978515625,15061.978515625,60,612.5978650525212,0.055296000093221664,66bb5a9bf7e185ee090d104f1ba15dcd114f4f89d45ae13bde85ba655c729849,True
697,14,4,195,recent_k8,4.3829216957092285,56.39725112915039,56.39725112915039,4.3829216957092285,0.0018482208251953125,262.97528076171875,3383.8349609375,3383.8349609375,60,610.6772301718593,0.05632000043988228,917974a55df40c54d5a82c34bc06f42b58d07e9c7b82623b7e5e4f04e857d771,True
698,14,4,210,recent_k8,4.807674407958984,38.10356903076172,38.10356903076172,4.807674407958984,0.0013761520385742188,288.46044921875,2286.214111328125,2286.214111328125,60,610.6996801681817,0.055296000093221664,8178857336a916da1c16cfcf02109b1e7cfbfe2274dc29929001a65c6ec1e242,True
699,14,4,225,recent_k8,7.424201011657715,106.20073699951172,106.20073699951172,7.424201011657715,0.00331878662109375,445.4520263671875,6372.0439453125,6372.0439453125,60,610.776640009135,0.0655359998345375,338f245e9ec427bd072de9cf705da66f32649b1ffa1bf9db4c523beee4676bf8,True
700,14,45,30,recent_k8,68.60076904296875,8412.6494140625,7679.24169921875,68.60076904296875,0.285888671875,4116.0458984375,504758.9375,460754.46875,60,609.6913288347423,0.06451199948787689,30fb665bcda382e73f6b0b29e53e8be8eb879f58a6a378d1835fe6d3e1b008db,True
701,14,45,45,recent_k8,4.23356819152832,32.34889602661133,32.34889602661133,4.23356819152832,0.0011196136474609375,254.0140838623047,1940.9337158203125,1940.9337158203125,60,612.3658171854913,0.058368001133203506,905822d12f91c169ede7ba2bfbc6fedc1fa3493648d82fcf4831e8d2c4648499,True
702,14,45,60,recent_k8,4.289883136749268,30.325815200805664,30.325815200805664,4.289883136749268,0.0010404586791992188,257.3929748535156,1819.548828125,1819.548828125,60,613.1530497223139,0.06348799914121628,096e5ad7d242a83868878a9c524fc9b84262bcc28e8259deefe0daed9432c3c4,True
703,14,45,75,recent_k8,4.227237224578857,39.133583068847656,39.133583068847656,4.227237224578857,0.001346588134765625,253.63421630859375,2348.014892578125,2348.014892578125,60,604.1609831154346,0.058368001133203506,1a12d03c613600eb1b6daaf2bb109d8a55ac166abeff2bd1ad0891a59be62892,True
704,14,45,90,recent_k8,3.9397237300872803,25.976741790771484,25.976741790771484,3.9397237300872803,0.0008263587951660156,236.38340759277344,1558.6043701171875,1558.6043701171875,60,613.3690299466252,0.055296000093221664,dc9bfcf48146c72949fc3fd15389b16ad000c11f6c3eff86f89c334511bf01bc,True
705,14,45,105,recent_k8,2.196176528930664,7.619308948516846,7.619308948516846,2.196176528930664,0.0003032684326171875,131.7705841064453,457.15850830078125,457.15850830078125,60,620.1399038545787,0.05632000043988228,7fedd5c4f76cb4bb7b3d15bb2273f030c6b36660c06ffe53eef65c93c5daf50f,True
706,14,45,120,recent_k8,3.6090221405029297,21.137224197387695,21.137224197387695,3.6090221405029297,0.0007848739624023438,216.54132080078125,1268.2333984375,1268.2333984375,60,617.757533211261,0.06348799914121628,337ff7854ef848b430d2ceb95d45ae54a44642e4a30cdac0c079fb1cd80e6a81,True
707,14,45,135,recent_k8,3.5657060146331787,47.94741439819336,47.94741439819336,3.5657060146331787,0.001537322998046875,213.94235229492188,2876.8447265625,2876.8447265625,60,610.9711276367307,0.05734400078654289,a1244291d11fbfb9c921de9d8d080b8f67d858805abec4e043d6795164e5ae68,True
708,14,45,150,recent_k8,24.1795597076416,8249.37109375,2135.384033203125,24.1795597076416,0.257080078125,1450.7735595703125,494962.25,128123.03125,60,616.55936203897,0.05632000043988228,8fbc63b30d6950c145f9f02404c733ebdb8e39a7a6f0ea49c0f484f906ec1347,True
709,14,45,165,recent_k8,43.89921188354492,7237.0126953125,5241.990234375,43.89921188354492,0.225830078125,2633.95263671875,434220.75,314519.40625,60,611.0239680856466,0.0655359998345375,33d486cdb1d9ed6b6d686226159d95fbdc7691ed467e340820cd611ffb49c7c8,True
710,14,45,180,recent_k8,13.331955909729004,341.5414123535156,341.5414123535156,13.331955909729004,0.0109405517578125,799.9172973632812,20492.484375,20492.484375,60,609.3380306847394,0.05632000043988228,6341aa964b8e44f12088f2c7d3040cf05614ae955b1703444cb50d7eb46dea6f,True
711,14,45,195,recent_k8,5.227038383483887,52.25641632080078,52.25641632080078,5.227038383483887,0.002063751220703125,313.6222839355469,3135.384765625,3135.384765625,60,610.3822030127048,0.05632000043988228,414a678aae9bc882bdc6251f750083d9804bab558fe4404dde41d26e7623eccf,True
712,14,45,210,recent_k8,4.07668399810791,32.246612548828125,32.246612548828125,4.07668399810791,0.0010995864868164062,244.6010284423828,1934.7967529296875,1934.7967529296875,60,609.899615868926,0.055296000093221664,0f8a805dfd439e6c6a0fc5aa1ae860203509877bd728b6d33bfab4ff69976429,True
713,14,45,225,recent_k8,6.154460906982422,50.763893127441406,50.763893127441406,6.154460906982422,0.0016717910766601562,369.26763916015625,3045.83349609375,3045.83349609375,60,609.7842566668987,0.05632000043988228,21686e1651f8abe5338c9332c2955cb01ec7fe74d8cda29e7176eab24f3a3628,True
714,14,60,30,recent_k8,10.39633846282959,226.25662231445312,226.25662231445312,10.39633846282959,0.00732421875,623.7802734375,13575.396484375,13575.396484375,60,611.107796896249,0.05632000043988228,52360acd38921a38d094d75e6f14cb648ba77fd9889510a1debd115bb994f765,True
715,14,60,45,recent_k8,13.62138557434082,353.9978942871094,353.9978942871094,13.62138557434082,0.010986328125,817.2830810546875,21239.873046875,21239.873046875,60,636.2152709625661,0.05734400078654289,d505aa948c8b0b71f9585c6d86ebc5b3719dad83fccad53490173ededb2ee316,True
716,14,60,60,recent_k8,7.413262367248535,181.72354125976562,181.72354125976562,7.413262367248535,0.00562286376953125,444.79571533203125,10903.412109375,10903.412109375,60,613.2465288974345,0.0655359998345375,b978018860b720e7c4304c085b537eec6ab0d468e1ab6a9d3fa02ff322d632df,True
717,14,60,75,recent_k8,6.333832263946533,102.71065521240234,102.71065521240234,6.333832263946533,0.003208160400390625,380.0299072265625,6162.63916015625,6162.63916015625,60,615.698788780719,0.05632000043988228,ba7f4987592e26547b1d74f0291e3ab9d16bf680f10ef870fcc914e5b6633f8f,True
718,14,60,90,recent_k8,6.257723331451416,74.12767791748047,74.12767791748047,6.257723331451416,0.0023365020751953125,375.46337890625,4447.66064453125,4447.66064453125,60,612.184717785567,0.06348799914121628,1a27913d8cbd57c4ceaef7353230511c4730728078cc3ee77fe6f95cd01a6b13,True
719,14,60,105,recent_k8,2.0808420181274414,7.0617241859436035,7.0617241859436035,2.0808420181274414,0.00023698806762695312,124.85051727294922,423.70343017578125,423.70343017578125,60,614.2823500558734,0.06451199948787689,0c4d416b325f262fe6a3a9283c525cbdccf0ac0143199e01d55e4dcc47344251,True
720,14,60,120,recent_k8,1.8002854585647583,5.339810371398926,5.339810371398926,1.8002854585647583,0.00017702579498291016,108.01712036132812,320.38861083984375,320.38861083984375,60,614.9913249537349,0.0655359998345375,cd10049c8e1054481820513255836bec073c514b53c94675ddb75e9c1dcf04fb,True
721,14,60,135,recent_k8,1.723562240600586,4.746336936950684,4.746336936950684,1.723562240600586,0.00015628337860107422,103.41372680664062,284.78021240234375,284.78021240234375,60,612.1997181326151,0.062463998794555664,6382ac415d07608fd877c1b99bd0b1e52ea4c83a9c7f3e6b9923e834501e1156,True
722,14,60,150,recent_k8,1.7328627109527588,4.884994983673096,4.884994983673096,1.7328627109527588,0.00016021728515625,103.97175598144531,293.09967041015625,293.09967041015625,60,612.2011672705412,0.05734400078654289,34ed57624e8081202fb22c291595e32ccf0ad47e45831f14b92525993f9ca45a,True
723,14,60,165,recent_k8,2.809084177017212,21.704992294311523,21.704992294311523,2.809084177017212,0.00069427490234375,168.5450439453125,1302.2994384765625,1302.2994384765625,60,611.5512028336525,0.055296000093221664,e2d03211b417a5c9a922ae2671e8ef41d9d6a1092cdedd11e6cfcf49483c14f2,True
724,14,60,180,recent_k8,4.666529178619385,45.51211929321289,45.51211929321289,4.666529178619385,0.00151824951171875,279.9917297363281,2730.72705078125,2730.72705078125,60,611.325794365257,0.0655359998345375,b61abc454eff514c095ee1412f9472505fe58b2814031c0cf4c66de7170f8dc1,True
725,14,60,195,recent_k8,3.1811485290527344,15.734496116638184,15.734496116638184,3.1811485290527344,0.0005750656127929688,190.868896484375,944.0697021484375,944.0697021484375,60,612.4895750544965,0.0655359998345375,0c15f4089b3ca2706dd92f2965ce111bd6aaea3ea6af866451f424764154329f,True
726,14,60,210,recent_k8,2.3565385341644287,11.644210815429688,11.644210815429688,2.3565385341644287,0.0003745555877685547,141.39230346679688,698.652587890625,698.652587890625,60,611.9971494190395,0.055296000093221664,d47c7873494e5a14d59918c1cf930c16cc337170b2e58d592582500759ee3771,True
727,14,60,225,recent_k8,3.739915132522583,28.461503982543945,28.461503982543945,3.739915132522583,0.0009074211120605469,224.3948974609375,1707.690185546875,1707.690185546875,60,611.7316209711134,0.05632000043988228,ebc3cf48a404b56e2698a153d786b94b08bde3ee710f2323628f13bd62f1562a,True
728,14,26,30,recent_k8,52.91370391845703,9988.509765625,6227.759765625,52.91370391845703,0.313232421875,3174.822021484375,599310.5625,373665.5625,60,611.8490514345467,0.055296000093221664,b0b00d396561e3e4fae6334dd4829f6ba0f4af05386a720145c15698f6c98e3a,True
729,14,26,45,recent_k8,14.669488906860352,325.1060791015625,325.1060791015625,14.669488906860352,0.01018524169921875,880.1693115234375,19506.36328125,19506.36328125,60,611.6024716757238,0.05734400078654289,b31e03789a80af0578f1176c3c5893fe5564e56647e083a72266bb24e74ad99a,True
730,14,26,60,recent_k8,12.755097389221191,321.3812561035156,321.3812561035156,12.755097389221191,0.01019287109375,765.3057861328125,19282.875,19282.875,60,611.7959110997617,0.05632000043988228,ed33a0a5efc6e01d0c51c02400c61647711d9e4b9f5703c342375ac02c4f0539,True
731,14,26,75,recent_k8,8.38228988647461,182.09503173828125,182.09503173828125,8.38228988647461,0.005718231201171875,502.9373779296875,10925.701171875,10925.701171875,60,611.5178433246911,0.05632000043988228,36bf8340b60b281ac8b7c183a92c079f53fafa894fbc214e12c22dd1282a2250,True
732,14,26,90,recent_k8,9.822057723999023,177.76661682128906,177.76661682128906,9.822057723999023,0.005657196044921875,589.3234252929688,10665.99609375,10665.99609375,60,609.6348189748824,0.06345599889755249,9177854aefde98ab2480eceb6078eca13db992f41d6eb79f1b7f5610e9f7e7b0,True
733,14,26,105,recent_k8,5.940465450286865,71.81484985351562,71.81484985351562,5.940465450286865,0.002300262451171875,356.42791748046875,4308.890625,4308.890625,60,604.3374920263886,0.055296000093221664,ac4403d6b2905a0de49aed516afb46e23252f4775c916691850c9b25f1f9d0b9,True
734,14,26,120,recent_k8,5.090468406677246,54.825069427490234,54.825069427490234,5.090468406677246,0.0017375946044921875,305.4281005859375,3289.50390625,3289.50390625,60,614.7047569975257,0.05632000043988228,e648191da95c6393226bbabad2018919867482bf28ecddae918d4e8557e73079,True
735,14,26,135,recent_k8,1.1731410026550293,2.463388204574585,2.463388204574585,1.1731410026550293,8.982419967651367e-05,70.38845825195312,147.80328369140625,147.80328369140625,60,618.4862460941076,0.07168000191450119,b35504a4cc0822590ea5f4bc6ec6c0f1fadf7aa5d5764f05ad0a44ad2d09b8fc,True
736,14,26,150,recent_k8,2.8277528285980225,32.97675323486328,32.97675323486328,2.8277528285980225,0.0010480880737304688,169.6651611328125,1978.60498046875,1978.60498046875,60,609.6742893569171,0.06451199948787689,947af0cace65df4d14f6a93767e355c0c4e4fb62882c4d1f31d947f950975f87,True
737,14,26,165,recent_k8,14.480059623718262,553.4664916992188,553.4664916992188,14.480059623718262,0.0175628662109375,868.8035278320312,33207.98828125,33207.98828125,60,610.2487640455365,0.055296000093221664,75b5bd987290e0f976139dab8921d1cfbcd7bede160e190481155d223c43fb54,True
738,14,26,180,recent_k8,1.984170913696289,5.763993263244629,5.763993263244629,1.984170913696289,0.0003066062927246094,119.05024719238281,345.8395690917969,345.8395690917969,60,610.9225982800126,0.055296000093221664,783fe77ec41cdd62e768a902c94f0f64902044b300fe44fb1c759fbb0e19a250,True
739,14,26,195,recent_k8,5.008150100708008,33.72943878173828,33.72943878173828,5.008150100708008,0.0014963150024414062,300.4889831542969,2023.76611328125,2023.76611328125,60,611.1688460223377,0.05939200147986412,d22a7e6d97f5b76b0178f1b68d35f8179c94587564f06f3eb1733cb37f51d789,True
740,14,26,210,recent_k8,5.256675720214844,62.338924407958984,62.338924407958984,5.256675720214844,0.001995086669921875,315.4005126953125,3740.335205078125,3740.335205078125,60,604.3875920586288,0.05632000043988228,95b87a62268dc26be71554d08468346cb628b1d4c10152577f03b248043ee878,True
741,14,26,225,recent_k8,9.034160614013672,115.8464584350586,115.8464584350586,9.034160614013672,0.0040283203125,542.0496215820312,6950.787109375,6950.787109375,60,608.2477201707661,0.055296000093221664,c7f77c784565e325a119dda304ef183009ebebe74b1e3dbffe02ca08f7768063,True
742,14,21,30,recent_k8,5.401663303375244,57.44939422607422,57.44939422607422,5.401663303375244,0.0018415451049804688,324.09979248046875,3446.96337890625,3446.96337890625,60,607.2644484229386,0.055296000093221664,39effebe1859b47db8b0ffd9a14abd06acd5612dece51cdc3304e57ad3d2cc01,True
743,14,21,45,recent_k8,4.810883045196533,57.022926330566406,57.022926330566406,4.810883045196533,0.00186920166015625,288.6529541015625,3421.37548828125,3421.37548828125,60,607.8271428123116,0.05632000043988228,1edaf636dbff42fb5f54d6f8ffab651ecc6985a341393f56509f81f42a1857f0,True
744,14,21,60,recent_k8,9.38361644744873,192.84671020507812,192.84671020507812,9.38361644744873,0.006610870361328125,563.0169677734375,11570.8017578125,11570.8017578125,60,606.9084308110178,0.055296000093221664,3e0987e53760918288c7449a63d17f105e74e1351272c098f4a82cf2ba5aca3d,True
745,14,21,75,recent_k8,14.430131912231445,537.0724487304688,537.0724487304688,14.430131912231445,0.0177459716796875,865.807861328125,32224.345703125,32224.345703125,60,607.8283027745783,0.05632000043988228,aad1d5a97d1f5c7c603549f7daffba9f2587a13deea5d092343792635cfdcdf0,True
746,14,21,90,recent_k8,16.01725196838379,538.4808959960938,538.4808959960938,16.01725196838379,0.017425537109375,961.0350341796875,32308.8515625,32308.8515625,60,606.3807457685471,0.06451199948787689,71776dc22c12956924239cef7ae4c142e6f9531e0cb0def4281ecff3ca765ea3,True
747,14,21,105,recent_k8,3.7080745697021484,21.131784439086914,21.131784439086914,3.7080745697021484,0.0006999969482421875,222.48446655273438,1267.906982421875,1267.906982421875,60,610.4095922783017,0.05430399999022484,67fd2837cccd3a5e8f6cb6cd42b9ca4c5e882a2f5a15eb8148ca845abcfcdf6a,True
748,14,21,120,recent_k8,1.9153354167938232,5.5012946128845215,5.5012946128845215,1.9153354167938232,0.00018107891082763672,114.92012023925781,330.0776672363281,330.0776672363281,60,611.6123222745955,0.05632000043988228,a84aef5858047fa9c9085007478dff45c77a4765b7c000a96599a2b97370214c,True
749,14,21,135,recent_k8,1.8059715032577515,5.021173000335693,5.021173000335693,1.8059715032577515,0.0001659393310546875,108.35828399658203,301.2703552246094,301.2703552246094,60,612.1223582886159,0.055296000093221664,e8e35cb4924fe0ee3e2e686b7988bd7c4c01e2292da230b631de04de271da5cc,True
750,14,21,150,recent_k8,1.5898886919021606,3.693596601486206,3.693596601486206,1.5898886919021606,0.00012969970703125,95.39331817626953,221.61578369140625,221.61578369140625,60,612.5682750716805,0.060416001826524734,51fab431dde398950229942d0ce88aa9533cea60fe86eb33c96a7f03753b3a0f,True
751,14,21,165,recent_k8,2.5907044410705566,17.494199752807617,17.494199752807617,2.5907044410705566,0.0005564689636230469,155.4422607421875,1049.6519775390625,1049.6519775390625,60,614.7151570767164,0.05734400078654289,287564b4ba685459c4adeecf787e356997dd7786607e36e9b8af4171b0ee3219,True
752,14,21,180,recent_k8,2.64337420463562,16.632808685302734,16.632808685302734,2.64337420463562,0.0005359649658203125,158.60244750976562,997.9684448242188,997.9684448242188,60,611.5041230805218,0.05632000043988228,38ba1cc48135a50a53596319b6a6aded3e1b3f991fe5e0a7bdb00b016113c5ac,True
753,14,21,195,recent_k8,3.802824020385742,26.121681213378906,26.121681213378906,3.802824020385742,0.0008707046508789062,228.16943359375,1567.30078125,1567.30078125,60,611.6915508173406,0.05632000043988228,6212778f4e91789a5b69ab6bf0fd934d31ff0051ce322a17057cb0a0d1c3400a,True
754,14,21,210,recent_k8,3.344764471054077,17.67868423461914,17.67868423461914,3.344764471054077,0.0005559921264648438,200.68585205078125,1060.720947265625,1060.720947265625,60,611.3108051940799,0.055296000093221664,0932abb7530d3eacb01598a240acf0fb214a953173d7e97afaf999720e40489c,True
755,14,21,225,recent_k8,1.7259628772735596,5.051270008087158,5.051270008087158,1.7259628772735596,0.0001659393310546875,103.55776977539062,303.076171875,303.076171875,60,611.3895149901509,0.05632000043988228,9847d52110c612227e114240cdb2a32eee020297ff33aeea01bf49f09e4850f1,True
756,14,44,30,recent_k8,19.241518020629883,665.0517578125,665.0517578125,19.241518020629883,0.02398681640625,1154.490966796875,39903.1015625,39903.1015625,60,611.173935700208,0.055296000093221664,648ae1340ec3cbc44ef17b5f00e9cd5297eb30de058686b36d2739c706401bb0,True
757,14,44,45,recent_k8,4.758909702301025,49.10123062133789,49.10123062133789,4.758909702301025,0.001575469970703125,285.5345764160156,2946.07373046875,2946.07373046875,60,611.5107033401728,0.05532800033688545,105371038d235353420845ef9ae2dc396154e224dd12975509460e945cbd2743,True
758,14,44,60,recent_k8,8.338634490966797,172.2164764404297,172.2164764404297,8.338634490966797,0.005550384521484375,500.31805419921875,10332.98828125,10332.98828125,60,611.2545751966536,0.05632000043988228,e35cbedcc7baca1b71954d5367c8907d301e9dc5342d2a95669ebf6251434d03,True
759,14,44,75,recent_k8,7.112361907958984,97.39833068847656,97.39833068847656,7.112361907958984,0.0035686492919921875,426.74169921875,5843.8994140625,5843.8994140625,60,611.8200607597828,0.05632000043988228,6783a21b64eabdde74874a2490f53ac10220d7bd10f53936ba320463a584dc67,True
760,14,44,90,recent_k8,8.855252265930176,208.02630615234375,208.02630615234375,8.855252265930176,0.006488800048828125,531.3151245117188,12481.578125,12481.578125,60,611.7045320570469,0.05734400078654289,5db050876c9362317a04bf04b028db9a0592c7ca02346408aeb25850b4b74e63,True
761,14,44,105,recent_k8,6.067258834838867,80.08596801757812,80.08596801757812,6.067258834838867,0.0025882720947265625,364.0355224609375,4805.15771484375,4805.15771484375,60,611.638552043587,0.05632000043988228,32bd91a3c2e4b2e8a525f32f3b64b64a7eba4e358c3495b4fb140854a82aff04,True
762,14,44,120,recent_k8,6.289579391479492,62.3478889465332,62.3478889465332,6.289579391479492,0.003124237060546875,377.374755859375,3740.873046875,3740.873046875,60,611.8439310230315,0.05632000043988228,62f1e14d9e79b90b409b8cf5a032e4e29c03f1f51d017d4feb5b724ba2b61847,True
763,14,44,135,recent_k8,10.925084114074707,379.8711242675781,379.8711242675781,10.925084114074707,0.01229095458984375,655.5050048828125,22792.265625,22792.265625,60,611.779450904578,0.055296000093221664,8b0666f092fe2c5c61bddd0570e64160ca444104c831ed2ff3f1a106c3e10598,True
764,14,44,150,recent_k8,15.379146575927734,720.36865234375,720.36865234375,15.379146575927734,0.0227813720703125,922.7487182617188,43222.1171875,43222.1171875,60,611.7748911492527,0.055296000093221664,b1246904fae7980105c647eff6238b101c5a8ad3ce35b83f8bf2f9c96e62ac5c,True
765,14,44,165,recent_k8,10.0195951461792,287.4742126464844,287.4742126464844,10.0195951461792,0.00963592529296875,601.1756591796875,17248.451171875,17248.451171875,60,611.4990431815386,0.05632000043988228,a5172afeeed4bc3f20d0aa45380da6d8a6c874770263c12c9f07d27349146a3a,True
766,14,44,180,recent_k8,8.645419120788574,145.00677490234375,145.00677490234375,8.645419120788574,0.00547027587890625,518.72509765625,8700.40625,8700.40625,60,612.0439288206398,0.05532800033688545,1089c40b21f06902b4218d5d1e7d610e91fd829c174d6130cede6dc443a13128,True
767,14,44,195,recent_k8,9.989943504333496,242.8017578125,242.8017578125,9.989943504333496,0.0075836181640625,599.3966064453125,14568.1044921875,14568.1044921875,60,612.0048500597477,0.055296000093221664,afec44f520a65862142b1d6166f4d68251aba59d122dfda479afe8cb55e13bd0,True
768,14,44,210,recent_k8,6.134396553039551,71.80366516113281,71.80366516113281,6.134396553039551,0.002529144287109375,368.06378173828125,4308.2197265625,4308.2197265625,60,611.4697637967765,0.05734400078654289,6e70022cc2243c2b3c168e2d57291c7f1557e2efe848a70b2b34f07e46399f59,True
769,14,44,225,recent_k8,10.456696510314941,142.8639373779297,142.8639373779297,10.456696510314941,0.006099700927734375,627.4017333984375,8571.8359375,8571.8359375,60,611.3027748651803,0.05632000043988228,45bd625289f7c9233d91196bc71d567fc6ffb6f028c1b6745b4acfc898925d4d,True
770,14,23,30,recent_k8,25.040687561035156,1950.5281982421875,1950.5281982421875,25.040687561035156,0.06134033203125,1502.441162109375,117031.6875,117031.6875,60,611.4980932325125,0.05632000043988228,6621a13c32b988d8e6f0c39291108f5dead06fabfcca2256d2afa0c7d37c5cd7,True
771,14,23,45,recent_k8,36.77009582519531,7351.125,3843.594482421875,36.77009582519531,0.2275390625,2206.20556640625,441067.46875,230615.65625,60,612.1054394170642,0.05734400078654289,8de24313e8322a800682bf174695fea780b74111077274075457f63191b113e0,True
772,14,23,60,recent_k8,60.247920989990234,10433.2900390625,9362.9755859375,60.247920989990234,0.32275390625,3614.875,625997.375,561778.5,60,611.2541351467371,0.055296000093221664,f552afcc131d2db1a780adf5bd57e6b99114b9543c3ed3073085b4a2660b7cc0,True
773,14,23,75,recent_k8,9.0230712890625,213.7682342529297,213.7682342529297,9.0230712890625,0.006702423095703125,541.38427734375,12826.09375,12826.09375,60,611.4599728025496,0.057312000542879105,c7a0800808a5157bb49ef1c588b10e5d93f032dc5a150b5f3a655c888403a29e,True
774,14,23,90,recent_k8,10.186562538146973,262.5727233886719,262.5727233886719,10.186562538146973,0.00836181640625,611.1937255859375,15754.3623046875,15754.3623046875,60,610.6320600956678,0.055296000093221664,0c5b4f450b67859230e4ca7d4971d8280c1f507a9ad3c2c77c666393cd017264,True
775,14,23,105,recent_k8,20.611202239990234,18756.23046875,1083.3436279296875,20.611202239990234,0.57958984375,1236.672119140625,1125373.75,65000.61328125,60,611.8150511756539,0.05628800019621849,f9f77ffd6ecd962e77ce582b8d73abdf12187b802b1e272f57c745069d9d8931,True
776,14,23,120,recent_k8,20.94771385192871,12409.92578125,1497.7398681640625,20.94771385192871,0.383544921875,1256.86279296875,744595.5,89864.390625,60,611.732111312449,0.05632000043988228,83c1a0817af073469be32f4fc05d3d57d3cc2b0ab4430959aeebaff3e6e905a3,True
777,14,23,135,recent_k8,46.710262298583984,5795.4658203125,5494.97412109375,46.710262298583984,0.181640625,2802.615478515625,347727.9375,329698.4375,60,614.7056668996811,0.05632000043988228,9d941c278a3596902ff92013cb62079f80dd06628c93e3c8ee0ff8606cfeaf95,True
778,14,23,150,recent_k8,35.30781936645508,20071.806640625,2383.057861328125,35.30781936645508,0.626953125,2118.468994140625,1204308.375,142983.46875,60,615.1968631893396,0.05939200147986412,f3c54de657c48b9eae125dafab5fc720a444ab573e5d7d978f004c1925067bd2,True
779,14,23,165,recent_k8,9.081352233886719,110.83638000488281,110.83638000488281,9.081352233886719,0.00423431396484375,544.881103515625,6650.1826171875,6650.1826171875,60,614.0511026605964,0.06451199948787689,b0efc3b8b006647832e18ce12e27b7d883c44d48ef7600ea3bd776f550324ec9,True
780,14,23,180,recent_k8,11.942848205566406,521.7167358398438,521.7167358398438,11.942848205566406,0.0173492431640625,716.5708618164062,31303.001953125,31303.001953125,60,611.1458870582283,0.058368001133203506,d775a48370a7501b246651680526142ccfe79d3efc095bd86ce224acdd89ecb3,True
781,14,23,195,recent_k8,35.1434326171875,6225.6181640625,2945.780517578125,35.1434326171875,0.1951904296875,2108.60595703125,373537.0625,176746.828125,60,610.4349619708955,0.05632000043988228,97be04e81516b8dbefbf426d56049d07d8cb78ce2fd090f140df451a3f7222b6,True
782,14,23,210,recent_k8,48.380577087402344,6484.515625,6465.8642578125,48.380577087402344,0.200439453125,2902.83447265625,389070.90625,387951.84375,60,606.6899527795613,0.056352000683546066,ec121492e8678d44a6dcac5b38016a03b12e44f100d3422af3d4610d34606b0f,True
783,14,23,225,recent_k8,17.79405975341797,535.4140625,535.4140625,17.79405975341797,0.0175323486328125,1067.6435546875,32124.84375,32124.84375,60,607.0278701372445,0.05632000043988228,bdc488e1b589268c800e86111e82377d38fd5e487611433066f3467c5db75a10,True
784,14,53,30,recent_k8,14.044234275817871,468.27099609375,468.27099609375,14.044234275817871,0.0146942138671875,842.6539916992188,28096.2578125,28096.2578125,60,606.6780826076865,0.05430399999022484,d77ad3fda96c3fa22b5c131865e68395679817bdb9392709f4cfae833cbe5800,True
785,14,53,45,recent_k8,11.322003364562988,254.83499145507812,254.83499145507812,11.322003364562988,0.0085601806640625,679.3201904296875,15290.0986328125,15290.0986328125,60,606.9268509745598,0.0562559999525547,d0a27194f8ec5756f5efce8c9441e60c31c079949e54a9e55658e6b1174ea383,True
786,14,53,60,recent_k8,26.343719482421875,1012.36279296875,1012.36279296875,26.343719482421875,0.031585693359375,1580.623046875,60741.765625,60741.765625,60,606.4006648957729,0.055296000093221664,fd7e8d93e30b312732d21d39986c1a78f95b2dcf1cd120b60277d9c93a8fa5e4,True
787,14,53,75,recent_k8,16.772411346435547,618.07080078125,618.07080078125,16.772411346435547,0.022216796875,1006.3446044921875,37084.24609375,37084.24609375,60,611.628292594105,0.05734400078654289,137d3e31307d6c863ebb6050711daa1521fbf9405f04cd1110b33e0b050559c1,True
788,14,53,90,recent_k8,16.03094482421875,581.8108520507812,581.8108520507812,16.03094482421875,0.0203704833984375,961.8566284179688,34908.6484375,34908.6484375,60,610.9660272486508,0.055296000093221664,e6f6bcd9d3e8a8f7edb6e6c76126ad5698c1993b094a3d1cdb963269a714ca43,True
789,14,53,105,recent_k8,2.068783760070801,6.103452682495117,6.103452682495117,2.068783760070801,0.000274658203125,124.12701416015625,366.2071533203125,366.2071533203125,60,612.3353070579469,0.05632000043988228,83f3782e4e7527e6e265b8aa557039d05c7afb0f457fc33cf0acbc523070fef4,True
790,14,53,120,recent_k8,3.818598747253418,24.55072593688965,24.55072593688965,3.818598747253418,0.0010385513305664062,229.11590576171875,1473.04345703125,1473.04345703125,60,611.413034144789,0.055296000093221664,3c758363d541a9c9fa6ad092da95aa810642049ab61dcf5d1d1f4e3dc79f6d0d,True
791,14,53,135,recent_k8,1.6450552940368652,4.257310390472412,4.257310390472412,1.6450552940368652,0.0001938343048095703,98.70331573486328,255.4385986328125,255.4385986328125,60,612.0042097754776,0.05632000043988228,a288dc558cab4c32be209eab94c51e9754d64adaaa4b488dfc3e5e89b446e23e,True
792,14,53,150,recent_k8,1.2927643060684204,2.81453800201416,2.81453800201416,1.2927643060684204,0.00014138221740722656,77.56585693359375,168.8722686767578,168.8722686767578,60,611.1331256106496,0.05632000043988228,321bf384c0d89d67d056de59b5689c6a4015d01c90882dad62e8a47605f5defe,True
793,14,53,165,recent_k8,1.1719050407409668,2.5796566009521484,2.5796566009521484,1.1719050407409668,0.00012028217315673828,70.31430053710938,154.77938842773438,154.77938842773438,60,610.9368181787431,0.05632000043988228,ad5c9725bcbe1e4f0f88ead43a9f1f209f11f126471d454f001be81752fffd5f,True
794,14,53,180,recent_k8,2.0937442779541016,9.011724472045898,9.011724472045898,2.0937442779541016,0.0003795623779296875,125.62464904785156,540.7034301757812,540.7034301757812,60,612.6459338702261,0.05632000043988228,bd3917951d04fc966e98bff8d2f238bb2d6965fb25de455a35632cefd5b57410,True
795,14,53,195,recent_k8,10.775946617126465,207.686767578125,207.686767578125,10.775946617126465,0.00798797607421875,646.5567626953125,12461.205078125,12461.205078125,60,621.1884641088545,0.05632000043988228,9ab977429051d711661320b5663ac48af0b6372d0f9a37780412d9bee9ed1a0c,True
796,14,53,210,recent_k8,12.144790649414062,230.4389190673828,230.4389190673828,12.144790649414062,0.00920867919921875,728.6873779296875,13826.333984375,13826.333984375,60,612.6779839396477,0.0655359998345375,1240192e8dfb62767000b4342cec5e52554057658c3679437354e886d52fff27,True
797,14,53,225,recent_k8,12.039875030517578,218.6466064453125,218.6466064453125,12.039875030517578,0.00826263427734375,722.3924560546875,13118.7958984375,13118.7958984375,60,611.5181632339954,0.062463998794555664,9ef49bac379318998f6ceb514e382ed9a6927a636b7b3435585849cc7807c16c,True
798,14,84,30,recent_k8,2.5604453086853027,13.39975643157959,13.39975643157959,2.5604453086853027,0.0004258155822753906,153.626708984375,803.9853515625,803.9853515625,60,611.4307641983032,0.055296000093221664,2a1323d4c33ae31d9a4164aacc7647aa73202d3e7168ababaed1e4959b4b763f,True
799,14,84,45,recent_k8,2.875176191329956,16.397804260253906,16.397804260253906,2.875176191329956,0.0005230903625488281,172.51055908203125,983.8681640625,983.8681640625,60,613.7468749657273,0.05628800019621849,1497f3a893005b816a91ddc568e5b4d20f22c7d1013d42e9c9e08c3446221b83,True
800,14,84,60,recent_k8,2.5480425357818604,13.46873664855957,13.46873664855957,2.5480425357818604,0.0004329681396484375,152.88253784179688,808.1241455078125,808.1241455078125,60,613.0113108083606,0.07065600156784058,ffe42849afbc5c7c8ba58c98cb1320bb91385b08c7dc6df7efd4fcd4c029a4e8,True
801,14,84,75,recent_k8,2.536480188369751,14.484740257263184,14.484740257263184,2.536480188369751,0.0004515647888183594,152.1887969970703,869.0843505859375,869.0843505859375,60,612.9097919911146,0.07065600156784058,2d82486e4a6d3f65f04f91e80d29989089d49f03adb749e9e0b69c7b3b07c47d,True
802,14,84,90,recent_k8,1.7481615543365479,4.784938812255859,4.784938812255859,1.7481615543365479,0.00016868114471435547,104.88968658447266,287.0963134765625,287.0963134765625,60,612.5733340159059,0.05734400078654289,1dc443355d37c7dfc74fbbe996da14145df5a4b1e9fc6936133b8e5a699b235a,True
803,14,84,105,recent_k8,1.6729984283447266,4.564111232757568,4.564111232757568,1.6729984283447266,0.00016772747039794922,100.37989807128906,273.8466491699219,273.8466491699219,60,612.9934610798955,0.05632000043988228,d840284ce6431987b6e0bba30d8898378024bd41420a9c389a535e3bb8bafcd6,True
804,14,84,120,recent_k8,2.2165770530700684,9.332585334777832,9.332585334777832,2.2165770530700684,0.00030350685119628906,132.99461364746094,559.955078125,559.955078125,60,612.5285751186311,0.06451199948787689,6180048da22505833a99a4c90ac6b6393fb6a85e3b9cddccd5809528c7976f41,True
805,14,84,135,recent_k8,2.0733582973480225,8.447186470031738,8.447186470031738,2.0733582973480225,0.0002715587615966797,124.4014892578125,506.8311767578125,506.8311767578125,60,611.9251400232315,0.05632000043988228,654402b806e92c680d49b4114ee6b9b1db6a94d50595da4241630d6629ca414f,True
806,14,84,150,recent_k8,2.0171844959259033,8.445107460021973,8.445107460021973,2.0171844959259033,0.0002675056457519531,121.03105926513672,506.7064208984375,506.7064208984375,60,612.373495940119,0.055296000093221664,84ee21a1546fa179d3c40308696efc98d6332df13a946059fe1fb82ab6e552a2,True
807,14,84,165,recent_k8,2.1427438259124756,8.966350555419922,8.966350555419922,2.1427438259124756,0.0002880096435546875,128.5646209716797,537.9810180664062,537.9810180664062,60,611.6564418189228,0.058368001133203506,86d1ad328cd0b8789ad47a147a68c28de40a8392a40db84e889c18f8538e2b73,True
808,14,84,180,recent_k8,4.898889064788818,33.81119918823242,33.81119918823242,4.898889064788818,0.00162506103515625,293.9333190917969,2028.671875,2028.671875,60,610.7336198911071,0.05632000043988228,8c7dd9acfcd0c2f51c02df2264fb0148d08d083f7117044a3dd1eec024901551,True
809,14,84,195,recent_k8,7.378341197967529,113.28204345703125,113.28204345703125,7.378341197967529,0.004253387451171875,442.700439453125,6796.92236328125,6796.92236328125,60,611.6834417916834,0.05632000043988228,e3d3a408623c93678417111397efe30072a0fd2f7e177042fecb666eae3ba578,True
810,14,84,210,recent_k8,16.603437423706055,648.678955078125,648.678955078125,16.603437423706055,0.0211029052734375,996.2061767578125,38920.734375,38920.734375,60,611.0190479084849,0.06454399973154068,de16da64b56888feb59ae2417a66fc2444bc13109a1f4332d18a23562cdb5b87,True
811,14,84,225,recent_k8,16.89148712158203,461.4698181152344,461.4698181152344,16.89148712158203,0.01486968994140625,1013.4891967773438,27688.1875,27688.1875,60,611.3973339088261,0.055296000093221664,ccdd7895a92b5b0787e1325dad176952424f389f571d8ac16634f90ad339553f,True
812,14,59,30,recent_k8,31.626014709472656,1877.1156005859375,1877.1156005859375,31.626014709472656,0.06256103515625,1897.560791015625,112626.9296875,112626.9296875,60,610.808989033103,0.05632000043988228,e70ac72ece9dad52b8c958145f855680d148a89b739a577c23a4424883188094,True
813,14,59,45,recent_k8,19.24416160583496,541.7518920898438,541.7518920898438,19.24416160583496,0.0191192626953125,1154.649658203125,32505.11328125,32505.11328125,60,611.4912941120565,0.05734400078654289,c31b35d3fd1738c0bc41d91cbd0e3dd8e07095492b7f4d2f2a225a60d96ced1d,True
814,14,59,60,recent_k8,5.5905866622924805,64.1557846069336,64.1557846069336,5.5905866622924805,0.00202178955078125,335.4351806640625,3849.3466796875,3849.3466796875,60,610.9674568288028,0.05632000043988228,d9e7847ed4eee130610f1ca6891e1fe0da71b51c9c00da4edb026687ceeb7020,True
815,14,59,75,recent_k8,4.766059398651123,59.68289566040039,59.68289566040039,4.766059398651123,0.0020542144775390625,285.96356201171875,3580.9736328125,3580.9736328125,60,611.5899118594825,0.05632000043988228,a1090303e3d9b54fe4a8e5e6eb18967c8c560ab692efd6a4ddf1833f97e88886,True
816,14,59,90,recent_k8,3.244208812713623,17.899911880493164,17.899911880493164,3.244208812713623,0.0006227493286132812,194.6525115966797,1073.99462890625,1073.99462890625,60,610.7046003453434,0.05734400078654289,c476986c10ba252d4af9a4106392f670eac83b78b51be8ace74d03262b68ebf3,True
817,14,59,105,recent_k8,4.737972736358643,44.35872268676758,44.35872268676758,4.737972736358643,0.0015859603881835938,284.2783508300781,2661.523193359375,2661.523193359375,60,611.4155640825629,0.06656000018119812,6423b1571837b57f36342898f6ba76cce0a6bf6e0d13fb57d2d41186522ea25b,True
818,14,59,120,recent_k8,10.215559959411621,174.2912139892578,174.2912139892578,10.215559959411621,0.006145477294921875,612.93359375,10457.47265625,10457.47265625,60,611.6689019836485,0.05632000043988228,18491bcde485874da8df75b505f77484f5aeb66fda3c415269e9d42704701ae7,True
819,14,59,135,recent_k8,7.897683620452881,93.939697265625,93.939697265625,7.897683620452881,0.004177093505859375,473.8609924316406,5636.38134765625,5636.38134765625,60,611.0706771723926,0.05632000043988228,f0ead93bc2ea2af5ce1e09142a19abae232b03b9da570b45799d90cd690e9d7f,True
820,14,59,150,recent_k8,6.910769939422607,123.87153625488281,123.87153625488281,6.910769939422607,0.003971099853515625,414.64617919921875,7432.2919921875,7432.2919921875,60,613.2604791782796,0.05734400078654289,5396ce9ee12ee95079261170f46ec6b9cb570a16c92aed6c2f3a79df679c50b5,True
821,14,59,165,recent_k8,10.813390731811523,281.5567321777344,281.5567321777344,10.813390731811523,0.00933837890625,648.8034057617188,16893.40234375,16893.40234375,60,611.743092071265,0.06348799914121628,4b1dcb98779ae66cc334968e62eb591204b6ff7d8b85d8edfd9256eaae24be6f,True
822,14,59,180,recent_k8,5.250547885894775,48.49485778808594,48.49485778808594,5.250547885894775,0.00185394287109375,315.0328674316406,2909.69140625,2909.69140625,60,611.4966929890215,0.055296000093221664,05f645a2ec76af531bb5743e92de073f633601d22a78bfa047e6632d99abe83a,True
823,14,59,195,recent_k8,9.72309398651123,136.82676696777344,136.82676696777344,9.72309398651123,0.007259368896484375,583.3856201171875,8209.60546875,8209.60546875,60,612.0452890172601,0.05632000043988228,542abe1891c9b233aec26dc75944c93a220c195434410135b1c489d8197c1a3c,True
824,14,59,210,recent_k8,8.67300033569336,92.4743881225586,92.4743881225586,8.67300033569336,0.005855560302734375,520.3800048828125,5548.462890625,5548.462890625,60,610.8342288061976,0.055296000093221664,c0c0d96540702a101e2103841e6ea9fb08f6c11dc4ec3d5acafc4b394a58b119,True
825,14,59,225,recent_k8,9.814958572387695,140.97874450683594,140.97874450683594,9.814958572387695,0.005184173583984375,588.8974609375,8458.724609375,8458.724609375,60,611.5592531859875,0.05632000043988228,72bb113cb79a2d87f2d4026159bd35e96e4330474c1b47f758c46330814c7adc,True
826,14,49,30,recent_k8,18.889413833618164,683.5230712890625,683.5230712890625,18.889413833618164,0.023406982421875,1133.36474609375,41011.3828125,41011.3828125,60,610.9424778260291,0.055296000093221664,8d757c5d5d01d1cc86477fdb10109f8f7dc7ba21d6f2e998c03aa8122193858d,True
827,14,49,45,recent_k8,9.366024017333984,128.83518981933594,128.83518981933594,9.366024017333984,0.00446319580078125,561.96142578125,7730.111328125,7730.111328125,60,611.6559719666839,0.055296000093221664,d9a8cf9f82e106c97b3d5bb64819104f5501f3050f9112eb7946ee13045dedd2,True
828,14,49,60,recent_k8,8.363713264465332,100.5129623413086,100.5129623413086,8.363713264465332,0.0038738250732421875,501.8227844238281,6030.77734375,6030.77734375,60,610.4622120037675,0.055296000093221664,6aa508b0be0c78ab25606ec00542c3e9fde1cfaa69a08874577eb789a57c76aa,True
829,14,49,75,recent_k8,7.901024341583252,113.53550720214844,113.53550720214844,7.901024341583252,0.004730224609375,474.0614318847656,6812.1298828125,6812.1298828125,60,610.972807276994,0.055296000093221664,be786e3fb592708fc6164e03cc4f349a087463d9d2b9fe2a8cf6e25cb95257b5,True
830,14,49,90,recent_k8,9.098921775817871,144.6705322265625,144.6705322265625,9.098921775817871,0.00504302978515625,545.935302734375,8680.2314453125,8680.2314453125,60,610.954178031534,0.05632000043988228,0ef32f2622873fd19c5ffb3291f260b377296ee8c710194a8e805cd0ea1afb55,True
831,14,49,105,recent_k8,9.321523666381836,120.15232849121094,120.15232849121094,9.321523666381836,0.005298614501953125,559.2913818359375,7209.13916015625,7209.13916015625,60,611.1323270015419,0.055296000093221664,88da0f10d24859878531f9957f2dc9cfb9ff7a841fd1541a8de4f91f75070fee,True
832,14,49,120,recent_k8,3.378542423248291,16.10747528076172,16.10747528076172,3.378542423248291,0.0009255409240722656,202.71253967285156,966.448486328125,966.448486328125,60,611.4971633069217,0.05628800019621849,43826fcdca32a13879396285f7f85ca92cc6db2a93bea71639c5192add76d378,True
833,14,49,135,recent_k8,6.354562759399414,51.69486618041992,51.69486618041992,6.354562759399414,0.0022258758544921875,381.27374267578125,3101.69189453125,3101.69189453125,60,612.0702289044857,0.055296000093221664,70788e1eabfd42be0f8f2463ec990f37d6e7c09582778efbe38e872c402a1012,True
834,14,49,150,recent_k8,2.1943044662475586,6.937366008758545,6.937366008758545,2.1943044662475586,0.00025963783264160156,131.65826416015625,416.241943359375,416.241943359375,60,611.9953100569546,0.05632000043988228,279c3432c428fdcf83ca8128a59a18be32e37e9a570bf37b4eb33ff9537ccbb4,True
835,14,49,165,recent_k8,2.1218318939208984,7.478575229644775,7.478575229644775,2.1218318939208984,0.00023758411407470703,127.30990600585938,448.7144775390625,448.7144775390625,60,611.4817126654088,0.055296000093221664,233a4175facf328aed5f4b12504b87b6b95781b742c92a39afae308041330e4a,True
836,14,49,180,recent_k8,3.751246213912964,25.776540756225586,25.776540756225586,3.751246213912964,0.00104522705078125,225.07476806640625,1546.5924072265625,1546.5924072265625,60,610.9377681277692,0.0655359998345375,6606b1c4823b0026d2f57ef8f1463123a958f46b39020d955fc22b6b5fe0d62c,True
837,14,49,195,recent_k8,8.265937805175781,111.15043640136719,111.15043640136719,8.265937805175781,0.00754547119140625,495.95623779296875,6669.02587890625,6669.02587890625,60,612.2401771135628,0.05632000043988228,cc2922a9f67708276fd8912a071a8ffabba4d17c0802ff5c8d554abb0fb6b372,True
838,14,49,210,recent_k8,14.25426959991455,246.83975219726562,246.83975219726562,14.25426959991455,0.0193328857421875,855.256103515625,14810.384765625,14810.384765625,60,611.2875547260046,0.055296000093221664,e200a7f7d9475eaeba803fe443676f6dd5680b6b974b71d4a8b36cd22bf418c7,True
839,14,49,225,recent_k8,4.577820301055908,23.933286666870117,23.933286666870117,4.577820301055908,0.0014238357543945312,274.669189453125,1435.9970703125,1435.9970703125,60,610.6095500290394,0.05632000043988228,ae2b6c584caf9ee455cc8d1c70bf2fc5b9ba8af32ac0db3c96d6033809b4b5fc,True
840,14,7,30,recent_k8,7.496918678283691,101.03511047363281,101.03511047363281,7.496918678283691,0.00324249267578125,449.8150939941406,6062.1064453125,6062.1064453125,60,610.4646022431552,0.05632000043988228,794266ffd03d279fd1af824bb014be4ffc42a11c54d6841d36298176a0de7590,True
841,14,7,45,recent_k8,6.976211071014404,109.12259674072266,109.12259674072266,6.976211071014404,0.003421783447265625,418.5726318359375,6547.35546875,6547.35546875,60,611.5600219927728,0.05734400078654289,a5e72a27297a19e10e1ac8332ed739e4d13d0e3be834ddf0b16bcd36c32f8f68,True
842,14,7,60,recent_k8,12.246515274047852,376.17303466796875,376.17303466796875,12.246515274047852,0.01465606689453125,734.7908935546875,22570.380859375,22570.380859375,60,611.2658646889031,0.055296000093221664,fac3d7e6ceca66c26907faa9a0ba8ec5d2f42a597907ee69ebf214a7c14622df,True
843,14,7,75,recent_k8,15.901406288146973,466.68505859375,466.68505859375,15.901406288146973,0.0194244384765625,954.0843505859375,28001.1015625,28001.1015625,60,611.1947959288955,0.05632000043988228,a227bf7be247d5ec9277079f2aec27c014fbf318da80f45ace8f86edf4534966,True
844,14,7,90,recent_k8,17.59830093383789,671.880615234375,671.880615234375,17.59830093383789,0.0237884521484375,1055.89794921875,40312.8359375,40312.8359375,60,611.3373250700533,0.055296000093221664,54e8081de50480df4357311b6284f86c4bcb2aa2019450c33dd31956d186c1e2,True
845,14,7,105,recent_k8,6.33047342300415,72.7429428100586,72.7429428100586,6.33047342300415,0.0024127960205078125,379.8283996582031,4364.576171875,4364.576171875,60,611.5953926928341,0.05632000043988228,24216bcb95b98d0250759611b01f79d41af09f12c28e9ae42c7396d3f06e9534,True
846,14,7,120,recent_k8,7.577426433563232,72.0024185180664,72.0024185180664,7.577426433563232,0.00254058837890625,454.64556884765625,4320.14501953125,4320.14501953125,60,611.5486728958786,0.055296000093221664,a8b0daaa115b2f365d32b05ecbc3f41721b0ee1b99740c40f496ac53b1ba44d6,True
847,14,7,135,recent_k8,3.7567455768585205,27.888376235961914,27.888376235961914,3.7567455768585205,0.0009150505065917969,225.40472412109375,1673.302490234375,1673.302490234375,60,612.600193824619,0.055296000093221664,33984f83716f4d573b962d50d3572c5865cbb3366a0071134656aef35a3e00bc,True
848,14,7,150,recent_k8,6.775232315063477,76.08097076416016,76.08097076416016,6.775232315063477,0.002716064453125,406.513916015625,4564.85791015625,4564.85791015625,60,610.0545655936003,0.05632000043988228,a9fa591e8e544f38702a009ae4c7fa65325803057f17daed9d69752219f3e83f,True
849,14,7,165,recent_k8,10.626090049743652,165.06143188476562,165.06143188476562,10.626090049743652,0.005664825439453125,637.5653686523438,9903.685546875,9903.685546875,60,611.4641837775707,0.05632000043988228,b1e7304d3db8ad5318a55c3246df8c7a760398e42f72894d57682bbc574ec95e,True
850,14,7,180,recent_k8,1.9649125337600708,4.809853553771973,4.809853553771973,1.9649125337600708,0.00031948089599609375,117.89474487304688,288.5911865234375,288.5911865234375,60,612.0069003663957,0.062463998794555664,9ff86f1637b3566a11ea143ba02c474952ef58e24572ad687eba938540976de7,True
851,14,7,195,recent_k8,10.757843971252441,266.0350646972656,266.0350646972656,10.757843971252441,0.01219940185546875,645.4705810546875,15962.103515625,15962.103515625,60,611.881020013243,0.05632000043988228,e6b0ee18ae7e9e2a8b6d34e82cbfd91675af048fc70e97b98f50b687c9ee6290,True
852,14,7,210,recent_k8,12.123085975646973,239.4984130859375,239.4984130859375,12.123085975646973,0.0102996826171875,727.3851318359375,14369.904296875,14369.904296875,60,612.3417960479856,0.05632000043988228,9cf4f4cc0f35042ffed92de74c65fd199965b69c792913b304b530294eb5872f,True
853,14,7,225,recent_k8,13.314037322998047,301.3949279785156,301.3949279785156,13.314037322998047,0.00975799560546875,798.8422241210938,18083.6953125,18083.6953125,60,611.5452731028199,0.058368001133203506,f8e2e93a005039fedb7e1abb902d6ae13efe01119a5877ade0366a0e108619ae,True
854,14,47,30,recent_k8,5.097867488861084,36.81172180175781,36.81172180175781,5.097867488861084,0.0021533966064453125,305.8720397949219,2208.703125,2208.703125,60,611.8311607278883,0.055296000093221664,a13075cb91ac61dc18231fa24058b3d9e2b318e1a09ec36eb6174aaa62136123,True
855,14,47,45,recent_k8,5.251811981201172,34.05624771118164,34.05624771118164,5.251811981201172,0.002361297607421875,315.10870361328125,2043.374755859375,2043.374755859375,60,611.6055021993816,0.05632000043988228,fed16653cd069d72a5e3adb6fb72c82da834e976042e456f918f335f0b9c3a6c,True
856,14,47,60,recent_k8,5.359238147735596,36.337554931640625,36.337554931640625,5.359238147735596,0.002559661865234375,321.55426025390625,2180.253173828125,2180.253173828125,60,619.1421397961676,0.055296000093221664,717af055aeb186173392dd6f1ee6bac1d9c417e5427b413f6ccae5e37ba56f48,True
857,14,47,75,recent_k8,5.496922016143799,38.16417694091797,38.16417694091797,5.496922016143799,0.0026569366455078125,329.8153076171875,2289.8505859375,2289.8505859375,60,611.5548829548061,0.0655359998345375,660d559bbec16374d57664e675b5aea1cc86c6e9bd815fce4ac568eaa3214544,True
858,14,47,90,recent_k8,5.5416059494018555,37.54899978637695,37.54899978637695,5.5416059494018555,0.00244903564453125,332.496337890625,2252.93994140625,2252.93994140625,60,611.7976410314441,0.06451199948787689,baa68d8487bfe7f93dadc159ffd047bfb355b42e2ef7a7e2aaad0173c7af8988,True
859,14,47,105,recent_k8,5.378298759460449,35.8123893737793,35.8123893737793,5.378298759460449,0.0024585723876953125,322.6979064941406,2148.7431640625,2148.7431640625,60,611.0444380901754,0.05632000043988228,4212b410fb292b022df72647bfcc274f441120a58e35977ede960d1089fd990c,True
860,14,47,120,recent_k8,5.4673752784729,37.311038970947266,37.311038970947266,5.4673752784729,0.0024547576904296875,328.0425109863281,2238.662109375,2238.662109375,60,612.0431893505156,0.05632000043988228,61b5229299d40fc2c811282c4fce013f609d6663ec6f13163d41d478b07b6bfd,True
861,14,47,135,recent_k8,5.480675220489502,37.74308776855469,37.74308776855469,5.480675220489502,0.0024871826171875,328.8404846191406,2264.585205078125,2264.585205078125,60,611.3372449763119,0.06758400052785873,2b49bfe878bf8135e82ce935a19e5e1bda402dafbe3e50666bc75e5ada1c5cb4,True
862,14,47,150,recent_k8,5.454637050628662,36.632469177246094,36.632469177246094,5.454637050628662,0.0024089813232421875,327.2781982421875,2197.947998046875,2197.947998046875,60,612.4167051166296,0.05632000043988228,827f7354b833c32bec07c33b1ff403ee58305838af7fb329cd7dade75eea91bc,True
863,14,47,165,recent_k8,8.813383102416992,146.4972381591797,146.4972381591797,8.813383102416992,0.01027679443359375,528.802978515625,8789.833984375,8789.833984375,60,615.8148190006614,0.05632000043988228,176abd31f63ef021ae3fe39ba32616f1c455d7f62275e79f9872f7cbff818ce2,True
864,14,47,180,recent_k8,8.910223960876465,128.06570434570312,128.06570434570312,8.910223960876465,0.0115203857421875,534.6134033203125,7683.94189453125,7683.94189453125,60,612.0017790235579,0.05734400078654289,fe7012ccfc981a7c53928dc8067a5a8584e5c814aff2232b8ed73807b77a5a28,True
865,14,47,195,recent_k8,11.306798934936523,191.28269958496094,191.28269958496094,11.306798934936523,0.0096588134765625,678.4078979492188,11476.9609375,11476.9609375,60,611.9101601652801,0.05734400078654289,c6dbe488cafd509d91361d25e6069b603803f96312c05a899415c744ab612c7d,True
866,14,47,210,recent_k8,16.86031150817871,344.1234436035156,344.1234436035156,16.86031150817871,0.0257568359375,1011.6185913085938,20647.40625,20647.40625,60,611.7558516561985,0.05632000043988228,eee0dbe201f8023ac7766306611a2f31f64d3c4aa0a5ffe479c9130594c09506,True
867,14,47,225,recent_k8,5.718193054199219,44.58486557006836,44.58486557006836,5.718193054199219,0.0021457672119140625,343.091552734375,2675.091796875,2675.091796875,60,611.9758989661932,0.05632000043988228,8c5817dc6dd9cfbc09f865fec4d4f17089a521f0f2cb9a723c5932b54a0b12a4,True
868,14,30,30,recent_k8,3.055199384689331,18.67055320739746,18.67055320739746,3.055199384689331,0.0006885528564453125,183.31195068359375,1120.233154296875,1120.233154296875,60,611.943659838289,0.055296000093221664,f03f28f5889e9287d7a6159a6056faf33b5b43caf1cb1c530f68fa9b87a1447f,True
869,14,30,45,recent_k8,9.182679176330566,153.7708740234375,153.7708740234375,9.182679176330566,0.005672454833984375,550.960693359375,9226.251953125,9226.251953125,60,612.1585182845592,0.056352000683546066,c028b2e174230f42839ca0655274215118dd7c6e5e620e98e9d2e0a23ad640a9,True
870,14,30,60,recent_k8,13.276152610778809,229.0282745361328,229.0282745361328,13.276152610778809,0.0088653564453125,796.569091796875,13741.6953125,13741.6953125,60,612.1029579080641,0.055296000093221664,cdfb577f90cf1144f926d6109a1627cf1ea70a85de67e207e4f991ff66ed61ce,True
871,14,30,75,recent_k8,3.8148980140686035,27.611082077026367,27.611082077026367,3.8148980140686035,0.0009617805480957031,228.8938751220703,1656.664794921875,1656.664794921875,60,611.3642738200724,0.05734400078654289,a275e915ee65475de1a1305b2d79aeb1137156747a1b5c5971499710074138fd,True
872,14,30,90,recent_k8,3.651395797729492,28.515350341796875,28.515350341796875,3.651395797729492,0.0009889602661132812,219.083740234375,1710.9208984375,1710.9208984375,60,610.8244089409709,0.055296000093221664,dc91121357026ab3c5e113c9f50cafbda27b091f1334f97af1d0fb5ff0371be6,True
873,14,30,105,recent_k8,2.252819061279297,7.380314826965332,7.380314826965332,2.252819061279297,0.00032019615173339844,135.1691436767578,442.8188781738281,442.8188781738281,60,611.5076141431928,0.05532800033688545,3e0ddbb99db57673026649cbed4ddc92bfc0b5e50ef6ea07958ce5ceee3242b2,True
874,14,30,120,recent_k8,1.7744253873825073,4.707250595092773,4.707250595092773,1.7744253873825073,0.00018393993377685547,106.46551513671875,282.4350280761719,282.4350280761719,60,611.24919494614,0.055296000093221664,a1ae689f28dd4b12eb2e1797ee43c39530008e6fc1a2acf9679b54c191e4007d,True
875,14,30,135,recent_k8,3.5119783878326416,31.7668399810791,31.7668399810791,3.5119783878326416,0.0009918212890625,210.71868896484375,1906.01025390625,1906.01025390625,60,611.2596546299756,0.055296000093221664,f43d6433ffffaff6452d5805f980e3f1f391e19f31ae425698fbfc6775380ae8,True
876,14,30,150,recent_k8,1.7376725673675537,8.40381145477295,8.40381145477295,1.7376725673675537,0.0002722740173339844,104.26034545898438,504.2286682128906,504.2286682128906,60,612.2038271278143,0.055296000093221664,b69f244c0c6250984f2583c1c978f25a3c0dd976a8486afac8a989f09a837174,True
877,14,30,165,recent_k8,1.584545612335205,4.92183780670166,4.92183780670166,1.584545612335205,0.00020241737365722656,95.0727310180664,295.31024169921875,295.31024169921875,60,611.4887539297342,0.05632000043988228,2560d49e2261ec3a99ad92b58664feae225200ed1d3deee06b1c41f72efefcbf,True
878,14,30,180,recent_k8,1.9376763105392456,4.7809553146362305,4.7809553146362305,1.9376763105392456,0.0002422332763671875,116.26057434082031,286.8572998046875,286.8572998046875,60,611.1770360730588,0.062431998550891876,752daaaf0df55a4401e1f09b7a880a0dff09b5fbfd05d567dab497090203ef31,True
879,14,30,195,recent_k8,2.5135467052459717,9.682268142700195,9.682268142700195,2.5135467052459717,0.00035381317138671875,150.8127899169922,580.93603515625,580.93603515625,60,613.3269090205431,0.055296000093221664,0a9aba9ea8f5320c0a77d48c4bee851933e98d0fef60a5ae4d48200ec5752ba0,True
880,14,30,210,recent_k8,1.6124159097671509,4.257599353790283,4.257599353790283,1.6124159097671509,0.00017940998077392578,96.74494934082031,255.45594787597656,255.45594787597656,60,608.4621879272163,0.055296000093221664,0ae21b17dd1cc4575f6263cc3db995c7f61152e08ce91bd2a90d1b616fad4359,True
881,14,30,225,recent_k8,3.4102730751037598,20.921871185302734,20.921871185302734,3.4102730751037598,0.0006957054138183594,204.6163787841797,1255.312255859375,1255.312255859375,60,625.0962018966675,0.05734400078654289,77d28bd470809ac7856f7aef0ac0034325d91b229762e299eeb498086130d046,True
882,18,83,30,recent_k8,21.735063552856445,890.9747924804688,890.9747924804688,21.735063552856445,0.0284576416015625,1304.103759765625,53458.484375,53458.484375,60,612.4585261568427,0.06348799914121628,7dcc97a47440cc380124a58c936da5a153bb98e9c650e2c2ba4153a1f3e30473,True
883,18,83,45,recent_k8,12.898716926574707,269.0115661621094,269.0115661621094,12.898716926574707,0.00959014892578125,773.9229736328125,16140.693359375,16140.693359375,60,611.6298818960786,0.05632000043988228,8203a66703507d387673a7b4d31d93e9419900753e51348b741de8b00f1817cf,True
884,18,83,60,recent_k8,19.464759826660156,757.3138427734375,757.3138427734375,19.464759826660156,0.02532958984375,1167.885498046875,45438.828125,45438.828125,60,611.078486777842,0.05632000043988228,9ad50c7f38de194a4e1a39d6ec0bfa267b67bb0f45ddbb42e5485160e184836e,True
885,18,83,75,recent_k8,16.294395446777344,582.5537109375,582.5537109375,16.294395446777344,0.0181732177734375,977.6636352539062,34953.22265625,34953.22265625,60,611.5828729234636,0.0655359998345375,e6a1bf083c70de5379edd50590d429044042666134bec050ff93776f05741bdf,True
886,18,83,90,recent_k8,6.590741157531738,93.50746154785156,93.50746154785156,6.590741157531738,0.0032863616943359375,395.4444580078125,5610.447265625,5610.447265625,60,611.4310240373015,0.05632000043988228,6690b679fe874255a0e8af889edc27971aa28ac7380ce8bc3b90d425fd8dad9d,True
887,18,83,105,recent_k8,9.209285736083984,120.13414764404297,120.13414764404297,9.209285736083984,0.005611419677734375,552.55712890625,7208.04833984375,7208.04833984375,60,622.2657063044608,0.05632000043988228,4e04605e6212e60330a07220d6873c7583522dcf0b7d8b9eea1f56d3f3c2c8a5,True
888,18,83,120,recent_k8,28.901182174682617,8345.32421875,2544.131591796875,28.901182174682617,0.26416015625,1734.07080078125,500719.4375,152647.890625,60,611.1880457028747,0.06656000018119812,aedcded9ec91d1bd7903c3a7830a0607f0cf7ae6e40872768e5ba935d70e8a34,True
889,18,83,135,recent_k8,32.255828857421875,3513.7138671875,3337.7802734375,32.255828857421875,0.11236572265625,1935.3497314453125,210822.828125,200266.8125,60,612.3402058146894,0.05939200147986412,725e0b3974de79ba614c137fdf8657bcf92d7d0700ebbffb1869397da723e44b,True
890,18,83,150,recent_k8,28.172853469848633,1397.0052490234375,1397.0052490234375,28.172853469848633,0.045623779296875,1690.37109375,83820.3125,83820.3125,60,617.3950950615108,0.05632000043988228,641749b98e80bc42b8de536d07fc3405753b4e5ffd97cacc2b0c7559209725d3,True
891,18,83,165,recent_k8,11.496638298034668,251.04647827148438,251.04647827148438,11.496638298034668,0.0087127685546875,689.7982788085938,15062.7880859375,15062.7880859375,60,615.0929136201739,0.07782399654388428,3a44405eb15fdb7d49c1a291979e0dfd6f16ae0070419678c4a88946eea34c5c,True
892,18,83,180,recent_k8,6.842690467834473,101.6761703491211,101.6761703491211,6.842690467834473,0.0031757354736328125,410.5614013671875,6100.56982421875,6100.56982421875,60,614.5191988907754,0.05734400078654289,ad7b0c0f4d18e8e19b5e3f88afdc6fe7a07aea63eb95b51482309c47885c1460,True
893,18,83,195,recent_k8,14.166433334350586,373.2279357910156,373.2279357910156,14.166433334350586,0.01253509521484375,849.9859619140625,22393.67578125,22393.67578125,60,620.7171869464219,0.058368001133203506,f0d76c5e1559191feebd391a4a3bfa44e843de006729ebd489fb07a9f6c0dd44,True
894,18,15,30,recent_k8,8.625286102294922,156.25587463378906,156.25587463378906,8.625286102294922,0.004974365234375,517.5171508789062,9375.3515625,9375.3515625,60,614.2852599732578,0.06656000018119812,52b4958effb935aa3e59f2130f39b7510c03f740617563bffcf55e3cb5cd7cc9,True
895,18,15,45,recent_k8,7.680083751678467,131.06964111328125,131.06964111328125,7.680083751678467,0.004314422607421875,460.80499267578125,7864.177734375,7864.177734375,60,613.6554558761418,0.05939200147986412,0fb147db96cba29b651426fd0f01cde2c5588e016965a667bff4b24ffab08185,True
896,18,15,60,recent_k8,10.54952335357666,311.33416748046875,311.33416748046875,10.54952335357666,0.0098876953125,632.9713745117188,18680.048828125,18680.048828125,60,612.6616653054953,0.05632000043988228,c7257332ed40a569ed108669aed121a00d65a66bac1f831f94272187b7845fcf,True
897,18,15,75,recent_k8,8.624335289001465,155.66615295410156,155.66615295410156,8.624335289001465,0.0050201416015625,517.4600830078125,9339.96875,9339.96875,60,613.6120459996164,0.058368001133203506,3d1688c233509a11056783f7baf185e5711c73c08b62b825a55c2ebc9862c477,True
898,18,15,90,recent_k8,4.067314147949219,24.812814712524414,24.812814712524414,4.067314147949219,0.0008063316345214844,244.03884887695312,1488.768798828125,1488.768798828125,60,611.9101499207318,0.06451199948787689,e6790965cb433a1aaa4e3e34a06efa09f9c0ae56a191e67c8f17ee2fdb85962b,True
899,18,15,105,recent_k8,3.3982348442077637,21.099361419677734,21.099361419677734,3.3982348442077637,0.0007963180541992188,203.89407348632812,1265.961669921875,1265.961669921875,60,613.4449769742787,0.05939200147986412,7d9aa32ec5708e621f56fc9f29ac128b95aa0b8dd9dc9547c6a1a7d55fd4596b,True
900,18,15,120,recent_k8,5.908455848693848,66.29460906982422,66.29460906982422,5.908455848693848,0.0026378631591796875,354.50732421875,3977.67626953125,3977.67626953125,60,612.3472061008215,0.06143999844789505,f0eeacf6d2ac0474074b4d599ea9260cf707268e0dd13556526c552fca3499f5,True
901,18,15,135,recent_k8,6.71053409576416,62.26211929321289,62.26211929321289,6.71053409576416,0.003894805908203125,402.63201904296875,3735.72705078125,3735.72705078125,60,611.9240601547062,0.05734400078654289,12015bc2f80a11e942cef621c8d71b11d907c48e09b6f15e8f8f098de3df7e44,True
902,18,15,150,recent_k8,3.6786038875579834,26.122905731201172,26.122905731201172,3.6786038875579834,0.0009207725524902344,220.71621704101562,1567.374267578125,1567.374267578125,60,609.4739898107946,0.05632000043988228,07146d9dd99b62f6c2681c8477932c899ebfe3e1956f4d4c866de1b2af15184b,True
903,18,15,165,recent_k8,6.291903018951416,63.25221252441406,63.25221252441406,6.291903018951416,0.0019931793212890625,377.51416015625,3795.132568359375,3795.132568359375,60,612.5230151228607,0.05939200147986412,d32ab430ffbb6fbef54e2b31ccdc601f8e64a0376fe748f56f21a490b8b41754,True
904,18,3,30,recent_k8,20.07497215270996,715.2738647460938,715.2738647460938,20.07497215270996,0.0302276611328125,1204.498291015625,42916.4296875,42916.4296875,60,611.2695951014757,0.05632000043988228,ca6834efeda002a464f2f24beeeae223f899e932d5b5ec356b7578215f556aac,True
905,18,3,45,recent_k8,53.286319732666016,5575.36328125,5575.36328125,53.286319732666016,0.1827392578125,3197.178955078125,334521.78125,334521.78125,60,610.887598246336,0.05632000043988228,113ddd23d211748e5f93f7fa09ac201eac99de3ca2caa48a5b83a3d4069322c9,True
906,18,3,60,recent_k8,38.01310729980469,5293.5166015625,4063.109619140625,38.01310729980469,0.1690673828125,2280.786376953125,317610.96875,243786.5625,60,611.7547210305929,0.055296000093221664,125cbace3e1d8470f3a44f8fd5cd9d07b74bac9fbf9641ad2308a3102b51e490,True
907,18,3,75,recent_k8,59.59731674194336,11132.515625,6859.01171875,59.59731674194336,0.35009765625,3575.8388671875,667950.875,411540.6875,60,612.4961460009217,0.05632000043988228,af2ac9b59df35dd210b43446f1d5a87f0facda513190d328b6ee5a972ed958fa,True
908,18,3,90,recent_k8,59.962276458740234,15103.083984375,6713.4384765625,59.962276458740234,0.484130859375,3597.736328125,906185.0,402806.28125,60,602.8045141138136,0.05632000043988228,12556826d5e3a9fc67893b20a736986da1b81329e3eb8c58b2e066bbe5dec188,True
909,18,3,105,recent_k8,18.780420303344727,604.5067138671875,604.5067138671875,18.780420303344727,0.03240966796875,1126.8251953125,36270.40234375,36270.40234375,60,606.3937852159142,0.055296000093221664,48f5cf6dec781b0f80a970abbbbb1605660ee97ee9f66adbb551d5084fd01aa5,True
910,18,3,120,recent_k8,37.00420379638672,1666.6136474609375,1666.6136474609375,37.00420379638672,0.07867431640625,2220.252197265625,99996.8125,99996.8125,60,606.5221540629864,0.06454399973154068,4dc4dbb3033a173c0b98dbdd2d31e9eaed9e169b6d8a1c4acb4a24c478b19587,True
911,18,3,135,recent_k8,15.610541343688965,449.4086608886719,449.4086608886719,15.610541343688965,0.01512908935546875,936.6324462890625,26964.517578125,26964.517578125,60,606.7270832136273,0.055296000093221664,b02b1d5609becdb61be3d0fab8010cfae6e52c20022502cd2e1ad24d9e846669,True
912,18,3,150,recent_k8,7.209221839904785,63.90662384033203,63.90662384033203,7.209221839904785,0.0026149749755859375,432.55328369140625,3834.397216796875,3834.397216796875,60,606.3336259685457,0.055296000093221664,342239e1614cb280a2761fce44e719c834be9de455aa885e891389ae65d6c4b9,True
913,18,3,165,recent_k8,6.709632873535156,111.57498931884766,111.57498931884766,6.709632873535156,0.004467010498046875,402.57794189453125,6694.4990234375,6694.4990234375,60,607.470165938139,0.058368001133203506,c5af589c8445d2cc16644ecf1d84e749d44dbf7faac4d88ac7418c44b7b4e122,True
914,18,35,30,recent_k8,17.65594482421875,691.5113525390625,691.5113525390625,17.65594482421875,0.0216827392578125,1059.356689453125,41490.6796875,41490.6796875,60,605.912369210273,0.055296000093221664,8059aa028bc38c90810b72b8b7eafe625d42f19968c8349719bd40f4195be1a7,True
915,18,35,45,recent_k8,21.239450454711914,858.4766235351562,858.4766235351562,21.239450454711914,0.027374267578125,1274.366943359375,51508.59375,51508.59375,60,611.2204557284713,0.060416001826524734,518447af7fa411bf92d9a9553263b39d624e17bb9604c6fe2a3695bedda38261,True
916,18,35,60,recent_k8,8.442699432373047,92.43938446044922,92.43938446044922,8.442699432373047,0.004337310791015625,506.56195068359375,5546.36279296875,5546.36279296875,60,612.2928070835769,0.05734400078654289,c3dffe7f50b9126c8be61b5d5ef370a930001629b2a8a8aea02866e5bfd56e9a,True
917,18,35,75,recent_k8,5.194070816040039,34.62309646606445,34.62309646606445,5.194070816040039,0.002094268798828125,311.64422607421875,2077.3857421875,2077.3857421875,60,611.690791323781,0.05632000043988228,77c5120111f6218a59f9668c8f483aa0e2c7e63f0c723d7505ff42315ff59441,True
918,18,35,90,recent_k8,4.449010848999023,32.80808639526367,32.80808639526367,4.449010848999023,0.0010585784912109375,266.9406433105469,1968.485107421875,1968.485107421875,60,611.2994151189923,0.05632000043988228,d08398bae4f8ce86b07a24be9668239d6e45af01a19f61236273fa90b2fbf1c9,True
919,18,35,105,recent_k8,4.596693992614746,34.39292907714844,34.39292907714844,4.596693992614746,0.001194000244140625,275.8016357421875,2063.57568359375,2063.57568359375,60,611.0883262008429,0.05632000043988228,49a42a9faf7ac492786ae34e28b5b536f08c98869e2810d23a8c870d83e4b79c,True
920,18,35,120,recent_k8,8.049091339111328,273.21514892578125,273.21514892578125,8.049091339111328,0.0087738037109375,482.9454345703125,16392.908203125,16392.908203125,60,611.5411627106369,0.05632000043988228,ea1ef8e253f4421143a86d298dec977a853c5e84d10620661fc7ba3dd7df8058,True
921,18,35,135,recent_k8,28.043378829956055,1437.6553955078125,1437.6553955078125,28.043378829956055,0.04962158203125,1682.6026611328125,86259.3203125,86259.3203125,60,612.8512118011713,0.058368001133203506,0d024d68096b966501aee30f2c45b89d46292e2cc2b9edbec4381be849d3d94d,True
922,18,35,150,recent_k8,53.11027526855469,5231.962890625,5231.962890625,53.11027526855469,0.1741943359375,3186.616455078125,313917.75,313917.75,60,613.009330816567,0.05628800019621849,c5e38188768e1dc5644785ea266ab2ad74051fa0bd4f8a87f8e21f898b91a00a,True
923,18,35,165,recent_k8,50.659908294677734,4307.91162109375,4307.91162109375,50.659908294677734,0.140380859375,3039.59423828125,258474.671875,258474.671875,60,612.1417279355228,0.05734400078654289,cc6f70f615a2ca1532a6a511bda0d62092772dcd9b58831e3d636b8b37d4e452,True
924,18,35,180,recent_k8,6.33550500869751,66.03668975830078,66.03668975830078,6.33550500869751,0.002536773681640625,380.1302795410156,3962.201171875,3962.201171875,60,611.4202430471778,0.055296000093221664,c45725dc6f225121539a62fc9be669428565c645d1a79981aaa5bdda74ea6b83,True
925,18,35,195,recent_k8,3.6892428398132324,20.42332649230957,20.42332649230957,3.6892428398132324,0.0006618499755859375,221.35455322265625,1225.3995361328125,1225.3995361328125,60,610.8837178908288,0.05632000043988228,cfb9d47e07097ef1033cd880ab53abb34ae18960b940bb9932894089ce021bed,True
926,18,35,210,recent_k8,3.2850570678710938,25.37044334411621,25.37044334411621,3.2850570678710938,0.0009760856628417969,197.10340881347656,1522.2265625,1522.2265625,60,610.9890281222761,0.05632000043988228,e9aaab65f65fb99d67e6fe73136f1cbba41d85e83574aefb8b5813f1f6463028,True
927,18,35,225,recent_k8,17.626628875732422,849.0841674804688,849.0841674804688,17.626628875732422,0.0268707275390625,1057.59765625,50945.046875,50945.046875,60,611.6046020761132,0.05632000043988228,6ff715a78b69e1c7d743fe29717fcb518aec5ec311e74b077db0a36c8144988c,True
928,18,48,30,recent_k8,19.861927032470703,582.1591186523438,582.1591186523438,19.861927032470703,0.0218353271484375,1191.715576171875,34929.546875,34929.546875,60,610.6584998778999,0.05632000043988228,0f318a0be088b7fee68af90d9117ed3f25b1ff4c1ab3cf6f6f7f53dde3dd1111,True
929,18,48,45,recent_k8,48.5645637512207,4707.42333984375,4707.42333984375,48.5645637512207,0.1688232421875,2913.873779296875,282445.375,282445.375,60,611.3256351090968,0.05632000043988228,7b566de6ba79aadf1322f32425a7309f9ac864bd3a95d78f84244228e266365d,True
930,18,48,60,recent_k8,25.675098419189453,1127.6796875,1127.6796875,25.675098419189453,0.06561279296875,1540.505859375,67660.78125,67660.78125,60,611.1326171085238,0.05632000043988228,fea394dcf05ef0b6be1783c9f99b17f87bc31bdccc4ccf0e33062599f7fa129c,True
931,18,48,75,recent_k8,35.260658264160156,2600.84130859375,2600.84130859375,35.260658264160156,0.08343505859375,2115.639404296875,156050.46875,156050.46875,60,611.1728856340051,0.057312000542879105,fd03790f0254e6d67a7ff528790ff92b9a671c41fb3c437703932d26af3eaa89,True
932,18,48,90,recent_k8,9.69785213470459,157.26119995117188,157.26119995117188,9.69785213470459,0.0057525634765625,581.87109375,9435.671875,9435.671875,60,611.8691698648036,0.05632000043988228,cb6c67176eb729ec34af76ed14eebd9ec15c398797e2353c1997198608ce1fd0,True
933,18,48,105,recent_k8,7.757385730743408,63.958736419677734,63.958736419677734,7.757385730743408,0.003757476806640625,465.443115234375,3837.52392578125,3837.52392578125,60,611.7514208890498,0.05734400078654289,5026b37708e47114289847043e5adbe3854aaa01f049ec3838879cb7f4b6ce9b,True
934,18,48,120,recent_k8,5.35310173034668,61.60136413574219,61.60136413574219,5.35310173034668,0.0020618438720703125,321.18609619140625,3696.08154296875,3696.08154296875,60,610.9958882443607,0.05632000043988228,17078a3ec71656eb85558b647f561e95809ce5d8474e405f7d03c9ba93bd5486,True
935,18,48,135,recent_k8,6.422302722930908,98.0610580444336,98.0610580444336,6.422302722930908,0.003208160400390625,385.338134765625,5883.6630859375,5883.6630859375,60,611.2710349261761,0.056384000927209854,50839921ef4b917d3222487bc3684a7566c508c400f12d68c8c0963db1cd8550,True
936,18,48,150,recent_k8,4.625217914581299,31.87528419494629,31.87528419494629,4.625217914581299,0.0027675628662109375,277.5130615234375,1912.5169677734375,1912.5169677734375,60,610.9545277431607,0.055296000093221664,99473f2f3a97bb5daca450cbccc667fa874a64b3503b4f17b356bb668263d776,True
937,18,48,165,recent_k8,7.117329120635986,77.06291198730469,77.06291198730469,7.117329120635986,0.0029144287109375,427.03973388671875,4623.7744140625,4623.7744140625,60,611.5074930712581,0.05632000043988228,6df3c43acc4b3ec7dd11e795f165e6bb48a71ab20a4ed1ed6fb54c86e5275554,True
938,18,48,180,recent_k8,6.030519962310791,74.40199279785156,74.40199279785156,6.030519962310791,0.00350189208984375,361.8311767578125,4464.119140625,4464.119140625,60,610.533800907433,0.055296000093221664,96c23240cd2f8e0b8d548335bdc1789dea192d1d2a12729b37eb7048915c6122,True
939,18,48,195,recent_k8,8.257320404052734,103.33932495117188,103.33932495117188,8.257320404052734,0.0036373138427734375,495.4391784667969,6200.359375,6200.359375,60,611.9006001390517,0.05632000043988228,2aa874a3e12e95c0dd2015568eb870d11c9231231d368c9f356c2067318aed3d,True
940,18,48,210,recent_k8,3.9445414543151855,29.717845916748047,29.717845916748047,3.9445414543151855,0.0013074874877929688,236.67247009277344,1783.0706787109375,1783.0706787109375,60,611.2952148541808,0.05632000043988228,e91ed88f49c0e244646af8b16f9004ab5d27143be7ca2081211d6ffc8ca92328,True
941,18,48,225,recent_k8,9.862482070922852,203.64739990234375,203.64739990234375,9.862482070922852,0.007110595703125,591.7489013671875,12218.84375,12218.84375,60,612.1221780776978,0.055296000093221664,8ac7c1b5db9e522fe85a7c25b264f1e3292613c78e2b019c781380013d75dbb2,True
942,18,22,30,recent_k8,6.76202917098999,97.8060302734375,97.8060302734375,6.76202917098999,0.003414154052734375,405.72174072265625,5868.361328125,5868.361328125,60,611.4508742466569,0.055296000093221664,71b0e1669027388a45ad3f3b209a116b6cfe59f0290eca9c09407ff3bc2f45af,True
943,18,22,45,recent_k8,8.747748374938965,340.62396240234375,340.62396240234375,8.747748374938965,0.0106201171875,524.8648681640625,20437.4375,20437.4375,60,610.557280946523,0.05734400078654289,b9b4ea583b01656e37e88486cac8e5e69665b556113c3e9f73a5cd4d3eadb032,True
944,18,22,60,recent_k8,12.70738410949707,419.86016845703125,419.86016845703125,12.70738410949707,0.01338958740234375,762.4429931640625,25191.609375,25191.609375,60,609.8348270170391,0.05632000043988228,37e63a77d54c701a9e2304c6a558c99d0bc372d55e40f693b6fc446d463fe695,True
945,18,22,75,recent_k8,12.034774780273438,266.1507568359375,266.1507568359375,12.034774780273438,0.00830078125,722.08642578125,15969.0439453125,15969.0439453125,60,610.2107036858797,0.05632000043988228,7da5aa0a04da3f33df9f8550cd7f5a359285275d7b1cd48f48864df4ea47fe3d,True
946,18,22,90,recent_k8,2.8736534118652344,11.981988906860352,11.981988906860352,2.8736534118652344,0.0005006790161132812,172.419189453125,718.9193115234375,718.9193115234375,60,610.3401728905737,0.05632000043988228,c15959edecad650ecdca7624246bc148dee87c7b4b7347777a572923ddedfa70,True
947,18,22,105,recent_k8,2.60284423828125,10.335822105407715,10.335822105407715,2.60284423828125,0.000377655029296875,156.17063903808594,620.1492919921875,620.1492919921875,60,610.751308966428,0.05632000043988228,f74baac306d71e860fccddb2cd8fa3593b65dc9972917fdceebf73c3ea3dd71b,True
948,18,22,120,recent_k8,2.509695053100586,9.881905555725098,9.881905555725098,2.509695053100586,0.00036025047302246094,150.58169555664062,592.914306640625,592.914306640625,60,609.7603873349726,0.05632000043988228,533d4fe6bba4a276da285f39d17c495ed743dc50e9761ec18fd6b35c8b9213b7,True
949,18,22,135,recent_k8,1.4982280731201172,5.282001495361328,5.282001495361328,1.4982280731201172,0.00019419193267822266,89.8936767578125,316.9200744628906,316.9200744628906,60,610.3129130788147,0.05632000043988228,6d61577465c1c3eb95584f8fd927ea8e5f1b0ae7c04716e291d96396e74056af,True
950,18,22,150,recent_k8,3.529634952545166,36.53179168701172,36.53179168701172,3.529634952545166,0.00116729736328125,211.77809143066406,2191.907470703125,2191.907470703125,60,611.8695712648332,0.06348799914121628,b53b0c5adb1089f4e0300dcb854c4f8dc9f65fec598958fd3cb8530d84cb9620,True
951,18,22,165,recent_k8,3.568441390991211,19.25067901611328,19.25067901611328,3.568441390991211,0.0006723403930664062,214.10647583007812,1155.0406494140625,1155.0406494140625,60,610.6647201813757,0.05939200147986412,daae26ee3fc33ec35fd070c8bbe16e3a444f758486cabbbac1767e3273a77fdc,True
952,18,55,30,recent_k8,9.493764877319336,383.0851745605469,383.0851745605469,9.493764877319336,0.012420654296875,569.6258544921875,22985.109375,22985.109375,60,611.9194100610912,0.055296000093221664,64516fe77d52c420e0d643555803972b85362f7d4245a57b2d95488e02a5d3b6,True
953,18,55,45,recent_k8,28.665910720825195,2177.72021484375,2177.72021484375,28.665910720825195,0.06793212890625,1719.95458984375,130663.203125,130663.203125,60,611.2623950466514,0.05632000043988228,fed98fa10326b9b3dd4be47793cd4e391558a21f87bcc648cd14a28ca2a0ebd5,True
954,18,55,60,recent_k8,37.8512077331543,2993.100830078125,2993.100830078125,37.8512077331543,0.09283447265625,2271.072265625,179586.046875,179586.046875,60,610.7380101457238,0.05632000043988228,bfc0591a75a5bd4f4f0ad815e748526d01e879c147698b02d753815e135aa369,True
955,18,55,75,recent_k8,3.0127029418945312,17.14726448059082,17.14726448059082,3.0127029418945312,0.0005965232849121094,180.7621612548828,1028.8358154296875,1028.8358154296875,60,610.2736331522465,0.05632000043988228,f31f16c2c1d64758e5acd69d61765073c6cccae0048a7300628646e3797ab8ad,True
956,18,55,90,recent_k8,13.245917320251465,278.0639343261719,278.0639343261719,13.245917320251465,0.01461029052734375,794.7550048828125,16683.8359375,16683.8359375,60,609.8039769567549,0.05632000043988228,1a8256c5010a795b90d0c5fecd7cfeffc359a769b5accfb89cf3b312519c897d,True
957,18,55,105,recent_k8,21.23257827758789,606.6439208984375,606.6439208984375,21.23257827758789,0.02734375,1273.95458984375,36398.6328125,36398.6328125,60,610.5766813270748,0.055296000093221664,0703bb86afe22e993c0bccab11d64246b683b7785751623939b31b436e438f7c,True
958,18,55,120,recent_k8,12.709735870361328,289.68414306640625,289.68414306640625,12.709735870361328,0.01082611083984375,762.5841064453125,17381.046875,17381.046875,60,611.2931850366294,0.05632000043988228,01ded601ea74c0ffc0acbfa1270b5d47cc36a3e55c80b3a1f2ab2b5694deee34,True
959,18,55,135,recent_k8,9.57351303100586,108.59465026855469,108.59465026855469,9.57351303100586,0.00479888916015625,574.4107666015625,6515.6787109375,6515.6787109375,60,611.5889316424727,0.05632000043988228,5b2681252cf1aa3ab35cbbfad831ffe521b747435fed90e0eadeb98d3d7333a9,True
960,18,55,150,recent_k8,6.9291863441467285,70.06268310546875,70.06268310546875,6.9291863441467285,0.0025653839111328125,415.75115966796875,4203.7607421875,4203.7607421875,60,611.4085842855275,0.06348799914121628,dd92b3b4bd5343e738460894b727070b3177f519360f1caa2db6518873c3b509,True
961,18,55,165,recent_k8,3.757753610610962,31.725433349609375,31.725433349609375,3.757753610610962,0.0015974044799804688,225.4652099609375,1903.52587890625,1903.52587890625,60,610.8416393399239,0.05632000043988228,a1a29fa3d8389ea8af36faaf3c3d115fc73ee91df9890119b4bde0ac358a4f34,True
962,18,4,30,recent_k8,14.508788108825684,362.024658203125,362.024658203125,14.508788108825684,0.0160369873046875,870.5272216796875,21721.478515625,21721.478515625,60,610.3879730217159,0.05734400078654289,8734fedc50bd5bfda6fcfe9e5e9cd14f12b5b5b8b7f8e42d353de12929a6377d,True
963,18,4,45,recent_k8,7.4290876388549805,75.48587036132812,75.48587036132812,7.4290876388549805,0.003025054931640625,445.7452392578125,4529.15185546875,4529.15185546875,60,610.5049606412649,0.05632000043988228,28fe79b6e1406b5e6f731f96715c69cef84f0d92ac5208e6631a62ee2e912c01,True
964,18,4,60,recent_k8,1.5978343486785889,3.692282199859619,3.692282199859619,1.5978343486785889,0.0001329183578491211,95.87005615234375,221.53692626953125,221.53692626953125,60,610.2452841587365,0.06348799914121628,97267f6b44414965e382d7ba73d829ec3741ae575bab7ea6c8022cf336a3dbe2,True
965,18,4,75,recent_k8,1.4933216571807861,3.608304023742676,3.608304023742676,1.4933216571807861,0.00011980533599853516,89.59929656982422,216.49822998046875,216.49822998046875,60,610.4608718305826,0.055296000093221664,1a8b999d61c9070bbc268601898bb8f215f8585079d00006efaef07cb2592876,True
966,18,4,90,recent_k8,12.040790557861328,277.4084167480469,277.4084167480469,12.040790557861328,0.01128387451171875,722.4473876953125,16644.50390625,16644.50390625,60,610.4607521556318,0.05734400078654289,1b11a5ffecf8054729e1a72136e5c33b20c40943898e8f6636f8b4ba856f30de,True
967,18,4,105,recent_k8,4.829556465148926,37.44819641113281,37.44819641113281,4.829556465148926,0.00146484375,289.77337646484375,2246.8916015625,2246.8916015625,60,610.788858961314,0.05632000043988228,fab1be1229d672490614a23c3bc7cd95e5035c780528da5cf45baba7807341d7,True
968,18,4,120,recent_k8,3.321061134338379,14.94810962677002,14.94810962677002,3.321061134338379,0.0006265640258789062,199.26365661621094,896.8865356445312,896.8865356445312,60,610.1878443732858,0.055296000093221664,55724d8e8b551db916d9e6513efea8c37c6f9f525a7a3ec2685bf3f5680b4220,True
969,18,4,135,recent_k8,5.629378318786621,36.708560943603516,36.708560943603516,5.629378318786621,0.00275421142578125,337.7626953125,2202.513427734375,2202.513427734375,60,610.4034832678735,0.055296000093221664,562b62a17e30f1ea46bff4afba017a9acd3421ae111dd9c6c01934a9ea33dcea,True
970,18,4,150,recent_k8,3.339672803878784,20.475257873535156,20.475257873535156,3.339672803878784,0.0006656646728515625,200.38035583496094,1228.515380859375,1228.515380859375,60,610.1674940437078,0.055296000093221664,2b63e2f333832bd737855fd56564abceeddbfc660a6de7a6b45f6354093d322b,True
971,18,4,165,recent_k8,4.027645111083984,29.017078399658203,29.017078399658203,4.027645111083984,0.001033782958984375,241.65870666503906,1741.024658203125,1741.024658203125,60,610.7838191092014,0.05632000043988228,ad7936b5a8c350a91eeb68a49e5368fd9247b3d7070f52c32c7af1aa7c5aecd7,True
972,18,4,180,recent_k8,4.7151923179626465,30.46790885925293,30.46790885925293,4.7151923179626465,0.0011034011840820312,282.9115295410156,1828.074462890625,1828.074462890625,60,611.9163599796593,0.05632000043988228,a8b821d9010a040281cc2868620b5997745b3d1c0f6380429121b8950463404c,True
973,18,45,30,recent_k8,21.393205642700195,868.0159912109375,868.0159912109375,21.393205642700195,0.0272064208984375,1283.59228515625,52080.95703125,52080.95703125,60,611.9738300330937,0.05734400078654289,e1d0dd01470c68ba1cd801b6ee04ad93d6b8e69abe84b5f3a1c372c28891cc4a,True
974,18,45,45,recent_k8,10.721580505371094,355.79583740234375,355.79583740234375,10.721580505371094,0.01290130615234375,643.2947998046875,21347.75,21347.75,60,611.3951741717756,0.05632000043988228,1718654aec859ff5446b258b3087d8323bbd2f68a8ffc94a905ff1356203ad4a,True
975,18,45,60,recent_k8,27.10312843322754,1254.175048828125,1254.175048828125,27.10312843322754,0.04437255859375,1626.1876220703125,75250.5,75250.5,60,611.4172139205039,0.05632000043988228,68b001a7c1eadbcef3b4cf4363118463ca2c3a93db926ec444ca50f1b48ca02c,True
976,18,45,75,recent_k8,17.247093200683594,516.2557983398438,516.2557983398438,17.247093200683594,0.0169525146484375,1034.8255615234375,30975.345703125,30975.345703125,60,611.2902951426804,0.05526399984955788,9ae2783c2793dd5c40559c94546082eb93e2d68b28882cb2b1d6ba92d24d4b92,True
977,18,45,90,recent_k8,15.5707368850708,534.7382202148438,534.7382202148438,15.5707368850708,0.01702880859375,934.244140625,32084.29296875,32084.29296875,60,612.00189916417,0.05632000043988228,830e8ab6b83718950e3842a1f2f44a019d09261c04ad91affdb0300890fc8e7b,True
978,18,45,105,recent_k8,9.042236328125,202.92784118652344,202.92784118652344,9.042236328125,0.006519317626953125,542.5341796875,12175.669921875,12175.669921875,60,609.4830902293324,0.05632000043988228,ebd5d5d4a9485e8043a4c72592853f7150227eaee46f24a0de95b0e5e757e8b9,True
979,18,45,120,recent_k8,2.2018938064575195,7.299175262451172,7.299175262451172,2.2018938064575195,0.0003066062927246094,132.11361694335938,437.95050048828125,437.95050048828125,60,609.3117911368608,0.05939200147986412,11f87b989a01cfa7ec8e3465292c6ec2a966e7c7c2eeccbc75a68623399e4b23,True
980,18,45,135,recent_k8,3.046977996826172,10.849563598632812,10.849563598632812,3.046977996826172,0.0007166862487792969,182.81866455078125,650.9737548828125,650.9737548828125,60,608.9873341843486,0.056352000683546066,35eac853c43c34af40d5fed6dfdd423ca758a78dd5ff55b667facef308234b30,True
981,18,45,150,recent_k8,2.828512668609619,10.079837799072266,10.079837799072266,2.828512668609619,0.00042128562927246094,169.71075439453125,604.7902221679688,604.7902221679688,60,613.9745833352208,0.05632000043988228,6e28339fab00d2aa32e899f2339deaea8dd221dd99ed2f4a59cf819c399abcc8,True
982,18,45,165,recent_k8,4.501693248748779,46.424556732177734,46.424556732177734,4.501693248748779,0.0019321441650390625,270.1015930175781,2785.47314453125,2785.47314453125,60,612.2462968342006,0.05632000043988228,087811cb99efd524e34e7b1d0dee76261305e316f9bbadfeaa019a1108adb86c,True
983,18,60,30,recent_k8,5.869457244873047,54.36302185058594,54.36302185058594,5.869457244873047,0.0018777847290039062,352.16741943359375,3261.78125,3261.78125,60,612.2311679646373,0.05427199974656105,5cb3b8263938e8d7cd02b85a8cf946c2ab7ff38ad9f2e4aa06360a4ed1310312,True
984,18,60,45,recent_k8,0.9730985760688782,1.615976095199585,1.615976095199585,0.9730985760688782,0.00012922286987304688,58.38591003417969,96.95855712890625,96.95855712890625,60,612.5890538096428,0.05632000043988228,4471c3dce31d89a0fae12aa6f0d834109e9b978b989903fc94c75acc725cdfcf,True
985,18,60,60,recent_k8,2.112964630126953,6.274668216705322,6.274668216705322,2.112964630126953,0.00022554397583007812,126.77787780761719,376.4800720214844,376.4800720214844,60,612.1221077628434,0.05632000043988228,b3457870240e4fc964853ca87ef01f78f04ed69bf594ec63028185677af5a6b0,True
986,18,60,75,recent_k8,9.158693313598633,309.07525634765625,309.07525634765625,9.158693313598633,0.0106048583984375,549.5215454101562,18544.513671875,18544.513671875,60,611.9774696417153,0.05532800033688545,c2b1c06cf7f404e53e0da152c01637fb59f1b8cefbb69974590b057bcb89e4b6,True
987,18,60,90,recent_k8,14.10142707824707,477.8390808105469,477.8390808105469,14.10142707824707,0.01537322998046875,846.0855712890625,28670.34375,28670.34375,60,621.522590983659,0.05632000043988228,9d0aff07cf80ecbc930a022c7c16f38732deb4a49683e5bbd9056c492f9ee7c9,True
988,18,60,105,recent_k8,26.76495933532715,1925.2108154296875,1925.2108154296875,26.76495933532715,0.060394287109375,1605.8974609375,115512.640625,115512.640625,60,612.4366959556937,0.0655359998345375,758f720018883b5c6cd67987f804a982d9b7c75ec90b0e4c57ff6ba5397fbb6f,True
989,18,60,120,recent_k8,8.282174110412598,138.34117126464844,138.34117126464844,8.282174110412598,0.00531005859375,496.930419921875,8300.4697265625,8300.4697265625,60,613.4917768649757,0.05939200147986412,39b7233e617c8d7ea97b24a827eb6c3ab4b83eaff9d8571a58a07a68a5709558,True
990,18,60,135,recent_k8,3.370915412902832,14.56471061706543,14.56471061706543,3.370915412902832,0.0005369186401367188,202.25491333007812,873.882568359375,873.882568359375,60,613.7827238999307,0.06860800087451935,e6d4fbfb9286bce38439266c86dfe9a421ca34431699d684240a055a7d5b9fc6,True
991,18,60,150,recent_k8,1.4463855028152466,2.8620989322662354,2.8620989322662354,1.4463855028152466,0.00012242794036865234,86.78312683105469,171.72592163085938,171.72592163085938,60,613.5410270653665,0.05734400078654289,48056b99d9de456cffaec6d1ad49d1be69a37f8d46951ab7f66a6b0ab74a3c78,True
992,18,60,165,recent_k8,5.674776554107666,68.64486694335938,68.64486694335938,5.674776554107666,0.0023040771484375,340.486572265625,4118.69189453125,4118.69189453125,60,612.347305752337,0.062463998794555664,5d3f75b7d2feeeb07017fbf4c3a877cc9ec22664c79ace25f5cc2386708f39b0,True
993,18,26,30,recent_k8,22.87190818786621,1305.893310546875,1305.893310546875,22.87190818786621,0.044647216796875,1372.314453125,78353.59375,78353.59375,60,611.1798654310405,0.06348799914121628,b187b1086522ef3014c25a09eecaf8dd578fed2f3fba13ddc59e66b8fb6db6c5,True
994,18,26,45,recent_k8,43.431724548339844,4432.8359375,4432.8359375,43.431724548339844,0.145263671875,2605.9033203125,265970.15625,265970.15625,60,612.1249683201313,0.05734400078654289,95bab03a4c5a6ff7e120a9b838329bbf1b49547552988c14977f421a1033d65b,True
995,18,26,60,recent_k8,43.82924270629883,5110.98779296875,5090.41064453125,43.82924270629883,0.16357421875,2629.75439453125,306659.25,305424.625,60,616.1683141253889,0.05632000043988228,961841e8797452eadd95d069a0e87fa2a8cd22938dbe14bdab730c9b91781bbb,True
996,18,26,75,recent_k8,45.44240188598633,7496.05419921875,5210.05419921875,45.44240188598633,0.2337646484375,2726.5439453125,449763.21875,312603.25,60,611.9050900451839,0.0655359998345375,12ad596f3a0dee00d676e351898544dca36bfd77c378e7973f2033d12741f98e,True
997,18,26,90,recent_k8,7.083011150360107,91.21663665771484,91.21663665771484,7.083011150360107,0.003795623779296875,424.98065185546875,5472.998046875,5472.998046875,60,612.4027757905424,0.06860800087451935,59ee18ac50868a1793b9bded026bff901eccda4dc6b86071df1471c41b06ce7d,True
998,18,26,105,recent_k8,6.675495147705078,80.47372436523438,80.47372436523438,6.675495147705078,0.003997802734375,400.5296936035156,4828.42333984375,4828.42333984375,60,612.1982783079147,0.05632000043988228,3d22ee7a20656ca0c6c13b273f85b917c17abfeb5119959a57b00a36c856d952,True
999,18,26,120,recent_k8,15.793136596679688,479.5612487792969,479.5612487792969,15.793136596679688,0.0198211669921875,947.588134765625,28773.673828125,28773.673828125,60,611.9733690284193,0.058368001133203506,cf1dccedeac91d90cef9a5db53adf600c44f270045f967c981259b6ccb4ae6cc,True
1000,18,26,135,recent_k8,12.576284408569336,338.49322509765625,338.49322509765625,12.576284408569336,0.01203155517578125,754.5770263671875,20309.591796875,20309.591796875,60,613.18936990574,0.06656000018119812,60be3f736e03ada58167d4a3d6e8912c1f9ea92c4dd7177fd182e8e3b57bfdad,True
1001,18,26,150,recent_k8,22.523820877075195,813.1771240234375,813.1771240234375,22.523820877075195,0.032440185546875,1351.42919921875,48790.625,48790.625,60,616.132044699043,0.058368001133203506,4c32e61475db87b21f6070ed19fb39ede71dea5deceb7cacef2cf1f401287b22,True
1002,18,26,165,recent_k8,11.722084999084473,380.8996887207031,380.8996887207031,11.722084999084473,0.01434326171875,703.3250732421875,22853.98046875,22853.98046875,60,612.1861380524933,0.0655359998345375,3faea5e1b80d4365407700a61ff5597daa369efaf3b0d265c5ed2f27a8f483b8,True
1003,18,21,30,recent_k8,6.9264750480651855,162.99317932128906,162.99317932128906,6.9264750480651855,0.00510406494140625,415.5884704589844,9779.58984375,9779.58984375,60,612.7864331938326,0.05939200147986412,4fdc102cf388e070e4db6b8f8ea8283da93231f066cfd63718dac04f206088cd,True
1004,18,21,45,recent_k8,14.024038314819336,549.309814453125,549.309814453125,14.024038314819336,0.0179595947265625,841.4422607421875,32958.5859375,32958.5859375,60,611.9159697555006,0.05632000043988228,0e8b04e60f38c5851346340b9c3d8fd950932c99325d1edc1b7e3b74be73e36f,True
1005,18,21,60,recent_k8,11.238749504089355,234.738525390625,234.738525390625,11.238749504089355,0.00756072998046875,674.324951171875,14084.310546875,14084.310546875,60,613.6276260949671,0.05734400078654289,e15697c72d9c8a91c72ebe43cf3278cddfda807bcf87b54f0e71048798e93ed0,True
1006,18,21,75,recent_k8,7.647619724273682,96.68424987792969,96.68424987792969,7.647619724273682,0.0032196044921875,458.8571472167969,5801.0546875,5801.0546875,60,611.7620309814811,0.05427199974656105,a706ddd9adcbffb752152a60688d4892f7e8ec1a169cb36962b5655a5ebdf623,True
1007,18,21,90,recent_k8,20.97868537902832,862.4147338867188,862.4147338867188,20.97868537902832,0.028900146484375,1258.7210693359375,51744.8828125,51744.8828125,60,613.2075893692672,0.055296000093221664,31b5d87af8cdba135ddb0ff8bb713980e0642d8337c5c99aabc28f7a97ee8e77,True
1008,18,21,105,recent_k8,26.29305648803711,1525.315185546875,1525.315185546875,26.29305648803711,0.050140380859375,1577.583251953125,91518.90625,91518.90625,60,612.9333921708167,0.055296000093221664,19c9f3850b462a67948d836578239244187141ac04d1d98a3fa5e8e855ba227c,True
1009,18,21,120,recent_k8,3.1681554317474365,14.347319602966309,14.347319602966309,3.1681554317474365,0.000751495361328125,190.0893096923828,860.839111328125,860.839111328125,60,612.2721871361136,0.0655359998345375,3ba8df535b4db5fa68c8f701be9a4e54a88a132001b8590534c33080de6ece29,True
1010,18,21,135,recent_k8,3.0379600524902344,21.48335075378418,21.48335075378418,3.0379600524902344,0.0007572174072265625,182.277587890625,1289.0009765625,1289.0009765625,60,612.9303718917072,0.0655359998345375,7d8e28819558a9d5e2e06f21516c8b099b395647a0a6eebe23ac285ec7c60a53,True
1011,18,21,150,recent_k8,7.2324604988098145,132.78140258789062,132.78140258789062,7.2324604988098145,0.004581451416015625,433.9476013183594,7966.8837890625,7966.8837890625,60,611.5709119476378,0.055296000093221664,21f377c25b3c6e0efab5a6425df05adde51619d7d56af54e40cdcf41efa276d0,True
1012,18,21,165,recent_k8,8.428701400756836,109.56214904785156,109.56214904785156,8.428701400756836,0.003742218017578125,505.7220764160156,6573.728515625,6573.728515625,60,611.9655901566148,0.05430399999022484,bbe079a64cc24755360347e729b8a47c4f6f5ea988d10abd5d1279db82da8406,True
1013,18,44,30,recent_k8,14.246736526489258,337.7599792480469,337.7599792480469,14.246736526489258,0.01047515869140625,854.8041381835938,20265.59765625,20265.59765625,60,611.5225628018379,0.05632000043988228,63551ba3cfc74227893bb67e031abf59a1ecac20e4513c7da88c8dcca954c275,True
1014,18,44,45,recent_k8,3.893803596496582,20.567224502563477,20.567224502563477,3.893803596496582,0.0009813308715820312,233.62820434570312,1234.033447265625,1234.033447265625,60,611.7751211859286,0.05632000043988228,90bd79f1be9337ab4a05d12c915f7153971a53d5e8d0be4b8eff3e81c97ba90e,True
1015,18,44,60,recent_k8,2.3147406578063965,6.563547134399414,6.563547134399414,2.3147406578063965,0.0004086494445800781,138.88442993164062,393.81280517578125,393.81280517578125,60,611.8573299609125,0.05632000043988228,a587f58fcc07691c0cb86810014f0f7344a7a24f7424fffe74932cee0410ef86,True
1016,18,44,75,recent_k8,13.436746597290039,431.409912109375,431.409912109375,13.436746597290039,0.013885498046875,806.2047729492188,25884.59375,25884.59375,60,611.6778119467199,0.05939200147986412,42e61c0d30f1ed315c6038ea1174a07454eaab8ffe535ab8ae7f099dff8b9eb3,True
1017,18,44,90,recent_k8,14.661824226379395,534.442626953125,534.442626953125,14.661824226379395,0.0171051025390625,879.7094116210938,32066.5546875,32066.5546875,60,611.8047409690917,0.05734400078654289,55245849983f7303c2bc9c697e2f6cc0fe83ccfb0fe09bc4473c6054842056ea,True
1018,18,44,105,recent_k8,16.959064483642578,544.9274291992188,544.9274291992188,16.959064483642578,0.0184173583984375,1017.5437622070312,32695.642578125,32695.642578125,60,612.4004358425736,0.06451199948787689,078f34aaa2bb2460b9a995ed1d099fc7ebb54def0785fe84b7ff246ce55daddf,True
1019,18,44,120,recent_k8,11.579001426696777,226.97286987304688,226.97286987304688,11.579001426696777,0.007694244384765625,694.7400512695312,13618.37109375,13618.37109375,60,612.3289759270847,0.05734400078654289,28c2d640d2ab9c5576dea920e87f6eea20383ccfa0ea1feff6e849f3c33f5581,True
1020,18,44,135,recent_k8,8.523847579956055,85.30973815917969,85.30973815917969,8.523847579956055,0.0036029815673828125,511.43084716796875,5118.583984375,5118.583984375,60,612.0640290901065,0.055296000093221664,47c528909bbeb004d5819ff559b8e1923b3c1a2841b774fa00bd856c444d103a,True
1021,18,44,150,recent_k8,10.884391784667969,340.48858642578125,340.48858642578125,10.884391784667969,0.01104736328125,653.0634765625,20429.314453125,20429.314453125,60,611.9766188785434,0.05734400078654289,4fb51f93225579baae596a7fa033890d8ddc15105d6ab63b1476453c6c1127e8,True
1022,18,44,165,recent_k8,11.909001350402832,264.774658203125,264.774658203125,11.909001350402832,0.00847625732421875,714.5400390625,15886.4794921875,15886.4794921875,60,612.2275171801448,0.05632000043988228,3ee0e7ead65123df9e631dedab41e070c43e565d94755a74887057046210cb89,True
1023,18,44,180,recent_k8,4.688596248626709,28.45364761352539,28.45364761352539,4.688596248626709,0.0010356903076171875,281.3157653808594,1707.21875,1707.21875,60,612.1943877078593,0.055296000093221664,c73ce26ca333732701e7ceca9a26d1f3309887ba07e31f2428cb41d2baf34cb3,True
1024,18,44,195,recent_k8,6.169226169586182,83.75081634521484,83.75081634521484,6.169226169586182,0.00370025634765625,370.153564453125,5025.048828125,5025.048828125,60,612.0969275943935,0.05632000043988228,9f273c590e477a908e7a8ce746dcbb31eaa4beda56cf88ed25895f6b385c6ed7,True
1025,18,44,210,recent_k8,6.219152450561523,67.3246078491211,67.3246078491211,6.219152450561523,0.0023632049560546875,373.1491394042969,4039.47607421875,4039.47607421875,60,612.3779360204935,0.05632000043988228,8620385ebc9dd2ba525d02099c8884367c8f4c891bbc4c58fe55410b25446eaf,True
1026,18,44,225,recent_k8,8.89202880859375,108.70687103271484,108.70687103271484,8.89202880859375,0.00380706787109375,533.521728515625,6522.412109375,6522.412109375,60,613.2663981989026,0.05536000058054924,6e890c5dc6e87475ebee50376f8e90570acef0dbda1b1ee925880d13ad5d767e,True
1027,18,23,30,recent_k8,18.755481719970703,698.9993286132812,698.9993286132812,18.755481719970703,0.0224609375,1125.328857421875,41939.95703125,41939.95703125,60,613.6301560327411,0.055296000093221664,8a4019f53adc4eb2ed0c396f5ed1dff19d5c2569ddb5a1f24b8997d9ac13c379,True
1028,18,23,45,recent_k8,12.921590805053711,476.86468505859375,476.86468505859375,12.921590805053711,0.0147552490234375,775.29541015625,28611.87890625,28611.87890625,60,612.5107547268271,0.05632000043988228,e539728fe45d40ec0e954b845e62d5f86397b2648cad53f7779977c0a085832e,True
1029,18,23,60,recent_k8,14.217216491699219,406.80584716796875,406.80584716796875,14.217216491699219,0.01314544677734375,853.032958984375,24408.349609375,24408.349609375,60,613.1367697380483,0.05734400078654289,866c918a92576bc9a5d14c50020182de1b1e8300166bad8aebef0377b871da88,True
1030,18,23,75,recent_k8,29.0897274017334,1860.7425537109375,1860.7425537109375,29.0897274017334,0.05999755859375,1745.383544921875,111644.546875,111644.546875,60,611.9545698165894,0.055296000093221664,108428edb0975ca855bc74513dc7331c3f9aff456d44188b0f08056219309d68,True
1031,18,23,90,recent_k8,14.019824981689453,323.8713684082031,323.8713684082031,14.019824981689453,0.01325225830078125,841.189453125,19432.28125,19432.28125,60,611.7974109947681,0.05734400078654289,b59e83736301ee0b20c265f986de00abad33ee2a5861ef00c08dbf6e6e546546,True
1032,18,23,105,recent_k8,18.020809173583984,633.1885986328125,633.1885986328125,18.020809173583984,0.0305328369140625,1081.24853515625,37991.3125,37991.3125,60,611.726010683924,0.05632000043988228,f188838333040fac5f7c317940ae1fab974ad2520165988558455a49c000c18c,True
1033,18,23,120,recent_k8,13.073007583618164,267.57330322265625,267.57330322265625,13.073007583618164,0.015777587890625,784.3804321289062,16054.3974609375,16054.3974609375,60,611.7938808165491,0.05632000043988228,096c09d488adb532f4829fb4823143ede81e6e97be6cd0bd3a5e14cde993777c,True
1034,18,23,135,recent_k8,17.858442306518555,679.1572265625,679.1572265625,17.858442306518555,0.0296478271484375,1071.5064697265625,40749.4296875,40749.4296875,60,612.8743719309568,0.05734400078654289,a30432e866fb84ec4ba0c11dcfee0ad3ef7f70d4ac821acf0f56784372b47c69,True
1035,18,23,150,recent_k8,21.629045486450195,1034.0963134765625,1034.0963134765625,21.629045486450195,0.037689208984375,1297.74267578125,62045.77734375,62045.77734375,60,611.7356210015714,0.05939200147986412,d73de7d6bbec5d48b8194b71fc53d2604103cfce8f7ae6e1c2224267de2cdb51,True
1036,18,23,165,recent_k8,23.850603103637695,1111.31201171875,1111.31201171875,23.850603103637695,0.035369873046875,1431.0361328125,66678.71875,66678.71875,60,611.2303659319878,0.05632000043988228,f82ed08cc7000a594f31f2485bedd8285e5854783f3cd8b61c9317050760103e,True
1037,18,53,30,recent_k8,45.66991424560547,3798.905517578125,3798.905517578125,45.66991424560547,0.162353515625,2740.19482421875,227934.3125,227934.3125,60,611.5581830963492,0.05632000043988228,17b889cc88c4d56afa886b203c5568128d1839863b5519a2bb1ddd4e606fe807,True
1038,18,53,45,recent_k8,38.283870697021484,2680.6923828125,2680.6923828125,38.283870697021484,0.08929443359375,2297.0322265625,160841.53125,160841.53125,60,611.3603636622429,0.05632000043988228,c757bbae810fbeb3067ea94d9f2e5813c66df5d5eca8b16eddae2c6189cd353e,True
1039,18,53,60,recent_k8,43.44591522216797,5981.208984375,5096.73876953125,43.44591522216797,0.187744140625,2606.7548828125,358872.53125,305804.3125,60,611.5109832026064,0.05427199974656105,19d38660a5c1822f3ffb9c915f4a1b859cff4bf18fd3365f4067e93a10439337,True
1040,18,53,75,recent_k8,17.55327796936035,921.2388916015625,921.2388916015625,17.55327796936035,0.029754638671875,1053.1966552734375,55274.33203125,55274.33203125,60,612.5013050623238,0.055296000093221664,e51e8620f723de0cbb185178fae0fb9939211689b29d23acf7350aeb9a84bdae,True
1041,18,53,90,recent_k8,28.970069885253906,2396.51123046875,2396.51123046875,28.970069885253906,0.074462890625,1738.2041015625,143790.671875,143790.671875,60,611.6423923522234,0.055296000093221664,c09e7330ccd79ffbb9eef2e5edbb7938e7742e6c882b7d86e2b1f23d0346b78c,True
1042,18,53,105,recent_k8,8.860981941223145,182.97286987304688,182.97286987304688,8.860981941223145,0.00571441650390625,531.6588745117188,10978.3720703125,10978.3720703125,60,611.2402151338756,0.055296000093221664,1dd04b08d5a667b305cff5894262554b7fc5cf5060fb0c6c7f3ff3398ad980fc,True
1043,18,53,120,recent_k8,14.902639389038086,571.1799926757812,571.1799926757812,14.902639389038086,0.018463134765625,894.1583251953125,34270.796875,34270.796875,60,612.9179918207228,0.05632000043988228,afd19a69f0fc8dd99a6cb75359b2df891f1063ab8491cf17b435a350c05099de,True
1044,18,53,135,recent_k8,9.000238418579102,112.96395111083984,112.96395111083984,9.000238418579102,0.00395965576171875,540.0142822265625,6777.8369140625,6777.8369140625,60,612.1787182055414,0.055296000093221664,43a4794fa866447c86db226abdeea6d18568a1c7d0f069fa8d3c6995098a9009,True
1045,18,53,150,recent_k8,15.842132568359375,802.7659912109375,802.7659912109375,15.842132568359375,0.026336669921875,950.5278930664062,48165.95703125,48165.95703125,60,613.6002158746123,0.05632000043988228,8960c17f13f7d8ebfc908c243b67406f376c5fdcaa2aab143bb57a20051c03af,True
1046,18,53,165,recent_k8,27.67885971069336,1915.9576416015625,1915.9576416015625,27.67885971069336,0.0604248046875,1660.7314453125,114957.453125,114957.453125,60,611.9527099654078,0.055296000093221664,42aa3da49ea67cf45d7174929c78317c35f2cddb70324172418ff5c8b1d2c974,True
1047,18,84,30,recent_k8,46.69915771484375,3214.06103515625,3214.06103515625,46.69915771484375,0.1201171875,2801.94921875,192843.65625,192843.65625,60,613.9120729640126,0.05632000043988228,c2c4e5f0f12b178dc1bda7f5077bf8d711f37901a4f681029719d0bf094b8834,True
1048,18,84,45,recent_k8,38.86784744262695,3380.554931640625,3380.554931640625,38.86784744262695,0.12078857421875,2332.07080078125,202833.28125,202833.28125,60,612.2841769829392,0.055296000093221664,55bd3f923adb4bac59685462616482d7a2720ad1ac812c1e7ac6aec902452863,True
1049,18,84,60,recent_k8,21.712749481201172,809.6681518554688,809.6681518554688,21.712749481201172,0.030059814453125,1302.764892578125,48580.0859375,48580.0859375,60,612.0288092643023,0.05632000043988228,4f695b0b5e5bf693fd866069ab92d885e69d4fc208b236252f3fd6698061a31d,True
1050,18,84,75,recent_k8,23.851722717285156,766.3212890625,766.3212890625,23.851722717285156,0.024688720703125,1431.103271484375,45979.2734375,45979.2734375,60,613.1580700166523,0.07168000191450119,7ddf91b311885bbb47d0e77642c410888e79f39c402a2ee286e91a7ce4b51c51,True
1051,18,84,90,recent_k8,6.177004337310791,60.59145736694336,60.59145736694336,6.177004337310791,0.0019330978393554688,370.6202392578125,3635.4873046875,3635.4873046875,60,612.7815330401063,0.05734400078654289,4fc4354286d5839452639f0261ca396172ee17364f397e8703ed10ca1951fbcd,True
1052,18,84,105,recent_k8,7.595828056335449,111.31903839111328,111.31903839111328,7.595828056335449,0.00823211669921875,455.7496643066406,6679.14208984375,6679.14208984375,60,612.741373013705,0.05734400078654289,6f1f53722a068a020665e83e77ecaefe748f6ecc10218c13afbe17cfccce1599,True
1053,18,84,120,recent_k8,8.835101127624512,102.17671203613281,102.17671203613281,8.835101127624512,0.00458526611328125,530.1060180664062,6130.6025390625,6130.6025390625,60,615.8909676596522,0.0655359998345375,384dfdd5431bef3009f4b7a02fef3041ab80798d52d48d36bc7669c377a672a1,True
1054,18,84,135,recent_k8,3.6015870571136475,23.201337814331055,23.201337814331055,3.6015870571136475,0.0010118484497070312,216.09521484375,1392.0802001953125,1392.0802001953125,60,612.0039187371731,0.06143999844789505,54504d1133f2aeca81df045dc1452b6445591be4290f4cad3973795c7ffaecf0,True
1055,18,84,150,recent_k8,6.5563130378723145,56.803470611572266,56.803470611572266,6.5563130378723145,0.0025997161865234375,393.3787536621094,3408.2080078125,3408.2080078125,60,612.6352539286017,0.05734400078654289,553738ace0d03109f4d3846a222b5e42a462578d37774babd941e0d6113c0933,True
1056,18,84,165,recent_k8,7.218898296356201,59.308372497558594,59.308372497558594,7.218898296356201,0.002918243408203125,433.1338806152344,3558.502197265625,3558.502197265625,60,612.0040500536561,0.055296000093221664,0914ca3d5951910e4059ddaccef892da2bc7df26565fb7cac02a38d424dfac87,True
1057,18,59,30,recent_k8,21.80541229248047,881.0892333984375,881.0892333984375,21.80541229248047,0.033477783203125,1308.32470703125,52865.3515625,52865.3515625,60,614.3005699850619,0.05734400078654289,cb59b286ef6826371fc89cf58e6b25db932d5bdf876ab5127032e772f31d82d9,True
1058,18,59,45,recent_k8,7.445557594299316,117.96898651123047,117.96898651123047,7.445557594299316,0.004146575927734375,446.7334289550781,7078.138671875,7078.138671875,60,612.3133460059762,0.05734400078654289,070538802e3de57aa91bcebd31d90d47a7fe5e8449159164d6519fce8ba61227,True
1059,18,59,60,recent_k8,9.109188079833984,147.10182189941406,147.10182189941406,9.109188079833984,0.005321502685546875,546.55126953125,8826.1083984375,8826.1083984375,60,613.2101998664439,0.055296000093221664,0d104f2d95fb1eb91450651b3ea1c192c45ad6c0a3583d63b5e28b678d06e677,True
1060,18,59,75,recent_k8,11.377883911132812,225.40638732910156,225.40638732910156,11.377883911132812,0.0093994140625,682.6729736328125,13524.3828125,13524.3828125,60,613.3271977305412,0.055296000093221664,e82a6ba81b1b428f02f6fb88ce3f374c38504b4b91b96b8f8a35011bf5d927f9,True
1061,18,59,90,recent_k8,15.215035438537598,322.6087951660156,322.6087951660156,15.215035438537598,0.011962890625,912.902099609375,19356.52734375,19356.52734375,60,613.837833981961,0.05728000029921532,33fb6724e016eba10c7971c50457a00d77dd048367d87bce6306899c4e7d4ff5,True
1062,18,59,105,recent_k8,7.8666791915893555,122.52146911621094,122.52146911621094,7.8666791915893555,0.004100799560546875,472.000732421875,7351.28759765625,7351.28759765625,60,613.2812090218067,0.05734400078654289,2435e42690145c91de86c2ed6af7bce79254bc95dc869934156315fd3b55f501,True
1063,18,59,120,recent_k8,16.90940284729004,586.3529052734375,586.3529052734375,16.90940284729004,0.0193023681640625,1014.5640869140625,35181.171875,35181.171875,60,612.3472466133535,0.05734400078654289,37609f671278b7163945a59f1e98ffef76fb37e72fdc5da3b2259ef81f52256b,True
1064,18,59,135,recent_k8,2.078120708465576,7.813510417938232,7.813510417938232,2.078120708465576,0.0003495216369628906,124.68724060058594,468.81060791015625,468.81060791015625,60,612.0411991141737,0.055296000093221664,2be59b36f40b81dc704bd8874283fe0f1b7246d510d109109b48519b910f3a8c,True
1065,18,59,150,recent_k8,5.523111343383789,62.139320373535156,62.139320373535156,5.523111343383789,0.0021209716796875,331.38665771484375,3728.359130859375,3728.359130859375,60,612.068697810173,0.07168000191450119,d3e5e56a74574ab0b5fabcefd58ab80094f7545aff3ed52611a475a7d7c0b476,True
1066,18,59,165,recent_k8,7.0775580406188965,78.83600616455078,78.83600616455078,7.0775580406188965,0.0027866363525390625,424.6534729003906,4730.16015625,4730.16015625,60,612.7949231304228,0.05632000043988228,49a33944589795c85cf46bb5c1ce0ed63f8b49a1b2596369968722cc15274a67,True
1067,18,49,30,recent_k8,33.23707962036133,5042.4638671875,2131.36572265625,33.23707962036133,0.1815185546875,1994.224609375,302547.8125,127881.9375,60,615.4387407004833,0.055296000093221664,c61b9836c14440e02c7b0235247c4905f33491e4e90e09964be34842cfac7b52,True
1068,18,49,45,recent_k8,47.85700225830078,19896.23828125,4593.80322265625,47.85700225830078,0.62158203125,2871.419921875,1193774.25,275628.1875,60,612.1977469883859,0.05734400078654289,5f5b4355e6fb641badd831e87160083168c4287cf9d3033cd9a968e63f922d07,True
1069,18,49,60,recent_k8,10.9260892868042,162.18919372558594,162.18919372558594,10.9260892868042,0.0098724365234375,655.5653076171875,9731.3515625,9731.3515625,60,613.593905698508,0.055296000093221664,ea984488a60447e938fdadd1c1beae1a992e8e35af29499bf66b45b23de8b1ad,True
1070,18,49,75,recent_k8,11.971650123596191,288.9887390136719,288.9887390136719,11.971650123596191,0.01001739501953125,718.2989501953125,17339.32421875,17339.32421875,60,612.8251133486629,0.055296000093221664,3f9aa4f5e0e1b051643114f82e9a448a2987c2358d22e517761b89ae7eeb53f8,True
1071,18,49,90,recent_k8,15.937463760375977,362.90411376953125,362.90411376953125,15.937463760375977,0.016265869140625,956.247802734375,21774.24609375,21774.24609375,60,612.8247319720685,0.05632000043988228,2a222f88aa68cd6bf893e363d97b4823212b65ccc133bd11644e27e76c5ed0a4,True
1072,18,49,105,recent_k8,28.83856201171875,2286.18701171875,2286.18701171875,28.83856201171875,0.07086181640625,1730.3135986328125,137171.21875,137171.21875,60,612.6095741055906,0.055296000093221664,68775d782a8bb4fe7cf49c868d5efe5bc6acfd6a6b08f8b87c5299951d0abc32,True
1073,18,49,120,recent_k8,14.723134994506836,391.779541015625,391.779541015625,14.723134994506836,0.01214599609375,883.3880615234375,23506.771484375,23506.771484375,60,612.9688820801675,0.05632000043988228,e0984e28ffc966f6ff1539d6b1cc9e890be9c957c49022caf059582de4dd380d,True
1074,18,49,135,recent_k8,14.090096473693848,344.2251892089844,344.2251892089844,14.090096473693848,0.01068115234375,845.40576171875,20653.509765625,20653.509765625,60,616.3018839433789,0.058368001133203506,22d7beecc4d802546e67414a4fe2922609c84d096d0ba50479e1accf08d099da,True
1075,18,49,150,recent_k8,7.856668949127197,113.5562973022461,113.5562973022461,7.856668949127197,0.003612518310546875,471.4001159667969,6813.37744140625,6813.37744140625,60,614.9336653761566,0.07065600156784058,5c673a102eee044d3bb9f95678bd66ed76042c330bdee610e112974d8b277110,True
1076,18,49,165,recent_k8,8.369653701782227,98.97828674316406,98.97828674316406,8.369653701782227,0.006191253662109375,502.17919921875,5938.69677734375,5938.69677734375,60,611.5176738239825,0.0727040022611618,c35bbe0e4fc67772f14980a85c8ad7da38072dcfd35c0aba4e140eed752df56d,True
1077,18,49,180,recent_k8,16.77750015258789,379.67120361328125,379.67120361328125,16.77750015258789,0.0232696533203125,1006.64990234375,22780.271484375,22780.271484375,60,612.385496031493,0.05632000043988228,bc607f426609f90845ac40ec8f02319aa0546433dc5a9c5ab69422ce04b7e38c,True
1078,18,49,195,recent_k8,10.635148048400879,188.89988708496094,188.89988708496094,10.635148048400879,0.00841522216796875,638.1088256835938,11333.9921875,11333.9921875,60,612.5284847803414,0.055296000093221664,b067e8f557a017ed19422847a19a896d55932e54ebff473cbb64fbefd2794503,True
1079,18,49,210,recent_k8,6.697956562042236,114.91265106201172,114.91265106201172,6.697956562042236,0.0035552978515625,401.87738037109375,6894.7587890625,6894.7587890625,60,612.6222941093147,0.05632000043988228,80aef0e3f77eb2871ba31b7b713d846f621ef5a671827be59575b11d8b2cf04a,True
1080,18,7,30,recent_k8,41.50267791748047,3614.988525390625,3614.988525390625,41.50267791748047,0.118896484375,2490.16064453125,216899.296875,216899.296875,60,612.2947661206126,0.055296000093221664,cb6f3542759ee3356da9c11768e9c3c66bafa3cc400fc99f6fd3ca7ab9fd0a92,True
1081,18,7,45,recent_k8,5.037923336029053,48.3757209777832,48.3757209777832,5.037923336029053,0.0017108917236328125,302.275390625,2902.543212890625,2902.543212890625,60,615.8781978301704,0.055296000093221664,428d4a8238bdbea543633984bb3326436c5b24ab300aa898fcc3ac364f6fa00d,True
1082,18,7,60,recent_k8,3.5203566551208496,23.045900344848633,23.045900344848633,3.5203566551208496,0.0008778572082519531,211.2213897705078,1382.75390625,1382.75390625,60,622.6839609444141,0.05427199974656105,b479801b196fc37221e20b274a6ee25a06dacf3c6fb8acf1592a8c432f6fb620,True
1083,18,7,75,recent_k8,14.029208183288574,653.8140869140625,653.8140869140625,14.029208183288574,0.0227813720703125,841.75244140625,39228.84375,39228.84375,60,612.7976821735501,0.0655359998345375,b1d411f4e3506945d74cc513cd3734ae94b3b465e40b879c2f12f9ec7a089239,True
1084,18,7,90,recent_k8,33.75239181518555,1637.84326171875,1637.84326171875,33.75239181518555,0.06378173828125,2025.1434326171875,98270.59375,98270.59375,60,612.327947281301,0.058368001133203506,0d0e4ac87842fdbbf4049e407a4ec196f0afa528fe18aecbcafcadc0602fee8e,True
1085,18,7,105,recent_k8,28.4953670501709,1995.16748046875,1995.16748046875,28.4953670501709,0.06365966796875,1709.721923828125,119710.0390625,119710.0390625,60,612.819931935519,0.05632000043988228,a2f1e33950f88b050014b2fca1e6d018f69091f5f320d7b1c6952b6bbc6689cf,True
1086,18,7,120,recent_k8,29.87222671508789,1870.38671875,1870.38671875,29.87222671508789,0.060546875,1792.33349609375,112223.1953125,112223.1953125,60,612.7314539626241,0.05734400078654289,f426592dba4cf2b8cc4ca404cac097b9de3d5afe7738055d14b3506c4e577bce,True
1087,18,7,135,recent_k8,30.07803726196289,1414.620849609375,1414.620849609375,30.07803726196289,0.045928955078125,1804.68212890625,84877.25,84877.25,60,613.661945797503,0.06348799914121628,9f5cec8b585bcc11b1c9f806df7463f3cc0e6da6f597c735a88edab71ad8b398,True
1088,18,7,150,recent_k8,17.67713165283203,782.2108764648438,782.2108764648438,17.67713165283203,0.02777099609375,1060.6278076171875,46932.6484375,46932.6484375,60,613.2456390187144,0.062463998794555664,1e3c91a4f4bb471a6fdaf7860d589ea5948fe3476c092a8af263d688759a5987,True
1089,18,7,165,recent_k8,15.517577171325684,353.2621154785156,353.2621154785156,15.517577171325684,0.0157928466796875,931.0545654296875,21195.7265625,21195.7265625,60,612.6388139091432,0.05632000043988228,1c14a1efbc50d00f99044b3c0129a80cc9f1469e42b1f87236a56c688da908bc,True
1090,18,47,30,recent_k8,17.447874069213867,629.3829956054688,629.3829956054688,17.447874069213867,0.0226898193359375,1046.8724365234375,37762.9765625,37762.9765625,60,613.1900399923325,0.055296000093221664,0f9df0d7d6ed79e59318c9537f2802e9df4b89428d33d5d7fa59ad704a337bbb,True
1091,18,47,45,recent_k8,12.138792991638184,280.83477783203125,280.83477783203125,12.138792991638184,0.0099639892578125,728.3275146484375,16850.0859375,16850.0859375,60,612.2494270093739,0.060416001826524734,b9dfd786dd9f71629d12f683f86a5dd73a7d46218c24457b732178933904e5a5,True
1092,18,47,60,recent_k8,9.70063304901123,138.5049285888672,138.5049285888672,9.70063304901123,0.004993438720703125,582.0379638671875,8310.294921875,8310.294921875,60,615.9929260611534,0.05632000043988228,3c91c7662165b1f92a87275459b9c8a4310ab0161881154c8e909dc08062a979,True
1093,18,47,75,recent_k8,1.1062592267990112,2.5852534770965576,2.5852534770965576,1.1062592267990112,9.387731552124023e-05,66.37554931640625,155.11520385742188,155.11520385742188,60,612.5880838371813,0.06348799914121628,848fe02d121f83179144c930fb03898c514e538b2b3649013d17f92af5ed4d00,True
1094,18,47,90,recent_k8,6.46875524520874,95.76201629638672,95.76201629638672,6.46875524520874,0.003078460693359375,388.12530517578125,5745.720703125,5745.720703125,60,612.2812069952488,0.055296000093221664,f4735e8838fb16a2b020b60b534b0e1518c29445fd2d323e3436fb5bb8f12246,True
1095,18,47,105,recent_k8,4.415930271148682,33.2015495300293,33.2015495300293,4.415930271148682,0.0010747909545898438,264.955810546875,1992.0927734375,1992.0927734375,60,613.2284989580512,0.05632000043988228,c277077bcd4a4cb8c33780196ba29fee4d788fee2771624067843ce152b53378,True
1096,18,47,120,recent_k8,1.8215707540512085,7.096389293670654,7.096389293670654,1.8215707540512085,0.00024020671844482422,109.29424285888672,425.7833251953125,425.7833251953125,60,612.2738369740546,0.058368001133203506,67f390c267d60d4b1f5d47dcb661bb737dc90ef6da89ddb89e8946fd0d436d60,True
1097,18,47,135,recent_k8,4.236415386199951,76.15105438232422,76.15105438232422,4.236415386199951,0.00250244140625,254.18490600585938,4569.06298828125,4569.06298828125,60,612.0550693012774,0.05632000043988228,b43cb3949ded0cec744b688fab7f42b6bb15ea6cc9474ad1ae8b42757c03c27e,True
1098,18,47,150,recent_k8,15.726692199707031,493.82867431640625,493.82867431640625,15.726692199707031,0.0156707763671875,943.6015014648438,29629.71875,29629.71875,60,608.682016376406,0.055296000093221664,2b7e7470ac75394741a626df440aac775dc686efe2051082d814ea974560122e,True
1099,18,47,165,recent_k8,9.496389389038086,148.62474060058594,148.62474060058594,9.496389389038086,0.006061553955078125,569.7833251953125,8917.484375,8917.484375,60,610.1252450607717,0.05532800033688545,11d91ff274e9d93cf6b45197a8e94b511f605b8ae83078723a8bfbaa88473376,True
1100,18,30,30,recent_k8,15.28171443939209,443.911376953125,443.911376953125,15.28171443939209,0.0173492431640625,916.90283203125,26634.681640625,26634.681640625,60,616.1277256906033,0.07372800260782242,2476db0d31f83db8d255d540aa502933d21d533440ef3c3841fd6955c0d001bd,True
1101,18,30,45,recent_k8,5.950483322143555,70.1749038696289,70.1749038696289,5.950483322143555,0.0031986236572265625,357.02899169921875,4210.494140625,4210.494140625,60,612.4078361317515,0.06348799914121628,017e2c3493b9eabb8c8bea7ab3682c1e5d76de561cc26f8393ec9b93e60e6049,True
1102,18,30,60,recent_k8,2.8567404747009277,12.569371223449707,12.569371223449707,2.8567404747009277,0.0008683204650878906,171.4044189453125,754.1622314453125,754.1622314453125,60,612.2119771316648,0.06758400052785873,752af6e7dd550d09710ea6e260305cf89b7c34451c4f05e96ee78ccc829acfa6,True
1103,18,30,75,recent_k8,4.0825514793396,19.650407791137695,19.650407791137695,4.0825514793396,0.0012788772583007812,244.95306396484375,1179.0244140625,1179.0244140625,60,612.3188468627632,0.055296000093221664,311eb211e731692be13795a8709ed02382052d98a07833075cd6eefc9343350a,True
1104,18,30,90,recent_k8,2.51802659034729,7.977966785430908,7.977966785430908,2.51802659034729,0.0006108283996582031,151.0815887451172,478.677978515625,478.677978515625,60,612.6197436824441,0.058368001133203506,a54f95b1030777864bc4ccc3a9966bce53572785941ac52ca978295929617f91,True
1105,18,30,105,recent_k8,2.335456132888794,7.684634685516357,7.684634685516357,2.335456132888794,0.0006732940673828125,140.1273651123047,461.07806396484375,461.07806396484375,60,606.1092582531273,0.05632000043988228,e78150de430a830a4007c54fe9e1ceb2ba004decae5a2f9b02a4c3171d827145,True
1106,18,30,120,recent_k8,2.199052572250366,10.352639198303223,10.352639198303223,2.199052572250366,0.0011739730834960938,131.94314575195312,621.1583251953125,621.1583251953125,60,609.5392392016947,0.05734400078654289,7de40c467328a3e18fdbd9c20bbf7283f6c32084f6035c2dcf59796307acfe0e,True
1107,18,30,135,recent_k8,4.160408020019531,28.46832275390625,28.46832275390625,4.160408020019531,0.001033782958984375,249.62448120117188,1708.0992431640625,1708.0992431640625,60,607.8716227784753,0.055296000093221664,cce42eafb8f586f6849663a3000fa3f7436d0675aa4dde05aaebc591abae3c05,True
1108,18,30,150,recent_k8,1.9775657653808594,5.755568504333496,5.755568504333496,1.9775657653808594,0.00024080276489257812,118.65393829345703,345.3341064453125,345.3341064453125,60,608.5539381019771,0.05632000043988228,f69b0b4ba1958f5680e68724b05895e44df2826bd5a658052c5c6f6d815f757a,True
1109,18,30,165,recent_k8,1.9144335985183716,5.671849727630615,5.671849727630615,1.9144335985183716,0.0005040168762207031,114.86601257324219,340.31097412109375,340.31097412109375,60,608.9678038842976,0.055296000093221664,53e808c579dcabd3ce6dc455947ef6ce92139bb8d42477eb8c4e8a70a7cc38b0,True
1110,24,83,30,recent_k8,14.034990310668945,291.97161865234375,291.97161865234375,14.034990310668945,0.01329803466796875,842.099365234375,17518.296875,17518.296875,60,609.891246072948,0.05632000043988228,3cc3feebc4465483c844b2323da252a6c6e27c1f9a2bccc07edadc4045c47530,True
1111,24,83,45,recent_k8,6.3294453620910645,75.60002136230469,75.60002136230469,6.3294453620910645,0.0029354095458984375,379.7666931152344,4536.0009765625,4536.0009765625,60,609.7805271856487,0.05632000043988228,30c733faed99bcb89e0ced5a5e64268ec00efd7573b515659d9cc072b6add3a5,True
1112,24,83,60,recent_k8,3.7344093322753906,21.33774757385254,21.33774757385254,3.7344093322753906,0.0007729530334472656,224.06454467773438,1280.2647705078125,1280.2647705078125,60,612.7381329424679,0.05734400078654289,a72e16a7e7d3809faa9ed8a93916480a528cedeb0213aacd6af283bc0a3454e2,True
1113,24,83,75,recent_k8,8.567301750183105,162.56387329101562,162.56387329101562,8.567301750183105,0.00563812255859375,514.0380859375,9753.83203125,9753.83203125,60,612.9777110181749,0.055296000093221664,507104b4311648b799780fd5347c46bb9c3b908f1f3b1287851c4acbe9e3dc31,True
1114,24,83,90,recent_k8,25.662919998168945,7612.34130859375,2639.3544921875,25.662919998168945,0.2354736328125,1539.775146484375,456740.46875,158361.265625,60,612.421456258744,0.05632000043988228,d8eaa6304c3abfc7f65071045afafe11c8a4f99a1ab0e6bd8544bc0ad48a9d89,True
1115,24,83,105,recent_k8,28.7187442779541,2330.211669921875,2330.211669921875,28.7187442779541,0.07452392578125,1723.12451171875,139812.6875,139812.6875,60,612.7609023824334,0.055296000093221664,43d1e600d3d132e1d27a83f0c431535cfa316f5da018b0de4abdb4237534faff,True
1116,24,83,120,recent_k8,6.493712425231934,128.71099853515625,128.71099853515625,6.493712425231934,0.004047393798828125,389.6227111816406,7722.6591796875,7722.6591796875,60,611.5591418929398,0.055296000093221664,291164409d5da2e6277468f75ca9a515014419412340d67e5e26364b4b13ebe2,True
1117,24,83,135,recent_k8,8.162918090820312,125.18787384033203,125.18787384033203,8.162918090820312,0.0045318603515625,489.7750549316406,7511.27197265625,7511.27197265625,60,612.011969089508,0.05632000043988228,9d0495e1f39685086d5da125c9783ea6d0b91aab41b5c47b1c88411e51a78bf0,True
1118,24,83,150,recent_k8,14.085148811340332,517.9447021484375,517.9447021484375,14.085148811340332,0.016204833984375,845.10888671875,31076.6796875,31076.6796875,60,612.3522166162729,0.05632000043988228,8d53d5bf12d541d2e80de5f9d899a8e14af79c6307a83aa6a97d4aaaf38aac0f,True
1119,24,83,165,recent_k8,13.079483032226562,404.54132080078125,404.54132080078125,13.079483032226562,0.0131072998046875,784.7689208984375,24272.478515625,24272.478515625,60,612.773812841624,0.05632000043988228,0ee1d17af44fcc49606e9d9a78b90d5e99cb6cb61cdedf647befc00f0ef4c57b,True
1120,24,83,180,recent_k8,7.087716579437256,63.86219024658203,63.86219024658203,7.087716579437256,0.0028057098388671875,425.2629699707031,3831.731201171875,3831.731201171875,60,612.1683670207858,0.055296000093221664,0e796ec1e9bfe5136fdaa8883b728be348898cebc50efb257f196232e175c9fb,True
1121,24,83,195,recent_k8,5.806175231933594,75.84456634521484,75.84456634521484,5.806175231933594,0.0030307769775390625,348.3704833984375,4550.673828125,4550.673828125,60,613.4132579900324,0.055296000093221664,c9bc2707ce599a96f27837e7a19bfb94ff6140bb75e381efc53d92803e99f963,True
1122,24,83,210,recent_k8,8.69517707824707,147.5272979736328,147.5272979736328,8.69517707824707,0.004680633544921875,521.7105712890625,8851.6376953125,8851.6376953125,60,611.6200620308518,0.062463998794555664,438bd635b727d425fd1fa15758c9697f54ef1f52a3135e7904baf67240c8699d,True
1123,24,83,225,recent_k8,6.120658874511719,63.24618911743164,63.24618911743164,6.120658874511719,0.00234222412109375,367.239501953125,3794.771240234375,3794.771240234375,60,612.3512270860374,0.05734400078654289,0bce189e34d03f080d7355c769b3db5006707a7372a3c6dc580dd8aa2ef95728,True
1124,24,15,30,recent_k8,27.280685424804688,1812.390625,1812.390625,27.280685424804688,0.06494140625,1636.841064453125,108743.4296875,108743.4296875,60,612.0593477971852,0.055296000093221664,c464df8ebe3d3da7079c8d995ee7de601b84e50efe70fbc715434118f5c23e4e,True
1125,24,15,45,recent_k8,13.756468772888184,347.0094299316406,347.0094299316406,13.756468772888184,0.01500701904296875,825.3880615234375,20820.564453125,20820.564453125,60,612.439775839448,0.055296000093221664,663f947bdd9c4693eaca6fa196f88450b7445bf7e985509feb27a443c0b79cdc,True
1126,24,15,60,recent_k8,3.2351138591766357,26.266098022460938,26.266098022460938,3.2351138591766357,0.0008959770202636719,194.10682678222656,1575.9658203125,1575.9658203125,60,612.0751481503248,0.05632000043988228,b84f663e021c492c993132ec2b93ded5952cda4de51dcd7c7864d24015f437fd,True
1127,24,15,75,recent_k8,11.287952423095703,309.032470703125,309.032470703125,11.287952423095703,0.00984954833984375,677.277099609375,18541.947265625,18541.947265625,60,611.3887447863817,0.05632000043988228,e299f606a86f74bbd81e40df4b79157e042c289c9f65a171560b66dee6e4dd06,True
1128,24,15,90,recent_k8,6.346832275390625,72.11447143554688,72.11447143554688,6.346832275390625,0.00299072265625,380.8099060058594,4326.8681640625,4326.8681640625,60,611.1377361230552,0.05734400078654289,29a47a88669001cad220e7630e96a37a4b92c79bb87750086c13b8020e586eae,True
1129,24,15,105,recent_k8,7.292758464813232,94.1778564453125,94.1778564453125,7.292758464813232,0.004856109619140625,437.56549072265625,5650.6708984375,5650.6708984375,60,610.7089198194444,0.05632000043988228,52508f032233f227304c5e3e93461012b8a51394655ae80d7c6973b4d3c86a1e,True
1130,24,15,120,recent_k8,8.599981307983398,164.2213592529297,164.2213592529297,8.599981307983398,0.00521087646484375,515.9988403320312,9853.28125,9853.28125,60,610.2610328234732,0.055296000093221664,276f8cf81caface209987ffe59a18fd3ca9878f62d6f732cbd5124f5f33670fe,True
1131,24,15,135,recent_k8,2.1267290115356445,10.075000762939453,10.075000762939453,2.1267290115356445,0.00035762786865234375,127.6037368774414,604.5,604.5,60,611.4132236689329,0.055296000093221664,b798f2cbb5b365108be3750286eaa19b7bcac25895f52b77fa3729050f252cc4,True
1132,24,15,150,recent_k8,5.0280232429504395,42.684940338134766,42.684940338134766,5.0280232429504395,0.0022373199462890625,301.6813659667969,2561.09619140625,2561.09619140625,60,633.3654639311135,0.055296000093221664,db24488a92cb137feffb516b7f4bb1e1ba6d92127e9ee9af2f36d3f409a2493d,True
1133,24,15,165,recent_k8,13.996679306030273,422.7917785644531,422.7917785644531,13.996679306030273,0.014495849609375,839.8007202148438,25367.505859375,25367.505859375,60,630.9923636727035,0.060416001826524734,a937c0c580a58e7bd70174736865a5602eafff9ad34401285f3059fa515a42ca,True
1134,24,15,180,recent_k8,3.5511059761047363,25.234302520751953,25.234302520751953,3.5511059761047363,0.0010023117065429688,213.06634521484375,1514.05810546875,1514.05810546875,60,630.9905429370701,0.055296000093221664,45a742f759751dd28b8d47b0835f4c8a0beb28bfc64de5592411b93af788ef81,True
1135,24,15,195,recent_k8,15.538087844848633,1785.90283203125,567.5852661132812,15.538087844848633,0.057586669921875,932.2852172851562,107154.1640625,34055.11328125,60,630.8413646183908,0.05734400078654289,d4ca213c3c31cc060352a0332ed472039ff842401db82a32cce81ea9852cfa52,True
1136,24,15,210,recent_k8,8.396231651306152,171.86434936523438,171.86434936523438,8.396231651306152,0.00701141357421875,503.77386474609375,10311.8603515625,10311.8603515625,60,631.1111119575799,0.055296000093221664,da31d69a5ba376ebd31948bb47c29bf495605f351d5eaa441118794abb4a12d6,True
1137,24,15,225,recent_k8,14.52527904510498,408.47723388671875,408.47723388671875,14.52527904510498,0.0185546875,871.5167236328125,24508.6328125,24508.6328125,60,631.1314422637224,0.05632000043988228,476631478ac559348eec4ffa7eaadea02c019733161ab5d61238634f75ea2647,True
1138,24,3,30,recent_k8,42.41303253173828,3410.6083984375,3410.6083984375,42.41303253173828,0.113525390625,2544.78173828125,204636.5,204636.5,60,631.5096290782094,0.058368001133203506,ca32b814d6f52d9b6b2b595da1a7ed9da7c40fc62c656315634b5cd12e1e68f2,True
1139,24,3,45,recent_k8,9.791450500488281,118.88417053222656,118.88417053222656,9.791450500488281,0.006450653076171875,587.4869995117188,7133.0498046875,7133.0498046875,60,631.1138719320297,0.05632000043988228,2668c0a38097434cf8a93c2bc5b5999181727ebefaf533461c6855dc87930b78,True
1140,24,3,60,recent_k8,35.1794548034668,2609.3486328125,2609.3486328125,35.1794548034668,0.09173583984375,2110.76708984375,156560.90625,156560.90625,60,630.3862291388214,0.05734400078654289,22eb75ba9d7b399953921d22d1842c6d15854d9f2349a9176bbca5551dfe2c58,True
1141,24,3,75,recent_k8,20.535324096679688,599.3424072265625,599.3424072265625,20.535324096679688,0.025360107421875,1232.119384765625,35960.54296875,35960.54296875,60,631.7257969640195,0.05632000043988228,97e643c43a5feba7d87535a1bf063317108abb967ca199735f806af38bb3b86f,True
1142,24,3,90,recent_k8,16.641403198242188,392.3937683105469,392.3937683105469,16.641403198242188,0.0140380859375,998.484130859375,23543.625,23543.625,60,632.2856331244111,0.055296000093221664,ac4fb3e07394aa22188ab20cac521719d723185b5aac8f2dc0b2133b3e3a2260,True
1143,24,3,105,recent_k8,3.7616703510284424,19.383121490478516,19.383121490478516,3.7616703510284424,0.0007829666137695312,225.70021057128906,1162.9871826171875,1162.9871826171875,60,623.4666351228952,0.05632000043988228,4651a2214cc3e61e8998a00740cd04b1fa4d88bf95be4d2d0cf8aef7fc5eac84,True
1144,24,3,120,recent_k8,11.340046882629395,330.1542663574219,330.1542663574219,11.340046882629395,0.01324462890625,680.4027709960938,19809.255859375,19809.255859375,60,608.9320438914001,0.055296000093221664,880370096bc710d3e4e32d8f2ca556f3b291f9b2190b984723285bed64fef344,True
1145,24,3,135,recent_k8,8.39277172088623,129.13595581054688,129.13595581054688,8.39277172088623,0.006038665771484375,503.5662841796875,7748.1572265625,7748.1572265625,60,607.698923908174,0.05632000043988228,90288b5f664a745f274fc6c66f3f0ad8f7fca0578c53946e02e0866d620fa8e0,True
1146,24,3,150,recent_k8,7.029662609100342,69.2432861328125,69.2432861328125,7.029662609100342,0.0036029815673828125,421.77972412109375,4154.59716796875,4154.59716796875,60,607.7328841201961,0.055296000093221664,d0b1d1919356c519ef455c624121673c0177c623518c3ca3e31a73c98e3702bb,True
1147,24,3,165,recent_k8,12.206307411193848,292.8324890136719,292.8324890136719,12.206307411193848,0.00983428955078125,732.37841796875,17569.94921875,17569.94921875,60,609.8990058526397,0.05632000043988228,92c54739d0e5d443e23ea103ac381da537c59a08e8351e6081a9f7e436d84130,True
1148,24,3,180,recent_k8,5.720516681671143,55.160194396972656,55.160194396972656,5.720516681671143,0.0018177032470703125,343.2309875488281,3309.611572265625,3309.611572265625,60,609.8875962197781,0.055296000093221664,f8bc733aaa5c5632365a6d1dc1ee1e1045d0969853773f25ac20750370970406,True
1149,24,3,195,recent_k8,5.06210470199585,43.97321701049805,43.97321701049805,5.06210470199585,0.0016126632690429688,303.72625732421875,2638.392822265625,2638.392822265625,60,612.5021646730602,0.05734400078654289,d7cdf59caf5cee81ca9ab2384f4cfb8b697f67ad11512ba5e3d927690fcf548f,True
1150,24,3,210,recent_k8,3.381671905517578,14.094456672668457,14.094456672668457,3.381671905517578,0.0008931159973144531,202.90029907226562,845.6673583984375,845.6673583984375,60,612.9985409788787,0.06348799914121628,cc201655bed9d5d50a0ee71565b1f4b7aed3eaaf3a729f20f47a73c6976334da,True
1151,24,3,225,recent_k8,4.25456428527832,35.16992950439453,35.16992950439453,4.25456428527832,0.0011472702026367188,255.27383422851562,2110.195556640625,2110.195556640625,60,614.7868167608976,0.055296000093221664,a7239cde0646f363184b9d265b44118a8b8cba88cf1e187070b92ce563faa242,True
1152,24,35,30,recent_k8,21.507482528686523,781.9981079101562,781.9981079101562,21.507482528686523,0.0269317626953125,1290.4488525390625,46919.8828125,46919.8828125,60,612.1925679035485,0.06348799914121628,d9d1c499595989d57946a45d3a8935e8bbcc9fc69828e0a7a0f6af425d661b66,True
1153,24,35,45,recent_k8,19.243324279785156,530.744873046875,530.744873046875,19.243324279785156,0.0186614990234375,1154.599365234375,31844.689453125,31844.689453125,60,612.4960947781801,0.057312000542879105,1656aa615b75f37fcf952e1ffc0a82cf446ef5a51f4ac458dfa86c0fbef131ea,True
1154,24,35,60,recent_k8,3.6812989711761475,18.095361709594727,18.095361709594727,3.6812989711761475,0.0009107589721679688,220.8779296875,1085.7216796875,1085.7216796875,60,611.870079766959,0.055296000093221664,f4c8cf1b41736d8456db2999282ec2cf98ffdddd83cd0a7dada78b297fc61563,True
1155,24,35,75,recent_k8,2.0799098014831543,5.388622283935547,5.388622283935547,2.0799098014831543,0.00027751922607421875,124.79458618164062,323.31732177734375,323.31732177734375,60,612.3727159574628,0.05632000043988228,c840784fb526a74858f1f4850c48fef23a2f0e751b3131e15aafa00b586832d1,True
1156,24,35,90,recent_k8,1.8068981170654297,4.454326152801514,4.454326152801514,1.8068981170654297,0.00024509429931640625,108.41387939453125,267.2595520019531,267.2595520019531,60,611.7448713630438,0.05734400078654289,1413a3b505ed80c7756f57a5cb5e93a2875f7927b3ec28a9f84625377a0849db,True
1157,24,35,105,recent_k8,1.9989991188049316,5.17676305770874,5.17676305770874,1.9989991188049316,0.0002522468566894531,119.93994140625,310.60577392578125,310.60577392578125,60,612.2957072220743,0.05734400078654289,95bb97cfdcb0f7d8b57458f45956acb6f584b7b35c1e94a7017625f43d0e1064,True
1158,24,35,120,recent_k8,7.671713352203369,126.41766357421875,126.41766357421875,7.671713352203369,0.00513458251953125,460.3027648925781,7585.0595703125,7585.0595703125,60,612.8834919072688,0.05632000043988228,9861dbb1cc38d23f11a271b920666869ab13a5d2f40daaa805fcf5c7f55dc733,True
1159,24,35,135,recent_k8,7.380971431732178,76.5380630493164,76.5380630493164,7.380971431732178,0.00540924072265625,442.8582763671875,4592.28369140625,4592.28369140625,60,613.5526169091463,0.05632000043988228,010af501616709043b3c4dc2f266c3395d393c3cf2f3ef8433b52153a6600926,True
1160,24,35,150,recent_k8,3.1220481395721436,16.12865447998047,16.12865447998047,3.1220481395721436,0.0009541511535644531,187.3228759765625,967.71923828125,967.71923828125,60,612.8035429865122,0.05632000043988228,8ad791e01a8076c6186d5fa98c84658bae33fa4c8d713b180915197287bcff62,True
1161,24,35,165,recent_k8,2.847703218460083,13.621127128601074,13.621127128601074,2.847703218460083,0.00047898292541503906,170.8621826171875,817.267578125,817.267578125,60,613.2238991558552,0.05632000043988228,718d8593cac2e85d9ead8dff578bcb96d0715148a3c529904fd9f39b8020c879,True
1162,24,35,180,recent_k8,3.138092279434204,15.728363990783691,15.728363990783691,3.138092279434204,0.0005316734313964844,188.2855224609375,943.7017822265625,943.7017822265625,60,613.7461652979255,0.055296000093221664,8b59827f071a707e008a6b75667b18423a6f24da0b033db1dc90eeb5fc1dc5b8,True
1163,24,35,195,recent_k8,6.686857223510742,115.32991790771484,115.32991790771484,6.686857223510742,0.0050201416015625,401.21142578125,6919.794921875,6919.794921875,60,612.0993178337812,0.05632000043988228,5e769dadf1f41754ffb111628eda9b0ee5433f1475fcfb229f8b83f3b6e85fcd,True
1164,24,35,210,recent_k8,13.246407508850098,292.0921630859375,292.0921630859375,13.246407508850098,0.01058197021484375,794.784423828125,17525.529296875,17525.529296875,60,612.3233968392015,0.05632000043988228,acbeb0d53fdce17705dd370aa3d59a34830ccf120f58cf1e430bc01055fd6b9f,True
1165,24,35,225,recent_k8,16.073246002197266,314.9237976074219,314.9237976074219,16.073246002197266,0.0145263671875,964.3946533203125,18895.427734375,18895.427734375,60,612.5017148442566,0.05734400078654289,2c15f5fac7ba3938e179686cf029fc7bde5c6e2a7b7f3c9a43ad78cf917ef724,True
1166,24,48,30,recent_k8,28.82151222229004,1475.095703125,1475.095703125,28.82151222229004,0.05352783203125,1729.2906494140625,88505.734375,88505.734375,60,612.874842248857,0.05632000043988228,025a094c3cb26dddf288e8467134cac6dc0638ef8b43e60c8a2d5d24374e1c4d,True
1167,24,48,45,recent_k8,34.6533203125,2413.5595703125,2413.5595703125,34.6533203125,0.09381103515625,2079.19921875,144813.5625,144813.5625,60,612.7599431201816,0.05734400078654289,8bedd21b0096055b1f6e4078f8b0df688623ac5253f4d04e4926dba94982835c,True
1168,24,48,60,recent_k8,12.614131927490234,289.8803405761719,289.8803405761719,12.614131927490234,0.009368896484375,756.847900390625,17392.8203125,17392.8203125,60,611.7455111816525,0.055296000093221664,e458101b4b7aadd6e3786900046d1e87d3ab0df87760934214ff17fb5465196d,True
1169,24,48,75,recent_k8,14.259949684143066,434.4339294433594,434.4339294433594,14.259949684143066,0.01401519775390625,855.596923828125,26066.03515625,26066.03515625,60,611.6924416273832,0.06758400052785873,7090d670f1abfa44168607252729589146182fd46ea994cc5e21f12c1cda3960,True
1170,24,48,90,recent_k8,3.5544867515563965,19.374855041503906,19.374855041503906,3.5544867515563965,0.0012664794921875,213.26919555664062,1162.4912109375,1162.4912109375,60,612.3507362790406,0.055296000093221664,09ffdc6ed9980479ceac9bcec149abaec867474789b79c498e0616c870ebc723,True
1171,24,48,105,recent_k8,5.149322986602783,69.19215393066406,69.19215393066406,5.149322986602783,0.002315521240234375,308.9593505859375,4151.52880859375,4151.52880859375,60,612.4335951171815,0.06143999844789505,0b23a2bd5d921335b44189a8f1a0e1097f8770a0269b92be31f0e90ad352cec7,True
1172,24,48,120,recent_k8,18.65947151184082,594.9861450195312,594.9861450195312,18.65947151184082,0.022796630859375,1119.5682373046875,35699.16796875,35699.16796875,60,611.7667010985315,0.05632000043988228,cbaae1c27b9dd6c4d900c0acb1af2c64c70da122ef5bd1d00fa5ad9a71d65dba,True
1173,24,48,135,recent_k8,14.104232788085938,251.68344116210938,251.68344116210938,14.104232788085938,0.0097808837890625,846.25390625,15101.005859375,15101.005859375,60,612.9880310036242,0.05632000043988228,2d05aae283a796b6938251abd2cc3084dc31e6055f870e69d61881a067e53d67,True
1174,24,48,150,recent_k8,5.20213508605957,43.622474670410156,43.622474670410156,5.20213508605957,0.0019445419311523438,312.1280822753906,2617.348388671875,2617.348388671875,60,612.2465869411826,0.05427199974656105,1def08504e7b5135b0f73fc3a72ba3adc0a1c5d2e4275752b73d817a5b58a2da,True
1175,24,48,165,recent_k8,2.8716869354248047,13.268239974975586,13.268239974975586,2.8716869354248047,0.0005788803100585938,172.30120849609375,796.0943603515625,796.0943603515625,60,612.3208561912179,0.05632000043988228,6e73d86b2c7e2ec14b1a1d3b9accc0bc2e0891ffcef9c24025634f124e249fd0,True
1176,24,48,180,recent_k8,2.1644370555877686,12.054828643798828,12.054828643798828,2.1644370555877686,0.00042319297790527344,129.8662109375,723.2896728515625,723.2896728515625,60,611.2580746412277,0.05632000043988228,3b563756995dc5683f1359bd1e472189ae685fe03c2e3f2899eb50bdc97281ee,True
1177,24,48,195,recent_k8,9.984719276428223,285.9610595703125,285.9610595703125,9.984719276428223,0.00884246826171875,599.0831298828125,17157.662109375,17157.662109375,60,621.1003749631345,0.055296000093221664,60d179e6b389aa6a263732cdf3f6c10a2b7589bdf3564da0bc84d2b13ee399e6,True
1178,24,48,210,recent_k8,4.161908149719238,29.03700828552246,29.03700828552246,4.161908149719238,0.0009851455688476562,249.7144775390625,1742.220458984375,1742.220458984375,60,611.5627428516746,0.0655359998345375,153548aef01064c464fe382b84102a0f5ab48da8bdf82308a280f34c48fa0918,True
1179,24,48,225,recent_k8,4.539416790008545,44.615116119384766,44.615116119384766,4.539416790008545,0.0015268325805664062,272.364990234375,2676.90673828125,2676.90673828125,60,612.72789305076,0.05632000043988228,62d8ff25aa06fc91c70ec5b39af1cf0cdcd44e2e07cca4cc418d13a9eb191e71,True
1180,24,22,30,recent_k8,8.080313682556152,115.84918212890625,115.84918212890625,8.080313682556152,0.00366973876953125,484.81878662109375,6950.95068359375,6950.95068359375,60,613.1581300869584,0.05734400078654289,91b76eb7ab1b40255ac55ca874ecd755a85b34e2aa4b8ac2f437e207db7e76c8,True
1181,24,22,45,recent_k8,6.794103145599365,112.48497009277344,112.48497009277344,6.794103145599365,0.00350189208984375,407.64617919921875,6749.09765625,6749.09765625,60,614.0842922031879,0.05939200147986412,78770cf3a78344e08dcf23e138186afc008612b84049a9c9b8c6aa396e7ff3d4,True
1182,24,22,60,recent_k8,5.419826030731201,45.57011795043945,45.57011795043945,5.419826030731201,0.0015125274658203125,325.1895446777344,2734.20703125,2734.20703125,60,613.9627331867814,0.060416001826524734,301a7fca591a51a64bc3101ed8b8757ccbc7059620d71035178ea55d279bf19a,True
1183,24,22,75,recent_k8,6.652660369873047,108.03089141845703,108.03089141845703,6.652660369873047,0.0034008026123046875,399.15960693359375,6481.85302734375,6481.85302734375,60,613.1242602132261,0.06143999844789505,99b8e6bb34e4afe8c08a17f756a78ec242541a706c69bec13a9c8a84f9a5cfea,True
1184,24,22,90,recent_k8,3.167215347290039,17.516435623168945,17.516435623168945,3.167215347290039,0.0006322860717773438,190.0329132080078,1050.986083984375,1050.986083984375,60,608.8136248290539,0.05632000043988228,20f0c1f3e9245b3ae531412f6c7ede147a12adacd603d5ac36125758a9d1998f,True
1185,24,22,105,recent_k8,1.8832670450210571,6.197370529174805,6.197370529174805,1.8832670450210571,0.0003063678741455078,112.99601745605469,371.84222412109375,371.84222412109375,60,609.5794579014182,0.05734400078654289,85281e9cbfe2f13861141f00b9d4b5021678d8b6702af6f34d27813f35e78b87,True
1186,24,22,120,recent_k8,1.800679326057434,5.179204940795898,5.179204940795898,1.800679326057434,0.00025343894958496094,108.04075622558594,310.7522888183594,310.7522888183594,60,612.0649487711489,0.055296000093221664,f9f95ae1ab2012ae229255e9022f8ac0cf72bfd8ba999212d91fcd1207a3a496,True
1187,24,22,135,recent_k8,1.8577083349227905,5.265591621398926,5.265591621398926,1.8577083349227905,0.00021600723266601562,111.46249389648438,315.93548583984375,315.93548583984375,60,621.3857717812061,0.055296000093221664,359b1a011ee58ae8ed1e3ca52e361a5594c552e681f1d0e2e11908478088174c,True
1188,24,22,150,recent_k8,1.7114546298980713,5.906230926513672,5.906230926513672,1.7114546298980713,0.00018918514251708984,102.68727111816406,354.37384033203125,354.37384033203125,60,612.2591169551015,0.06348799914121628,bd2fe83a40cb7c56825b02e1364bf1bd13947de8c3354eeab1410df2b3e5601a,True
1189,24,22,165,recent_k8,1.7833936214447021,4.471138000488281,4.471138000488281,1.7833936214447021,0.00022268295288085938,107.00360870361328,268.2682800292969,268.2682800292969,60,611.9319987483323,0.055296000093221664,be547747a70f2439ecc3648e0858658554edcab0d64a984cc68d34cd5811f5cd,True
1190,24,22,180,recent_k8,4.014456272125244,105.00930786132812,105.00930786132812,4.014456272125244,0.0032901763916015625,240.86737060546875,6300.55810546875,6300.55810546875,60,610.3071528486907,0.05632000043988228,e5d988c68ca437d8f0a48f37d5240337b2d73505e7f19f636fdfa7bfac30526d,True
1191,24,22,195,recent_k8,12.428740501403809,381.82275390625,381.82275390625,12.428740501403809,0.011993408203125,745.724365234375,22909.36328125,22909.36328125,60,612.4565056525171,0.05632000043988228,afeba176003c7a42c584c901527b58fd93256002284f2b3b220f8da7bbc6f04c,True
1192,24,22,210,recent_k8,1.466132640838623,5.374861717224121,5.374861717224121,1.466132640838623,0.00018525123596191406,87.96795654296875,322.49169921875,322.49169921875,60,611.3717542029917,0.05734400078654289,ab6226c8fc2068084fac11352409f07563176db597f3002cb320a73cab71d93b,True
1193,24,22,225,recent_k8,2.6877601146698,19.497251510620117,19.497251510620117,2.6877601146698,0.0006241798400878906,161.26559448242188,1169.8350830078125,1169.8350830078125,60,611.9077000766993,0.05632000043988228,061d3d891cfa94a4d3618d2868ccee72cb2e3ab40186697a6e6958233543da34,True
1194,24,55,30,recent_k8,8.550952911376953,146.91465759277344,146.91465759277344,8.550952911376953,0.004608154296875,513.05712890625,8814.87890625,8814.87890625,60,611.6909720003605,0.05632000043988228,b03263b084d31c13002e450d3b369fe858c0ff78dba00c2792a750239b969209,True
1195,24,55,45,recent_k8,2.4608190059661865,8.318487167358398,8.318487167358398,2.4608190059661865,0.00029730796813964844,147.64913940429688,499.10919189453125,499.10919189453125,60,614.176410716027,0.055296000093221664,a1807b9a146d9f6b0d267628a9b890efb3212fd459a21f74ffe3c5d3c59e83f8,True
1196,24,55,60,recent_k8,7.235483646392822,238.22999572753906,238.22999572753906,7.235483646392822,0.00945281982421875,434.1289978027344,14293.798828125,14293.798828125,60,612.4424152076244,0.060416001826524734,deee1d30f357ed98c53d0067014eb003a52e157f847d748da78bf1fe56dbb7fb,True
1197,24,55,75,recent_k8,22.83891487121582,873.448974609375,873.448974609375,22.83891487121582,0.034454345703125,1370.3348388671875,52406.9375,52406.9375,60,613.1445900537074,0.05632000043988228,d3fb0facf00c0103a51de80fd4e20465d08421eddde0d559b8712e46b091ed42,True
1198,24,55,90,recent_k8,14.723947525024414,430.86297607421875,430.86297607421875,14.723947525024414,0.020355224609375,883.4368286132812,25851.77734375,25851.77734375,60,612.1519980952144,0.055296000093221664,4e97e46156997cc13bce8ef4c6299820fcb9432a62035d466c5f2815341a16c6,True
1199,24,55,105,recent_k8,9.317496299743652,162.86228942871094,162.86228942871094,9.317496299743652,0.00508880615234375,559.0497436523438,9771.7373046875,9771.7373046875,60,612.0666689239442,0.055296000093221664,05e93360175ab2009dbc3c2ca8a9a8f0c6cfa31ba46d5d1bf5676d4f5d214c50,True
1200,24,55,120,recent_k8,1.142720103263855,1.867781400680542,1.867781400680542,1.142720103263855,0.00010335445404052734,68.56320190429688,112.06687927246094,112.06687927246094,60,613.212248776108,0.06758400052785873,5fc324c1de6b0238915e91df9a5b9a9cace513a5a3891023e2b43bc5cbb12d51,True
1201,24,55,135,recent_k8,1.3289421796798706,3.769541025161743,3.769541025161743,1.3289421796798706,0.00012636184692382812,79.73652648925781,226.17245483398438,226.17245483398438,60,612.6319938339293,0.058368001133203506,0f214d532ee61eaff3b8f68c3f0328da1d515c4b75bd807a81085728920a2e4e,True
1202,24,55,150,recent_k8,1.6557546854019165,11.384574890136719,11.384574890136719,1.6557546854019165,0.00037932395935058594,99.34527587890625,683.074462890625,683.074462890625,60,612.5192046165466,0.05427199974656105,6b070d856e1888e4f3983668d7f6d97043a2a26a0f9baf780759e68f21172cd7,True
1203,24,55,165,recent_k8,14.782266616821289,618.7755126953125,618.7755126953125,14.782266616821289,0.0194549560546875,886.9359741210938,37126.52734375,37126.52734375,60,612.6370341517031,0.05734400078654289,b7dc64a81a83bed33002fbf6647b1d4bea3de1505620047faf6da05b56e7bbca,True
1204,24,55,180,recent_k8,3.9109296798706055,30.402912139892578,30.402912139892578,3.9109296798706055,0.0010290145874023438,234.65576171875,1824.1746826171875,1824.1746826171875,60,612.052118871361,0.055296000093221664,2d89340772889a93c5fabe730e20671ada9f7394be73e7d5e724d7a72dc2f0d0,True
1205,24,55,195,recent_k8,8.408331871032715,292.8045349121094,292.8045349121094,8.408331871032715,0.0106964111328125,504.4999084472656,17568.271484375,17568.271484375,60,611.7737707681954,0.05632000043988228,73b130ceb1f77b59971cc2c9f87b01e243f56a146ca145efece465e8a21fb24e,True
1206,24,55,210,recent_k8,10.048948287963867,406.6080322265625,406.6080322265625,10.048948287963867,0.01531219482421875,602.9368896484375,24396.48046875,24396.48046875,60,611.8238298222423,0.05632000043988228,fdd4ed326e947ed10d8ab455aa2e22a0f0a5159712d1367cb466063ae8ea57f6,True
1207,24,55,225,recent_k8,1.8600709438323975,5.510239601135254,5.510239601135254,1.8600709438323975,0.00018167495727539062,111.604248046875,330.6143493652344,330.6143493652344,60,611.8876496329904,0.05632000043988228,a0ddfd2cb5dc4e2a1676a929215da30e6966149fc4f5f2db4d3f06eb94a4762c,True
1208,24,4,30,recent_k8,25.75082015991211,3430.98046875,1448.4107666015625,25.75082015991211,0.111572265625,1545.049072265625,205858.8125,86904.640625,60,611.9029899127781,0.0655359998345375,b3a7ed4777fe5f59f8735c507119e8c3bdf4c4e0f621fb186256c1ae535223e0,True
1209,24,4,45,recent_k8,12.233796119689941,297.33184814453125,297.33184814453125,12.233796119689941,0.0135650634765625,734.0277099609375,17839.91015625,17839.91015625,60,612.7625927329063,0.05734400078654289,1682e8c450a1e049dd2fd3d466cdcbe8a6cff482aa83ed13b97c5e86488070a8,True
1210,24,4,60,recent_k8,7.07045841217041,110.18509674072266,110.18509674072266,7.07045841217041,0.0035228729248046875,424.22747802734375,6611.10546875,6611.10546875,60,612.4568860977888,0.07168000191450119,2cb2edbc1d7c162dfeb444da52b49cfc3668db90c50a2b9f901ea2d980deaa06,True
1211,24,4,75,recent_k8,6.861239433288574,75.48397064208984,75.48397064208984,6.861239433288574,0.002361297607421875,411.6743469238281,4529.0380859375,4529.0380859375,60,610.5874511413276,0.058368001133203506,fbc36393cda46d764752e36c264e5e34f2df81dd007741329b33e6689fa16bfd,True
1212,24,4,90,recent_k8,3.258350372314453,15.474797248840332,15.474797248840332,3.258350372314453,0.00048422813415527344,195.50100708007812,928.48779296875,928.48779296875,60,615.4621602036059,0.05632000043988228,eb450ac28bd748c4f37a434af995df396b7b2e99e32ef658bccf444aa7ee06e1,True
1213,24,4,105,recent_k8,1.1332546472549438,2.2326889038085938,2.2326889038085938,1.1332546472549438,8.982419967651367e-05,67.99527740478516,133.96133422851562,133.96133422851562,60,612.7378307282925,0.062463998794555664,f55fc2d7c7adff35ddf867f9e15e032f2a0c8e47062ee726bb3a9d655c7ae61a,True
1214,24,4,120,recent_k8,0.8799996972084045,1.9228225946426392,1.9228225946426392,0.8799996972084045,6.645917892456055e-05,52.79998016357422,115.36934661865234,115.36934661865234,60,612.031873781234,0.055296000093221664,de3d1944da56f9a79464f74faa6ed91fef8fe230299f1d6df156392657231be2,True
1215,24,4,135,recent_k8,0.8597167730331421,1.8672890663146973,1.8672890663146973,0.8597167730331421,6.264448165893555e-05,51.583003997802734,112.03733825683594,112.03733825683594,60,614.3694291822612,0.05632000043988228,2a3529025b2a475f0d450ed3991fc182040ca8f4b5e33722af80783a7c80b720,True
1216,24,4,150,recent_k8,1.0565598011016846,2.778421401977539,2.778421401977539,1.0565598011016846,9.500980377197266e-05,63.393585205078125,166.7052764892578,166.7052764892578,60,611.842708196491,0.055296000093221664,61a3b2684e7d65b88310a8e0a4efa5aaf9142ee645dbb4b75eaa1cccaa3370b8,True
1217,24,4,165,recent_k8,3.5156097412109375,44.11139678955078,44.11139678955078,3.5156097412109375,0.0015392303466796875,210.9365692138672,2646.68359375,2646.68359375,60,612.1146166697145,0.05734400078654289,76faa4f70157698561471c548895df97509d79bd6af24207bb6aa6b3d13f15eb,True
1218,24,4,180,recent_k8,12.563185691833496,274.7391357421875,274.7391357421875,12.563185691833496,0.00948333740234375,753.7910766601562,16484.34765625,16484.34765625,60,614.2501351423562,0.05632000043988228,ae9216a4257580e07986782245dca4ca2c3c5b98cec424b5c48ee90cfda53b1f,True
1219,24,4,195,recent_k8,3.8292641639709473,24.37507438659668,24.37507438659668,3.8292641639709473,0.0009598731994628906,229.75584411621094,1462.50439453125,1462.50439453125,60,613.7286541052163,0.0727040022611618,8ee94419ca488e6bcc3c1c126e639550130d3919df0a40ae98d4a20f8d7daec5,True
1220,24,4,210,recent_k8,4.028398513793945,33.10685348510742,33.10685348510742,4.028398513793945,0.0011234283447265625,241.70388793945312,1986.4111328125,1986.4111328125,60,612.3256999999285,0.055296000093221664,f646a58c55195501a3283ca472a558d57d6d3edfbffd6509bf7a3eb35b8e59f3,True
1221,24,4,225,recent_k8,3.8694498538970947,30.906980514526367,30.906980514526367,3.8694498538970947,0.0010557174682617188,232.16697692871094,1854.418701171875,1854.418701171875,60,612.6570990309119,0.055296000093221664,0dc1816bfed4d473664fa14a5481347206a6658b0d92921d437c32e5e99c6365,True
1222,24,45,30,recent_k8,8.377171516418457,123.76836395263672,123.76836395263672,8.377171516418457,0.003856658935546875,502.6302795410156,7426.1015625,7426.1015625,60,611.994007602334,0.055296000093221664,030830fb2005ddef5f8189ab259e43ba6ea9aa6907fb1ebe11086434a8033a2f,True
1223,24,45,45,recent_k8,5.585472583770752,51.91371536254883,51.91371536254883,5.585472583770752,0.0016727447509765625,335.1283264160156,3114.82275390625,3114.82275390625,60,612.0864190161228,0.058368001133203506,8101259d7cf7697eb5cee7e5946ff43da7d313490979d42fcf6978e8ac5c8dc0,True
1224,24,45,60,recent_k8,2.4528870582580566,9.137282371520996,9.137282371520996,2.4528870582580566,0.0002968311309814453,147.1732177734375,548.2369384765625,548.2369384765625,60,612.138960044831,0.05632000043988228,23b5d9c196d485e9f8574c39402abddb90058c34b92d72cd82c04f3518e4de16,True
1225,24,45,75,recent_k8,2.1548848152160645,6.160317420959473,6.160317420959473,2.1548848152160645,0.0002484321594238281,129.29307556152344,369.6190185546875,369.6190185546875,60,612.8950431011617,0.05532800033688545,25d395a2b98572ab24f489f679ec1b66beb173f0f184c89cc51c01de1ece7938,True
1226,24,45,90,recent_k8,1.8317575454711914,4.872650623321533,4.872650623321533,1.8317575454711914,0.00020110607147216797,109.90544891357422,292.3590087890625,292.3590087890625,60,612.0586046017706,0.0655359998345375,beab490a02a498f2b166bd77e83de73242e1a02fc4f4818b667fcd423bfda8cd,True
1227,24,45,105,recent_k8,2.130451202392578,6.184296607971191,6.184296607971191,2.130451202392578,0.0002493858337402344,127.82706451416016,371.0577697753906,371.0577697753906,60,612.3847630806267,0.05632000043988228,2686d6ae26cf9e0dcd01cfce952bfcf138cc85e52869a677472e2f76f611a33a,True
1228,24,45,120,recent_k8,16.1091365814209,571.498291015625,571.498291015625,16.1091365814209,0.0311431884765625,966.5481567382812,34289.89453125,34289.89453125,60,612.2680357657373,0.05632000043988228,bb6bcdeedea7e63a9f6c6825cc6e542a260234312d4fe0b0b6d7b26fc5dc0a2e,True
1229,24,45,135,recent_k8,23.11672592163086,982.3731689453125,982.3731689453125,23.11672592163086,0.03448486328125,1387.0035400390625,58942.38671875,58942.38671875,60,612.2163780964911,0.055296000093221664,3cf6d8c1069125b2ca764a7ee68d424631b684aa8462559da6c7b53f926ddd75,True
1230,24,45,150,recent_k8,8.877737998962402,209.591064453125,209.591064453125,8.877737998962402,0.00896453857421875,532.6642456054688,12575.462890625,12575.462890625,60,611.7397150956094,0.055296000093221664,8b41b804aa539bc6b3d3a3faffd8a4af2caed720dd7e6548b1b52e02a94fdca3,True
1231,24,45,165,recent_k8,20.825977325439453,566.8406982421875,566.8406982421875,20.825977325439453,0.0263824462890625,1249.55859375,34010.44140625,34010.44140625,60,612.5218491069973,0.055296000093221664,260ace55209fd28b1ad2ffb8607c5936cdc57db2e948679830c42894d641684d,True
1232,24,45,180,recent_k8,8.926304817199707,358.2062683105469,358.2062683105469,8.926304817199707,0.01116180419921875,535.5782470703125,21492.375,21492.375,60,612.4574718996882,0.055296000093221664,9800bb9641d46a51808989b2931bf0bf796875f12193d4e080b9af19fc998012,True
1233,24,45,195,recent_k8,10.067768096923828,254.66709899902344,254.66709899902344,10.067768096923828,0.00795745849609375,604.0660400390625,15280.025390625,15280.025390625,60,612.3531148768961,0.05632000043988228,87ae56446c51673b6bfea57a0486c20d42922c1178953fa463fd6c6c0b9580f5,True
1234,24,45,210,recent_k8,2.978525400161743,14.842576026916504,14.842576026916504,2.978525400161743,0.0004818439483642578,178.71151733398438,890.5545043945312,890.5545043945312,60,613.6510632932186,0.05427199974656105,a158a7d2b4dc3856a1d89802d3e1b9f439eae67c02ec86f079e04b3682d8d6e3,True
1235,24,45,225,recent_k8,3.5094714164733887,19.446138381958008,19.446138381958008,3.5094714164733887,0.0006346702575683594,210.56826782226562,1166.7681884765625,1166.7681884765625,60,606.2452751211822,0.05734400078654289,edd78e912a29ff1e55e869c56c0790a6403d40224d295dba97f289f9db88b280,True
1236,24,60,30,recent_k8,8.384889602661133,176.6673583984375,176.6673583984375,8.384889602661133,0.0056610107421875,503.0933532714844,10600.041015625,10600.041015625,60,615.3320968151093,0.055296000093221664,5d796483010bb758a17c6b8b3b0a520660cb5c1739ca67b3302eeb7a1a9585a8,True
1237,24,60,45,recent_k8,13.658712387084961,440.3889465332031,440.3889465332031,13.658712387084961,0.01392364501953125,819.522705078125,26423.3359375,26423.3359375,60,611.7351581342518,0.06140799820423126,1bfbbfadecc3c0af78b3547714c7e43e7034d625075fdf27dd83c14cd42e0d99,True
1238,24,60,60,recent_k8,6.187291145324707,92.5188217163086,92.5188217163086,6.187291145324707,0.00360107421875,371.2374572753906,5551.12890625,5551.12890625,60,611.7609599605203,0.055296000093221664,3a833a08f9ee655fc7a507ed88b4ddefc6188caa5b4c26915e5ca897d76c5cc8,True
1239,24,60,75,recent_k8,16.616443634033203,697.6644287109375,697.6644287109375,16.616443634033203,0.0229339599609375,996.9865112304688,41859.86328125,41859.86328125,60,611.9924793019891,0.05734400078654289,5d3236f09548052a492fa56a9b873364809174a36b76bb23f4c6fdf4b9083383,True
1240,24,60,90,recent_k8,6.551055908203125,182.75152587890625,182.75152587890625,6.551055908203125,0.00644683837890625,393.0633239746094,10965.0908203125,10965.0908203125,60,612.0422501116991,0.055296000093221664,fa77fe60f33a2ae4a773e5250bbd7ac1a9c3e2527529cf13c5b9d4bcaf6ad8de,True
1241,24,60,105,recent_k8,2.702744483947754,11.32632827758789,11.32632827758789,2.702744483947754,0.0003883838653564453,162.16465759277344,679.5796508789062,679.5796508789062,60,612.5340866856277,0.05632000043988228,b8d5e098ee734f44e3449fc434c35b7ee7ecf47a5d4ffee2b96b01f4c5f26549,True
1242,24,60,120,recent_k8,3.883345127105713,33.50849533081055,33.50849533081055,3.883345127105713,0.001049041748046875,233.00070190429688,2010.509521484375,2010.509521484375,60,607.8853402286768,0.05532800033688545,2c7c79c43a2866c98c7595a5e52f153511ce2e7d12cdf61d36b424cd4303838e,True
1243,24,60,135,recent_k8,6.457900524139404,134.06365966796875,134.06365966796875,6.457900524139404,0.004398345947265625,387.4739990234375,8043.81884765625,8043.81884765625,60,608.3538457751274,0.055296000093221664,384d4d8e5763eeeedeb15a0d74875acff2102218f9d33e1ef34c9b2846e9a868,True
1244,24,60,150,recent_k8,10.182883262634277,219.33163452148438,219.33163452148438,10.182883262634277,0.007053375244140625,610.9729614257812,13159.8974609375,13159.8974609375,60,608.7086452171206,0.05734400078654289,d30c22a5744cc6977b48a0e406493e45ccaef50a0528133b7c54b6e80b6284d8,True
1245,24,60,165,recent_k8,2.927933692932129,16.218271255493164,16.218271255493164,2.927933692932129,0.0005106925964355469,175.67601013183594,973.0962524414062,973.0962524414062,60,610.494086984545,0.055296000093221664,6036039771d414d3bf0260d3972dbf9566cf263fd3e8b570301c5ac9ec61beb5,True
1246,24,60,180,recent_k8,6.80013370513916,108.62224578857422,108.62224578857422,6.80013370513916,0.0034122467041015625,408.00799560546875,6517.33447265625,6517.33447265625,60,611.0469517298043,0.05632000043988228,897e7c34264378a72a0d9d75bab18a13dcad8d03bc2e8eb32fccfb56ce267eb8,True
1247,24,60,195,recent_k8,4.7553815841674805,40.09428024291992,40.09428024291992,4.7553815841674805,0.0012722015380859375,285.3228759765625,2405.65673828125,2405.65673828125,60,611.6369878873229,0.05632000043988228,444a05ca7b595946054cafb943c9033b34737b190361fd834ad45e529560a0d3,True
1248,24,60,210,recent_k8,3.938106060028076,27.009567260742188,27.009567260742188,3.938106060028076,0.0008835792541503906,236.28634643554688,1620.573974609375,1620.573974609375,60,609.8590679466724,0.058368001133203506,eee320bd4d98f06c88c9bd257471c1b2ae2e51763fc406dfaa50cd64a39ec017,True
1249,24,60,225,recent_k8,3.8839924335479736,27.51110076904297,27.51110076904297,3.8839924335479736,0.0008745193481445312,233.03953552246094,1650.666015625,1650.666015625,60,612.4766916036606,0.05632000043988228,ce23d320b8686ef04a12afdbf6dead0d08718f475b14073a5d372ce9e0a19e02,True
1250,24,26,30,recent_k8,15.673788070678711,538.9566650390625,538.9566650390625,15.673788070678711,0.016754150390625,940.42724609375,32337.3984375,32337.3984375,60,613.3136940188706,0.06451199948787689,a5f23df256f7c92ddfb2cc1c0a7c8515749bb08ca54cbf848a54b1d62750f967,True
1251,24,26,45,recent_k8,3.0221102237701416,23.413393020629883,23.413393020629883,3.0221102237701416,0.0007791519165039062,181.32659912109375,1404.803466796875,1404.803466796875,60,612.0972498320043,0.05632000043988228,573dcfcafb6cdadc0ca963cfb25038c64d8754328f67e9d0868a9207dcbc8029,True
1252,24,26,60,recent_k8,21.05188751220703,806.0787353515625,806.0787353515625,21.05188751220703,0.02850341796875,1263.1131591796875,48364.72265625,48364.72265625,60,612.4130878597498,0.055296000093221664,971c79b74a2ca52e59b5681038e8ed11c95c2d99016e8ed4c6c5f6d7e30c482d,True
1253,24,26,75,recent_k8,20.155494689941406,1623.5196533203125,1623.5196533203125,20.155494689941406,0.052459716796875,1209.32958984375,97411.171875,97411.171875,60,612.6498058438301,0.05737600103020668,cab28f7cd170a791f329ad88be874f9ce497435194f1920c74d1d11c94723aca,True
1254,24,26,90,recent_k8,18.449352264404297,831.0575561523438,831.0575561523438,18.449352264404297,0.02716064453125,1106.9610595703125,49863.44921875,49863.44921875,60,612.1254949830472,0.06656000018119812,137ede78e068f54306e8112597ee67528d88da7a59a2626f0c0718be579e6112,True
1255,24,26,105,recent_k8,14.921309471130371,468.8904113769531,468.8904113769531,14.921309471130371,0.015380859375,895.2785034179688,28133.423828125,28133.423828125,60,612.9369772970676,0.055296000093221664,5089dea3a7b73fb8f75b3ef2fd4600735aee487d9e183507dd794d44f9ba375d,True
1256,24,26,120,recent_k8,16.736568450927734,1035.724365234375,1035.724365234375,16.736568450927734,0.0321044921875,1004.1940307617188,62143.4609375,62143.4609375,60,611.9896187447011,0.055296000093221664,a8f0e671c5f8b5263bef0e9aa3cc21b0bc7c3e9a637031ef30ec112164dadb3f,True
1257,24,26,135,recent_k8,31.106857299804688,2667.037841796875,2667.037841796875,31.106857299804688,0.08245849609375,1866.411376953125,160022.265625,160022.265625,60,612.6868547871709,0.05632000043988228,272a23a56ed6615ef4d711460180d9a4446202ff6710e8ba8fbc317960c6714f,True
1258,24,26,150,recent_k8,10.008106231689453,275.6211853027344,275.6211853027344,10.008106231689453,0.00902557373046875,600.486328125,16537.26953125,16537.26953125,60,612.0998421683908,0.055296000093221664,47c2362c3fac63944ba316569a8175fb877e9cae74812da5320897da9fa1454d,True
1259,24,26,165,recent_k8,12.347186088562012,278.55755615234375,278.55755615234375,12.347186088562012,0.009185791015625,740.8311157226562,16713.453125,16713.453125,60,612.2528822161257,0.05734400078654289,e78067658d9dd36bb87831913169862b5829f5b8881ca0133c4526a9016a595d,True
1260,24,26,180,recent_k8,4.548966884613037,39.9949836730957,39.9949836730957,4.548966884613037,0.001392364501953125,272.93798828125,2399.698974609375,2399.698974609375,60,612.269083969295,0.055296000093221664,8d5394bac0529bd32bca3260e8c840531f4ae93c3f9f0d2a7b752150aa531f68,True
1261,24,26,195,recent_k8,4.508416175842285,40.8431510925293,40.8431510925293,4.508416175842285,0.0014295578002929688,270.50494384765625,2450.5888671875,2450.5888671875,60,612.3509639874101,0.05632000043988228,efae592a67579058253c540e8d559fc7ec93e5af6841b3e9cb7bcbc0bfb2ca5f,True
1262,24,26,210,recent_k8,4.176967144012451,22.60521697998047,22.60521697998047,4.176967144012451,0.001338958740234375,250.61801147460938,1356.31298828125,1356.31298828125,60,612.0599987916648,0.055296000093221664,b5f00188a58b5538c7f03ab0c85249c805bdc31e0d757c8d7f94bccd849980ba,True
1263,24,26,225,recent_k8,9.596776962280273,378.57489013671875,378.57489013671875,9.596776962280273,0.011932373046875,575.8065795898438,22714.4921875,22714.4921875,60,612.1944389306009,0.055296000093221664,bde634bd03d3f32c7f000b78cfa48357cd6e4de4b1517de4947559959ac852be,True
1264,24,21,30,recent_k8,4.475094795227051,54.16375732421875,54.16375732421875,4.475094795227051,0.0019588470458984375,268.50567626953125,3249.8251953125,3249.8251953125,60,612.5422469340265,0.055296000093221664,1a076ac74fe78d2ef356cfeb941fc71d61073394588b4943397d100f5d5d90f4,True
1265,24,21,45,recent_k8,10.723384857177734,291.2232666015625,291.2232666015625,10.723384857177734,0.00945281982421875,643.403076171875,17473.39453125,17473.39453125,60,612.3456619679928,0.05632000043988228,2b563c043babb582427e3f4e6c24219480f25237f522f8777e6b6686c0a0ff66,True
1266,24,21,60,recent_k8,11.828581809997559,374.8019104003906,374.8019104003906,11.828581809997559,0.01163482666015625,709.71484375,22488.11328125,22488.11328125,60,611.7260400205851,0.05427199974656105,b797c5eead27fc66e5c6b8b2af145851276e1a04d9479deb3d7a05cea141e989,True
1267,24,21,75,recent_k8,2.525631904602051,11.859792709350586,11.859792709350586,2.525631904602051,0.000499725341796875,151.53790283203125,711.5875244140625,711.5875244140625,60,613.9661981724203,0.05734400078654289,1109ac8b0fd38b0fdefc40e6bbe409701dd3a68791dcd85cbfc7e345feba898c,True
1268,24,21,90,recent_k8,3.11325740814209,21.817232131958008,21.817232131958008,3.11325740814209,0.0007891654968261719,186.79544067382812,1309.0338134765625,1309.0338134765625,60,615.2960453182459,0.055296000093221664,5587e973d59e3a5f0a6484f8a3f6d4950f01a3e778d6a0138535bed38ac7bcab,True
1269,24,21,105,recent_k8,4.717489719390869,50.26702880859375,50.26702880859375,4.717489719390869,0.0016012191772460938,283.04937744140625,3016.021484375,3016.021484375,60,613.4777460247278,0.06451199948787689,6a071ee3d5a78669f3aad38357ffbe5dc71d7407955f354acc612e2eaa0c68e1,True
1270,24,21,120,recent_k8,4.323620796203613,58.457706451416016,58.457706451416016,4.323620796203613,0.00180816650390625,259.417236328125,3507.462158203125,3507.462158203125,60,611.3048917613924,0.05734400078654289,2a20e0979db9abb0d482578f27259733deed236e83c26e714afcba1919c3f2a3,True
1271,24,21,135,recent_k8,3.0401411056518555,21.126419067382812,21.126419067382812,3.0401411056518555,0.0006775856018066406,182.40846252441406,1267.5850830078125,1267.5850830078125,60,614.3908086232841,0.05632000043988228,1f68766f7799b3d508eecd671803bb8bf55bc0836c4d1138ce82b6e830503191,True
1272,24,21,150,recent_k8,3.6832528114318848,22.763994216918945,22.763994216918945,3.6832528114318848,0.0007715225219726562,220.9951629638672,1365.839599609375,1365.839599609375,60,611.1607258208096,0.06348799914121628,b5a96304c57bc16a65b9e0825c98efbd560ef33f7f8ac9a8f1d08cdf6b777c71,True
1273,24,21,165,recent_k8,3.1189076900482178,41.92490768432617,41.92490768432617,3.1189076900482178,0.0013341903686523438,187.1344451904297,2515.494384765625,2515.494384765625,60,613.1297471001744,0.062463998794555664,325f449878d65bba471789546e4f783fdf441d1fa5a2c97d885c4c6bd016dca2,True
1274,24,21,180,recent_k8,12.384765625,389.4410400390625,389.4410400390625,12.384765625,0.01226806640625,743.0858764648438,23366.4609375,23366.4609375,60,611.1877891235054,0.05632000043988228,b2e4159117194c63f207d6e8cc3728128d12df2d82c15e7ecabf53355ab65007,True
1275,24,21,195,recent_k8,4.440159320831299,31.571998596191406,31.571998596191406,4.440159320831299,0.00122833251953125,266.4095458984375,1894.31982421875,1894.31982421875,60,612.4734077602625,0.05632000043988228,f0a47ca751d1d8e381a8906c056d110223c5e926401fc49b03a6d743be65a62e,True
1276,24,21,210,recent_k8,5.557734489440918,66.64574432373047,66.64574432373047,5.557734489440918,0.0022106170654296875,333.46405029296875,3998.744384765625,3998.744384765625,60,610.7806377112865,0.06143999844789505,ace8670813ef91172b38a642ff9f7c024a7ba8229d770fcc7444f8c52206921d,True
1277,24,21,225,recent_k8,2.697965383529663,14.28830623626709,14.28830623626709,2.697965383529663,0.0005578994750976562,161.87791442871094,857.29833984375,857.29833984375,60,611.4898412488401,0.058368001133203506,97fb83e65800e26a6fb78c154151dcbe629204f18d6e2ff328da49a3ebc08e03,True
1278,24,44,30,recent_k8,12.747249603271484,378.22711181640625,378.22711181640625,12.747249603271484,0.01476287841796875,764.8349609375,22693.625,22693.625,60,610.7892920263112,0.05939200147986412,1e215ebb056ae783d2e9ca690967b87d2465f2ab7f385ad16aa5303ef83cc8b2,True
1279,24,44,45,recent_k8,17.702110290527344,458.97894287109375,458.97894287109375,17.702110290527344,0.0195770263671875,1062.1265869140625,27538.734375,27538.734375,60,611.1584980972111,0.05632000043988228,c87525c68705f2d95441466163582517016766a4ae96e8d6fc359b4929717da6,True
1280,24,44,60,recent_k8,10.280314445495605,130.18719482421875,130.18719482421875,10.280314445495605,0.00504302978515625,616.81884765625,7811.2314453125,7811.2314453125,60,611.9793518446386,0.055296000093221664,02000130d94faab02a98e867c434e6da62cef791270b9dc8195ba8e85d90222f,True
1281,24,44,75,recent_k8,2.0147452354431152,7.476572513580322,7.476572513580322,2.0147452354431152,0.0002529621124267578,120.88471221923828,448.5943298339844,448.5943298339844,60,611.6472966969013,0.05632000043988228,34130da6a12e8c8dd0758486403968fbaef6b9de1b9adeb1aba1f595dabd0a2f,True
1282,24,44,90,recent_k8,3.388643264770508,19.62856101989746,19.62856101989746,3.388643264770508,0.0014524459838867188,203.31858825683594,1177.713623046875,1177.713623046875,60,610.5697900056839,0.055296000093221664,95f42d52fa6b017054943fde2d7c361d58ffe39973cb2f53566dd73272028640,True
1283,24,44,105,recent_k8,3.355259418487549,14.094151496887207,14.094151496887207,3.355259418487549,0.0010747909545898438,201.3155517578125,845.6490478515625,845.6490478515625,60,610.5119632557034,0.05632000043988228,7353495ad209f74247f04647cac543e69b12b109cc9be00492f81ac949539987,True
1284,24,44,120,recent_k8,3.311292886734009,13.386468887329102,13.386468887329102,3.311292886734009,0.0008592605590820312,198.6775665283203,803.1881103515625,803.1881103515625,60,610.4596648365259,0.05632000043988228,d56eab931944dbea1e8c079150344e2f5fb2abe0ead3631fb60276c11752940c,True
1285,24,44,135,recent_k8,4.677704334259033,33.641658782958984,33.641658782958984,4.677704334259033,0.0015668869018554688,280.6622314453125,2018.49951171875,2018.49951171875,60,610.2537889964879,0.05632000043988228,28184ff67e21793446fce532e48f9b3dc4bf7171448a4508bc1aaa462528a693,True
1286,24,44,150,recent_k8,6.702352046966553,82.32286071777344,82.32286071777344,6.702352046966553,0.0026531219482421875,402.14111328125,4939.37158203125,4939.37158203125,60,611.5740458481014,0.05427199974656105,5a20ea87d20370d7e4e6c1927ca3db22c8b59fbd711605be48c6558926e5f481,True
1287,24,44,165,recent_k8,1.8377803564071655,7.907771110534668,7.907771110534668,1.8377803564071655,0.0002624988555908203,110.26681518554688,474.46624755859375,474.46624755859375,60,610.0693638436496,0.05628800019621849,7406606c5fe0d903f6fb3ffb7b5cb4347fe8784889250f99763edd84ab871b9c,True
1288,24,44,180,recent_k8,5.491232395172119,82.22331237792969,82.22331237792969,5.491232395172119,0.00261688232421875,329.47393798828125,4933.3984375,4933.3984375,60,607.8895800746977,0.055296000093221664,0b14720f7f4a2c6d3504b229cfd2e0c040e26b8ace1a07c4430ff8bd97f740a4,True
1289,24,44,195,recent_k8,5.93964147567749,77.81147003173828,77.81147003173828,5.93964147567749,0.0025730133056640625,356.37847900390625,4668.68798828125,4668.68798828125,60,611.3174241036177,0.05632000043988228,2687415284ac5b3eb99cb5b09b8d2c8357afa74d753c0175d37f2668c511824b,True
1290,24,44,210,recent_k8,4.064060688018799,32.53110885620117,32.53110885620117,4.064060688018799,0.0012645721435546875,243.8436279296875,1951.866455078125,1951.866455078125,60,613.7846386991441,0.058368001133203506,7361186dc96ae2c579858758764b10e4cbca82919567edc4ea4ac92e073fffcb,True
1291,24,44,225,recent_k8,3.9626803398132324,30.045303344726562,30.045303344726562,3.9626803398132324,0.001232147216796875,237.76080322265625,1802.7181396484375,1802.7181396484375,60,613.6790518648922,0.05734400078654289,9eda18323d61a9a57f8a19da68b3f791920e116dff4b8c8179cd32bb70e820c2,True
1292,24,23,30,recent_k8,10.927757263183594,190.79232788085938,190.79232788085938,10.927757263183594,0.00678253173828125,655.6654052734375,11447.5390625,11447.5390625,60,613.3424970321357,0.05632000043988228,31b21915a1a4db0a02c50ed6ef3729fe96ed307c943c1a39402b5bea23e750d3,True
1293,24,23,45,recent_k8,11.025233268737793,199.8745574951172,199.8745574951172,11.025233268737793,0.00665283203125,661.5139770507812,11992.47265625,11992.47265625,60,611.7820171639323,0.055296000093221664,697234974d1cdfa9076213262a867f18cb08ce891286add2927b64b5cae3772d,True
1294,24,23,60,recent_k8,8.39695930480957,125.75039672851562,125.75039672851562,8.39695930480957,0.003940582275390625,503.8175048828125,7545.0234375,7545.0234375,60,610.952015966177,0.05632000043988228,8f42f6b317d0ef2fbb28bd386077cdd18e656b456239eaeea275cdaf5a781332,True
1295,24,23,75,recent_k8,13.370017051696777,353.0467224121094,353.0467224121094,13.370017051696777,0.0141448974609375,802.2009887695312,21182.802734375,21182.802734375,60,612.1171461418271,0.05632000043988228,42c102f8a3d4f302fc6122ac204c32f7186f692df39dbb293cac400de237b398,True
1296,24,23,90,recent_k8,22.15125846862793,1159.054931640625,1159.054931640625,22.15125846862793,0.039337158203125,1329.075439453125,69543.2890625,69543.2890625,60,611.8973200209439,0.055296000093221664,3fdc3e5e311d23522990fb492c0b96db6a8342de97152c7c0480167c3016161d,True
1297,24,23,105,recent_k8,43.90236282348633,4551.3857421875,4551.3857421875,43.90236282348633,0.1474609375,2634.1416015625,273083.125,273083.125,60,611.7175831459463,0.058368001133203506,9ccbeca65fc44883ac7c8b5d3094d8f72883b8ca509e469b0161c189e2328b39,True
1298,24,23,120,recent_k8,17.513818740844727,479.6207275390625,479.6207275390625,17.513818740844727,0.0181427001953125,1050.8291015625,28777.2421875,28777.2421875,60,611.6670351475477,0.05632000043988228,240dfd274e3fd9e8f5f267bf7b1eca11aa8475a5472dbd0429b1fec8f8fbba28,True
1299,24,23,135,recent_k8,2.026254653930664,5.198617935180664,5.198617935180664,2.026254653930664,0.00035309791564941406,121.57527923583984,311.91705322265625,311.91705322265625,60,611.9761937297881,0.05632000043988228,9ed968024218b70bd4a518a64469656620bdf065bf12451ff067b4ad41b2dfe5,True
1300,24,23,150,recent_k8,2.2751822471618652,13.489398956298828,13.489398956298828,2.2751822471618652,0.0006041526794433594,136.51092529296875,809.3638916015625,809.3638916015625,60,613.4736491367221,0.06860800087451935,c97a538280044259a127bd778aee63bd657394a27acfc8ffc22bb7b5fa68175c,True
1301,24,23,165,recent_k8,11.294200897216797,383.5726623535156,383.5726623535156,11.294200897216797,0.01251220703125,677.6520385742188,23014.359375,23014.359375,60,611.9750780053437,0.05632000043988228,e3859625e29bc691f0ffcc5e564fff40df3c08598e6345b0079456a208e6dd57,True
1302,24,23,180,recent_k8,4.555542945861816,40.62849426269531,40.62849426269531,4.555542945861816,0.00170135498046875,273.3325500488281,2437.70947265625,2437.70947265625,60,612.3589342460036,0.055296000093221664,d166e2236a167f83a8a4b3b5a2c461fd3856e0a3110f0ddff81621dbcec8939c,True
1303,24,23,195,recent_k8,3.4734697341918945,14.915579795837402,14.915579795837402,3.4734697341918945,0.0008692741394042969,208.40817260742188,894.9347534179688,894.9347534179688,60,612.8140119835734,0.05632000043988228,674e55e5feb382c7c5c470c668fab6dba31bf23983fa207524bf64f8f57707eb,True
1304,24,23,210,recent_k8,2.6882994174957275,15.848573684692383,15.848573684692383,2.6882994174957275,0.0005888938903808594,161.29795837402344,950.9143676757812,950.9143676757812,60,611.7419949732721,0.055296000093221664,2c4969234da8086d8c08fa033863bd50745af296b9e182d25e5c51653a504e7b,True
1305,24,23,225,recent_k8,2.793050765991211,18.036840438842773,18.036840438842773,2.793050765991211,0.0006437301635742188,167.58303833007812,1082.2103271484375,1082.2103271484375,60,612.0869829319417,0.05628800019621849,c2c9ca954f4fb5b56de9a407a49bc71a5f690a4c0ecf88a9ff0e1898162570b8,True
1306,24,53,30,recent_k8,37.436927795410156,2566.7060546875,2566.7060546875,37.436927795410156,0.0826416015625,2246.215576171875,154002.359375,154002.359375,60,612.5197010114789,0.055296000093221664,05fd2018944e50f611b939d943fa8a45fe1cee95b9b11a56e496f3186c2d5a9d,True
1307,24,53,45,recent_k8,24.72964859008789,5524.9052734375,1373.1700439453125,24.72964859008789,0.1722412109375,1483.77880859375,331494.3125,82390.1953125,60,615.6462267972529,0.05632000043988228,315a0c99fcda1457312b4dece20af8961110ad53da3e344936abd8435be58cbb,True
1308,24,53,60,recent_k8,30.747495651245117,1728.9808349609375,1728.9808349609375,30.747495651245117,0.05621337890625,1844.849609375,103738.84375,103738.84375,60,611.7782997898757,0.06143999844789505,9b492808040db87d1f9ad58a2fb07f1b29b926f06e835d8b1d18e6b91441fd37,True
1309,24,53,75,recent_k8,18.04106903076172,633.4293823242188,633.4293823242188,18.04106903076172,0.035003662109375,1082.464111328125,38005.76171875,38005.76171875,60,612.7125830389559,0.055296000093221664,5584fc2658c6a4a37702d8edbd246737c0b6357821c92c3a5af591d5dabdf93a,True
1310,24,53,90,recent_k8,20.501676559448242,462.46429443359375,462.46429443359375,20.501676559448242,0.02825927734375,1230.1005859375,27747.85546875,27747.85546875,60,612.3072793707252,0.055296000093221664,b70973416ba3111dbec7e76a1cca650b823aa92603e9d862094e19789ae36d94,True
1311,24,53,105,recent_k8,12.575309753417969,373.9367980957031,373.9367980957031,12.575309753417969,0.01367950439453125,754.5185546875,22436.20703125,22436.20703125,60,611.9568138383329,0.05632000043988228,1e4044bda273a9782f7cdf309c14974bba348999689fb711bf102364a93e9d48,True
1312,24,53,120,recent_k8,13.473676681518555,387.6202087402344,387.6202087402344,13.473676681518555,0.016571044921875,808.4205322265625,23257.2109375,23257.2109375,60,611.9227167218924,0.05526399984955788,79947899e51c3215cc60d29b2924d8b6dc3f2e07bb5d918161b19e5891bbf72a,True
1313,24,53,135,recent_k8,30.06609535217285,2408.333984375,2408.333984375,30.06609535217285,0.08807373046875,1803.965576171875,144500.03125,144500.03125,60,613.0229150876403,0.05734400078654289,5f3ae3d55a728f3d24c0e00c7a045c5bc5e7fcda02354ea051083fcf8468414b,True
1314,24,53,150,recent_k8,36.017822265625,2473.610595703125,2473.610595703125,36.017822265625,0.08636474609375,2161.0693359375,148416.625,148416.625,60,611.6758519783616,0.05737600103020668,58ee45a652cc056fedfdc6fd120db358ece312b53e96eab8feb903b06fe38c96,True
1315,24,53,165,recent_k8,12.418022155761719,454.90771484375,454.90771484375,12.418022155761719,0.0166015625,745.081298828125,27294.4609375,27294.4609375,60,611.652203835547,0.05632000043988228,954e8f560b2b66835399dba55dd92c057812ec70ec05f3cbd0dad0fe6c704b3f,True
1316,24,53,180,recent_k8,19.64498519897461,664.2275390625,664.2275390625,19.64498519897461,0.028717041015625,1178.6990966796875,39853.6484375,39853.6484375,60,611.5336869843304,0.055296000093221664,5caae305ba1ea5d0acb2f5f9edf51a9936868efe18c9195e7e50068a5c241240,True
1317,24,53,195,recent_k8,4.699336051940918,26.05254364013672,26.05254364013672,4.699336051940918,0.0013780593872070312,281.96014404296875,1563.152587890625,1563.152587890625,60,612.0024332776666,0.05632000043988228,0fea609cf3b065c6c2f62ccd3a7d66589367bc25379f99dd80d71362725fe317,True
1318,24,53,210,recent_k8,3.1022350788116455,22.594655990600586,22.594655990600586,3.1022350788116455,0.0007348060607910156,186.13409423828125,1355.6793212890625,1355.6793212890625,60,611.4223012700677,0.055296000093221664,c24fdd2e9251cc95d0b3ab9e937594df058bbd79bc1d3ab6c8823b3149261339,True
1319,24,53,225,recent_k8,3.646367073059082,31.540468215942383,31.540468215942383,3.646367073059082,0.0010194778442382812,218.78201293945312,1892.427978515625,1892.427978515625,60,613.5186408646405,0.05632000043988228,4349662efa8c6e805ea2701f8805f278770d81b4669da2ec3507e95f7aec3749,True
1320,24,84,30,recent_k8,23.040218353271484,1025.0521240234375,1025.0521240234375,23.040218353271484,0.03692626953125,1382.4130859375,61503.125,61503.125,60,613.4990826249123,0.056352000683546066,cd81bba7637f91e6017eed34160bf67af59f678d256b69156f54d4bf8ae3f9ad,True
1321,24,84,45,recent_k8,11.682353019714355,256.7029113769531,256.7029113769531,11.682353019714355,0.01065826416015625,700.941162109375,15402.173828125,15402.173828125,60,611.8329120799899,0.05632000043988228,eec9399871ed700264332298548bacb5baba6f9b9e51e496f722ed2a34482c5f,True
1322,24,84,60,recent_k8,21.232751846313477,629.3014526367188,629.3014526367188,21.232751846313477,0.0258026123046875,1273.965087890625,37758.0859375,37758.0859375,60,612.2896992601454,0.055296000093221664,cdeeebb06e2c026312b06b3d2a75e604dae88c6fd1dc7e03cf6d6e45c6f713f1,True
1323,24,84,75,recent_k8,3.4245917797088623,15.63656234741211,15.63656234741211,3.4245917797088623,0.000751495361328125,205.47549438476562,938.1936645507812,938.1936645507812,60,612.5180767849088,0.05632000043988228,a9da95ea0cf4eda7fcff91fcf29ba204814842417b03ee7adfb7c9ff6e1f24b3,True
1324,24,84,90,recent_k8,6.583108901977539,121.69596862792969,121.69596862792969,6.583108901977539,0.00485992431640625,394.98651123046875,7301.7578125,7301.7578125,60,611.654669046402,0.05734400078654289,7defd9e95313b35fab173de855b293dbaee084a7a45d84a1c6faa1730474fd84,True
1325,24,84,105,recent_k8,12.32835578918457,258.1950378417969,258.1950378417969,12.32835578918457,0.0145721435546875,739.7012939453125,15491.701171875,15491.701171875,60,611.7587490007281,0.06451199948787689,2298a0601a7276d2611b2121a3eefe2926c77ab81ac0e2518a247f438adb5b47,True
1326,24,84,120,recent_k8,13.677261352539062,250.41448974609375,250.41448974609375,13.677261352539062,0.0169677734375,820.6356201171875,15024.8681640625,15024.8681640625,60,612.4022738076746,0.05632000043988228,fda8505bf337ac1173ef27013a832db0af1bb3975ab3d6a9e8c431ceaeea6240,True
1327,24,84,135,recent_k8,13.498845100402832,665.8411254882812,665.8411254882812,13.498845100402832,0.0209503173828125,809.9306640625,39950.46484375,39950.46484375,60,613.4119848720729,0.055296000093221664,e2f7ca74a25e6073d6f409aa4d72ec826240324e07fa1fa0e8b4846c340ae7a7,True
1328,24,84,150,recent_k8,19.93568992614746,1010.1815795898438,1010.1815795898438,19.93568992614746,0.03125,1196.141357421875,60610.890625,60610.890625,60,612.3928669840097,0.05632000043988228,6e7ebf701d0fd850e211d365a19c826af187c83e6fae11ee43015e6265822cb4,True
1329,24,84,165,recent_k8,5.383166790008545,46.347782135009766,46.347782135009766,5.383166790008545,0.0016832351684570312,322.989990234375,2780.86669921875,2780.86669921875,60,612.7769048325717,0.05632000043988228,72a2886480c0df40f7191a50464eeb05d536948a3aa56f5d4a54b1066fdec9dc,True
1330,24,84,180,recent_k8,4.334933757781982,26.133607864379883,26.133607864379883,4.334933757781982,0.0009121894836425781,260.09600830078125,1568.016357421875,1568.016357421875,60,613.297410774976,0.055296000093221664,f98a43aab13eca5ec8c8dfd10039844403a9281cc51a2839e52bd809d361d322,True
1331,24,84,195,recent_k8,12.143817901611328,489.1769104003906,489.1769104003906,12.143817901611328,0.017486572265625,728.6290283203125,29350.61328125,29350.61328125,60,612.6706493087113,0.05632000043988228,35b3e227ae29925c62b1581ff923a30c3d8cf98905e097dc70d829b940da1c35,True
1332,24,84,210,recent_k8,18.103227615356445,529.9583129882812,529.9583129882812,18.103227615356445,0.0203857421875,1086.193603515625,31797.498046875,31797.498046875,60,612.5838118605316,0.05632000043988228,f467daa04d8c49e138893177bea9786189e5c9b0f6ff62083699b5c5fa8d5cc2,True
1333,24,84,225,recent_k8,6.718868255615234,84.3392105102539,84.3392105102539,6.718868255615234,0.0070037841796875,403.132080078125,5060.3525390625,5060.3525390625,60,613.5551929473877,0.05632000043988228,c7b1006c8d128663dcc084e4d9b28b4796e23aa4fe6c26da1353df49e88b7615,True
1334,24,59,30,recent_k8,20.724468231201172,834.1895141601562,834.1895141601562,20.724468231201172,0.030792236328125,1243.468017578125,50051.3671875,50051.3671875,60,612.562655005604,0.055296000093221664,c0b214069d291316af902932fbec8c8a6402a73e64bb7c01b931a13015bb1f03,True
1335,24,59,45,recent_k8,25.4989070892334,1054.7882080078125,1054.7882080078125,25.4989070892334,0.038848876953125,1529.934326171875,63287.2890625,63287.2890625,60,612.900183070451,0.05632000043988228,6b1100de98b824babbc105cf5c7bee1a679cb81696687024c294dd44d70ba963,True
1336,24,59,60,recent_k8,9.425558090209961,119.98143768310547,119.98143768310547,9.425558090209961,0.0047760009765625,565.533447265625,7198.8857421875,7198.8857421875,60,612.7832559868693,0.05632000043988228,423d28740d98b81f050f733d33ada181305c7ff7ba8795655e34cd44026e7ba9,True
1337,24,59,75,recent_k8,5.6184468269348145,116.33340454101562,116.33340454101562,5.6184468269348145,0.003948211669921875,337.1067810058594,6980.00390625,6980.00390625,60,612.7506783232093,0.055296000093221664,9f287c4dc7bd22f578d984a2637582894840c09079e846c8e57a04dfbfc5bf42,True
1338,24,59,90,recent_k8,6.193687438964844,73.8634262084961,73.8634262084961,6.193687438964844,0.0026836395263671875,371.6212158203125,4431.80517578125,4431.80517578125,60,612.5774309039116,0.055296000093221664,603f250b97a48edb949adca5cdb6e146c5b1bdf55805ec81fc39c82a82f615c9,True
1339,24,59,105,recent_k8,10.119953155517578,196.57318115234375,196.57318115234375,10.119953155517578,0.00811767578125,607.1971435546875,11794.390625,11794.390625,60,612.8532304428518,0.05632000043988228,e8441e0faa1771a8f0314112ea13bad7820124bd220a847253c20a378c45f3b0,True
1340,24,59,120,recent_k8,5.660424709320068,83.63223266601562,83.63223266601562,5.660424709320068,0.002651214599609375,339.6254577636719,5017.93359375,5017.93359375,60,611.0605406574905,0.055296000093221664,62d3da893c4e19886ca79a4acc24c84cd485dd4eb6050df1b5d247090bc01bf3,True
1341,24,59,135,recent_k8,3.3078784942626953,29.25076675415039,29.25076675415039,3.3078784942626953,0.0009279251098632812,198.4727020263672,1755.0458984375,1755.0458984375,60,611.7994948290288,0.0655359998345375,fc78cd4218572f30659e0e20e4be8fedbea7ae90ca622ed2b8f57b9ea2d7482f,True
1342,24,59,150,recent_k8,4.536755084991455,46.684810638427734,46.684810638427734,4.536755084991455,0.001483917236328125,272.2052917480469,2801.08837890625,2801.08837890625,60,614.2104296013713,0.055296000093221664,3b38147eee79cca7ec48566249d359671f383c7c1015d9bb6c4377698a4937e1,True
1343,24,59,165,recent_k8,2.805006504058838,20.851749420166016,20.851749420166016,2.805006504058838,0.0007781982421875,168.30038452148438,1251.1048583984375,1251.1048583984375,60,614.0312626957893,0.058368001133203506,076222632ce12cba73a028507575afa175953d92c265ea45f179bf84fb75c37c,True
1344,24,59,180,recent_k8,6.7991132736206055,133.2895050048828,133.2895050048828,6.7991132736206055,0.0042877197265625,407.94677734375,7997.36962890625,7997.36962890625,60,612.830207683146,0.058368001133203506,dce9a885997a97802c4d93bd979bb36c11faa16b7c65c43351ffe1b75448bc14,True
1345,24,59,195,recent_k8,11.522067070007324,290.0494079589844,290.0494079589844,11.522067070007324,0.009063720703125,691.323974609375,17402.962890625,17402.962890625,60,612.4812941998243,0.05632000043988228,b000946e18e870d997aabc331d529eacfdf157179d7eb2f0981a5ddf8452986f,True
1346,24,59,210,recent_k8,4.396170139312744,27.767911911010742,27.767911911010742,4.396170139312744,0.00154876708984375,263.77020263671875,1666.0745849609375,1666.0745849609375,60,611.736532766372,0.055296000093221664,c59dfb2c9bfb1ba61947782a0769a02d9b8b39f6f9d4f3b860ee6d46f288cec5,True
1347,24,59,225,recent_k8,4.2172112464904785,27.58641815185547,27.58641815185547,4.2172112464904785,0.0012521743774414062,253.0326690673828,1655.18505859375,1655.18505859375,60,613.79429185763,0.05632000043988228,4ffd3076a8667bdcc4d7b14c2ec348ac08248dcf886a936a598a8e19720a021d,True
1348,24,49,30,recent_k8,31.6358642578125,4991.36767578125,2033.9605712890625,31.6358642578125,0.165283203125,1898.1517333984375,299482.03125,122037.625,60,612.0707229711115,0.05939200147986412,8773e286a460f0f19f6052b8a76573d6d6e75c5d9e53f00ebcd68f347310cf94,True
1349,24,49,45,recent_k8,19.30888557434082,623.6854858398438,623.6854858398438,19.30888557434082,0.0309600830078125,1158.5330810546875,37421.12890625,37421.12890625,60,612.1476432308555,0.05734400078654289,c1b75d3273297bf39a8d2f7554ca6c9dd108c97bf625ee0b88a27ae658e3af36,True
1350,24,49,60,recent_k8,25.243976593017578,1512.478759765625,1512.478759765625,25.243976593017578,0.049530029296875,1514.6385498046875,90748.71875,90748.71875,60,613.1424251943827,0.062463998794555664,29e58f4b03bfc5a7ff430246a61c4da400e02f90ac17534c490dced89daf12d2,True
1351,24,49,75,recent_k8,19.33083724975586,816.6260986328125,816.6260986328125,19.33083724975586,0.0258331298828125,1159.8502197265625,48997.5625,48997.5625,60,612.5350431539118,0.058368001133203506,629a8620942353e2c84f5cdfa3b17de4092a24baf2cd4e9593e87ffe273c1cbe,True
1352,24,49,90,recent_k8,22.049396514892578,792.8490600585938,792.8490600585938,22.049396514892578,0.025543212890625,1322.9637451171875,47570.94140625,47570.94140625,60,612.7283819951117,0.05632000043988228,625c3eb3fa9fb8160b52463fc807ace1d9f47dfae76b83b0ab78eb8d93340b26,True
1353,24,49,105,recent_k8,7.885964393615723,125.38028717041016,125.38028717041016,7.885964393615723,0.006893157958984375,473.1578369140625,7522.81689453125,7522.81689453125,60,613.1668100133538,0.05632000043988228,22ff90ca345686f868bb9fb6363fec587396cfe4e1aa65eacfe55bcf59913642,True
1354,24,49,120,recent_k8,5.677457332611084,73.22266387939453,73.22266387939453,5.677457332611084,0.0023365020751953125,340.6474304199219,4393.359375,4393.359375,60,613.6666247621179,0.055296000093221664,b11fb775b9c5b40a8a31d1fbd3aa26f5c909e7647521900ed53d2be23dc6f09f,True
1355,24,49,135,recent_k8,2.8157997131347656,14.434257507324219,14.434257507324219,2.8157997131347656,0.0005869865417480469,168.94796752929688,866.055419921875,866.055419921875,60,612.6863681711257,0.05632000043988228,026e978fc0aaf902ef4b719080ab30fb0cbeb69491055191437da05222d587a6,True
1356,24,49,150,recent_k8,6.010636806488037,48.180145263671875,48.180145263671875,6.010636806488037,0.0017604827880859375,360.63818359375,2890.80859375,2890.80859375,60,612.8090783022344,0.055296000093221664,1c95634318260246dbe1c7f88835b458a592d69ac1650f046f1337c162462fe1,True
1357,24,49,165,recent_k8,4.7485222816467285,55.46226501464844,55.46226501464844,4.7485222816467285,0.0018625259399414062,284.91131591796875,3327.73583984375,3327.73583984375,60,612.9563669674098,0.0562559999525547,00f3fc016b41bab00057861b5a5f12638e3a78997fd9dc76e75b84aa201ce9ba,True
1358,24,49,180,recent_k8,15.025235176086426,455.26617431640625,455.26617431640625,15.025235176086426,0.01465606689453125,901.5140380859375,27315.96875,27315.96875,60,612.4162646010518,0.055296000093221664,2ee170dfb4663406d11332d4f6d1e0ec3704349ad41f82365f8d63e1a85390cd,True
1359,24,49,195,recent_k8,9.020398139953613,182.0500030517578,182.0500030517578,9.020398139953613,0.005947113037109375,541.223876953125,10923.0,10923.0,60,613.0125001072884,0.05632000043988228,a3a0e4552a9e0a166e0b05c769ebb915e6428fa63cd539742d34d1fd160e83e0,True
1360,24,49,210,recent_k8,7.7339768409729,90.60416412353516,90.60416412353516,7.7339768409729,0.004871368408203125,464.03857421875,5436.24951171875,5436.24951171875,60,610.8978441916406,0.062463998794555664,65c686b64a695e4a0f6fb4671b633ac2269b337f5044e090121b2e72db5c3072,True
1361,24,49,225,recent_k8,6.325668811798096,55.73127365112305,55.73127365112305,6.325668811798096,0.0024471282958984375,379.54010009765625,3343.876220703125,3343.876220703125,60,613.0404840223491,0.055296000093221664,d98bef98214576afacee2a48de46438efb32d23ac8672da4c90084c0a39105fa,True
1362,24,7,30,recent_k8,24.811161041259766,798.9581298828125,798.9581298828125,24.811161041259766,0.03497314453125,1488.6695556640625,47937.484375,47937.484375,60,613.2411221042275,0.055296000093221664,67e45c37476cc8e21fb7aae8858dfc7d851da90f098b21df0fcc8bb317aef4e2,True
1363,24,7,45,recent_k8,17.216516494750977,576.4530639648438,576.4530639648438,17.216516494750977,0.0185699462890625,1032.990966796875,34587.18359375,34587.18359375,60,613.1072258576751,0.05632000043988228,8bd939815e276a5c6ef9ca37fb585ac934439627fc53425e249e642c9dc03be2,True
1364,24,7,60,recent_k8,20.4145450592041,1074.7957763671875,1074.7957763671875,20.4145450592041,0.03692626953125,1224.8726806640625,64487.74609375,64487.74609375,60,612.6984409056604,0.05632000043988228,10dcadc4de80456a17418bd13b04e44f4a36f9ff557bd05896f05cf1c1f503b5,True
1365,24,7,75,recent_k8,30.824216842651367,2241.909912109375,2241.909912109375,30.824216842651367,0.07611083984375,1849.452880859375,134514.59375,134514.59375,60,612.9666799679399,0.055296000093221664,560b948fb517966d97ff118a8880cfb4ce125070857efd025d3e95667f938483,True
1366,24,7,90,recent_k8,49.16291809082031,4795.55224609375,4795.55224609375,49.16291809082031,0.1534423828125,2949.77490234375,287733.125,287733.125,60,619.0679161809385,0.055296000093221664,033990cae4d4addd9148e3130494d3a05fbd9f7798284dbe6d26a3843e409afe,True
1367,24,7,105,recent_k8,23.975139617919922,865.0318603515625,865.0318603515625,23.975139617919922,0.03363037109375,1438.50830078125,51901.91015625,51901.91015625,60,629.3168077245355,0.08601599931716919,89f07ff2134bd57a154313092cd543c089f4542c99d424e578d7725edf34b5aa,True
1368,24,7,120,recent_k8,28.620441436767578,973.733642578125,973.733642578125,28.620441436767578,0.038330078125,1717.2264404296875,58424.015625,58424.015625,60,626.1289343237877,0.06451199948787689,c96f45727e136ee32c3830bc457fb8286c05eb4569a1d2ef888ecf3564d8d6f5,True
1369,24,7,135,recent_k8,5.483670234680176,62.47322463989258,62.47322463989258,5.483670234680176,0.0038604736328125,329.02020263671875,3748.393310546875,3748.393310546875,60,634.4718770124018,0.060416001826524734,729e161b17b96895a07a4be8c595aa0c3aa87f5eb403e0672aef96e79d6eef9e,True
1370,24,7,150,recent_k8,11.14066219329834,188.16302490234375,188.16302490234375,11.14066219329834,0.017242431640625,668.439697265625,11289.78125,11289.78125,60,615.1944031007588,0.06348799914121628,dd54e0e4e136e991809359a7478d5a4af1a084c40167e87f63d0f7dfa6df931f,True
1371,24,7,165,recent_k8,14.27132511138916,295.1612854003906,295.1612854003906,14.27132511138916,0.0157623291015625,856.2794799804688,17709.67578125,17709.67578125,60,614.3740839324892,0.06451199948787689,8a15811c41f25bdcbf456a9b662b6abbd33cac7de7d03f3a7f2fd1cffcc7ce82,True
1372,24,7,180,recent_k8,5.135589122772217,51.945316314697266,51.945316314697266,5.135589122772217,0.0019741058349609375,308.1353454589844,3116.71875,3116.71875,60,614.9474801495671,0.05734400078654289,c204974cf5e5d50bbbb5d529af04fc340385a630f3cff574d5a6e8234e19502b,True
1373,24,7,195,recent_k8,6.966104507446289,100.22765350341797,100.22765350341797,6.966104507446289,0.0041046142578125,417.96624755859375,6013.65869140625,6013.65869140625,60,614.3447076901793,0.055296000093221664,5a09a5e0ef4cf761a1991b00e0fde80c2822703a31739b380a1588fab2158200,True
1374,24,7,210,recent_k8,9.818702697753906,157.37916564941406,157.37916564941406,9.818702697753906,0.00600433349609375,589.1221313476562,9442.7490234375,9442.7490234375,60,613.9126946218312,0.05734400078654289,f90543aefbf29f48a1fc43f58eb1916de1bba0d7b18ebf10b9a4012f2bee3062,True
1375,24,7,225,recent_k8,6.707526683807373,70.8830795288086,70.8830795288086,6.707526683807373,0.004726409912109375,402.4515686035156,4252.984375,4252.984375,60,618.1314401328564,0.055296000093221664,3aac83d066d25f569f02fd9de8ac3483be9b68af7f15b68c19475fbd2f89bbff,True
1376,24,47,30,recent_k8,22.16632652282715,7000.37451171875,1566.9820556640625,22.16632652282715,0.221435546875,1329.9794921875,420022.4375,94018.921875,60,616.2909921258688,0.055296000093221664,1c2b9c12f906a669f706b58f215eae2ed0634570c8d9a1ccbfa5a854cd65f35e,True
1377,24,47,45,recent_k8,45.21858215332031,17393.130859375,4853.22607421875,45.21858215332031,0.537109375,2713.11474609375,1043587.8125,291193.5625,60,614.827779121697,0.058368001133203506,e3e903c0a9eb0fb54f36cc0f619f38c95a0c884b79335d11602ab6f4b5284f9a,True
1378,24,47,60,recent_k8,51.26243591308594,12104.3076171875,7269.01904296875,51.26243591308594,0.375732421875,3075.74609375,726258.4375,436141.125,60,614.7980010136962,0.055296000093221664,1d5353ce842e75a7d9e19bd035f24866460c6aac84b85b772e69dd1cfad436a2,True
1379,24,47,75,recent_k8,14.401070594787598,2426.04541015625,867.095458984375,14.401070594787598,0.07550048828125,864.064208984375,145562.71875,52025.7265625,60,614.6371345967054,0.058368001133203506,5ddf2aa9471d5f7712ad8e11aaf5248d7b8e455c93ad6d8647aff47efdeb8ac7,True
1380,24,47,90,recent_k8,18.23798179626465,2736.711181640625,838.67919921875,18.23798179626465,0.08544921875,1094.27880859375,164202.65625,50320.75,60,615.4881059192121,0.05632000043988228,21391f5f08ab959f988c4f7b229603baa9f245bfa33a8cc4a94fe7d2d21913ab,True
1381,24,47,105,recent_k8,6.898837089538574,110.92554473876953,110.92554473876953,6.898837089538574,0.00360107421875,413.9302062988281,6655.5322265625,6655.5322265625,60,615.598157979548,0.05632000043988228,37aa93a74e7b5382da5617e75d4738522569b45b35a610a04e7c1272502503e7,True
1382,24,47,120,recent_k8,5.6372480392456055,55.51918411254883,55.51918411254883,5.6372480392456055,0.003391265869140625,338.23486328125,3331.15087890625,3331.15087890625,60,613.8173569925129,0.055296000093221664,5228a78619c1ca73eee6508c815d09f37ad1452822892e9afef81efe0c141663,True
1383,24,47,135,recent_k8,7.715842247009277,85.77566528320312,85.77566528320312,7.715842247009277,0.0033397674560546875,462.95050048828125,5146.53955078125,5146.53955078125,60,614.6687688305974,0.06451199948787689,c0c7ed01c907a595c37ac98d78c2c41f3da4938513bbaeaee069cea517133bd1,True
1384,24,47,150,recent_k8,12.168347358703613,394.4806213378906,394.4806213378906,12.168347358703613,0.0164947509765625,730.100830078125,23668.8359375,23668.8359375,60,614.6557019092143,0.05632000043988228,9110f068987342ab026d1365e4926dab193ca6081b25c07cf817a9487447295c,True
1385,24,47,165,recent_k8,15.884713172912598,516.3646240234375,516.3646240234375,15.884713172912598,0.0211334228515625,953.082763671875,30981.875,30981.875,60,615.0468490086496,0.05734400078654289,331eee2df07fcc0fcb4c281eef256689604ad4cb3cf68c894aed22f85f5b8a58,True
1386,24,47,180,recent_k8,7.142221927642822,105.9391098022461,105.9391098022461,7.142221927642822,0.0037174224853515625,428.5332946777344,6356.34619140625,6356.34619140625,60,613.9729921706021,0.05632000043988228,1ec7ee60c93563dae05f97f832514b5a877e2e0e41e1710d1c23ad1e67fd962a,True
1387,24,47,195,recent_k8,3.9434974193573,29.843660354614258,29.843660354614258,3.9434974193573,0.0011749267578125,236.60983276367188,1790.6195068359375,1790.6195068359375,60,614.2167006619275,0.05632000043988228,8eff6b0e038d22e3055de8267df83f69aba56954215cb1d6706c5d967c972205,True
1388,24,47,210,recent_k8,6.015254497528076,48.800384521484375,48.800384521484375,6.015254497528076,0.0020580291748046875,360.9152526855469,2928.02294921875,2928.02294921875,60,614.3680610693991,0.05734400078654289,56385699d82d3a828d66a533e4a55b8e96bb8ced02d6a5e16019dfe6770e710e,True
1389,24,47,225,recent_k8,1.9703367948532104,11.326984405517578,11.326984405517578,1.9703367948532104,0.0003669261932373047,118.22019958496094,679.6190185546875,679.6190185546875,60,615.0725847110152,0.05632000043988228,0e6a48e833c2d37f68bcc61cff756849488528b7dec5d267498713b1628ea42d,True
1390,24,30,30,recent_k8,4.639117240905762,31.286949157714844,31.286949157714844,4.639117240905762,0.0011072158813476562,278.3470153808594,1877.216796875,1877.216796875,60,615.1999649591744,0.05632000043988228,7b4fc9265d65cf9c0ae385e66b17a08cd029e6045d6d94c077662af016df7ef4,True
1391,24,30,45,recent_k8,4.005009174346924,26.881576538085938,26.881576538085938,4.005009174346924,0.0009927749633789062,240.300537109375,1612.89453125,1612.89453125,60,614.4142835400999,0.06348799914121628,dd280d64c874a1fd7bcd3b9c0a3b670d87114fb2385175f638acfa3bf29bd104,True
1392,24,30,60,recent_k8,4.455015659332275,34.71294021606445,34.71294021606445,4.455015659332275,0.0010814666748046875,267.3009338378906,2082.7763671875,2082.7763671875,60,613.7744332663715,0.05632000043988228,166bc42d7090154c60016cef92fdc7a24742a62a4c85e19b92eb55c3f8432091,True
1393,24,30,75,recent_k8,2.664931297302246,9.586849212646484,9.586849212646484,2.664931297302246,0.0004608631134033203,159.8958740234375,575.2109375,575.2109375,60,614.6163949742913,0.058368001133203506,8baff08709df1a23a536cd7a6c61491a90db6eea1de5266ddd30b44bdef43e1f,True
1394,24,30,90,recent_k8,2.101280689239502,10.872037887573242,10.872037887573242,2.101280689239502,0.00036334991455078125,126.07683563232422,652.322265625,652.322265625,60,607.3116450570524,0.06656000018119812,3d34f465b42898e4398850648ef6991b0a9084e4af04542a718bf96aac3dbb86,True
1395,24,30,105,recent_k8,4.369191646575928,40.86391830444336,40.86391830444336,4.369191646575928,0.00127410888671875,262.1514892578125,2451.8349609375,2451.8349609375,60,613.0771851167083,0.06656000018119812,d20696889b249abfba835036a3718c5c3108ef97394b049f73e87caf91d30b65,True
1396,24,30,120,recent_k8,1.7685047388076782,5.430837154388428,5.430837154388428,1.7685047388076782,0.00018286705017089844,106.11027526855469,325.8502197265625,325.8502197265625,60,639.2591679468751,0.05532800033688545,d1e525b9b4cb56523830a6d3155b7fc8ec5d702e73248fc1fc3c8d320704e3f5,True
1397,24,30,135,recent_k8,2.4138600826263428,17.270200729370117,17.270200729370117,2.4138600826263428,0.0006346702575683594,144.83160400390625,1036.2120361328125,1036.2120361328125,60,613.7698208913207,0.06348799914121628,8d7836d255dc987e18ed5c6ccbd22d4574338c61a38f6e99592bd5a2d06ca054,True
1398,24,30,150,recent_k8,6.472414493560791,101.29383850097656,101.29383850097656,6.472414493560791,0.0031566619873046875,388.3448486328125,6077.6298828125,6077.6298828125,60,613.5159442201257,0.055296000093221664,6581884094d91eb4e753d893d50bd5eb4f03f39d3fa82e22eb60ef30b5e3b425,True
1399,24,30,165,recent_k8,4.437219619750977,51.35846710205078,51.35846710205078,4.437219619750977,0.0017156600952148438,266.233154296875,3081.5078125,3081.5078125,60,613.8209528289735,0.055296000093221664,97375ef6b0bf67e08e2ea1716bea655df1cfb6d87f16fbdf534f82687362131b,True
1400,24,30,180,recent_k8,10.7942476272583,245.5791015625,245.5791015625,10.7942476272583,0.00792694091796875,647.6548461914062,14734.7451171875,14734.7451171875,60,615.2258003130555,0.06656000018119812,5a86081395eb112dc34dc5ad745b5b767a2126243175a00af3ea4c40abc3cf03,True
1401,24,30,195,recent_k8,4.02244758605957,31.196388244628906,31.196388244628906,4.02244758605957,0.001190185546875,241.3468475341797,1871.783203125,1871.783203125,60,605.6991219520569,0.05734400078654289,8ea04b87e6bee584a1014f8c322dceea73e8d7ac71a65346f34250845604349c,True
1402,24,30,210,recent_k8,3.3981897830963135,19.927976608276367,19.927976608276367,3.3981897830963135,0.0006852149963378906,203.89137268066406,1195.6785888671875,1195.6785888671875,60,610.9763388521969,0.05628800019621849,fed239b189957db2460db9ad69d6de57a51cad7967a9ac32c0b2c7da43e82844,True
1403,24,30,225,recent_k8,3.381263494491577,20.337383270263672,20.337383270263672,3.381263494491577,0.0009007453918457031,202.87579345703125,1220.242919921875,1220.242919921875,60,608.6335238069296,0.05734400078654289,89116ccbce22195fc7cbf0279f63b44123e9a220379b4554350bce09ea501d3b,True
1404,25,83,30,recent_k8,26.899028778076172,12520.392578125,2608.869140625,26.899028778076172,0.38671875,1613.941650390625,751223.5,156532.140625,60,607.971073128283,0.05539200082421303,512a3dcd6c55af6e982bd461e95a384850895915697e98ee0c401c8b4ffe4d40,True
1405,25,83,45,recent_k8,32.18434524536133,3619.781494140625,3281.9912109375,32.18434524536133,0.1123046875,1931.0606689453125,217186.875,196919.46875,60,607.6155491173267,0.05632000043988228,76ac93bf548a6560b0e6db823f11fc496e414322abc5f22fe2465e04763e26e8,True
1406,25,83,60,recent_k8,51.645347595214844,8717.6669921875,7569.4755859375,51.645347595214844,0.26953125,3098.720703125,523060.0,454168.5,60,608.5752490907907,0.05632000043988228,06070686211bbd3b8ac2558a25c875487bf516d67d68893a1b48572726d9e45f,True
1407,25,83,75,recent_k8,56.305049896240234,9389.83203125,8884.2158203125,56.305049896240234,0.2900390625,3378.302734375,563389.875,533052.9375,60,608.6403103545308,0.058368001133203506,cba3a8084ccccbf7bd48151f4890656370e90f0c5ed9e5750a2fc5f7f89ecfaf,True
1408,25,83,90,recent_k8,52.41032028198242,9369.255859375,7586.57373046875,52.41032028198242,0.2900390625,3144.619140625,562155.3125,455194.40625,60,612.2617032378912,0.06047999858856201,55ccfd4aaa7fb644158a8a46f9c3ab5b19d4d0a0b059882a956124173fbed366,True
1409,25,83,105,recent_k8,46.04031753540039,6221.74755859375,4655.58154296875,46.04031753540039,0.1944580078125,2762.4189453125,373304.84375,279334.875,60,613.825707230717,0.06864000111818314,41da39593a70f4ed0f251089f3f627a5a5d0a6b443feeda042ec852ba393cf8b,True
1410,25,83,120,recent_k8,27.486045837402344,5812.48876953125,1991.59521484375,27.486045837402344,0.1807861328125,1649.1627197265625,348749.3125,119495.703125,60,613.4867742657661,0.055296000093221664,6a30545d29194d0027bc4b256681327c86aafdd4144f249ff455de7a478e350b,True
1411,25,83,135,recent_k8,57.01312255859375,14721.9052734375,7608.28857421875,57.01312255859375,0.458984375,3420.787109375,883314.25,456497.28125,60,614.0064988285303,0.055296000093221664,82ad070c91712aa900aab8194097b5bc677afd78153116b6bee189ef8ea8a977,True
1412,25,83,150,recent_k8,14.763769149780273,1825.208984375,421.6937255859375,14.763769149780273,0.05859375,885.8261108398438,109512.53125,25301.623046875,60,613.4855360724032,0.055296000093221664,bee744952c439927ec26cc4d0cafdda50763d0e30406e58eef3ac808f348a314,True
1413,25,83,165,recent_k8,31.151029586791992,16759.888671875,2520.969482421875,31.151029586791992,0.51806640625,1869.0616455078125,1005593.25,151258.15625,60,613.3343088440597,0.055296000093221664,1535aa2c068eb7eac4dd43a7c0bfbbb84fa9324ddd2a3146c2ef371e15cc64d9,True
1414,25,83,180,recent_k8,34.858253479003906,16969.705078125,3981.06640625,34.858253479003906,0.5244140625,2091.4951171875,1018182.25,238863.96875,60,613.3307800628245,0.055296000093221664,81931d961d87c3f764617c54fcc72c280c983d8892b0207b8446504672959f5f,True
1415,25,83,195,recent_k8,28.298673629760742,20909.9140625,1899.66015625,28.298673629760742,0.646484375,1697.9202880859375,1254594.75,113979.6015625,60,613.4102819487453,0.05734400078654289,e1948d6fb956b71e09366b12fdc2f9d1daf5e5708f62be35504e0545cfc98f78,True
1416,25,83,210,recent_k8,11.571914672851562,307.3172302246094,307.3172302246094,11.571914672851562,0.01093292236328125,694.3148193359375,18439.033203125,18439.033203125,60,613.5775409638882,0.05632000043988228,cbeadd6fd914c549db4fb95e8bb18f38b9b0b2b4a5f8cddbfb0f2a93cce7b36f,True
1417,25,83,225,recent_k8,13.959251403808594,480.66461181640625,480.66461181640625,13.959251403808594,0.0163421630859375,837.5550537109375,28839.875,28839.875,60,614.4067039713264,0.05734400078654289,1ad984b88eb65837c26a19c2ea9ef880d52ac3e39060be6e64a5efc408ef9bea,True
1418,25,15,30,recent_k8,14.019108772277832,385.3962707519531,385.3962707519531,14.019108772277832,0.0134735107421875,841.146484375,23123.775390625,23123.775390625,60,614.3160467036068,0.055296000093221664,8271bcffe645cfa2abd9dabfaee630b2594bc9514ed9e4873ace229269c415a4,True
1419,25,15,45,recent_k8,11.511811256408691,204.77586364746094,204.77586364746094,11.511811256408691,0.007472991943359375,690.7086181640625,12286.55078125,12286.55078125,60,614.1428789123893,0.05734400078654289,df2db00cf59397db27be425e142e249e36240949f6e6f826df11a4fcef4db43e,True
1420,25,15,60,recent_k8,20.213302612304688,926.4788208007812,926.4788208007812,20.213302612304688,0.0287628173828125,1212.798095703125,55588.7265625,55588.7265625,60,612.4940388835967,0.05632000043988228,c642d9bceb2e8662ee1da851761e0c1047696efd00cee4aa26f8368060e702a5,True
1421,25,15,75,recent_k8,11.613729476928711,286.139404296875,286.139404296875,11.613729476928711,0.009063720703125,696.82373046875,17168.36328125,17168.36328125,60,612.9157445393503,0.05734400078654289,83d9348e136075f121f2a49f4135c41740472e657cf5ae179dd43e7c9884e8ee,True
1422,25,15,90,recent_k8,10.688511848449707,240.11990356445312,240.11990356445312,10.688511848449707,0.00943756103515625,641.3106689453125,14407.193359375,14407.193359375,60,612.3604020103812,0.055296000093221664,fd8ea3e66b55d6942e67f07e202ebe3b13787fc439b8ca431ed6ffa21859af4a,True
1423,25,15,105,recent_k8,12.736043930053711,395.5666198730469,395.5666198730469,12.736043930053711,0.01248931884765625,764.16259765625,23733.99609375,23733.99609375,60,612.6919612288475,0.05632000043988228,886f4eb46cc17bba64ccc70d8b8f7d9d12275e7e645def7e7afb27bd6df02353,True
1424,25,15,120,recent_k8,8.24126148223877,152.01341247558594,152.01341247558594,8.24126148223877,0.005123138427734375,494.47564697265625,9120.8046875,9120.8046875,60,615.3250541538,0.05632000043988228,699c690d5518d718780e198bb457bfa0c1a76e97033929694255263b8f49ccb8,True
1425,25,15,135,recent_k8,2.532658100128174,8.614543914794922,8.614543914794922,2.532658100128174,0.00036525726318359375,151.95947265625,516.8726196289062,516.8726196289062,60,618.1231159716845,0.07372800260782242,60150b33d0f000eab582f71435d91b821405210edd43608d9895185b9142984e,True
1426,25,15,150,recent_k8,5.420314788818359,61.7885627746582,61.7885627746582,5.420314788818359,0.0029754638671875,325.2188720703125,3707.3134765625,3707.3134765625,60,613.7827630154788,0.05734400078654289,ebf9be28b060f70747b2196f1a1abaac85eb93719855a651edefe711535bd1a3,True
1427,25,15,165,recent_k8,5.704244136810303,54.43526840209961,54.43526840209961,5.704244136810303,0.002307891845703125,342.254638671875,3266.115966796875,3266.115966796875,60,613.9358528889716,0.05632000043988228,25e6a089fab3901a5314092bd7b2efa2fde7aa46ba0b4d709d2c0871e4aa094d,True
1428,25,15,180,recent_k8,4.868346214294434,54.90861511230469,54.90861511230469,4.868346214294434,0.0017633438110351562,292.10076904296875,3294.516845703125,3294.516845703125,60,612.9937348887324,0.055296000093221664,3b165b5d0263aef4b9129103750e9011aebe6b656561b0207e74c1490297fae4,True
1429,25,15,195,recent_k8,5.037881374359131,117.63259887695312,117.63259887695312,5.037881374359131,0.0037364959716796875,302.2728576660156,7057.95556640625,7057.95556640625,60,614.060465246439,0.055296000093221664,c345eb15545af823eb16cf511479f4f083214bcdb57e0fe5d21b64d7be29a43e,True
1430,25,15,210,recent_k8,27.663747787475586,1830.5386962890625,1830.5386962890625,27.663747787475586,0.057037353515625,1659.8248291015625,109832.3125,109832.3125,60,614.0989661216736,0.055296000093221664,58417bcf0bb0fdbcf01cf8537293927429b9a69eb9d6954438b9f749a36efbc6,True
1431,25,15,225,recent_k8,12.381939888000488,412.72259521484375,412.72259521484375,12.381939888000488,0.01297760009765625,742.9163818359375,24763.353515625,24763.353515625,60,614.98709814623,0.0562559999525547,870016195088d2e9aaa569cb9eef20a46603a2503b76f5e363c124442760e43f,True
1432,25,3,30,recent_k8,17.701370239257812,615.8358764648438,615.8358764648438,17.701370239257812,0.0209197998046875,1062.0821533203125,36950.15234375,36950.15234375,60,613.7892217375338,0.05734400078654289,07b4764dddce98f2dd3c661d3622c39fa130886f70ca3f1b3f8149c6d6037416,True
1433,25,3,45,recent_k8,29.094085693359375,2153.260986328125,2153.260986328125,29.094085693359375,0.0743408203125,1745.64501953125,129195.6484375,129195.6484375,60,614.4793662242591,0.05734400078654289,7bf9fede63b40be437e4f8d39e5f6e77a2cbb94989d19b1ef0828b0e5b213e5c,True
1434,25,3,60,recent_k8,55.64936828613281,9024.9443359375,6937.5078125,55.64936828613281,0.285888671875,3338.9619140625,541496.625,416250.4375,60,614.4497082568705,0.05632000043988228,c77d076c062b499dec6b0b252a9bc42dd87bfd28b5b27f3c8b0a35580e7373b0,True
1435,25,3,75,recent_k8,51.061641693115234,7145.142578125,7025.6005859375,51.061641693115234,0.22119140625,3063.6982421875,428708.53125,421536.0,60,614.3115200102329,0.05632000043988228,d3d5b0b0d52ab77f9ed5c11db975b97006eedd2573c24c4fec535350f455bd2e,True
1436,25,3,90,recent_k8,20.50710105895996,14805.677734375,1254.209716796875,20.50710105895996,0.457763671875,1230.426025390625,888340.625,75252.578125,60,613.5540613904595,0.055296000093221664,7621cc53d8768339732314c0185ee89410d0eaf5e003a13eaa9cf9bdfc4909f5,True
1437,25,3,105,recent_k8,46.6333122253418,4967.416015625,4967.416015625,46.6333122253418,0.1573486328125,2797.99853515625,298044.9375,298044.9375,60,613.5916006751359,0.05632000043988228,78e76107295b67ca8a6a888f120d0a6fe4514c5ed21e34cc7e5740e1c8b14c0d,True
1438,25,3,120,recent_k8,21.308639526367188,676.6754150390625,676.6754150390625,21.308639526367188,0.03741455078125,1278.518310546875,40600.5234375,40600.5234375,60,613.0598690360785,0.055296000093221664,e92151e3022a0c7abd7169a72822163e09113accb95ef351b9722951c95c05d4,True
1439,25,3,135,recent_k8,10.397083282470703,255.03929138183594,255.03929138183594,10.397083282470703,0.00830841064453125,623.824951171875,15302.3564453125,15302.3564453125,60,612.9582207649946,0.055296000093221664,888d84093d6dbae50f81ac499edea317af6b4a3bebe9cc89bb371489b178c286,True
1440,25,3,150,recent_k8,13.762384414672852,401.7044982910156,401.7044982910156,13.762384414672852,0.01316070556640625,825.7430419921875,24102.26953125,24102.26953125,60,609.1760220006108,0.05632000043988228,cf5b34cf55d4311a855fd3b9baa7bc83387dbf54046c438e2571bff4a286a01f,True
1441,25,3,165,recent_k8,18.611536026000977,1693.72509765625,1693.72509765625,18.611536026000977,0.05242919921875,1116.692138671875,101623.5,101623.5,60,609.329632949084,0.055296000093221664,ade41863abf7365a33e53cae28e7c7e1fbca0702344e9d5743318a489a67b3c3,True
1442,25,3,180,recent_k8,28.263452529907227,2196.3662109375,2196.3662109375,28.263452529907227,0.068359375,1695.8070068359375,131781.96875,131781.96875,60,610.0925346836448,0.05632000043988228,14141b6ec1fbd551965300708803748177300cff33608479f2a58dcafc76854e,True
1443,25,3,195,recent_k8,45.5899772644043,5744.58251953125,5654.3310546875,45.5899772644043,0.178466796875,2735.3984375,344674.9375,339259.84375,60,608.9759590104222,0.05632000043988228,fedb9ec961aebf53a42c25f02858e6863ab1c7e79ff2325b430d4e673895011c,True
1444,25,3,210,recent_k8,58.56761932373047,9835.712890625,9066.1025390625,58.56761932373047,0.304443359375,3514.056884765625,590142.75,543966.125,60,608.5511539131403,0.05632000043988228,895adae5385cf2f440d2006dcbfb5f0b0e9b59e387acd4e4baef19ef8e787f58,True
1445,25,3,225,recent_k8,17.283977508544922,755.6975708007812,755.6975708007812,17.283977508544922,0.0246124267578125,1037.03857421875,45341.8515625,45341.8515625,60,612.8175999037921,0.056384000927209854,10f024c195eeebd77a8739d3098efbb7be89157a30854d3a060703b1b157553c,True
1446,25,35,30,recent_k8,7.799643516540527,209.50717163085938,209.50717163085938,7.799643516540527,0.00994110107421875,467.97857666015625,12570.4296875,12570.4296875,60,613.2848779670894,0.05734400078654289,3fcd7183b4360b1abe0643ee5747b3f06e0772358b7ae725bce919ccc8f1ebf7,True
1447,25,35,45,recent_k8,45.60808563232422,4179.0498046875,4179.0498046875,45.60808563232422,0.1351318359375,2736.485107421875,250742.96875,250742.96875,60,613.9648123644292,0.05632000043988228,f3cdacd2295629d5e3fa74b0714a3538820c28c01b65fb734f427ffe216823cc,True
1448,25,35,60,recent_k8,5.8872480392456055,56.987545013427734,56.987545013427734,5.8872480392456055,0.003154754638671875,353.23486328125,3419.25244140625,3419.25244140625,60,613.4877181611955,0.055296000093221664,fb01d9d4bdce8cb9a80ac15fa586a007bfd71a2862635453eb9c58b2faae27be,True
1449,25,35,75,recent_k8,11.241632461547852,363.5482482910156,363.5482482910156,11.241632461547852,0.0115814208984375,674.4979248046875,21812.89453125,21812.89453125,60,614.6583477966487,0.05632000043988228,705b2d19f53b6ed3909b426891aa5fe22a5b2c5b90e4812be52b6b792862c58e,True
1450,25,35,90,recent_k8,21.727642059326172,1865.5108642578125,1865.5108642578125,21.727642059326172,0.058197021484375,1303.658447265625,111930.6484375,111930.6484375,60,615.1551729999483,0.07065600156784058,6a363e0ccbeba7e65c29554b1de9314a9e740e2e7e542a7d5bdd1bec962cd624,True
1451,25,35,105,recent_k8,24.12091827392578,1652.773193359375,1652.773193359375,24.12091827392578,0.0521240234375,1447.2550048828125,99166.3828125,99166.3828125,60,614.3988729454577,0.05734400078654289,b1e7c2c10b5d60663591e39dd876774a18abe6b90ef2e615b57ea279e52605cf,True
1452,25,35,120,recent_k8,38.064266204833984,3430.96484375,3430.96484375,38.064266204833984,0.1065673828125,2283.85595703125,205857.875,205857.875,60,614.0572177246213,0.055296000093221664,93036e90178dad5cb1c336621f8d2cae59457ae3bc0b5978b57794921f3fb93a,True
1453,25,35,135,recent_k8,18.99614143371582,6634.43017578125,1003.2130737304688,18.99614143371582,0.205322265625,1139.7684326171875,398065.78125,60192.78125,60,613.3524859324098,0.05734400078654289,236a24bd683b578b8c064ef8b48d8e018c906e601ff680b40230ca61d27c4c7f,True
1454,25,35,150,recent_k8,46.817718505859375,3628.26123046875,3628.26123046875,46.817718505859375,0.128173828125,2809.06298828125,217695.65625,217695.65625,60,612.9076234064996,0.05632000043988228,fe864c1643c514ff8eb9bf220c178606126e761a7c0999e4fd734f762bcd28b5,True
1455,25,35,165,recent_k8,12.146566390991211,244.5435333251953,244.5435333251953,12.146566390991211,0.01084136962890625,728.7939453125,14672.611328125,14672.611328125,60,613.1930206902325,0.05632000043988228,4b243e674bf3d1e852668380e6322e7c36b0909662a2a5a0bdee886059864f62,True
1456,25,35,180,recent_k8,8.048310279846191,93.65682220458984,93.65682220458984,8.048310279846191,0.00390625,482.8985900878906,5619.4091796875,5619.4091796875,60,612.4943792819977,0.055296000093221664,43ea237e0469624cc7a0330130c73cf4bfc64ea210cd8f696c2e92e7101d1242,True
1457,25,35,195,recent_k8,2.9010982513427734,17.684696197509766,17.684696197509766,2.9010982513427734,0.0006093978881835938,174.06588745117188,1061.0816650390625,1061.0816650390625,60,613.4614208713174,0.05632000043988228,36e2de137f85129e51ad47bf8c2a0a55705e1ab883227d2c7c606df761aef952,True
1458,25,35,210,recent_k8,3.544227361679077,50.949119567871094,50.949119567871094,3.544227361679077,0.00162506103515625,212.65362548828125,3056.947021484375,3056.947021484375,60,613.370802719146,0.05734400078654289,abd1be22696c133b714c89bee0e30b63912cb336c3265a8c4b407cf1d21c2f22,True
1459,25,35,225,recent_k8,7.861669540405273,128.5799560546875,128.5799560546875,7.861669540405273,0.0040740966796875,471.70013427734375,7714.796875,7714.796875,60,612.9522086121142,0.058368001133203506,170a2e8512edc2c354a8f440a7a48c3c58f4fff6d12e501ae27c652ca517d934,True
1460,25,48,30,recent_k8,55.44139099121094,16213.9306640625,6731.50048828125,55.44139099121094,0.50244140625,3326.4833984375,972835.8125,403890.0,60,613.7171629816294,0.055296000093221664,612f71c76c26710b61c3c716b70c4ca72a16999c2ff427439fcb0562522b9c8d,True
1461,25,48,45,recent_k8,20.603614807128906,905.0975952148438,905.0975952148438,20.603614807128906,0.0303955078125,1236.216796875,54305.8515625,54305.8515625,60,623.4256019815803,0.058368001133203506,6125ee3096b5e7291e761b328a5c5cba8b9200a79629dbeda00515c137f302e2,True
1462,25,48,60,recent_k8,26.375171661376953,6736.10546875,1847.697998046875,26.375171661376953,0.212890625,1582.51025390625,404166.3125,110861.875,60,613.3245499804616,0.06348799914121628,2ab52d73b8d011c80fa10938cd13500d811d7b89002e869126d9d31b5cd190f5,True
1463,25,48,75,recent_k8,45.3390007019043,9034.8642578125,4548.4384765625,45.3390007019043,0.286376953125,2720.33984375,542091.8125,272906.28125,60,613.3690900169313,0.05632000043988228,510c022f9b4ac35e2c09258bb19dc25da2540ea9bf7bd34347dd59d279b2a5fa,True
1464,25,48,90,recent_k8,39.394683837890625,2798.408447265625,2798.408447265625,39.394683837890625,0.08953857421875,2363.680908203125,167904.5,167904.5,60,614.1612739302218,0.05628800019621849,9845c753218a058cacf692a449ab60d40c20a7f0c33c115be591d520f9c71933,True
1465,25,48,105,recent_k8,6.147560119628906,57.0916633605957,57.0916633605957,6.147560119628906,0.0029964447021484375,368.85357666015625,3425.49951171875,3425.49951171875,60,614.0595860779285,0.058368001133203506,f0d0778b1fa359dd2fdb2fa2f515e0cebb1da1799551c51721daa41c9aac00ac,True
1466,25,48,120,recent_k8,5.557766914367676,57.816246032714844,57.816246032714844,5.557766914367676,0.00635528564453125,333.46600341796875,3468.974609375,3468.974609375,60,613.1359157152474,0.058368001133203506,abbc417bd32d3e0a256c57af6261fd5bd1063dec38882f7a50e093e9205fc2fc,True
1467,25,48,135,recent_k8,5.893060684204102,62.99114990234375,62.99114990234375,5.893060684204102,0.0028820037841796875,353.5836181640625,3779.46875,3779.46875,60,613.6356731876731,0.05734400078654289,2d418304308bf4a4403312d634a0d6415381823b59f6b4b0800388b3b4fad1a2,True
1468,25,48,150,recent_k8,6.0152788162231445,56.14131164550781,56.14131164550781,6.0152788162231445,0.0026645660400390625,360.9167175292969,3368.478515625,3368.478515625,60,613.1127998232841,0.05734400078654289,c067a09956dffdb9748fb7271f4783485f5e644e93a9e91a86c850c22f4c274d,True
1469,25,48,165,recent_k8,4.35428524017334,33.50911331176758,33.50911331176758,4.35428524017334,0.0011768341064453125,261.2571105957031,2010.5467529296875,2010.5467529296875,60,613.1154708564281,0.05632000043988228,45522abcdea04beb9d6b0556cd3ee7eeaa4ad8f08ffb9d39be566dd8cbaed6c7,True
1470,25,48,180,recent_k8,4.0740790367126465,37.29050064086914,37.29050064086914,4.0740790367126465,0.0012159347534179688,244.44473266601562,2237.429931640625,2237.429931640625,60,612.6893870532513,0.055296000093221664,26774d12ef98c39793d2e265da3fc76cacad5c78f64c6d665f53aa97347bf366,True
1471,25,48,195,recent_k8,5.918875217437744,84.95527648925781,84.95527648925781,5.918875217437744,0.002902984619140625,355.13250732421875,5097.31640625,5097.31640625,60,613.2260421290994,0.05632000043988228,0c7f120ec055962b167196ae2ae6f3407b003145eb2121d6fc79f48995514f05,True
1472,25,48,210,recent_k8,27.970794677734375,2098.556640625,2098.556640625,27.970794677734375,0.0655517578125,1678.24755859375,125913.390625,125913.390625,60,612.9001681692898,0.05628800019621849,ce2ae70e606b8db3c9005a9b4f2ed334b4c9fa2b759dedb2e98144ad9d46bd52,True
1473,25,48,225,recent_k8,24.096899032592773,1153.239013671875,1153.239013671875,24.096899032592773,0.036712646484375,1445.8138427734375,69194.3359375,69194.3359375,60,612.9137990064919,0.05632000043988228,1f36b4ca2b7b67bf18361ce0ba24205b60a4334ead91f13be3aaaa454e2a5512,True
1474,25,22,30,recent_k8,3.269002914428711,18.96645164489746,18.96645164489746,3.269002914428711,0.0006747245788574219,196.14016723632812,1137.987060546875,1137.987060546875,60,613.3750951848924,0.06451199948787689,740287c752415f7c05cf54f3df39020853882200a968751f5378121378e7a160,True
1475,25,22,45,recent_k8,3.4897310733795166,22.0987491607666,22.0987491607666,3.4897310733795166,0.0007610321044921875,209.38385009765625,1325.9249267578125,1325.9249267578125,60,614.0047600492835,0.060416001826524734,ce7e391e0392ab583b7d909ee8ff38e644c34bdcddef14d42ca0d2b741ff2cd2,True
1476,25,22,60,recent_k8,2.4015164375305176,9.016121864318848,9.016121864318848,2.4015164375305176,0.0003609657287597656,144.09097290039062,540.96728515625,540.96728515625,60,613.4005580097437,0.060416001826524734,403c2edfa3c57acaf68ebc6bd1c59550e5d3d118ad4b1bc942ca2bf1467e735b,True
1477,25,22,75,recent_k8,6.33809757232666,180.24122619628906,180.24122619628906,6.33809757232666,0.005687713623046875,380.28582763671875,10814.47265625,10814.47265625,60,615.1857399381697,0.05632000043988228,4b0dcdc9991faa5100ba95c35e486c58ac8470ef76a83780443dceda75c3f295,True
1478,25,22,90,recent_k8,19.310388565063477,9392.169921875,1246.37841796875,19.310388565063477,0.2900390625,1158.623291015625,563530.1875,74782.703125,60,612.5957989133894,0.055296000093221664,289d22e2ecdf07d806726fb97409c96a0cfb9e73b5cfc2b1071bf996d4012efb,True
1479,25,22,105,recent_k8,57.799407958984375,10077.8173828125,8194.130859375,57.799407958984375,0.3115234375,3467.96435546875,604669.0,491647.84375,60,613.5235098190606,0.05632000043988228,e8fba2bbdabcd72986a62693a17a16890cb7dbfe1c9977a3d655c86dadbeabcf,True
1480,25,22,120,recent_k8,6.1581501960754395,64.83292388916016,64.83292388916016,6.1581501960754395,0.00212860107421875,369.4889831542969,3889.97509765625,3889.97509765625,60,613.1324460729957,0.05632000043988228,b1104877f1a25919f12b59ee0c0e175f3f233ade9d0ba71db0dc55fceb356edb,True
1481,25,22,135,recent_k8,5.5843825340271,68.3047866821289,68.3047866821289,5.5843825340271,0.002246856689453125,335.06292724609375,4098.287109375,4098.287109375,60,612.7997506409883,0.05632000043988228,1048a801146858b7cb42cf0c724e4c7e53a0d0e5bfb4a2d46313569d0cb56628,True
1482,25,22,150,recent_k8,3.8285393714904785,23.85140037536621,23.85140037536621,3.8285393714904785,0.0008521080017089844,229.7123565673828,1431.083984375,1431.083984375,60,612.5209350138903,0.05632000043988228,052b1a0c4304399fe8a93433f8a54f9746cc856b11ea2828c3a43054cee4f9bc,True
1483,25,22,165,recent_k8,4.412353515625,71.21066284179688,71.21066284179688,4.412353515625,0.0022220611572265625,264.7412109375,4272.6396484375,4272.6396484375,60,614.9364518932998,0.055296000093221664,9c27312ed768fcda509b53873ad62396caa0037504cc6103d1578d210fa59add,True
1484,25,22,180,recent_k8,15.872557640075684,765.2177124023438,765.2177124023438,15.872557640075684,0.0239410400390625,952.3533935546875,45913.05859375,45913.05859375,60,612.8161340020597,0.06758400052785873,129dda23f1fa2e0bab53d50c86bce196bba16fbbf5101879c5711ae5bdf45f68,True
1485,25,22,195,recent_k8,15.517688751220703,12292.3876953125,928.1868896484375,15.517688751220703,0.379638671875,931.061279296875,737543.25,55691.2109375,60,613.502609077841,0.05632000043988228,d3d652b2998c254c924d56b675b9338656cf955c5457f06378726968e02ec93f,True
1486,25,22,210,recent_k8,59.13685989379883,11956.396484375,9741.7255859375,59.13685989379883,0.369873046875,3548.21142578125,717383.75,584503.5,60,612.8128371201456,0.05632000043988228,047d1d33b266823253495cba24604480d4db10a94d4fc0239f9a51f555cb270a,True
1487,25,22,225,recent_k8,14.779972076416016,625.5061645507812,625.5061645507812,14.779972076416016,0.019500732421875,886.7982788085938,37530.3671875,37530.3671875,60,612.7077187411487,0.05734400078654289,6b9fd87e780081b967dbe37a06f325c5f08da0d6e0c282d623c6f270bfcee3cb,True
1488,25,55,30,recent_k8,4.069852828979492,24.11429786682129,24.11429786682129,4.069852828979492,0.0009098052978515625,244.191162109375,1446.8577880859375,1446.8577880859375,60,612.3133162036538,0.055296000093221664,088b0c67f43e8ca0222e84f1dd91a08ad0e7cf530df11b45fff862ebda2371e2,True
1489,25,55,45,recent_k8,12.832435607910156,453.58349609375,453.58349609375,12.832435607910156,0.01422119140625,769.9461059570312,27215.0078125,27215.0078125,60,613.1307678297162,0.055296000093221664,0971de84cb3dbe91dce0945db5a9c3bbfcbf3887bd4f5d817f239d958aa8a26f,True
1490,25,55,60,recent_k8,16.015342712402344,402.3351135253906,402.3351135253906,16.015342712402344,0.01346588134765625,960.9205322265625,24140.10546875,24140.10546875,60,612.8090131096542,0.05632000043988228,76bb3700de82d08e0de8555d9291ed70d24fe1f5dada042013a63c424e91dc7c,True
1491,25,55,75,recent_k8,15.208039283752441,421.2245788574219,421.2245788574219,15.208039283752441,0.0159454345703125,912.4822998046875,25273.47265625,25273.47265625,60,612.5494069419801,0.05632000043988228,684e9d6695a15deefd183934f62e6568f1d1dae4618719044fc222ab82bd9438,True
1492,25,55,90,recent_k8,29.965810775756836,1712.06884765625,1712.06884765625,29.965810775756836,0.053436279296875,1797.9486083984375,102724.125,102724.125,60,612.7669247798622,0.05632000043988228,7b4933c3c276528ed2953f5c04cbca48bd0ddc59abd41a189075944821a998fa,True
1493,25,55,105,recent_k8,12.321171760559082,525.8939819335938,525.8939819335938,12.321171760559082,0.0165557861328125,739.270263671875,31553.638671875,31553.638671875,60,613.893685862422,0.05632000043988228,e22f8f09468a6285344d45801d48fe0666502a98168d6e6e01c93837aa453ba1,True
1494,25,55,120,recent_k8,20.39790916442871,886.3656005859375,886.3656005859375,20.39790916442871,0.0277099609375,1223.87451171875,53181.93359375,53181.93359375,60,613.5464697144926,0.057312000542879105,14f5048ce096f2aa429f10b51b331af7bba7c70729f465a83f8d15e76c374431,True
1495,25,55,135,recent_k8,3.283421039581299,17.385095596313477,17.385095596313477,3.283421039581299,0.0006103515625,197.0052490234375,1043.105712890625,1043.105712890625,60,613.819308578968,0.05632000043988228,703c9546b9a3eed058edece028f32c58476383509fa756c640a6be7a4735b28e,True
1496,25,55,150,recent_k8,4.110453128814697,25.2548885345459,25.2548885345459,4.110453128814697,0.00092315673828125,246.62718200683594,1515.293212890625,1515.293212890625,60,613.3936149999499,0.055296000093221664,ebda3cd25689c046ae6687d3e8b47591ae2ca28097c0e1a37a3f05dd7586c05c,True
1497,25,55,165,recent_k8,13.099276542663574,809.474365234375,809.474365234375,13.099276542663574,0.0263824462890625,785.95654296875,48568.4609375,48568.4609375,60,613.6445230804384,0.055296000093221664,76c9427ee73ac182efe849eaa9cd9d8fc1fb2f2e8427e0b2feeeeab3aeefc9d3,True
1498,25,55,180,recent_k8,26.482467651367188,1978.4365234375,1978.4365234375,26.482467651367188,0.0631103515625,1588.947998046875,118706.1875,118706.1875,60,613.7819741852582,0.05632000043988228,c954a9c4c143e0203bc80c938cd62e136eaa7e9eeeb3038535f5d0eb0322371b,True
1499,25,55,195,recent_k8,33.280601501464844,2829.52685546875,2829.52685546875,33.280601501464844,0.0888671875,1996.8359375,169771.609375,169771.609375,60,614.2635000869632,0.055296000093221664,16564471dc9ef191f4fb6e2924431246ce4afafa083cab5a4bd5ff9bb41ba4c8,True
1500,25,55,210,recent_k8,17.67028045654297,4037.796630859375,1061.51025390625,17.67028045654297,0.1253662109375,1060.216796875,242267.78125,63690.61328125,60,615.0491028092802,0.06143999844789505,6a27046e5f0086c6017ad1f10c5172a30676b161d78789980ca4279aeb7fbd87,True
1501,25,55,225,recent_k8,22.311187744140625,15921.2890625,1190.265380859375,22.311187744140625,0.492919921875,1338.671142578125,955277.3125,71415.921875,60,612.163444980979,0.058368001133203506,984109b27de946ae1311718671057267e500905ee01fad8f91575853d2b422d8,True
1502,25,4,30,recent_k8,9.47018051147461,179.09640502929688,179.09640502929688,9.47018051147461,0.00786590576171875,568.2108154296875,10745.7841796875,10745.7841796875,60,614.5534412935376,0.06860800087451935,73a4adf841082d64cb1525a8562c83252feb757122ba16981dd605e5e0a53cfc,True
1503,25,4,45,recent_k8,8.412914276123047,105.06192016601562,105.06192016601562,8.412914276123047,0.00368499755859375,504.77484130859375,6303.71484375,6303.71484375,60,616.8533680029213,0.05734400078654289,5cdff691567c8541f63a4a7ccaed0e38fdd300ab52b15ba77147870cf3533b3d,True
1504,25,4,60,recent_k8,2.2558486461639404,8.08227252960205,8.08227252960205,2.2558486461639404,0.0004305839538574219,135.3509063720703,484.9363098144531,484.9363098144531,60,613.6205941438675,0.06351999938488007,70e3c0fc9cc8e7676f0f212db632270a22fbf1a4a995efe3fb06f179763d6ff4,True
1505,25,4,75,recent_k8,2.272101879119873,9.413723945617676,9.413723945617676,2.272101879119873,0.00033354759216308594,136.32611083984375,564.8234252929688,564.8234252929688,60,614.4628361798823,0.05632000043988228,aaa9460fd3ca39888aa1955d4f2d1a06e24b54afc4eb788e3bedf2844049fa87,True
1506,25,4,90,recent_k8,11.53545093536377,329.90521240234375,329.90521240234375,11.53545093536377,0.01050567626953125,692.1270141601562,19794.3125,19794.3125,60,613.8733238913119,0.055296000093221664,eb07e77af89060ae10fe9b08367fa703a198def66c584feced090cd6e6096cfa,True
1507,25,4,105,recent_k8,34.85273361206055,3607.24853515625,2729.37744140625,34.85273361206055,0.11236572265625,2091.163818359375,216434.90625,163762.640625,60,613.9659928157926,0.05939200147986412,24a26a3e2eb3edd18d2828d330251ad4a8c0d92e70e80f24acad53d0f61c9c20,True
1508,25,4,120,recent_k8,15.009217262268066,11418.259765625,527.5956420898438,15.009217262268066,0.354736328125,900.552978515625,685095.5625,31655.73828125,60,613.8099459931254,0.05734400078654289,8cae81d1e9ad63d2785d3b0a3fb1bb43bd373308313b8be2bbe025e7b5fcf570,True
1509,25,4,135,recent_k8,48.3460578918457,8323.3798828125,6472.7392578125,48.3460578918457,0.257080078125,2900.763427734375,499402.75,388364.34375,60,619.0809132531285,0.055296000093221664,c35b3b4a1f693dfe42f530de60dc3b81fac7ef9570832bdf546cd9e62dbf9ea4,True
1510,25,4,150,recent_k8,10.197044372558594,275.77978515625,275.77978515625,10.197044372558594,0.0093994140625,611.8226318359375,16546.787109375,16546.787109375,60,614.1300946474075,0.06348799914121628,7d304c5be9b3ccfa503054453699609744922e42c4145766865e1e8dd48c795a,True
1511,25,4,165,recent_k8,15.918233871459961,15968.3974609375,568.134765625,15.918233871459961,0.494140625,955.093994140625,958103.8125,34088.0859375,60,614.0404283069074,0.05734400078654289,744a0b652ff3ad4152a4a4b3ef37690da12a8e8c8188366a09ee37383d5b55db,True
1512,25,4,180,recent_k8,60.695281982421875,11011.8701171875,9990.39453125,60.695281982421875,0.33984375,3641.716796875,660712.1875,599423.625,60,613.7261227704585,0.05632000043988228,ae55b0f7f2e92e74cc41076bfb37b2ce49f3d36fa3578acfab437af51bbe9b48,True
1513,25,4,195,recent_k8,19.895875930786133,23843.537109375,1259.0284423828125,19.895875930786133,0.736328125,1193.75244140625,1430612.125,75541.703125,60,613.7797529809177,0.055296000093221664,b17afe3d03bed7789ab2ccd5bf820f7ce3d0158e43cee4e469a9b37c2122d45d,True
1514,25,4,210,recent_k8,14.446318626403809,19396.265625,547.4606323242188,14.446318626403809,0.599609375,866.779052734375,1163775.875,32847.63671875,60,613.4326979517937,0.055296000093221664,a0ebfd7ae4e88d026b2814134cdd89316a9ab76f90d966c449a3aa99a216be26,True
1515,25,4,225,recent_k8,45.56310272216797,5736.087890625,5736.087890625,45.56310272216797,0.1771240234375,2733.7861328125,344165.25,344165.25,60,616.6246561333537,0.06963200122117996,43c8ea3a3412ec52b62830221634b04902634e738bfa27cd2c30c953e13fe942,True
1516,25,45,30,recent_k8,3.089430332183838,16.590904235839844,16.590904235839844,3.089430332183838,0.0005254745483398438,185.36581420898438,995.4541625976562,995.4541625976562,60,616.5978978388011,0.055296000093221664,ede61a874630fe95a70c03391b0a47559a0fa1cb5cc9f5d093a9380799c89d61,True
1517,25,45,45,recent_k8,3.0468955039978027,17.29872703552246,17.29872703552246,3.0468955039978027,0.0005412101745605469,182.813720703125,1037.923583984375,1037.923583984375,60,613.9969872310758,0.062463998794555664,0a67a5439b420d6ec03d2fcd307095695ed2654deef5db7540c034b8aebc5405,True
1518,25,45,60,recent_k8,2.7857346534729004,13.9990234375,13.9990234375,2.7857346534729004,0.0004439353942871094,167.14407348632812,839.9413452148438,839.9413452148438,60,613.6267906986177,0.05632000043988228,833ed9a8a5c450e6122bedc98b4d385e1d198ace4b41c2f3844caa9e896060de,True
1519,25,45,75,recent_k8,3.99532413482666,87.42218780517578,87.42218780517578,3.99532413482666,0.0028018951416015625,239.7194366455078,5245.3310546875,5245.3310546875,60,614.013728685677,0.05632000043988228,a773408520511dcefb4f5aa10e0302f0296c46418d5991554195eca589fcade8,True
1520,25,45,90,recent_k8,32.40855407714844,3145.211669921875,3145.211669921875,32.40855407714844,0.09857177734375,1944.51318359375,188712.6875,188712.6875,60,613.5487048886716,0.05632000043988228,fef545d67a0f4db037811cb67e63f4f2c2b18ab26a8bf69759ee8de96bda5726,True
1521,25,45,105,recent_k8,13.524389266967773,328.0584411621094,328.0584411621094,13.524389266967773,0.01300811767578125,811.4633178710938,19683.505859375,19683.505859375,60,613.6090350337327,0.05632000043988228,e0129dba9a531f8404204ad4a9e4fb62e9556b160c4d85692f185fea6ccbb05f,True
1522,25,45,120,recent_k8,6.745420455932617,105.70343780517578,105.70343780517578,6.745420455932617,0.003597259521484375,404.7252197265625,6342.2060546875,6342.2060546875,60,613.7860449962318,0.05632000043988228,aa6b72c8a3bb0a2b7eea67b4d4cec9e9079d5103b7d2ca9418c2ff5a58d68416,True
1523,25,45,135,recent_k8,6.377490520477295,86.5755844116211,86.5755844116211,6.377490520477295,0.0029811859130859375,382.6494140625,5194.53466796875,5194.53466796875,60,613.1413029506803,0.058368001133203506,28292f94e7977ac810e3547740c8c1bbd0b07c5aa1daf79a776816fe65946c69,True
1524,25,45,150,recent_k8,24.948108673095703,2609.664306640625,2609.664306640625,24.948108673095703,0.0809326171875,1496.886474609375,156579.84375,156579.84375,60,613.085594959557,0.05632000043988228,282a0bea4137748aaeb01f779d9ce8f6b17c28503bfc6ba7658a3827a96fa372,True
1525,25,45,165,recent_k8,36.68845748901367,3093.610595703125,3093.610595703125,36.68845748901367,0.0999755859375,2201.307373046875,185616.625,185616.625,60,613.3522633463144,0.057312000542879105,3b0e7b9612c20d8cd837d40f1bf9312b2f9c33872fe969cdb468b899872e6270,True
1526,25,45,180,recent_k8,20.110515594482422,10229.1064453125,877.4771118164062,20.110515594482422,0.31982421875,1206.630859375,613746.375,52648.625,60,612.8320200368762,0.055296000093221664,5af2db79d9e6ddd201468fb5e69f33119d2aae71879787a9d402f682fcef2cf1,True
1527,25,45,195,recent_k8,65.85992431640625,12110.1552734375,9676.6484375,65.85992431640625,0.381103515625,3951.595458984375,726609.25,580598.875,60,613.9546101912856,0.055296000093221664,3edebca357c01460ddb35c769f509678345c3b5d41a604988db60782d912cc76,True
1528,25,45,210,recent_k8,21.078609466552734,11946.8486328125,712.968994140625,21.078609466552734,0.372314453125,1264.716552734375,716810.875,42778.13671875,60,613.4167960844934,0.05734400078654289,e5aa19e80ad1a01d33cf3de39861dac6e6d5b059476f44a086adbd7966d297ff,True
1529,25,45,225,recent_k8,31.27474594116211,2510.991943359375,2510.991943359375,31.27474594116211,0.07757568359375,1876.484619140625,150659.515625,150659.515625,60,614.1492207534611,0.05632000043988228,55ad6b44a9bf36737be9cc24d529ce9dc0135d0c145004302c6d65f921182a50,True
1530,25,60,30,recent_k8,20.177257537841797,1336.43212890625,1336.43212890625,20.177257537841797,0.04248046875,1210.6353759765625,80185.921875,80185.921875,60,615.5981170013547,0.055296000093221664,f8885c358e09aae13dc8382a0410414b5360e005b9227f398ae87ace4004f0b2,True
1531,25,60,45,recent_k8,19.7535343170166,1066.106201171875,1066.106201171875,19.7535343170166,0.033416748046875,1185.2120361328125,63966.37109375,63966.37109375,60,614.0488428063691,0.05632000043988228,c938fd729070484df53f612f4e2d3b9cf02d4d11bb8c53b9d6f1d23b9102c0c6,True
1532,25,60,60,recent_k8,42.559207916259766,4885.7900390625,4885.7900390625,42.559207916259766,0.1536865234375,2553.55224609375,293147.375,293147.375,60,610.524641815573,0.05427199974656105,bbc437ade6210304016350f7604fc56584cf15675212d5e9af01407d809bffb1,True
1533,25,60,75,recent_k8,10.03840160369873,210.70960998535156,210.70960998535156,10.03840160369873,0.0066986083984375,602.3040771484375,12642.576171875,12642.576171875,60,610.6845308095217,0.055296000093221664,2e31df2f37e19594c2ff6fd0da315d3842191ab25274633b972628aab0bde66d,True
1534,25,60,90,recent_k8,9.205499649047852,270.5213317871094,270.5213317871094,9.205499649047852,0.0087127685546875,552.3299560546875,16231.2783203125,16231.2783203125,60,616.6452700272202,0.055296000093221664,027eb0c7aaf775a4f7e5ffeb4c95144aa3116dcab92ba25a000c2760df9a0ef7,True
1535,25,60,105,recent_k8,8.581610679626465,227.849365234375,227.849365234375,8.581610679626465,0.00728607177734375,514.8966064453125,13670.9609375,13670.9609375,60,612.8668012097478,0.06348799914121628,6b549489b63811a9b86266f60ea916e3a2c62c735253165b25e329c9fb4a4e60,True
1536,25,60,120,recent_k8,6.280343055725098,62.342647552490234,62.342647552490234,6.280343055725098,0.00194549560546875,376.820556640625,3740.55859375,3740.55859375,60,611.9146919809282,0.055296000093221664,c9569b2493e224c8b9718a17657855306073dc1811341d3a19a5d45c2a813bdd,True
1537,25,60,135,recent_k8,16.866382598876953,842.1319580078125,842.1319580078125,16.866382598876953,0.0282440185546875,1011.98291015625,50527.9140625,50527.9140625,60,612.2962301596999,0.055296000093221664,7dd1e9f605b3b021a6eee9d3f7cf002e49ec417a8daaba9fd49626b3c93de3d7,True
1538,25,60,150,recent_k8,16.67032241821289,613.2755737304688,613.2755737304688,16.67032241821289,0.020416259765625,1000.21923828125,36796.53125,36796.53125,60,607.9021161422133,0.05632000043988228,f8695b5b1d1c1346925eab41fc352fe4904fb43fc08e4007587c3362bde23df1,True
1539,25,60,165,recent_k8,7.8765411376953125,109.93119049072266,109.93119049072266,7.8765411376953125,0.003448486328125,472.5924377441406,6595.87109375,6595.87109375,60,606.9398480467498,0.09113600105047226,34823fe35cd57fd295fc2f4d3f58477a2d4d69a2196e005c61169032bc2a4080,True
1540,25,60,180,recent_k8,10.122930526733398,324.0169982910156,324.0169982910156,10.122930526733398,0.01117706298828125,607.3757934570312,19441.01953125,19441.01953125,60,608.7099798023701,0.055296000093221664,64dce7b4dce33929e9b2f00b4772a0a822776f533246cb44b037ac2e597b805d,True
1541,25,60,195,recent_k8,12.844964981079102,4659.83544921875,363.8517761230469,12.844964981079102,0.14501953125,770.6978759765625,279590.125,21831.10546875,60,608.6788116954267,0.055296000093221664,7b3adf9fb6a43e17b666b260014b3f9e16ddd87e53f89e680f647322316bfeee,True
1542,25,60,210,recent_k8,30.054014205932617,24611.8046875,1797.9771728515625,30.054014205932617,0.76513671875,1803.24072265625,1476708.25,107878.625,60,611.6926232352853,0.05632000043988228,59c842ba3b87071163b0350ceb850ba21d93b647232fba733d427945d22c7b6b,True
1543,25,60,225,recent_k8,18.205095291137695,9043.142578125,848.9873046875,18.205095291137695,0.279052734375,1092.3056640625,542588.5,50939.234375,60,607.8739822842181,0.06143999844789505,d31b4f7c8b1058c4e3f77b7248f7a83ca20ccb12094c5450e4ad3fd312445def,True
1544,25,26,30,recent_k8,18.095020294189453,13063.0048828125,949.2942504882812,18.095020294189453,0.40478515625,1085.701171875,783780.25,56957.65234375,60,608.8370941579342,0.055296000093221664,61c9da2a333f331443c52d00060fb797a2671f34ab4e25aacb79a1e37cb3f550,True
1545,25,26,45,recent_k8,55.80170440673828,7687.28173828125,7250.23974609375,55.80170440673828,0.2401123046875,3348.10205078125,461236.875,435014.375,60,610.1297619752586,0.05632000043988228,27d568f6c6ad93be3b7b351d534d4c64e9a6485195cbcb2ac0546dc6931ab90d,True
1546,25,26,60,recent_k8,6.398499011993408,72.32443237304688,72.32443237304688,6.398499011993408,0.002635955810546875,383.909912109375,4339.4658203125,4339.4658203125,60,612.9914629273117,0.05734400078654289,f6c862f687ea7f86da5b2b550e00869ddd45b701329b50b844f3c2d3aa51ad24,True
1547,25,26,75,recent_k8,12.039402961730957,465.1369323730469,465.1369323730469,12.039402961730957,0.01442718505859375,722.3641357421875,27908.21484375,27908.21484375,60,614.4039612263441,0.05632000043988228,8352df59f5576ead9dc3d491c21ecd741a990856b3a1c266b8a320fabe51242b,True
1548,25,26,90,recent_k8,15.997895240783691,675.826416015625,675.826416015625,15.997895240783691,0.0208892822265625,959.8736572265625,40549.58203125,40549.58203125,60,613.3358418010175,0.05632000043988228,15aadedb4b2fd7bdf6eafffb46440499d7da95fab249041e755357522076bbef,True
1549,25,26,105,recent_k8,5.047801971435547,34.501617431640625,34.501617431640625,5.047801971435547,0.00133514404296875,302.86810302734375,2070.096923828125,2070.096923828125,60,613.4010930545628,0.05632000043988228,2244c861b37ddf5b644000f1e446cb697381e17b13bfc524a29aa6688c06f34f,True
1550,25,26,120,recent_k8,5.461477756500244,77.75018310546875,77.75018310546875,5.461477756500244,0.0026569366455078125,327.68865966796875,4665.0107421875,4665.0107421875,60,614.6035217680037,0.06860800087451935,6f6957e627093cc73ad37fbf4de00150e9982208c3e21a65e9f73f5e7e7aa947,True
1551,25,26,135,recent_k8,16.945999145507812,849.3927612304688,849.3927612304688,16.945999145507812,0.0265350341796875,1016.7599487304688,50963.5625,50963.5625,60,612.897771410644,0.05734400078654289,0d4bb9ea6898aa096b69d1a24f202c46c39c9848c6b9f813016d14a78ddf5af0,True
1552,25,26,150,recent_k8,26.513681411743164,21274.701171875,1408.42431640625,26.513681411743164,0.6640625,1590.82080078125,1276482.0,84505.453125,60,613.8722919858992,0.055296000093221664,441e5f2fa302204f640555ad2005db92f5b370fa6d9091ecaa9d571449758400,True
1553,25,26,165,recent_k8,21.930706024169922,3048.49365234375,1049.4127197265625,21.930706024169922,0.09527587890625,1315.84228515625,182909.609375,62964.7578125,60,613.9310332946479,0.055296000093221664,17b8b34b64fecd089ef09bd70760983410a51e2290889773f9b851608c80b724,True
1554,25,26,180,recent_k8,34.9461669921875,19256.28515625,3077.551513671875,34.9461669921875,0.6005859375,2096.77001953125,1155377.0,184653.078125,60,615.6357661820948,0.06758400052785873,230be22ab2b9702f6c09446888d6890645f0bacf5f038bfaa005fb5b588e7eba,True
1555,25,26,195,recent_k8,26.274555206298828,8712.4462890625,1673.2032470703125,26.274555206298828,0.27197265625,1576.4732666015625,522746.75,100392.1875,60,626.0877116583288,0.055296000093221664,3f61fdaff81af167552e02e883fb0fc1be931725768e051f916aa0d4c1415f09,True
1556,25,26,210,recent_k8,42.316078186035156,19984.205078125,4512.60888671875,42.316078186035156,0.6181640625,2538.964599609375,1199052.25,270756.53125,60,614.123553968966,0.06451199948787689,fb8a82017d47f43ab6ccd9abf073c60f7dd54ebe96a638b4649e6e8bee805771,True
1557,25,26,225,recent_k8,15.143848419189453,597.7034912109375,597.7034912109375,15.143848419189453,0.01904296875,908.630859375,35862.20703125,35862.20703125,60,613.1984847597778,0.058400001376867294,dfa75fc2f34a9b6f30688bcbc6917402f922fbfb1b187c241e8b8eb756367efa,True
1558,25,21,30,recent_k8,3.7368710041046143,16.80152130126953,16.80152130126953,3.7368710041046143,0.0007319450378417969,224.21224975585938,1008.0911865234375,1008.0911865234375,60,612.9260491579771,0.055296000093221664,1a4f6df7544fde8e81d4ca937f865c348338ebd0953320c680f09b1e57d139a8,True
1559,25,21,45,recent_k8,3.0197677612304688,12.7698392868042,12.7698392868042,3.0197677612304688,0.0004687309265136719,181.18605041503906,766.1903076171875,766.1903076171875,60,613.3933151140809,0.05632000043988228,62c664a3cbda9b52cdda9cad9253f13279cf2b86703eb4fc8c55165416d920ad,True
1560,25,21,60,recent_k8,3.360301971435547,16.676076889038086,16.676076889038086,3.360301971435547,0.0006265640258789062,201.61810302734375,1000.5645141601562,1000.5645141601562,60,612.874801736325,0.058368001133203506,84a0f292ed1a1b6a77e4dc549cbebea0a9fab7832b8a793a2249f479c186e227,True
1561,25,21,75,recent_k8,3.1472175121307373,15.15014362335205,15.15014362335205,3.1472175121307373,0.0005588531494140625,188.83303833007812,909.008544921875,909.008544921875,60,613.721386063844,0.05632000043988228,573b5391be50385fe265ed984f8c35f09eeabd77107f359fa9d855713a960f01,True
1562,25,21,90,recent_k8,3.076235771179199,14.605830192565918,14.605830192565918,3.076235771179199,0.0005350112915039062,184.5741424560547,876.3497924804688,876.3497924804688,60,614.2932800576091,0.055296000093221664,1db89cd3d7aa2404c7285a7361a61b93f81cb40b9d6b884639563d0978d67c0e,True
1563,25,21,105,recent_k8,3.141721248626709,15.303215980529785,15.303215980529785,3.141721248626709,0.0005741119384765625,188.50326538085938,918.1929321289062,918.1929321289062,60,613.2265827618539,0.05939200147986412,9af4d1fbe169c8260e1d6c3c32476d2a95fa43573426c504fdaed8420fd82588,True
1564,25,21,120,recent_k8,3.230405569076538,16.11398696899414,16.11398696899414,3.230405569076538,0.0005936622619628906,193.82432556152344,966.8391723632812,966.8391723632812,60,613.123663701117,0.055296000093221664,5793cd8dcc865e9f8dc9a0f6ce5bb3d1e60ebb18354451165f0e9a7e064537e7,True
1565,25,21,135,recent_k8,3.196002244949341,15.641523361206055,15.641523361206055,3.196002244949341,0.0005717277526855469,191.7601318359375,938.4913330078125,938.4913330078125,60,612.8074093721807,0.05734400078654289,0adbf225fc15489c9b5f25beecf96388a3a0389f1e0867f3acd312548d331cb1,True
1566,25,21,150,recent_k8,3.2470998764038086,15.956941604614258,15.956941604614258,3.2470998764038086,0.0005893707275390625,194.82598876953125,957.4164428710938,957.4164428710938,60,613.1460969336331,0.055296000093221664,baea447a2b2e5da8bd4d0dbf84535bc374ae67ed38d0b997b0b0474c7c05a244,True
1567,25,21,165,recent_k8,2.9527783393859863,13.0923490524292,13.0923490524292,2.9527783393859863,0.00047516822814941406,177.16668701171875,785.5408935546875,785.5408935546875,60,612.696492113173,0.05734400078654289,beff09dd544237ae2a73de2d12d7e9e25d55cdad8a7ad54c65ded5025ab8cc53,True
1568,25,21,180,recent_k8,26.28542709350586,2712.962890625,2712.962890625,26.28542709350586,0.08380126953125,1577.12548828125,162777.765625,162777.765625,60,612.3965266160667,0.05734400078654289,14e5d10b7740707be65df24530e6347d363fc47a57ba09ee5bf13b2b14cff83e,True
1569,25,21,195,recent_k8,14.08180046081543,542.7633056640625,542.7633056640625,14.08180046081543,0.0168609619140625,844.907958984375,32565.796875,32565.796875,60,613.9738522469997,0.05632000043988228,e9c79bea72126c2fbc4263820cd66e19392bbb0cbe231b2af328431bca5a57db,True
1570,25,21,210,recent_k8,7.681199073791504,118.9779052734375,118.9779052734375,7.681199073791504,0.004024505615234375,460.8719177246094,7138.673828125,7138.673828125,60,612.4577983282506,0.05632000043988228,d0f6546585353dbeef1219a28136be754fdd94efde17c0e637298c17e7f1743e,True
1571,25,21,225,recent_k8,18.31210708618164,1567.22900390625,1567.22900390625,18.31210708618164,0.048492431640625,1098.726318359375,94033.734375,94033.734375,60,613.3166807703674,0.05632000043988228,be0f1003844a887de7194e8a2c206f6bf5806b484ae8c97f98f2d4492ada4aae,True
1572,25,44,30,recent_k8,2.8294196128845215,15.503302574157715,15.503302574157715,2.8294196128845215,0.0007047653198242188,169.76516723632812,930.1981201171875,930.1981201171875,60,611.9357468560338,0.05939200147986412,88207dded7d84f69f2ca6d13a3b07ef077751bbdc6f96fcda4fc0e35281db63b,True
1573,25,44,45,recent_k8,7.628221035003662,117.5123291015625,117.5123291015625,7.628221035003662,0.00489044189453125,457.6932373046875,7050.7392578125,7050.7392578125,60,610.1917363703251,0.058368001133203506,11ee020b796a04fa9d97d0c6abc6ba7b52fefdbfe1a40f034458ecf70e4b9ad9,True
1574,25,44,60,recent_k8,8.794167518615723,298.9036560058594,298.9036560058594,8.794167518615723,0.01055908203125,527.6500244140625,17934.21875,17934.21875,60,607.9789903014898,0.05523199960589409,8ae78468562d93d32955cc18e25589255005d6152ebca5e6f4fc4d73f21d8beb,True
1575,25,44,75,recent_k8,11.15981674194336,336.1936340332031,336.1936340332031,11.15981674194336,0.0109100341796875,669.5889892578125,20171.6171875,20171.6171875,60,610.9128701500595,0.055296000093221664,bdea02ddc9518de122ed60d6109d5d77115aecd2b89f2f54130f59b694e0217e,True
1576,25,44,90,recent_k8,18.735942840576172,941.2109985351562,941.2109985351562,18.735942840576172,0.0291290283203125,1124.156494140625,56472.65625,56472.65625,60,614.6144140511751,0.05632000043988228,d46e3a687acdbe6e231d7c50a7d4e541577cbcc198bb161d692542668045aa97,True
1577,25,44,105,recent_k8,3.749560832977295,22.392873764038086,22.392873764038086,3.749560832977295,0.0009322166442871094,224.9736328125,1343.5723876953125,1343.5723876953125,60,613.9051029458642,0.05632000043988228,3babd68b3036ce5aa690f9d5966079a60633acc7d2a0695bdbb6d92f8710d935,True
1578,25,44,120,recent_k8,5.717617988586426,65.99639129638672,65.99639129638672,5.717617988586426,0.002166748046875,343.05706787109375,3959.783447265625,3959.783447265625,60,614.0387719497085,0.058368001133203506,f32f814dbf0beb23725382da2ecce08e3c27895a07287e215d0fe3d6c27058ab,True
1579,25,44,135,recent_k8,5.20427942276001,38.05133819580078,38.05133819580078,5.20427942276001,0.0016469955444335938,312.2567443847656,2283.080078125,2283.080078125,60,611.9390549138188,0.05632000043988228,a3a2e9ee64f523a4a517425f5b823dd8bc61f4c8b07aaecc885e7d9dea0eeaa9,True
1580,25,44,150,recent_k8,4.756718158721924,37.988121032714844,37.988121032714844,4.756718158721924,0.0018405914306640625,285.403076171875,2279.287109375,2279.287109375,60,613.1660440005362,0.05632000043988228,b4e8857c598182b3e5caa45a6494b354002fb51b4dfc8f9b1b9a2087c714984f,True
1581,25,44,165,recent_k8,4.9394450187683105,37.09303283691406,37.09303283691406,4.9394450187683105,0.0016584396362304688,296.36669921875,2225.581787109375,2225.581787109375,60,615.0852651335299,0.05632000043988228,24b604907736b4ef5ba91be10586a4d40e9b7181c69ee6b5f39b0d12c81fbf15,True
1582,25,44,180,recent_k8,5.887206554412842,69.5157241821289,69.5157241821289,5.887206554412842,0.0023822784423828125,353.23236083984375,4170.943359375,4170.943359375,60,615.6661910936236,0.058368001133203506,42b45640f0fc7a9a55b3a2c86aa892def2584b9bbae27623ff1fa784a28f9089,True
1583,25,44,195,recent_k8,11.17232894897461,309.4010009765625,309.4010009765625,11.17232894897461,0.00986480712890625,670.3397216796875,18564.05859375,18564.05859375,60,614.4259651191533,0.05632000043988228,43bb00371f40907e3b19be9c153c2c6a2245b9c23241d05916014c058cc2446b,True
1584,25,44,210,recent_k8,19.092588424682617,959.4982299804688,959.4982299804688,19.092588424682617,0.03045654296875,1145.5552978515625,57569.890625,57569.890625,60,613.5553647764027,0.05427199974656105,1b8f9f8de328f353538283aede959f9bbea289b1ccc0c10eaa5b0f9cd62eec0c,True
1585,25,44,225,recent_k8,10.267942428588867,191.1896209716797,191.1896209716797,10.267942428588867,0.0070648193359375,616.0765380859375,11471.376953125,11471.376953125,60,614.7837229073048,0.05632000043988228,95d149accfc51de6a17b796c176ac0a445620a4987a178e70fcfc1c82a1d4539,True
1586,25,23,30,recent_k8,5.140048027038574,54.700592041015625,54.700592041015625,5.140048027038574,0.0019702911376953125,308.4028625488281,3282.035400390625,3282.035400390625,60,613.9588430523872,0.055296000093221664,634cd73760987d5d60014334612f0e531326f8fbdcafc6f944f11e439170226f,True
1587,25,23,45,recent_k8,19.762819290161133,9026.365234375,1273.368896484375,19.762819290161133,0.27880859375,1185.76904296875,541581.875,76402.1328125,60,614.675757009536,0.05632000043988228,f75a058378ee195c3ed7a81759d874b88a7c58ba8451915c5c74fd63c5d00d14,True
1588,25,23,60,recent_k8,52.744911193847656,12266.82421875,7359.0859375,52.744911193847656,0.3818359375,3164.694580078125,736009.4375,441545.125,60,613.2673020474613,0.05734400078654289,d89f0569eb7c2f4626caa90cbc02c67275a988133a4198216c7d5c448d8477fe,True
1589,25,23,75,recent_k8,55.377281188964844,7581.64404296875,7521.08544921875,55.377281188964844,0.240966796875,3322.63671875,454898.625,451265.09375,60,614.1748437657952,0.055296000093221664,d970af0c347fb8ab4aef526669c077e0a13d5551605f2e539da35b87fc9bbf8a,True
1590,25,23,90,recent_k8,29.66983985900879,16345.509765625,2673.031494140625,29.66983985900879,0.50537109375,1780.1903076171875,980730.5625,160381.875,60,613.9790867455304,0.05632000043988228,eb1cb62f21eea1912132adafe9dd22dd050dfb9b8b580230206f603e54647796,True
1591,25,23,105,recent_k8,49.624237060546875,8719.9404296875,6349.17236328125,49.624237060546875,0.26953125,2977.4541015625,523196.40625,380950.3125,60,613.6061521247029,0.05632000043988228,7c552f57f142381aa69ca271f15a2c4c99c47ea17261ff46769f654be0a97198,True
1592,25,23,120,recent_k8,36.36703109741211,2717.75439453125,2717.75439453125,36.36703109741211,0.0906982421875,2182.021728515625,163065.25,163065.25,60,614.3277660012245,0.055296000093221664,b67147689c9a257a9a9c73b21c52c8b764ac531929c2a130f308cba7b50d85eb,True
1593,25,23,135,recent_k8,4.971704006195068,41.592750549316406,41.592750549316406,4.971704006195068,0.0022068023681640625,298.3022155761719,2495.56494140625,2495.56494140625,60,613.73032303527,0.05939200147986412,907b87ba216ea69b8000e3804c432b878e5468eea16033ac4b01e2cf046cd6be,True
1594,25,23,150,recent_k8,12.97179126739502,260.9819030761719,260.9819030761719,12.97179126739502,0.0105133056640625,778.3074340820312,15658.9140625,15658.9140625,60,614.1692399978638,0.05632000043988228,82fe2b2dbef5cd9a8f214448e995fea0ad8671bbc2df790f2239424e4dccf8d9,True
1595,25,23,165,recent_k8,8.455411911010742,97.47958374023438,97.47958374023438,8.455411911010742,0.00467681884765625,507.3246765136719,5848.77490234375,5848.77490234375,60,614.1865812242031,0.05632000043988228,fa373739402672b6f6cfd6d44fc45e052473cb8d051b78abede2bf02398bd887,True
1596,25,23,180,recent_k8,5.676360130310059,48.81098175048828,48.81098175048828,5.676360130310059,0.003116607666015625,340.58160400390625,2928.65869140625,2928.65869140625,60,613.4539288468659,0.055296000093221664,1c0c7a77303d859e6fb8fa6f1a2d0e884a5bce7c4a40f0f7abb79ce02ab6e8c7,True
1597,25,23,195,recent_k8,8.232857704162598,131.6730499267578,131.6730499267578,8.232857704162598,0.004398345947265625,493.971435546875,7900.38232421875,7900.38232421875,60,614.204493816942,0.055296000093221664,d48cb92241d1ebc557ba13452663dbd3fea6642b15312e3edb2f2b75c66f4b6a,True
1598,25,23,210,recent_k8,6.880895614624023,159.2584686279297,159.2584686279297,6.880895614624023,0.00518035888671875,412.8537292480469,9555.5078125,9555.5078125,60,614.0496758744121,0.058368001133203506,daf23892c168350c79b055374661a8471c9bebfd410b68dee3af67cfad94caef,True
1599,25,23,225,recent_k8,39.59529495239258,4867.52294921875,4867.52294921875,39.59529495239258,0.1522216796875,2375.717529296875,292051.375,292051.375,60,614.4986930303276,0.05632000043988228,129e34bb87d90cdedaaf44bc464430a15e161d91390bb357888ea2ade7f09761,True
1600,25,53,30,recent_k8,27.622404098510742,2001.5146484375,2001.5146484375,27.622404098510742,0.06414794921875,1657.3441162109375,120090.875,120090.875,60,617.1221267431974,0.06348799914121628,c289585f3c5b2915a243f37ff1a6e8537699acf8422d9afb3d1ecd377b326100,True
1601,25,53,45,recent_k8,48.92172622680664,5501.310546875,5501.310546875,48.92172622680664,0.183349609375,2935.303466796875,330078.625,330078.625,60,614.1245788894594,0.062463998794555664,ea775bb0f812ceff2d1b8b65d11e4ba316b2964b2aad6ea13a22580ccac8bf5b,True
1602,25,53,60,recent_k8,17.121728897094727,701.9865112304688,701.9865112304688,17.121728897094727,0.0232696533203125,1027.3037109375,42119.1875,42119.1875,60,615.145789925009,0.055296000093221664,f2f6f394908aa249279e4db24e6ff0fdf095baf8f1c2cc40a05368a214579b59,True
1603,25,53,75,recent_k8,21.352874755859375,1161.396728515625,1161.396728515625,21.352874755859375,0.036285400390625,1281.17236328125,69683.796875,69683.796875,60,615.8665926195681,0.05632000043988228,753f269465c09cc38eeb7b35839f741a163a1fbc0ffd2107beabbeb0f2f007f8,True
1604,25,53,90,recent_k8,24.66913604736328,1452.7474365234375,1452.7474365234375,24.66913604736328,0.04620361328125,1480.1480712890625,87164.84375,87164.84375,60,613.4256990626454,0.06451199948787689,3edc9441502ec9844790538f4491759464782772eae39f06c979dfbb664dc59d,True
1605,25,53,105,recent_k8,26.607694625854492,1784.724853515625,1784.724853515625,26.607694625854492,0.058319091796875,1596.4615478515625,107083.484375,107083.484375,60,614.8339859209955,0.05734400078654289,50c7a31a7c7a57d8013738037fb6d64731f4618a896d34220b308515d68d265d,True
1606,25,53,120,recent_k8,10.797907829284668,284.7237854003906,284.7237854003906,10.797907829284668,0.00942230224609375,647.8744506835938,17083.42578125,17083.42578125,60,614.4608510658145,0.055296000093221664,bb555501760d1a5e33dcf17777a562a97c08fd41eff55182c9b169e739b806ca,True
1607,25,53,135,recent_k8,14.12360668182373,274.1595764160156,274.1595764160156,14.12360668182373,0.01390838623046875,847.4163818359375,16449.57421875,16449.57421875,60,619.7886480949819,0.06143999844789505,ae43d74690628909f68c52610d7525928ff3e80e72fce24a60230f6a36016f92,True
1608,25,53,150,recent_k8,10.566169738769531,140.77232360839844,140.77232360839844,10.566169738769531,0.0066070556640625,633.9701538085938,8446.3388671875,8446.3388671875,60,623.1045862659812,0.05632000043988228,02be1e210da4b9adddb171ef9eb4157e93c4a845b3c4de12632f4473422ad8e7,True
1609,25,53,165,recent_k8,9.963125228881836,145.89463806152344,145.89463806152344,9.963125228881836,0.01038360595703125,597.7874755859375,8753.677734375,8753.677734375,60,631.0506858862936,0.055296000093221664,95a97d16fbb689dba50c82530bcab8eb42c732f5239387f22eb66203d357e09e,True
1610,25,53,180,recent_k8,10.224006652832031,128.62937927246094,128.62937927246094,10.224006652832031,0.01073455810546875,613.4403686523438,7717.76220703125,7717.76220703125,60,634.9946069531143,0.05734400078654289,5f7d687ade43463039671de86955c859f7f40f3a87164898b74ada1664a221b1,True
1611,25,53,195,recent_k8,8.383997917175293,194.04922485351562,194.04922485351562,8.383997917175293,0.00621795654296875,503.03985595703125,11642.953125,11642.953125,60,635.30687475577,0.05632000043988228,7bfe949ab2991b21202cc713c2413beb628ab79019dc1256787a36619c9b468f,True
1612,25,53,210,recent_k8,7.031064510345459,120.26642608642578,120.26642608642578,7.031064510345459,0.004009246826171875,421.8638610839844,7215.9853515625,7215.9853515625,60,635.1137282326818,0.05734400078654289,7a675574cef73c0ee4875a1bb7ad729346914565748136c96ee068f34b12bcd5,True
1613,25,53,225,recent_k8,5.0022759437561035,67.42638397216797,67.42638397216797,5.0022759437561035,0.0021839141845703125,300.13653564453125,4045.5830078125,4045.5830078125,60,636.1479293555021,0.055296000093221664,b47e49b59ac51ee3d803bdd7331cc0d13b85ddcc249dac50a06af86e35b0ae09,True
1614,25,84,30,recent_k8,4.60754919052124,26.112077713012695,26.112077713012695,4.60754919052124,0.0015840530395507812,276.45294189453125,1566.724609375,1566.724609375,60,614.3389111384749,0.05632000043988228,620d5e6547af3d6ee05af7a87364168730f3e0010596fad998bc6ed6bcb10676,True
1615,25,84,45,recent_k8,18.969322204589844,7633.87841796875,1179.3428955078125,18.969322204589844,0.2362060546875,1138.1593017578125,458032.6875,70760.5703125,60,612.9781068302691,0.05632000043988228,64bff91baf2602b78ce547277fbf83037c28d844897796bc5d3c53dd2cdc35d6,True
1616,25,84,60,recent_k8,37.146663665771484,23251.353515625,3153.495361328125,37.146663665771484,0.72119140625,2228.7998046875,1395081.125,189209.71875,60,612.58396320045,0.05734400078654289,f544627027d444056b554012889a347d400747d4ce3288defd3d7485c89c2eca,True
1617,25,84,75,recent_k8,15.737417221069336,664.197509765625,664.197509765625,15.737417221069336,0.021026611328125,944.2449951171875,39851.84765625,39851.84765625,60,613.7113617733121,0.055296000093221664,31c644b3a23a3235dbfaf43eb6106379e5e7de01b2d3b63a63b6821b6372710c,True
1618,25,84,90,recent_k8,18.690025329589844,5054.58447265625,1089.58740234375,18.690025329589844,0.1563720703125,1121.4014892578125,303275.0625,65375.2421875,60,614.221828058362,0.05632000043988228,2551d5779372a5190977af8822813f4bbdb6edee0b0f3f4f4b3f93553c124ae7,True
1619,25,84,105,recent_k8,43.28985595703125,20262.1640625,4248.470703125,43.28985595703125,0.6259765625,2597.39111328125,1215729.75,254908.21875,60,614.1547104343772,0.05632000043988228,93c0a24329d831d83bccd11f6f39e19fb42aa65c7068ae6332b1e6c50c9ab800,True
1620,25,84,120,recent_k8,5.059632778167725,31.93305015563965,31.93305015563965,5.059632778167725,0.0017547607421875,303.57794189453125,1915.98291015625,1915.98291015625,60,614.949653390795,0.0655359998345375,04a89506052c25fd068d1090b50410612e2e54204b603a3c49f74860c9ba3958,True
1621,25,84,135,recent_k8,5.318449020385742,34.7777214050293,34.7777214050293,5.318449020385742,0.0018596649169921875,319.10693359375,2086.6630859375,2086.6630859375,60,614.4417892210186,0.05734400078654289,f8113aa39487331608c18254b65b7185731f2193b4fda7def91a3ea0f3620bfc,True
1622,25,84,150,recent_k8,5.128905296325684,32.40214538574219,32.40214538574219,5.128905296325684,0.001636505126953125,307.73431396484375,1944.1285400390625,1944.1285400390625,60,619.5051781833172,0.05632000043988228,34af6f2fb05616de6968bce18197ee170eb24bd679c0d1f5848d1c97aa23bfa4,True
1623,25,84,165,recent_k8,13.450069427490234,750.4649047851562,750.4649047851562,13.450069427490234,0.03167724609375,807.004150390625,45027.890625,45027.890625,60,614.5504810847342,0.06451199948787689,54d7a476e95bd7dbfb9e2c0c1f69a5ad491cb6eff592a8ab0d90d54cf1f92d84,True
1624,25,84,180,recent_k8,40.226646423339844,3142.84814453125,3142.84814453125,40.226646423339844,0.1258544921875,2413.5986328125,188570.875,188570.875,60,615.8046890050173,0.06758400052785873,de3d461539faa4a46ecb2fb76cd5a4c22979f75638d3e0b0a853f47736217092,True
1625,25,84,195,recent_k8,14.641468048095703,455.6599426269531,455.6599426269531,14.641468048095703,0.01983642578125,878.488037109375,27339.595703125,27339.595703125,60,616.9481477700174,0.058368001133203506,fe1588abfd2f51b94bd9e545e3d7d80baf062bc5c8d1cadd83853f3af4d27e43,True
1626,25,84,210,recent_k8,35.58922576904297,2773.884521484375,2773.884521484375,35.58922576904297,0.09783935546875,2135.353515625,166433.0625,166433.0625,60,614.9839502759278,0.05734400078654289,596205c05caa787b54982dc234665078fef21d8797fe35e570c8bcec198f4bb6,True
1627,25,84,225,recent_k8,11.921111106872559,164.4711151123047,164.4711151123047,11.921111106872559,0.006969451904296875,715.2666015625,9868.2666015625,9868.2666015625,60,614.170758984983,0.05632000043988228,70b1c7fd1fd2c2a144ccee4b634da82788d309f9f76925a71c675d6d5ff085ab,True
1628,25,59,30,recent_k8,6.99920129776001,229.5001678466797,229.5001678466797,6.99920129776001,0.0075225830078125,419.9520568847656,13770.009765625,13770.009765625,60,614.9928122758865,0.05427199974656105,f71ba623625bfbec68924b7e437626f9d66bcdba711e3390c6877ec32abf8d50,True
1629,25,59,45,recent_k8,37.9422721862793,3878.958740234375,3878.958740234375,37.9422721862793,0.12286376953125,2276.5361328125,232737.515625,232737.515625,60,624.8855828307569,0.05632000043988228,f2b48c2b786e214bdfcaaf2f6a25100501411b6eadecf8e9bb56f179382d4ead,True
1630,25,59,60,recent_k8,10.548044204711914,373.4507751464844,373.4507751464844,10.548044204711914,0.0128326416015625,632.8826293945312,22407.044921875,22407.044921875,60,613.5678077116609,0.07475200295448303,77237e77da88bb1ded7bd5e3e2fd38cd0c80e2e46b0c870ecc3f81ba1edf4401,True
1631,25,59,75,recent_k8,21.60197639465332,1481.8836669921875,1481.8836669921875,21.60197639465332,0.046600341796875,1296.1185302734375,88913.015625,88913.015625,60,613.6598391458392,0.055296000093221664,38e9190f338ae4df062bc4b3277f8e5d2ea71c84ac9dd5d038c904b2120d29e3,True
1632,25,59,90,recent_k8,39.98357009887695,4108.35302734375,4108.35302734375,39.98357009887695,0.1275634765625,2399.01416015625,246501.171875,246501.171875,60,613.1118950434029,0.05632000043988228,6c33d33a9e3487ebb99da02b8bd0e32398f0f0a12229a9c046ffdc63e1b238b6,True
1633,25,59,105,recent_k8,13.658272743225098,522.4609985351562,522.4609985351562,13.658272743225098,0.0169677734375,819.496337890625,31347.658203125,31347.658203125,60,612.9854880273342,0.05632000043988228,fab4f3f13e13b25f05e742336e2e5f679057d8033655084965bfead56e810b13,True
1634,25,59,120,recent_k8,31.427837371826172,2742.024658203125,2742.024658203125,31.427837371826172,0.08489990234375,1885.670166015625,164521.46875,164521.46875,60,613.9943078160286,0.055296000093221664,8431928eb9c8907bcbe0f6d5c52238728e2cb15f12095719a1dccd87c0bbe239,True
1635,25,59,135,recent_k8,5.885861396789551,42.867889404296875,42.867889404296875,5.885861396789551,0.0016794204711914062,353.15167236328125,2572.0732421875,2572.0732421875,60,633.8916081003845,0.0676800012588501,c8560694b9ddb0f5e7f3fdc8dd13bf3839979a9d18f20f0d9076c4f0564bc612,True
1636,25,59,150,recent_k8,3.1094391345977783,19.663681030273438,19.663681030273438,3.1094391345977783,0.0006618499755859375,186.56634521484375,1179.82080078125,1179.82080078125,60,616.025960072875,0.10956799983978271,8729590af7f23b964eebee20ead7556cff8ce9c57774ab2dd0f9855fc357075a,True
1637,25,59,165,recent_k8,17.149322509765625,1396.11572265625,1396.11572265625,17.149322509765625,0.04315185546875,1028.9593505859375,83766.9375,83766.9375,60,614.5478757098317,0.058368001133203506,5d3d84007264448edf30e50d3d7d7821fe405c6bb928ad8263faae6ecd91c2c8,True
1638,25,59,180,recent_k8,20.946102142333984,1238.354736328125,1238.354736328125,20.946102142333984,0.038330078125,1256.76611328125,74301.28125,74301.28125,60,625.2030092291534,0.06860800087451935,314b8e7983ebce70cc9d7a170756cadd9370c0cc9227a6b62a1bc1b3039fb113,True
1639,25,59,195,recent_k8,38.66251754760742,5278.66357421875,4780.89697265625,38.66251754760742,0.163330078125,2319.7509765625,316719.8125,286853.8125,60,616.9809750281274,0.0655359998345375,c4e3a4f9850752c22e458badf71637a723c1dbc353de0c4eb3e07e43b53b8bc9,True
1640,25,59,210,recent_k8,27.352996826171875,23853.57421875,1977.3443603515625,27.352996826171875,0.7373046875,1641.1796875,1431214.375,118640.65625,60,632.5656771659851,0.07577600330114365,3d005134e5afbe7143291fd41297b62e9e14d0b4d9cff7e83a8b260e44f23fb8,True
1641,25,59,225,recent_k8,15.863000869750977,698.91015625,698.91015625,15.863000869750977,0.0220794677734375,951.780029296875,41934.60546875,41934.60546875,60,613.8811078853905,0.0644799992442131,45271bf6f25284d5d8f23a7baa83116e30a19feb5884a2c4d1f792349f235899,True
1642,25,49,30,recent_k8,40.37002944946289,3068.3583984375,3068.3583984375,40.37002944946289,0.10784912109375,2422.20166015625,184101.5,184101.5,60,613.4050143882632,0.05632000043988228,9c65dfad550dd160d9b969059283369e25de6284e442a4956f080573a0575737,True
1643,25,49,45,recent_k8,25.128345489501953,1250.2935791015625,1250.2935791015625,25.128345489501953,0.042022705078125,1507.70068359375,75017.609375,75017.609375,60,612.464333884418,0.05632000043988228,91242711f69205ee462f9754a04f81f8418ed4e71bb2332a8d47474c6b3210ae,True
1644,25,49,60,recent_k8,23.610492706298828,1980.3768310546875,1980.3768310546875,23.610492706298828,0.06146240234375,1416.6295166015625,118822.6015625,118822.6015625,60,612.3704668134451,0.05632000043988228,b20f72a868571231a57a371c5468c2a53f28801b647fd62eb66b2e9d417630d9,True
1645,25,49,75,recent_k8,9.269401550292969,195.30970764160156,195.30970764160156,9.269401550292969,0.00667572021484375,556.1640625,11718.58203125,11718.58203125,60,612.7017941325903,0.055296000093221664,bd27f2766a1c75fe0ed965b4dc13b0ab550160d07990a1dd5214256dd72dd5d0,True
1646,25,49,90,recent_k8,26.261035919189453,1774.675048828125,1774.675048828125,26.261035919189453,0.056121826171875,1575.662109375,106480.5,106480.5,60,612.9466919228435,0.05632000043988228,9ba1d0cacd6c156c7fd99425783efb13634a540dd5c155b699e48d38fd795a9d,True
1647,25,49,105,recent_k8,47.331180572509766,6666.5107421875,6011.42138671875,47.331180572509766,0.207763671875,2839.87060546875,399990.625,360685.25,60,613.0811530165374,0.055296000093221664,cabb7170bb9c6ef34c888b8d2e5da0f133545ee61a387b4f42a3974654b7b4c6,True
1648,25,49,120,recent_k8,34.153377532958984,17289.35546875,2934.8779296875,34.153377532958984,0.53466796875,2049.20263671875,1037361.25,176092.671875,60,613.2618407718837,0.05632000043988228,e6cdfdb83951b5a54b5613b0de8b85444d31b4743dd5ed22571ce54500e0a47c,True
1649,25,49,135,recent_k8,34.09931945800781,12955.771484375,2511.87353515625,34.09931945800781,0.406982421875,2045.958984375,777346.25,150712.40625,60,613.6531792581081,0.055296000093221664,c7bc1f1642fab70ba43156faaf84bf8497bc1ac865009b9f45d07104ea421402,True
1650,25,49,150,recent_k8,14.388615608215332,10748.1962890625,334.72515869140625,14.388615608215332,0.3388671875,863.31689453125,644891.75,20083.5078125,60,614.7087491117418,0.07065600156784058,158b6be985d073f9790922638128f916cf9fa5caebc957a5f81a7093e9c954cd,True
1651,25,49,165,recent_k8,26.81503677368164,981.4437866210938,981.4437866210938,26.81503677368164,0.044952392578125,1608.902099609375,58886.625,58886.625,60,614.4443629309535,0.05734400078654289,c406bfe80c2f7de66b273b4263b46e520502ca76b0d68f7e71845ce68e76cd5b,True
1652,25,49,180,recent_k8,30.898679733276367,1158.5362548828125,1158.5362548828125,30.898679733276367,0.07110595703125,1853.920654296875,69512.171875,69512.171875,60,614.933290053159,0.05632000043988228,60af1313f2575b9d76593d1dcc5b7f1b69a68f1ecccad6e3712cc063575bf9b9,True
1653,25,49,195,recent_k8,13.940074920654297,218.31915283203125,218.31915283203125,13.940074920654297,0.013671875,836.4044799804688,13099.1484375,13099.1484375,60,613.8634509406984,0.055296000093221664,4ea12b7db505c8a800bbd3b0592a5795cff748c10ee11ff4ae17437cfa67a07b,True
1654,25,49,210,recent_k8,10.67423152923584,261.1861267089844,261.1861267089844,10.67423152923584,0.0085906982421875,640.453857421875,15671.166015625,15671.166015625,60,612.2985980473459,0.05632000043988228,ee6fc40dc77c18db260c8ab6f34f2d7af06cfbe325da23718893f614efedde2c,True
1655,25,49,225,recent_k8,9.19410514831543,138.46615600585938,138.46615600585938,9.19410514831543,0.0046539306640625,551.6463012695312,8307.96875,8307.96875,60,616.2639493122697,0.05632000043988228,60cc57dd52fdd4028f103efb660a8df81464fd22aa13523bd6994bd2fac78abc,True
1656,25,7,30,recent_k8,16.258230209350586,1148.8336181640625,1148.8336181640625,16.258230209350586,0.03643798828125,975.4937133789062,68930.015625,68930.015625,60,609.8342053592205,0.06348799914121628,34c313f8099558a864795e97239b3c22cd5ff2695aa34263a6d55aec26dc7b28,True
1657,25,7,45,recent_k8,32.78452682495117,2319.5458984375,2319.5458984375,32.78452682495117,0.08135986328125,1967.071533203125,139172.75,139172.75,60,609.3574818223715,0.060416001826524734,ab304dc89e18442713eeb5b276a278021dff292d074b5a65247faa60ceeaef62,True
1658,25,7,60,recent_k8,59.50912857055664,7808.1083984375,7776.64892578125,59.50912857055664,0.25390625,3570.547607421875,468486.46875,466598.90625,60,617.8730870597064,0.05734400078654289,3b3e82bfbb09b906e0140bfc0078a0605758a67df6a375f15acbf1508e28fca3,True
1659,25,7,75,recent_k8,25.999834060668945,14216.6357421875,944.4051513671875,25.999834060668945,0.45361328125,1559.989990234375,852998.125,56664.3046875,60,611.8981870822608,0.06656000018119812,01212d982380233a80650bb28120a6939851d722c1952346ca123fe552c43ed3,True
1660,25,7,90,recent_k8,23.515207290649414,4383.7509765625,1370.203857421875,23.515207290649414,0.1356201171875,1410.912353515625,263025.03125,82212.2265625,60,608.5016028955579,0.06348799914121628,201f37a566fa0167b8d02a71d47b4ba30d945ad75010d1eacf906c0c4efd232c,True
1661,25,7,105,recent_k8,25.142139434814453,19935.576171875,1409.8482666015625,25.142139434814453,0.61572265625,1508.5283203125,1196134.5,84590.890625,60,608.1063780002296,0.05427199974656105,9b47b4769329156e7eb468afeadff1ff783a9f4849b234936b057bb35b7ba573,True
1662,25,7,120,recent_k8,22.99822998046875,13945.2216796875,1147.8990478515625,22.99822998046875,0.435302734375,1379.8936767578125,836713.25,68873.9375,60,609.9659400060773,0.05632000043988228,44901c93354e7368a1026d2bd527149fdb8c2771c58b44ac25d96959428a5879,True
1663,25,7,135,recent_k8,50.420257568359375,6199.3681640625,5835.55908203125,50.420257568359375,0.1971435546875,3025.21533203125,371962.0625,350133.53125,60,605.7527638040483,0.058368001133203506,bb34b9b3a237aeb80dedb752ebcb378442a05f99ef2dc6f0c73cc0861fd19ebd,True
1664,25,7,150,recent_k8,16.606735229492188,554.1812744140625,554.1812744140625,16.606735229492188,0.01812744140625,996.4041137695312,33250.875,33250.875,60,607.500578276813,0.06140799820423126,5fe732b4e4870082a510b7d432d663ea24c6fb37b9612d310622edacfe50afd8,True
1665,25,7,165,recent_k8,6.524431228637695,55.82394027709961,55.82394027709961,6.524431228637695,0.002349853515625,391.4658508300781,3349.436279296875,3349.436279296875,60,606.6761170513928,0.055296000093221664,2269825df90b316a416ddd6a854ed6d96b88674c65e245446061a8463fdb50a9,True
1666,25,7,180,recent_k8,8.458967208862305,206.80487060546875,206.80487060546875,8.458967208862305,0.0075836181640625,507.53802490234375,12408.2919921875,12408.2919921875,60,605.7799570262432,0.054368000477552414,79c4aa336124be8cc52e3e4af9405ff2e132bd59eefa7dd9549d507b187ef5f8,True
1667,25,7,195,recent_k8,36.2852897644043,14574.4052734375,2855.88671875,36.2852897644043,0.454833984375,2177.1171875,874464.25,171353.1875,60,608.3355122245848,0.05632000043988228,9614de0c7e6768689a25fb75408226f1ad1c598a1dd29504af7713b2fe828c44,True
1668,25,7,210,recent_k8,19.492292404174805,787.5751342773438,787.5751342773438,19.492292404174805,0.0250091552734375,1169.5374755859375,47254.50390625,47254.50390625,60,608.143855817616,0.055296000093221664,1918cd9912b5ed70d0d346d55fcb6e0602210d323f20034ed82067ac91d296d8,True
1669,25,7,225,recent_k8,19.10570526123047,802.188720703125,802.188720703125,19.10570526123047,0.02490234375,1146.34228515625,48131.3203125,48131.3203125,60,610.7252803631127,0.062463998794555664,cb52e0d7c530a740ca8441310d4531a972b6ab26550e524a14712da292a3d6ba,True
1670,25,47,30,recent_k8,2.4513988494873047,12.99057388305664,12.99057388305664,2.4513988494873047,0.00045609474182128906,147.08392333984375,779.4343872070312,779.4343872070312,60,607.1676067076623,0.055296000093221664,951632d11197e87c0a2aa30452d8e8bd7eb75ca79b96f8e1673f99e01a4267cd,True
1671,25,47,45,recent_k8,12.869989395141602,4082.589111328125,1055.6026611328125,12.869989395141602,0.1270751953125,772.1993408203125,244955.328125,63336.15625,60,614.0311793424189,0.05734400078654289,db168168da6e779a71e336c547b1997e26200e81af989bfdea7cab3e36dab141,True
1672,25,47,60,recent_k8,36.59086608886719,20981.73828125,3467.8896484375,36.59086608886719,0.6484375,2195.451904296875,1258904.25,208073.375,60,612.1062887832522,0.062463998794555664,131fb6bec1d094ef153e516b6ea13d61e6ce5960b11afd692ee0c5fc0250a9fc,True
1673,25,47,75,recent_k8,21.629037857055664,6134.7421875,1317.800048828125,21.629037857055664,0.19140625,1297.7421875,368084.5,79068.0,60,610.216389875859,0.055296000093221664,f3fe1ce5a83a0ceebb1fbc9e573985b2801d1926d9867ddb32a88677ecaf3cca,True
1674,25,47,90,recent_k8,63.5353889465332,10316.0419921875,9978.16796875,63.5353889465332,0.31884765625,3812.123046875,618962.5,598690.0625,60,608.8712844066322,0.054336000233888626,486a83f0dcec3ecc1f2da81305f9916076a0d952ac57e8de910a91af2d59ea5d,True
1675,25,47,105,recent_k8,12.465607643127441,475.1446228027344,475.1446228027344,12.465607643127441,0.014739990234375,747.9364013671875,28508.67578125,28508.67578125,60,609.5040789805353,0.05632000043988228,34ad3a7615626ee0ca2dc33785e67240479d6d810f9ed230242a690bd2db687b,True
1676,25,47,120,recent_k8,12.442097663879395,467.87335205078125,467.87335205078125,12.442097663879395,0.01457977294921875,746.5258178710938,28072.400390625,28072.400390625,60,618.1838130578399,0.055296000093221664,86d655588457ceef2df318f5e0c2bc1e127e131e1d3b17fea2439c4e435d0888,True
1677,25,47,135,recent_k8,12.47020149230957,470.53790283203125,470.53790283203125,12.47020149230957,0.01462554931640625,748.2120361328125,28232.2734375,28232.2734375,60,613.6508188210428,0.062463998794555664,32914ca28eb9a17c2298691a1a8b4b19cdcb62161c79b492cf03e1b20b13e689,True
1678,25,47,150,recent_k8,12.306946754455566,466.2511291503906,466.2511291503906,12.306946754455566,0.01444244384765625,738.416748046875,27975.06640625,27975.06640625,60,613.5279219597578,0.05632000043988228,c79e4ed5a004530f27e049d721ebe376dc63e1c0958dc2f1052f1d465ea8fa97,True
1679,25,47,165,recent_k8,12.168639183044434,456.44097900390625,456.44097900390625,12.168639183044434,0.01415252685546875,730.1182861328125,27386.45703125,27386.45703125,60,618.2088851928711,0.05734400078654289,de2a937f81bc5876134b810b19332674f4fe77af66f5e1fbe017fbd1bb8f1527,True
1680,25,47,180,recent_k8,25.30089569091797,9487.1298828125,2359.6123046875,25.30089569091797,0.295166015625,1518.0537109375,569227.75,141576.734375,60,613.8556799851358,0.060416001826524734,c57a22c15d2d9e9cdf5a10ecdd85b3d6c8ee92d81965d5b65ddd250d04edb2d5,True
1681,25,47,195,recent_k8,62.37553405761719,9286.4462890625,8900.2060546875,62.37553405761719,0.29052734375,3742.53173828125,557186.75,534012.3125,60,614.1898878850043,0.058368001133203506,9ae4a3e545b74ed6fb023202c69c76ad56f182fcdaf36e9d89b4798093323adb,True
1682,25,47,210,recent_k8,12.880453109741211,428.0750732421875,428.0750732421875,12.880453109741211,0.01351165771484375,772.8271484375,25684.50390625,25684.50390625,60,613.3306878618896,0.05632000043988228,e77321481a68c8a7f8c22eddcebf3bb61ca3a4cd5253fd3c56c5c6377176be90,True
1683,25,47,225,recent_k8,13.686641693115234,452.6594543457031,452.6594543457031,13.686641693115234,0.015472412109375,821.198486328125,27159.56640625,27159.56640625,60,613.2964696735144,0.05632000043988228,a7b2636bd9e69ecd50969178c1071909945f5b2a7a52f7bf1df4d17c74c4c15a,True
1684,25,30,30,recent_k8,7.241827964782715,99.39291381835938,99.39291381835938,7.241827964782715,0.0034122467041015625,434.5096435546875,5963.57470703125,5963.57470703125,60,614.7349369712174,0.055296000093221664,2631175a423eff438b7675e7fafa82106f0c6e8d0e0cb18a2c7cc1a3cc5faaaf,True
1685,25,30,45,recent_k8,4.077779293060303,25.826749801635742,25.826749801635742,4.077779293060303,0.0012159347534179688,244.666748046875,1549.6048583984375,1549.6048583984375,60,612.9272552207112,0.06143999844789505,f1b95d0cd6e9062d4ae1f6a1bfc7be3380bd70cb5e479e3b99cb2ca547159f29,True
1686,25,30,60,recent_k8,2.90873122215271,12.57402229309082,12.57402229309082,2.90873122215271,0.0004322528839111328,174.52386474609375,754.4412841796875,754.4412841796875,60,611.3234823569655,0.05632000043988228,46c2ad383e4ff8d7eeb39f199815ea87d186505bf58a05a5c37eed3070adf3e7,True
1687,25,30,75,recent_k8,3.5422918796539307,17.768291473388672,17.768291473388672,3.5422918796539307,0.0008845329284667969,212.53750610351562,1066.097412109375,1066.097412109375,60,613.109664991498,0.05632000043988228,060219cad525d4315bb370050dacac02330e3ff8ae25d7987105b08fed00e2ff,True
1688,25,30,90,recent_k8,2.4724411964416504,10.49504280090332,10.49504280090332,2.4724411964416504,0.00033736228942871094,148.34646606445312,629.7025146484375,629.7025146484375,60,615.8236898481846,0.055296000093221664,c78165b15a9ab39fb6d61314d101d97c9ee40de72d5884ac68de746ab593c292,True
1689,25,30,105,recent_k8,2.579557418823242,16.761594772338867,16.761594772338867,2.579557418823242,0.0005254745483398438,154.7734375,1005.6956787109375,1005.6956787109375,60,617.5640732981265,0.09318400174379349,3ef92031e74d3d190a4a7b8318a4ac375d698e44c9c1f817e3aa105c91926154,True
1690,25,30,120,recent_k8,2.8121747970581055,14.005317687988281,14.005317687988281,2.8121747970581055,0.000576019287109375,168.73048400878906,840.3190307617188,840.3190307617188,60,616.1152790300548,0.06348799914121628,561aaff4d0fb725ffe0e14204180106eebf0e955c7948eda94b81a201d76fee9,True
1691,25,30,135,recent_k8,2.707700252532959,12.524797439575195,12.524797439575195,2.707700252532959,0.0004029273986816406,162.46200561523438,751.48779296875,751.48779296875,60,613.429396878928,0.06758400052785873,8c0825d4936b509e529f03f3601fa4a16b55f91e8005fbc60eeaebfa5732c581,True
1692,25,30,150,recent_k8,2.9523799419403076,13.498717308044434,13.498717308044434,2.9523799419403076,0.0005269050598144531,177.14279174804688,809.9229736328125,809.9229736328125,60,613.5961660183966,0.058368001133203506,e0d5cfa921495c917c7799c998258f5b51bec302d4103ceb8db83c9408e8a3b4,True
1693,25,30,165,recent_k8,4.22606086730957,42.93077850341797,42.93077850341797,4.22606086730957,0.0014295578002929688,253.56362915039062,2575.8466796875,2575.8466796875,60,612.055903300643,0.06143999844789505,648da803f1dd6d2ceb7743121b244f603ddbddba10ce2d2b2d39343f2853dcd8,True
1694,25,30,180,recent_k8,3.902496099472046,26.28448486328125,26.28448486328125,3.902496099472046,0.0008578300476074219,234.14974975585938,1577.0689697265625,1577.0689697265625,60,612.0454841293395,0.05632000043988228,c07538f173899234fb3188dc02c7b2713419300bd61a342937f8098c61ecb800,True
1695,25,30,195,recent_k8,4.04084587097168,21.587989807128906,21.587989807128906,4.04084587097168,0.0007891654968261719,242.45074462890625,1295.279296875,1295.279296875,60,613.2179023697972,0.05734400078654289,f9cba34a17a403b15d3d89c49cf02de656f487dbea4870fe678f0a1411b944a1,True
1696,25,30,210,recent_k8,3.267625331878662,17.063831329345703,17.063831329345703,3.267625331878662,0.0006918907165527344,196.05751037597656,1023.829833984375,1023.829833984375,60,613.1402747705579,0.05632000043988228,be810ea29b482f1fbc3640048cb54378cf07a3bb5a0a44bd332a4051c55cf4a5,True
1697,25,30,225,recent_k8,2.3709168434143066,11.795079231262207,11.795079231262207,2.3709168434143066,0.00044035911560058594,142.2550048828125,707.7047119140625,707.7047119140625,60,616.8769779615104,0.05734400078654289,32e2d84e52a54d49362923d5b96d47b126f63e3a565648bd88c752a179cc0547,True
