sample_id,video,user,timestep,mae,corrected_rmse,mean_angular_error,latency_ms,target_forward_count,accepted_sum,finite
0,4,83,30,13.595314596096674,19.596091463707115,13.595314596096674,123.43369610607624,4,19,True
1,4,83,45,20.58350377380848,26.334797909975556,20.58350377380848,124.19108394533396,4,18,True
2,4,83,60,12.61316250115633,16.144434176117898,12.61316250115633,123.39265597984195,4,19,True
3,4,83,75,22.03560662511736,32.68081597165344,22.03560662511736,123.094966635108,4,19,True
4,4,83,90,27.856404172877472,45.38421576963312,27.856404172877472,123.11306688934565,4,19,True
5,4,83,105,50.60457871655623,82.72520706366493,50.60457871655623,153.87156000360847,5,18,True
6,4,83,120,16.43584277033806,21.77264775363789,16.43584277033806,123.36245598271489,4,18,True
7,4,83,135,3.6242610692977903,5.299800654063791,3.6242610692977903,122.3749378696084,4,19,True
8,4,83,150,11.304124287764232,16.390953291912254,11.304124287764232,122.04325897619128,4,19,True
9,4,83,165,15.489459947745006,21.646485848532155,15.489459947745006,123.37223719805479,4,18,True
10,4,83,180,28.725021947796147,47.02477227620674,28.725021947796147,123.07963566854596,4,19,True
11,4,83,195,9.12329336963594,11.749453139299591,9.12329336963594,122.93057702481747,4,19,True
12,4,83,210,11.465567371497551,17.714888365120434,11.465567371497551,124.10901533439755,4,18,True
13,4,83,225,30.449913220852615,46.97830888206313,30.449913220852615,122.65249714255333,4,19,True
14,4,15,30,15.925673072288435,19.536529933137086,15.925673072288435,123.20233695209026,4,19,True
15,4,15,45,7.035939221580823,8.240519680632907,7.035939221580823,121.98076816275716,4,19,True
16,4,15,60,1.2576170563697815,2.0168746949383607,1.2576170563697815,123.1778971850872,4,19,True
17,4,15,75,1.2124785741170248,1.9319642759724043,1.2124785741170248,123.13434714451432,4,19,True
18,4,15,90,1.1859577894210815,2.0392981128403047,1.1859577894210815,122.91663838550448,4,19,True
19,4,15,105,6.717718894034624,12.126829437003323,6.717718894034624,122.67420720309019,4,19,True
20,4,15,120,12.37681476076444,18.137631731937102,12.37681476076444,123.18469677120447,4,19,True
21,4,15,135,1.816794792811076,2.1830290532045726,1.816794792811076,122.66024807468057,4,19,True
22,4,15,150,0.9357403675715129,1.3804059391385537,0.9357403675715129,122.11158918216825,4,19,True
23,4,15,165,6.751820955673853,13.084648163322628,6.751820955673853,122.3937189206481,4,19,True
24,4,15,180,15.035440741851925,22.66593453944751,15.035440741851925,122.53248784691095,4,19,True
25,4,15,195,17.468752544745804,29.109587438700053,17.468752544745804,123.8093157298863,4,18,True
26,4,15,210,21.36288199176391,36.591993405045734,21.36288199176391,122.48882791027427,4,19,True
27,4,15,225,14.516367761294047,28.567177523508608,14.516367761294047,123.9703563041985,4,18,True
28,4,3,30,12.713516781727472,18.62516911476572,12.713516781727472,123.02945693954825,4,19,True
29,4,3,45,17.177084147681793,22.054884778811495,17.177084147681793,123.85837500914931,4,18,True
30,4,3,60,8.603497907208899,9.229588145654168,8.603497907208899,122.93824786320329,4,19,True
31,4,3,75,6.264898009039461,8.552738571752416,6.264898009039461,122.75160709396005,4,19,True
32,4,3,90,2.7147425429274636,4.034162977248466,2.7147425429274636,122.83216789364815,4,19,True
33,4,3,105,3.894964154188832,5.522649392834955,3.894964154188832,122.78503831475973,4,19,True
34,4,3,120,5.235572454084953,7.069760349523556,5.235572454084953,122.73895787075162,4,19,True
35,4,3,135,12.892325441042582,15.359374510799599,12.892325441042582,123.1226073578,4,19,True
36,4,3,150,11.748536302149295,16.488293728933705,11.748536302149295,122.88249703124166,4,19,True
37,4,3,165,10.635138964653015,13.351594158762836,10.635138964653015,122.64800816774368,4,19,True
38,4,3,180,6.8092348655064905,11.41316600228698,6.8092348655064905,122.43576906621456,4,19,True
39,4,3,195,8.224440354108811,11.349283726310277,8.224440354108811,122.76706798002124,4,19,True
40,4,3,210,1.7362350006898244,2.09058452599286,1.7362350006898244,123.07272665202618,4,19,True
41,4,3,225,3.238403222958247,3.559851255084873,3.238403222958247,122.96005804091692,4,19,True
42,4,35,30,9.101757529191673,11.057255778820517,9.101757529191673,122.79494805261493,4,19,True
43,4,35,45,3.4137136951088904,4.423383204243171,3.4137136951088904,122.75611888617277,4,19,True
44,4,35,60,4.3534549325704575,5.318838027097016,4.3534549325704575,122.74093925952911,4,19,True
45,4,35,75,4.215129991372426,5.753136729220056,4.215129991372426,123.15001804381609,4,19,True
46,4,35,90,2.8620155692100524,6.429980348648081,2.8620155692100524,123.0377177707851,4,19,True
47,4,35,105,6.169619143505892,8.459513101005312,6.169619143505892,122.83338885754347,4,19,True
48,4,35,120,10.635843488077322,12.889773652265868,10.635843488077322,122.79786914587021,4,19,True
49,4,35,135,3.0196185750265916,4.54379673551354,3.0196185750265916,122.98987805843353,4,19,True
50,4,35,150,4.959192062914371,6.187250106900156,4.959192062914371,123.00647795200348,4,19,True
51,4,35,165,15.255147850513458,21.604820487970663,15.255147850513458,122.87243781611323,4,19,True
52,4,35,180,20.575946323076884,34.782222657007395,20.575946323076884,123.07894788682461,4,19,True
53,4,35,195,7.6011412421862286,12.973959736664133,7.6011412421862286,124.40595496445894,4,18,True
54,4,35,210,6.5104731798171995,7.640581630038006,6.5104731798171995,122.31720890849829,4,19,True
55,4,35,225,3.584811153014501,6.918708516915806,3.584811153014501,122.360919136554,4,19,True
56,4,48,30,5.489344424684532,7.9838404938283265,5.489344424684532,123.18252818658948,4,19,True
57,4,48,45,15.32149036799868,22.881352728029096,15.32149036799868,123.02982900291681,4,19,True
58,4,48,60,12.784622497608265,19.66411339553359,12.784622497608265,122.94134823605418,4,19,True
59,4,48,75,5.052043798613401,8.372461768788224,5.052043798613401,122.90963903069496,4,19,True
60,4,48,90,3.928859288493792,4.906610593811546,3.928859288493792,122.94206814840436,4,19,True
61,4,48,105,7.554002278546492,11.604812105942969,7.554002278546492,122.73932807147503,4,19,True
62,4,48,120,24.08796823322773,37.67856828578995,24.08796823322773,123.36261803284287,4,19,True
63,4,48,135,17.488049008945623,22.592754359571767,17.488049008945623,122.26231908425689,4,19,True
64,4,48,150,12.228058765331904,15.733190680323542,12.228058765331904,121.72781117260456,4,19,True
65,4,48,165,10.626238636175792,13.968302989270132,10.626238636175792,122.95754766091704,4,18,True
66,4,48,180,11.270604882078866,17.10862377824151,11.270604882078866,121.6466510668397,4,19,True
67,4,48,195,16.292973345518114,26.574513073485356,16.292973345518114,121.18277186527848,4,19,True
68,4,48,210,14.293124452233315,22.06350852996821,14.293124452233315,121.83770956471562,4,19,True
69,4,48,225,16.59581739678979,23.01955594412133,16.59581739678979,120.40565302595496,4,19,True
70,4,22,30,4.166162059704463,4.935273339476681,4.166162059704463,120.74019201099873,4,19,True
71,4,22,45,4.38906263038516,4.987364785660485,4.38906263038516,120.9093420766294,4,19,True
72,4,22,60,2.083780330916246,3.6964833437198523,2.083780330916246,120.9950321353972,4,19,True
73,4,22,75,2.855686835447947,4.2897061757249,2.855686835447947,121.14477157592773,4,19,True
74,4,22,90,3.5963820536931355,8.554152169242197,3.5963820536931355,121.64637120440602,4,19,True
75,4,22,105,4.819361231724421,8.647911409744358,4.819361231724421,123.45201708376408,4,19,True
76,4,22,120,4.453548619647821,6.1995174944595135,4.453548619647821,123.08716913685203,4,19,True
77,4,22,135,2.2359006285667418,2.7978125149718753,2.2359006285667418,123.84124798700213,4,19,True
78,4,22,150,1.2090017281472683,1.817383634437469,1.2090017281472683,122.88519879803061,4,19,True
79,4,22,165,10.522940319031477,17.323723111430432,10.522940319031477,122.88568867370486,4,19,True
80,4,22,180,16.210463656981787,29.272157958263566,16.210463656981787,121.52063194662333,4,19,True
81,4,22,195,6.074920377135276,9.07910141208187,6.074920377135276,122.04938009381294,4,19,True
82,4,22,210,5.688231107592583,6.644820695618,5.688231107592583,121.62129115313292,4,19,True
83,4,22,225,5.002042014423448,10.054592316617546,5.002042014423448,119.76539483293891,4,19,True
84,4,55,30,9.046456483751536,11.49489623718977,9.046456483751536,124.91134600713849,4,19,True
85,4,55,45,4.403794034570455,5.048615270668313,4.403794034570455,123.45736706629395,4,19,True
86,4,55,60,6.680347936600446,11.26227645815662,6.680347936600446,121.26637203618884,4,19,True
87,4,55,75,10.92230803668499,19.710421604989822,10.92230803668499,121.31504202261567,4,18,True
88,4,55,90,13.68728607694308,19.44439470828618,13.68728607694308,121.2286320514977,4,18,True
89,4,55,105,3.585924673080444,6.361192949907091,3.585924673080444,121.02411314845085,4,19,True
90,4,55,120,4.707952627539635,6.37398195295264,4.707952627539635,120.16164371743798,4,19,True
91,4,55,135,7.012451344829363,8.052384544523049,7.012451344829363,121.41664233058691,4,19,True
92,4,55,150,14.18843996860087,23.078228744182834,14.18843996860087,122.60062992572784,4,19,True
93,4,55,165,35.32597790559133,50.837954333061184,35.32597790559133,122.7109800092876,4,19,True
94,4,55,180,28.897492655118306,40.677383312084785,28.897492655118306,123.56298789381981,4,18,True
95,4,55,195,57.60849867388606,84.2325575890892,57.60849867388606,153.6138541996479,5,18,True
96,4,55,210,37.28716270029545,68.01670755481861,37.28716270029545,123.20627784356475,4,18,True
97,4,55,225,33.06811492741108,54.991056486476595,33.06811492741108,122.10854096338153,4,19,True
98,4,4,30,19.324706616361315,40.3185982251235,19.324706616361315,120.80636294558644,4,19,True
99,4,4,45,55.42917761206627,91.49538178924516,55.42917761206627,151.5674376860261,5,18,True
100,4,4,60,9.94452231861651,15.419591353628103,9.94452231861651,120.77586306259036,4,19,True
101,4,4,75,10.019154239352792,16.55076525748136,10.019154239352792,120.58433284983039,4,19,True
102,4,4,90,9.464213028705368,15.211459003580517,9.464213028705368,120.77848287299275,4,19,True
103,4,4,105,8.816690623760223,12.178183845858984,8.816690623760223,121.03277305141091,4,19,True
104,4,4,120,7.9570696188757815,13.879083857367664,7.9570696188757815,120.42510323226452,4,19,True
105,4,4,135,9.908747651427984,15.432177044135011,9.908747651427984,121.19435286149383,4,19,True
106,4,4,150,12.00433942253391,22.272485410390676,12.00433942253391,121.59265298396349,4,19,True
107,4,4,165,10.524274762471517,17.34079951507488,10.524274762471517,121.60145211964846,4,19,True
108,4,4,180,12.34798748890559,24.178822580068413,12.34798748890559,122.04608088359237,4,19,True
109,4,4,195,38.64885098834832,69.34623702398001,38.64885098834832,122.71139025688171,4,19,True
110,4,4,210,21.287736018871268,41.801125731042156,21.287736018871268,122.71508993580937,4,19,True
111,4,4,225,49.424444883068404,81.63475756528402,49.424444883068404,154.17766384780407,5,18,True
112,4,45,30,10.457876002788543,12.969040530247373,10.457876002788543,122.48029001057148,4,19,True
113,4,45,45,9.802529559036095,13.212396034979239,9.802529559036095,123.1164988130331,4,19,True
114,4,45,60,7.2518686458468435,11.40756199921694,7.2518686458468435,123.26691905036569,4,19,True
115,4,45,75,22.489860117683808,46.03192372865372,22.489860117683808,123.16897884011269,4,19,True
116,4,45,90,23.213095417618753,36.74494309065597,23.213095417618753,123.07679979130626,4,18,True
117,4,45,105,4.5355349637568,5.547508708634528,4.5355349637568,122.59005103260279,4,19,True
118,4,45,120,2.1628642335534094,2.701741491605261,2.1628642335534094,123.17974912002683,4,19,True
119,4,45,135,1.2944774056474369,1.731937591979913,1.2944774056474369,123.02550999447703,4,19,True
120,4,45,150,1.1902885307868323,1.591076558819272,1.1902885307868323,122.00866127386689,4,19,True
121,4,45,165,2.9737798547993104,5.396733924804979,2.9737798547993104,122.99709999933839,4,19,True
122,4,45,180,8.746653652191162,13.673181800639568,8.746653652191162,123.21667978540063,4,19,True
123,4,45,195,3.9306289772192637,5.303517240847439,3.9306289772192637,122.9579602368176,4,19,True
124,4,45,210,5.243323530753454,7.171759177459489,5.243323530753454,123.14508017152548,4,19,True
125,4,45,225,6.716434727492742,9.92777226182253,6.716434727492742,123.04327916353941,4,19,True
126,4,60,30,12.014904013772805,18.612229535646648,12.014904013772805,122.69226973876357,4,19,True
127,4,60,45,8.443387616674105,13.483650011419064,8.443387616674105,122.98286007717252,4,19,True
128,4,60,60,6.152762848138809,10.558992802922196,6.152762848138809,123.07917000725865,4,19,True
129,4,60,75,10.011139099299907,15.636018065760197,10.011139099299907,123.0853102169931,4,19,True
130,4,60,90,6.776769211391608,10.343017049392165,6.776769211391608,123.09252005070448,4,19,True
131,4,60,105,7.182139440377553,13.069706011612611,7.182139440377553,123.17062867805362,4,19,True
132,4,60,120,10.850802437464397,17.286807773142957,10.850802437464397,123.40560927987099,4,18,True
133,4,60,135,4.241336858272552,6.292158532165102,4.241336858272552,121.9928520731628,4,19,True
134,4,60,150,3.813493752479553,4.968352462092867,3.813493752479553,122.74676002562046,4,19,True
135,4,60,165,10.149193859100341,14.860201745436944,10.149193859100341,123.1612297706306,4,19,True
136,4,60,180,21.84252446492513,35.07483331091955,21.84252446492513,123.14643012359738,4,19,True
137,4,60,195,8.170968562364578,11.604420550610996,8.170968562364578,121.88811227679253,4,19,True
138,4,60,210,2.925067591667175,4.001662504044557,2.925067591667175,120.19101530313492,4,19,True
139,4,60,225,4.008028173446656,7.3390442486323115,4.008028173446656,120.91113440692425,4,19,True
140,4,26,30,5.949412703514099,8.06118241648801,5.949412703514099,120.91533374041319,4,19,True
141,4,26,45,1.2096908609072368,1.9697540730230627,1.2096908609072368,119.87639497965574,4,19,True
142,4,26,60,2.4259801328182222,3.4585992124684974,2.4259801328182222,119.86096575856209,4,19,True
143,4,26,75,1.4450023457407952,1.8266063107920671,1.4450023457407952,120.56766403838992,4,19,True
144,4,26,90,1.3831322046617667,2.0235567587864014,1.3831322046617667,120.75748387724161,4,19,True
145,4,26,105,2.359658557673295,2.946921603612717,2.359658557673295,120.19242579117417,4,19,True
146,4,26,120,1.742600639661153,2.1899653912431423,1.742600639661153,122.66267091035843,4,19,True
147,4,26,135,2.179229146242142,2.9368139708933976,2.179229146242142,122.91019130498171,4,19,True
148,4,26,150,1.338185461362203,1.6512965956316803,1.338185461362203,122.80732113867998,4,19,True
149,4,26,165,3.551696467399597,5.63399915213109,3.551696467399597,122.13212205097079,4,19,True
150,4,26,180,10.205614896615346,21.296489390276502,10.205614896615346,120.38696510717273,4,19,True
151,4,26,195,7.656371249755224,13.16045645574066,7.656371249755224,121.69571174308658,4,18,True
152,4,26,210,18.036567401885986,24.326162074297535,18.036567401885986,121.25720363110304,4,19,True
153,4,26,225,27.712794298057755,40.06044817122246,27.712794298057755,120.75257487595081,4,18,True
154,4,21,30,2.1672227658020953,2.5458994319482775,2.1672227658020953,120.63421355560422,4,19,True
155,4,21,45,2.00265719294548,2.5283810264748423,2.00265719294548,121.25288415700197,4,19,True
156,4,21,60,1.9684096271793048,2.4039921266254543,1.9684096271793048,121.15703383460641,4,19,True
157,4,21,75,1.6581784715255101,2.1339042297873307,1.6581784715255101,121.15698400884867,4,19,True
158,4,21,90,1.6980817337830862,2.1346059565362707,1.6980817337830862,122.46491201221943,4,19,True
159,4,21,105,1.4444366256395975,1.9498325502357636,1.4444366256395975,122.96070996671915,4,19,True
160,4,21,120,1.7211405674616496,2.1973541649393638,1.7211405674616496,122.84850096330047,4,19,True
161,4,21,135,1.5454271535078685,1.9590570791488229,1.5454271535078685,122.60021083056927,4,19,True
162,4,21,150,1.497644410530726,1.9679411313133608,1.497644410530726,122.14385159313679,4,19,True
163,4,21,165,5.080463353792826,8.784209425647038,5.080463353792826,123.29514976590872,4,19,True
164,4,21,180,5.598104323943456,9.922594591494638,5.598104323943456,123.13582003116608,4,19,True
165,4,21,195,4.376745355129242,5.944825968662685,4.376745355129242,122.32393212616444,4,19,True
166,4,21,210,2.2514461815357207,2.866500513096182,2.2514461815357207,123.08862106874585,4,19,True
167,4,21,225,1.6753963828086853,2.190969519167487,1.6753963828086853,123.04069101810455,4,19,True
168,4,44,30,9.879739412168663,13.232951600356868,9.879739412168663,123.06654080748558,4,19,True
169,4,44,45,4.548816720644633,6.1528066209355075,4.548816720644633,122.70893203094602,4,19,True
170,4,44,60,4.652801446119944,6.946463077804269,4.652801446119944,123.07629967108369,4,19,True
171,4,44,75,5.285531950990359,7.598783398771947,5.285531950990359,122.73279204964638,4,19,True
172,4,44,90,17.729073932766916,28.234081947593126,17.729073932766916,121.74129392951727,4,19,True
173,4,44,105,16.225264516472816,29.142119412507608,16.225264516472816,122.76688171550632,4,18,True
174,4,44,120,6.317437849690517,8.092112884153302,6.317437849690517,123.36479034274817,4,19,True
175,4,44,135,6.058269661664963,7.504683082980843,6.058269661664963,123.13102977350354,4,19,True
176,4,44,150,6.549843231836955,9.786321620443754,6.549843231836955,123.45583084970713,4,19,True
177,4,44,165,15.06285347143809,20.59316775676589,15.06285347143809,123.1133509427309,4,19,True
178,4,44,180,23.607986775692552,38.93607863766133,23.607986775692552,123.32131108269095,4,19,True
179,4,44,195,10.426533338427543,12.968450341575855,10.426533338427543,123.23322100564837,4,19,True
180,4,44,210,13.7276343892018,20.747505625888625,13.7276343892018,122.89121095091105,4,19,True
181,4,44,225,19.85057985385259,26.158040216131724,19.85057985385259,123.44519980251789,4,19,True
182,4,23,30,38.24555060615142,60.27865737419035,38.24555060615142,122.31329269707203,4,19,True
183,4,23,45,10.743101946512859,15.561422062094243,10.743101946512859,123.00792057067156,4,19,True
184,4,23,60,30.330727476874987,43.114024557085656,30.330727476874987,122.61212198063731,4,18,True
185,4,23,75,10.620740364988645,13.21034392083367,10.620740364988645,122.61480186134577,4,19,True
186,4,23,90,11.67561777830124,14.887041634801902,11.67561777830124,123.24322992935777,4,19,True
187,4,23,105,8.934353179236252,14.957115106431507,8.934353179236252,123.1653718277812,4,19,True
188,4,23,120,42.60155336484313,74.2484200916082,42.60155336484313,123.28408099710941,4,19,True
189,4,23,135,41.934582366545996,62.221643262726545,41.934582366545996,124.29706891998649,4,18,True
190,4,23,150,21.820041562616826,31.40366368593339,21.820041562616826,123.22305096313357,4,19,True
191,4,23,165,51.949828353027506,81.41401731765147,51.949828353027506,154.55649606883526,5,18,True
192,4,23,180,29.59242534711957,48.02747810258545,29.59242534711957,123.25018085539341,4,19,True
193,4,23,195,48.98634677156806,73.45547471642182,48.98634677156806,154.36200564727187,5,18,True
194,4,23,210,34.24373003045718,47.43270437148427,34.24373003045718,123.0471613816917,4,19,True
195,4,23,225,30.982536061356466,44.907612485455786,30.982536061356466,122.83743172883987,4,19,True
196,4,53,30,7.5919704357782996,11.323351041314044,7.5919704357782996,123.03417082875967,4,19,True
197,4,53,45,9.824981713294983,12.359855657304664,9.824981713294983,122.98188218846917,4,19,True
198,4,53,60,4.553896252314249,6.512677242606657,4.553896252314249,122.25241307169199,4,19,True
199,4,53,75,14.456004042426745,20.264084952103435,14.456004042426745,122.3484929651022,4,19,True
200,4,53,90,23.12883689602216,28.811790777689644,23.12883689602216,123.21485113352537,4,19,True
201,4,53,105,15.147787792483966,19.64266540812275,15.147787792483966,122.7915221825242,4,19,True
202,4,53,120,22.737021738290785,32.65236237423539,22.737021738290785,123.26791230589151,4,18,True
203,4,53,135,11.911091376344363,16.538037090391164,11.911091376344363,123.05538216605783,4,19,True
204,4,53,150,7.3153127282857895,9.203853996916827,7.3153127282857895,123.12737107276917,4,19,True
205,4,53,165,16.107399653767548,23.100221714819167,16.107399653767548,122.34730273485184,4,19,True
206,4,53,180,13.384064397712548,21.515962765178976,13.384064397712548,122.81786184757948,4,19,True
207,4,53,195,11.272826147079467,14.880546592551203,11.272826147079467,123.35226126015186,4,18,True
208,4,53,210,16.97570215910673,22.96705491757833,16.97570215910673,123.41682985424995,4,19,True
209,4,53,225,14.35038413753112,22.942136196150482,14.35038413753112,124.41322999075055,4,18,True
210,4,84,30,35.74369883195808,60.75117470540894,35.74369883195808,154.0929269976914,5,18,True
211,4,84,45,15.758145328735312,18.541534222462897,15.758145328735312,124.23207005485892,4,18,True
212,4,84,60,33.82411198976139,55.80807081412761,33.82411198976139,123.26163100078702,4,19,True
213,4,84,75,24.986599006255467,36.85187034206503,24.986599006255467,123.94810002297163,4,18,True
214,4,84,90,7.923308223485947,11.338385416170295,7.923308223485947,123.74876067042351,4,18,True
215,4,84,105,8.421443196137746,12.8764624888476,8.421443196137746,123.23348224163055,4,19,True
216,4,84,120,12.598889708022277,15.94222532373992,12.598889708022277,123.5275911167264,4,18,True
217,4,84,135,2.44645273288091,3.0899875815152025,2.44645273288091,121.96151306852698,4,19,True
218,4,84,150,2.3485580503940584,2.9259772625134497,2.3485580503940584,120.8826950751245,4,19,True
219,4,84,165,13.811915131409963,22.094012388242618,13.811915131409963,121.21019465848804,4,19,True
220,4,84,180,22.58156639834245,32.81038000400275,22.58156639834245,121.44165532663465,4,19,True
221,4,84,195,13.792986202239991,18.817231354910902,13.792986202239991,122.03272432088852,4,18,True
222,4,84,210,14.16254793703556,18.649368189243628,14.16254793703556,122.17428255826235,4,18,True
223,4,84,225,6.522429519503688,11.29964352829256,6.522429519503688,121.89342407509685,4,18,True
224,4,59,30,3.2770311276117963,3.7170007686563524,3.2770311276117963,121.30659492686391,4,19,True
225,4,59,45,1.7763337669273218,2.3404358174850017,1.7763337669273218,121.5853039175272,4,19,True
226,4,59,60,1.7538020970920722,2.3268532295928264,1.7538020970920722,123.15289303660393,4,19,True
227,4,59,75,1.8700298503041268,3.249488523717202,1.8700298503041268,123.16308217123151,4,19,True
228,4,59,90,2.441795659561952,4.3596456249713835,2.441795659561952,123.52497084066272,4,19,True
229,4,59,105,3.285577760140101,4.4550807328468505,3.285577760140101,123.32058232277632,4,19,True
230,4,59,120,4.143648368120194,5.048353511283137,4.143648368120194,123.20826202630997,4,19,True
231,4,59,135,2.040241577786704,2.5051100934054737,2.040241577786704,123.19019297137856,4,19,True
232,4,59,150,1.517565085925162,2.2224697422554236,1.517565085925162,122.9285728186369,4,19,True
233,4,59,165,10.239746556679409,15.265048952307126,10.239746556679409,121.32120598107576,4,19,True
234,4,59,180,11.694508423407873,17.69250538743175,11.694508423407873,121.57568475231528,4,19,True
235,4,59,195,4.7073492258787155,7.192433278357312,4.7073492258787155,121.2169649079442,4,19,True
236,4,59,210,3.7726012747734785,4.199374870032996,3.7726012747734785,121.68362503871322,4,19,True
237,4,59,225,3.1955884323765833,5.582326599478655,3.1955884323765833,121.5015547350049,4,19,True
238,4,49,30,21.348455329736073,28.28860071059192,21.348455329736073,121.4301148429513,4,19,True
239,4,49,45,18.77342024644216,26.218417390331588,18.77342024644216,122.03572411090136,4,18,True
240,4,49,60,24.333214495051653,31.647003271662758,24.333214495051653,121.7447449453175,4,18,True
241,4,49,75,16.549864010016123,24.57982506665093,16.549864010016123,123.14197234809399,4,19,True
242,4,49,90,9.516818314790726,11.926657710843278,9.516818314790726,124.5472002774477,4,19,True
243,4,49,105,4.181150612731774,5.096667581407776,4.181150612731774,123.67731193080544,4,19,True
244,4,49,120,9.964276319245498,13.56954023828413,9.964276319245498,123.37380228564143,4,19,True
245,4,49,135,23.454178035259247,29.950407895568294,23.454178035259247,123.33386205136776,4,19,True
246,4,49,150,36.29801150704734,55.49472008016172,36.29801150704734,123.29547200351954,4,19,True
247,4,49,165,41.857094688760114,65.63167445377866,41.857094688760114,122.87133280187845,4,19,True
248,4,49,180,11.551146364212036,14.748102538632102,11.551146364212036,124.17542096227407,4,18,True
249,4,49,195,11.884068147341411,18.078091410693656,11.884068147341411,123.5496518202126,4,19,True
250,4,49,210,33.260683482264476,54.31032764193457,33.260683482264476,123.13769292086363,4,19,True
251,4,49,225,46.570277157053354,69.78031977288994,46.570277157053354,157.43596199899912,5,18,True
252,4,7,30,13.639846059679986,16.53896455926351,13.639846059679986,123.33811214193702,4,19,True
253,4,7,45,7.146850338702401,9.124666123462372,7.146850338702401,122.93680291622877,4,19,True
254,4,7,60,8.119441123927633,11.40252212795335,8.119441123927633,123.09914175421,4,19,True
255,4,7,75,4.6045829137166345,5.714658612786295,4.6045829137166345,123.1273333542049,4,19,True
256,4,7,90,3.88322122891744,7.826276830001357,3.88322122891744,123.22079204022884,4,19,True
257,4,7,105,7.584372293949127,10.785613858035072,7.584372293949127,122.96436307951808,4,19,True
258,4,7,120,10.026757470766704,12.690719989131086,10.026757470766704,123.14385268837214,4,19,True
259,4,7,135,5.97901885372897,7.4326998066714225,5.97901885372897,123.36656171828508,4,19,True
260,4,7,150,5.340273342529932,8.838730537267208,5.340273342529932,123.1207731179893,4,19,True
261,4,7,165,17.692406219244003,25.034563166112786,17.692406219244003,122.07681499421597,4,19,True
262,4,7,180,21.585717802743115,30.21083710976532,21.585717802743115,124.23520069569349,4,18,True
263,4,7,195,12.909559338291485,18.43166865027132,12.909559338291485,124.10670099779963,4,18,True
264,4,7,210,2.139517915248871,2.794672811259729,2.139517915248871,122.98297369852662,4,19,True
265,4,7,225,6.063995170096557,9.291525175265534,6.063995170096557,123.17425291985273,4,19,True
266,4,47,30,9.197419466699163,11.80450796251479,9.197419466699163,124.50269097462296,4,18,True
267,4,47,45,7.406160432100296,8.265715078282541,7.406160432100296,124.20650199055672,4,18,True
268,4,47,60,1.9375660280386606,2.2688520088825,1.9375660280386606,123.51498287171125,4,19,True
269,4,47,75,1.3186036884784698,1.6541552188707864,1.3186036884784698,123.53800190612674,4,19,True
270,4,47,90,2.1159800867239635,2.94860278453394,2.1159800867239635,122.82278295606375,4,19,True
271,4,47,105,3.5717701121699066,4.909404475545232,3.5717701121699066,121.42943637445569,4,19,True
272,4,47,120,1.6126331365977724,2.0985909573379864,1.6126331365977724,121.53983628377318,4,19,True
273,4,47,135,3.338788333535194,4.096259274302715,3.338788333535194,121.06511602178216,4,19,True
274,4,47,150,9.21169259250164,16.896950025961086,9.21169259250164,121.12445710226893,4,19,True
275,4,47,165,30.241721608738104,52.08945817137192,30.241721608738104,121.84720486402512,4,18,True
276,4,47,180,49.3975040110449,77.49807664482765,49.3975040110449,152.278162073344,5,18,True
277,4,47,195,9.618435737118125,12.208124896660768,9.618435737118125,121.61168595775962,4,19,True
278,4,47,210,9.706880036368966,13.563438166019575,9.706880036368966,121.54594575986266,4,19,True
279,4,47,225,12.4135473895818,16.126552057763465,12.4135473895818,123.50924173370004,4,19,True
280,4,30,30,1.8255995353062948,2.3224636421458076,1.8255995353062948,123.359982855618,4,19,True
281,4,30,45,1.2461931586265564,1.7311922300607936,1.2461931586265564,123.55255289003253,4,19,True
282,4,30,60,2.7787555317083994,4.144801027676573,2.7787555317083994,123.38665314018726,4,19,True
283,4,30,75,0.9472696383794149,1.6761954010814235,0.9472696383794149,123.42779291793704,4,19,True
284,4,30,90,0.9586809794108073,1.3143398685267642,0.9586809794108073,123.21706302464008,4,19,True
285,4,30,105,0.9834993918736775,1.512729307143259,0.9834993918736775,121.5943363495171,4,19,True
286,4,30,120,2.450535749644041,3.1678181656593725,2.450535749644041,121.48398626595736,4,19,True
287,4,30,135,3.2519454531371594,4.034263024862846,3.2519454531371594,121.7763046734035,4,19,True
288,4,30,150,1.6253515919049581,2.108941742084834,1.6253515919049581,121.54444679617882,4,19,True
289,4,30,165,2.9502199331919354,3.9935952184414147,2.9502199331919354,121.65233585983515,4,19,True
290,4,30,180,1.068704652786255,1.7688631471606002,1.068704652786255,121.69856578111649,4,19,True
291,4,30,195,2.673489826917648,3.9571506887791323,2.673489826917648,121.69819604605436,4,19,True
292,4,30,210,1.1761738181114196,1.4235369685034607,1.1761738181114196,121.51292664930224,4,19,True
293,4,30,225,1.0911931902170182,1.4545591772778919,1.0911931902170182,123.52232309058309,4,19,True
294,8,83,30,21.494728871186574,29.34097590892345,21.494728871186574,123.69109271094203,4,19,True
295,8,83,45,12.095980884631475,22.521873698878977,12.095980884631475,124.32270124554634,4,18,True
296,8,83,60,11.556567706664403,16.517263441852123,11.556567706664403,124.47199085727334,4,18,True
297,8,83,75,15.123290528853735,22.965784072118772,15.123290528853735,123.8407720811665,4,19,True
298,8,83,90,17.282846117019652,20.592299075468063,17.282846117019652,123.71296295896173,4,19,True
299,8,83,105,1.5861443996429443,1.9453400323768186,1.5861443996429443,123.68271313607693,4,19,True
300,8,83,120,14.94757451415062,25.811451774054074,14.94757451415062,123.70089208707213,4,19,True
301,8,83,135,21.040540439014634,33.69660838730465,21.040540439014634,124.76638099178672,4,18,True
302,8,83,150,6.898209549859166,9.046001318393758,6.898209549859166,123.59546311199665,4,19,True
303,8,83,165,4.720204347372055,6.263789381008696,4.720204347372055,123.5913927666843,4,19,True
304,8,83,180,6.142268840471903,8.250841324531141,6.142268840471903,123.54210298508406,4,19,True
305,8,83,195,13.37039993306001,24.70453957341669,13.37039993306001,122.85811407491565,4,19,True
306,8,83,210,19.77826948662599,35.41292692055316,19.77826948662599,124.46806160733104,4,18,True
307,8,83,225,18.429035049676894,27.01156089841063,18.429035049676894,124.7649509459734,4,18,True
308,8,15,30,21.49429080436627,30.335793546238854,21.49429080436627,123.5256027430296,4,19,True
309,8,15,45,18.35795224259297,24.804300331083912,18.35795224259297,123.39676404371858,4,19,True
310,8,15,60,11.775206708100935,12.585547466889524,11.775206708100935,123.79588186740875,4,19,True
311,8,15,75,2.1032079153383774,2.7417130861384256,2.1032079153383774,123.56262281537056,4,19,True
312,8,15,90,11.086800192793211,20.61339126139594,11.086800192793211,123.46774432808161,4,19,True
313,8,15,105,12.653860179583232,17.382897858389544,12.653860179583232,124.06868301331997,4,18,True
314,8,15,120,6.30128839413325,8.032109044095122,6.30128839413325,123.37678298354149,4,19,True
315,8,15,135,9.005679118633271,12.401748318904115,9.005679118633271,123.12652403488755,4,19,True
316,8,15,150,6.4601069539785385,8.524182040881676,6.4601069539785385,122.51455476507545,4,18,True
317,8,15,165,1.4257951656977335,1.8058377024910695,1.4257951656977335,121.99817597866058,4,19,True
318,8,15,180,1.2189601143201192,1.6187803313161842,1.2189601143201192,121.74470722675323,4,19,True
319,8,15,195,1.2075432658195495,1.6005208767058987,1.2075432658195495,121.85943638905883,4,19,True
320,8,15,210,1.2366753617922466,1.608684479028393,1.2366753617922466,121.77869630977511,4,19,True
321,8,15,225,3.265471851825714,4.207175201268752,3.265471851825714,121.32560694590211,4,19,True
322,8,3,30,32.27987077732881,50.605801753154246,32.27987077732881,121.59260688349605,4,19,True
323,8,3,45,41.39040063818296,68.463155258131,41.39040063818296,122.4331445991993,4,18,True
324,8,3,60,41.15260924100876,64.472444280257,41.15260924100876,123.8166126422584,4,18,True
325,8,3,75,13.745287775993347,24.134803877127794,13.745287775993347,123.0053948238492,4,18,True
326,8,3,90,14.789481592178344,19.663513423832892,14.789481592178344,122.60791612789035,4,18,True
327,8,3,105,6.033506592114766,7.878731957374092,6.033506592114766,121.381307952106,4,19,True
328,8,3,120,12.509865049521128,16.964597896049668,12.509865049521128,121.83236703276634,4,19,True
329,8,3,135,14.00959666967392,18.733462690593804,14.00959666967392,122.7238648571074,4,18,True
330,8,3,150,19.094220169385274,21.374561476232408,19.094220169385274,121.55555794015527,4,19,True
331,8,3,165,15.095194514592489,19.33958306741676,15.095194514592489,121.76224729046226,4,19,True
332,8,3,180,8.780861735343933,11.20831362848722,8.780861735343933,122.53026617690921,4,19,True
333,8,3,195,2.6485677480697634,3.3250104333296258,2.6485677480697634,123.64249303936958,4,19,True
334,8,3,210,4.887071347236633,6.2773803407913995,4.887071347236633,123.31898370757699,4,19,True
335,8,3,225,5.758292198181152,9.169464358337356,5.758292198181152,123.86311311274767,4,19,True
336,8,35,30,36.794423179576796,45.55970832231978,36.794423179576796,123.79809282720089,4,19,True
337,8,35,45,18.053579143683116,23.268228910016365,18.053579143683116,123.63137397915125,4,19,True
338,8,35,60,28.101833367347716,32.99833265160414,28.101833367347716,123.67471400648355,4,19,True
339,8,35,75,4.172730452567339,4.60459909475016,4.172730452567339,122.95267498120666,4,19,True
340,8,35,90,2.9497509921590486,3.928872483703325,2.9497509921590486,121.68045667931437,4,19,True
341,8,35,105,8.570188761129975,14.187638306807074,8.570188761129975,121.77075678482652,4,19,True
342,8,35,120,25.61424644788106,28.92101578909936,25.61424644788106,121.71118659898639,4,19,True
343,8,35,135,27.990163707236448,31.24351430681501,27.990163707236448,123.06807469576597,4,18,True
344,8,35,150,17.208576743801434,23.648899267331863,17.208576743801434,122.31156602501869,4,19,True
345,8,35,165,7.299432913276056,11.075470856472824,7.299432913276056,122.64061626046896,4,18,True
346,8,35,180,2.3133998128895956,3.0156861397781034,2.3133998128895956,121.79292691871524,4,19,True
347,8,35,195,2.7643805305163065,3.081724279362754,2.7643805305163065,122.02991591766477,4,19,True
348,8,35,210,6.489626576037456,9.597570496485426,6.489626576037456,123.22037480771542,4,19,True
349,8,35,225,22.843716327349345,43.93915268871319,22.843716327349345,123.85001359507442,4,19,True
350,8,48,30,58.005086148778595,74.84117005539173,58.005086148778595,124.64223196730018,4,18,True
351,8,48,45,57.630167536934216,87.50316425403284,57.630167536934216,124.63043164461851,4,18,True
352,8,48,60,10.650795372435823,14.226907856540842,10.650795372435823,123.39620478451252,4,19,True
353,8,48,75,7.805073760837938,9.917723972248226,7.805073760837938,123.3790940605104,4,19,True
354,8,48,90,1.6018431256214778,2.056083170017611,1.6018431256214778,123.57794400304556,4,19,True
355,8,48,105,2.4677371859550474,2.677865882683145,2.4677371859550474,123.48626460880041,4,19,True
356,8,48,120,1.470301090180874,1.8876771409830835,1.470301090180874,123.42536402866244,4,19,True
357,8,48,135,4.826895771548152,6.853879507937308,4.826895771548152,123.35633486509323,4,19,True
358,8,48,150,3.0453070171177385,3.960014887974846,3.0453070171177385,123.41607408598065,4,19,True
359,8,48,165,5.908023302008709,7.623213060732064,5.908023302008709,123.49223485216498,4,19,True
360,8,48,180,4.271448285877705,5.1943361080477635,4.271448285877705,123.62666428089142,4,19,True
361,8,48,195,6.606875248750051,7.945875680427825,6.606875248750051,123.6530551686883,4,19,True
362,8,48,210,4.750757127006849,6.175907577137635,4.750757127006849,123.81631368771195,4,19,True
363,8,48,225,7.101068993409474,10.23885937607378,7.101068993409474,123.50348522886634,4,19,True
364,8,22,30,2.856145183245341,3.46607744878573,2.856145183245341,123.83988406509161,4,19,True
365,8,22,45,2.621895599365234,3.0200640407125054,2.621895599365234,123.55014495551586,4,19,True
366,8,22,60,2.187510779996713,2.7765267670214024,2.187510779996713,123.72123403474689,4,19,True
367,8,22,75,1.6180371820926667,1.9807704897673004,1.6180371820926667,123.60404431819916,4,19,True
368,8,22,90,2.567009449005127,2.88221515027988,2.567009449005127,123.52615501731634,4,19,True
369,8,22,105,2.237668208281199,2.5361114272995198,2.237668208281199,123.35533509030938,4,19,True
370,8,22,120,1.7200862010320028,1.9421120773327116,1.7200862010320028,123.63807437941432,4,19,True
371,8,22,135,2.5903528571128844,3.950901265436931,2.5903528571128844,123.562793713063,4,19,True
372,8,22,150,2.909203871091207,4.050549379383675,2.909203871091207,123.72545525431633,4,19,True
373,8,22,165,1.9280636390050252,2.3111047140212353,1.9280636390050252,123.61484440043569,4,19,True
374,8,22,180,1.3379992802937826,1.6360297500661973,1.3379992802937826,123.73162480071187,4,19,True
375,8,22,195,3.202291057507197,4.771849206488665,3.202291057507197,123.63080540671945,4,19,True
376,8,22,210,3.1730759819348653,4.1941383636984835,3.1730759819348653,123.59376391395926,4,19,True
377,8,22,225,1.3567267714689175,1.5906214510924033,1.3567267714689175,123.4892150387168,4,19,True
378,8,55,30,33.77234429816405,53.110967256047886,33.77234429816405,154.8366597853601,5,18,True
379,8,55,45,8.849269523719947,10.640778157953406,8.849269523719947,123.5917848534882,4,19,True
380,8,55,60,2.1534437279527388,2.7289095806973984,2.1534437279527388,122.70901631563902,4,19,True
381,8,55,75,2.339506940857973,2.634443665086913,2.339506940857973,121.39173876494169,4,19,True
382,8,55,90,1.96268528526028,2.3487060301502134,1.96268528526028,121.23331893235445,4,19,True
383,8,55,105,1.954546082764864,2.354912769892951,1.954546082764864,121.87173683196306,4,19,True
384,8,55,120,2.068912709504366,2.5003351657867214,2.068912709504366,121.90047791227698,4,19,True
385,8,55,135,2.170805005977551,2.5658919220150187,2.170805005977551,121.76659796386957,4,19,True
386,8,55,150,2.1134217431147895,2.533486132570703,2.1134217431147895,121.81137781590223,4,19,True
387,8,55,165,2.0084966618567703,2.3363711967528205,2.0084966618567703,121.86324782669544,4,19,True
388,8,55,180,1.8765917480244145,2.220128326880006,1.8765917480244145,122.03162768855691,4,19,True
389,8,55,195,1.9010344859212638,2.2739452306415946,1.9010344859212638,123.48854495212436,4,19,True
390,8,55,210,1.9617085607722402,2.30346768400439,1.9617085607722402,123.63379495218396,4,19,True
391,8,55,225,1.9506250679182509,2.2906378579744096,1.9506250679182509,123.49406536668539,4,19,True
392,8,4,30,12.059111858407656,19.03923784637339,12.059111858407656,123.55417478829622,4,19,True
393,8,4,45,7.193817078376499,14.0155018991569,7.193817078376499,123.67788469418883,4,19,True
394,8,4,60,20.959219168126584,31.736256910274637,20.959219168126584,123.66746505722404,4,19,True
395,8,4,75,12.503630026181538,20.53108445014658,12.503630026181538,123.7068553455174,4,19,True
396,8,4,90,12.585178095102311,21.664550094046124,12.585178095102311,123.58669470995665,4,19,True
397,8,4,105,12.663249610550702,20.28758038009298,12.663249610550702,124.71659295260906,4,18,True
398,8,4,120,15.175746730404596,26.11704399415132,15.175746730404596,123.59018484130502,4,19,True
399,8,4,135,10.47750963171323,16.348426180007234,10.47750963171323,123.85570397600532,4,19,True
400,8,4,150,33.32627966652314,57.353234837184,33.32627966652314,123.77295503392816,4,19,True
401,8,4,165,50.73721964185437,75.19162945764147,50.73721964185437,155.35773010924459,5,18,True
402,8,4,180,47.40961502393087,75.36763778025882,47.40961502393087,155.25129018351436,5,18,True
403,8,4,195,10.839692304454124,14.028320820365098,10.839692304454124,123.58004599809647,4,19,True
404,8,4,210,35.94106457630793,43.21293274892883,35.94106457630793,123.8189646974206,4,19,True
405,8,4,225,12.312919522325197,16.294430843882136,12.312919522325197,123.76674497500062,4,19,True
406,8,45,30,10.714609424273172,15.527682634573221,10.714609424273172,123.69036534801126,4,19,True
407,8,45,45,26.656028730422257,34.05214429195851,26.656028730422257,123.17518703639507,4,19,True
408,8,45,60,27.00098920688033,29.832084706514628,27.00098920688033,124.60604403167963,4,18,True
409,8,45,75,3.8667352156092725,5.32913433366671,3.8667352156092725,123.6782050691545,4,19,True
410,8,45,90,4.172748128697276,5.187152980145988,4.172748128697276,123.58094612136483,4,19,True
411,8,45,105,1.3966281447093933,1.9165537337614713,1.3966281447093933,123.55944607406855,4,19,True
412,8,45,120,17.18107858685156,30.157544113294346,17.18107858685156,123.59525496140122,4,19,True
413,8,45,135,15.853789901733398,22.858535624721835,15.853789901733398,124.5617438107729,4,18,True
414,8,45,150,6.203621403376261,9.017791075814825,6.203621403376261,122.6078369654715,4,19,True
415,8,45,165,6.170314613978068,8.828618421619904,6.170314613978068,123.48395586013794,4,19,True
416,8,45,180,6.127429564793904,8.808409209421544,6.127429564793904,123.12530586495996,4,19,True
417,8,45,195,6.179047966003418,8.939663953204459,6.179047966003418,123.42016585171223,4,19,True
418,8,45,210,6.278819306691488,9.068749196702573,6.278819306691488,123.42771608382463,4,19,True
419,8,45,225,6.289920171101888,9.064552956653815,6.289920171101888,123.79923509433866,4,19,True
420,8,60,30,5.445031475648284,9.965457714480692,5.445031475648284,123.74043604359031,4,19,True
421,8,60,45,6.330382064978282,8.410915578020397,6.330382064978282,123.61981626600027,4,19,True
422,8,60,60,2.2373285492261252,3.0666146152961113,2.2373285492261252,123.60268598422408,4,19,True
423,8,60,75,2.0063510874907178,2.9479031119305925,2.0063510874907178,123.68785589933395,4,19,True
424,8,60,90,5.922255850583315,9.14009555375023,5.922255850583315,123.45090601593256,4,19,True
425,8,60,105,5.527323302874962,7.680610844339986,5.527323302874962,123.52226581424475,4,19,True
426,8,60,120,2.0776912406086923,2.6118717754376446,2.0776912406086923,123.63568600267172,4,19,True
427,8,60,135,1.268037203947703,1.5357588662941972,1.268037203947703,123.74529568478465,4,19,True
428,8,60,150,1.6021804650624594,2.0949702955374394,1.6021804650624594,123.61657619476318,4,19,True
429,8,60,165,2.3643056551615396,3.6141269595806165,2.3643056551615396,123.88502480462193,4,19,True
430,8,60,180,3.5472102880477907,5.092670555082422,3.5472102880477907,126.06856226921082,4,19,True
431,8,60,195,2.0802803516387938,2.7595987436301432,2.0802803516387938,124.09418495371938,4,19,True
432,8,60,210,1.9558652242024739,2.722936239935598,1.9558652242024739,123.72918613255024,4,19,True
433,8,60,225,2.1657958308855694,2.70725355989158,2.1657958308855694,123.1782273389399,4,19,True
434,8,26,30,28.39470001757145,37.046648507627864,28.39470001757145,125.3538429737091,4,18,True
435,8,26,45,21.234209551413855,27.879637754360775,21.234209551413855,123.82603622972965,4,19,True
436,8,26,60,5.6657436937093735,6.845388377333474,5.6657436937093735,123.47302585840225,4,19,True
437,8,26,75,3.667158517241478,4.917803348754078,3.667158517241478,123.38585685938597,4,19,True
438,8,26,90,2.059575931914151,2.3172797184000324,2.059575931914151,124.35926496982574,4,19,True
439,8,26,105,3.640181614086032,4.8467352256844975,3.640181614086032,123.47963731735945,4,19,True
440,8,26,120,10.91831808698674,13.667041855859875,10.91831808698674,123.04936721920967,4,19,True
441,8,26,135,9.61875786818564,12.523015977720966,9.61875786818564,123.30195680260658,4,19,True
442,8,26,150,13.156966806824009,17.157988916019736,13.156966806824009,123.88201616704464,4,19,True
443,8,26,165,4.320630145072937,6.8532509306445215,4.320630145072937,124.9310839921236,4,19,True
444,8,26,180,7.190649741639693,8.62685710389917,7.190649741639693,123.63668670877814,4,19,True
445,8,26,195,5.918505887190501,8.718320339982707,5.918505887190501,123.56349593028426,4,19,True
446,8,26,210,7.534813580910365,9.955417270290015,7.534813580910365,125.15853298828006,4,19,True
447,8,26,225,10.028807152311007,11.379326999578442,10.028807152311007,124.90999419242144,4,19,True
448,8,21,30,1.5999316623434425,2.014941380268788,1.5999316623434425,124.79332415387034,4,19,True
449,8,21,45,3.2183055097858113,4.042958750171919,3.2183055097858113,124.10490587353706,4,19,True
450,8,21,60,5.228791663547357,6.0040831304408435,5.228791663547357,122.69002804532647,4,19,True
451,8,21,75,4.288198468089104,4.87640679534629,4.288198468089104,122.9277877137065,4,19,True
452,8,21,90,1.5628382603327433,1.8170318428459131,1.5628382603327433,123.00219666212797,4,19,True
453,8,21,105,1.8166240940491358,2.0735437115974795,1.8166240940491358,122.97019828110933,4,19,True
454,8,21,120,5.275643160628776,8.644159677987139,5.275643160628776,123.45312722027302,4,19,True
455,8,21,135,5.879025230680903,9.395050924722748,5.879025230680903,123.33543691784143,4,19,True
456,8,21,150,2.2765662260353565,2.6496243184297175,2.2765662260353565,123.42398706823587,4,19,True
457,8,21,165,1.5963836565613747,1.8852629946590242,1.5963836565613747,123.28387796878815,4,19,True
458,8,21,180,1.5050147984176874,1.7712934639599829,1.5050147984176874,123.47807688638568,4,19,True
459,8,21,195,1.4800740014761686,1.7797504861532312,1.4800740014761686,123.2815571129322,4,19,True
460,8,21,210,1.5822610961894195,1.8770727979883552,1.5822610961894195,123.4636171720922,4,19,True
461,8,21,225,1.5261023410906394,1.8105077035535333,1.5261023410906394,123.4621568582952,4,19,True
462,8,44,30,12.701285659397643,18.848699153026505,12.701285659397643,124.08444611355662,4,18,True
463,8,44,45,6.840215452512106,10.781383997590988,6.840215452512106,123.27895779162645,4,19,True
464,8,44,60,5.961343057950338,7.354697591687956,5.961343057950338,123.63145593553782,4,19,True
465,8,44,75,2.8490023851394652,3.4795619575297305,2.8490023851394652,123.469446785748,4,19,True
466,8,44,90,4.201322571436564,9.109974925010611,4.201322571436564,123.47414717078209,4,19,True
467,8,44,105,4.205912407239278,7.478596149731485,4.205912407239278,123.3871066942811,4,19,True
468,8,44,120,3.549627407391866,4.85560533336692,3.549627407391866,123.4957966953516,4,19,True
469,8,44,135,3.9894097963968913,5.556932756696098,3.9894097963968913,123.65659698843956,4,19,True
470,8,44,150,4.365311603744825,8.993659722860254,4.365311603744825,123.6930270679295,4,19,True
471,8,44,165,4.787756565213203,8.72156877940431,4.787756565213203,123.5861568711698,4,19,True
472,8,44,180,5.788774832089742,6.274336821023372,5.788774832089742,123.62215621396899,4,19,True
473,8,44,195,3.5147205591201782,5.373394161937068,3.5147205591201782,123.6847871914506,4,19,True
474,8,44,210,2.6478494266668955,3.638760513397676,2.6478494266668955,123.65044699981809,4,19,True
475,8,44,225,3.7531527827183404,4.422330944951806,3.7531527827183404,123.36066737771034,4,19,True
476,8,23,30,13.733937199413777,15.754669832686904,13.733937199413777,123.48591675981879,4,19,True
477,8,23,45,12.55976550752918,18.77431537889716,12.55976550752918,123.63519705832005,4,19,True
478,8,23,60,46.98339770622552,77.71184661269018,46.98339770622552,123.39068669825792,4,19,True
479,8,23,75,33.74802735894919,53.21564304005527,33.74802735894919,124.49084501713514,4,18,True
480,8,23,90,9.960390791048606,12.478668081195076,9.960390791048606,123.22757812216878,4,19,True
481,8,23,105,4.867977192082132,6.002358147413736,4.867977192082132,122.02116986736655,4,19,True
482,8,23,120,6.287931889295578,7.841402704107718,6.287931889295578,121.87947100028396,4,19,True
483,8,23,135,11.308235854903858,15.40845254142578,11.308235854903858,121.44510028883815,4,19,True
484,8,23,150,8.50468971033891,11.120204397869426,8.50468971033891,121.70358095318079,4,19,True
485,8,23,165,9.976035256683826,11.162919381193213,9.976035256683826,121.78039085119963,4,19,True
486,8,23,180,20.81779131193956,30.1587169123556,20.81779131193956,121.65354005992413,4,19,True
487,8,23,195,18.83190668759247,28.07929268570911,18.83190668759247,121.80761992931366,4,19,True
488,8,23,210,15.615973202387492,20.16067757934408,15.615973202387492,121.92916078492999,4,19,True
489,8,23,225,6.537534610927105,9.725053995918499,6.537534610927105,122.5465489551425,4,19,True
490,8,53,30,28.448728918035826,42.86617387155742,28.448728918035826,124.29713597521186,4,18,True
491,8,53,45,55.22366577386856,75.50943395420147,55.22366577386856,154.82771396636963,5,18,True
492,8,53,60,27.16225282798211,31.369756752827637,27.16225282798211,124.64703526347876,4,18,True
493,8,53,75,4.948891851305961,7.665083284054926,4.948891851305961,123.76713706180453,4,19,True
494,8,53,90,8.781633693973223,14.428956204732428,8.781633693973223,123.74476715922356,4,19,True
495,8,53,105,9.76692337890466,16.77401249066979,9.76692337890466,123.70388675481081,4,18,True
496,8,53,120,49.3793636371692,79.45012906689406,49.3793636371692,123.50483797490597,4,19,True
497,8,53,135,26.489168845613797,41.16881723850705,26.489168845613797,124.14270592853427,4,18,True
498,8,53,150,50.65792149206003,70.87427762364294,50.65792149206003,124.85087523236871,4,18,True
499,8,53,165,7.994187714656194,12.38419829701488,7.994187714656194,123.82430816069245,4,19,True
500,8,53,180,15.086462579667568,22.02573986863637,15.086462579667568,123.68440814316273,4,19,True
501,8,53,195,10.877130893369516,15.374340136516052,10.877130893369516,124.46387624368072,4,18,True
502,8,53,210,5.900701767206192,7.721557920218356,5.900701767206192,123.61464696004987,4,19,True
503,8,53,225,3.7959277947743733,5.4650455300627385,3.7959277947743733,123.59045771881938,4,19,True
504,8,84,30,45.42384831830859,61.604322019369675,45.42384831830859,123.57013719156384,4,19,True
505,8,84,45,28.119155561241012,35.23953147675932,28.119155561241012,124.53638575971127,4,18,True
506,8,84,60,42.275107510217154,48.8191292755515,42.275107510217154,124.93381462991238,4,18,True
507,8,84,75,4.63166546151042,5.50004696128751,4.63166546151042,123.855987098068,4,19,True
508,8,84,90,2.136737024163206,2.9738030532239366,2.136737024163206,124.07388677820563,4,19,True
509,8,84,105,2.320286567012469,3.230818946986439,2.320286567012469,123.61327791586518,4,19,True
510,8,84,120,2.065309161444505,2.7594573375574516,2.065309161444505,123.74140694737434,4,19,True
511,8,84,135,8.070804208889603,13.03294666890578,8.070804208889603,123.74735809862614,4,19,True
512,8,84,150,11.998204425970714,14.575419542976336,11.998204425970714,124.5419168844819,4,18,True
513,8,84,165,3.32268062432607,3.73770627773603,3.32268062432607,123.60594794154167,4,19,True
514,8,84,180,3.0679444789886476,3.57826006566213,3.0679444789886476,123.57199797406793,4,19,True
515,8,84,195,14.926287802060445,19.69007444307446,14.926287802060445,123.66816680878401,4,19,True
516,8,84,210,11.937709304193655,14.176968208776993,11.937709304193655,124.00990817695856,4,18,True
517,8,84,225,8.051502639551957,10.656004299150986,8.051502639551957,123.49164905026555,4,19,True
518,8,59,30,4.767430582642556,5.650402397475776,4.767430582642556,123.75075835734606,4,19,True
519,8,59,45,2.2191095761954784,3.4862405918322095,2.2191095761954784,123.85108787566423,4,19,True
520,8,59,60,5.816047592212756,6.832151897183586,5.816047592212756,123.99350805208087,4,19,True
521,8,59,75,4.028030667702357,5.001120594954561,4.028030667702357,123.37508797645569,4,19,True
522,8,59,90,4.780625401437282,6.3025925944772805,4.780625401437282,123.68186796084046,4,19,True
523,8,59,105,3.3752025415500007,4.887219228809192,3.3752025415500007,123.75562777742743,4,19,True
524,8,59,120,8.624951843420664,11.51427240370069,8.624951843420664,123.52047814056277,4,19,True
525,8,59,135,9.496760443349679,11.853697962761975,9.496760443349679,123.57665784657001,4,19,True
526,8,59,150,11.115474605560303,12.643289366478648,11.115474605560303,125.04266574978828,4,18,True
527,8,59,165,5.01898709035789,5.759794404071436,5.01898709035789,123.61322809010744,4,19,True
528,8,59,180,3.5688250663069385,4.927938128453534,3.5688250663069385,123.61657805740833,4,19,True
529,8,59,195,5.6657873074213665,6.971180661704477,5.6657873074213665,123.86184791103005,4,19,True
530,8,59,210,10.434333848953248,14.54832463976702,10.434333848953248,123.79084760323167,4,19,True
531,8,59,225,6.329862097899119,7.770664905675359,6.329862097899119,123.6600480042398,4,19,True
532,8,49,30,42.123157083491485,57.1639467695815,42.123157083491485,124.4685067795217,4,18,True
533,8,49,45,55.28455286622047,76.49690647374894,55.28455286622047,124.59112564101815,4,18,True
534,8,49,60,15.22041296561559,25.66771166795568,15.22041296561559,123.3389787375927,4,19,True
535,8,49,75,47.897828391194345,73.51825859781727,47.897828391194345,123.65146819502115,4,19,True
536,8,49,90,34.057469136516254,47.21969146962836,34.057469136516254,124.25264716148376,4,18,True
537,8,49,105,28.626325716574986,42.71274323006374,28.626325716574986,123.70856804773211,4,19,True
538,8,49,120,44.064860378702484,55.306251503483566,44.064860378702484,124.36938704922795,4,18,True
539,8,49,135,37.2523191212366,54.91265385523745,37.2523191212366,155.08867474272847,5,18,True
540,8,49,150,54.365994205201666,78.12736087613108,54.365994205201666,155.01347417011857,5,18,True
541,8,49,165,12.991614173849424,16.496852481339833,12.991614173849424,123.40375874191523,4,19,True
542,8,49,180,3.9339788794517516,5.254407846063365,3.9339788794517516,123.39951936155558,4,19,True
543,8,49,195,3.9678759892781574,4.73602859238029,3.9678759892781574,123.38016927242279,4,19,True
544,8,49,210,3.177208344141642,3.758133606394316,3.177208344141642,123.39158914983273,4,19,True
545,8,49,225,2.52312212785085,3.4543401418065613,2.52312212785085,123.65495786070824,4,19,True
546,8,7,30,29.918350902323922,44.61157574158142,29.918350902323922,124.67257678508759,4,18,True
547,8,7,45,32.04024916887283,52.10743528017336,32.04024916887283,124.63601725175977,4,18,True
548,8,7,60,1.94558241267999,2.3863410551517683,1.94558241267999,123.46664909273386,4,19,True
549,8,7,75,1.1544326146443684,1.5768448434240379,1.1544326146443684,123.48530860617757,4,19,True
550,8,7,90,14.216238339742025,20.67525203961694,14.216238339742025,123.56462934985757,4,19,True
551,8,7,105,9.098436501125494,12.12360550174817,9.098436501125494,123.71794832870364,4,19,True
552,8,7,120,23.91098916878303,36.145914713380606,23.91098916878303,123.6409479752183,4,19,True
553,8,7,135,14.205859033266703,19.037135592697776,14.205859033266703,123.5495088621974,4,19,True
554,8,7,150,13.86883869767189,20.869662009292387,13.86883869767189,123.79887932911515,4,19,True
555,8,7,165,25.61887870579958,31.99294659864693,25.61887870579958,124.49035793542862,4,18,True
556,8,7,180,12.645305619637172,18.121392837547017,12.645305619637172,123.7497590482235,4,19,True
557,8,7,195,11.205284328262012,12.855600125309135,11.205284328262012,124.77186694741249,4,18,True
558,8,7,210,17.81685584684213,23.399917748923738,17.81685584684213,123.85765789076686,4,19,True
559,8,7,225,9.31536506017049,14.146912885026172,9.31536506017049,124.15564805269241,4,19,True
560,8,47,30,9.855997943878174,11.787249224657351,9.855997943878174,123.62388893961906,4,19,True
561,8,47,45,11.198367373148601,13.17389138471552,11.198367373148601,123.9426787942648,4,19,True
562,8,47,60,9.75081590016683,10.365571930027834,9.75081590016683,123.52816015481949,4,19,True
563,8,47,75,10.709040609995524,12.627296783833504,10.709040609995524,123.65618906915188,4,19,True
564,8,47,90,16.454034169514973,21.85733424139412,16.454034169514973,122.8986601345241,4,19,True
565,8,47,105,17.467460014422734,24.72729989250672,17.467460014422734,121.85896188020706,4,19,True
566,8,47,120,37.29170920848846,42.62390181278666,37.29170920848846,122.66269093379378,4,18,True
567,8,47,135,12.607882088112335,15.194829003716505,12.607882088112335,122.38006107509136,4,18,True
568,8,47,150,6.584733173934122,7.758664748220932,6.584733173934122,121.91508058458567,4,19,True
569,8,47,165,3.6926323254903157,4.580297143834802,3.6926323254903157,121.98936194181442,4,19,True
570,8,47,180,4.679095307985942,5.285132530510388,4.679095307985942,122.09715181961656,4,19,True
571,8,47,195,3.2680440823237102,3.9809206070475898,3.2680440823237102,121.77757266908884,4,19,True
572,8,47,210,2.988197088241577,3.43571468214362,2.988197088241577,122.20109067857265,4,19,True
573,8,47,225,4.865301831563314,6.972647443436339,4.865301831563314,123.79536870867014,4,19,True
574,8,30,30,21.717628081639607,34.1609680142571,21.717628081639607,123.6000987701118,4,19,True
575,8,30,45,7.220253339409828,9.795336152303141,7.220253339409828,123.60217934474349,4,19,True
576,8,30,60,3.7811946119414643,6.279671217465078,3.7811946119414643,123.0660998262465,4,19,True
577,8,30,75,5.96953918588891,7.874081928413002,5.96953918588891,123.27673006802797,4,19,True
578,8,30,90,1.2451813323539682,1.6194100096553723,1.2451813323539682,123.40511893853545,4,19,True
579,8,30,105,6.4937246935752535,12.504673114543053,6.4937246935752535,122.49763077124953,4,19,True
580,8,30,120,22.646501630793015,33.8504636965955,22.646501630793015,120.57942477986217,4,19,True
581,8,30,135,14.366212459405263,25.78427017271248,14.366212459405263,121.12098280340433,4,19,True
582,8,30,150,17.655093955993653,31.795507476979726,17.655093955993653,121.83094304054976,4,19,True
583,8,30,165,28.022603293259937,44.85956309425276,28.022603293259937,122.84655030816793,4,18,True
584,8,30,180,6.408772824207942,10.867052612859426,6.408772824207942,122.44597123935819,4,18,True
585,8,30,195,3.262905224164327,4.55711878753974,3.262905224164327,121.74199288710952,4,19,True
586,8,30,210,1.3158463028570015,1.711657478019867,1.3158463028570015,121.85635278001428,4,19,True
587,8,30,225,1.247591502716144,1.5271386112457042,1.247591502716144,122.01008200645447,4,19,True
588,14,83,30,28.27232194741567,31.363261755322576,28.27232194741567,124.77183761075139,4,18,True
589,14,83,45,11.503333959976832,20.16850490028588,11.503333959976832,123.71168890967965,4,19,True
590,14,83,60,17.60858330105742,22.71234668286512,17.60858330105742,124.10056823864579,4,18,True
591,14,83,75,10.0181629255414,15.883835108880357,10.0181629255414,123.80173988640308,4,19,True
592,14,83,90,9.166742698351543,13.481664577226217,9.166742698351543,123.63504990935326,4,19,True
593,14,83,105,17.843525523195662,39.672513466184476,17.843525523195662,123.72835027053952,4,19,True
594,14,83,120,21.936835189163684,38.25198495615465,21.936835189163684,124.78939723223448,4,18,True
595,14,83,135,19.194793292880057,36.09362933205536,19.194793292880057,123.69114020839334,4,19,True
596,14,83,150,13.366756935914358,17.623738471315434,13.366756935914358,125.05677714943886,4,18,True
597,14,83,165,12.852695963531733,18.92922586201722,12.852695963531733,123.7708586268127,4,19,True
598,14,83,180,5.212223203231891,6.257627395304796,5.212223203231891,124.37516776844859,4,18,True
599,14,83,195,10.361118100831906,20.708525132736437,10.361118100831906,123.55916015803814,4,19,True
600,14,83,210,8.595261787623167,11.605084008170694,8.595261787623167,124.56111796200275,4,18,True
601,14,83,225,12.18921266918381,16.709399285117293,12.18921266918381,124.66994812712073,4,18,True
602,14,15,30,18.56423687239488,26.132792667450477,18.56423687239488,124.92425693199039,4,18,True
603,14,15,45,3.6740549564361573,5.4391825042293,3.6740549564361573,123.92306933179498,4,19,True
604,14,15,60,6.22524258295695,8.815262447015096,6.22524258295695,123.7252401188016,4,19,True
605,14,15,75,1.8587209979693096,2.3107173897147644,1.8587209979693096,123.65996977314353,4,19,True
606,14,15,90,1.8554328521092733,2.073022515701258,1.8554328521092733,123.56749875470996,4,19,True
607,14,15,105,1.6107967933019003,1.9375115188349652,1.6107967933019003,123.68734972551465,4,19,True
608,14,15,120,1.773512639834856,1.983508875867005,1.773512639834856,123.85017890483141,4,19,True
609,14,15,135,2.215655353106558,3.194157071748774,2.215655353106558,123.79703857004642,4,19,True
610,14,15,150,8.18903913249572,12.740384007791311,8.18903913249572,123.82845906540751,4,19,True
611,14,15,165,11.448807116846243,16.657311470716607,11.448807116846243,123.63798031583428,4,19,True
612,14,15,180,1.6769113299126426,2.0464986663339775,1.6769113299126426,123.83044976741076,4,19,True
613,14,15,195,4.8246278941631315,7.475600351107883,4.8246278941631315,123.7916499376297,4,19,True
614,14,15,210,4.779484968384107,6.160325763685043,4.779484968384107,123.82357008755207,4,19,True
615,14,15,225,3.055637860680387,4.087743426581167,3.055637860680387,123.7163501791656,4,19,True
616,14,3,30,17.72973884741465,21.24687664646284,17.72973884741465,123.8735793158412,4,19,True
617,14,3,45,18.500128885110218,28.205067232698628,18.500128885110218,124.33426873758435,4,19,True
618,14,3,60,20.28271708389123,28.17244809151315,20.28271708389123,124.92927769199014,4,18,True
619,14,3,75,20.77974406182766,30.089177978575513,20.77974406182766,123.78789903596044,4,19,True
620,14,3,90,23.732693187892437,32.7917913673489,23.732693187892437,124.91072760894895,4,18,True
621,14,3,105,4.794811020170649,5.669880647179046,4.794811020170649,123.74403979629278,4,19,True
622,14,3,120,3.095470370228092,3.8756778017469617,3.095470370228092,122.34245333820581,4,19,True
623,14,3,135,7.934005904942751,14.07217064780145,7.934005904942751,121.87549285590649,4,19,True
624,14,3,150,20.047572511434556,23.763384542555237,20.047572511434556,121.94877257570624,4,19,True
625,14,3,165,8.435239503781,10.55677122847914,8.435239503781,122.80584126710892,4,18,True
626,14,3,180,6.352682144443194,7.861060004437944,6.352682144443194,121.93305278196931,4,19,True
627,14,3,195,16.932747092843055,23.825993801811137,16.932747092843055,121.95282289758325,4,19,True
628,14,3,210,10.116567373275757,12.967893577267288,10.116567373275757,121.93301413208246,4,19,True
629,14,3,225,4.0150693386793135,6.50087609679261,4.0150693386793135,122.02143343165517,4,19,True
630,14,35,30,20.898464004447064,31.823469879386323,20.898464004447064,122.59334232658148,4,19,True
631,14,35,45,34.88527989238501,54.84700833155399,34.88527989238501,124.36348991468549,4,18,True
632,14,35,60,19.970364809036255,24.239501071759207,19.970364809036255,123.70442086830735,4,19,True
633,14,35,75,9.412949967384339,12.02663293002976,9.412949967384339,124.4286191649735,4,18,True
634,14,35,90,7.9828751166661585,9.009384492850899,7.9828751166661585,123.74962121248245,4,19,True
635,14,35,105,6.480147451162338,10.647935692637818,6.480147451162338,123.79524111747742,4,19,True
636,14,35,120,8.228076539436977,12.295153741899052,8.228076539436977,123.84999077767134,4,19,True
637,14,35,135,9.065332440535228,11.405394946525865,9.065332440535228,123.91539011150599,4,19,True
638,14,35,150,4.9078409676750505,7.082206581087213,4.9078409676750505,123.90354974195361,4,19,True
639,14,35,165,5.539954353896125,7.498788374107729,5.539954353896125,123.85604018345475,4,19,True
640,14,35,180,2.5188767122725646,2.9261197840303272,2.5188767122725646,123.88675007969141,4,19,True
641,14,35,195,2.0110891168316205,2.7981559165569463,2.0110891168316205,123.87331016361713,4,19,True
642,14,35,210,2.0254763695100944,2.592951502089158,2.0254763695100944,123.88003105297685,4,19,True
643,14,35,225,6.523379482383219,10.096566225495557,6.523379482383219,123.60194092616439,4,19,True
644,14,48,30,7.293695791562398,9.281268956393312,7.293695791562398,124.85760869458318,4,19,True
645,14,48,45,4.644012413422266,5.831721638989319,4.644012413422266,123.09070071205497,4,19,True
646,14,48,60,13.235251582041382,18.33010883194992,13.235251582041382,121.71521410346031,4,19,True
647,14,48,75,13.90127094189326,20.82545671546353,13.90127094189326,121.77195399999619,4,19,True
648,14,48,90,8.288811981678009,12.953121820016792,8.288811981678009,121.82384403422475,4,19,True
649,14,48,105,5.02854226231575,6.92158214757221,5.02854226231575,121.83406390249729,4,19,True
650,14,48,120,5.4594442794720335,6.690544192733526,5.4594442794720335,122.09904380142689,4,19,True
651,14,48,135,3.9804389595985414,4.561601638258177,3.9804389595985414,121.95122428238392,4,19,True
652,14,48,150,3.4771026148150366,4.885104148872533,3.4771026148150366,121.99780391529202,4,19,True
653,14,48,165,4.577085620102783,6.9297740946410995,4.577085620102783,121.83648394420743,4,19,True
654,14,48,180,2.962473304197192,3.391833955879528,2.962473304197192,123.57204034924507,4,19,True
655,14,48,195,7.586693307757377,11.948374488399374,7.586693307757377,123.68810083717108,4,19,True
656,14,48,210,6.065064959973097,8.694451757486034,6.065064959973097,123.83894016966224,4,19,True
657,14,48,225,2.570687744518121,2.9812359054502955,2.570687744518121,123.67380084469914,4,19,True
658,14,22,30,11.583780808498462,18.062740246984976,11.583780808498462,123.71190125122666,4,19,True
659,14,22,45,10.41517922282219,14.976545377468547,10.41517922282219,123.7686607055366,4,19,True
660,14,22,60,15.426620702197154,19.095993504565353,15.426620702197154,123.82019031792879,4,19,True
661,14,22,75,7.2830746908982595,11.024781294218762,7.2830746908982595,123.70886094868183,4,19,True
662,14,22,90,6.1641401448597515,9.488718911942852,6.1641401448597515,123.64648096263409,4,19,True
663,14,22,105,4.713667787487308,7.251423844815046,4.713667787487308,123.57405107468367,4,19,True
664,14,22,120,7.686597147211432,9.383691917594954,7.686597147211432,123.49506095051765,4,19,True
665,14,22,135,4.417375997702281,5.86013918767241,4.417375997702281,123.8923710770905,4,19,True
666,14,22,150,2.6053696687022847,3.864282518321985,2.6053696687022847,123.90392040833831,4,19,True
667,14,22,165,6.443874098593369,9.375664964125669,6.443874098593369,123.99801099672914,4,19,True
668,14,22,180,1.4355730301545313,2.0816277514355885,1.4355730301545313,123.88388998806477,4,19,True
669,14,22,195,5.532267128179471,10.328412589122287,5.532267128179471,123.975760769099,4,19,True
670,14,22,210,4.022974838813146,6.283798969246594,4.022974838813146,129.89633018150926,4,19,True
671,14,22,225,4.12453730320558,4.766042259567825,4.12453730320558,123.57489205896854,4,19,True
672,14,55,30,35.45373263334235,53.42146603667916,35.45373263334235,124.56341926008463,4,18,True
673,14,55,45,2.371794405952096,2.9186984523042696,2.371794405952096,124.34415007010102,4,19,True
674,14,55,60,5.159180476268133,8.384772950977217,5.159180476268133,123.97647090256214,4,19,True
675,14,55,75,3.0124910255273183,3.6237293016707475,3.0124910255273183,123.91273118555546,4,19,True
676,14,55,90,1.3638073056936264,1.7318824513910605,1.3638073056936264,123.74270195141435,4,19,True
677,14,55,105,1.3106818437576293,1.69373554802946,1.3106818437576293,123.5698708333075,4,19,True
678,14,55,120,1.326249929269155,1.7001328228840462,1.326249929269155,130.33199030905962,4,19,True
679,14,55,135,1.4025802473227182,1.7240320068901196,1.4025802473227182,137.25916761904955,4,19,True
680,14,55,150,7.347497303287188,14.172143171605324,7.347497303287188,124.4070497341454,4,19,True
681,14,55,165,11.551569172739983,16.58172405184471,11.551569172739983,125.0041089951992,4,18,True
682,14,55,180,2.7077279726664227,3.3814835928949396,2.7077279726664227,124.1613207384944,4,19,True
683,14,55,195,2.4077736218770345,3.4283419458734494,2.4077736218770345,124.18902106583118,4,19,True
684,14,55,210,2.528562593460083,4.08630528311263,2.528562593460083,123.71737090870738,4,19,True
685,14,55,225,2.207470456759135,3.8483608901836344,2.207470456759135,123.93684219568968,4,19,True
686,14,4,30,13.620126688480378,20.33732181758112,13.620126688480378,123.76555195078254,4,19,True
687,14,4,45,24.55490175088247,40.62256206650969,24.55490175088247,123.90136113390326,4,19,True
688,14,4,60,29.619428956756988,48.17701120104372,29.619428956756988,155.60365840792656,5,18,True
689,14,4,75,4.82457415064176,6.327123977497344,4.82457415064176,123.87812091037631,4,19,True
690,14,4,90,1.6673098808154463,2.2298230206092713,1.6673098808154463,123.75091155990958,4,19,True
691,14,4,105,6.1829991664737465,8.67934837077136,6.1829991664737465,123.74733202159405,4,19,True
692,14,4,120,3.938312448995809,5.338212072991136,3.938312448995809,123.88070113956928,4,19,True
693,14,4,135,6.083222918212414,9.511831385417791,6.083222918212414,123.75552160665393,4,19,True
694,14,4,150,21.956697898109756,34.984813019669346,21.956697898109756,123.57317237183452,4,19,True
695,14,4,165,12.997683341925343,20.7965144344725,12.997683341925343,124.6250900439918,4,18,True
696,14,4,180,11.3153220752875,17.35115854995039,11.3153220752875,123.65367216989398,4,19,True
697,14,4,195,4.546385510762533,7.627298481262206,4.546385510762533,123.63345175981522,4,19,True
698,14,4,210,4.90228831966718,6.33359081446432,4.90228831966718,123.70928190648556,4,19,True
699,14,4,225,7.829057721296946,10.181926275247452,7.829057721296946,123.72305197641253,4,19,True
700,14,45,30,35.81311116218567,40.64678928674958,35.81311116218567,124.96030889451504,4,18,True
701,14,45,45,4.75645447447896,6.54926797267773,4.75645447447896,123.87819169089198,4,19,True
702,14,45,60,3.171755670631925,4.268244616114436,3.171755670631925,123.85779106989503,4,19,True
703,14,45,75,4.4178152046942465,6.675028464462623,4.4178152046942465,123.91366204246879,4,19,True
704,14,45,90,3.920550032161797,5.093259489813256,3.920550032161797,123.887131921947,4,19,True
705,14,45,105,2.0913993308941525,2.697116575487382,2.0913993308941525,124.07237105071545,4,19,True
706,14,45,120,3.567586546142896,4.602349733105842,3.567586546142896,123.46479203552008,4,19,True
707,14,45,135,3.5770749072233836,7.015355431242124,3.5770749072233836,123.70911194011569,4,19,True
708,14,45,150,24.592795192201933,46.69805289514234,24.592795192201933,123.98431170731783,4,19,True
709,14,45,165,42.23598257700602,69.38365605868816,42.23598257700602,155.56056797504425,5,18,True
710,14,45,180,28.60759161313375,41.91823268369627,28.60759161313375,124.97104005888104,4,18,True
711,14,45,195,5.632353339344263,7.4286733866837364,5.632353339344263,123.97029157727957,4,19,True
712,14,45,210,4.194808276370168,5.725028680017163,4.194808276370168,123.94991191104054,4,19,True
713,14,45,225,5.753853084643682,6.61805724380718,5.753853084643682,123.72907064855099,4,19,True
714,14,60,30,10.61979247132937,15.041430461724461,10.61979247132937,123.69274161756039,4,19,True
715,14,60,45,14.606551960110664,20.863086180936566,14.606551960110664,124.51814115047455,4,18,True
716,14,60,60,7.646567852298419,13.66621843189572,7.646567852298419,123.73899202793837,4,19,True
717,14,60,75,6.623948610822359,11.5365322554842,6.623948610822359,123.98336129263043,4,19,True
718,14,60,90,6.768217970927556,9.328167996092123,6.768217970927556,123.67299338802695,4,19,True
719,14,60,105,2.1727553407351174,2.66025529108407,2.1727553407351174,123.60061286017299,4,19,True
720,14,60,120,1.6745541453361512,2.2174018737924466,1.6745541453361512,123.79064178094268,4,19,True
721,14,60,135,1.6463014602661132,2.101764448964126,1.6463014602661132,123.74792201444507,4,19,True
722,14,60,150,1.709053103129069,2.16244628038631,1.709053103129069,123.79664182662964,4,19,True
723,14,60,165,2.819869383176168,4.793826583539627,2.819869383176168,123.80521185696125,4,19,True
724,14,60,180,4.758892500400544,6.888994950084257,4.758892500400544,123.84154228493571,4,19,True
725,14,60,195,3.7735717495282493,4.909933840823363,3.7735717495282493,123.8822122104466,4,19,True
726,14,60,210,2.1610749403635663,3.1494067588604766,2.1610749403635663,123.75560309737921,4,19,True
727,14,60,225,3.6273662745952606,5.1282664375188025,3.6273662745952606,123.3029430732131,4,19,True
728,14,26,30,38.68455617129803,60.17012137058776,38.68455617129803,153.00433291122317,5,18,True
729,14,26,45,11.38481211711963,14.023357544315585,11.38481211711963,122.08620505407453,4,19,True
730,14,26,60,12.094679304584862,17.172734179142758,12.094679304584862,121.88791576772928,4,19,True
731,14,26,75,9.477148075867444,15.60416877684588,9.477148075867444,121.9937251880765,4,19,True
732,14,26,90,10.293639110525449,13.938104846681888,10.293639110525449,121.83305621147156,4,19,True
733,14,26,105,6.038630271869867,8.805426266597662,6.038630271869867,129.67480206862092,4,19,True
734,14,26,120,5.952806422063926,7.7774744748786055,5.952806422063926,122.03382514417171,4,19,True
735,14,26,135,1.17288198346893,1.6165584462830591,1.17288198346893,122.33933480456471,4,19,True
736,14,26,150,2.874565567226091,5.92806556539555,2.874565567226091,123.81249200552702,4,19,True
737,14,26,165,14.680132994055748,23.82225221148285,14.680132994055748,123.6673928797245,4,19,True
738,14,26,180,2.588453844189644,3.2230662716253637,2.588453844189644,123.78905201330781,4,19,True
739,14,26,195,4.83432499418656,5.932759842278739,4.83432499418656,123.63605294376612,4,19,True
740,14,26,210,5.235630856640637,7.853170055154679,5.235630856640637,123.92567191272974,4,19,True
741,14,26,225,7.346887311215202,9.099220680152934,7.346887311215202,123.78137232735753,4,19,True
742,14,21,30,6.053527754545212,8.836542198231138,6.053527754545212,124.07143227756023,4,19,True
743,14,21,45,4.608922751309971,7.368472307102825,4.608922751309971,123.80254315212369,4,19,True
744,14,21,60,8.950567817687988,13.386151917703147,8.950567817687988,123.82470304146409,4,19,True
745,14,21,75,13.468922515710195,23.243527516401453,13.468922515710195,123.8615121692419,4,19,True
746,14,21,90,16.11077040111025,23.111286976939528,16.11077040111025,124.42654184997082,4,18,True
747,14,21,105,3.5721770604451497,4.757090215688341,3.5721770604451497,124.05231175944209,4,19,True
748,14,21,120,1.8237845035114637,2.2678545901710048,1.8237845035114637,124.05686220154166,4,19,True
749,14,21,135,1.7079266014353682,2.153453041460253,1.7079266014353682,124.10686211660504,4,19,True
750,14,21,150,1.4762985706329346,1.8144808208462098,1.4762985706329346,123.88706300407648,4,19,True
751,14,21,165,2.613580212990443,4.3024924284805195,2.613580212990443,122.59666388854384,4,19,True
752,14,21,180,2.7279462312658627,4.1488797265561965,2.7279462312658627,121.95428600534797,4,19,True
753,14,21,195,4.115819589296977,5.787164130927145,4.115819589296977,121.74539593979716,4,19,True
754,14,21,210,3.420928044120471,4.31498711712988,3.420928044120471,122.44217516854405,4,19,True
755,14,21,225,1.734909858306249,2.226369644198768,1.734909858306249,122.10450507700443,4,19,True
756,14,44,30,18.641298166910808,24.849804419901194,18.641298166910808,122.05430632457137,4,19,True
757,14,44,45,3.712598047653834,6.011149099674611,3.712598047653834,121.95669580250978,4,19,True
758,14,44,60,8.314081201950708,12.996539915458207,8.314081201950708,128.63748520612717,4,19,True
759,14,44,75,8.293840444087982,13.852248105719823,8.293840444087982,123.37026372551918,4,18,True
760,14,44,90,6.131264740228653,10.501530507221204,6.131264740228653,123.84344264864922,4,19,True
761,14,44,105,6.297712282836438,9.371667982717513,6.297712282836438,123.75447293743491,4,19,True
762,14,44,120,7.040977250536283,9.282201161601085,7.040977250536283,123.62050358206034,4,19,True
763,14,44,135,11.314650019258261,19.818966261509413,11.314650019258261,123.713793233037,4,19,True
764,14,44,150,15.786295972267787,27.810078077219472,15.786295972267787,123.69261309504509,4,19,True
765,14,44,165,7.866746258735657,12.676083305437341,7.866746258735657,123.76306299120188,4,19,True
766,14,44,180,9.464678218836585,13.003349240561954,9.464678218836585,124.3834919296205,4,18,True
767,14,44,195,9.924305942778785,15.274591044433896,9.924305942778785,123.96576208993793,4,19,True
768,14,44,210,6.3604895457625386,9.047218062197837,6.3604895457625386,124.03966300189495,4,19,True
769,14,44,225,10.76157944003741,12.478415768335696,10.76157944003741,123.94653214141726,4,19,True
770,14,23,30,24.88267415314913,44.10737686185367,24.88267415314913,123.7159832380712,4,19,True
771,14,23,45,38.685609033952154,65.66172273365275,38.685609033952154,123.93812416121364,4,19,True
772,14,23,60,59.88520252555609,97.5023248506693,59.88520252555609,155.98270017653704,5,17,True
773,14,23,75,9.442030874888102,15.591501894779478,9.442030874888102,124.08270174637437,4,19,True
774,14,23,90,10.511845914522807,17.01166808968355,10.511845914522807,124.2223628796637,4,19,True
775,14,23,105,20.79014490159849,33.56034659370026,20.79014490159849,123.89976298436522,4,19,True
776,14,23,120,52.29546663562457,84.01826967639741,52.29546663562457,124.89481084048748,4,18,True
777,14,23,135,54.19052038788796,86.27173121073474,54.19052038788796,155.52402008324862,5,18,True
778,14,23,150,35.64757017940283,49.561329300823715,35.64757017940283,123.67573333904147,4,19,True
779,14,23,165,11.217277751863003,12.52626300495612,11.217277751863003,125.90654008090496,4,18,True
780,14,23,180,12.373533696929615,23.28801196521036,12.373533696929615,123.85632283985615,4,19,True
781,14,23,195,36.21229611945649,56.029848516310516,36.21229611945649,123.72941337525845,4,19,True
782,14,23,210,47.302629426432155,76.97612806508727,47.302629426432155,125.17233099788427,4,18,True
783,14,23,225,28.774563308867315,42.66852652895599,28.774563308867315,124.96847193688154,4,18,True
784,14,53,30,14.115269629160563,21.70458642745152,14.115269629160563,123.92182322219014,4,19,True
785,14,53,45,12.638013776143392,16.30936585415932,12.638013776143392,123.77133406698704,4,19,True
786,14,53,60,26.154584586123626,31.744461599287327,26.154584586123626,123.83879395201802,4,19,True
787,14,53,75,18.19603286534548,26.646122686002006,18.19603286534548,124.11728268489242,4,19,True
788,14,53,90,15.00329607129097,22.421825722354058,15.00329607129097,123.48964530974627,4,19,True
789,14,53,105,2.0884445031483967,2.424086753466792,2.0884445031483967,123.7238640896976,4,19,True
790,14,53,120,3.9811407923077544,5.113312093577647,3.9811407923077544,123.84750414639711,4,19,True
791,14,53,135,1.9661947511757414,2.2307678352005587,1.9661947511757414,123.64238407462835,4,19,True
792,14,53,150,1.2698766897122065,1.6523432392978914,1.2698766897122065,123.94461315125227,4,19,True
793,14,53,165,1.191131474574407,1.5959012771124879,1.191131474574407,123.78865387290716,4,19,True
794,14,53,180,2.0243419547875723,2.8705775444380666,2.0243419547875723,123.93881287425756,4,19,True
795,14,53,195,10.719412370522816,14.331754831550736,10.719412370522816,123.73014399781823,4,19,True
796,14,53,210,12.513363431394101,15.067526545182,12.513363431394101,123.76790400594473,4,19,True
797,14,53,225,12.231584172771544,14.460286811809059,12.231584172771544,124.52507298439741,4,18,True
798,14,84,30,2.62601291735967,3.7347918906399267,2.62601291735967,123.69022285565734,4,19,True
799,14,84,45,2.9273040354251862,4.14305706531674,2.9273040354251862,124.50799299404025,4,19,True
800,14,84,60,2.674886061747869,3.8090307970336466,2.674886061747869,124.24581311643124,4,19,True
801,14,84,75,2.587320423126221,3.8020528357225944,2.587320423126221,123.66968533024192,4,19,True
802,14,84,90,1.712618699669838,2.1275719070160872,1.712618699669838,123.77921398729086,4,19,True
803,14,84,105,1.614726714293162,1.9891529592412547,1.614726714293162,123.73416405171156,4,19,True
804,14,84,120,2.2513946255048114,3.0955806281247447,2.2513946255048114,123.88656381517649,4,19,True
805,14,84,135,2.1225340525309244,2.957697130279568,2.1225340525309244,123.6916440539062,4,19,True
806,14,84,150,2.077154024442037,2.9615268673121613,2.077154024442037,123.58644418418407,4,19,True
807,14,84,165,2.1947815835475923,3.059177225189663,2.1947815835475923,122.82540509477258,4,19,True
808,14,84,180,5.0067605321606,5.966390215093621,5.0067605321606,121.6870378702879,4,19,True
809,14,84,195,7.310740967591603,10.503903161171138,7.310740967591603,121.7907969839871,4,19,True
810,14,84,210,16.583317521214486,26.041769274441457,16.583317521214486,120.84394972771406,4,19,True
811,14,84,225,15.997060774763424,20.117854036252105,15.997060774763424,122.84129625186324,4,18,True
812,14,59,30,32.090906923015915,44.82720133276856,32.090906923015915,123.1013247743249,4,18,True
813,14,59,45,20.077885856603583,24.902913422746458,20.077885856603583,122.97435477375984,4,18,True
814,14,59,60,5.399938702583313,7.938704826241297,5.399938702583313,121.94678699597716,4,19,True
815,14,59,75,5.494010472794374,7.875418964799292,5.494010472794374,122.60413588955998,4,19,True
816,14,59,90,2.7872514838973683,3.210869288537433,2.7872514838973683,123.99971438571811,4,19,True
817,14,59,105,4.503843511889378,6.562494905603433,4.503843511889378,123.47587384283543,4,19,True
818,14,59,120,10.57511110305786,13.641037099080343,10.57511110305786,123.65184491500258,4,19,True
819,14,59,135,7.2331024716297785,8.817480181554926,7.2331024716297785,123.40054428204894,4,19,True
820,14,59,150,6.965770245591799,11.319189662496852,6.965770245591799,121.12716911360621,4,19,True
821,14,59,165,11.20937689691782,17.36717241743293,11.20937689691782,121.86670675873756,4,19,True
822,14,59,180,5.51578078965346,6.938761645688193,5.51578078965346,121.42385775223374,4,19,True
823,14,59,195,9.980321184794109,12.06502112695469,9.980321184794109,121.79545825347304,4,19,True
824,14,59,210,8.763635465006034,10.079097458015381,8.763635465006034,121.97175715118647,4,19,True
825,14,59,225,11.731233810385069,13.676832154579083,11.731233810385069,121.97998678311706,4,19,True
826,14,49,30,18.388901574164628,25.85228375334755,18.388901574164628,121.9208869151771,4,19,True
827,14,49,45,11.55283276339372,13.637785050512317,11.55283276339372,121.93783791735768,4,19,True
828,14,49,60,7.712613354126613,9.164781599645917,7.712613354126613,124.06967300921679,4,19,True
829,14,49,75,8.360273957252502,11.262486042866845,8.360273957252502,124.05577395111322,4,19,True
830,14,49,90,7.967037933071454,10.420577141205596,7.967037933071454,123.82003525272012,4,19,True
831,14,49,105,8.946608019868533,10.778043618554124,8.946608019868533,123.77170473337173,4,19,True
832,14,49,120,3.315956847916823,4.02169229574941,3.315956847916823,123.73827397823334,4,19,True
833,14,49,135,6.407405219972134,7.2916394325474805,6.407405219972134,123.69752489030361,4,19,True
834,14,49,150,2.253219309945901,2.6085684761577412,2.253219309945901,123.62130405381322,4,19,True
835,14,49,165,2.107166842619578,2.777575246163729,2.107166842619578,123.52749472483993,4,19,True
836,14,49,180,3.6691879494755995,4.968566284029724,3.6691879494755995,124.04130399227142,4,19,True
837,14,49,195,8.192555816842166,10.423481839690098,8.192555816842166,123.43413522467017,4,19,True
838,14,49,210,14.806147086620332,15.84342294102833,14.806147086620332,121.79548805579543,4,19,True
839,14,49,225,5.572494300206502,5.880850175497246,5.572494300206502,121.36110803112388,4,19,True
840,14,7,30,8.140149239699046,10.929892925234482,8.140149239699046,121.90056778490543,4,19,True
841,14,7,45,6.928521394729614,10.553834944245088,6.928521394729614,121.84014776721597,4,19,True
842,14,7,60,11.635740492733506,17.8289873053638,11.635740492733506,121.89950793981552,4,19,True
843,14,7,75,19.984016092742483,27.118869874565075,19.984016092742483,125.00301282852888,4,19,True
844,14,7,90,15.695781975612045,23.60280292751551,15.695781975612045,121.95679824799299,4,19,True
845,14,7,105,6.10579525778691,8.947568881100054,6.10579525778691,121.70451786369085,4,19,True
846,14,7,120,8.20955235560735,9.186053452926007,8.20955235560735,123.13788617029786,4,19,True
847,14,7,135,3.895906796058019,5.331812575192428,3.895906796058019,123.60564526170492,4,19,True
848,14,7,150,6.7651722356677055,8.690513374775971,6.7651722356677055,123.91659524291754,4,19,True
849,14,7,165,11.74498653014501,13.850622521991149,11.74498653014501,123.9564148709178,4,19,True
850,14,7,180,2.710047431786855,3.0697782924052244,2.710047431786855,123.76056518405676,4,19,True
851,14,7,195,10.972146976614992,16.392669564684358,10.972146976614992,123.9116950891912,4,19,True
852,14,7,210,9.707721624275049,12.061752875493264,9.707721624275049,124.03902411460876,4,19,True
853,14,7,225,13.32976428469022,17.10610714323502,13.32976428469022,123.51503502577543,4,19,True
854,14,47,30,5.110417366027832,5.931291193124487,5.110417366027832,123.6488651484251,4,19,True
855,14,47,45,5.431621360778808,5.962869674757563,5.431621360778808,123.88886464759707,4,19,True
856,14,47,60,5.528426710764567,6.162259768787904,5.528426710764567,123.7767948769033,4,19,True
857,14,47,75,5.665562121073405,6.288197268269846,5.665562121073405,123.88443434610963,4,19,True
858,14,47,90,5.71116107304891,6.281731390240832,5.71116107304891,123.9797449670732,4,19,True
859,14,47,105,5.503359540303548,6.092031704838989,5.503359540303548,123.76861507073045,4,19,True
860,14,47,120,5.632353369394938,6.246083642919649,5.632353369394938,123.89663513749838,4,19,True
861,14,47,135,5.638091691335043,6.261989686669793,5.638091691335043,126.21366186067462,4,19,True
862,14,47,150,5.621079158782959,6.195883628982742,5.621079158782959,123.69196489453316,4,19,True
863,14,47,165,8.945218821366629,12.170209243008864,8.945218821366629,123.38178604841232,4,19,True
864,14,47,180,9.544333005944887,12.055192837173122,9.544333005944887,121.6105087660253,4,19,True
865,14,47,195,10.15579243004322,12.809988766925139,10.15579243004322,121.77640805020928,4,19,True
866,14,47,210,16.148816466331482,17.73089458239736,16.148816466331482,122.70462699234486,4,18,True
867,14,47,225,6.44574122428894,7.093087785565098,6.44574122428894,121.81883817538619,4,19,True
868,14,30,30,3.17867960135142,4.380801060546481,3.17867960135142,122.02114798128605,4,19,True
869,14,30,45,9.090860657890637,12.279833063926999,9.090860657890637,121.8645479530096,4,19,True
870,14,30,60,13.33749115963777,15.176826988275932,13.33749115963777,121.87459832057357,4,19,True
871,14,30,75,3.7366910696029665,5.168960403601978,3.7366910696029665,121.6976479627192,4,19,True
872,14,30,90,3.645616172812879,5.326251171510477,3.645616172812879,123.41335602104664,4,19,True
873,14,30,105,2.1557896299287678,2.65095405009038,2.1557896299287678,123.71560512110591,4,19,True
874,14,30,120,2.0810148881127435,2.692756234850844,2.0810148881127435,123.5347157344222,4,19,True
875,14,30,135,3.7084250138451655,5.832395411726586,3.7084250138451655,123.85910516604781,4,19,True
876,14,30,150,1.4898013770580292,2.447884046270836,1.4898013770580292,123.73526487499475,4,19,True
877,14,30,165,1.6066501875718435,2.4533036675902116,1.6066501875718435,123.73306602239609,4,19,True
878,14,30,180,2.025579014172157,2.3458882469723337,2.025579014172157,123.96616488695145,4,19,True
879,14,30,195,2.6004987212518853,3.2511965475577367,2.6004987212518853,123.69700521230698,4,19,True
880,14,30,210,1.9444985623160997,2.4800521263072355,1.9444985623160997,123.8495260477066,4,19,True
881,14,30,225,3.5976728684268893,4.834516826321099,3.5976728684268893,123.89951571822166,4,19,True
882,18,83,30,18.305212887128196,27.061181986774614,18.305212887128196,123.75698611140251,4,19,True
883,18,83,45,13.04830694993337,18.27504897964116,13.04830694993337,124.33490389958024,4,18,True
884,18,83,60,19.376042399182914,27.347020258373487,19.376042399182914,123.78567596897483,4,19,True
885,18,83,75,16.108814353123307,23.131825527246562,16.108814353123307,124.3692240677774,4,18,True
886,18,83,90,6.1423730225302275,9.464053213332734,6.1423730225302275,123.7199162133038,4,19,True
887,18,83,105,11.490287336613983,13.512881810777147,11.490287336613983,123.7324452959001,4,19,True
888,18,83,120,28.752757438939685,50.329279653863736,28.752757438939685,123.90169501304626,4,19,True
889,18,83,135,31.431307988365493,57.77442696621823,31.431307988365493,155.64688201993704,5,18,True
890,18,83,150,30.12006328329444,39.466904816537586,30.12006328329444,124.86658431589603,4,18,True
891,18,83,165,14.940312107404074,20.312294198706056,14.940312107404074,124.62975503876805,4,18,True
892,18,83,180,13.117943307384849,16.430562264178466,13.117943307384849,123.90767596662045,4,18,True
893,18,83,195,14.043420174345375,19.183117033599068,14.043420174345375,121.78537901490927,4,19,True
894,18,15,30,9.014440109829108,12.902193567572157,9.014440109829108,121.51749897748232,4,19,True
895,18,15,45,8.123655029137929,11.883769373147148,8.123655029137929,121.32597016170621,4,19,True
896,18,15,60,9.914894378588846,16.489334646579028,9.914894378588846,122.18047818168998,4,19,True
897,18,15,75,9.28963174680248,13.411367818027474,9.28963174680248,121.85359932482243,4,19,True
898,18,15,90,3.8305168668429057,4.37708737796826,3.8305168668429057,122.18204792588949,4,19,True
899,18,15,105,3.591334906666695,4.901888032472233,3.591334906666695,122.02041875571012,4,19,True
900,18,15,120,5.954343811670939,8.412555443170142,5.954343811670939,121.96024926379323,4,19,True
901,18,15,135,6.8645318972567715,8.096328173715614,6.8645318972567715,123.95075522363186,4,19,True
902,18,15,150,3.0754609413444998,4.21181358851804,3.0754609413444998,123.90229571610689,4,19,True
903,18,15,165,6.014850475390753,7.490184083168829,6.014850475390753,123.97683504968882,4,19,True
904,18,3,30,19.895832084616025,26.214743383852444,19.895832084616025,126.28788175061345,4,19,True
905,18,3,45,52.659770154953,75.20470811560085,52.659770154953,125.43273298069835,4,18,True
906,18,3,60,36.90342857340972,63.55307811353675,36.90342857340972,125.5342629738152,4,19,True
907,18,3,75,62.67935606638591,89.50844624002829,62.67935606638591,127.48466990888119,4,18,True
908,18,3,90,60.3041174252828,80.87453380097583,60.3041174252828,125.92834234237671,4,19,True
909,18,3,105,19.6951274116834,24.933511531575295,19.6951274116834,123.91593586653471,4,19,True
910,18,3,120,34.811699225505194,38.70583100472738,34.811699225505194,123.9898749627173,4,19,True
911,18,3,135,15.384526537110409,21.6707939143809,15.384526537110409,123.95259598270059,4,19,True
912,18,3,150,10.92738755941391,12.94523559671137,10.92738755941391,124.01008512824774,4,19,True
913,18,3,165,6.869867165883382,10.632465175676142,6.869867165883382,123.95043624565005,4,19,True
914,18,35,30,18.172439228991667,27.125708325396356,18.172439228991667,123.98097570985556,4,19,True
915,18,35,45,25.28756614824136,32.832340091206525,25.28756614824136,124.84069401398301,4,18,True
916,18,35,60,8.727308175216118,9.91310274858922,8.727308175216118,123.90346638858318,4,19,True
917,18,35,75,6.028871374371617,6.5728554795196255,6.028871374371617,123.99213621392846,4,19,True
918,18,35,90,4.333766877247641,5.750283657890628,4.333766877247641,124.20405494049191,4,19,True
919,18,35,105,4.7470121812230595,6.100388200984979,4.7470121812230595,123.60059702768922,4,19,True
920,18,35,120,7.992869095923379,16.556743387183147,7.992869095923379,123.31369705498219,4,19,True
921,18,35,135,28.95409927566846,39.00987275384053,28.95409927566846,124.3746760301292,4,18,True
922,18,35,150,51.84908770819505,71.06912860774757,51.84908770819505,123.96815698593855,4,19,True
923,18,35,165,49.89126597469052,65.07731755973866,49.89126597469052,124.86537406221032,4,18,True
924,18,35,180,8.223127600302298,9.562900862256816,8.223127600302298,123.77510638907552,4,19,True
925,18,35,195,3.656049014131228,4.516159033596971,3.656049014131228,123.79262689501047,4,19,True
926,18,35,210,3.491286108891169,5.145924626864657,3.491286108891169,123.40635666623712,4,19,True
927,18,35,225,17.560393408934274,29.106213086600604,17.560393408934274,123.36583714932203,4,19,True
928,18,48,30,18.994026241699853,22.984255220732273,18.994026241699853,124.14324609562755,4,19,True
929,18,48,45,47.5495628260076,67.55309765727351,47.5495628260076,123.92932595685124,4,19,True
930,18,48,60,26.351123176018397,31.68170320452416,26.351123176018397,124.75730525329709,4,18,True
931,18,48,75,35.288249306629105,51.64681401447067,35.288249306629105,124.48507500812411,4,18,True
932,18,48,90,10.010628231863182,13.241163843199157,10.010628231863182,123.60550696030259,4,19,True
933,18,48,105,7.912848933537801,8.236784682672019,7.912848933537801,123.68985591456294,4,19,True
934,18,48,120,5.31578689366579,7.959098353706507,5.31578689366579,123.31277783960104,4,19,True
935,18,48,135,6.849918114145597,10.528520256482986,6.849918114145597,122.49813787639141,4,19,True
936,18,48,150,4.912641318639119,5.929471088033573,4.912641318639119,122.86774814128876,4,19,True
937,18,48,165,6.859053168197473,8.527328164397005,6.859053168197473,123.24786698445678,4,19,True
938,18,48,180,5.884277423719565,9.223740128644955,5.884277423719565,123.44156811013818,4,19,True
939,18,48,195,8.800915253410738,11.20780311255333,8.800915253410738,123.24593728408217,4,19,True
940,18,48,210,3.8553192257881164,5.397293774906134,3.8553192257881164,123.15325811505318,4,19,True
941,18,48,225,9.93201140165329,14.348653005948057,9.93201140165329,123.36307717487216,4,19,True
942,18,22,30,7.273031008491913,10.575422527501072,7.273031008491913,123.24289791285992,4,19,True
943,18,22,45,8.787027135491371,18.593700231409468,8.787027135491371,124.79379493743181,4,19,True
944,18,22,60,11.158332853019237,18.434033243502203,11.158332853019237,124.24461590126157,4,19,True
945,18,22,75,12.43997181802988,16.917529943210134,12.43997181802988,123.82440688088536,4,19,True
946,18,22,90,3.0081874509652455,3.7527508453860556,3.0081874509652455,123.59977699816227,4,19,True
947,18,22,105,2.6236497163772583,3.432091150456694,2.6236497163772583,125.76968315988779,4,19,True
948,18,22,120,2.6856285353501637,3.4885320332077643,2.6856285353501637,156.74142260104418,4,19,True
949,18,22,135,1.5832768400510153,2.624941254483863,1.5832768400510153,132.40465288981795,4,19,True
950,18,22,150,3.4174563211854547,5.860036258328117,3.4174563211854547,127.84373993054032,4,19,True
951,18,22,165,2.7975135816882055,3.6631489290962658,2.7975135816882055,128.61669901758432,4,19,True
952,18,55,30,9.431154209375382,19.52227813684822,9.431154209375382,123.0796379968524,4,19,True
953,18,55,45,28.82634413888057,46.93832752233923,28.82634413888057,122.78460897505283,4,19,True
954,18,55,60,38.84068584193786,55.78237129774696,38.84068584193786,123.75077698379755,4,18,True
955,18,55,75,5.512264140446981,7.445223985915516,5.512264140446981,123.04816814139485,4,19,True
956,18,55,90,13.320762165387471,16.767448284605305,13.320762165387471,123.30389814451337,4,19,True
957,18,55,105,20.519198370476563,24.062051934328274,20.519198370476563,123.07464797049761,4,19,True
958,18,55,120,16.817666629950207,22.610825373743445,16.817666629950207,123.49968682974577,4,18,True
959,18,55,135,10.069180776923895,10.858414921198316,10.069180776923895,123.36687790229917,4,19,True
960,18,55,150,6.781144962956508,8.274030679392407,6.781144962956508,124.04981628060341,4,19,True
961,18,55,165,3.7514597579836844,5.456988805156564,3.7514597579836844,122.52408917993307,4,19,True
962,18,4,30,14.224703594048817,18.176962575344746,14.224703594048817,123.34754783660173,4,18,True
963,18,4,45,10.406107614204908,11.477545413231269,10.406107614204908,123.25730780139565,4,18,True
964,18,4,60,1.7775157203276952,2.2095235449890143,1.7775157203276952,122.35778011381626,4,19,True
965,18,4,75,1.5859972715377808,2.0632703767722775,1.5859972715377808,123.25464887544513,4,19,True
966,18,4,90,12.154867647091548,16.88218599824498,12.154867647091548,123.4368379227817,4,19,True
967,18,4,105,6.143624903510014,8.202129616179683,6.143624903510014,123.52855689823627,4,19,True
968,18,4,120,3.6344580950836343,4.264008717947757,3.6344580950836343,122.97912826761603,4,19,True
969,18,4,135,5.684905087761581,6.152195338603303,5.684905087761581,122.57426884025335,4,19,True
970,18,4,150,3.581706449575722,4.939390752469962,3.581706449575722,122.23192024976015,4,19,True
971,18,4,165,4.150483064850172,5.742008816777587,4.150483064850172,122.06121115013957,4,19,True
972,18,4,180,4.9534430782000225,5.882274577041168,4.9534430782000225,122.72944860160351,4,19,True
973,18,45,30,17.63145365367333,27.11488922283811,17.63145365367333,123.14129760488868,4,19,True
974,18,45,45,13.507854211330415,20.447799610507065,13.507854211330415,123.0290187522769,4,19,True
975,18,45,60,27.062561241785684,35.32366545868056,27.062561241785684,122.0626812428236,4,19,True
976,18,45,75,16.70755727092425,19.487673002994267,16.70755727092425,121.97544984519482,4,18,True
977,18,45,90,16.66424837062756,24.042856086483432,16.66424837062756,121.15155067294836,4,19,True
978,18,45,105,7.690175485766182,12.567961148917735,7.690175485766182,121.5558610856533,4,18,True
979,18,45,120,3.0475642412900923,3.984552099061125,3.0475642412900923,121.30024190992117,4,19,True
980,18,45,135,3.092376559972763,3.3101912959473747,3.092376559972763,121.46653095260262,4,19,True
981,18,45,150,3.0007009992996854,3.3915951825381856,3.0007009992996854,121.20323209092021,4,19,True
982,18,45,165,4.473723848660787,6.932192430213068,4.473723848660787,123.18673869594932,4,19,True
983,18,60,30,4.555623864134152,6.168288420640261,4.555623864134152,120.65481301397085,4,19,True
984,18,60,45,1.2886308004458746,1.5964014362375691,1.2886308004458746,122.60069977492094,4,19,True
985,18,60,60,1.913780146340529,2.3138230738829253,1.913780146340529,122.95334925875068,4,19,True
986,18,60,75,9.168979987502098,17.44973385897491,9.168979987502098,122.89565894752741,4,19,True
987,18,60,90,14.850803307443858,23.594401488004753,14.850803307443858,122.9031989350915,4,19,True
988,18,60,105,27.238420400139876,44.586399587949494,27.238420400139876,123.08261869475245,4,19,True
989,18,60,120,6.657683774332205,9.15014255488822,6.657683774332205,122.95855907723308,4,19,True
990,18,60,135,3.4162179708480833,5.009253700236968,3.4162179708480833,122.95796908438206,4,19,True
991,18,60,150,1.4043399532636007,1.6495051544673665,1.4043399532636007,122.83591879531741,4,19,True
992,18,60,165,5.495058860753973,8.056643334187594,5.495058860753973,123.13100881874561,4,19,True
993,18,26,30,24.90981361269951,35.003461630606836,24.90981361269951,123.0435692705214,4,19,True
994,18,26,45,44.446611107885836,68.7877229983536,44.446611107885836,123.60376818105578,4,18,True
995,18,26,60,42.978070977330205,71.5970938336248,42.978070977330205,123.11016814783216,4,19,True
996,18,26,75,48.42184969981511,77.26251827933488,48.42184969981511,154.75650690495968,5,18,True
997,18,26,90,22.41849410124123,34.526624445107785,22.41849410124123,123.85292816907167,4,18,True
998,18,26,105,6.798400578399499,9.440091220202948,6.798400578399499,123.11732908710837,4,19,True
999,18,26,120,13.568037079460918,19.668308598660854,13.568037079460918,123.46430821344256,4,19,True
1000,18,26,135,12.552463834484419,18.649296267757833,12.552463834484419,123.83651779964566,4,19,True
1001,18,26,150,20.827885221441587,26.876809068557808,20.827885221441587,123.12846910208464,4,19,True
1002,18,26,165,12.134363478173812,18.3640667632366,12.134363478173812,123.38133808225393,4,19,True
1003,18,21,30,7.3612178191542625,13.144493255962882,7.3612178191542625,123.77994786947966,4,19,True
1004,18,21,45,12.493155438204607,21.47350118416756,12.493155438204607,123.48842900246382,4,19,True
1005,18,21,60,10.305839880307515,14.13989577452724,10.305839880307515,124.02187706902623,4,18,True
1006,18,21,75,8.083827930688859,10.36997890536609,8.083827930688859,123.10536904260516,4,19,True
1007,18,21,90,20.848565269447864,29.217354865019775,20.848565269447864,123.36530769243836,4,19,True
1008,18,21,105,24.987237663567065,39.26251219647585,24.987237663567065,123.44428896903992,4,18,True
1009,18,21,120,5.616500780979792,7.922121178734618,5.616500780979792,122.80956003814936,4,19,True
1010,18,21,135,2.98246736060828,4.506753512897778,2.98246736060828,123.02200915291905,4,19,True
1011,18,21,150,7.158968807756901,11.521210148646063,7.158968807756901,123.34568798542023,4,19,True
1012,18,21,165,9.897275587419669,12.359242150030125,9.897275587419669,122.86805920302868,4,19,True
1013,18,44,30,13.04347361723582,16.890223773751146,13.04347361723582,124.0572277456522,4,18,True
1014,18,44,45,4.356264384587606,5.101611465033397,4.356264384587606,122.91192868724465,4,19,True
1015,18,44,60,2.4200719197591147,2.6602027994382933,2.4200719197591147,122.46571015566587,4,19,True
1016,18,44,75,13.426308809717495,20.917820652702016,13.426308809717495,122.78400966897607,4,19,True
1017,18,44,90,14.815082518942654,23.330091743593915,14.815082518942654,123.56295809149742,4,18,True
1018,18,44,105,15.664307252379755,22.105146962027185,15.664307252379755,123.83719813078642,4,18,True
1019,18,44,120,11.640907667080562,15.054794399239347,11.640907667080562,123.25611989945173,4,18,True
1020,18,44,135,11.464360920588176,13.168760166610385,11.464360920588176,122.86053877323866,4,19,True
1021,18,44,150,10.952029846111934,18.571077980664384,10.952029846111934,122.89677001535892,4,19,True
1022,18,44,165,12.590067028999329,17.187079760757282,12.590067028999329,123.81577771157026,4,18,True
1023,18,44,180,5.3176733661443,6.166118412460722,5.3176733661443,122.69664974883199,4,19,True
1024,18,44,195,6.149038796747724,9.044841965760098,6.149038796747724,122.93199030682445,4,19,True
1025,18,44,210,5.4544947839031614,6.867004964543912,5.4544947839031614,123.06971894577146,4,19,True
1026,18,44,225,9.091225465138754,10.720160410982702,9.091225465138754,122.76489986106753,4,19,True
1027,18,23,30,17.384719199935596,24.336256753474117,17.384719199935596,123.31034895032644,4,18,True
1028,18,23,45,13.719197368621826,23.79407093421584,13.719197368621826,123.06533986702561,4,19,True
1029,18,23,60,13.754277741412322,19.34904879410635,13.754277741412322,122.67892016097903,4,19,True
1030,18,23,75,29.591464893023172,43.89208585035994,29.591464893023172,123.70449863374233,4,18,True
1031,18,23,90,15.196468220154445,18.79512216974484,15.196468220154445,122.96822993084788,4,19,True
1032,18,23,105,17.286692312856516,24.236973551539844,17.286692312856516,123.0497402139008,4,19,True
1033,18,23,120,12.69508929848671,15.85102532096299,12.69508929848671,123.11779893934727,4,19,True
1034,18,23,135,17.7594382670708,25.88922157853709,17.7594382670708,124.39667759463191,4,18,True
1035,18,23,150,22.662330610429247,33.571690769293554,22.662330610429247,123.3187192119658,4,19,True
1036,18,23,165,23.593429866433144,33.11621395943631,23.593429866433144,122.74356000125408,4,19,True
1037,18,53,30,45.32073383107782,61.32665740232446,45.32073383107782,122.4091611802578,4,19,True
1038,18,53,45,42.810943603888155,58.91949203474506,42.810943603888155,123.56675928458571,4,18,True
1039,18,53,60,44.12850443795323,72.1670510000099,44.12850443795323,123.15143924206495,4,18,True
1040,18,53,75,24.67444594701131,41.02123597854389,24.67444594701131,124.23981772735715,4,18,True
1041,18,53,90,31.17481466134389,51.65483088590562,31.17481466134389,124.04211796820164,4,18,True
1042,18,53,105,12.06753577788671,18.318066153755453,12.06753577788671,123.3468190766871,4,19,True
1043,18,53,120,14.868000801404317,23.720972081449588,14.868000801404317,124.59636759012938,4,19,True
1044,18,53,135,10.27770962715149,12.624308952553594,10.27770962715149,124.13261784240603,4,19,True
1045,18,53,150,15.578563746220121,27.77953568545893,15.578563746220121,136.78696658462286,4,19,True
1046,18,53,165,29.982232944077502,47.24887919196909,29.982232944077502,141.9243887066841,4,19,True
1047,18,84,30,46.85629905164242,58.035047087458764,46.85629905164242,124.80221735313535,4,18,True
1048,18,84,45,40.718892604857686,60.29472104842678,40.718892604857686,121.77273212000728,4,18,True
1049,18,84,60,23.998162812987964,31.771719426032213,23.998162812987964,121.78487237542868,4,18,True
1050,18,84,75,23.813069097107896,28.119025479655544,23.813069097107896,121.64725176990032,4,18,True
1051,18,84,90,7.730738401412964,9.358746015500293,7.730738401412964,121.03518284857273,4,19,True
1052,18,84,105,7.706517541408539,10.69712576787761,7.706517541408539,146.31508197635412,4,19,True
1053,18,84,120,8.343711493785182,9.697108094189952,8.343711493785182,153.4726512618363,4,19,True
1054,18,84,135,4.2430118889237445,5.844020005466607,4.2430118889237445,147.94206991791725,4,19,True
1055,18,84,150,6.606575130733351,7.614980563052725,6.606575130733351,139.68853279948235,4,19,True
1056,18,84,165,8.060725578169029,8.579835746825713,8.060725578169029,125.46013714745641,4,19,True
1057,18,59,30,20.316565837462743,28.994776796443684,20.316565837462743,120.96434412524104,4,19,True
1058,18,59,45,9.903324932356675,14.90033616829393,9.903324932356675,121.04824278503656,4,19,True
1059,18,59,60,9.641988424460093,12.861662159774752,9.641988424460093,121.16281362250447,4,19,True
1060,18,59,75,11.750617496172588,15.460960084824347,11.750617496172588,120.82473281770945,4,19,True
1061,18,59,90,15.207365385691325,18.36347854476321,15.207365385691325,121.17302371188998,4,19,True
1062,18,59,105,8.680006772155563,12.314699406058933,8.680006772155563,120.91975286602974,4,19,True
1063,18,59,120,16.798783594494065,23.596676689838315,16.798783594494065,120.0906247831881,4,19,True
1064,18,59,135,2.2460491200288137,2.948678752155718,2.2460491200288137,121.55712302774191,4,19,True
1065,18,59,150,5.7160580769181255,8.192123256924669,5.7160580769181255,122.69203085452318,4,19,True
1066,18,59,165,8.244977815945942,10.012135404588067,8.244977815945942,123.67794895544648,4,19,True
1067,18,49,30,32.46701034804185,45.44118563468887,32.46701034804185,123.54217981919646,4,19,True
1068,18,49,45,48.433341679970425,69.46363020822547,48.433341679970425,124.60936885327101,4,18,True
1069,18,49,60,12.246481420348088,14.133657109244371,12.246481420348088,124.70603827387094,4,18,True
1070,18,49,75,11.293875733080009,15.970686590282424,11.293875733080009,123.76707885414362,4,19,True
1071,18,49,90,17.582058963738383,21.125316057015823,17.582058963738383,124.60520816966891,4,18,True
1072,18,49,105,29.930250389377274,49.31902698043162,29.930250389377274,123.59227007254958,4,19,True
1073,18,49,120,15.761484905083973,21.11448787194942,15.761484905083973,125.20445697009563,4,19,True
1074,18,49,135,14.635756548245748,19.28310293316873,14.635756548245748,123.54479031637311,4,19,True
1075,18,49,150,8.10158616900444,11.451262243821445,8.10158616900444,123.5359599813819,4,19,True
1076,18,49,165,8.094900681776926,9.601400125411658,8.094900681776926,123.78198932856321,4,19,True
1077,18,49,180,17.00518355369568,19.76120734915644,17.00518355369568,123.64394031465054,4,19,True
1078,18,49,195,11.737790822982788,15.54645683356139,11.737790822982788,123.54969000443816,4,19,True
1079,18,49,210,6.77766998608907,11.080345275054865,6.77766998608907,124.27501892670989,4,19,True
1080,18,7,30,39.47848635117213,57.2365737950587,39.47848635117213,123.47791017964482,4,19,True
1081,18,7,45,5.041333015759786,6.878648930111925,5.041333015759786,123.69223916903138,4,19,True
1082,18,7,60,3.4280660734822352,4.631930062641804,3.4280660734822352,123.7615100108087,4,19,True
1083,18,7,75,14.310355891038974,25.917635956407235,14.310355891038974,123.61436896026134,4,19,True
1084,18,7,90,34.0936403632164,42.148715476379145,34.0936403632164,124.28203923627734,4,18,True
1085,18,7,105,27.205204180876414,43.93861657678275,27.205204180876414,123.10276087373495,4,19,True
1086,18,7,120,29.881271433395643,43.40039690395479,29.881271433395643,124.64683828875422,4,18,True
1087,18,7,135,33.47609481016795,44.28708310887158,33.47609481016795,123.47547011449933,4,18,True
1088,18,7,150,17.62192457318306,27.790492997409192,17.62192457318306,123.32289991900325,4,19,True
1089,18,7,165,16.519825747422875,22.169140951834013,16.519825747422875,123.87288920581341,4,18,True
1090,18,47,30,14.566990575784196,21.201828338589912,14.566990575784196,124.03311999514699,4,18,True
1091,18,47,45,12.155954518914223,17.077278370691246,12.155954518914223,123.68798907846212,4,18,True
1092,18,47,60,10.570031428337098,12.673158216694388,10.570031428337098,123.08510113507509,4,19,True
1093,18,47,75,1.2161835193634034,1.8361349423061757,1.2161835193634034,122.87768069654703,4,19,True
1094,18,47,90,6.664611534277598,10.098883041623793,6.664611534277598,123.22476087138057,4,19,True
1095,18,47,105,5.407297801971436,6.94311581778643,5.407297801971436,123.14217071980238,4,19,True
1096,18,47,120,2.125468405087789,3.0419623706295424,2.125468405087789,123.09183087199926,4,19,True
1097,18,47,135,4.391227746009827,9.094794224993878,4.391227746009827,123.35441075265408,4,19,True
1098,18,47,150,15.865576693415642,22.607169686461145,15.865576693415642,122.76521092280746,4,19,True
1099,18,47,165,9.209908644606669,11.572923640066945,9.209908644606669,123.57190996408463,4,19,True
1100,18,30,30,14.348375479194026,19.428567310849953,14.348375479194026,122.72477196529508,4,19,True
1101,18,30,45,6.002834018071493,7.719975559187262,6.002834018071493,123.56322119012475,4,19,True
1102,18,30,60,3.252841567993164,3.834654186363955,3.252841567993164,122.41657171398401,4,19,True
1103,18,30,75,4.118531068166097,4.489591483899153,4.118531068166097,123.23260121047497,4,19,True
1104,18,30,90,2.5083219051361083,2.816636775013901,2.5083219051361083,122.90109181776643,4,19,True
1105,18,30,105,2.3575201511383055,2.7886016105518583,2.3575201511383055,122.01565178111196,4,19,True
1106,18,30,120,2.2153441429138185,3.2672339812972124,2.2153441429138185,120.9907652810216,4,19,True
1107,18,30,135,4.221728134155273,5.555176472965857,4.221728134155273,121.21809367090464,4,19,True
1108,18,30,150,3.026270278294881,3.400005612731665,3.026270278294881,121.02402374148369,4,19,True
1109,18,30,165,1.8441274563471477,2.3275331416252,1.8441274563471477,120.87868480011821,4,19,True
1110,24,83,30,13.275852993006508,15.911030897854676,13.275852993006508,121.26541417092085,4,19,True
1111,24,83,45,7.3838267518828316,10.326193567285088,7.3838267518828316,120.88359473273158,4,19,True
1112,24,83,60,3.793441528081894,4.609809263501901,3.793441528081894,121.32928427308798,4,19,True
1113,24,83,75,8.402874314847091,12.531232605190784,8.402874314847091,121.17951409891248,4,19,True
1114,24,83,90,25.76183288221558,51.681831511442525,25.76183288221558,123.53766011074185,4,19,True
1115,24,83,105,29.629855766892433,49.94863525965074,29.629855766892433,153.8000819273293,5,18,True
1116,24,83,120,6.565513879060745,11.454853041733115,6.565513879060745,123.3031409792602,4,19,True
1117,24,83,135,8.33041027902315,11.414946514614506,8.33041027902315,122.65468202531338,4,19,True
1118,24,83,150,15.671485144939895,25.189281897792817,15.671485144939895,122.74254160001874,4,19,True
1119,24,83,165,13.611020687269047,20.75198943872544,13.611020687269047,122.28476302698255,4,19,True
1120,24,83,180,6.954188696543375,8.181812261248828,6.954188696543375,123.24003083631396,4,19,True
1121,24,83,195,6.107530975093444,9.110018945672,6.107530975093444,122.80332203954458,4,19,True
1122,24,83,210,8.002899565547704,11.498113011041578,8.002899565547704,123.04436089470983,4,19,True
1123,24,83,225,6.281621845563253,8.421587558054402,6.281621845563253,122.62678192928433,4,19,True
1124,24,15,30,26.108580227941275,40.79614875873247,26.108580227941275,123.9142999984324,4,18,True
1125,24,15,45,14.70882539798816,20.874514682489735,14.70882539798816,124.13177033886313,4,18,True
1126,24,15,60,6.289139930407206,9.135473437620107,6.289139930407206,123.39887116104364,4,18,True
1127,24,15,75,11.165355078379314,17.343636807822502,11.165355078379314,122.97674175351858,4,19,True
1128,24,15,90,5.979837745428085,8.089789124359912,5.979837745428085,123.1931522488594,4,19,True
1129,24,15,105,6.574969215194384,8.688259715589448,6.574969215194384,123.45448136329651,4,19,True
1130,24,15,120,8.905322500069936,13.405880078157512,8.905322500069936,124.78864891454577,4,19,True
1131,24,15,135,2.1046564976374307,2.8546845425266163,2.1046564976374307,123.61712101846933,4,19,True
1132,24,15,150,4.957279260953268,6.56933696193106,4.957279260953268,123.65341978147626,4,19,True
1133,24,15,165,13.379246854782105,20.25418216667633,13.379246854782105,123.5544509254396,4,19,True
1134,24,15,180,3.979830241203308,6.101195024753131,3.979830241203308,123.4635510481894,4,19,True
1135,24,15,195,15.117585374911625,23.389174527254596,15.117585374911625,123.59830131754279,4,19,True
1136,24,15,210,8.796298023064931,13.979328116681838,8.796298023064931,123.34613129496574,4,19,True
1137,24,15,225,14.707351376612982,20.535616695794847,14.707351376612982,123.44051105901599,4,19,True
1138,24,3,30,41.40093578497569,57.30724508249689,41.40093578497569,123.33653075620532,4,19,True
1139,24,3,45,11.57957377632459,12.982025682731823,11.57957377632459,123.53003118187189,4,19,True
1140,24,3,60,34.93885377446811,50.60737319529134,34.93885377446811,123.1409520842135,4,19,True
1141,24,3,75,24.124898018439612,29.55827323366508,24.124898018439612,122.67368193715811,4,18,True
1142,24,3,90,18.54487467209498,21.630193205589062,18.54487467209498,121.5198552235961,4,19,True
1143,24,3,105,3.1744027535120645,3.5891713816636046,3.1744027535120645,121.57170381397009,4,19,True
1144,24,3,120,11.533909622828165,18.358948064308482,11.533909622828165,121.39303423464298,4,19,True
1145,24,3,135,8.595470591386158,12.166746494704329,8.595470591386158,121.68253399431705,4,18,True
1146,24,3,150,8.63256730635961,10.206721326262185,8.63256730635961,121.32228398695588,4,18,True
1147,24,3,165,12.51898337205251,17.4811749964211,12.51898337205251,121.92269321531057,4,19,True
1148,24,3,180,6.708502940336863,8.808035382330656,6.708502940336863,121.5360751375556,4,19,True
1149,24,3,195,5.468415411313375,7.138754363917115,5.468415411313375,122.88169236853719,4,19,True
1150,24,3,210,3.5719523231188455,4.084461302602242,3.5719523231188455,123.30233072862029,4,19,True
1151,24,3,225,4.626519759496053,6.495489242774039,4.626519759496053,123.09287209063768,4,19,True
1152,24,35,30,21.88067580560843,28.47451217769011,21.88067580560843,122.21117271110415,4,19,True
1153,24,35,45,21.049354235703746,24.474826053281465,21.049354235703746,123.10606194660068,4,19,True
1154,24,35,60,5.196305218338966,6.442801100593351,5.196305218338966,122.68467294052243,4,19,True
1155,24,35,75,2.2040515104929606,2.487820329942664,2.2040515104929606,122.96146200969815,4,19,True
1156,24,35,90,1.908619753519694,2.3203423406608903,1.908619753519694,122.92728200554848,4,19,True
1157,24,35,105,2.1873229225476583,2.5492124545931394,2.1873229225476583,123.12860181555152,4,19,True
1158,24,35,120,7.892416555186113,11.560200799825775,7.892416555186113,123.09097219258547,4,19,True
1159,24,35,135,7.470292758941651,8.811156066967902,7.470292758941651,122.8431430645287,4,19,True
1160,24,35,150,3.945364844799042,4.6923859524818665,3.945364844799042,123.17563267424703,4,19,True
1161,24,35,165,3.102196745077769,4.15348388565834,3.102196745077769,122.76864238083363,4,19,True
1162,24,35,180,3.4092281507328153,4.365535330852557,3.4092281507328153,123.47817094996572,4,19,True
1163,24,35,195,6.496218707164129,10.42137565730226,6.496218707164129,122.90089298039675,4,19,True
1164,24,35,210,13.455512302120527,17.49074280076941,13.455512302120527,123.74768080189824,4,19,True
1165,24,35,225,18.318026075760525,19.895038757140192,18.318026075760525,124.58034977316856,4,19,True
1166,24,48,30,29.36431917268783,39.02271079911551,29.36431917268783,123.32929112017155,4,19,True
1167,24,48,45,32.75175273815791,46.97839905292806,32.75175273815791,122.86107195541263,4,19,True
1168,24,48,60,16.60100752512614,22.92729368366171,16.60100752512614,124.68175031244755,4,18,True
1169,24,48,75,14.854723867277304,21.632514237707575,14.854723867277304,122.57308280095458,4,19,True
1170,24,48,90,5.082669725517432,6.30029440724485,5.082669725517432,122.12849408388138,4,19,True
1171,24,48,105,4.924248248338699,8.093095178628781,4.924248248338699,122.54900299012661,4,19,True
1172,24,48,120,19.424068480730057,24.969732529521597,19.424068480730057,122.57401365786791,4,19,True
1173,24,48,135,12.788092107448028,14.516222527788253,12.788092107448028,122.26029299199581,4,19,True
1174,24,48,150,5.721340425809225,6.766291432296194,5.721340425809225,122.02680436894298,4,19,True
1175,24,48,165,3.5027352571487427,4.437394290668214,3.5027352571487427,121.85554532334208,4,19,True
1176,24,48,180,2.34692497253418,3.7683331499462853,2.34692497253418,121.9908450730145,4,19,True
1177,24,48,195,10.087247470021248,17.24192061051308,10.087247470021248,122.53618286922574,4,19,True
1178,24,48,210,4.765114688873291,6.600971053711234,4.765114688873291,122.67710268497467,4,19,True
1179,24,48,225,4.830756478508314,7.173444257587895,4.830756478508314,122.61309381574392,4,19,True
1180,24,22,30,8.553079344828923,11.358863562865904,8.553079344828923,121.85638397932053,4,19,True
1181,24,22,45,7.698195704817772,11.887471598839273,7.698195704817772,123.61909216269851,4,19,True
1182,24,22,60,5.192672380805016,6.458235872295536,5.192672380805016,122.52832297235727,4,19,True
1183,24,22,75,6.902914571886261,10.569585172157186,6.902914571886261,122.52560397610068,4,19,True
1184,24,22,90,2.1991311608503263,2.745796218780329,2.1991311608503263,122.21647473052144,4,19,True
1185,24,22,105,1.9696665026247502,2.56552802131672,1.9696665026247502,123.19423211738467,4,19,True
1186,24,22,120,1.885026619831721,2.5576060160413014,1.885026619831721,121.83251418173313,4,19,True
1187,24,22,135,1.8986244382336737,2.4485538857469797,1.8986244382336737,123.11173276975751,4,19,True
1188,24,22,150,1.818589616799727,2.6215327135973507,1.818589616799727,122.36325396224856,4,19,True
1189,24,22,165,2.0951459823952368,2.45463021475717,2.0951459823952368,123.15999297425151,4,19,True
1190,24,22,180,4.184871032088995,10.549817279725337,4.184871032088995,122.59446270763874,4,19,True
1191,24,22,195,12.662666723132133,19.81825141578136,12.662666723132133,122.97351285815239,4,19,True
1192,24,22,210,1.791779891649882,2.646207808241731,1.791779891649882,122.84070299938321,4,19,True
1193,24,22,225,2.6838231086730957,4.282834954306188,2.6838231086730957,123.25549311935902,4,19,True
1194,24,55,30,7.798966538409392,11.144864165629802,7.798966538409392,124.18410088866949,4,18,True
1195,24,55,45,2.7772342526043454,3.305071328854063,2.7772342526043454,123.46754316240549,4,19,True
1196,24,55,60,7.0438608895366395,15.135701069687109,7.0438608895366395,123.4585321508348,4,19,True
1197,24,55,75,22.8337058827281,29.470391439089756,22.8337058827281,123.69696190580726,4,19,True
1198,24,55,90,16.284989229931185,20.712336069976185,16.284989229931185,123.65337088704109,4,19,True
1199,24,55,105,13.077772343965869,17.91334980793475,13.077772343965869,124.27238095551729,4,18,True
1200,24,55,120,1.6891296625137329,1.9173505338304286,1.6891296625137329,123.41438280418515,4,19,True
1201,24,55,135,1.3336950143178303,1.9359419658110997,1.3336950143178303,123.60165175050497,4,19,True
1202,24,55,150,1.7036264061927795,3.509709124264117,1.7036264061927795,123.69374185800552,4,19,True
1203,24,55,165,14.949487189451853,25.10268259331503,14.949487189451853,123.50334273651242,4,19,True
1204,24,55,180,4.611485322316487,6.41369797504969,4.611485322316487,126.33452704176307,4,19,True
1205,24,55,195,8.371762339274088,16.25782208626695,8.371762339274088,129.905441775918,4,19,True
1206,24,55,210,10.316753538449605,20.7227066515522,10.316753538449605,124.6123006567359,4,18,True
1207,24,55,225,4.174065103133519,5.571088055865849,4.174065103133519,123.43336222693324,4,19,True
1208,24,4,30,24.046454478800296,36.60397513586117,24.046454478800296,124.20727079734206,4,18,True
1209,24,4,45,13.340891727929314,19.1017881365889,13.340891727929314,123.65622213110328,4,19,True
1210,24,4,60,6.377435824275016,9.798664246085398,6.377435824275016,124.35841094702482,4,18,True
1211,24,4,75,5.328391390045484,7.0653034881309535,5.328391390045484,123.85937198996544,4,19,True
1212,24,4,90,3.84212589263916,4.727589346329394,3.84212589263916,123.5507121309638,4,19,True
1213,24,4,105,1.331191651026408,1.6928099489311172,1.331191651026408,123.41126287356019,4,19,True
1214,24,4,120,1.018213144938151,1.549217790353565,1.018213144938151,123.35774209350348,4,19,True
1215,24,4,135,1.0162715593973795,1.5561519922869411,1.0162715593973795,122.99441266804934,4,19,True
1216,24,4,150,1.1982929706573486,1.9116546203424134,1.1982929706573486,123.1498927809298,4,19,True
1217,24,4,165,3.608042746782303,6.897626007193901,3.608042746782303,122.94098269194365,4,19,True
1218,24,4,180,12.769819780935844,16.888125714239326,12.769819780935844,123.04943287745118,4,19,True
1219,24,4,195,4.833860905965169,6.302777785887509,4.833860905965169,122.72507417947054,4,19,True
1220,24,4,210,3.9634577075640363,5.926590719771465,3.9634577075640363,122.85028398036957,4,19,True
1221,24,4,225,4.138431636492411,6.105808048147266,4.138431636492411,122.4424741230905,4,19,True
1222,24,45,30,8.533814942836761,11.76955141130215,8.533814942836761,123.1260928325355,4,19,True
1223,24,45,45,7.714313538869222,10.07102349695947,7.714313538869222,121.01112585514784,4,19,True
1224,24,45,60,2.4889421145121258,3.1254688002341777,2.4889421145121258,121.4392171241343,4,19,True
1225,24,45,75,2.396911843617757,2.7479684682615995,2.396911843617757,120.73568673804402,4,19,True
1226,24,45,90,1.9938860416412354,2.3790380565283753,1.9938860416412354,121.57287634909153,4,19,True
1227,24,45,105,2.2877699375152587,2.652209045386669,2.2877699375152587,120.94290694221854,4,19,True
1228,24,45,120,15.96475761582454,23.77488939869831,15.96475761582454,121.34616635739803,4,19,True
1229,24,45,135,22.065240897114077,27.56711292848208,22.065240897114077,121.56548630446196,4,18,True
1230,24,45,150,7.945812275012334,14.033600153830399,7.945812275012334,120.36119727417827,4,19,True
1231,24,45,165,20.92197121977806,24.07636288768273,20.92197121977806,121.77347484976053,4,19,True
1232,24,45,180,8.587074609597524,18.28555437931627,8.587074609597524,122.68545385450125,4,19,True
1233,24,45,195,9.737249245246252,15.994815516095416,9.737249245246252,121.96983490139246,4,18,True
1234,24,45,210,3.7245314598083494,5.13614290993423,3.7245314598083494,121.00309692323208,4,19,True
1235,24,45,225,3.573617672920227,4.669387373960339,3.573617672920227,121.56296567991376,4,19,True
1236,24,60,30,9.59791948646307,15.36376247296033,9.59791948646307,120.85645692422986,4,19,True
1237,24,60,45,14.206719630459945,22.106272580473046,14.206719630459945,121.20178621262312,4,19,True
1238,24,60,60,6.17230987350146,9.465574882025157,6.17230987350146,120.60246663168073,4,19,True
1239,24,60,75,16.536904136091472,26.397520873669404,16.536904136091472,121.36226566508412,4,19,True
1240,24,60,90,8.4520464560017,16.189258760169313,8.4520464560017,121.75708590075374,4,18,True
1241,24,60,105,2.98889384654661,3.7430537570055806,2.98889384654661,121.12970696762204,4,19,True
1242,24,60,120,3.9297947992881137,5.908663077949359,3.9297947992881137,122.2635149024427,4,19,True
1243,24,60,135,6.526378232240677,12.0309280633603,6.526378232240677,122.9593032039702,4,19,True
1244,24,60,150,10.693383910382787,15.36604036177443,10.693383910382787,124.75191103294492,4,19,True
1245,24,60,165,3.570214731494586,4.62497595823625,3.570214731494586,124.73321100696921,4,19,True
1246,24,60,180,6.8726599264113855,10.688820658210302,6.8726599264113855,121.74998596310616,4,19,True
1247,24,60,195,5.13432617316333,6.92887415792926,5.13432617316333,122.5307248532772,4,19,True
1248,24,60,210,4.047396851579348,5.571369498001365,4.047396851579348,122.22532508894801,4,19,True
1249,24,60,225,4.011428868770599,5.64026969286552,4.011428868770599,123.0417131446302,4,19,True
1250,24,26,30,16.694715527817607,22.782826476199613,16.694715527817607,124.62575174868107,4,18,True
1251,24,26,45,3.108960089584192,4.684993762221136,3.108960089584192,123.11246292665601,4,19,True
1252,24,26,60,20.51844619512558,27.699615444277008,20.51844619512558,123.32100374624133,4,19,True
1253,24,26,75,19.544619563221932,39.46822200379682,19.544619563221932,123.37718298658729,4,19,True
1254,24,26,90,16.310906438529493,25.55474984398818,16.310906438529493,124.35855204239488,4,18,True
1255,24,26,105,14.419489831725757,21.476850322436785,14.419489831725757,122.47002497315407,4,19,True
1256,24,26,120,17.224214975287516,33.317512581758585,17.224214975287516,123.82783181965351,4,18,True
1257,24,26,135,34.58966093535225,57.070246433542515,34.58966093535225,124.70845133066177,4,18,True
1258,24,26,150,10.925366498529911,18.32754098335984,10.925366498529911,124.68371074646711,4,18,True
1259,24,26,165,11.1405250420173,14.185733935534879,11.1405250420173,123.61129280179739,4,19,True
1260,24,26,180,4.235278533771634,5.929049282228557,4.235278533771634,123.85774310678244,4,19,True
1261,24,26,195,4.239804413542151,6.866711269273493,4.239804413542151,123.7712032161653,4,19,True
1262,24,26,210,4.018690663576126,4.53965438295505,4.018690663576126,123.89704305678606,4,19,True
1263,24,26,225,9.368843961507082,19.14217029051604,9.368843961507082,124.00489300489426,4,19,True
1264,24,21,30,6.431664896011353,10.239254697165057,6.431664896011353,123.7756828777492,4,19,True
1265,24,21,45,10.724166162808736,16.998925016785925,10.724166162808736,123.93779307603836,4,19,True
1266,24,21,60,12.643216093381247,20.483106227518114,12.643216093381247,124.806041829288,4,18,True
1267,24,21,75,2.9835406064987184,4.115128409630348,2.9835406064987184,123.7779832445085,4,19,True
1268,24,21,90,3.1500818888346354,4.705669199388979,3.1500818888346354,123.76887397840619,4,19,True
1269,24,21,105,4.728083217144013,6.987956896856696,4.728083217144013,123.66097327321768,4,19,True
1270,24,21,120,4.375394606590271,7.700038914508797,4.375394606590271,123.31081368029118,4,19,True
1271,24,21,135,3.1762646873792013,4.832882894463327,3.1762646873792013,124.0047118626535,4,19,True
1272,24,21,150,3.8909272074699404,5.104689457443444,3.8909272074699404,123.7843930721283,4,19,True
1273,24,21,165,3.276329261561235,6.7425716585609585,3.276329261561235,123.86983260512352,4,19,True
1274,24,21,180,12.671121244629225,20.126727587424636,12.671121244629225,123.83315293118358,4,19,True
1275,24,21,195,5.11681548091583,6.775563757979411,5.11681548091583,123.69493301957846,4,19,True
1276,24,21,210,5.19817181113176,7.318469978785054,5.19817181113176,123.65878419950604,4,19,True
1277,24,21,225,2.9879550425956647,4.1304179977835815,2.9879550425956647,123.53005399927497,4,19,True
1278,24,44,30,13.10836183130741,20.169062399799664,13.10836183130741,124.04793314635754,4,18,True
1279,24,44,45,19.57684084052841,23.61923866113987,19.57684084052841,123.96597303450108,4,19,True
1280,24,44,60,9.57403147344788,11.362768043079624,9.57403147344788,123.34367400035262,4,19,True
1281,24,44,75,1.756482697526614,2.44313341311653,1.756482697526614,123.04629385471344,4,19,True
1282,24,44,90,3.5092280745506286,4.438250790884255,3.5092280745506286,123.29604383558035,4,19,True
1283,24,44,105,3.4434129188458127,3.840000460042516,3.4434129188458127,123.16754413768649,4,19,True
1284,24,44,120,3.5476312081019086,3.9344962927561076,3.5476312081019086,123.06297477334738,4,19,True
1285,24,44,135,4.902313647667567,6.200989419089647,4.902313647667567,123.27871425077319,4,19,True
1286,24,44,150,7.255502200126648,9.6146094069067,7.255502200126648,123.13380371779203,4,19,True
1287,24,44,165,2.342616001764933,3.3865514318781247,2.342616001764933,121.51006702333689,4,19,True
1288,24,44,180,5.675296247005463,9.451797498203163,5.675296247005463,121.19231699034572,4,19,True
1289,24,44,195,6.4780511379241945,9.478319004401994,6.4780511379241945,121.5774160809815,4,19,True
1290,24,44,210,4.438102070490519,6.3450939019708255,4.438102070490519,121.18387781083584,4,19,True
1291,24,44,225,4.181629498799642,5.888721130260847,4.181629498799642,121.56144669279456,4,19,True
1292,24,23,30,12.523110270996888,15.543185168858715,12.523110270996888,120.87906803935766,4,19,True
1293,24,23,45,9.258664481341839,12.786207291794877,9.258664481341839,121.7859466560185,4,19,True
1294,24,23,60,8.504591252437482,11.817263942438307,8.504591252437482,121.14652711898088,4,19,True
1295,24,23,75,13.425809354831776,18.707851411687045,13.425809354831776,122.69942509010434,4,19,True
1296,24,23,90,22.90768711666266,34.836083659098655,22.90768711666266,123.03082458674908,4,19,True
1297,24,23,105,41.96297727376223,64.23765123219239,41.96297727376223,123.8542627543211,4,18,True
1298,24,23,120,16.871895483632883,20.854463451451746,16.871895483632883,123.12286486849189,4,19,True
1299,24,23,135,2.8383731047312417,3.1495509377825712,2.8383731047312417,123.52493405342102,4,19,True
1300,24,23,150,2.434983420372009,3.9508696025654317,2.434983420372009,123.16898396238685,4,19,True
1301,24,23,165,11.413450735310713,19.906368230147848,11.413450735310713,123.12780506908894,4,19,True
1302,24,23,180,5.558655472410222,7.974184953961829,5.558655472410222,123.24917502701283,4,19,True
1303,24,23,195,3.941422446568807,4.412157734449653,3.941422446568807,121.03581707924604,4,19,True
1304,24,23,210,2.8794324974219005,4.417450134571496,2.8794324974219005,121.1653370410204,4,19,True
1305,24,23,225,2.974536351362864,4.629815878947458,2.974536351362864,121.07838783413172,4,19,True
1306,24,53,30,36.730541148781775,50.03531267598281,36.730541148781775,121.39421794563532,4,19,True
1307,24,53,45,25.903585017720857,38.87982118921058,25.903585017720857,122.32977710664272,4,18,True
1308,24,53,60,32.43103995534281,42.82117671358025,32.43103995534281,152.23060827702284,5,18,True
1309,24,53,75,19.879946823542316,27.48067990791573,19.879946823542316,121.10591772943735,4,19,True
1310,24,53,90,20.74227289458116,21.97976589752347,20.74227289458116,122.3803861066699,4,18,True
1311,24,53,105,12.734426534175872,19.531141835049556,12.734426534175872,122.90565483272076,4,19,True
1312,24,53,120,15.11737327973048,21.15631462115984,15.11737327973048,124.31208277121186,4,18,True
1313,24,53,135,30.599478855729103,50.11739467159472,30.599478855729103,123.11908509582281,4,19,True
1314,24,53,150,35.979291001955666,49.329335374857784,35.979291001955666,124.87677205353975,4,18,True
1315,24,53,165,12.478080785274505,21.453401697183402,12.478080785274505,123.13506519421935,4,19,True
1316,24,53,180,19.72442242105802,24.493244520036225,19.72442242105802,123.54157399386168,4,19,True
1317,24,53,195,11.846056731541951,13.070812698019585,11.846056731541951,124.03000378981233,4,18,True
1318,24,53,210,3.30403045018514,5.009525940134218,3.30403045018514,123.40277433395386,4,19,True
1319,24,53,225,3.998463741938273,6.138260068848055,3.998463741938273,123.17438470199704,4,19,True
1320,24,84,30,23.375666018327077,32.71958754448813,23.375666018327077,124.54466288909316,4,18,True
1321,24,84,45,16.409120778242748,22.701876706085113,16.409120778242748,124.14989294484258,4,18,True
1322,24,84,60,21.28991425037384,25.074071603998608,21.28991425037384,124.05376276001334,4,19,True
1323,24,84,75,2.4498709718386333,3.035561477236532,2.4498709718386333,123.82398406043649,4,19,True
1324,24,84,90,6.58138680656751,11.003104090599727,6.58138680656751,123.800294008106,4,19,True
1325,24,84,105,11.724345403909684,15.314148558717665,11.724345403909684,124.03214396908879,4,19,True
1326,24,84,120,14.341563367843628,16.704250865832492,14.341563367843628,124.63051313534379,4,18,True
1327,24,84,135,13.21256609360377,25.17118094393103,13.21256609360377,123.83738392964005,4,19,True
1328,24,84,150,20.846825249989827,33.25145924549887,20.846825249989827,124.59879415109754,4,18,True
1329,24,84,165,5.634338903427124,6.993697337948087,5.634338903427124,125.24892203509808,4,19,True
1330,24,84,180,4.455482244491577,5.328439929604715,4.455482244491577,124.45908272638917,4,19,True
1331,24,84,195,11.951283155878384,21.901933894040294,11.951283155878384,123.98916389793158,4,19,True
1332,24,84,210,11.30838890473048,13.210405519726919,11.30838890473048,124.03125409036875,4,19,True
1333,24,84,225,6.854686637719472,9.37192237532016,6.854686637719472,124.07663511112332,4,19,True
1334,24,59,30,21.426493491667014,29.830119874838,21.426493491667014,123.87178372591734,4,19,True
1335,24,59,45,26.30084958150983,33.646196458474286,26.30084958150983,124.21075301244855,4,18,True
1336,24,59,60,8.586320195098718,10.104069397313138,8.586320195098718,123.72840382158756,4,19,True
1337,24,59,75,5.63269298709929,10.83078516876297,5.63269298709929,123.83558414876461,4,19,True
1338,24,59,90,8.478091101845106,12.002956251366893,8.478091101845106,123.47811367362738,4,19,True
1339,24,59,105,10.365007030963898,14.272490237601104,10.365007030963898,123.33564460277557,4,19,True
1340,24,59,120,5.693123149871826,9.377236851965117,5.693123149871826,123.50298464298248,4,19,True
1341,24,59,135,3.4298266490300495,5.7472186401811935,3.4298266490300495,123.36726486682892,4,19,True
1342,24,59,150,4.863586835066477,7.447246156095853,4.863586835066477,123.46299504861236,4,19,True
1343,24,59,165,3.0273224206020433,4.989381108737542,3.0273224206020433,123.93378373235464,4,19,True
1344,24,59,180,6.968948616211613,11.79533289306008,6.968948616211613,123.52479482069612,4,19,True
1345,24,59,195,10.444275120575913,15.584074846746512,10.444275120575913,123.70018381625414,4,19,True
1346,24,59,210,4.562603221049843,5.523726150675,4.562603221049843,123.27309465035796,4,19,True
1347,24,59,225,4.538186627626419,5.632081053869608,4.538186627626419,123.44574509188533,4,19,True
1348,24,49,30,31.586014982064565,45.484101535601475,31.586014982064565,154.05945712700486,5,18,True
1349,24,49,45,24.26876947482427,33.51039999627996,24.26876947482427,122.93879594653845,4,18,True
1350,24,49,60,25.774271344145138,39.202457054316355,25.774271344145138,121.40374816954136,4,19,True
1351,24,49,75,18.717013428608578,27.95776526054237,18.717013428608578,122.52973578870296,4,18,True
1352,24,49,90,23.060965348531802,29.807801263615605,23.060965348531802,121.59778829663992,4,19,True
1353,24,49,105,6.859929621219635,10.296066115971454,6.859929621219635,122.76129610836506,4,19,True
1354,24,49,120,5.324072353045145,8.281737778257911,5.324072353045145,121.27909809350967,4,19,True
1355,24,49,135,3.2162367939949035,4.100892404755591,3.2162367939949035,121.60364771261811,4,19,True
1356,24,49,150,5.806155896186828,6.7221385596139305,5.806155896186828,121.47443881258368,4,19,True
1357,24,49,165,4.871519607305527,7.597852420697115,4.871519607305527,123.2661958783865,4,19,True
1358,24,49,180,13.941965941588084,19.875945234479463,13.941965941588084,122.80637584626675,4,19,True
1359,24,49,195,9.513756194710732,14.27276675767123,9.513756194710732,123.84417466819286,4,19,True
1360,24,49,210,7.745086883505185,9.357058626788328,7.745086883505185,122.96311603859067,4,19,True
1361,24,49,225,5.854064538081487,7.105830258761286,5.854064538081487,123.27108532190323,4,19,True
1362,24,7,30,22.457114640871684,26.777619910245512,22.457114640871684,123.80904518067837,4,18,True
1363,24,7,45,18.346277344226838,25.51400624628401,18.346277344226838,123.20784479379654,4,19,True
1364,24,7,60,19.730645814538,31.740215189056997,19.730645814538,123.3271062374115,4,19,True
1365,24,7,75,31.180951290329297,48.032437536261156,31.180951290329297,124.13767399266362,4,18,True
1366,24,7,90,49.46733559568723,70.02293977105991,49.46733559568723,124.76765271276236,4,18,True
1367,24,7,105,23.61442060470581,29.748027831885402,23.61442060470581,124.00658475235105,4,18,True
1368,24,7,120,28.13644632299741,31.79520369486777,28.13644632299741,124.75439300760627,4,18,True
1369,24,7,135,8.62210141023,11.662858148308377,8.62210141023,122.93177610263228,4,19,True
1370,24,7,150,11.036100021998088,13.835085897839043,11.036100021998088,123.80030518397689,4,19,True
1371,24,7,165,13.836267101516325,17.004645080593335,13.836267101516325,123.02424618974328,4,19,True
1372,24,7,180,6.6725896889964735,10.089084295308432,6.6725896889964735,123.56101488694549,4,19,True
1373,24,7,195,7.259233178012073,10.197078813037157,7.259233178012073,123.0335864238441,4,19,True
1374,24,7,210,9.139630134341617,11.714862789577342,9.139630134341617,123.36336495354772,4,19,True
1375,24,7,225,6.6821245912462475,7.977489584962854,6.6821245912462475,122.88605608046055,4,19,True
1376,24,47,30,22.225520278451345,39.8952471540662,22.225520278451345,123.59017599374056,4,19,True
1377,24,47,45,47.296906485098106,72.37570293552645,47.296906485098106,154.47106678038836,5,18,True
1378,24,47,60,51.06790658434232,84.95126127761571,51.06790658434232,123.69104474782944,4,19,True
1379,24,47,75,17.496338895956676,27.215662882529703,17.496338895956676,122.99689697101712,4,19,True
1380,24,47,90,17.07970877289772,28.782008067681428,17.07970877289772,123.49246488884091,4,19,True
1381,24,47,105,4.753158497810364,5.910616867374328,4.753158497810364,122.79989710077643,4,19,True
1382,24,47,120,5.740885115166505,7.5465070781726755,5.740885115166505,123.22925589978695,4,19,True
1383,24,47,135,7.839698227743308,9.828696893558945,7.839698227743308,123.06150561198592,4,19,True
1384,24,47,150,12.428438196579615,20.49057156058318,12.428438196579615,123.34724562242627,4,19,True
1385,24,47,165,16.57515142659346,23.601050989886435,16.57515142659346,123.11863573268056,4,19,True
1386,24,47,180,8.109553667902947,11.015615911370652,8.109553667902947,123.8200650550425,4,19,True
1387,24,47,195,4.537313159306844,6.670175797940451,4.537313159306844,123.28758602961898,4,19,True
1388,24,47,210,5.84323730369409,6.839988997057955,5.84323730369409,122.761026956141,4,19,True
1389,24,47,225,2.322315752506256,3.8433445648781537,2.322315752506256,121.71883787959814,4,19,True
1390,24,30,30,4.622045570115248,5.539031435863018,4.622045570115248,121.32196873426437,4,19,True
1391,24,30,45,4.144092753622681,5.41953788157374,4.144092753622681,121.06127990409732,4,19,True
1392,24,30,60,4.657461699470877,5.7918136209585915,4.657461699470877,120.8203500136733,4,19,True
1393,24,30,75,2.584437310944001,2.987470303776494,2.584437310944001,120.96535880118608,4,19,True
1394,24,30,90,2.156876228004694,3.2273242783398004,2.156876228004694,121.82367779314518,4,19,True
1395,24,30,105,4.545798544088999,6.632432356851082,4.545798544088999,121.847378090024,4,19,True
1396,24,30,120,1.6809120630224546,2.2264118297519673,1.6809120630224546,144.29676299914718,4,19,True
1397,24,30,135,2.4575059443712233,4.254490165969941,2.4575059443712233,129.74465591832995,4,19,True
1398,24,30,150,6.479940416415532,10.069995931633775,6.479940416415532,123.55709634721279,4,19,True
1399,24,30,165,4.563803639014562,7.4206118832117625,4.563803639014562,122.93210718780756,4,19,True
1400,24,30,180,10.66282563706239,15.676964201366854,10.66282563706239,123.08722687885165,4,19,True
1401,24,30,195,4.33409910996755,6.279689813363749,4.33409910996755,123.11558611690998,4,19,True
1402,24,30,210,3.381158689657847,4.740127991356139,3.381158689657847,138.09154322370887,4,19,True
1403,24,30,225,3.394376316914956,4.605544722796104,3.394376316914956,151.98785113170743,4,19,True
1404,25,83,30,27.168170878042776,51.576326738185884,27.168170878042776,153.62314786762,4,19,True
1405,25,83,45,37.21155624886354,61.6984310927832,37.21155624886354,173.14012814313173,5,18,True
1406,25,83,60,54.65999715427558,91.32526569780971,54.65999715427558,154.75249709561467,5,18,True
1407,25,83,75,56.69288449088732,96.58801841394653,56.69288449088732,154.50237691402435,5,18,True
1408,25,83,90,55.53342318832874,92.66529503589794,55.53342318832874,154.52722692862153,5,18,True
1409,25,83,105,58.666284114619096,92.44122032328156,58.666284114619096,154.7684669494629,5,18,True
1410,25,83,120,29.085924765715998,46.97687766527787,29.085924765715998,124.18623501434922,4,18,True
1411,25,83,135,57.85867368678252,88.89201220258246,57.85867368678252,124.16389491409063,4,18,True
1412,25,83,150,14.2962431371212,21.28180399772313,14.2962431371212,123.9425060339272,4,19,True
1413,25,83,165,33.09152745058139,52.760201724639714,33.09152745058139,123.98944515734911,4,19,True
1414,25,83,180,34.08368533005317,62.85605961439326,34.08368533005317,124.10561507567763,4,19,True
1415,25,83,195,26.01537031630675,39.848399971069504,26.01537031630675,124.8683137819171,4,18,True
1416,25,83,210,12.547905788818996,19.051613302615518,12.547905788818996,124.12877520546317,4,19,True
1417,25,83,225,15.196148076405128,22.261495566082168,15.196148076405128,124.03113581240177,4,19,True
1418,25,15,30,15.80107338031133,22.014697303348402,15.80107338031133,123.954304959625,4,19,True
1419,25,15,45,11.519424452384312,14.276571538732089,11.519424452384312,123.98406583815813,4,19,True
1420,25,15,60,18.121615026394526,28.743529878070426,18.121615026394526,123.9917459897697,4,19,True
1421,25,15,75,12.82419262737191,18.40906466719492,12.82419262737191,123.92663583159447,4,19,True
1422,25,15,90,10.311531038333973,14.873943727290795,10.311531038333973,123.99324495345354,4,19,True
1423,25,15,105,10.569063540299734,16.634393339898295,10.569063540299734,124.78729384019971,4,18,True
1424,25,15,120,6.720401899019877,10.060759302422245,6.720401899019877,123.89123579487205,4,19,True
1425,25,15,135,2.6881768266359964,3.259852933225368,2.6881768266359964,124.13502484560013,4,19,True
1426,25,15,150,5.632670669754346,8.259386802038525,5.632670669754346,123.72784595936537,4,19,True
1427,25,15,165,5.952832535716395,7.579157610660947,5.952832535716395,123.92501579597592,4,19,True
1428,25,15,180,5.391509145436188,8.420936327595197,5.391509145436188,123.79487603902817,4,19,True
1429,25,15,195,5.108460518221061,11.120507192195292,5.108460518221061,123.76849632710218,4,19,True
1430,25,15,210,27.47397541652123,42.6269209304512,27.47397541652123,124.01573592796922,4,19,True
1431,25,15,225,14.231801025817791,22.6435351559111,14.231801025817791,123.65965638309717,4,19,True
1432,25,3,30,21.616454857587815,30.764912683729406,21.616454857587815,124.41380508244038,4,18,True
1433,25,3,45,29.066480561097464,45.802095840062016,29.066480561097464,123.99796489626169,4,19,True
1434,25,3,60,57.423863932319605,87.14756254167527,57.423863932319605,124.54142514616251,4,18,True
1435,25,3,75,57.19639232076394,94.64017004767244,57.19639232076394,124.86089486628771,4,18,True
1436,25,3,90,21.93841170693437,37.446766373276034,21.93841170693437,123.90185613185167,4,19,True
1437,25,3,105,57.17876976281404,87.67725239995129,57.17876976281404,156.49999491870403,5,18,True
1438,25,3,120,21.754758811493716,26.97184191796271,21.754758811493716,122.94920766726136,4,19,True
1439,25,3,135,10.726327068607013,16.044359831284194,10.726327068607013,123.90083633363247,4,19,True
1440,25,3,150,13.112496908505758,19.653736478268424,13.112496908505758,122.76939814910293,4,19,True
1441,25,3,165,18.41345384667317,40.70432611837987,18.41345384667317,123.93316626548767,4,19,True
1442,25,3,180,30.64261776506901,51.62363408358238,30.64261776506901,124.23779582604766,4,18,True
1443,25,3,195,45.344815111656985,74.96596303722696,45.344815111656985,123.57464665547013,4,19,True
1444,25,3,210,59.1740302324295,96.02043306057945,59.1740302324295,155.85676720365882,5,18,True
1445,25,3,225,18.674252913395563,30.106133100706092,18.674252913395563,123.84949624538422,4,19,True
1446,25,35,30,7.672922799984614,14.039383086230185,7.672922799984614,122.96657729893923,4,19,True
1447,25,35,45,45.634815783550344,64.69094563423972,45.634815783550344,123.31303581595421,4,19,True
1448,25,35,60,7.298371989279985,10.477537320253461,7.298371989279985,123.52023599669337,4,18,True
1449,25,35,75,9.932611529032389,17.443789061229324,9.932611529032389,123.59151663258672,4,19,True
1450,25,35,90,22.714923531313737,44.49921019584931,22.714923531313737,123.2727668248117,4,19,True
1451,25,35,105,23.379921133133273,39.467953461258865,23.379921133133273,124.0230961702764,4,18,True
1452,25,35,120,43.43910952800264,68.65854784324223,43.43910952800264,124.3569552898407,4,18,True
1453,25,35,135,19.796689705116055,33.203022933436316,19.796689705116055,122.81559826806188,4,19,True
1454,25,35,150,41.563593903183936,52.62639108142988,41.563593903183936,155.00509785488248,5,18,True
1455,25,35,165,12.007890884578227,15.587672929494085,12.007890884578227,124.06703596934676,4,18,True
1456,25,35,180,10.217155987521013,12.138694169015768,10.217155987521013,123.21339687332511,4,19,True
1457,25,35,195,3.173919475575288,4.604375597177106,3.173919475575288,123.06931801140308,4,19,True
1458,25,35,210,3.7140340407689414,7.54170298581206,3.7140340407689414,121.58973002806306,4,19,True
1459,25,35,225,8.02676147421201,11.753525316987481,8.02676147421201,121.25119008123875,4,19,True
1460,25,48,30,53.720842446883516,80.43928956279261,53.720842446883516,152.23234193399549,5,18,True
1461,25,48,45,21.866008019447328,32.26231739924604,21.866008019447328,120.97739987075329,4,19,True
1462,25,48,60,27.536995957108836,45.51748852745304,27.536995957108836,121.4663009159267,4,19,True
1463,25,48,75,45.57216204684228,67.64247422772812,45.57216204684228,151.71279245987535,5,18,True
1464,25,48,90,43.34940849840641,58.674713669207144,43.34940849840641,122.99519684165716,4,18,True
1465,25,48,105,6.936734694242477,9.187875097672148,6.936734694242477,121.50146113708615,4,19,True
1466,25,48,120,5.599676845471064,7.414371088814141,5.599676845471064,123.55035822838545,4,19,True
1467,25,48,135,6.075061854720116,8.019712383026361,6.075061854720116,123.02202684804797,4,19,True
1468,25,48,150,6.165506431460381,7.707332493238697,6.165506431460381,123.34767822176218,4,19,True
1469,25,48,165,4.124728188764615,5.534902948896675,4.124728188764615,123.28773690387607,4,19,True
1470,25,48,180,4.132763980926636,6.262792381384244,4.132763980926636,123.30857804045081,4,19,True
1471,25,48,195,5.763537658502658,9.014026435778888,5.763537658502658,123.16434783861041,4,19,True
1472,25,48,210,27.697459592390807,45.41893365222888,27.697459592390807,123.4518769197166,4,19,True
1473,25,48,225,27.095253771132167,38.04100540709623,27.095253771132167,123.37688822299242,4,19,True
1474,25,22,30,3.151393055419127,4.583936684022629,3.151393055419127,123.15582763403654,4,19,True
1475,25,22,45,3.6247228326896828,5.06660061120086,3.6247228326896828,123.39952727779746,4,19,True
1476,25,22,60,2.4076718165228765,3.086662780984972,2.4076718165228765,123.46035800874233,4,19,True
1477,25,22,75,6.518111981451511,13.829905219777244,6.518111981451511,123.87509690597653,4,19,True
1478,25,22,90,19.60845580175519,35.69387454272711,19.60845580175519,123.85389721021056,4,19,True
1479,25,22,105,41.94307140422364,65.6116976614987,41.94307140422364,155.27341794222593,5,18,True
1480,25,22,120,6.149151559670766,8.097887768464428,6.149151559670766,124.9638949520886,4,19,True
1481,25,22,135,5.757848783334096,8.697692652322184,5.757848783334096,124.00065595284104,4,19,True
1482,25,22,150,4.140687865018845,5.573678308412586,4.140687865018845,123.89227701351047,4,19,True
1483,25,22,165,4.395520536415279,8.060441261709652,4.395520536415279,123.78253694623709,4,19,True
1484,25,22,180,15.889939297052722,27.915966559487448,15.889939297052722,123.78583662211895,4,19,True
1485,25,22,195,17.70843911934644,35.156025076274865,17.70843911934644,124.6304358355701,4,18,True
1486,25,22,210,55.532827487091225,92.4058440520555,55.532827487091225,156.3957156613469,5,18,True
1487,25,22,225,15.537028325597445,26.71933992407568,15.537028325597445,124.01390634477139,4,19,True
1488,25,55,30,4.166850058237712,5.234919855027041,4.166850058237712,123.84989764541388,4,19,True
1489,25,55,45,12.643745265901089,20.94017731518795,12.643745265901089,123.7058280967176,4,19,True
1490,25,55,60,17.010325580835342,21.415816499929825,17.010325580835342,124.96186513453722,4,18,True
1491,25,55,75,15.039854804674784,20.32916649869866,15.039854804674784,124.41587587818503,4,18,True
1492,25,55,90,30.4582727432251,42.19237233909381,30.4582727432251,124.25737688317895,4,18,True
1493,25,55,105,12.284732309977214,23.01129188737748,12.284732309977214,123.66715725511312,4,19,True
1494,25,55,120,21.23828951517741,31.152270331296695,21.23828951517741,124.55053627490997,4,18,True
1495,25,55,135,3.770342143376668,4.724419653628029,3.770342143376668,123.76872822642326,4,19,True
1496,25,55,150,4.31635529200236,5.2461368048726165,4.31635529200236,123.63252695649862,4,19,True
1497,25,55,165,12.937227213382721,28.073662107970907,12.937227213382721,123.64109698683023,4,19,True
1498,25,55,180,27.25656226625045,45.56909240051727,27.25656226625045,124.20625612139702,4,18,True
1499,25,55,195,33.16002511183421,51.90269482533033,33.16002511183421,123.55879787355661,4,19,True
1500,25,55,210,17.908933742841086,33.22911305906522,17.908933742841086,123.26708761975169,4,19,True
1501,25,55,225,23.641577757398288,37.869312319406426,23.641577757398288,124.43478591740131,4,18,True
1502,25,4,30,10.579852603872617,14.098658099367993,10.579852603872617,123.08389786630869,4,19,True
1503,25,4,45,9.81072639413178,11.717629744504535,9.81072639413178,124.28490724414587,4,18,True
1504,25,4,60,2.6636481722195944,3.1593987766175173,2.6636481722195944,123.22782818228006,4,19,True
1505,25,4,75,2.472880074381828,3.4886506313458305,2.472880074381828,122.96466901898384,4,19,True
1506,25,4,90,11.549858018880089,18.262049563476307,11.549858018880089,123.69680730625987,4,19,True
1507,25,4,105,34.144044669469196,50.80149797846451,34.144044669469196,123.7243777140975,4,18,True
1508,25,4,120,15.720687208573024,24.12356573889116,15.720687208573024,123.48195817321539,4,19,True
1509,25,4,135,42.895536454518634,69.72890298169851,42.895536454518634,154.5289601199329,5,18,True
1510,25,4,150,10.259853303432465,16.800820578907672,10.259853303432465,122.96870909631252,4,19,True
1511,25,4,165,16.3277481396993,24.57347783933962,16.3277481396993,123.21860808879137,4,19,True
1512,25,4,180,57.10367967685064,92.69754410643122,57.10367967685064,154.7601497732103,5,18,True
1513,25,4,195,20.94620991398891,37.184256306787724,20.94620991398891,123.35435813292861,4,19,True
1514,25,4,210,14.691066066051523,23.741961778995563,14.691066066051523,123.56312805786729,4,19,True
1515,25,4,225,54.79291309714317,91.37561744965275,54.79291309714317,154.96043907478452,5,18,True
1516,25,45,30,3.1103998104731243,4.174779523680588,3.1103998104731243,123.4421981498599,4,19,True
1517,25,45,45,3.185475222269694,4.444709055417411,3.185475222269694,123.52661788463593,4,19,True
1518,25,45,60,3.046069105466207,4.215956522974478,3.046069105466207,123.85075679048896,4,19,True
1519,25,45,75,4.123406465848287,9.237891091754692,4.123406465848287,123.16425889730453,4,19,True
1520,25,45,90,32.193604286511736,55.81716812877516,32.193604286511736,123.78399819135666,4,19,True
1521,25,45,105,13.068797881342471,17.845982825463597,13.068797881342471,123.86238714680076,4,18,True
1522,25,45,120,6.972298375299821,10.598927607128001,6.972298375299821,123.69584804400802,4,19,True
1523,25,45,135,6.4995367529181145,9.516066445236897,6.4995367529181145,121.89054023474455,4,19,True
1524,25,45,150,24.928115091721217,50.90838588952115,24.928115091721217,121.44926190376282,4,19,True
1525,25,45,165,40.93147811839978,62.64509327691736,40.93147811839978,122.05019034445286,4,18,True
1526,25,45,180,20.501777793467046,30.97279626577624,20.501777793467046,122.62131972238421,4,18,True
1527,25,45,195,62.34442841609319,91.96750581708352,62.34442841609319,153.29560078680515,5,18,True
1528,25,45,210,22.265863752365114,27.878209333090197,22.265863752365114,121.52757169678807,4,19,True
1529,25,45,225,47.16100104649862,74.9267051234021,47.16100104649862,151.9476338289678,5,18,True
1530,25,60,30,18.686170586198568,33.97379502343441,18.686170586198568,121.7453209683299,4,19,True
1531,25,60,45,21.90557304347555,36.9300647587902,21.90557304347555,123.45066806301475,4,18,True
1532,25,60,60,42.65590993935863,69.83908542872118,42.65590993935863,123.32543917000294,4,19,True
1533,25,60,75,13.065544414520264,18.693558927977403,13.065544414520264,123.57579777017236,4,18,True
1534,25,60,90,9.041436365246772,16.06659280202416,9.041436365246772,123.23591904714704,4,19,True
1535,25,60,105,10.942618224024773,18.50208946859465,10.942618224024773,124.21235721558332,4,18,True
1536,25,60,120,5.23327639264365,6.050345655251041,5.23327639264365,122.99422919750214,4,19,True
1537,25,60,135,16.860836506386597,29.196783590483346,16.860836506386597,123.20405896753073,4,19,True
1538,25,60,150,18.90362812678019,27.78874965491243,18.90362812678019,122.39967007189989,4,18,True
1539,25,60,165,7.751130406061808,10.904918733619972,7.751130406061808,121.79877096787095,4,19,True
1540,25,60,180,10.1511736591657,17.834766098535155,10.1511736591657,121.61849159747362,4,19,True
1541,25,60,195,12.655670177936553,20.16229314621667,12.655670177936553,122.6161289960146,4,18,True
1542,25,60,210,30.396202309926352,42.766714479700475,30.396202309926352,121.94545101374388,4,19,True
1543,25,60,225,19.153811422983804,30.58773880574049,19.153811422983804,121.86853121966124,4,19,True
1544,25,26,30,18.36981044014295,31.30432227043359,18.36981044014295,122.55343003198504,4,18,True
1545,25,26,45,59.40399947067102,91.5540102916991,59.40399947067102,153.59421214088798,5,17,True
1546,25,26,60,6.623677224914233,8.841780689463278,6.623677224914233,123.6324580386281,4,19,True
1547,25,26,75,12.256030316402514,21.54176930026553,12.256030316402514,123.7940276041627,4,19,True
1548,25,26,90,13.959286977242057,23.14019659543979,13.959286977242057,123.04208986461163,4,19,True
1549,25,26,105,5.169507066424315,6.162104453953484,5.169507066424315,122.5393102504313,4,19,True
1550,25,26,120,5.379329260190328,9.105403962976307,5.379329260190328,121.84193124994636,4,19,True
1551,25,26,135,17.01506340155999,29.516088617967526,17.01506340155999,121.93262111395597,4,19,True
1552,25,26,150,28.201364622513452,39.3966599156565,28.201364622513452,121.81416107341647,4,19,True
1553,25,26,165,21.751109250386556,32.87009146063286,21.751109250386556,122.31302075088024,4,19,True
1554,25,26,180,35.568320317814745,56.98220351321269,35.568320317814745,121.93914083763957,4,19,True
1555,25,26,195,26.845706033241004,41.88119024778853,26.845706033241004,121.87199108302593,4,19,True
1556,25,26,210,42.17412648002307,66.11601502784686,42.17412648002307,153.4804617986083,5,18,True
1557,25,26,225,16.11808279491961,26.660468579746553,16.11808279491961,123.66103893145919,4,19,True
1558,25,21,30,3.913807785511017,4.344466722135392,3.913807785511017,123.77495830878615,4,19,True
1559,25,21,45,3.054065461953481,3.8106672811130538,3.054065461953481,123.52048931643367,4,19,True
1560,25,21,60,3.4635159730911256,4.379466973814895,3.4635159730911256,123.798917979002,4,19,True
1561,25,21,75,3.250660073757172,4.1804319491184145,3.250660073757172,123.85657802224159,4,19,True
1562,25,21,90,3.170019821325938,4.117171819775446,3.170019821325938,123.41897888109088,4,19,True
1563,25,21,105,3.2348703304926554,4.211140862979783,3.2348703304926554,123.56168916448951,4,19,True
1564,25,21,120,3.3392551143964133,4.320336028413355,3.3392551143964133,122.65578005462885,4,19,True
1565,25,21,135,3.3388873100280763,4.283571736450683,3.3388873100280763,123.21982998400927,4,19,True
1566,25,21,150,3.3492669065793357,4.275740970618018,3.3492669065793357,123.1019189581275,4,19,True
1567,25,21,165,3.0819590906302134,3.9078445913222253,3.0819590906302134,123.06321877986193,4,19,True
1568,25,21,180,26.122745286207646,51.69956639684275,26.122745286207646,122.79071006923914,4,19,True
1569,25,21,195,19.82962592303132,33.25715317808781,19.82962592303132,123.96691786125302,4,18,True
1570,25,21,210,8.088423565030098,11.530254945316557,8.088423565030098,123.17166896536946,4,19,True
1571,25,21,225,18.212242991228898,39.46007994844053,18.212242991228898,123.62365890294313,4,19,True
1572,25,44,30,2.9617808093627294,4.25904552469448,2.9617808093627294,123.5309187322855,4,19,True
1573,25,44,45,7.50743634402752,10.688501511668822,7.50743634402752,123.271478805691,4,19,True
1574,25,44,60,8.559700309112667,17.12920478452823,8.559700309112667,123.12821997329593,4,19,True
1575,25,44,75,11.919337056825558,17.814181143960322,11.919337056825558,123.03949007764459,4,19,True
1576,25,44,90,14.927438411163166,24.510941503849235,14.927438411163166,124.33717772364616,4,18,True
1577,25,44,105,3.788977378762017,4.784318067068092,3.788977378762017,123.45820898190141,4,19,True
1578,25,44,120,5.451232394576072,7.786080917982262,5.451232394576072,123.64125810563564,4,19,True
1579,25,44,135,5.619081730147203,6.714682050630504,5.619081730147203,122.95741029083729,4,19,True
1580,25,44,150,4.900970525542895,6.563840834266234,4.900970525542895,123.87168826535344,4,19,True
1581,25,44,165,5.206549955159426,6.550146070532492,5.206549955159426,122.81029997393489,4,19,True
1582,25,44,180,5.962521880865097,8.390205432770514,5.962521880865097,123.60679917037487,4,19,True
1583,25,44,195,11.967419198652108,18.360933005008764,11.967419198652108,123.040989972651,4,19,True
1584,25,44,210,19.293546215693155,31.264688392110653,19.293546215693155,123.28583933413029,4,19,True
1585,25,44,225,9.156242211411397,12.933956224279399,9.156242211411397,123.0385098606348,4,19,True
1586,25,23,30,5.393013807137807,7.816751580409149,5.393013807137807,122.64520116150379,4,19,True
1587,25,23,45,20.87511493762334,36.72902888182338,20.87511493762334,121.48849200457335,4,19,True
1588,25,23,60,52.950887287656464,86.07096584184434,52.950887287656464,152.67351362854242,5,18,True
1589,25,23,75,55.9740105514725,90.76357631467167,55.9740105514725,153.08192279189825,5,18,True
1590,25,23,90,30.44494435340166,53.188734961542416,30.44494435340166,121.44100200384855,4,19,True
1591,25,23,105,50.56393031428258,83.94487943018375,50.56393031428258,152.47218497097492,5,18,True
1592,25,23,120,37.76797027786573,56.52284088023978,37.76797027786573,152.63954503461719,5,18,True
1593,25,23,135,8.016609474023182,10.175442680982727,8.016609474023182,122.24439112469554,4,18,True
1594,25,23,150,12.543369793891907,15.737052418544462,12.543369793891907,123.54027898982167,4,19,True
1595,25,23,165,8.152012938633561,9.756049025259772,8.152012938633561,123.43973992392421,4,19,True
1596,25,23,180,6.337357294435303,7.531518061943114,6.337357294435303,123.47726942971349,4,19,True
1597,25,23,195,8.260408835113049,11.147590295048403,8.260408835113049,123.1382698751986,4,19,True
1598,25,23,210,6.94971519348522,12.838132422384827,6.94971519348522,123.93274903297424,4,19,True
1599,25,23,225,39.673301042430104,69.97218084902178,39.673301042430104,122.98499001190066,4,19,True
1600,25,53,30,28.17130534204965,45.98362253269279,28.17130534204965,123.43518016859889,4,19,True
1601,25,53,45,46.68614821285009,70.97521575256422,46.68614821285009,123.16970014944673,4,19,True
1602,25,53,60,17.241275063405435,26.944473494236885,17.241275063405435,123.06178966537118,4,19,True
1603,25,53,75,22.661144760002692,36.63660203324125,22.661144760002692,123.85114887729287,4,19,True
1604,25,53,90,26.59616908232371,40.627675771008086,26.59616908232371,123.66877868771553,4,19,True
1605,25,53,105,25.79984792123238,40.67270949533306,25.79984792123238,123.65357903763652,4,19,True
1606,25,53,120,8.348362898578246,12.772483539830214,8.348362898578246,124.58109715953469,4,18,True
1607,25,53,135,14.480308831979832,17.131122211648776,14.480308831979832,123.87576885521412,4,19,True
1608,25,53,150,13.314267524083455,14.392107295070677,13.314267524083455,123.9699493162334,4,19,True
1609,25,53,165,10.1008195673426,12.133545285724976,10.1008195673426,123.76903928816319,4,19,True
1610,25,53,180,11.046495737632116,12.192575743004083,11.046495737632116,124.82404801994562,4,18,True
1611,25,53,195,8.26497883379149,13.801482839768926,8.26497883379149,123.9556991495192,4,19,True
1612,25,53,210,7.572183990408666,11.930264328033392,7.572183990408666,123.7934292294085,4,19,True
1613,25,53,225,5.1321420885932945,8.503787730422752,5.1321420885932945,123.73764999210835,4,19,True
1614,25,84,30,4.813480504353842,5.4412085413213855,4.813480504353842,123.74583911150694,4,19,True
1615,25,84,45,19.186590509613357,34.782934523186626,19.186590509613357,123.81896935403347,4,19,True
1616,25,84,60,39.22949311733246,58.36514093291345,39.22949311733246,155.4903513751924,5,18,True
1617,25,84,75,16.647847350438436,27.618063462430182,16.647847350438436,126.4471048489213,4,19,True
1618,25,84,90,19.12025701701641,34.45386226342884,19.12025701701641,123.65927966311574,4,19,True
1619,25,84,105,44.46172693272432,66.71771905010563,44.46172693272432,123.87804919853806,4,19,True
1620,25,84,120,5.034664710362752,5.686490361663806,5.034664710362752,123.96398885175586,4,19,True
1621,25,84,135,5.4764692465464275,6.1891834956642455,5.4764692465464275,123.44486033543944,4,19,True
1622,25,84,150,5.332884629567464,6.027686419639082,5.332884629567464,123.65332990884781,4,19,True
1623,25,84,165,13.377870668967565,27.040716987090853,13.377870668967565,123.84356977418065,4,19,True
1624,25,84,180,40.67854461421569,56.76675543197417,40.67854461421569,124.41373895853758,4,18,True
1625,25,84,195,15.436166648815076,21.67123483125214,15.436166648815076,124.95930772274733,4,18,True
1626,25,84,210,34.61867797697584,51.243984115711484,34.61867797697584,123.41033993288875,4,19,True
1627,25,84,225,16.214658466974893,19.26828014333052,16.214658466974893,124.28746884688735,4,18,True
1628,25,59,30,6.584131425619125,14.598201597391183,6.584131425619125,123.17890021950006,4,19,True
1629,25,59,45,37.90418104774629,62.039150649506524,37.90418104774629,123.75066010281444,4,19,True
1630,25,59,60,11.081361263493697,18.860418145749236,11.081361263493697,121.6657031327486,4,19,True
1631,25,59,75,21.69814862161875,39.36308353785058,21.69814862161875,121.48988293483853,4,19,True
1632,25,59,90,40.208356445282696,65.16786250790152,40.208356445282696,122.26924207061529,4,18,True
1633,25,59,105,13.814521205797792,23.16072168145896,13.814521205797792,121.43283290788531,4,19,True
1634,25,59,120,32.319376463900944,53.89501050678687,32.319376463900944,121.62422342225909,4,18,True
1635,25,59,135,7.1714549173911415,8.346275925039643,7.1714549173911415,121.89578311517835,4,19,True
1636,25,59,150,3.293081122636795,4.849230352692457,3.293081122636795,121.47940322756767,4,19,True
1637,25,59,165,16.954369854927062,36.985875830593024,16.954369854927062,121.53521319851279,4,19,True
1638,25,59,180,23.944887257631247,40.15435841526041,23.944887257631247,123.59854998067021,4,18,True
1639,25,59,195,38.666268752266966,69.01619536532489,38.666268752266966,122.82048119232059,4,19,True
1640,25,59,210,30.16121975754698,49.033338976312,30.16121975754698,125.08707772940397,4,18,True
1641,25,59,225,15.308147064243288,26.05570905402102,15.308147064243288,124.27820870652795,4,19,True
1642,25,49,30,37.93403789798419,52.44732268469216,37.93403789798419,123.48945997655392,4,19,True
1643,25,49,45,27.93338363269965,39.409585145007476,27.93338363269965,123.69011016562581,4,18,True
1644,25,49,60,23.651973600188892,44.491040743704396,23.651973600188892,123.26100002974272,4,19,True
1645,25,49,75,12.118730468551318,19.10168225255024,12.118730468551318,124.16228000074625,4,18,True
1646,25,49,90,25.158107726772627,40.674833076535435,25.158107726772627,123.30216029658914,4,19,True
1647,25,49,105,45.94402565260728,74.47434936928768,45.94402565260728,122.97093123197556,4,19,True
1648,25,49,120,34.97765417893728,55.35856192201767,34.97765417893728,155.19500197842717,5,18,True
1649,25,49,135,63.46164347827435,98.74240826084592,63.46164347827435,154.6251531690359,5,18,True
1650,25,49,150,28.279043060541152,38.976957858592435,28.279043060541152,124.83277777209878,4,18,True
1651,25,49,165,39.4438101430734,51.56676112639602,39.4438101430734,154.62452173233032,5,18,True
1652,25,49,180,32.358439207077026,35.56042670682278,32.358439207077026,124.96854783967137,4,18,True
1653,25,49,195,15.423045539855957,16.268305403814377,15.423045539855957,123.52279014885426,4,19,True
1654,25,49,210,10.625891081492107,16.23699260325924,10.625891081492107,123.82167018949986,4,19,True
1655,25,49,225,8.441287994384766,11.09311005493637,8.441287994384766,123.04407125338912,4,19,True
1656,25,7,30,16.38559854278962,33.463873068210226,16.38559854278962,123.38977074250579,4,19,True
1657,25,7,45,33.55089272260666,49.73608883437184,33.55089272260666,124.06350020319223,4,18,True
1658,25,7,60,59.3901698688666,88.20278105511917,59.3901698688666,124.62687818333507,4,18,True
1659,25,7,75,29.99418081988891,35.0602042669981,29.99418081988891,124.52132906764746,4,18,True
1660,25,7,90,40.188733199238776,66.26926235828027,40.188733199238776,154.97508272528648,5,18,True
1661,25,7,105,22.25656808912754,33.410742861354464,22.25656808912754,123.07003233581781,4,19,True
1662,25,7,120,49.57280681530634,76.90938294138431,49.57280681530634,124.78648778051138,4,18,True
1663,25,7,135,56.433056964476904,85.40211477972196,56.433056964476904,155.17286211252213,5,17,True
1664,25,7,150,16.060351874430975,23.07900513947029,16.060351874430975,123.7715007737279,4,19,True
1665,25,7,165,6.396308700243632,7.659348715885278,6.396308700243632,123.36143990978599,4,19,True
1666,25,7,180,8.599520048002402,14.514827844177466,8.599520048002402,123.47645126283169,4,19,True
1667,25,7,195,35.77474087874095,52.815999384658966,35.77474087874095,124.00006037205458,4,18,True
1668,25,7,210,58.478255144755046,87.7223149623485,58.478255144755046,124.95709769427776,4,18,True
1669,25,7,225,19.88060817718506,29.630869208642025,19.88060817718506,123.92655992880464,4,19,True
1670,25,47,30,2.7293071428934734,4.024797475502466,2.7293071428934734,124.10503020510077,4,19,True
1671,25,47,45,13.02795968055725,32.83281429758482,13.02795968055725,124.0515997633338,4,19,True
1672,25,47,60,36.7273748387893,59.16677252058473,36.7273748387893,123.96139977499843,4,19,True
1673,25,47,75,22.56867106507222,37.959605362688954,22.56867106507222,124.01697039604187,4,19,True
1674,25,47,90,57.4793892805775,90.11127217134845,57.4793892805775,156.25646989792585,5,17,True
1675,25,47,105,13.672194653749466,23.679233018304657,13.672194653749466,123.90641076490283,4,19,True
1676,25,47,120,13.32090510527293,23.305208404154477,13.32090510527293,123.89447027817369,4,19,True
1677,25,47,135,13.533134849866231,23.380807375678803,13.533134849866231,123.98925982415676,4,19,True
1678,25,47,150,13.42045898338159,23.323218805774438,13.42045898338159,123.98091983050108,4,19,True
1679,25,47,165,13.186899169782798,23.014106769026473,13.186899169782798,124.2030099965632,4,19,True
1680,25,47,180,26.311864925920965,50.430349399632334,26.311864925920965,124.17118018493056,4,19,True
1681,25,47,195,59.96864101290703,89.49886585902924,59.96864101290703,156.23661177232862,5,17,True
1682,25,47,210,35.3084598356237,51.707251177690566,35.3084598356237,124.86642878502607,4,18,True
1683,25,47,225,15.244160344700019,23.822286589968407,15.244160344700019,123.75885108485818,4,19,True
1684,25,30,30,7.799811699613929,10.741636594513729,7.799811699613929,124.05961006879807,4,19,True
1685,25,30,45,3.6250559935967126,4.541996289393369,3.6250559935967126,124.38464909791946,4,19,True
1686,25,30,60,3.4333045442899066,4.309197868323054,3.4333045442899066,124.19416010379791,4,19,True
1687,25,30,75,3.67643955424428,4.448013374009228,3.67643955424428,123.99766081944108,4,19,True
1688,25,30,90,2.7815688023964564,3.560569321972561,2.7815688023964564,123.95282089710236,4,19,True
1689,25,30,105,2.6713687678178153,4.378411191145594,2.6713687678178153,123.84343100711703,4,19,True
1690,25,30,120,3.1470188293606043,4.179475522961981,3.1470188293606043,123.71015967801213,4,19,True
1691,25,30,135,2.7419334759314853,3.7871525623998243,2.7419334759314853,123.1213822029531,4,19,True
1692,25,30,150,3.1205287718834978,3.9985390674155896,3.1205287718834978,123.31716064363718,4,19,True
1693,25,30,165,4.414947931747884,6.955748368307708,4.414947931747884,123.353511095047,4,19,True
1694,25,30,180,4.180766050393383,5.3301851282664305,4.180766050393383,123.14976193010807,4,19,True
1695,25,30,195,4.31747220835338,5.048455459667732,4.31747220835338,123.28353198245168,4,19,True
1696,25,30,210,3.4431131457909943,4.448170480492964,3.4431131457909943,121.90646398812532,4,19,True
1697,25,30,225,2.503143777325749,3.7990335563316235,2.503143777325749,121.43334513530135,4,19,True
