sample_id,video,user,timestep,mae,corrected_rmse,mean_angular_error,latency_ms,target_forward_count,accepted_sum,finite
0,4,83,30,13.595314596096674,19.596091463707115,13.595314596096674,120.58869516476989,4,19,True
1,4,83,45,20.54714362124602,26.632084115292297,20.54714362124602,120.14195555821061,4,19,True
2,4,83,60,12.61316250115633,16.144434176117898,12.61316250115633,120.13259716331959,4,19,True
3,4,83,75,22.03560662511736,32.68081597165344,22.03560662511736,120.77351473271847,4,19,True
4,4,83,90,27.856404172877472,45.38421576963312,27.856404172877472,120.35221606492996,4,19,True
5,4,83,105,50.0512560993433,80.95646602899609,50.0512560993433,151.26598859205842,5,18,True
6,4,83,120,16.60656089981397,21.98964248867738,16.60656089981397,120.89502485468984,4,19,True
7,4,83,135,3.6242610692977903,5.299800654063791,3.6242610692977903,122.16102378442883,4,19,True
8,4,83,150,11.304124287764232,16.390953291912254,11.304124287764232,122.89248174056411,4,19,True
9,4,83,165,16.174976797898612,22.544194481824327,16.174976797898612,121.46900407969952,4,19,True
10,4,83,180,28.725021947796147,47.02477227620674,28.725021947796147,121.41139525920153,4,19,True
11,4,83,195,9.12329336963594,11.749453139299591,9.12329336963594,120.41875626891851,4,19,True
12,4,83,210,11.530455371985832,17.903162494271115,11.530455371985832,120.55184599012136,4,19,True
13,4,83,225,30.449913220852615,46.97830888206313,30.449913220852615,120.65159576013684,4,19,True
14,4,15,30,15.925673072288435,19.536529933137086,15.925673072288435,121.09446479007602,4,19,True
15,4,15,45,7.035939221580823,8.240519680632907,7.035939221580823,120.90132525190711,4,19,True
16,4,15,60,1.2576170563697815,2.0168746949383607,1.2576170563697815,120.9792559966445,4,19,True
17,4,15,75,1.2124785741170248,1.9319642759724043,1.2124785741170248,121.04367604479194,4,19,True
18,4,15,90,1.1859577894210815,2.0392981128403047,1.1859577894210815,122.75698222219944,4,19,True
19,4,15,105,6.717718894034624,12.126829437003323,6.717718894034624,122.07272415980697,4,19,True
20,4,15,120,12.37681476076444,18.137631731937102,12.37681476076444,122.87249183282256,4,19,True
21,4,15,135,1.816794792811076,2.1830290532045726,1.816794792811076,122.04464385285974,4,19,True
22,4,15,150,0.9357403675715129,1.3804059391385537,0.9357403675715129,122.85278318449855,4,19,True
23,4,15,165,6.751820955673853,13.084648163322628,6.751820955673853,122.38511303439736,4,19,True
24,4,15,180,15.035440741851925,22.66593453944751,15.035440741851925,122.90986208245158,4,19,True
25,4,15,195,17.897996522610388,29.63938733651451,17.897996522610388,122.89975211024284,4,18,True
26,4,15,210,21.36288199176391,36.591993405045734,21.36288199176391,122.49500304460526,4,19,True
27,4,15,225,14.93007911046346,28.730604477393406,14.93007911046346,122.3262739367783,4,19,True
28,4,3,30,12.713516781727472,18.62516911476572,12.713516781727472,122.82605282962322,4,19,True
29,4,3,45,16.988210856666168,21.761254909530564,16.988210856666168,122.38223385065794,4,19,True
30,4,3,60,8.603497907208899,9.229588145654168,8.603497907208899,122.94798204675317,4,19,True
31,4,3,75,6.264898009039461,8.552738571752416,6.264898009039461,122.87812307476997,4,19,True
32,4,3,90,2.7147425429274636,4.034162977248466,2.7147425429274636,122.43068311363459,4,19,True
33,4,3,105,3.894964154188832,5.522649392834955,3.894964154188832,122.75664322078228,4,19,True
34,4,3,120,5.235572454084953,7.069760349523556,5.235572454084953,122.71196255460382,4,19,True
35,4,3,135,12.892325441042582,15.359374510799599,12.892325441042582,123.3443021774292,4,19,True
36,4,3,150,11.748536302149295,16.488293728933705,11.748536302149295,123.13380232080817,4,19,True
37,4,3,165,10.635138964653015,13.351594158762836,10.635138964653015,123.03991289809346,4,19,True
38,4,3,180,6.8092348655064905,11.41316600228698,6.8092348655064905,122.90415307506919,4,19,True
39,4,3,195,8.224440354108811,11.349283726310277,8.224440354108811,122.70001322031021,4,19,True
40,4,3,210,1.7362350006898244,2.09058452599286,1.7362350006898244,123.22078226134181,4,19,True
41,4,3,225,3.238403222958247,3.559851255084873,3.238403222958247,122.92880285531282,4,19,True
42,4,35,30,9.101757529191673,11.057255778820517,9.101757529191673,123.42220079153776,4,19,True
43,4,35,45,3.4137136951088904,4.423383204243171,3.4137136951088904,122.86888295784593,4,19,True
44,4,35,60,4.3534549325704575,5.318838027097016,4.3534549325704575,122.89524311199784,4,19,True
45,4,35,75,4.215129991372426,5.753136729220056,4.215129991372426,122.96297308057547,4,19,True
46,4,35,90,2.8620155692100524,6.429980348648081,2.8620155692100524,123.27318172901869,4,19,True
47,4,35,105,6.169619143505892,8.459513101005312,6.169619143505892,123.1413627974689,4,19,True
48,4,35,120,10.635843488077322,12.889773652265868,10.635843488077322,123.44731204211712,4,19,True
49,4,35,135,3.0196185750265916,4.54379673551354,3.0196185750265916,123.14458237960935,4,19,True
50,4,35,150,4.959192062914371,6.187250106900156,4.959192062914371,123.2112031430006,4,19,True
51,4,35,165,15.255147850513458,21.604820487970663,15.255147850513458,123.2607220299542,4,19,True
52,4,35,180,20.575946323076884,34.782222657007395,20.575946323076884,122.97452334314585,4,19,True
53,4,35,195,7.86891944805781,13.117027556892555,7.86891944805781,122.88505304604769,4,19,True
54,4,35,210,6.5104731798171995,7.640581630038006,6.5104731798171995,123.06949310004711,4,19,True
55,4,35,225,3.584811153014501,6.918708516915806,3.584811153014501,123.24968166649342,4,19,True
56,4,48,30,5.489344424684532,7.9838404938283265,5.489344424684532,123.44611203297973,4,19,True
57,4,48,45,15.32149036799868,22.881352728029096,15.32149036799868,122.76157410815358,4,19,True
58,4,48,60,12.784622497608265,19.66411339553359,12.784622497608265,122.62433301657438,4,19,True
59,4,48,75,5.052043798613401,8.372461768788224,5.052043798613401,122.46250407770276,4,19,True
60,4,48,90,3.928859288493792,4.906610593811546,3.928859288493792,122.59360309690237,4,19,True
61,4,48,105,7.554002278546492,11.604812105942969,7.554002278546492,122.48266395181417,4,19,True
62,4,48,120,24.08796823322773,37.67856828578995,24.08796823322773,122.49201396480203,4,19,True
63,4,48,135,17.488049008945623,22.592754359571767,17.488049008945623,121.15917587652802,4,19,True
64,4,48,150,12.228058765331904,15.733190680323542,12.228058765331904,120.85363594815135,4,19,True
65,4,48,165,10.662676624457042,13.998563265175378,10.662676624457042,120.51747692748904,4,19,True
66,4,48,180,11.270604882078866,17.10862377824151,11.270604882078866,121.10202619805932,4,19,True
67,4,48,195,16.292973345518114,26.574513073485356,16.292973345518114,120.4402968287468,4,19,True
68,4,48,210,14.293124452233315,22.06350852996821,14.293124452233315,120.70609629154205,4,19,True
69,4,48,225,16.59581739678979,23.01955594412133,16.59581739678979,120.27488742023706,4,19,True
70,4,22,30,4.166162059704463,4.935273339476681,4.166162059704463,120.8226066082716,4,19,True
71,4,22,45,4.38906263038516,4.987364785660485,4.38906263038516,120.85484573617578,4,19,True
72,4,22,60,2.083780330916246,3.6964833437198523,2.083780330916246,122.81926395371556,4,19,True
73,4,22,75,2.855686835447947,4.2897061757249,2.855686835447947,122.2968646325171,4,19,True
74,4,22,90,3.5963820536931355,8.554152169242197,3.5963820536931355,122.6567029953003,4,19,True
75,4,22,105,4.819361231724421,8.647911409744358,4.819361231724421,122.64073314145207,4,19,True
76,4,22,120,4.453548619647821,6.1995174944595135,4.453548619647821,122.513213660568,4,19,True
77,4,22,135,2.2359006285667418,2.7978125149718753,2.2359006285667418,122.92566290125251,4,19,True
78,4,22,150,1.2090017281472683,1.817383634437469,1.2090017281472683,122.46821401640773,4,19,True
79,4,22,165,10.522940319031477,17.323723111430432,10.522940319031477,121.29856599494815,4,19,True
80,4,22,180,16.210463656981787,29.272157958263566,16.210463656981787,120.59638695791364,4,19,True
81,4,22,195,6.074920377135276,9.07910141208187,6.074920377135276,120.79507671296597,4,19,True
82,4,22,210,5.688231107592583,6.644820695618,5.688231107592583,120.25872757658362,4,19,True
83,4,22,225,5.002042014423448,10.054592316617546,5.002042014423448,120.94311695545912,4,19,True
84,4,55,30,9.046456483751536,11.49489623718977,9.046456483751536,120.34514686092734,4,19,True
85,4,55,45,4.403794034570455,5.048615270668313,4.403794034570455,121.00562732666731,4,19,True
86,4,55,60,6.680347936600446,11.26227645815662,6.680347936600446,120.67188788205385,4,19,True
87,4,55,75,10.869693824648857,19.55383723897624,10.869693824648857,122.34499398618937,4,19,True
88,4,55,90,13.982915578285853,19.845444067575723,13.982915578285853,122.9897029697895,4,19,True
89,4,55,105,3.585924673080444,6.361192949907091,3.585924673080444,122.5560437887907,4,19,True
90,4,55,120,4.707952627539635,6.37398195295264,4.707952627539635,122.48822301626205,4,19,True
91,4,55,135,7.012451344829363,8.052384544523049,7.012451344829363,122.60578293353319,4,19,True
92,4,55,150,14.18843996860087,23.078228744182834,14.18843996860087,122.40954535081983,4,19,True
93,4,55,165,35.32597790559133,50.837954333061184,35.32597790559133,122.29389417916536,4,19,True
94,4,55,180,29.423520334561665,41.45501224580765,29.423520334561665,122.88861302658916,4,19,True
95,4,55,195,57.63596449419856,84.18607005569831,57.63596449419856,153.57614681124687,5,18,True
96,4,55,210,37.25424653589725,68.03978646084816,37.25424653589725,121.79646594449878,4,19,True
97,4,55,225,33.06811492741108,54.991056486476595,33.06811492741108,120.74500788003206,4,19,True
98,4,4,30,19.324706616361315,40.3185982251235,19.324706616361315,121.2846371345222,4,19,True
99,4,4,45,55.42917761206627,91.49538178924516,55.42917761206627,151.3034598901868,5,18,True
100,4,4,60,9.94452231861651,15.419591353628103,9.94452231861651,121.13124690949917,4,19,True
101,4,4,75,10.019154239352792,16.55076525748136,10.019154239352792,121.8158551491797,4,19,True
102,4,4,90,9.464213028705368,15.211459003580517,9.464213028705368,122.39335477352142,4,19,True
103,4,4,105,8.816690623760223,12.178183845858984,8.816690623760223,121.52177607640624,4,19,True
104,4,4,120,7.9570696188757815,13.879083857367664,7.9570696188757815,122.26049415767193,4,19,True
105,4,4,135,9.908747651427984,15.432177044135011,9.908747651427984,122.98772297799587,4,19,True
106,4,4,150,12.00433942253391,22.272485410390676,12.00433942253391,123.36001312360168,4,19,True
107,4,4,165,10.524274762471517,17.34079951507488,10.524274762471517,122.84755427390337,4,19,True
108,4,4,180,12.34798748890559,24.178822580068413,12.34798748890559,122.92506406083703,4,19,True
109,4,4,195,38.64885098834832,69.34623702398001,38.64885098834832,123.3865525573492,4,19,True
110,4,4,210,21.287736018871268,41.801125731042156,21.287736018871268,123.44860285520554,4,19,True
111,4,4,225,49.75681112706661,82.53745791186026,49.75681112706661,124.34768211096525,4,18,True
112,4,45,30,10.457876002788543,12.969040530247373,10.457876002788543,123.41690296307206,4,19,True
113,4,45,45,9.802529559036095,13.212396034979239,9.802529559036095,123.1789537705481,4,19,True
114,4,45,60,7.2518686458468435,11.40756199921694,7.2518686458468435,122.97064391896129,4,19,True
115,4,45,75,22.489860117683808,46.03192372865372,22.489860117683808,123.11494396999478,4,19,True
116,4,45,90,22.607416859269144,35.507153459393486,22.607416859269144,123.66578308865428,4,18,True
117,4,45,105,4.5355349637568,5.547508708634528,4.5355349637568,122.23212514072657,4,19,True
118,4,45,120,2.1628642335534094,2.701741491605261,2.1628642335534094,123.19248402491212,4,19,True
119,4,45,135,1.2944774056474369,1.731937591979913,1.2944774056474369,123.36008297279477,4,19,True
120,4,45,150,1.1902885307868323,1.591076558819272,1.1902885307868323,123.34195338189602,4,19,True
121,4,45,165,2.9737798547993104,5.396733924804979,2.9737798547993104,123.1903643347323,4,19,True
122,4,45,180,8.746653652191162,13.673181800639568,8.746653652191162,122.23546486347914,4,19,True
123,4,45,195,3.9306289772192637,5.303517240847439,3.9306289772192637,122.1781549975276,4,19,True
124,4,45,210,5.243323530753454,7.171759177459489,5.243323530753454,122.56594514474273,4,19,True
125,4,45,225,6.716434727492742,9.92777226182253,6.716434727492742,122.88151402026415,4,19,True
126,4,60,30,12.014904013772805,18.612229535646648,12.014904013772805,122.9349342174828,4,19,True
127,4,60,45,8.443387616674105,13.483650011419064,8.443387616674105,122.4120450206101,4,19,True
128,4,60,60,6.152762848138809,10.558992802922196,6.152762848138809,122.45063483715057,4,19,True
129,4,60,75,10.011139099299907,15.636018065760197,10.011139099299907,122.04967625439167,4,19,True
130,4,60,90,6.776769211391608,10.343017049392165,6.776769211391608,121.94436602294445,4,19,True
131,4,60,105,7.182139440377553,13.069706011612611,7.182139440377553,121.2911568582058,4,19,True
132,4,60,120,10.841785907745361,17.245318948403217,10.841785907745361,120.53436832502484,4,19,True
133,4,60,135,4.241336858272552,6.292158532165102,4.241336858272552,121.14686565473676,4,19,True
134,4,60,150,3.813493752479553,4.968352462092867,3.813493752479553,120.5871170386672,4,19,True
135,4,60,165,10.149193859100341,14.860201745436944,10.149193859100341,120.88045803830028,4,19,True
136,4,60,180,21.84252446492513,35.07483331091955,21.84252446492513,120.6577681005001,4,19,True
137,4,60,195,8.170968562364578,11.604420550610996,8.170968562364578,121.58679682761431,4,19,True
138,4,60,210,2.925067591667175,4.001662504044557,2.925067591667175,123.62583307549357,4,19,True
139,4,60,225,4.008028173446656,7.3390442486323115,4.008028173446656,122.72319523617625,4,19,True
140,4,26,30,5.949412703514099,8.06118241648801,5.949412703514099,122.84442409873009,4,19,True
141,4,26,45,1.2096908609072368,1.9697540730230627,1.2096908609072368,122.26513586938381,4,19,True
142,4,26,60,2.4259801328182222,3.4585992124684974,2.4259801328182222,122.9568449780345,4,19,True
143,4,26,75,1.4450023457407952,1.8266063107920671,1.4450023457407952,126.65633903816342,4,19,True
144,4,26,90,1.3831322046617667,2.0235567587864014,1.3831322046617667,123.1945944018662,4,19,True
145,4,26,105,2.359658557673295,2.946921603612717,2.359658557673295,122.2790451720357,4,19,True
146,4,26,120,1.742600639661153,2.1899653912431423,1.742600639661153,123.42655379325151,4,19,True
147,4,26,135,2.179229146242142,2.9368139708933976,2.179229146242142,122.40768503397703,4,19,True
148,4,26,150,1.338185461362203,1.6512965956316803,1.338185461362203,122.37561494112015,4,19,True
149,4,26,165,3.551696467399597,5.63399915213109,3.551696467399597,122.37248523160815,4,19,True
150,4,26,180,10.205614896615346,21.296489390276502,10.205614896615346,122.60114587843418,4,19,True
151,4,26,195,7.620056349039078,13.128937118742119,7.620056349039078,122.55340395495296,4,19,True
152,4,26,210,18.036567401885986,24.326162074297535,18.036567401885986,122.73847497999668,4,19,True
153,4,26,225,27.82238292110463,40.2864840897949,27.82238292110463,123.16886521875858,4,19,True
154,4,21,30,2.1672227658020953,2.5458994319482775,2.1672227658020953,125.93671027570963,4,19,True
155,4,21,45,2.00265719294548,2.5283810264748423,2.00265719294548,123.22138389572501,4,19,True
156,4,21,60,1.9684096271793048,2.4039921266254543,1.9684096271793048,122.92583379894495,4,19,True
157,4,21,75,1.6581784715255101,2.1339042297873307,1.6581784715255101,122.67386494204402,4,19,True
158,4,21,90,1.6980817337830862,2.1346059565362707,1.6980817337830862,123.11531510204077,4,19,True
159,4,21,105,1.4444366256395975,1.9498325502357636,1.4444366256395975,122.30213498696685,4,19,True
160,4,21,120,1.7211405674616496,2.1973541649393638,1.7211405674616496,122.47362593188882,4,19,True
161,4,21,135,1.5454271535078685,1.9590570791488229,1.5454271535078685,122.84152489155531,4,19,True
162,4,21,150,1.497644410530726,1.9679411313133608,1.497644410530726,122.21324583515525,4,19,True
163,4,21,165,5.080463353792826,8.784209425647038,5.080463353792826,122.69927468150854,4,19,True
164,4,21,180,5.598104323943456,9.922594591494638,5.598104323943456,122.39358574151993,4,19,True
165,4,21,195,4.376745355129242,5.944825968662685,4.376745355129242,123.06825397536159,4,19,True
166,4,21,210,2.2514461815357207,2.866500513096182,2.2514461815357207,123.05622501298785,4,19,True
167,4,21,225,1.6753963828086853,2.190969519167487,1.6753963828086853,122.97477526590228,4,19,True
168,4,44,30,9.879739412168663,13.232951600356868,9.879739412168663,123.09889495372772,4,19,True
169,4,44,45,4.548816720644633,6.1528066209355075,4.548816720644633,123.26308386400342,4,19,True
170,4,44,60,4.652801446119944,6.946463077804269,4.652801446119944,123.30079404637218,4,19,True
171,4,44,75,5.285531950990359,7.598783398771947,5.285531950990359,123.04756417870522,4,19,True
172,4,44,90,17.729073932766916,28.234081947593126,17.729073932766916,123.45712492242455,4,19,True
173,4,44,105,16.357416771848996,28.826614885158072,16.357416771848996,124.13919297978282,4,18,True
174,4,44,120,6.317437849690517,8.092112884153302,6.317437849690517,123.37183393537998,4,19,True
175,4,44,135,6.058269661664963,7.504683082980843,6.058269661664963,123.3979039825499,4,19,True
176,4,44,150,6.549843231836955,9.786321620443754,6.549843231836955,123.08438401669264,4,19,True
177,4,44,165,15.06285347143809,20.59316775676589,15.06285347143809,123.53508500382304,4,19,True
178,4,44,180,23.607986775692552,38.93607863766133,23.607986775692552,123.10102488845587,4,19,True
179,4,44,195,10.426533338427543,12.968450341575855,10.426533338427543,122.37131595611572,4,19,True
180,4,44,210,13.7276343892018,20.747505625888625,13.7276343892018,121.17355782538652,4,19,True
181,4,44,225,19.85057985385259,26.158040216131724,19.85057985385259,121.4131279848516,4,19,True
182,4,23,30,38.24555060615142,60.27865737419035,38.24555060615142,121.34662689641118,4,19,True
183,4,23,45,10.743101946512859,15.561422062094243,10.743101946512859,121.4941767975688,4,19,True
184,4,23,60,30.499916929999987,43.17837574562933,30.499916929999987,121.35506700724363,4,19,True
185,4,23,75,10.620740364988645,13.21034392083367,10.620740364988645,121.16440804675221,4,19,True
186,4,23,90,11.67561777830124,14.887041634801902,11.67561777830124,121.49093672633171,4,19,True
187,4,23,105,8.934353179236252,14.957115106431507,8.934353179236252,121.02496763691306,4,19,True
188,4,23,120,42.60155336484313,74.2484200916082,42.60155336484313,123.0689650401473,4,19,True
189,4,23,135,42.46816886862119,63.484823658378325,42.46816886862119,122.4361751228571,4,19,True
190,4,23,150,21.820041562616826,31.40366368593339,21.820041562616826,123.05670510977507,4,19,True
191,4,23,165,51.549674239257975,80.64581553076623,51.549674239257975,123.50180372595787,4,18,True
192,4,23,180,29.59242534711957,48.02747810258545,29.59242534711957,122.93251510709524,4,19,True
193,4,23,195,49.353702118247746,74.05370525227988,49.353702118247746,123.56944475322962,4,18,True
194,4,23,210,34.24373003045718,47.43270437148427,34.24373003045718,123.57568414881825,4,19,True
195,4,23,225,30.982536061356466,44.907612485455786,30.982536061356466,123.11706598848104,4,19,True
196,4,53,30,7.5919704357782996,11.323351041314044,7.5919704357782996,122.69398616626859,4,19,True
197,4,53,45,9.824981713294983,12.359855657304664,9.824981713294983,122.83174600452185,4,19,True
198,4,53,60,4.553896252314249,6.512677242606657,4.553896252314249,122.37419607117772,4,19,True
199,4,53,75,14.456004042426745,20.264084952103435,14.456004042426745,122.95760586857796,4,19,True
200,4,53,90,23.12883689602216,28.811790777689644,23.12883689602216,122.63616593554616,4,19,True
201,4,53,105,15.147787792483966,19.64266540812275,15.147787792483966,123.25401371344924,4,19,True
202,4,53,120,22.63864848415057,32.60015936311112,22.63864848415057,122.48044507578015,4,19,True
203,4,53,135,11.911091376344363,16.538037090391164,11.911091376344363,122.99109622836113,4,19,True
204,4,53,150,7.3153127282857895,9.203853996916827,7.3153127282857895,121.90528586506844,4,19,True
205,4,53,165,16.107399653767548,23.100221714819167,16.107399653767548,122.60837480425835,4,19,True
206,4,53,180,13.384064397712548,21.515962765178976,13.384064397712548,122.16727714985609,4,19,True
207,4,53,195,11.42036337852478,14.969197385466133,11.42036337852478,122.4934859201312,4,19,True
208,4,53,210,16.97570215910673,22.96705491757833,16.97570215910673,122.3912462592125,4,19,True
209,4,53,225,14.75925864924987,23.065998331798344,14.75925864924987,123.30702506005764,4,18,True
210,4,84,30,35.074388262194894,59.574971080565966,35.074388262194894,123.77537367865443,4,18,True
211,4,84,45,16.214507099365196,19.245936283617418,16.214507099365196,122.80007591471076,4,19,True
212,4,84,60,33.82411198976139,55.80807081412761,33.82411198976139,122.87846580147743,4,19,True
213,4,84,75,24.17191699941953,35.704699923519286,24.17191699941953,123.63195419311523,4,18,True
214,4,84,90,8.083282639582952,11.561964868448683,8.083282639582952,122.96192487701774,4,19,True
215,4,84,105,8.421443196137746,12.8764624888476,8.421443196137746,122.6751352660358,4,19,True
216,4,84,120,12.611020445326965,15.919989088126222,12.611020445326965,123.23491601273417,4,19,True
217,4,84,135,2.44645273288091,3.0899875815152025,2.44645273288091,122.56131693720818,4,19,True
218,4,84,150,2.3485580503940584,2.9259772625134497,2.3485580503940584,123.25129518285394,4,19,True
219,4,84,165,13.811915131409963,22.094012388242618,13.811915131409963,122.54823604598641,4,19,True
220,4,84,180,22.58156639834245,32.81038000400275,22.58156639834245,123.03119525313377,4,19,True
221,4,84,195,13.9560139020284,18.912393885520817,13.9560139020284,122.16890696436167,4,19,True
222,4,84,210,14.368641216556231,18.85023878741773,14.368641216556231,122.85552592948079,4,19,True
223,4,84,225,6.38579075098969,11.25548090340359,6.38579075098969,122.47067596763372,4,19,True
224,4,59,30,3.2770311276117963,3.7170007686563524,3.2770311276117963,122.88872571662068,4,19,True
225,4,59,45,1.7763337669273218,2.3404358174850017,1.7763337669273218,122.36257689073682,4,19,True
226,4,59,60,1.7538020970920722,2.3268532295928264,1.7538020970920722,123.02745599299669,4,19,True
227,4,59,75,1.8700298503041268,3.249488523717202,1.8700298503041268,122.00540723279119,4,19,True
228,4,59,90,2.441795659561952,4.3596456249713835,2.441795659561952,122.13883688673377,4,19,True
229,4,59,105,3.285577760140101,4.4550807328468505,3.285577760140101,122.83705594018102,4,19,True
230,4,59,120,4.143648368120194,5.048353511283137,4.143648368120194,122.59093578904867,4,19,True
231,4,59,135,2.040241577786704,2.5051100934054737,2.040241577786704,122.73275619372725,4,19,True
232,4,59,150,1.517565085925162,2.2224697422554236,1.517565085925162,123.20825597271323,4,19,True
233,4,59,165,10.239746556679409,15.265048952307126,10.239746556679409,122.95890459790826,4,19,True
234,4,59,180,11.694508423407873,17.69250538743175,11.694508423407873,122.79782490804791,4,19,True
235,4,59,195,4.7073492258787155,7.192433278357312,4.7073492258787155,122.22827738150954,4,19,True
236,4,59,210,3.7726012747734785,4.199374870032996,3.7726012747734785,122.45564581826329,4,19,True
237,4,59,225,3.1955884323765833,5.582326599478655,3.1955884323765833,125.21659303456545,4,19,True
238,4,49,30,21.348455329736073,28.28860071059192,21.348455329736073,127.0974101498723,4,19,True
239,4,49,45,19.024961384137473,26.571487281421664,19.024961384137473,123.1586062349379,4,19,True
240,4,49,60,24.680748674739153,32.349900317576626,24.680748674739153,123.75131528824568,4,19,True
241,4,49,75,16.549864010016123,24.57982506665093,16.549864010016123,123.16872598603368,4,19,True
242,4,49,90,9.516818314790726,11.926657710843278,9.516818314790726,123.15990496426821,4,19,True
243,4,49,105,4.181150612731774,5.096667581407776,4.181150612731774,123.44217579811811,4,19,True
244,4,49,120,9.964276319245498,13.56954023828413,9.964276319245498,123.08210600167513,4,19,True
245,4,49,135,23.454178035259247,29.950407895568294,23.454178035259247,123.09438595548272,4,19,True
246,4,49,150,36.29801150704734,55.49472008016172,36.29801150704734,124.01776388287544,4,19,True
247,4,49,165,41.857094688760114,65.63167445377866,41.857094688760114,123.14975587651134,4,19,True
248,4,49,180,11.629707209269206,14.708294376253649,11.629707209269206,122.87949584424496,4,19,True
249,4,49,195,11.884068147341411,18.078091410693656,11.884068147341411,122.00557813048363,4,19,True
250,4,49,210,33.260683482264476,54.31032764193457,33.260683482264476,122.06585705280304,4,19,True
251,4,49,225,47.017188078785935,70.791903041605,47.017188078785935,154.72679864615202,5,18,True
252,4,7,30,13.639846059679986,16.53896455926351,13.639846059679986,123.09969495981932,4,19,True
253,4,7,45,7.146850338702401,9.124666123462372,7.146850338702401,122.98846524208784,4,19,True
254,4,7,60,8.119441123927633,11.40252212795335,8.119441123927633,123.24447510764003,4,19,True
255,4,7,75,4.6045829137166345,5.714658612786295,4.6045829137166345,122.99710605293512,4,19,True
256,4,7,90,3.88322122891744,7.826276830001357,3.88322122891744,122.3990567959845,4,19,True
257,4,7,105,7.584372293949127,10.785613858035072,7.584372293949127,122.66318686306477,4,19,True
258,4,7,120,10.026757470766704,12.690719989131086,10.026757470766704,122.87359591573477,4,19,True
259,4,7,135,5.97901885372897,7.4326998066714225,5.97901885372897,123.33636591210961,4,19,True
260,4,7,150,5.340273342529932,8.838730537267208,5.340273342529932,150.32457606866956,4,19,True
261,4,7,165,17.692406219244003,25.034563166112786,17.692406219244003,131.73265289515257,4,19,True
262,4,7,180,21.26927086263895,29.77507545508602,21.26927086263895,130.29571622610092,4,19,True
263,4,7,195,13.32125489016374,18.67203739073499,13.32125489016374,126.55365094542503,4,18,True
264,4,7,210,2.139517915248871,2.794672811259729,2.139517915248871,120.6992301158607,4,19,True
265,4,7,225,6.063995170096557,9.291525175265534,6.063995170096557,120.84226030856371,4,19,True
266,4,47,30,9.386643709863225,11.8415179456722,9.386643709863225,120.58584997430444,4,19,True
267,4,47,45,7.425777131319046,8.273658905989016,7.425777131319046,120.9273487329483,4,19,True
268,4,47,60,1.9375660280386606,2.2688520088825,1.9375660280386606,120.77880883589387,4,19,True
269,4,47,75,1.3186036884784698,1.6541552188707864,1.3186036884784698,121.35722860693932,4,19,True
270,4,47,90,2.1159800867239635,2.94860278453394,2.1159800867239635,121.45281909033656,4,19,True
271,4,47,105,3.5717701121699066,4.909404475545232,3.5717701121699066,121.51210801675916,4,19,True
272,4,47,120,1.6126331365977724,2.0985909573379864,1.6126331365977724,121.92002916708589,4,19,True
273,4,47,135,3.338788333535194,4.096259274302715,3.338788333535194,122.6096861064434,4,19,True
274,4,47,150,9.21169259250164,16.896950025961086,9.21169259250164,122.56108690053225,4,19,True
275,4,47,165,29.83329341659943,51.573565772573644,29.83329341659943,122.04253720119596,4,19,True
276,4,47,180,49.91871372784178,78.49667242581,49.91871372784178,123.66271577775478,4,18,True
277,4,47,195,9.618435737118125,12.208124896660768,9.618435737118125,122.04177770763636,4,19,True
278,4,47,210,9.706880036368966,13.563438166019575,9.706880036368966,122.11943790316582,4,19,True
279,4,47,225,12.4135473895818,16.126552057763465,12.4135473895818,123.10282606631517,4,19,True
280,4,30,30,1.8255995353062948,2.3224636421458076,1.8255995353062948,123.15336614847183,4,19,True
281,4,30,45,1.2461931586265564,1.7311922300607936,1.2461931586265564,122.71539680659771,4,19,True
282,4,30,60,2.7787555317083994,4.144801027676573,2.7787555317083994,123.36689606308937,4,19,True
283,4,30,75,0.9472696383794149,1.6761954010814235,0.9472696383794149,123.36788699030876,4,19,True
284,4,30,90,0.9586809794108073,1.3143398685267642,0.9586809794108073,123.38685570284724,4,19,True
285,4,30,105,0.9834993918736775,1.512729307143259,0.9834993918736775,122.92934628203511,4,19,True
286,4,30,120,2.450535749644041,3.1678181656593725,2.450535749644041,123.89767542481422,4,19,True
287,4,30,135,3.2519454531371594,4.034263024862846,3.2519454531371594,122.94886680319905,4,19,True
288,4,30,150,1.6253515919049581,2.108941742084834,1.6253515919049581,122.18559812754393,4,19,True
289,4,30,165,2.9502199331919354,3.9935952184414147,2.9502199331919354,122.7388670668006,4,19,True
290,4,30,180,1.068704652786255,1.7688631471606002,1.068704652786255,123.11378587037325,4,19,True
291,4,30,195,2.673489826917648,3.9571506887791323,2.673489826917648,123.0064369738102,4,19,True
292,4,30,210,1.1761738181114196,1.4235369685034607,1.1761738181114196,123.20918589830399,4,19,True
293,4,30,225,1.0911931902170182,1.4545591772778919,1.0911931902170182,123.23973560705781,4,19,True
294,8,83,30,21.494728871186574,29.34097590892345,21.494728871186574,122.95662704855204,4,19,True
295,8,83,45,12.047971202929814,22.52927400459049,12.047971202929814,123.14054695889354,4,19,True
296,8,83,60,11.641894855101903,16.606112474924103,11.641894855101903,122.45389772579074,4,19,True
297,8,83,75,15.123290528853735,22.965784072118772,15.123290528853735,123.37997602298856,4,19,True
298,8,83,90,17.282846117019652,20.592299075468063,17.282846117019652,123.42732632532716,4,19,True
299,8,83,105,1.5861443996429443,1.9453400323768186,1.5861443996429443,122.31830693781376,4,19,True
300,8,83,120,14.94757451415062,25.811451774054074,14.94757451415062,123.27568605542183,4,19,True
301,8,83,135,21.71391080034276,34.18584143926528,21.71391080034276,123.94857499748468,4,18,True
302,8,83,150,6.898209549859166,9.046001318393758,6.898209549859166,123.53918608278036,4,19,True
303,8,83,165,4.720204347372055,6.263789381008696,4.720204347372055,123.2444061897695,4,19,True
304,8,83,180,6.142268840471903,8.250841324531141,6.142268840471903,123.33993706852198,4,19,True
305,8,83,195,13.37039993306001,24.70453957341669,13.37039993306001,123.2558861374855,4,19,True
306,8,83,210,19.03900404473146,34.12705472926768,19.03900404473146,124.12558495998383,4,18,True
307,8,83,225,19.25912836988767,28.65392232579218,19.25912836988767,122.97081714496017,4,18,True
308,8,15,30,21.49429080436627,30.335793546238854,21.49429080436627,121.33780866861343,4,19,True
309,8,15,45,18.35795224259297,24.804300331083912,18.35795224259297,121.39411875978112,4,19,True
310,8,15,60,11.775206708100935,12.585547466889524,11.775206708100935,121.71310931444168,4,19,True
311,8,15,75,2.1032079153383774,2.7417130861384256,2.1032079153383774,121.28285923972726,4,19,True
312,8,15,90,11.086800192793211,20.61339126139594,11.086800192793211,120.85777102038264,4,19,True
313,8,15,105,12.533073925971985,17.222148365332643,12.533073925971985,120.36311067640781,4,19,True
314,8,15,120,6.30128839413325,8.032109044095122,6.30128839413325,121.41295988112688,4,19,True
315,8,15,135,9.005679118633271,12.401748318904115,9.005679118633271,121.61968927830458,4,19,True
316,8,15,150,6.134133443236351,8.090288707283667,6.134133443236351,123.57249576598406,4,19,True
317,8,15,165,1.4257951656977335,1.8058377024910695,1.4257951656977335,122.84101732075214,4,19,True
318,8,15,180,1.2189601143201192,1.6187803313161842,1.2189601143201192,123.28563677147031,4,19,True
319,8,15,195,1.2075432658195495,1.6005208767058987,1.2075432658195495,123.03670682013035,4,19,True
320,8,15,210,1.2366753617922466,1.608684479028393,1.2366753617922466,122.26596800610423,4,19,True
321,8,15,225,3.265471851825714,4.207175201268752,3.265471851825714,121.57191894948483,4,19,True
322,8,3,30,32.27987077732881,50.605801753154246,32.27987077732881,121.4629802852869,4,19,True
323,8,3,45,41.884334633747734,69.54059534861265,41.884334633747734,121.58752884715796,4,19,True
324,8,3,60,40.26192686160405,62.99135771638885,40.26192686160405,121.33691925555468,4,19,True
325,8,3,75,13.895253761609395,24.39138279240197,13.895253761609395,122.52864707261324,4,18,True
326,8,3,90,15.077461465199788,20.015854695750246,15.077461465199788,121.49373022839427,4,19,True
327,8,3,105,6.033506592114766,7.878731957374092,6.033506592114766,121.50420900434256,4,19,True
328,8,3,120,12.509865049521128,16.964597896049668,12.509865049521128,121.85217905789614,4,19,True
329,8,3,135,13.895782633622487,18.869078966717325,13.895782633622487,123.37063672021031,4,19,True
330,8,3,150,19.094220169385274,21.374561476232408,19.094220169385274,123.37230611592531,4,19,True
331,8,3,165,15.095194514592489,19.33958306741676,15.095194514592489,123.20335675030947,4,19,True
332,8,3,180,8.780861735343933,11.20831362848722,8.780861735343933,123.34423698484898,4,19,True
333,8,3,195,2.6485677480697634,3.3250104333296258,2.6485677480697634,123.5728757455945,4,19,True
334,8,3,210,4.887071347236633,6.2773803407913995,4.887071347236633,123.47886664792895,4,19,True
335,8,3,225,5.758292198181152,9.169464358337356,5.758292198181152,123.37836716324091,4,19,True
336,8,35,30,36.794423179576796,45.55970832231978,36.794423179576796,123.55342600494623,4,19,True
337,8,35,45,18.053579143683116,23.268228910016365,18.053579143683116,123.65844612941146,4,19,True
338,8,35,60,28.101833367347716,32.99833265160414,28.101833367347716,123.7343861721456,4,19,True
339,8,35,75,4.172730452567339,4.60459909475016,4.172730452567339,123.6350960098207,4,19,True
340,8,35,90,2.9497509921590486,3.928872483703325,2.9497509921590486,123.69339680299163,4,19,True
341,8,35,105,8.570188761129975,14.187638306807074,8.570188761129975,123.61460598185658,4,19,True
342,8,35,120,25.61424644788106,28.92101578909936,25.61424644788106,123.60590603202581,4,19,True
343,8,35,135,28.463674449423948,31.8562058397581,28.463674449423948,124.6375753544271,4,18,True
344,8,35,150,17.208576743801434,23.648899267331863,17.208576743801434,123.500507324934,4,19,True
345,8,35,165,6.257820923936864,10.540372601706256,6.257820923936864,124.24982571974397,4,18,True
346,8,35,180,2.3133998128895956,3.0156861397781034,2.3133998128895956,124.50061459094286,4,19,True
347,8,35,195,2.7643805305163065,3.081724279362754,2.7643805305163065,123.37543722242117,4,19,True
348,8,35,210,6.489626576037456,9.597570496485426,6.489626576037456,123.39327670633793,4,19,True
349,8,35,225,22.843716327349345,43.93915268871319,22.843716327349345,123.4345268458128,4,19,True
350,8,48,30,58.69818612436453,75.70131409349848,58.69818612436453,124.36677515506744,4,18,True
351,8,48,45,56.94530730744203,86.62698436423209,56.94530730744203,123.24008671566844,4,19,True
352,8,48,60,10.650795372435823,14.226907856540842,10.650795372435823,123.20746760815382,4,19,True
353,8,48,75,7.805073760837938,9.917723972248226,7.805073760837938,123.32524685189128,4,19,True
354,8,48,90,1.6018431256214778,2.056083170017611,1.6018431256214778,123.32115694880486,4,19,True
355,8,48,105,2.4677371859550474,2.677865882683145,2.4677371859550474,123.52745700627565,4,19,True
356,8,48,120,1.470301090180874,1.8876771409830835,1.470301090180874,123.6370662227273,4,19,True
357,8,48,135,4.826895771548152,6.853879507937308,4.826895771548152,123.64485580474138,4,19,True
358,8,48,150,3.0453070171177385,3.960014887974846,3.0453070171177385,123.44505731016397,4,19,True
359,8,48,165,5.908023302008709,7.623213060732064,5.908023302008709,123.10626823455095,4,19,True
360,8,48,180,4.271448285877705,5.1943361080477635,4.271448285877705,123.30170720815659,4,19,True
361,8,48,195,6.606875248750051,7.945875680427825,6.606875248750051,123.46965679898858,4,19,True
362,8,48,210,4.750757127006849,6.175907577137635,4.750757127006849,123.61483694985509,4,19,True
363,8,48,225,7.101068993409474,10.23885937607378,7.101068993409474,123.64214612171054,4,19,True
364,8,22,30,2.856145183245341,3.46607744878573,2.856145183245341,123.67746699601412,4,19,True
365,8,22,45,2.621895599365234,3.0200640407125054,2.621895599365234,123.63365711644292,4,19,True
366,8,22,60,2.187510779996713,2.7765267670214024,2.187510779996713,123.79329605028033,4,19,True
367,8,22,75,1.6180371820926667,1.9807704897673004,1.6180371820926667,123.62939724698663,4,19,True
368,8,22,90,2.567009449005127,2.88221515027988,2.567009449005127,123.39128833264112,4,19,True
369,8,22,105,2.237668208281199,2.5361114272995198,2.237668208281199,123.72915586456656,4,19,True
370,8,22,120,1.7200862010320028,1.9421120773327116,1.7200862010320028,123.51016793400049,4,19,True
371,8,22,135,2.5903528571128844,3.950901265436931,2.5903528571128844,123.3866480179131,4,19,True
372,8,22,150,2.909203871091207,4.050549379383675,2.909203871091207,123.2651867903769,4,19,True
373,8,22,165,1.9280636390050252,2.3111047140212353,1.9280636390050252,122.09316017106175,4,19,True
374,8,22,180,1.3379992802937826,1.6360297500661973,1.3379992802937826,121.59358896315098,4,19,True
375,8,22,195,3.202291057507197,4.771849206488665,3.202291057507197,121.32077990099788,4,19,True
376,8,22,210,3.1730759819348653,4.1941383636984835,3.1730759819348653,121.20582070201635,4,19,True
377,8,22,225,1.3567267714689175,1.5906214510924033,1.3567267714689175,121.37949001044035,4,19,True
378,8,55,30,33.346524901191394,52.42031324485768,33.346524901191394,122.26123875007033,4,18,True
379,8,55,45,8.849269523719947,10.640778157953406,8.849269523719947,122.37332900986075,4,19,True
380,8,55,60,2.1534437279527388,2.7289095806973984,2.1534437279527388,121.50162039324641,4,19,True
381,8,55,75,2.339506940857973,2.634443665086913,2.339506940857973,122.10285989567637,4,19,True
382,8,55,90,1.96268528526028,2.3487060301502134,1.96268528526028,123.42058820649981,4,19,True
383,8,55,105,1.954546082764864,2.354912769892951,1.954546082764864,123.47841681912541,4,19,True
384,8,55,120,2.068912709504366,2.5003351657867214,2.068912709504366,123.43636667355895,4,19,True
385,8,55,135,2.170805005977551,2.5658919220150187,2.170805005977551,123.56390710920095,4,19,True
386,8,55,150,2.1134217431147895,2.533486132570703,2.1134217431147895,123.64519713446498,4,19,True
387,8,55,165,2.0084966618567703,2.3363711967528205,2.0084966618567703,123.49144695326686,4,19,True
388,8,55,180,1.8765917480244145,2.220128326880006,1.8765917480244145,123.67246812209487,4,19,True
389,8,55,195,1.9010344859212638,2.2739452306415946,1.9010344859212638,123.4962078742683,4,19,True
390,8,55,210,1.9617085607722402,2.30346768400439,1.9617085607722402,123.70735686272383,4,19,True
391,8,55,225,1.9506250679182509,2.2906378579744096,1.9506250679182509,123.1216280721128,4,19,True
392,8,4,30,12.059111858407656,19.03923784637339,12.059111858407656,123.06630797684193,4,19,True
393,8,4,45,7.193817078376499,14.0155018991569,7.193817078376499,123.41840798035264,4,19,True
394,8,4,60,20.959219168126584,31.736256910274637,20.959219168126584,123.44595696777105,4,19,True
395,8,4,75,12.503630026181538,20.53108445014658,12.503630026181538,123.09404788538814,4,19,True
396,8,4,90,12.585178095102311,21.664550094046124,12.585178095102311,123.31776833161712,4,19,True
397,8,4,105,13.000189270886283,20.75150717155708,13.000189270886283,123.73617710545659,4,19,True
398,8,4,120,15.175746730404596,26.11704399415132,15.175746730404596,123.43049794435501,4,19,True
399,8,4,135,10.47750963171323,16.348426180007234,10.47750963171323,123.26092692092061,4,19,True
400,8,4,150,33.32627966652314,57.353234837184,33.32627966652314,123.34138713777065,4,19,True
401,8,4,165,50.73721964185437,75.19162945764147,50.73721964185437,154.97042192146182,5,18,True
402,8,4,180,47.71173046429952,75.96185155213998,47.71173046429952,124.40705625340343,4,18,True
403,8,4,195,10.839692304454124,14.028320820365098,10.839692304454124,122.8488078340888,4,19,True
404,8,4,210,35.94106457630793,43.21293274892883,35.94106457630793,123.32512717694044,4,19,True
405,8,4,225,12.312919522325197,16.294430843882136,12.312919522325197,123.16982774063945,4,19,True
406,8,45,30,10.714609424273172,15.527682634573221,10.714609424273172,123.24526766315103,4,19,True
407,8,45,45,26.656028730422257,34.05214429195851,26.656028730422257,123.30816825851798,4,19,True
408,8,45,60,27.98701215609908,30.732568093153247,27.98701215609908,123.95212706178427,4,18,True
409,8,45,75,3.8667352156092725,5.32913433366671,3.8667352156092725,123.44148801639676,4,19,True
410,8,45,90,4.172748128697276,5.187152980145988,4.172748128697276,123.39928792789578,4,19,True
411,8,45,105,1.3966281447093933,1.9165537337614713,1.3966281447093933,123.44352761283517,4,19,True
412,8,45,120,17.18107858685156,30.157544113294346,17.18107858685156,123.9005671814084,4,19,True
413,8,45,135,16.239638900756837,23.284477668235077,16.239638900756837,123.50977724418044,4,19,True
414,8,45,150,6.203621403376261,9.017791075814825,6.203621403376261,123.57414700090885,4,19,True
415,8,45,165,6.170314613978068,8.828618421619904,6.170314613978068,123.31187771633267,4,19,True
416,8,45,180,6.127429564793904,8.808409209421544,6.127429564793904,122.90240870788693,4,19,True
417,8,45,195,6.179047966003418,8.939663953204459,6.179047966003418,123.15538804978132,4,19,True
418,8,45,210,6.278819306691488,9.068749196702573,6.278819306691488,123.08404874056578,4,19,True
419,8,45,225,6.289920171101888,9.064552956653815,6.289920171101888,123.40699834749103,4,19,True
420,8,60,30,5.445031475648284,9.965457714480692,5.445031475648284,123.44495812430978,4,19,True
421,8,60,45,6.330382064978282,8.410915578020397,6.330382064978282,123.54070786386728,4,19,True
422,8,60,60,2.2373285492261252,3.0666146152961113,2.2373285492261252,123.49641788750887,4,19,True
423,8,60,75,2.0063510874907178,2.9479031119305925,2.0063510874907178,123.54380777105689,4,19,True
424,8,60,90,5.922255850583315,9.14009555375023,5.922255850583315,123.66023799404502,4,19,True
425,8,60,105,5.527323302874962,7.680610844339986,5.527323302874962,123.60228784382343,4,19,True
426,8,60,120,2.0776912406086923,2.6118717754376446,2.0776912406086923,123.49711777642369,4,19,True
427,8,60,135,1.268037203947703,1.5357588662941972,1.268037203947703,123.55143763124943,4,19,True
428,8,60,150,1.6021804650624594,2.0949702955374394,1.6021804650624594,123.54442710056901,4,19,True
429,8,60,165,2.3643056551615396,3.6141269595806165,2.3643056551615396,122.63260968029499,4,19,True
430,8,60,180,3.5472102880477907,5.092670555082422,3.5472102880477907,121.61729019135237,4,19,True
431,8,60,195,2.0802803516387938,2.7595987436301432,2.0802803516387938,121.51485122740269,4,19,True
432,8,60,210,1.9558652242024739,2.722936239935598,1.9558652242024739,121.86891958117485,4,19,True
433,8,60,225,2.1657958308855694,2.70725355989158,2.1657958308855694,121.76236137747765,4,19,True
434,8,26,30,28.292845343550045,36.98210756377808,28.292845343550045,121.8583402223885,4,19,True
435,8,26,45,21.234209551413855,27.879637754360775,21.234209551413855,122.15013010427356,4,19,True
436,8,26,60,5.6657436937093735,6.845388377333474,5.6657436937093735,121.38585187494755,4,19,True
437,8,26,75,3.667158517241478,4.917803348754078,3.667158517241478,121.97299022227526,4,19,True
438,8,26,90,2.059575931914151,2.3172797184000324,2.059575931914151,122.92959913611412,4,19,True
439,8,26,105,3.640181614086032,4.8467352256844975,3.640181614086032,123.8338970579207,4,19,True
440,8,26,120,10.91831808698674,13.667041855859875,10.91831808698674,123.16481908783317,4,19,True
441,8,26,135,9.61875786818564,12.523015977720966,9.61875786818564,123.33469931036234,4,19,True
442,8,26,150,13.156966806824009,17.157988916019736,13.156966806824009,123.56308801099658,4,19,True
443,8,26,165,4.320630145072937,6.8532509306445215,4.320630145072937,123.21603810414672,4,19,True
444,8,26,180,7.190649741639693,8.62685710389917,7.190649741639693,123.61203785985708,4,19,True
445,8,26,195,5.918505887190501,8.718320339982707,5.918505887190501,123.49478714168072,4,19,True
446,8,26,210,7.534813580910365,9.955417270290015,7.534813580910365,123.41735837981105,4,19,True
447,8,26,225,10.028807152311007,11.379326999578442,10.028807152311007,123.54786787182093,4,19,True
448,8,21,30,1.5999316623434425,2.014941380268788,1.5999316623434425,123.38516907766461,4,19,True
449,8,21,45,3.2183055097858113,4.042958750171919,3.2183055097858113,123.77432780340314,4,19,True
450,8,21,60,5.228791663547357,6.0040831304408435,5.228791663547357,123.3246079646051,4,19,True
451,8,21,75,4.288198468089104,4.87640679534629,4.288198468089104,123.143978882581,4,19,True
452,8,21,90,1.5628382603327433,1.8170318428459131,1.5628382603327433,123.61967796459794,4,19,True
453,8,21,105,1.8166240940491358,2.0735437115974795,1.8166240940491358,123.4645089134574,4,19,True
454,8,21,120,5.275643160628776,8.644159677987139,5.275643160628776,123.82197706028819,4,19,True
455,8,21,135,5.879025230680903,9.395050924722748,5.879025230680903,123.9608465693891,4,19,True
456,8,21,150,2.2765662260353565,2.6496243184297175,2.2765662260353565,123.12880903482437,4,19,True
457,8,21,165,1.5963836565613747,1.8852629946590242,1.5963836565613747,123.267468996346,4,19,True
458,8,21,180,1.5050147984176874,1.7712934639599829,1.5050147984176874,123.18186881020665,4,19,True
459,8,21,195,1.4800740014761686,1.7797504861532312,1.4800740014761686,123.67244809865952,4,19,True
460,8,21,210,1.5822610961894195,1.8770727979883552,1.5822610961894195,123.34440881386399,4,19,True
461,8,21,225,1.5261023410906394,1.8105077035535333,1.5261023410906394,123.02819872274995,4,19,True
462,8,44,30,12.78686570636928,19.26095178716105,12.78686570636928,123.12241876497865,4,19,True
463,8,44,45,6.840215452512106,10.781383997590988,6.840215452512106,122.6681899279356,4,19,True
464,8,44,60,5.961343057950338,7.354697591687956,5.961343057950338,123.05495981127024,4,19,True
465,8,44,75,2.8490023851394652,3.4795619575297305,2.8490023851394652,123.46567818894982,4,19,True
466,8,44,90,4.201322571436564,9.109974925010611,4.201322571436564,123.62084910273552,4,19,True
467,8,44,105,4.205912407239278,7.478596149731485,4.205912407239278,123.51313792169094,4,19,True
468,8,44,120,3.549627407391866,4.85560533336692,3.549627407391866,123.43105906620622,4,19,True
469,8,44,135,3.9894097963968913,5.556932756696098,3.9894097963968913,123.66775795817375,4,19,True
470,8,44,150,4.365311603744825,8.993659722860254,4.365311603744825,123.5212292522192,4,19,True
471,8,44,165,4.787756565213203,8.72156877940431,4.787756565213203,124.18751697987318,4,19,True
472,8,44,180,5.788774832089742,6.274336821023372,5.788774832089742,123.74530918896198,4,19,True
473,8,44,195,3.5147205591201782,5.373394161937068,3.5147205591201782,123.28745890408754,4,19,True
474,8,44,210,2.6478494266668955,3.638760513397676,2.6478494266668955,123.23663895949721,4,19,True
475,8,44,225,3.7531527827183404,4.422330944951806,3.7531527827183404,123.20348899811506,4,19,True
476,8,23,30,13.733937199413777,15.754669832686904,13.733937199413777,122.12620116770267,4,19,True
477,8,23,45,12.55976550752918,18.77431537889716,12.55976550752918,121.42418185248971,4,19,True
478,8,23,60,46.98339770622552,77.71184661269018,46.98339770622552,121.28546228632331,4,19,True
479,8,23,75,34.0645737990737,54.34461369935485,34.0645737990737,122.06686101853848,4,18,True
480,8,23,90,9.960390791048606,12.478668081195076,9.960390791048606,121.20092194527388,4,19,True
481,8,23,105,4.867977192082132,6.002358147413736,4.867977192082132,121.35888217017055,4,19,True
482,8,23,120,6.287931889295578,7.841402704107718,6.287931889295578,120.99535204470158,4,19,True
483,8,23,135,11.308235854903858,15.40845254142578,11.308235854903858,121.73845060169697,4,19,True
484,8,23,150,8.50468971033891,11.120204397869426,8.50468971033891,123.84900823235512,4,19,True
485,8,23,165,9.976035256683826,11.162919381193213,9.976035256683826,123.9863377995789,4,19,True
486,8,23,180,20.81779131193956,30.1587169123556,20.81779131193956,123.7414781935513,4,19,True
487,8,23,195,18.83190668759247,28.07929268570911,18.83190668759247,123.66733932867646,4,19,True
488,8,23,210,15.615973202387492,20.16067757934408,15.615973202387492,123.62330825999379,4,19,True
489,8,23,225,6.537534610927105,9.725053995918499,6.537534610927105,123.60218912363052,4,19,True
490,8,53,30,28.72736966510614,43.13258950008443,28.72736966510614,124.00928884744644,4,18,True
491,8,53,45,55.66162544488907,76.49301930292026,55.66162544488907,124.55986719578505,4,18,True
492,8,53,60,28.09535829673211,32.181208112528246,28.09535829673211,124.30064799264073,4,18,True
493,8,53,75,4.948891851305961,7.665083284054926,4.948891851305961,122.72608978673816,4,19,True
494,8,53,90,8.781633693973223,14.428956204732428,8.781633693973223,122.0289608463645,4,19,True
495,8,53,105,9.710885539650917,16.634266463073338,9.710885539650917,121.90979113802314,4,19,True
496,8,53,120,49.3793636371692,79.45012906689406,49.3793636371692,121.7686622403562,4,19,True
497,8,53,135,26.708577834566434,41.231752828668164,26.708577834566434,122.2580298781395,4,18,True
498,8,53,150,51.21127766271432,71.59462163184526,51.21127766271432,122.74421006441116,4,18,True
499,8,53,165,7.994187714656194,12.38419829701488,7.994187714656194,121.89350090920925,4,19,True
500,8,53,180,15.086462579667568,22.02573986863637,15.086462579667568,121.85149220749736,4,19,True
501,8,53,195,10.508308286964894,14.821428028362192,10.508308286964894,122.23787000402808,4,19,True
502,8,53,210,5.900701767206192,7.721557920218356,5.900701767206192,123.61132819205523,4,19,True
503,8,53,225,3.7959277947743733,5.4650455300627385,3.7959277947743733,124.04608819633722,4,19,True
504,8,84,30,45.42384831830859,61.604322019369675,45.42384831830859,123.86777810752392,4,19,True
505,8,84,45,28.054954206260543,35.06821642297783,28.054954206260543,124.38941793516278,4,18,True
506,8,84,60,42.69025624526354,49.48333765305485,42.69025624526354,124.64008806273341,4,18,True
507,8,84,75,4.63166546151042,5.50004696128751,4.63166546151042,123.82222898304462,4,19,True
508,8,84,90,2.136737024163206,2.9738030532239366,2.136737024163206,122.52333108335733,4,19,True
509,8,84,105,2.320286567012469,3.230818946986439,2.320286567012469,121.5668716467917,4,19,True
510,8,84,120,2.065309161444505,2.7594573375574516,2.065309161444505,121.54318206012249,4,19,True
511,8,84,135,8.070804208889603,13.03294666890578,8.070804208889603,121.60724168643355,4,19,True
512,8,84,150,12.366360859076183,15.033276451229861,12.366360859076183,121.61226198077202,4,19,True
513,8,84,165,3.32268062432607,3.73770627773603,3.32268062432607,121.65252212435007,4,19,True
514,8,84,180,3.0679444789886476,3.57826006566213,3.0679444789886476,121.96838110685349,4,19,True
515,8,84,195,14.926287802060445,19.69007444307446,14.926287802060445,121.68371304869652,4,19,True
516,8,84,210,11.863652754326662,14.050671993559282,11.863652754326662,122.171841096133,4,19,True
517,8,84,225,8.051502639551957,10.656004299150986,8.051502639551957,123.55332914739847,4,19,True
518,8,59,30,4.767430582642556,5.650402397475776,4.767430582642556,123.5690088942647,4,19,True
519,8,59,45,2.2191095761954784,3.4862405918322095,2.2191095761954784,123.59163910150528,4,19,True
520,8,59,60,5.816047592212756,6.832151897183586,5.816047592212756,123.62358998507261,4,19,True
521,8,59,75,4.028030667702357,5.001120594954561,4.028030667702357,123.67693893611431,4,19,True
522,8,59,90,4.780625401437282,6.3025925944772805,4.780625401437282,123.58705885708332,4,19,True
523,8,59,105,3.3752025415500007,4.887219228809192,3.3752025415500007,123.64194914698601,4,19,True
524,8,59,120,8.624951843420664,11.51427240370069,8.624951843420664,123.85518895462155,4,19,True
525,8,59,135,9.496760443349679,11.853697962761975,9.496760443349679,123.65858908742666,4,19,True
526,8,59,150,11.158138179779053,12.680455579671747,11.158138179779053,126.04917585849762,4,19,True
527,8,59,165,5.01898709035789,5.759794404071436,5.01898709035789,123.60240891575813,4,19,True
528,8,59,180,3.5688250663069385,4.927938128453534,3.5688250663069385,123.59977001324296,4,19,True
529,8,59,195,5.6657873074213665,6.971180661704477,5.6657873074213665,123.51458892226219,4,19,True
530,8,59,210,10.434333848953248,14.54832463976702,10.434333848953248,123.55071911588311,4,19,True
531,8,59,225,6.329862097899119,7.770664905675359,6.329862097899119,123.75654932111502,4,19,True
532,8,49,30,42.17287021825711,57.295813556762134,42.17287021825711,124.00188902392983,4,19,True
533,8,49,45,55.71265345215797,77.28067358069272,55.71265345215797,124.55805810168386,4,18,True
534,8,49,60,15.22041296561559,25.66771166795568,15.22041296561559,123.86018829420209,4,19,True
535,8,49,75,47.897828391194345,73.51825859781727,47.897828391194345,123.30933101475239,4,19,True
536,8,49,90,35.15724635819594,49.22082088658779,35.15724635819594,124.22536918893456,4,18,True
537,8,49,105,28.626325716574986,42.71274323006374,28.626325716574986,123.67020919919014,4,19,True
538,8,49,120,44.28693237602711,55.66678137368967,44.28693237602711,123.72846901416779,4,19,True
539,8,49,135,37.88577532755832,55.030956340397445,37.88577532755832,155.32007394358516,5,18,True
540,8,49,150,54.798306216920416,79.33505799474281,54.798306216920416,155.8193820528686,5,18,True
541,8,49,165,12.991614173849424,16.496852481339833,12.991614173849424,123.99266893044114,4,19,True
542,8,49,180,3.9339788794517516,5.254407846063365,3.9339788794517516,125.68269716575742,4,19,True
543,8,49,195,3.9678759892781574,4.73602859238029,3.9678759892781574,123.25954018160701,4,19,True
544,8,49,210,3.177208344141642,3.758133606394316,3.177208344141642,123.39779967442155,4,19,True
545,8,49,225,2.52312212785085,3.4543401418065613,2.52312212785085,124.0084390155971,4,19,True
546,8,7,30,30.339493480448922,45.43682017004983,30.339493480448922,124.20604890212417,4,18,True
547,8,7,45,32.92125032345454,53.347040831381776,32.92125032345454,124.36101911589503,4,18,True
548,8,7,60,1.94558241267999,2.3863410551517683,1.94558241267999,123.61196987330914,4,19,True
549,8,7,75,1.1544326146443684,1.5768448434240379,1.1544326146443684,122.79764097183943,4,19,True
550,8,7,90,14.216238339742025,20.67525203961694,14.216238339742025,121.78516294807196,4,19,True
551,8,7,105,9.098436501125494,12.12360550174817,9.098436501125494,122.03522073104978,4,19,True
552,8,7,120,23.91098916878303,36.145914713380606,23.91098916878303,121.90949311479926,4,19,True
553,8,7,135,14.205859033266703,19.037135592697776,14.205859033266703,121.96223204955459,4,19,True
554,8,7,150,13.86883869767189,20.869662009292387,13.86883869767189,122.08230188116431,4,19,True
555,8,7,165,25.58163963109255,32.09494216606103,25.58163963109255,121.80776195600629,4,19,True
556,8,7,180,12.645305619637172,18.121392837547017,12.645305619637172,122.07487178966403,4,19,True
557,8,7,195,11.336244792739551,13.017355438412771,11.336244792739551,122.32141196727753,4,19,True
558,8,7,210,17.81685584684213,23.399917748923738,17.81685584684213,123.87435883283615,4,19,True
559,8,7,225,9.31536506017049,14.146912885026172,9.31536506017049,123.94462898373604,4,19,True
560,8,47,30,9.855997943878174,11.787249224657351,9.855997943878174,123.97598987445235,4,19,True
561,8,47,45,11.198367373148601,13.17389138471552,11.198367373148601,123.82780993357301,4,19,True
562,8,47,60,9.75081590016683,10.365571930027834,9.75081590016683,121.81085208430886,4,19,True
563,8,47,75,10.709040609995524,12.627296783833504,10.709040609995524,122.78930097818375,4,19,True
564,8,47,90,16.454034169514973,21.85733424139412,16.454034169514973,122.09524214267731,4,19,True
565,8,47,105,17.467460014422734,24.72729989250672,17.467460014422734,122.0844117924571,4,19,True
566,8,47,120,37.61222744782766,42.99587109170558,37.61222744782766,122.90152115747333,4,18,True
567,8,47,135,12.253756111549835,14.870860406918423,12.253756111549835,122.25111108273268,4,19,True
568,8,47,150,6.584733173934122,7.758664748220932,6.584733173934122,122.0477120950818,4,19,True
569,8,47,165,3.6926323254903157,4.580297143834802,3.6926323254903157,122.1739617176354,4,19,True
570,8,47,180,4.679095307985942,5.285132530510388,4.679095307985942,123.51098982617259,4,19,True
571,8,47,195,3.2680440823237102,3.9809206070475898,3.2680440823237102,124.08337881788611,4,19,True
572,8,47,210,2.988197088241577,3.43571468214362,2.988197088241577,124.0315199829638,4,19,True
573,8,47,225,4.865301831563314,6.972647443436339,4.865301831563314,124.07486885786057,4,19,True
574,8,30,30,21.717628081639607,34.1609680142571,21.717628081639607,123.84722987189889,4,19,True
575,8,30,45,7.220253339409828,9.795336152303141,7.220253339409828,123.84800892323256,4,19,True
576,8,30,60,3.7811946119414643,6.279671217465078,3.7811946119414643,123.87123005464673,4,19,True
577,8,30,75,5.96953918588891,7.874081928413002,5.96953918588891,123.64692986011505,4,19,True
578,8,30,90,1.2451813323539682,1.6194100096553723,1.2451813323539682,123.78007918596268,4,19,True
579,8,30,105,6.4937246935752535,12.504673114543053,6.4937246935752535,123.62500000745058,4,19,True
580,8,30,120,22.646501630793015,33.8504636965955,22.646501630793015,123.8288190215826,4,19,True
581,8,30,135,14.366212459405263,25.78427017271248,14.366212459405263,124.13860997185111,4,19,True
582,8,30,150,17.655093955993653,31.795507476979726,17.655093955993653,123.89269890263677,4,19,True
583,8,30,165,28.78017928202947,45.94894223650079,28.78017928202947,124.5192177593708,4,18,True
584,8,30,180,6.216145871082942,10.662007882514015,6.216145871082942,123.9074501208961,4,19,True
585,8,30,195,3.262905224164327,4.55711878753974,3.262905224164327,123.9969888702035,4,19,True
586,8,30,210,1.3158463028570015,1.711657478019867,1.3158463028570015,123.80080902948976,4,19,True
587,8,30,225,1.247591502716144,1.5271386112457042,1.247591502716144,124.01679018512368,4,19,True
588,14,83,30,29.13654256661733,32.58907537767347,29.13654256661733,124.83740784227848,4,18,True
589,14,83,45,11.503333959976832,20.16850490028588,11.503333959976832,124.03833959251642,4,19,True
590,14,83,60,17.355623095979293,22.399328409483566,17.355623095979293,123.98579996079206,4,19,True
591,14,83,75,10.0181629255414,15.883835108880357,10.0181629255414,123.95145883783698,4,19,True
592,14,83,90,9.166742698351543,13.481664577226217,9.166742698351543,123.60598985105753,4,19,True
593,14,83,105,17.843525523195662,39.672513466184476,17.843525523195662,125.47801714390516,4,19,True
594,14,83,120,21.827033451696238,37.99364943471095,21.827033451696238,126.04532670229673,4,18,True
595,14,83,135,19.194793292880057,36.09362933205536,19.194793292880057,124.17758908122778,4,19,True
596,14,83,150,13.859499474366507,18.564964945513598,13.859499474366507,125.51267817616463,4,18,True
597,14,83,165,12.852695963531733,18.92922586201722,12.852695963531733,122.94433079659939,4,19,True
598,14,83,180,5.213714241236448,6.279209282990065,5.213714241236448,122.0878129824996,4,19,True
599,14,83,195,10.361118100831906,20.708525132736437,10.361118100831906,121.98570230975747,4,19,True
600,14,83,210,8.941033577173949,12.126197178801785,8.941033577173949,122.14918341487646,4,19,True
601,14,83,225,12.471809241424005,17.370528403044126,12.471809241424005,122.11403297260404,4,19,True
602,14,15,30,18.995072596271832,26.83955659895804,18.995072596271832,123.38504008948803,4,18,True
603,14,15,45,3.6740549564361573,5.4391825042293,3.6740549564361573,124.17995976284146,4,19,True
604,14,15,60,6.22524258295695,8.815262447015096,6.22524258295695,123.94114024937153,4,19,True
605,14,15,75,1.8587209979693096,2.3107173897147644,1.8587209979693096,123.89406003057957,4,19,True
606,14,15,90,1.8554328521092733,2.073022515701258,1.8554328521092733,123.93866013735533,4,19,True
607,14,15,105,1.6107967933019003,1.9375115188349652,1.6107967933019003,123.9758599549532,4,19,True
608,14,15,120,1.773512639834856,1.983508875867005,1.773512639834856,124.0518786944449,4,19,True
609,14,15,135,2.215655353106558,3.194157071748774,2.215655353106558,123.86971013620496,4,19,True
610,14,15,150,8.18903913249572,12.740384007791311,8.18903913249572,123.99821914732456,4,19,True
611,14,15,165,11.448807116846243,16.657311470716607,11.448807116846243,123.91324993222952,4,19,True
612,14,15,180,1.6769113299126426,2.0464986663339775,1.6769113299126426,123.83801024407148,4,19,True
613,14,15,195,4.8246278941631315,7.475600351107883,4.8246278941631315,123.88268997892737,4,19,True
614,14,15,210,4.779484968384107,6.160325763685043,4.779484968384107,124.25028020516038,4,19,True
615,14,15,225,3.055637860680387,4.087743426581167,3.055637860680387,123.89727029949427,4,19,True
616,14,3,30,17.72973884741465,21.24687664646284,17.72973884741465,123.62755974754691,4,19,True
617,14,3,45,18.500128885110218,28.205067232698628,18.500128885110218,123.84540075436234,4,19,True
618,14,3,60,20.797760978341103,28.49664049893588,20.797760978341103,124.59632894024253,4,18,True
619,14,3,75,20.77974406182766,30.089177978575513,20.77974406182766,123.96002979949117,4,19,True
620,14,3,90,24.606481067836285,33.85139889228491,24.606481067836285,125.03405893221498,4,18,True
621,14,3,105,4.794811020170649,5.669880647179046,4.794811020170649,123.98184975609183,4,19,True
622,14,3,120,3.095470370228092,3.8756778017469617,3.095470370228092,124.05161978676915,4,19,True
623,14,3,135,7.934005904942751,14.07217064780145,7.934005904942751,123.69814002886415,4,19,True
624,14,3,150,20.047572511434556,23.763384542555237,20.047572511434556,123.86556109413505,4,19,True
625,14,3,165,8.322068188587824,10.528840617718629,8.322068188587824,123.8566399551928,4,19,True
626,14,3,180,6.352682144443194,7.861060004437944,6.352682144443194,123.82803112268448,4,19,True
627,14,3,195,16.932747092843055,23.825993801811137,16.932747092843055,123.80704982206225,4,19,True
628,14,3,210,10.116567373275757,12.967893577267288,10.116567373275757,124.05969016253948,4,19,True
629,14,3,225,4.0150693386793135,6.50087609679261,4.0150693386793135,123.90478095039725,4,19,True
630,14,35,30,20.898464004447064,31.823469879386323,20.898464004447064,123.94615029916167,4,19,True
631,14,35,45,34.98409962505102,55.006944733606446,34.98409962505102,123.85956989601254,4,19,True
632,14,35,60,19.970364809036255,24.239501071759207,19.970364809036255,123.98864002898335,4,19,True
633,14,35,75,9.466096329689027,12.064812934092272,9.466096329689027,124.06878964975476,4,19,True
634,14,35,90,7.9828751166661585,9.009384492850899,7.9828751166661585,123.92521975561976,4,19,True
635,14,35,105,6.480147451162338,10.647935692637818,6.480147451162338,123.80876112729311,4,19,True
636,14,35,120,8.228076539436977,12.295153741899052,8.228076539436977,123.85999038815498,4,19,True
637,14,35,135,9.065332440535228,11.405394946525865,9.065332440535228,123.94924089312553,4,19,True
638,14,35,150,4.9078409676750505,7.082206581087213,4.9078409676750505,123.95985005423427,4,19,True
639,14,35,165,5.539954353896125,7.498788374107729,5.539954353896125,123.66097141057253,4,19,True
640,14,35,180,2.5188767122725646,2.9261197840303272,2.5188767122725646,123.99651994928718,4,19,True
641,14,35,195,2.0110891168316205,2.7981559165569463,2.0110891168316205,123.81162028759718,4,19,True
642,14,35,210,2.0254763695100944,2.592951502089158,2.0254763695100944,124.07010002061725,4,19,True
643,14,35,225,6.523379482383219,10.096566225495557,6.523379482383219,123.95616015419364,4,19,True
644,14,48,30,7.293695791562398,9.281268956393312,7.293695791562398,123.9658398553729,4,19,True
645,14,48,45,4.644012413422266,5.831721638989319,4.644012413422266,123.77510033547878,4,19,True
646,14,48,60,13.235251582041382,18.33010883194992,13.235251582041382,123.84990090504289,4,19,True
647,14,48,75,13.90127094189326,20.82545671546353,13.90127094189326,123.57102101668715,4,19,True
648,14,48,90,8.288811981678009,12.953121820016792,8.288811981678009,123.87754116207361,4,19,True
649,14,48,105,5.02854226231575,6.92158214757221,5.02854226231575,123.71004093438387,4,19,True
650,14,48,120,5.4594442794720335,6.690544192733526,5.4594442794720335,123.80949966609478,4,19,True
651,14,48,135,3.9804389595985414,4.561601638258177,3.9804389595985414,124.06595097854733,4,19,True
652,14,48,150,3.4771026148150366,4.885104148872533,3.4771026148150366,123.799460940063,4,19,True
653,14,48,165,4.577085620102783,6.9297740946410995,4.577085620102783,123.95866122096777,4,19,True
654,14,48,180,2.962473304197192,3.391833955879528,2.962473304197192,124.2880099453032,4,19,True
655,14,48,195,7.586693307757377,11.948374488399374,7.586693307757377,128.4954040311277,4,19,True
656,14,48,210,6.065064959973097,8.694451757486034,6.065064959973097,124.03324013575912,4,19,True
657,14,48,225,2.570687744518121,2.9812359054502955,2.570687744518121,123.50443191826344,4,19,True
658,14,22,30,11.583780808498462,18.062740246984976,11.583780808498462,124.02133969590068,4,19,True
659,14,22,45,10.41517922282219,14.976545377468547,10.41517922282219,123.58126090839505,4,19,True
660,14,22,60,15.426620702197154,19.095993504565353,15.426620702197154,124.05400024726987,4,19,True
661,14,22,75,7.2830746908982595,11.024781294218762,7.2830746908982595,123.74026095494628,4,19,True
662,14,22,90,6.1641401448597515,9.488718911942852,6.1641401448597515,123.81572090089321,4,19,True
663,14,22,105,4.713667787487308,7.251423844815046,4.713667787487308,123.75169061124325,4,19,True
664,14,22,120,7.686597147211432,9.383691917594954,7.686597147211432,123.53328196331859,4,19,True
665,14,22,135,4.417375997702281,5.86013918767241,4.417375997702281,123.60265105962753,4,19,True
666,14,22,150,2.6053696687022847,3.864282518321985,2.6053696687022847,123.43387166038156,4,19,True
667,14,22,165,6.443874098593369,9.375664964125669,6.443874098593369,123.57673095539212,4,19,True
668,14,22,180,1.4355730301545313,2.0816277514355885,1.4355730301545313,123.88516124337912,4,19,True
669,14,22,195,5.532267128179471,10.328412589122287,5.532267128179471,123.93183074891567,4,19,True
670,14,22,210,4.022974838813146,6.283798969246594,4.022974838813146,123.83554130792618,4,19,True
671,14,22,225,4.12453730320558,4.766042259567825,4.12453730320558,124.80218894779682,4,19,True
672,14,55,30,35.95229449247321,54.57454029552582,35.95229449247321,124.83718898147345,4,18,True
673,14,55,45,2.371794405952096,2.9186984523042696,2.371794405952096,123.84365126490593,4,19,True
674,14,55,60,5.159180476268133,8.384772950977217,5.159180476268133,123.51416191086173,4,19,True
675,14,55,75,3.0124910255273183,3.6237293016707475,3.0124910255273183,123.42024082317948,4,19,True
676,14,55,90,1.3638073056936264,1.7318824513910605,1.3638073056936264,123.31096082925797,4,19,True
677,14,55,105,1.3106818437576293,1.69373554802946,1.3106818437576293,123.00103297457099,4,19,True
678,14,55,120,1.326249929269155,1.7001328228840462,1.326249929269155,121.83712422847748,4,19,True
679,14,55,135,1.4025802473227182,1.7240320068901196,1.4025802473227182,122.07003403455019,4,19,True
680,14,55,150,7.347497303287188,14.172143171605324,7.347497303287188,122.08838295191526,4,19,True
681,14,55,165,11.74691589375337,16.899222240207003,11.74691589375337,121.91762402653694,4,19,True
682,14,55,180,2.7077279726664227,3.3814835928949396,2.7077279726664227,122.10611440241337,4,19,True
683,14,55,195,2.4077736218770345,3.4283419458734494,2.4077736218770345,122.05509375780821,4,19,True
684,14,55,210,2.528562593460083,4.08630528311263,2.528562593460083,122.11094424128532,4,19,True
685,14,55,225,2.207470456759135,3.8483608901836344,2.207470456759135,122.18719441443682,4,19,True
686,14,4,30,13.620126688480378,20.33732181758112,13.620126688480378,124.01529029011726,4,19,True
687,14,4,45,24.55490175088247,40.62256206650969,24.55490175088247,124.04301203787327,4,19,True
688,14,4,60,29.21002801681558,47.33194781553002,29.21002801681558,124.86023921519518,4,18,True
689,14,4,75,4.82457415064176,6.327123977497344,4.82457415064176,124.0829611197114,4,19,True
690,14,4,90,1.6673098808154463,2.2298230206092713,1.6673098808154463,123.65233199670911,4,19,True
691,14,4,105,6.1829991664737465,8.67934837077136,6.1829991664737465,123.94772097468376,4,19,True
692,14,4,120,3.938312448995809,5.338212072991136,3.938312448995809,124.06864110380411,4,19,True
693,14,4,135,6.083222918212414,9.511831385417791,6.083222918212414,123.87072062119842,4,19,True
694,14,4,150,21.956697898109756,34.984813019669346,21.956697898109756,123.79975104704499,4,19,True
695,14,4,165,13.31331241093576,21.21485765302254,13.31331241093576,123.8542408682406,4,19,True
696,14,4,180,11.3153220752875,17.35115854995039,11.3153220752875,124.30509133264422,4,19,True
697,14,4,195,4.546385510762533,7.627298481262206,4.546385510762533,123.86490078642964,4,19,True
698,14,4,210,4.90228831966718,6.33359081446432,4.90228831966718,123.84747108444571,4,19,True
699,14,4,225,7.829057721296946,10.181926275247452,7.829057721296946,123.86100087314844,4,19,True
700,14,45,30,36.174870347976686,41.19054927355515,36.174870347976686,124.67035138979554,4,18,True
701,14,45,45,4.75645447447896,6.54926797267773,4.75645447447896,124.03666088357568,4,19,True
702,14,45,60,3.171755670631925,4.268244616114436,3.171755670631925,123.8788110204041,4,19,True
703,14,45,75,4.4178152046942465,6.675028464462623,4.4178152046942465,123.82574193179607,4,19,True
704,14,45,90,3.920550032161797,5.093259489813256,3.920550032161797,123.97783109918237,4,19,True
705,14,45,105,2.0913993308941525,2.697116575487382,2.0913993308941525,123.9921017549932,4,19,True
706,14,45,120,3.567586546142896,4.602349733105842,3.567586546142896,123.87949181720614,4,19,True
707,14,45,135,3.5770749072233836,7.015355431242124,3.5770749072233836,123.97617101669312,4,19,True
708,14,45,150,24.592795192201933,46.69805289514234,24.592795192201933,123.54511115700006,4,19,True
709,14,45,165,42.23598257700602,69.38365605868816,42.23598257700602,155.6871049106121,5,18,True
710,14,45,180,28.977407439549765,42.5956421480401,28.977407439549765,125.05342997610569,4,18,True
711,14,45,195,5.632353339344263,7.4286733866837364,5.632353339344263,123.95192217081785,4,19,True
712,14,45,210,4.194808276370168,5.725028680017163,4.194808276370168,123.99817211553454,4,19,True
713,14,45,225,5.753853084643682,6.61805724380718,5.753853084643682,123.91046108677983,4,19,True
714,14,60,30,10.61979247132937,15.041430461724461,10.61979247132937,123.88865230605006,4,19,True
715,14,60,45,15.01229079067707,21.53018106309628,15.01229079067707,123.95223183557391,4,19,True
716,14,60,60,7.646567852298419,13.66621843189572,7.646567852298419,123.89473104849458,4,19,True
717,14,60,75,6.623948610822359,11.5365322554842,6.623948610822359,124.03190229088068,4,19,True
718,14,60,90,6.768217970927556,9.328167996092123,6.768217970927556,124.13973128423095,4,19,True
719,14,60,105,2.1727553407351174,2.66025529108407,2.1727553407351174,124.02400141581893,4,19,True
720,14,60,120,1.6745541453361512,2.2174018737924466,1.6745541453361512,123.61179292201996,4,19,True
721,14,60,135,1.6463014602661132,2.101764448964126,1.6463014602661132,123.8794308155775,4,19,True
722,14,60,150,1.709053103129069,2.16244628038631,1.709053103129069,123.92614176496863,4,19,True
723,14,60,165,2.819869383176168,4.793826583539627,2.819869383176168,124.02771227061749,4,19,True
724,14,60,180,4.758892500400544,6.888994950084257,4.758892500400544,123.76605113968253,4,19,True
725,14,60,195,3.7735717495282493,4.909933840823363,3.7735717495282493,123.8970011472702,4,19,True
726,14,60,210,2.1610749403635663,3.1494067588604766,2.1610749403635663,122.99637263640761,4,19,True
727,14,60,225,3.6273662745952606,5.1282664375188025,3.6273662745952606,123.90330201014876,4,19,True
728,14,26,30,38.68455617129803,60.17012137058776,38.68455617129803,155.5725960060954,5,18,True
729,14,26,45,11.38481211711963,14.023357544315585,11.38481211711963,124.10370213910937,4,19,True
730,14,26,60,12.094679304584862,17.172734179142758,12.094679304584862,124.01650100946426,4,19,True
731,14,26,75,9.477148075867444,15.60416877684588,9.477148075867444,124.30192204192281,4,19,True
732,14,26,90,10.293639110525449,13.938104846681888,10.293639110525449,124.14577091112733,4,19,True
733,14,26,105,6.038630271869867,8.805426266597662,6.038630271869867,124.10089187324047,4,19,True
734,14,26,120,5.952806422063926,7.7774744748786055,5.952806422063926,123.9384519867599,4,19,True
735,14,26,135,1.17288198346893,1.6165584462830591,1.17288198346893,124.06815122812986,4,19,True
736,14,26,150,2.874565567226091,5.92806556539555,2.874565567226091,123.95935179665685,4,19,True
737,14,26,165,14.680132994055748,23.82225221148285,14.680132994055748,123.77797160297632,4,19,True
738,14,26,180,2.588453844189644,3.2230662716253637,2.588453844189644,123.85104177519679,4,19,True
739,14,26,195,4.83432499418656,5.932759842278739,4.83432499418656,124.1011219099164,4,19,True
740,14,26,210,5.235630856640637,7.853170055154679,5.235630856640637,123.63334279507399,4,19,True
741,14,26,225,7.346887311215202,9.099220680152934,7.346887311215202,123.82087064906955,4,19,True
742,14,21,30,6.053527754545212,8.836542198231138,6.053527754545212,123.814782127738,4,19,True
743,14,21,45,4.608922751309971,7.368472307102825,4.608922751309971,124.02264075353742,4,19,True
744,14,21,60,8.950567817687988,13.386151917703147,8.950567817687988,123.87855304405093,4,19,True
745,14,21,75,13.468922515710195,23.243527516401453,13.468922515710195,124.72703028470278,4,19,True
746,14,21,90,16.144965347399314,23.22411134785878,16.144965347399314,124.26760187372565,4,19,True
747,14,21,105,3.5721770604451497,4.757090215688341,3.5721770604451497,123.79559222608805,4,19,True
748,14,21,120,1.8237845035114637,2.2678545901710048,1.8237845035114637,124.71962114796042,4,19,True
749,14,21,135,1.7079266014353682,2.153453041460253,1.7079266014353682,123.90193156898022,4,19,True
750,14,21,150,1.4762985706329346,1.8144808208462098,1.4762985706329346,123.95359203219414,4,19,True
751,14,21,165,2.613580212990443,4.3024924284805195,2.613580212990443,123.89842187985778,4,19,True
752,14,21,180,2.7279462312658627,4.1488797265561965,2.7279462312658627,123.81046172231436,4,19,True
753,14,21,195,4.115819589296977,5.787164130927145,4.115819589296977,123.88649210333824,4,19,True
754,14,21,210,3.420928044120471,4.31498711712988,3.420928044120471,123.95683210343122,4,19,True
755,14,21,225,1.734909858306249,2.226369644198768,1.734909858306249,124.11058181896806,4,19,True
756,14,44,30,18.641298166910808,24.849804419901194,18.641298166910808,123.66005219519138,4,19,True
757,14,44,45,3.712598047653834,6.011149099674611,3.712598047653834,124.00273187085986,4,19,True
758,14,44,60,8.314081201950708,12.996539915458207,8.314081201950708,123.86055197566748,4,19,True
759,14,44,75,9.010496175289154,15.08599974365119,9.010496175289154,122.96811398118734,4,19,True
760,14,44,90,6.131264740228653,10.501530507221204,6.131264740228653,122.18987522646785,4,19,True
761,14,44,105,6.297712282836438,9.371667982717513,6.297712282836438,121.92633468657732,4,19,True
762,14,44,120,7.040977250536283,9.282201161601085,7.040977250536283,122.22767528146505,4,19,True
763,14,44,135,11.314650019258261,19.818966261509413,11.314650019258261,122.14349396526814,4,19,True
764,14,44,150,15.786295972267787,27.810078077219472,15.786295972267787,122.33980465680361,4,19,True
765,14,44,165,7.866746258735657,12.676083305437341,7.866746258735657,122.03149497509003,4,19,True
766,14,44,180,9.478891780848304,13.115284511307808,9.478891780848304,121.94763496518135,4,19,True
767,14,44,195,9.924305942778785,15.274591044433896,9.924305942778785,122.35608510673046,4,19,True
768,14,44,210,6.3604895457625386,9.047218062197837,6.3604895457625386,123.74007236212492,4,19,True
769,14,44,225,10.76157944003741,12.478415768335696,10.76157944003741,123.52877296507359,4,19,True
770,14,23,30,24.88267415314913,44.10737686185367,24.88267415314913,124.03371185064316,4,19,True
771,14,23,45,38.685609033952154,65.66172273365275,38.685609033952154,123.76128323376179,4,19,True
772,14,23,60,59.09785536775986,96.58088689483823,59.09785536775986,155.3965569473803,5,18,True
773,14,23,75,9.442030874888102,15.591501894779478,9.442030874888102,124.01955295354128,4,19,True
774,14,23,90,10.511845914522807,17.01166808968355,10.511845914522807,123.73851193115115,4,19,True
775,14,23,105,20.79014490159849,33.56034659370026,20.79014490159849,123.90179187059402,4,19,True
776,14,23,120,52.45563814441363,84.2647753135226,52.45563814441363,124.9404321424663,4,18,True
777,14,23,135,54.19052038788796,86.27173121073474,54.19052038788796,155.6451371870935,5,18,True
778,14,23,150,35.64757017940283,49.561329300823715,35.64757017940283,123.90030222013593,4,19,True
779,14,23,165,11.233019020656744,12.48585383137236,11.233019020656744,123.87033272534609,4,19,True
780,14,23,180,12.373533696929615,23.28801196521036,12.373533696929615,123.82316216826439,4,19,True
781,14,23,195,36.21229611945649,56.029848516310516,36.21229611945649,123.78444289788604,4,19,True
782,14,23,210,47.170341606251895,76.93860701452435,47.170341606251895,124.5973608456552,4,18,True
783,14,23,225,29.161865707548955,43.36421559523409,29.161865707548955,125.06370013579726,4,18,True
784,14,53,30,14.115269629160563,21.70458642745152,14.115269629160563,124.17618185281754,4,19,True
785,14,53,45,12.638013776143392,16.30936585415932,12.638013776143392,124.1993228904903,4,19,True
786,14,53,60,26.154584586123626,31.744461599287327,26.154584586123626,124.09100169315934,4,19,True
787,14,53,75,18.19603286534548,26.646122686002006,18.19603286534548,123.94590303301811,4,19,True
788,14,53,90,15.00329607129097,22.421825722354058,15.00329607129097,124.01096196845174,4,19,True
789,14,53,105,2.0884445031483967,2.424086753466792,2.0884445031483967,123.2762043364346,4,19,True
790,14,53,120,3.9811407923077544,5.113312093577647,3.9811407923077544,122.19486525282264,4,19,True
791,14,53,135,1.9661947511757414,2.2307678352005587,1.9661947511757414,122.03727476298809,4,19,True
792,14,53,150,1.2698766897122065,1.6523432392978914,1.2698766897122065,122.14268511161208,4,19,True
793,14,53,165,1.191131474574407,1.5959012771124879,1.191131474574407,122.10704619064927,4,19,True
794,14,53,180,2.0243419547875723,2.8705775444380666,2.0243419547875723,122.01869487762451,4,19,True
795,14,53,195,10.719412370522816,14.331754831550736,10.719412370522816,122.18579510226846,4,19,True
796,14,53,210,12.513363431394101,15.067526545182,12.513363431394101,121.94064492359757,4,19,True
797,14,53,225,12.166209798381896,14.31011988200228,12.166209798381896,121.9248459674418,4,19,True
798,14,84,30,2.62601291735967,3.7347918906399267,2.62601291735967,123.81810182705522,4,19,True
799,14,84,45,2.9273040354251862,4.14305706531674,2.9273040354251862,123.98908194154501,4,19,True
800,14,84,60,2.674886061747869,3.8090307970336466,2.674886061747869,123.99632297456264,4,19,True
801,14,84,75,2.587320423126221,3.8020528357225944,2.587320423126221,123.89198318123817,4,19,True
802,14,84,90,1.712618699669838,2.1275719070160872,1.712618699669838,123.43481322750449,4,19,True
803,14,84,105,1.614726714293162,1.9891529592412547,1.614726714293162,121.7536460608244,4,19,True
804,14,84,120,2.2513946255048114,3.0955806281247447,2.2513946255048114,121.96747586131096,4,19,True
805,14,84,135,2.1225340525309244,2.957697130279568,2.1225340525309244,122.00049497187138,4,19,True
806,14,84,150,2.077154024442037,2.9615268673121613,2.077154024442037,122.03858513385057,4,19,True
807,14,84,165,2.1947815835475923,3.059177225189663,2.1947815835475923,122.01114604249597,4,19,True
808,14,84,180,5.0067605321606,5.966390215093621,5.0067605321606,122.39001505076885,4,19,True
809,14,84,195,7.310740967591603,10.503903161171138,7.310740967591603,122.22294509410858,4,19,True
810,14,84,210,16.583317521214486,26.041769274441457,16.583317521214486,122.07458587363362,4,19,True
811,14,84,225,15.377111433943112,19.406397212673195,15.377111433943112,123.77056293189526,4,19,True
812,14,59,30,32.17930108805498,45.150146355934666,32.17930108805498,124.55297214910388,4,18,True
813,14,59,45,20.15739940640827,25.14696750118302,20.15739940640827,124.03014302253723,4,19,True
814,14,59,60,5.399938702583313,7.938704826241297,5.399938702583313,123.74604307115078,4,19,True
815,14,59,75,5.494010472794374,7.875418964799292,5.494010472794374,124.04763279482722,4,19,True
816,14,59,90,2.7872514838973683,3.210869288537433,2.7872514838973683,123.89912316575646,4,19,True
817,14,59,105,4.503843511889378,6.562494905603433,4.503843511889378,123.93949273973703,4,19,True
818,14,59,120,10.57511110305786,13.641037099080343,10.57511110305786,123.62122302874923,4,19,True
819,14,59,135,7.2331024716297785,8.817480181554926,7.2331024716297785,123.6138241365552,4,19,True
820,14,59,150,6.965770245591799,11.319189662496852,6.965770245591799,123.65439301356673,4,19,True
821,14,59,165,11.20937689691782,17.36717241743293,11.20937689691782,123.69240401312709,4,19,True
822,14,59,180,5.51578078965346,6.938761645688193,5.51578078965346,123.64562321454287,4,19,True
823,14,59,195,9.980321184794109,12.06502112695469,9.980321184794109,123.80645330995321,4,19,True
824,14,59,210,8.763635465006034,10.079097458015381,8.763635465006034,123.84229293093085,4,19,True
825,14,59,225,11.731233810385069,13.676832154579083,11.731233810385069,124.04730310663581,4,19,True
826,14,49,30,18.388901574164628,25.85228375334755,18.388901574164628,123.5309038311243,4,19,True
827,14,49,45,11.55283276339372,13.637785050512317,11.55283276339372,123.86485328897834,4,19,True
828,14,49,60,7.712613354126613,9.164781599645917,7.712613354126613,124.013792257756,4,19,True
829,14,49,75,8.360273957252502,11.262486042866845,8.360273957252502,124.02261234819889,4,19,True
830,14,49,90,7.967037933071454,10.420577141205596,7.967037933071454,123.94105410203338,4,19,True
831,14,49,105,8.946608019868533,10.778043618554124,8.946608019868533,123.93522309139371,4,19,True
832,14,49,120,3.315956847916823,4.02169229574941,3.315956847916823,123.91297286376357,4,19,True
833,14,49,135,6.407405219972134,7.2916394325474805,6.407405219972134,123.7752428278327,4,19,True
834,14,49,150,2.253219309945901,2.6085684761577412,2.253219309945901,123.67301294580102,4,19,True
835,14,49,165,2.107166842619578,2.777575246163729,2.107166842619578,123.9745831117034,4,19,True
836,14,49,180,3.6691879494755995,4.968566284029724,3.6691879494755995,124.5451932772994,4,19,True
837,14,49,195,8.192555816842166,10.423481839690098,8.192555816842166,125.44255098327994,4,19,True
838,14,49,210,14.806147086620332,15.84342294102833,14.806147086620332,124.25248278304935,4,19,True
839,14,49,225,5.572494300206502,5.880850175497246,5.572494300206502,123.83632315322757,4,19,True
840,14,7,30,8.140149239699046,10.929892925234482,8.140149239699046,124.06934285536408,4,19,True
841,14,7,45,6.928521394729614,10.553834944245088,6.928521394729614,123.9205626770854,4,19,True
842,14,7,60,11.635740492733506,17.8289873053638,11.635740492733506,123.098183888942,4,19,True
843,14,7,75,19.984016092742483,27.118869874565075,19.984016092742483,121.93185603246093,4,19,True
844,14,7,90,15.695781975612045,23.60280292751551,15.695781975612045,122.05097591504455,4,19,True
845,14,7,105,6.10579525778691,8.947568881100054,6.10579525778691,122.01274605467916,4,19,True
846,14,7,120,8.20955235560735,9.186053452926007,8.20955235560735,121.9946458004415,4,19,True
847,14,7,135,3.895906796058019,5.331812575192428,3.895906796058019,122.13127594441175,4,19,True
848,14,7,150,6.7651722356677055,8.690513374775971,6.7651722356677055,122.054826002568,4,19,True
849,14,7,165,11.74498653014501,13.850622521991149,11.74498653014501,122.08053609356284,4,19,True
850,14,7,180,2.710047431786855,3.0697782924052244,2.710047431786855,122.474264819175,4,19,True
851,14,7,195,10.972146976614992,16.392669564684358,10.972146976614992,123.97945392876863,4,19,True
852,14,7,210,9.707721624275049,12.061752875493264,9.707721624275049,124.11971343681216,4,19,True
853,14,7,225,13.32976428469022,17.10610714323502,13.32976428469022,123.80924401804805,4,19,True
854,14,47,30,5.110417366027832,5.931291193124487,5.110417366027832,124.14282280951738,4,19,True
855,14,47,45,5.431621360778808,5.962869674757563,5.431621360778808,123.8233339972794,4,19,True
856,14,47,60,5.528426710764567,6.162259768787904,5.528426710764567,124.1733729839325,4,19,True
857,14,47,75,5.665562121073405,6.288197268269846,5.665562121073405,123.8538040779531,4,19,True
858,14,47,90,5.71116107304891,6.281731390240832,5.71116107304891,121.6830862686038,4,19,True
859,14,47,105,5.503359540303548,6.092031704838989,5.503359540303548,122.1638759598136,4,19,True
860,14,47,120,5.632353369394938,6.246083642919649,5.632353369394938,122.10314674302936,4,19,True
861,14,47,135,5.638091691335043,6.261989686669793,5.638091691335043,122.11968610063195,4,19,True
862,14,47,150,5.621079158782959,6.195883628982742,5.621079158782959,121.81541696190834,4,19,True
863,14,47,165,8.945218821366629,12.170209243008864,8.945218821366629,121.87513709068298,4,19,True
864,14,47,180,9.544333005944887,12.055192837173122,9.544333005944887,122.02341621741652,4,19,True
865,14,47,195,10.15579243004322,12.809988766925139,10.15579243004322,122.10609717294574,4,19,True
866,14,47,210,16.202775359153748,17.645388241044397,16.202775359153748,123.3532140031457,4,19,True
867,14,47,225,6.44574122428894,7.093087785565098,6.44574122428894,124.3351730518043,4,19,True
868,14,30,30,3.17867960135142,4.380801060546481,3.17867960135142,124.1116439923644,4,19,True
869,14,30,45,9.090860657890637,12.279833063926999,9.090860657890637,124.10959275439382,4,19,True
870,14,30,60,13.33749115963777,15.176826988275932,13.33749115963777,124.10177430137992,4,19,True
871,14,30,75,3.7366910696029665,5.168960403601978,3.7366910696029665,123.65997396409512,4,19,True
872,14,30,90,3.645616172812879,5.326251171510477,3.645616172812879,123.79416404291987,4,19,True
873,14,30,105,2.1557896299287678,2.65095405009038,2.1557896299287678,123.66046383976936,4,19,True
874,14,30,120,2.0810148881127435,2.692756234850844,2.0810148881127435,123.85170394554734,4,19,True
875,14,30,135,3.7084250138451655,5.832395411726586,3.7084250138451655,123.91531374305487,4,19,True
876,14,30,150,1.4898013770580292,2.447884046270836,1.4898013770580292,124.26359299570322,4,19,True
877,14,30,165,1.6066501875718435,2.4533036675902116,1.6066501875718435,123.97412396967411,4,19,True
878,14,30,180,2.025579014172157,2.3458882469723337,2.025579014172157,124.11755276843905,4,19,True
879,14,30,195,2.6004987212518853,3.2511965475577367,2.6004987212518853,123.87972371652722,4,19,True
880,14,30,210,1.9444985623160997,2.4800521263072355,1.9444985623160997,123.99880401790142,4,19,True
881,14,30,225,3.5976728684268893,4.834516826321099,3.5976728684268893,123.5315939411521,4,19,True
882,18,83,30,18.305212887128196,27.061181986774614,18.305212887128196,123.88093490153551,4,19,True
883,18,83,45,13.235492873191834,18.471950939278752,13.235492873191834,124.08071383833885,4,19,True
884,18,83,60,19.376042399182914,27.347020258373487,19.376042399182914,123.7706639803946,4,19,True
885,18,83,75,16.550075644627213,23.819449287936397,16.550075644627213,123.76144388690591,4,19,True
886,18,83,90,6.1423730225302275,9.464053213332734,6.1423730225302275,123.81559424102306,4,19,True
887,18,83,105,11.490287336613983,13.512881810777147,11.490287336613983,123.73226415365934,4,19,True
888,18,83,120,28.752757438939685,50.329279653863736,28.752757438939685,123.65687359124422,4,19,True
889,18,83,135,31.141051488121352,57.21274821157619,31.141051488121352,124.88164333626628,4,18,True
890,18,83,150,30.150870778411626,39.729347830727356,30.150870778411626,125.06984174251556,4,18,True
891,18,83,165,15.117878635724386,20.426737030043014,15.117878635724386,123.93483379855752,4,19,True
892,18,83,180,13.229866525158286,16.590593518452028,13.229866525158286,123.96425427868962,4,19,True
893,18,83,195,14.043420174345375,19.183117033599068,14.043420174345375,123.84601542726159,4,19,True
894,18,15,30,9.014440109829108,12.902193567572157,9.014440109829108,123.73727420344949,4,19,True
895,18,15,45,8.123655029137929,11.883769373147148,8.123655029137929,123.6073742620647,4,19,True
896,18,15,60,9.914894378588846,16.489334646579028,9.914894378588846,123.72845504432917,4,19,True
897,18,15,75,9.28963174680248,13.411367818027474,9.28963174680248,123.63006407395005,4,19,True
898,18,15,90,3.8305168668429057,4.37708737796826,3.8305168668429057,123.79924487322569,4,19,True
899,18,15,105,3.591334906666695,4.901888032472233,3.591334906666695,123.81729390472174,4,19,True
900,18,15,120,5.954343811670939,8.412555443170142,5.954343811670939,124.01322415098548,4,19,True
901,18,15,135,6.8645318972567715,8.096328173715614,6.8645318972567715,124.07474406063557,4,19,True
902,18,15,150,3.0754609413444998,4.21181358851804,3.0754609413444998,123.96264402195811,4,19,True
903,18,15,165,6.014850475390753,7.490184083168829,6.014850475390753,123.62059485167265,4,19,True
904,18,3,30,19.895832084616025,26.214743383852444,19.895832084616025,123.94031509757042,4,19,True
905,18,3,45,52.68592562675476,75.25645177422254,52.68592562675476,124.04872290790081,4,19,True
906,18,3,60,36.90342857340972,63.55307811353675,36.90342857340972,123.86606400832534,4,19,True
907,18,3,75,62.68305784861247,89.61705757759972,62.68305784861247,124.88958332687616,4,18,True
908,18,3,90,60.3041174252828,80.87453380097583,60.3041174252828,123.85786371305585,4,19,True
909,18,3,105,19.6951274116834,24.933511531575295,19.6951274116834,124.02111431583762,4,19,True
910,18,3,120,34.811699225505194,38.70583100472738,34.811699225505194,124.02244424447417,4,19,True
911,18,3,135,15.384526537110409,21.6707939143809,15.384526537110409,124.26425283774734,4,19,True
912,18,3,150,10.92738755941391,12.94523559671137,10.92738755941391,123.70265508070588,4,19,True
913,18,3,165,6.869867165883382,10.632465175676142,6.869867165883382,123.94915381446481,4,19,True
914,18,35,30,18.172439228991667,27.125708325396356,18.172439228991667,123.6622049473226,4,19,True
915,18,35,45,26.032923117280006,33.529667714027255,26.032923117280006,123.7282850779593,4,19,True
916,18,35,60,8.727308175216118,9.91310274858922,8.727308175216118,123.89720417559147,4,19,True
917,18,35,75,6.028871374371617,6.5728554795196255,6.028871374371617,123.59318509697914,4,19,True
918,18,35,90,4.333766877247641,5.750283657890628,4.333766877247641,123.55456501245499,4,19,True
919,18,35,105,4.7470121812230595,6.100388200984979,4.7470121812230595,123.84904408827424,4,19,True
920,18,35,120,7.992869095923379,16.556743387183147,7.992869095923379,123.54416539892554,4,19,True
921,18,35,135,28.910771944125493,38.92841201441767,28.910771944125493,123.77981469035149,4,19,True
922,18,35,150,51.84908770819505,71.06912860774757,51.84908770819505,123.92493383958936,4,19,True
923,18,35,165,50.18628847822547,65.85741939404474,50.18628847822547,124.31018380448222,4,18,True
924,18,35,180,8.223127600302298,9.562900862256816,8.223127600302298,123.56713367626071,4,19,True
925,18,35,195,3.656049014131228,4.516159033596971,3.656049014131228,122.07113765180111,4,19,True
926,18,35,210,3.491286108891169,5.145924626864657,3.491286108891169,122.22562683746219,4,19,True
927,18,35,225,17.560393408934274,29.106213086600604,17.560393408934274,122.11383832618594,4,19,True
928,18,48,30,18.994026241699853,22.984255220732273,18.994026241699853,122.00528709217906,4,19,True
929,18,48,45,47.5495628260076,67.55309765727351,47.5495628260076,122.3120759241283,4,19,True
930,18,48,60,26.824725470940272,32.06169613982289,26.824725470940272,122.7372963912785,4,18,True
931,18,48,75,36.112773232410355,52.68505545152112,36.112773232410355,122.71453626453876,4,18,True
932,18,48,90,10.010628231863182,13.241163843199157,10.010628231863182,122.00345797464252,4,19,True
933,18,48,105,7.912848933537801,8.236784682672019,7.912848933537801,123.7440649420023,4,19,True
934,18,48,120,5.31578689366579,7.959098353706507,5.31578689366579,123.72555490583181,4,19,True
935,18,48,135,6.849918114145597,10.528520256482986,6.849918114145597,123.6496651545167,4,19,True
936,18,48,150,4.912641318639119,5.929471088033573,4.912641318639119,123.51419497281313,4,19,True
937,18,48,165,6.859053168197473,8.527328164397005,6.859053168197473,123.55820508673787,4,19,True
938,18,48,180,5.884277423719565,9.223740128644955,5.884277423719565,123.61816596239805,4,19,True
939,18,48,195,8.800915253410738,11.20780311255333,8.800915253410738,123.83178388699889,4,19,True
940,18,48,210,3.8553192257881164,5.397293774906134,3.8553192257881164,123.67543624714017,4,19,True
941,18,48,225,9.93201140165329,14.348653005948057,9.93201140165329,123.9645341411233,4,19,True
942,18,22,30,7.273031008491913,10.575422527501072,7.273031008491913,124.0459349937737,4,19,True
943,18,22,45,8.787027135491371,18.593700231409468,8.787027135491371,123.8139751367271,4,19,True
944,18,22,60,11.158332853019237,18.434033243502203,11.158332853019237,123.87268431484699,4,19,True
945,18,22,75,12.43997181802988,16.917529943210134,12.43997181802988,123.67392517626286,4,19,True
946,18,22,90,3.0081874509652455,3.7527508453860556,3.0081874509652455,123.75253392383456,4,19,True
947,18,22,105,2.6236497163772583,3.432091150456694,2.6236497163772583,124.21569414436817,4,19,True
948,18,22,120,2.6856285353501637,3.4885320332077643,2.6856285353501637,124.64608391746879,4,19,True
949,18,22,135,1.5832768400510153,2.624941254483863,1.5832768400510153,123.99730505421758,4,19,True
950,18,22,150,3.4174563211854547,5.860036258328117,3.4174563211854547,123.83979512378573,4,19,True
951,18,22,165,2.7975135816882055,3.6631489290962658,2.7975135816882055,124.00432396680117,4,19,True
952,18,55,30,9.431154209375382,19.52227813684822,9.431154209375382,123.88531491160393,4,19,True
953,18,55,45,28.82634413888057,46.93832752233923,28.82634413888057,123.46889497712255,4,19,True
954,18,55,60,39.690286633869015,56.948010452254636,39.690286633869015,124.73631370812654,4,18,True
955,18,55,75,5.512264140446981,7.445223985915516,5.512264140446981,123.87252459302545,4,19,True
956,18,55,90,13.320762165387471,16.767448284605305,13.320762165387471,123.95083485171199,4,19,True
957,18,55,105,20.519198370476563,24.062051934328274,20.519198370476563,123.79416497424245,4,19,True
958,18,55,120,17.574938770135244,23.536470064511605,17.574938770135244,123.80280485376716,4,19,True
959,18,55,135,10.069180776923895,10.858414921198316,10.069180776923895,123.97946510463953,4,19,True
960,18,55,150,6.781144962956508,8.274030679392407,6.781144962956508,123.90315532684326,4,19,True
961,18,55,165,3.7514597579836844,5.456988805156564,3.7514597579836844,123.65646474063396,4,19,True
962,18,4,30,13.872756763299305,17.664920550741446,13.872756763299305,123.78788599744439,4,19,True
963,18,4,45,10.574015329048658,11.657647493644182,10.574015329048658,124.52582363039255,4,19,True
964,18,4,60,1.7775157203276952,2.2095235449890143,1.7775157203276952,123.83645493537188,4,19,True
965,18,4,75,1.5859972715377808,2.0632703767722775,1.5859972715377808,123.822754714638,4,19,True
966,18,4,90,12.154867647091548,16.88218599824498,12.154867647091548,123.77988500520587,4,19,True
967,18,4,105,6.143624903510014,8.202129616179683,6.143624903510014,123.85749537497759,4,19,True
968,18,4,120,3.6344580950836343,4.264008717947757,3.6344580950836343,123.86269401758909,4,19,True
969,18,4,135,5.684905087761581,6.152195338603303,5.684905087761581,123.61228605732322,4,19,True
970,18,4,150,3.581706449575722,4.939390752469962,3.581706449575722,123.62075597047806,4,19,True
971,18,4,165,4.150483064850172,5.742008816777587,4.150483064850172,123.7325849942863,4,19,True
972,18,4,180,4.9534430782000225,5.882274577041168,4.9534430782000225,123.88701504096389,4,19,True
973,18,45,30,17.63145365367333,27.11488922283811,17.63145365367333,123.8089851103723,4,19,True
974,18,45,45,13.507854211330415,20.447799610507065,13.507854211330415,123.71887592598796,4,19,True
975,18,45,60,27.062561241785684,35.32366545868056,27.062561241785684,122.4658670835197,4,19,True
976,18,45,75,17.14157771070798,19.895631080283,17.14157771070798,121.8045181594789,4,19,True
977,18,45,90,16.66424837062756,24.042856086483432,16.66424837062756,121.94361817091703,4,19,True
978,18,45,105,7.548192707852771,12.312288726384372,7.548192707852771,121.73820799216628,4,19,True
979,18,45,120,3.0475642412900923,3.984552099061125,3.0475642412900923,121.65352888405323,4,19,True
980,18,45,135,3.092376559972763,3.3101912959473747,3.092376559972763,121.63939792662859,4,19,True
981,18,45,150,3.0007009992996854,3.3915951825381856,3.0007009992996854,121.81053729727864,4,19,True
982,18,45,165,4.473723848660787,6.932192430213068,4.473723848660787,121.8379377387464,4,19,True
983,18,60,30,4.555623864134152,6.168288420640261,4.555623864134152,122.44456727057695,4,19,True
984,18,60,45,1.2886308004458746,1.5964014362375691,1.2886308004458746,123.68092592805624,4,19,True
985,18,60,60,1.913780146340529,2.3138230738829253,1.913780146340529,123.78250481560826,4,19,True
986,18,60,75,9.168979987502098,17.44973385897491,9.168979987502098,123.71507612988353,4,19,True
987,18,60,90,14.850803307443858,23.594401488004753,14.850803307443858,123.80421487614512,4,19,True
988,18,60,105,27.238420400139876,44.586399587949494,27.238420400139876,123.74589592218399,4,19,True
989,18,60,120,6.657683774332205,9.15014255488822,6.657683774332205,123.74795507639647,4,19,True
990,18,60,135,3.4162179708480833,5.009253700236968,3.4162179708480833,123.66452487185597,4,19,True
991,18,60,150,1.4043399532636007,1.6495051544673665,1.4043399532636007,123.53395624086261,4,19,True
992,18,60,165,5.495058860753973,8.056643334187594,5.495058860753973,123.5252758488059,4,19,True
993,18,26,30,24.90981361269951,35.003461630606836,24.90981361269951,123.7557060085237,4,19,True
994,18,26,45,45.0722367182374,69.8569914181879,45.0722367182374,124.22115495428443,4,18,True
995,18,26,60,42.978070977330205,71.5970938336248,42.978070977330205,123.66372486576438,4,19,True
996,18,26,75,47.920163603623706,76.14019254453729,47.920163603623706,124.61192393675447,4,18,True
997,18,26,90,23.02424763428668,35.5806116043262,23.02424763428668,124.37635473906994,4,18,True
998,18,26,105,6.798400578399499,9.440091220202948,6.798400578399499,123.58251586556435,4,19,True
999,18,26,120,13.568037079460918,19.668308598660854,13.568037079460918,123.67241596803069,4,19,True
1000,18,26,135,12.552463834484419,18.649296267757833,12.552463834484419,123.6855648458004,4,19,True
1001,18,26,150,20.827885221441587,26.876809068557808,20.827885221441587,121.75414804369211,4,19,True
1002,18,26,165,12.134363478173812,18.3640667632366,12.134363478173812,121.94570805877447,4,19,True
1003,18,21,30,7.3612178191542625,13.144493255962882,7.3612178191542625,121.88483867794275,4,19,True
1004,18,21,45,12.493155438204607,21.47350118416756,12.493155438204607,122.11496802046895,4,19,True
1005,18,21,60,10.488899572690327,14.387556521649293,10.488899572690327,121.72481790184975,4,19,True
1006,18,21,75,8.083827930688859,10.36997890536609,8.083827930688859,121.86307879164815,4,19,True
1007,18,21,90,20.848565269447864,29.217354865019775,20.848565269447864,121.81936902925372,4,19,True
1008,18,21,105,25.116624565422534,39.69532267424713,25.116624565422534,121.83600757271051,4,19,True
1009,18,21,120,5.616500780979792,7.922121178734618,5.616500780979792,123.08442685753107,4,19,True
1010,18,21,135,2.98246736060828,4.506753512897778,2.98246736060828,123.62353596836329,4,19,True
1011,18,21,150,7.158968807756901,11.521210148646063,7.158968807756901,123.63921571522951,4,19,True
1012,18,21,165,9.897275587419669,12.359242150030125,9.897275587419669,124.04466513544321,4,19,True
1013,18,44,30,13.489793197313945,17.401814216475376,13.489793197313945,123.69635701179504,4,19,True
1014,18,44,45,4.356264384587606,5.101611465033397,4.356264384587606,123.57744574546814,4,19,True
1015,18,44,60,2.4200719197591147,2.6602027994382933,2.4200719197591147,123.62527614459395,4,19,True
1016,18,44,75,13.426308809717495,20.917820652702016,13.426308809717495,123.84738493710756,4,19,True
1017,18,44,90,15.454875962622463,24.277859305032994,15.454875962622463,123.84459609165788,4,19,True
1018,18,44,105,15.102524669778843,21.32958734285648,15.102524669778843,123.81869601085782,4,19,True
1019,18,44,120,11.617058179775874,15.049230836331672,11.617058179775874,123.76078637316823,4,19,True
1020,18,44,135,11.464360920588176,13.168760166610385,11.464360920588176,124.01131633669138,4,19,True
1021,18,44,150,10.952029846111934,18.571077980664384,10.952029846111934,123.75556584447622,4,19,True
1022,18,44,165,12.76632486184438,17.403735156652463,12.76632486184438,123.78106592223048,4,19,True
1023,18,44,180,5.3176733661443,6.166118412460722,5.3176733661443,123.56444587931037,4,19,True
1024,18,44,195,6.149038796747724,9.044841965760098,6.149038796747724,123.74648591503501,4,19,True
1025,18,44,210,5.4544947839031614,6.867004964543912,5.4544947839031614,123.83369589224458,4,19,True
1026,18,44,225,9.091225465138754,10.720160410982702,9.091225465138754,123.79500595852733,4,19,True
1027,18,23,30,17.815932578841846,25.071867463813536,17.815932578841846,123.78591625019908,4,19,True
1028,18,23,45,13.719197368621826,23.79407093421584,13.719197368621826,123.70638595893979,4,19,True
1029,18,23,60,13.754277741412322,19.34904879410635,13.754277741412322,123.59287682920694,4,19,True
1030,18,23,75,31.042257316907246,45.45734467308787,31.042257316907246,124.50075522065163,4,18,True
1031,18,23,90,15.196468220154445,18.79512216974484,15.196468220154445,121.94918794557452,4,19,True
1032,18,23,105,17.286692312856516,24.236973551539844,17.286692312856516,122.00481770560145,4,19,True
1033,18,23,120,12.69508929848671,15.85102532096299,12.69508929848671,121.83678895235062,4,19,True
1034,18,23,135,17.79316400559619,25.81435457537329,17.79316400559619,121.98399798944592,4,19,True
1035,18,23,150,22.662330610429247,33.571690769293554,22.662330610429247,121.80970888584852,4,19,True
1036,18,23,165,23.593429866433144,33.11621395943631,23.593429866433144,121.79143819957972,4,19,True
1037,18,53,30,45.32073383107782,61.32665740232446,45.32073383107782,121.89352791756392,4,19,True
1038,18,53,45,43.75418853797019,60.50967541858676,43.75418853797019,121.86878873035312,4,19,True
1039,18,53,60,44.09306208565831,72.09184057643404,44.09306208565831,123.04663704708219,4,19,True
1040,18,53,75,24.967552026112873,41.44215255634528,24.967552026112873,125.09754532948136,4,18,True
1041,18,53,90,31.385514918963114,52.000469042912044,31.385514918963114,123.81038581952453,4,19,True
1042,18,53,105,12.06753577788671,18.318066153755453,12.06753577788671,124.04174637049437,4,19,True
1043,18,53,120,14.868000801404317,23.720972081449588,14.868000801404317,123.51088598370552,4,19,True
1044,18,53,135,10.27770962715149,12.624308952553594,10.27770962715149,122.5542169995606,4,19,True
1045,18,53,150,15.578563746220121,27.77953568545893,15.578563746220121,121.68225878849626,4,19,True
1046,18,53,165,29.982232944077502,47.24887919196909,29.982232944077502,121.92716868594289,4,19,True
1047,18,84,30,47.57361472547054,58.953140902680275,47.57361472547054,122.80493695288897,4,18,True
1048,18,84,45,40.71902993395925,60.3752607307518,40.71902993395925,121.71302968636155,4,19,True
1049,18,84,60,24.328004426757495,32.17847895552213,24.328004426757495,121.95608858019114,4,19,True
1050,18,84,75,24.101826421326646,28.584151220843083,24.101826421326646,121.98084825649858,4,19,True
1051,18,84,90,7.730738401412964,9.358746015500293,7.730738401412964,122.15094920247793,4,19,True
1052,18,84,105,7.706517541408539,10.69712576787761,7.706517541408539,122.30024812743068,4,19,True
1053,18,84,120,8.343711493785182,9.697108094189952,8.343711493785182,123.65376716479659,4,19,True
1054,18,84,135,4.2430118889237445,5.844020005466607,4.2430118889237445,123.66997683420777,4,19,True
1055,18,84,150,6.606575130733351,7.614980563052725,6.606575130733351,123.69635701179504,4,19,True
1056,18,84,165,8.060725578169029,8.579835746825713,8.060725578169029,123.7089061178267,4,19,True
1057,18,59,30,20.316565837462743,28.994776796443684,20.316565837462743,123.71503608301282,4,19,True
1058,18,59,45,9.903324932356675,14.90033616829393,9.903324932356675,123.61497711390257,4,19,True
1059,18,59,60,9.641988424460093,12.861662159774752,9.641988424460093,124.00683620944619,4,19,True
1060,18,59,75,11.750617496172588,15.460960084824347,11.750617496172588,124.0886659361422,4,19,True
1061,18,59,90,15.207365385691325,18.36347854476321,15.207365385691325,123.7821257673204,4,19,True
1062,18,59,105,8.680006772155563,12.314699406058933,8.680006772155563,123.6640871502459,4,19,True
1063,18,59,120,16.798783594494065,23.596676689838315,16.798783594494065,123.58707701787353,4,19,True
1064,18,59,135,2.2460491200288137,2.948678752155718,2.2460491200288137,123.63384710624814,4,19,True
1065,18,59,150,5.7160580769181255,8.192123256924669,5.7160580769181255,123.50883614271879,4,19,True
1066,18,59,165,8.244977815945942,10.012135404588067,8.244977815945942,123.5907063819468,4,19,True
1067,18,49,30,32.46701034804185,45.44118563468887,32.46701034804185,123.51897684857249,4,19,True
1068,18,49,45,48.65040176908175,70.25727784252148,48.65040176908175,123.84320702403784,4,19,True
1069,18,49,60,12.405142309019963,14.539829413840602,12.405142309019963,124.15075581520796,4,19,True
1070,18,49,75,11.293875733080009,15.970686590282424,11.293875733080009,123.56602679938078,4,19,True
1071,18,49,90,17.546971378289165,21.084681507326724,17.546971378289165,123.9275960251689,4,19,True
1072,18,49,105,29.930250389377274,49.31902698043162,29.930250389377274,123.94469603896141,4,19,True
1073,18,49,120,15.761484905083973,21.11448787194942,15.761484905083973,123.99125611409545,4,19,True
1074,18,49,135,14.635756548245748,19.28310293316873,14.635756548245748,123.84873582050204,4,19,True
1075,18,49,150,8.10158616900444,11.451262243821445,8.10158616900444,123.95023694261909,4,19,True
1076,18,49,165,8.094900681776926,9.601400125411658,8.094900681776926,123.7939060665667,4,19,True
1077,18,49,180,17.00518355369568,19.76120734915644,17.00518355369568,123.95003577694297,4,19,True
1078,18,49,195,11.737790822982788,15.54645683356139,11.737790822982788,124.06408600509167,4,19,True
1079,18,49,210,6.77766998608907,11.080345275054865,6.77766998608907,123.86268703266978,4,19,True
1080,18,7,30,39.47848635117213,57.2365737950587,39.47848635117213,123.62005701288581,4,19,True
1081,18,7,45,5.041333015759786,6.878648930111925,5.041333015759786,123.76602692529559,4,19,True
1082,18,7,60,3.4280660734822352,4.631930062641804,3.4280660734822352,123.86675598099828,4,19,True
1083,18,7,75,14.310355891038974,25.917635956407235,14.310355891038974,123.72080562636256,4,19,True
1084,18,7,90,34.657702481746675,43.05653216358172,34.657702481746675,124.30680589750409,4,18,True
1085,18,7,105,27.205204180876414,43.93861657678275,27.205204180876414,123.81478725001216,4,19,True
1086,18,7,120,30.127290033859513,43.48708486254474,30.127290033859513,124.86878503113985,4,18,True
1087,18,7,135,33.98647841612498,45.01349276514557,33.98647841612498,124.66247519478202,4,18,True
1088,18,7,150,17.62192457318306,27.790492997409192,17.62192457318306,123.74152708798647,4,19,True
1089,18,7,165,17.190976606619856,23.110160697954157,17.190976606619856,124.40484575927258,4,18,True
1090,18,47,30,14.443022451394548,20.987450415513344,14.443022451394548,122.3583691753447,4,19,True
1091,18,47,45,12.694462695717812,17.7929016309926,12.694462695717812,122.08603927865624,4,19,True
1092,18,47,60,10.570031428337098,12.673158216694388,10.570031428337098,122.16021912172437,4,19,True
1093,18,47,75,1.2161835193634034,1.8361349423061757,1.2161835193634034,122.06488894298673,4,19,True
1094,18,47,90,6.664611534277598,10.098883041623793,6.664611534277598,122.02422972768545,4,19,True
1095,18,47,105,5.407297801971436,6.94311581778643,5.407297801971436,121.61161983385682,4,19,True
1096,18,47,120,2.125468405087789,3.0419623706295424,2.125468405087789,122.15926917269826,4,19,True
1097,18,47,135,4.391227746009827,9.094794224993878,4.391227746009827,122.07193905487657,4,19,True
1098,18,47,150,15.865576693415642,22.607169686461145,15.865576693415642,122.87485739216208,4,19,True
1099,18,47,165,9.209908644606669,11.572923640066945,9.209908644606669,124.02144726365805,4,19,True
1100,18,30,30,14.348375479194026,19.428567310849953,14.348375479194026,123.68914717808366,4,19,True
1101,18,30,45,6.002834018071493,7.719975559187262,6.002834018071493,121.6831998899579,4,19,True
1102,18,30,60,3.252841567993164,3.834654186363955,3.252841567993164,121.91034900024533,4,19,True
1103,18,30,75,4.118531068166097,4.489591483899153,4.118531068166097,121.8057801015675,4,19,True
1104,18,30,90,2.5083219051361083,2.816636775013901,2.5083219051361083,121.79702008143067,4,19,True
1105,18,30,105,2.3575201511383055,2.7886016105518583,2.3575201511383055,121.79606920108199,4,19,True
1106,18,30,120,2.2153441429138185,3.2672339812972124,2.2153441429138185,121.97371991351247,4,19,True
1107,18,30,135,4.221728134155273,5.555176472965857,4.221728134155273,122.26869910955429,4,19,True
1108,18,30,150,3.026270278294881,3.400005612731665,3.026270278294881,121.7721002176404,4,19,True
1109,18,30,165,1.8441274563471477,2.3275331416252,1.8441274563471477,122.32257938012481,4,19,True
1110,24,83,30,13.275852993006508,15.911030897854676,13.275852993006508,123.79819760099053,4,19,True
1111,24,83,45,7.3838267518828316,10.326193567285088,7.3838267518828316,124.05392713844776,4,19,True
1112,24,83,60,3.793441528081894,4.609809263501901,3.793441528081894,123.91250720247626,4,19,True
1113,24,83,75,8.402874314847091,12.531232605190784,8.402874314847091,124.29627729579806,4,19,True
1114,24,83,90,25.76183288221558,51.681831511442525,25.76183288221558,124.02956606820226,4,19,True
1115,24,83,105,29.146362168590226,49.40402501123665,29.146362168590226,125.11903513222933,4,18,True
1116,24,83,120,6.565513879060745,11.454853041733115,6.565513879060745,123.72564803808928,4,19,True
1117,24,83,135,8.33041027902315,11.414946514614506,8.33041027902315,122.45576921850443,4,19,True
1118,24,83,150,15.671485144939895,25.189281897792817,15.671485144939895,123.20266803726554,4,19,True
1119,24,83,165,13.611020687269047,20.75198943872544,13.611020687269047,122.39199876785278,4,19,True
1120,24,83,180,6.954188696543375,8.181812261248828,6.954188696543375,123.4470079652965,4,19,True
1121,24,83,195,6.107530975093444,9.110018945672,6.107530975093444,123.62353689968586,4,19,True
1122,24,83,210,8.002899565547704,11.498113011041578,8.002899565547704,122.3875000141561,4,19,True
1123,24,83,225,6.281621845563253,8.421587558054402,6.281621845563253,123.74303722754121,4,19,True
1124,24,15,30,25.768187161535025,40.29259017549303,25.768187161535025,123.55284672230482,4,19,True
1125,24,15,45,14.717175770302614,20.853545090998637,14.717175770302614,124.24368690699339,4,18,True
1126,24,15,60,6.190309325853984,9.014308185498093,6.190309325853984,123.73092817142606,4,19,True
1127,24,15,75,11.165355078379314,17.343636807822502,11.165355078379314,123.60057700425386,4,19,True
1128,24,15,90,5.979837745428085,8.089789124359912,5.979837745428085,123.92277689650655,4,19,True
1129,24,15,105,6.574969215194384,8.688259715589448,6.574969215194384,123.98444674909115,4,19,True
1130,24,15,120,8.905322500069936,13.405880078157512,8.905322500069936,123.05021937936544,4,19,True
1131,24,15,135,2.1046564976374307,2.8546845425266163,2.1046564976374307,123.09636827558279,4,19,True
1132,24,15,150,4.957279260953268,6.56933696193106,4.957279260953268,123.76047763973475,4,19,True
1133,24,15,165,13.379246854782105,20.25418216667633,13.379246854782105,123.85184690356255,4,19,True
1134,24,15,180,3.979830241203308,6.101195024753131,3.979830241203308,123.6302969045937,4,19,True
1135,24,15,195,15.117585374911625,23.389174527254596,15.117585374911625,123.45026805996895,4,19,True
1136,24,15,210,8.796298023064931,13.979328116681838,8.796298023064931,123.44666756689548,4,19,True
1137,24,15,225,14.707351376612982,20.535616695794847,14.707351376612982,123.34942817687988,4,19,True
1138,24,3,30,41.40093578497569,57.30724508249689,41.40093578497569,123.72023705393076,4,19,True
1139,24,3,45,11.57957377632459,12.982025682731823,11.57957377632459,123.85711679235101,4,19,True
1140,24,3,60,34.93885377446811,50.60737319529134,34.93885377446811,123.68742795661092,4,19,True
1141,24,3,75,24.575886787970862,30.14145101726257,24.575886787970862,124.69218578189611,4,18,True
1142,24,3,90,18.54487467209498,21.630193205589062,18.54487467209498,124.32120740413666,4,19,True
1143,24,3,105,3.1744027535120645,3.5891713816636046,3.1744027535120645,124.30048687383533,4,19,True
1144,24,3,120,11.533909622828165,18.358948064308482,11.533909622828165,123.76914732158184,4,19,True
1145,24,3,135,8.538904988765717,12.131067872452821,8.538904988765717,123.92369797453284,4,19,True
1146,24,3,150,8.671843429406485,10.239905576375019,8.671843429406485,123.71080694720149,4,19,True
1147,24,3,165,12.51898337205251,17.4811749964211,12.51898337205251,123.58045810833573,4,19,True
1148,24,3,180,6.708502940336863,8.808035382330656,6.708502940336863,123.56077786535025,4,19,True
1149,24,3,195,5.468415411313375,7.138754363917115,5.468415411313375,125.56214490905404,4,19,True
1150,24,3,210,3.5719523231188455,4.084461302602242,3.5719523231188455,124.1728370077908,4,19,True
1151,24,3,225,4.626519759496053,6.495489242774039,4.626519759496053,123.86089703068137,4,19,True
1152,24,35,30,21.88067580560843,28.47451217769011,21.88067580560843,123.79532679915428,4,19,True
1153,24,35,45,21.049354235703746,24.474826053281465,21.049354235703746,123.7297267653048,4,19,True
1154,24,35,60,5.196305218338966,6.442801100593351,5.196305218338966,123.76106809824705,4,19,True
1155,24,35,75,2.2040515104929606,2.487820329942664,2.2040515104929606,123.42355772852898,4,19,True
1156,24,35,90,1.908619753519694,2.3203423406608903,1.908619753519694,123.73278802260756,4,19,True
1157,24,35,105,2.1873229225476583,2.5492124545931394,2.1873229225476583,123.70853824540973,4,19,True
1158,24,35,120,7.892416555186113,11.560200799825775,7.892416555186113,123.81352670490742,4,19,True
1159,24,35,135,7.470292758941651,8.811156066967902,7.470292758941651,123.75698704272509,4,19,True
1160,24,35,150,3.945364844799042,4.6923859524818665,3.945364844799042,124.16410818696022,4,19,True
1161,24,35,165,3.102196745077769,4.15348388565834,3.102196745077769,124.1463078185916,4,19,True
1162,24,35,180,3.4092281507328153,4.365535330852557,3.4092281507328153,124.23451663926244,4,19,True
1163,24,35,195,6.496218707164129,10.42137565730226,6.496218707164129,123.96574672311544,4,19,True
1164,24,35,210,13.455512302120527,17.49074280076941,13.455512302120527,124.00099728256464,4,19,True
1165,24,35,225,18.318026075760525,19.895038757140192,18.318026075760525,124.01509704068303,4,19,True
1166,24,48,30,29.36431917268783,39.02271079911551,29.36431917268783,124.09683782607317,4,19,True
1167,24,48,45,32.75175273815791,46.97839905292806,32.75175273815791,123.84402705356479,4,19,True
1168,24,48,60,17.5998020807902,24.152654871203286,17.5998020807902,124.8609758913517,4,18,True
1169,24,48,75,14.854723867277304,21.632514237707575,14.854723867277304,124.0333067253232,4,19,True
1170,24,48,90,5.082669725517432,6.30029440724485,5.082669725517432,123.85253794491291,4,19,True
1171,24,48,105,4.924248248338699,8.093095178628781,4.924248248338699,123.93683800473809,4,19,True
1172,24,48,120,19.424068480730057,24.969732529521597,19.424068480730057,123.07503912597895,4,19,True
1173,24,48,135,12.788092107448028,14.516222527788253,12.788092107448028,123.19244863465428,4,19,True
1174,24,48,150,5.721340425809225,6.766291432296194,5.721340425809225,123.67633823305368,4,19,True
1175,24,48,165,3.5027352571487427,4.437394290668214,3.5027352571487427,123.53490758687258,4,19,True
1176,24,48,180,2.34692497253418,3.7683331499462853,2.34692497253418,123.86034801602364,4,19,True
1177,24,48,195,10.087247470021248,17.24192061051308,10.087247470021248,124.07804699614644,4,19,True
1178,24,48,210,4.765114688873291,6.600971053711234,4.765114688873291,124.06887812539935,4,19,True
1179,24,48,225,4.830756478508314,7.173444257587895,4.830756478508314,124.10688772797585,4,19,True
1180,24,22,30,8.553079344828923,11.358863562865904,8.553079344828923,124.10428700968623,4,19,True
1181,24,22,45,7.698195704817772,11.887471598839273,7.698195704817772,123.7271479330957,4,19,True
1182,24,22,60,5.192672380805016,6.458235872295536,5.192672380805016,123.43298876658082,4,19,True
1183,24,22,75,6.902914571886261,10.569585172157186,6.902914571886261,123.6074878834188,4,19,True
1184,24,22,90,2.1991311608503263,2.745796218780329,2.1991311608503263,123.7954180687666,4,19,True
1185,24,22,105,1.9696665026247502,2.56552802131672,1.9696665026247502,123.79222782328725,4,19,True
1186,24,22,120,1.885026619831721,2.5576060160413014,1.885026619831721,123.9436180330813,4,19,True
1187,24,22,135,1.8986244382336737,2.4485538857469797,1.8986244382336737,124.01551799848676,4,19,True
1188,24,22,150,1.818589616799727,2.6215327135973507,1.818589616799727,123.854358214885,4,19,True
1189,24,22,165,2.0951459823952368,2.45463021475717,2.0951459823952368,124.41517692059278,4,19,True
1190,24,22,180,4.184871032088995,10.549817279725337,4.184871032088995,124.44320693612099,4,19,True
1191,24,22,195,12.662666723132133,19.81825141578136,12.662666723132133,123.81994817405939,4,19,True
1192,24,22,210,1.791779891649882,2.646207808241731,1.791779891649882,123.08842921629548,4,19,True
1193,24,22,225,2.6838231086730957,4.282834954306188,2.6838231086730957,123.65092802792788,4,19,True
1194,24,55,30,7.205656945208708,10.374447962488892,7.205656945208708,123.94687812775373,4,19,True
1195,24,55,45,2.7772342526043454,3.305071328854063,2.7772342526043454,123.68474807590246,4,19,True
1196,24,55,60,7.0438608895366395,15.135701069687109,7.0438608895366395,123.76280780881643,4,19,True
1197,24,55,75,22.8337058827281,29.470391439089756,22.8337058827281,123.49052866920829,4,19,True
1198,24,55,90,16.284989229931185,20.712336069976185,16.284989229931185,123.66031901910901,4,19,True
1199,24,55,105,13.334234441133837,18.26247308279292,13.334234441133837,123.90666780993342,4,19,True
1200,24,55,120,1.6891296625137329,1.9173505338304286,1.6891296625137329,123.4865291044116,4,19,True
1201,24,55,135,1.3336950143178303,1.9359419658110997,1.3336950143178303,123.79883928224444,4,19,True
1202,24,55,150,1.7036264061927795,3.509709124264117,1.7036264061927795,123.5937480814755,4,19,True
1203,24,55,165,14.949487189451853,25.10268259331503,14.949487189451853,123.15697874873877,4,19,True
1204,24,55,180,4.611485322316487,6.41369797504969,4.611485322316487,123.6286093480885,4,19,True
1205,24,55,195,8.371762339274088,16.25782208626695,8.371762339274088,125.02713594585657,4,19,True
1206,24,55,210,10.560904590288798,20.776516804171866,10.560904590288798,123.82228905335069,4,19,True
1207,24,55,225,4.174065103133519,5.571088055865849,4.174065103133519,123.78478795289993,4,19,True
1208,24,4,30,24.280760814249515,36.945582946702395,24.280760814249515,123.89384815469384,4,19,True
1209,24,4,45,13.340891727929314,19.1017881365889,13.340891727929314,123.8331776112318,4,19,True
1210,24,4,60,6.24303041001161,9.531684071850567,6.24303041001161,123.8029575906694,4,19,True
1211,24,4,75,5.328391390045484,7.0653034881309535,5.328391390045484,123.88022802770138,4,19,True
1212,24,4,90,3.84212589263916,4.727589346329394,3.84212589263916,123.89909802004695,4,19,True
1213,24,4,105,1.331191651026408,1.6928099489311172,1.331191651026408,123.83426818996668,4,19,True
1214,24,4,120,1.018213144938151,1.549217790353565,1.018213144938151,123.7717978656292,4,19,True
1215,24,4,135,1.0162715593973795,1.5561519922869411,1.0162715593973795,123.67119919508696,4,19,True
1216,24,4,150,1.1982929706573486,1.9116546203424134,1.1982929706573486,123.59964894130826,4,19,True
1217,24,4,165,3.608042746782303,6.897626007193901,3.608042746782303,123.64169815555215,4,19,True
1218,24,4,180,12.769819780935844,16.888125714239326,12.769819780935844,123.46181878820062,4,19,True
1219,24,4,195,4.833860905965169,6.302777785887509,4.833860905965169,123.58982861042023,4,19,True
1220,24,4,210,3.9634577075640363,5.926590719771465,3.9634577075640363,123.56846779584885,4,19,True
1221,24,4,225,4.138431636492411,6.105808048147266,4.138431636492411,123.47049778327346,4,19,True
1222,24,45,30,8.533814942836761,11.76955141130215,8.533814942836761,122.782570309937,4,19,True
1223,24,45,45,7.714313538869222,10.07102349695947,7.714313538869222,122.9238398373127,4,19,True
1224,24,45,60,2.4889421145121258,3.1254688002341777,2.4889421145121258,123.49240900948644,4,19,True
1225,24,45,75,2.396911843617757,2.7479684682615995,2.396911843617757,123.73298918828368,4,19,True
1226,24,45,90,1.9938860416412354,2.3790380565283753,1.9938860416412354,123.50559886544943,4,19,True
1227,24,45,105,2.2877699375152587,2.652209045386669,2.2877699375152587,123.74566774815321,4,19,True
1228,24,45,120,15.96475761582454,23.77488939869831,15.96475761582454,123.53071803227067,4,19,True
1229,24,45,135,22.643894232685366,28.141391710410698,22.643894232685366,123.75151924788952,4,19,True
1230,24,45,150,7.945812275012334,14.033600153830399,7.945812275012334,123.57694888487458,4,19,True
1231,24,45,165,20.92197121977806,24.07636288768273,20.92197121977806,123.73973894864321,4,19,True
1232,24,45,180,8.587074609597524,18.28555437931627,8.587074609597524,123.77899792045355,4,19,True
1233,24,45,195,8.634684711694717,14.86560516179899,8.634684711694717,124.17933903634548,4,18,True
1234,24,45,210,3.7245314598083494,5.13614290993423,3.7245314598083494,123.69504803791642,4,19,True
1235,24,45,225,3.573617672920227,4.669387373960339,3.573617672920227,123.83732898160815,4,19,True
1236,24,60,30,9.59791948646307,15.36376247296033,9.59791948646307,123.653968796134,4,19,True
1237,24,60,45,14.206719630459945,22.106272580473046,14.206719630459945,123.71354876086116,4,19,True
1238,24,60,60,6.17230987350146,9.465574882025157,6.17230987350146,123.86871827766299,4,19,True
1239,24,60,75,16.536904136091472,26.397520873669404,16.536904136091472,123.1552199460566,4,19,True
1240,24,60,90,9.071995796822012,16.400303444849452,9.071995796822012,124.9326067045331,4,18,True
1241,24,60,105,2.98889384654661,3.7430537570055806,2.98889384654661,123.83795902132988,4,19,True
1242,24,60,120,3.9297947992881137,5.908663077949359,3.9297947992881137,123.65980911999941,4,19,True
1243,24,60,135,6.526378232240677,12.0309280633603,6.526378232240677,123.20874910801649,4,19,True
1244,24,60,150,10.693383910382787,15.36604036177443,10.693383910382787,123.0602003633976,4,19,True
1245,24,60,165,3.570214731494586,4.62497595823625,3.570214731494586,123.47866920754313,4,19,True
1246,24,60,180,6.8726599264113855,10.688820658210302,6.8726599264113855,122.96664016321301,4,19,True
1247,24,60,195,5.13432617316333,6.92887415792926,5.13432617316333,123.98596899583936,4,19,True
1248,24,60,210,4.047396851579348,5.571369498001365,4.047396851579348,123.80434898659587,4,19,True
1249,24,60,225,4.011428868770599,5.64026969286552,4.011428868770599,123.59053920954466,4,19,True
1250,24,26,30,18.198652295395732,24.38436589086658,18.198652295395732,124.59869775921106,4,18,True
1251,24,26,45,3.108960089584192,4.684993762221136,3.108960089584192,123.88688884675503,4,19,True
1252,24,26,60,20.51844619512558,27.699615444277008,20.51844619512558,123.6231797374785,4,19,True
1253,24,26,75,19.544619563221932,39.46822200379682,19.544619563221932,123.5146801918745,4,19,True
1254,24,26,90,15.764784443875154,24.806002648216325,15.764784443875154,124.86950727179646,4,18,True
1255,24,26,105,14.419489831725757,21.476850322436785,14.419489831725757,123.66461893543601,4,19,True
1256,24,26,120,17.623499338080485,33.914642482504895,17.623499338080485,123.25360020622611,4,19,True
1257,24,26,135,35.18358068938057,58.28612381975756,35.18358068938057,124.42544801160693,4,18,True
1258,24,26,150,11.076820406814416,18.7465745031605,11.076820406814416,124.05691901221871,4,19,True
1259,24,26,165,11.1405250420173,14.185733935534879,11.1405250420173,123.81167896091938,4,19,True
1260,24,26,180,4.235278533771634,5.929049282228557,4.235278533771634,124.10763883963227,4,19,True
1261,24,26,195,4.239804413542151,6.866711269273493,4.239804413542151,124.11141907796264,4,19,True
1262,24,26,210,4.018690663576126,4.53965438295505,4.018690663576126,124.16303809732199,4,19,True
1263,24,26,225,9.368843961507082,19.14217029051604,9.368843961507082,124.13776898756623,4,19,True
1264,24,21,30,6.431664896011353,10.239254697165057,6.431664896011353,123.96794883534312,4,19,True
1265,24,21,45,10.724166162808736,16.998925016785925,10.724166162808736,123.84075904265046,4,19,True
1266,24,21,60,13.586529692014059,21.55926058056772,13.586529692014059,124.17710805311799,4,18,True
1267,24,21,75,2.9835406064987184,4.115128409630348,2.9835406064987184,123.69355885311961,4,19,True
1268,24,21,90,3.1500818888346354,4.705669199388979,3.1500818888346354,123.68682026863098,4,19,True
1269,24,21,105,4.728083217144013,6.987956896856696,4.728083217144013,123.59624868258834,4,19,True
1270,24,21,120,4.375394606590271,7.700038914508797,4.375394606590271,123.50645894184709,4,19,True
1271,24,21,135,3.1762646873792013,4.832882894463327,3.1762646873792013,123.79522994160652,4,19,True
1272,24,21,150,3.8909272074699404,5.104689457443444,3.8909272074699404,124.09840803593397,4,19,True
1273,24,21,165,3.276329261561235,6.7425716585609585,3.276329261561235,122.16126127168536,4,19,True
1274,24,21,180,12.671121244629225,20.126727587424636,12.671121244629225,122.16553092002869,4,19,True
1275,24,21,195,5.11681548091583,6.775563757979411,5.11681548091583,122.13664222508669,4,19,True
1276,24,21,210,5.19817181113176,7.318469978785054,5.19817181113176,121.98137072846293,4,19,True
1277,24,21,225,2.9879550425956647,4.1304179977835815,2.9879550425956647,121.8958511017263,4,19,True
1278,24,44,30,13.433431417743366,20.363090984604,13.433431417743366,122.74600099772215,4,18,True
1279,24,44,45,19.57684084052841,23.61923866113987,19.57684084052841,122.10447201505303,4,19,True
1280,24,44,60,9.57403147344788,11.362768043079624,9.57403147344788,121.96579109877348,4,19,True
1281,24,44,75,1.756482697526614,2.44313341311653,1.756482697526614,123.20585967972875,4,19,True
1282,24,44,90,3.5092280745506286,4.438250790884255,3.5092280745506286,123.81103029474616,4,19,True
1283,24,44,105,3.4434129188458127,3.840000460042516,3.4434129188458127,123.81041934713721,4,19,True
1284,24,44,120,3.5476312081019086,3.9344962927561076,3.5476312081019086,123.78491926938295,4,19,True
1285,24,44,135,4.902313647667567,6.200989419089647,4.902313647667567,123.70721995830536,4,19,True
1286,24,44,150,7.255502200126648,9.6146094069067,7.255502200126648,122.19651089981198,4,19,True
1287,24,44,165,2.342616001764933,3.3865514318781247,2.342616001764933,121.7930018901825,4,19,True
1288,24,44,180,5.675296247005463,9.451797498203163,5.675296247005463,122.08405183628201,4,19,True
1289,24,44,195,6.4780511379241945,9.478319004401994,6.4780511379241945,122.05169163644314,4,19,True
1290,24,44,210,4.438102070490519,6.3450939019708255,4.438102070490519,121.95370206609368,4,19,True
1291,24,44,225,4.181629498799642,5.888721130260847,4.181629498799642,122.01975099742413,4,19,True
1292,24,23,30,12.523110270996888,15.543185168858715,12.523110270996888,121.99008092284203,4,19,True
1293,24,23,45,9.258664481341839,12.786207291794877,9.258664481341839,121.05175293982029,4,19,True
1294,24,23,60,8.504591252437482,11.817263942438307,8.504591252437482,122.75493983179331,4,19,True
1295,24,23,75,13.425809354831776,18.707851411687045,13.425809354831776,123.71707893908024,4,19,True
1296,24,23,90,22.90768711666266,34.836083659098655,22.90768711666266,124.06771909445524,4,19,True
1297,24,23,105,42.66205809861422,65.40667807628783,42.66205809861422,124.36521844938397,4,18,True
1298,24,23,120,16.871895483632883,20.854463451451746,16.871895483632883,123.59117902815342,4,19,True
1299,24,23,135,2.8383731047312417,3.1495509377825712,2.8383731047312417,123.43565886840224,4,19,True
1300,24,23,150,2.434983420372009,3.9508696025654317,2.434983420372009,123.982610180974,4,19,True
1301,24,23,165,11.413450735310713,19.906368230147848,11.413450735310713,123.19136038422585,4,19,True
1302,24,23,180,5.558655472410222,7.974184953961829,5.558655472410222,123.66615887731314,4,19,True
1303,24,23,195,3.941422446568807,4.412157734449653,3.941422446568807,123.71505936607718,4,19,True
1304,24,23,210,2.8794324974219005,4.417450134571496,2.8794324974219005,123.93141910433769,4,19,True
1305,24,23,225,2.974536351362864,4.629815878947458,2.974536351362864,123.83822910487652,4,19,True
1306,24,53,30,36.730541148781775,50.03531267598281,36.730541148781775,123.52114962413907,4,19,True
1307,24,53,45,26.203237117330232,39.208207274549096,26.203237117330232,123.75593977048993,4,19,True
1308,24,53,60,32.43103995534281,42.82117671358025,32.43103995534281,155.3318160586059,5,18,True
1309,24,53,75,19.879946823542316,27.48067990791573,19.879946823542316,124.65926818549633,4,19,True
1310,24,53,90,21.18735651274522,22.43308128053368,21.18735651274522,124.66513877734542,4,18,True
1311,24,53,105,12.734426534175872,19.531141835049556,12.734426534175872,124.21805877238512,4,19,True
1312,24,53,120,15.398546143372853,21.177669722155525,15.398546143372853,123.78865899518132,4,19,True
1313,24,53,135,30.599478855729103,50.11739467159472,30.599478855729103,123.73790983110666,4,19,True
1314,24,53,150,36.79383567969004,50.17741715617526,36.79383567969004,124.33321913704276,4,18,True
1315,24,53,165,12.478080785274505,21.453401697183402,12.478080785274505,123.6362000927329,4,19,True
1316,24,53,180,19.72442242105802,24.493244520036225,19.72442242105802,123.82719898596406,4,19,True
1317,24,53,195,12.415148528416951,13.568119333784889,12.415148528416951,123.96734859794378,4,19,True
1318,24,53,210,3.30403045018514,5.009525940134218,3.30403045018514,123.5348298214376,4,19,True
1319,24,53,225,3.998463741938273,6.138260068848055,3.998463741938273,123.91943018883467,4,19,True
1320,24,84,30,23.322533134619395,32.98625470542779,23.322533134619395,124.40055888146162,4,18,True
1321,24,84,45,16.983605603377026,23.62054923567322,16.983605603377026,124.4925782084465,4,18,True
1322,24,84,60,21.28991425037384,25.074071603998608,21.28991425037384,123.71882982552052,4,19,True
1323,24,84,75,2.4498709718386333,3.035561477236532,2.4498709718386333,123.92099993303418,4,19,True
1324,24,84,90,6.58138680656751,11.003104090599727,6.58138680656751,123.81319981068373,4,19,True
1325,24,84,105,11.724345403909684,15.314148558717665,11.724345403909684,123.4338409267366,4,19,True
1326,24,84,120,14.644417397181194,17.212514574201606,14.644417397181194,124.37874916940928,4,18,True
1327,24,84,135,13.21256609360377,25.17118094393103,13.21256609360377,124.06867928802967,4,19,True
1328,24,84,150,21.335899957021077,33.99542338350015,21.335899957021077,123.64146998152137,4,19,True
1329,24,84,165,5.634338903427124,6.993697337948087,5.634338903427124,123.58317011967301,4,19,True
1330,24,84,180,4.455482244491577,5.328439929604715,4.455482244491577,123.93201002851129,4,19,True
1331,24,84,195,11.951283155878384,21.901933894040294,11.951283155878384,123.75708017498255,4,19,True
1332,24,84,210,11.30838890473048,13.210405519726919,11.30838890473048,123.61291004344821,4,19,True
1333,24,84,225,6.854686637719472,9.37192237532016,6.854686637719472,123.54935007169843,4,19,True
1334,24,59,30,21.426493491667014,29.830119874838,21.426493491667014,123.99569898843765,4,19,True
1335,24,59,45,26.34509244039655,33.708473629501285,26.34509244039655,123.92162019386888,4,19,True
1336,24,59,60,8.586320195098718,10.104069397313138,8.586320195098718,123.82224993780255,4,19,True
1337,24,59,75,5.63269298709929,10.83078516876297,5.63269298709929,123.84488992393017,4,19,True
1338,24,59,90,8.478091101845106,12.002956251366893,8.478091101845106,123.65100020542741,4,19,True
1339,24,59,105,10.365007030963898,14.272490237601104,10.365007030963898,121.56123295426369,4,19,True
1340,24,59,120,5.693123149871826,9.377236851965117,5.693123149871826,121.66442209854722,4,19,True
1341,24,59,135,3.4298266490300495,5.7472186401811935,3.4298266490300495,120.64085388556123,4,19,True
1342,24,59,150,4.863586835066477,7.447246156095853,4.863586835066477,120.5225451849401,4,19,True
1343,24,59,165,3.0273224206020433,4.989381108737542,3.0273224206020433,121.4174828492105,4,19,True
1344,24,59,180,6.968948616211613,11.79533289306008,6.968948616211613,122.088931966573,4,19,True
1345,24,59,195,10.444275120575913,15.584074846746512,10.444275120575913,122.07514187321067,4,19,True
1346,24,59,210,4.562603221049843,5.523726150675,4.562603221049843,121.76329316571355,4,19,True
1347,24,59,225,4.538186627626419,5.632081053869608,4.538186627626419,123.17865993827581,4,19,True
1348,24,49,30,30.641597028573354,44.32912367780011,30.641597028573354,155.1376562565565,5,18,True
1349,24,49,45,25.160696256160737,34.86977857416912,25.160696256160737,125.72266813367605,4,18,True
1350,24,49,60,25.774271344145138,39.202457054316355,25.774271344145138,123.8994300365448,4,19,True
1351,24,49,75,18.991236756245296,28.350062807560256,18.991236756245296,123.76951007172465,4,19,True
1352,24,49,90,23.060965348531802,29.807801263615605,23.060965348531802,123.81757004186511,4,19,True
1353,24,49,105,6.859929621219635,10.296066115971454,6.859929621219635,123.61813988536596,4,19,True
1354,24,49,120,5.324072353045145,8.281737778257911,5.324072353045145,123.8458501175046,4,19,True
1355,24,49,135,3.2162367939949035,4.100892404755591,3.2162367939949035,123.77077015116811,4,19,True
1356,24,49,150,5.806155896186828,6.7221385596139305,5.806155896186828,123.94136004149914,4,19,True
1357,24,49,165,4.871519607305527,7.597852420697115,4.871519607305527,123.8845200277865,4,19,True
1358,24,49,180,13.941965941588084,19.875945234479463,13.941965941588084,123.90132015570998,4,19,True
1359,24,49,195,9.513756194710732,14.27276675767123,9.513756194710732,123.7637996673584,4,19,True
1360,24,49,210,7.745086883505185,9.357058626788328,7.745086883505185,123.88401012867689,4,19,True
1361,24,49,225,5.854064538081487,7.105830258761286,5.854064538081487,123.53144120424986,4,19,True
1362,24,7,30,22.366259996096293,26.717270560284827,22.366259996096293,124.03427995741367,4,19,True
1363,24,7,45,18.346277344226838,25.51400624628401,18.346277344226838,123.76242969185114,4,19,True
1364,24,7,60,19.730645814538,31.740215189056997,19.730645814538,123.85164014995098,4,19,True
1365,24,7,75,32.028494625290236,49.59582375914924,32.028494625290236,124.52264036983252,4,18,True
1366,24,7,90,49.83655213316282,70.74053372855576,49.83655213316282,124.85709926113486,4,18,True
1367,24,7,105,23.477366161346435,29.647355299543285,23.477366161346435,123.92907915636897,4,19,True
1368,24,7,120,28.73227151830991,32.46723442130231,28.73227151830991,124.81110030785203,4,18,True
1369,24,7,135,8.62210141023,11.662858148308377,8.62210141023,123.80003975704312,4,19,True
1370,24,7,150,11.036100021998088,13.835085897839043,11.036100021998088,123.87782987207174,4,19,True
1371,24,7,165,13.836267101516325,17.004645080593335,13.836267101516325,124.07938996329904,4,19,True
1372,24,7,180,6.6725896889964735,10.089084295308432,6.6725896889964735,123.86856973171234,4,19,True
1373,24,7,195,7.259233178012073,10.197078813037157,7.259233178012073,124.0004999563098,4,19,True
1374,24,7,210,9.139630134341617,11.714862789577342,9.139630134341617,128.73803405091166,4,19,True
1375,24,7,225,6.6821245912462475,7.977489584962854,6.6821245912462475,125.2019782550633,4,19,True
1376,24,47,30,22.225520278451345,39.8952471540662,22.225520278451345,123.64527117460966,4,19,True
1377,24,47,45,47.28477574779342,72.39389266607945,47.28477574779342,155.30493669211864,5,18,True
1378,24,47,60,51.06790658434232,84.95126127761571,51.06790658434232,123.9563599228859,4,19,True
1379,24,47,75,17.496338895956676,27.215662882529703,17.496338895956676,123.91439080238342,4,19,True
1380,24,47,90,17.07970877289772,28.782008067681428,17.07970877289772,123.69807995855808,4,19,True
1381,24,47,105,4.753158497810364,5.910616867374328,4.753158497810364,123.84983105584979,4,19,True
1382,24,47,120,5.740885115166505,7.5465070781726755,5.740885115166505,134.83879482373595,4,19,True
1383,24,47,135,7.839698227743308,9.828696893558945,7.839698227743308,136.03897392749786,4,19,True
1384,24,47,150,12.428438196579615,20.49057156058318,12.428438196579615,123.19008074700832,4,19,True
1385,24,47,165,16.57515142659346,23.601050989886435,16.57515142659346,123.910509981215,4,19,True
1386,24,47,180,8.109553667902947,11.015615911370652,8.109553667902947,123.88675985857844,4,19,True
1387,24,47,195,4.537313159306844,6.670175797940451,4.537313159306844,123.67124017328024,4,19,True
1388,24,47,210,5.84323730369409,6.839988997057955,5.84323730369409,123.46131075173616,4,19,True
1389,24,47,225,2.322315752506256,3.8433445648781537,2.322315752506256,123.63649113103747,4,19,True
1390,24,30,30,4.622045570115248,5.539031435863018,4.622045570115248,123.55789076536894,4,19,True
1391,24,30,45,4.144092753622681,5.41953788157374,4.144092753622681,123.76392120495439,4,19,True
1392,24,30,60,4.657461699470877,5.7918136209585915,4.657461699470877,123.57484083622694,4,19,True
1393,24,30,75,2.584437310944001,2.987470303776494,2.584437310944001,123.54821106418967,4,19,True
1394,24,30,90,2.156876228004694,3.2273242783398004,2.156876228004694,123.6821305938065,4,19,True
1395,24,30,105,4.545798544088999,6.632432356851082,4.545798544088999,123.6643809825182,4,19,True
1396,24,30,120,1.6809120630224546,2.2264118297519673,1.6809120630224546,124.14342118427157,4,19,True
1397,24,30,135,2.4575059443712233,4.254490165969941,2.4575059443712233,123.95193008705974,4,19,True
1398,24,30,150,6.479940416415532,10.069995931633775,6.479940416415532,123.78956098109484,4,19,True
1399,24,30,165,4.563803639014562,7.4206118832117625,4.563803639014562,123.6352208070457,4,19,True
1400,24,30,180,10.66282563706239,15.676964201366854,10.66282563706239,123.82477102801204,4,19,True
1401,24,30,195,4.33409910996755,6.279689813363749,4.33409910996755,123.87045100331306,4,19,True
1402,24,30,210,3.381158689657847,4.740127991356139,3.381158689657847,123.38547082617879,4,19,True
1403,24,30,225,3.394376316914956,4.605544722796104,3.394376316914956,122.4691728129983,4,19,True
1404,25,83,30,27.168170878042776,51.576326738185884,27.168170878042776,122.97060200944543,4,19,True
1405,25,83,45,37.67464714546998,62.295939744824004,37.67464714546998,123.82314121350646,4,18,True
1406,25,83,60,54.57958524326484,91.4152123901034,54.57958524326484,124.86982019618154,4,18,True
1407,25,83,75,56.606796167294185,96.3383946245073,56.606796167294185,125.02810917794704,4,18,True
1408,25,83,90,55.180887940526006,92.09013274519377,55.180887940526006,125.00759912654757,4,18,True
1409,25,83,105,58.47473697513342,92.49238867163025,58.47473697513342,124.99103927984834,4,18,True
1410,25,83,120,30.701054261873164,48.356417610470416,30.701054261873164,123.96522099152207,4,19,True
1411,25,83,135,58.15354698797067,89.49011489152761,58.15354698797067,124.63591992855072,4,18,True
1412,25,83,150,14.2962431371212,21.28180399772313,14.2962431371212,123.79533099010587,4,19,True
1413,25,83,165,33.09152745058139,52.760201724639714,33.09152745058139,123.47519071772695,4,19,True
1414,25,83,180,34.08368533005317,62.85605961439326,34.08368533005317,122.91545188054442,4,19,True
1415,25,83,195,24.633307404319446,38.00444552520174,24.633307404319446,123.43704095110297,4,18,True
1416,25,83,210,12.547905788818996,19.051613302615518,12.547905788818996,123.32037184387445,4,19,True
1417,25,83,225,15.196148076405128,22.261495566082168,15.196148076405128,122.82028188928962,4,19,True
1418,25,15,30,15.80107338031133,22.014697303348402,15.80107338031133,123.15437197685242,4,19,True
1419,25,15,45,11.519424452384312,14.276571538732089,11.519424452384312,122.63188231736422,4,19,True
1420,25,15,60,18.121615026394526,28.743529878070426,18.121615026394526,122.14680388569832,4,19,True
1421,25,15,75,12.82419262737191,18.40906466719492,12.82419262737191,121.331084985286,4,19,True
1422,25,15,90,10.311531038333973,14.873943727290795,10.311531038333973,121.03436514735222,4,19,True
1423,25,15,105,10.334882088502248,16.246594192252957,10.334882088502248,120.9816038608551,4,19,True
1424,25,15,120,6.720401899019877,10.060759302422245,6.720401899019877,120.75358489528298,4,19,True
1425,25,15,135,2.6881768266359964,3.259852933225368,2.6881768266359964,121.14261416718364,4,19,True
1426,25,15,150,5.632670669754346,8.259386802038525,5.632670669754346,121.55941408127546,4,19,True
1427,25,15,165,5.952832535716395,7.579157610660947,5.952832535716395,122.01486388221383,4,19,True
1428,25,15,180,5.391509145436188,8.420936327595197,5.391509145436188,121.94904265925288,4,19,True
1429,25,15,195,5.108460518221061,11.120507192195292,5.108460518221061,124.04813105240464,4,19,True
1430,25,15,210,27.47397541652123,42.6269209304512,27.47397541652123,123.9552809856832,4,19,True
1431,25,15,225,14.231801025817791,22.6435351559111,14.231801025817791,123.90316091477871,4,19,True
1432,25,3,30,21.776443260908128,31.135779147851324,21.776443260908128,124.13309141993523,4,19,True
1433,25,3,45,29.066480561097464,45.802095840062016,29.066480561097464,124.13212982937694,4,19,True
1434,25,3,60,57.553685709663355,87.54331579468106,57.553685709663355,124.45064028725028,4,18,True
1435,25,3,75,57.63107693907805,95.25674799157385,57.63107693907805,124.37656987458467,4,18,True
1436,25,3,90,21.93841170693437,37.446766373276034,21.93841170693437,125.82425773143768,4,19,True
1437,25,3,105,57.17876976281404,87.67725239995129,57.17876976281404,154.66368896886706,5,18,True
1438,25,3,120,21.754758811493716,26.97184191796271,21.754758811493716,123.36585158482194,4,19,True
1439,25,3,135,10.726327068607013,16.044359831284194,10.726327068607013,123.54748090729117,4,19,True
1440,25,3,150,13.112496908505758,19.653736478268424,13.112496908505758,123.7221215851605,4,19,True
1441,25,3,165,18.41345384667317,40.70432611837987,18.41345384667317,124.21092018485069,4,19,True
1442,25,3,180,31.270071569085122,52.74626227949395,31.270071569085122,124.76830976083875,4,18,True
1443,25,3,195,45.344815111656985,74.96596303722696,45.344815111656985,124.1782708093524,4,19,True
1444,25,3,210,59.50287792682648,96.60368525267458,59.50287792682648,125.04690885543823,4,18,True
1445,25,3,225,18.674252913395563,30.106133100706092,18.674252913395563,124.01271983981133,4,19,True
1446,25,35,30,7.672922799984614,14.039383086230185,7.672922799984614,123.90414206311107,4,19,True
1447,25,35,45,45.634815783550344,64.69094563423972,45.634815783550344,123.75137209892273,4,19,True
1448,25,35,60,7.367311897625526,10.586281770872459,7.367311897625526,123.8598907366395,4,19,True
1449,25,35,75,9.932611529032389,17.443789061229324,9.932611529032389,123.66578122600913,4,19,True
1450,25,35,90,22.714923531313737,44.49921019584931,22.714923531313737,124.08418068662286,4,19,True
1451,25,35,105,22.60421770295749,38.26891794045667,22.60421770295749,123.91560012474656,4,19,True
1452,25,35,120,44.2320349096631,69.74890716482757,44.2320349096631,124.71967004239559,4,18,True
1453,25,35,135,19.796689705116055,33.203022933436316,19.796689705116055,123.91553120687604,4,19,True
1454,25,35,150,42.13506182730198,53.63941318991621,42.13506182730198,125.20029861479998,4,18,True
1455,25,35,165,12.018373672664165,15.561146615409104,12.018373672664165,124.49680082499981,4,18,True
1456,25,35,180,10.217155987521013,12.138694169015768,10.217155987521013,123.77731082960963,4,19,True
1457,25,35,195,3.173919475575288,4.604375597177106,3.173919475575288,122.85346304997802,4,19,True
1458,25,35,210,3.7140340407689414,7.54170298581206,3.7140340407689414,121.66886404156685,4,19,True
1459,25,35,225,8.02676147421201,11.753525316987481,8.02676147421201,121.8037442304194,4,19,True
1460,25,48,30,53.720842446883516,80.43928956279261,53.720842446883516,153.0644721351564,5,18,True
1461,25,48,45,21.866008019447328,32.26231739924604,21.866008019447328,122.05447442829609,4,19,True
1462,25,48,60,27.536995957108836,45.51748852745304,27.536995957108836,121.98735307902098,4,19,True
1463,25,48,75,45.64403234006216,68.18111844825292,45.64403234006216,153.16413110122085,5,18,True
1464,25,48,90,44.18159828086694,60.185584033212486,44.18159828086694,122.52748291939497,4,18,True
1465,25,48,105,6.936734694242477,9.187875097672148,6.936734694242477,123.6963220871985,4,19,True
1466,25,48,120,5.599676845471064,7.414371088814141,5.599676845471064,124.18566085398197,4,19,True
1467,25,48,135,6.075061854720116,8.019712383026361,6.075061854720116,123.84333088994026,4,19,True
1468,25,48,150,6.165506431460381,7.707332493238697,6.165506431460381,123.26523289084435,4,19,True
1469,25,48,165,4.124728188764615,5.534902948896675,4.124728188764615,123.606211040169,4,19,True
1470,25,48,180,4.132763980926636,6.262792381384244,4.132763980926636,123.5702121630311,4,19,True
1471,25,48,195,5.763537658502658,9.014026435778888,5.763537658502658,122.25923361256719,4,19,True
1472,25,48,210,27.697459592390807,45.41893365222888,27.697459592390807,121.76993396133184,4,19,True
1473,25,48,225,27.095253771132167,38.04100540709623,27.095253771132167,121.77064409479499,4,19,True
1474,25,22,30,3.151393055419127,4.583936684022629,3.151393055419127,120.63728459179401,4,19,True
1475,25,22,45,3.6247228326896828,5.06660061120086,3.6247228326896828,121.69652432203293,4,19,True
1476,25,22,60,2.4076718165228765,3.086662780984972,2.4076718165228765,121.3134047575295,4,19,True
1477,25,22,75,6.518111981451511,13.829905219777244,6.518111981451511,121.42241513356566,4,19,True
1478,25,22,90,19.60845580175519,35.69387454272711,19.60845580175519,122.3605228587985,4,19,True
1479,25,22,105,42.842508396630485,67.78373188946999,42.842508396630485,123.01947176456451,4,18,True
1480,25,22,120,6.149151559670766,8.097887768464428,6.149151559670766,123.72591206803918,4,19,True
1481,25,22,135,5.757848783334096,8.697692652322184,5.757848783334096,123.84815188124776,4,19,True
1482,25,22,150,4.140687865018845,5.573678308412586,4.140687865018845,123.7244219519198,4,19,True
1483,25,22,165,4.395520536415279,8.060441261709652,4.395520536415279,123.50827222689986,4,19,True
1484,25,22,180,15.889939297052722,27.915966559487448,15.889939297052722,123.75416234135628,4,19,True
1485,25,22,195,18.51435704200218,36.724856725351195,18.51435704200218,123.82937222719193,4,19,True
1486,25,22,210,54.971997042993706,91.35716641805053,54.971997042993706,124.62056009098887,4,18,True
1487,25,22,225,15.537028325597445,26.71933992407568,15.537028325597445,123.62222233787179,4,19,True
1488,25,55,30,4.166850058237712,5.234919855027041,4.166850058237712,123.5402119345963,4,19,True
1489,25,55,45,12.643745265901089,20.94017731518795,12.643745265901089,123.49381297826767,4,19,True
1490,25,55,60,17.77816691994667,22.5780487323868,17.77816691994667,124.24290087074041,4,18,True
1491,25,55,75,15.055928031603495,20.210315789945234,15.055928031603495,123.4330921433866,4,19,True
1492,25,55,90,30.550283241271973,42.23413190833657,30.550283241271973,123.76177217811346,4,19,True
1493,25,55,105,12.284732309977214,23.01129188737748,12.284732309977214,124.03357122093439,4,19,True
1494,25,55,120,21.646340052286785,31.821621263737438,21.646340052286785,124.79024101048708,4,18,True
1495,25,55,135,3.770342143376668,4.724419653628029,3.770342143376668,123.89924190938473,4,19,True
1496,25,55,150,4.31635529200236,5.2461368048726165,4.31635529200236,123.93320119008422,4,19,True
1497,25,55,165,12.937227213382721,28.073662107970907,12.937227213382721,123.59903194010258,4,19,True
1498,25,55,180,28.2096262310942,47.31679989626233,28.2096262310942,124.2797402665019,4,18,True
1499,25,55,195,33.16002511183421,51.90269482533033,33.16002511183421,123.81833093240857,4,19,True
1500,25,55,210,17.908933742841086,33.22911305906522,17.908933742841086,123.07394295930862,4,19,True
1501,25,55,225,24.08051293392976,38.60383132168807,24.08051293392976,123.42725181952119,4,19,True
1502,25,4,30,10.579852603872617,14.098658099367993,10.579852603872617,123.51491209119558,4,19,True
1503,25,4,45,9.874333578223984,11.798948465490994,9.874333578223984,122.16539401561022,4,19,True
1504,25,4,60,2.6636481722195944,3.1593987766175173,2.6636481722195944,121.43276399001479,4,19,True
1505,25,4,75,2.472880074381828,3.4886506313458305,2.472880074381828,121.72415386885405,4,19,True
1506,25,4,90,11.549858018880089,18.262049563476307,11.549858018880089,121.59959506243467,4,19,True
1507,25,4,105,34.26017931302388,51.029793400133926,34.26017931302388,121.75208516418934,4,19,True
1508,25,4,120,15.720687208573024,24.12356573889116,15.720687208573024,121.97245471179485,4,19,True
1509,25,4,135,42.76434359550476,69.5015529301094,42.76434359550476,152.89351297542453,5,18,True
1510,25,4,150,10.259853303432465,16.800820578907672,10.259853303432465,121.69984495267272,4,19,True
1511,25,4,165,16.3277481396993,24.57347783933962,16.3277481396993,122.83983314409852,4,19,True
1512,25,4,180,56.472497959931694,91.53612815296258,56.472497959931694,124.64487086981535,4,18,True
1513,25,4,195,20.94620991398891,37.184256306787724,20.94620991398891,121.48674530908465,4,19,True
1514,25,4,210,14.691066066051523,23.741961778995563,14.691066066051523,121.8406236730516,4,19,True
1515,25,4,225,55.321841146548586,92.14176948784267,55.321841146548586,122.99423292279243,4,18,True
1516,25,45,30,3.1103998104731243,4.174779523680588,3.1103998104731243,121.7174050398171,4,19,True
1517,25,45,45,3.185475222269694,4.444709055417411,3.185475222269694,121.22306600213051,4,19,True
1518,25,45,60,3.046069105466207,4.215956522974478,3.046069105466207,121.99344392865896,4,19,True
1519,25,45,75,4.123406465848287,9.237891091754692,4.123406465848287,122.07338539883494,4,19,True
1520,25,45,90,32.193604286511736,55.81716812877516,32.193604286511736,122.00350360944867,4,19,True
1521,25,45,105,11.847955692745746,16.362318309320408,11.847955692745746,123.13130358234048,4,19,True
1522,25,45,120,6.972298375299821,10.598927607128001,6.972298375299821,123.7626732327044,4,19,True
1523,25,45,135,6.4995367529181145,9.516066445236897,6.4995367529181145,123.69252182543278,4,19,True
1524,25,45,150,24.928115091721217,50.90838588952115,24.928115091721217,123.86984191834927,4,19,True
1525,25,45,165,41.45831832836072,63.52294538978996,41.45831832836072,124.55719104036689,4,18,True
1526,25,45,180,21.44251432567835,32.49422040394162,21.44251432567835,122.02177522704005,4,19,True
1527,25,45,195,61.89035260279973,91.16802417461014,61.89035260279973,123.02523292601109,4,18,True
1528,25,45,210,22.265863752365114,27.878209333090197,22.265863752365114,122.09608498960733,4,19,True
1529,25,45,225,47.71488612492879,75.92254238485374,47.71488612492879,122.97130282968283,4,18,True
1530,25,60,30,18.686170586198568,33.97379502343441,18.686170586198568,122.15864472091198,4,19,True
1531,25,60,45,22.722545474022628,38.65951714490989,22.722545474022628,121.70562380924821,4,19,True
1532,25,60,60,42.65590993935863,69.83908542872118,42.65590993935863,122.127884067595,4,19,True
1533,25,60,75,13.372017192840577,19.223131141705043,13.372017192840577,122.0688447356224,4,19,True
1534,25,60,90,9.041436365246772,16.06659280202416,9.041436365246772,123.58918180689216,4,19,True
1535,25,60,105,11.169678669174512,18.975998767542247,11.169678669174512,123.58453311026096,4,19,True
1536,25,60,120,5.23327639264365,6.050345655251041,5.23327639264365,123.83200181648135,4,19,True
1537,25,60,135,16.860836506386597,29.196783590483346,16.860836506386597,123.57731303200126,4,19,True
1538,25,60,150,19.268809096018472,28.334144178363147,19.268809096018472,123.64591239020228,4,19,True
1539,25,60,165,7.751130406061808,10.904918733619972,7.751130406061808,124.11021208390594,4,19,True
1540,25,60,180,10.1511736591657,17.834766098535155,10.1511736591657,124.44147188216448,4,19,True
1541,25,60,195,12.742032221953075,20.505728159988834,12.742032221953075,123.81345173344016,4,19,True
1542,25,60,210,30.396202309926352,42.766714479700475,30.396202309926352,123.81760310381651,4,19,True
1543,25,60,225,19.153811422983804,30.58773880574049,19.153811422983804,123.91905207186937,4,19,True
1544,25,26,30,18.46280360420545,31.51340001217737,18.46280360420545,123.68982238695025,4,19,True
1545,25,26,45,59.82834792037805,92.96351280311755,59.82834792037805,155.39894998073578,5,18,True
1546,25,26,60,6.623677224914233,8.841780689463278,6.623677224914233,123.99579212069511,4,19,True
1547,25,26,75,12.256030316402514,21.54176930026553,12.256030316402514,123.87431273236871,4,19,True
1548,25,26,90,13.959286977242057,23.14019659543979,13.959286977242057,124.33060118928552,4,19,True
1549,25,26,105,5.169507066424315,6.162104453953484,5.169507066424315,124.02359209954739,4,19,True
1550,25,26,120,5.379329260190328,9.105403962976307,5.379329260190328,123.93798306584358,4,19,True
1551,25,26,135,17.01506340155999,29.516088617967526,17.01506340155999,124.26120089367032,4,19,True
1552,25,26,150,28.201364622513452,39.3966599156565,28.201364622513452,124.03120193630457,4,19,True
1553,25,26,165,21.751109250386556,32.87009146063286,21.751109250386556,123.84334206581116,4,19,True
1554,25,26,180,35.568320317814745,56.98220351321269,35.568320317814745,123.63318307325244,4,19,True
1555,25,26,195,26.845706033241004,41.88119024778853,26.845706033241004,124.00634214282036,4,19,True
1556,25,26,210,41.95814154346784,66.28841812897483,41.95814154346784,155.38453962653875,5,18,True
1557,25,26,225,16.11808279491961,26.660468579746553,16.11808279491961,124.11087192595005,4,19,True
1558,25,21,30,3.913807785511017,4.344466722135392,3.913807785511017,124.17447194457054,4,19,True
1559,25,21,45,3.054065461953481,3.8106672811130538,3.054065461953481,124.088273383677,4,19,True
1560,25,21,60,3.4635159730911256,4.379466973814895,3.4635159730911256,123.63264290615916,4,19,True
1561,25,21,75,3.250660073757172,4.1804319491184145,3.250660073757172,123.7697028554976,4,19,True
1562,25,21,90,3.170019821325938,4.117171819775446,3.170019821325938,124.08604193478823,4,19,True
1563,25,21,105,3.2348703304926554,4.211140862979783,3.2348703304926554,124.11017203703523,4,19,True
1564,25,21,120,3.3392551143964133,4.320336028413355,3.3392551143964133,124.04025299474597,4,19,True
1565,25,21,135,3.3388873100280763,4.283571736450683,3.3388873100280763,124.27314184606075,4,19,True
1566,25,21,150,3.3492669065793357,4.275740970618018,3.3492669065793357,124.1726721636951,4,19,True
1567,25,21,165,3.0819590906302134,3.9078445913222253,3.0819590906302134,123.89755202457309,4,19,True
1568,25,21,180,26.122745286207646,51.69956639684275,26.122745286207646,123.95817320793867,4,19,True
1569,25,21,195,20.589648678619415,34.710938083653694,20.589648678619415,124.93343092501163,4,18,True
1570,25,21,210,8.088423565030098,11.530254945316557,8.088423565030098,123.99243284016848,4,19,True
1571,25,21,225,18.212242991228898,39.46007994844053,18.212242991228898,123.82828211411834,4,19,True
1572,25,44,30,2.9617808093627294,4.25904552469448,2.9617808093627294,123.9140029065311,4,19,True
1573,25,44,45,7.50743634402752,10.688501511668822,7.50743634402752,123.86091193184257,4,19,True
1574,25,44,60,8.559700309112667,17.12920478452823,8.559700309112667,123.96404193714261,4,19,True
1575,25,44,75,11.919337056825558,17.814181143960322,11.919337056825558,123.89397295191884,4,19,True
1576,25,44,90,14.993399609175201,24.66685112590754,14.993399609175201,123.49412310868502,4,19,True
1577,25,44,105,3.788977378762017,4.784318067068092,3.788977378762017,123.67943301796913,4,19,True
1578,25,44,120,5.451232394576072,7.786080917982262,5.451232394576072,123.70372284203768,4,19,True
1579,25,44,135,5.619081730147203,6.714682050630504,5.619081730147203,123.74856183305383,4,19,True
1580,25,44,150,4.900970525542895,6.563840834266234,4.900970525542895,123.56368405744433,4,19,True
1581,25,44,165,5.206549955159426,6.550146070532492,5.206549955159426,123.36657289415598,4,19,True
1582,25,44,180,5.962521880865097,8.390205432770514,5.962521880865097,123.86676296591759,4,19,True
1583,25,44,195,11.967419198652108,18.360933005008764,11.967419198652108,123.91245318576694,4,19,True
1584,25,44,210,19.293546215693155,31.264688392110653,19.293546215693155,123.18943301215768,4,19,True
1585,25,44,225,9.156242211411397,12.933956224279399,9.156242211411397,121.59236613661051,4,19,True
1586,25,23,30,5.393013807137807,7.816751580409149,5.393013807137807,121.90280575305223,4,19,True
1587,25,23,45,20.87511493762334,36.72902888182338,20.87511493762334,121.80524505674839,4,19,True
1588,25,23,60,52.950887287656464,86.07096584184434,52.950887287656464,153.1226127408445,5,18,True
1589,25,23,75,55.678468915323414,90.41120470433822,55.678468915323414,122.32701480388641,4,18,True
1590,25,23,90,30.44494435340166,53.188734961542416,30.44494435340166,121.7169351875782,4,19,True
1591,25,23,105,51.256561845044295,85.56822054528844,51.256561845044295,122.65788484364748,4,18,True
1592,25,23,120,38.21553726394971,57.24334346311035,38.21553726394971,122.70706426352262,4,18,True
1593,25,23,135,8.161537452538807,10.336727386412342,8.161537452538807,123.1244239024818,4,19,True
1594,25,23,150,12.543369793891907,15.737052418544462,12.543369793891907,123.42404294759035,4,19,True
1595,25,23,165,8.152012938633561,9.756049025259772,8.152012938633561,122.40326404571533,4,19,True
1596,25,23,180,6.337357294435303,7.531518061943114,6.337357294435303,123.74293291941285,4,19,True
1597,25,23,195,8.260408835113049,11.147590295048403,8.260408835113049,123.6007628031075,4,19,True
1598,25,23,210,6.94971519348522,12.838132422384827,6.94971519348522,123.49932314828038,4,19,True
1599,25,23,225,39.673301042430104,69.97218084902178,39.673301042430104,123.65359300747514,4,19,True
1600,25,53,30,28.17130534204965,45.98362253269279,28.17130534204965,123.54269297793508,4,19,True
1601,25,53,45,46.68614821285009,70.97521575256422,46.68614821285009,123.56721283867955,4,19,True
1602,25,53,60,17.241275063405435,26.944473494236885,17.241275063405435,123.67043318226933,4,19,True
1603,25,53,75,22.661144760002692,36.63660203324125,22.661144760002692,124.1620322689414,4,19,True
1604,25,53,90,26.59616908232371,40.627675771008086,26.59616908232371,124.06961293891072,4,19,True
1605,25,53,105,25.79984792123238,40.67270949533306,25.79984792123238,123.86246304959059,4,19,True
1606,25,53,120,8.207887482394774,12.470029397108854,8.207887482394774,123.96540306508541,4,19,True
1607,25,53,135,14.480308831979832,17.131122211648776,14.480308831979832,123.9718534052372,4,19,True
1608,25,53,150,13.314267524083455,14.392107295070677,13.314267524083455,123.57789278030396,4,19,True
1609,25,53,165,10.1008195673426,12.133545285724976,10.1008195673426,122.88792431354523,4,19,True
1610,25,53,180,11.378969492514928,12.492549965783654,11.378969492514928,123.892392963171,4,19,True
1611,25,53,195,8.26497883379149,13.801482839768926,8.26497883379149,123.87354299426079,4,19,True
1612,25,53,210,7.572183990408666,11.930264328033392,7.572183990408666,123.89994272962213,4,19,True
1613,25,53,225,5.1321420885932945,8.503787730422752,5.1321420885932945,124.07295312732458,4,19,True
1614,25,84,30,4.813480504353842,5.4412085413213855,4.813480504353842,123.84226312860847,4,19,True
1615,25,84,45,19.186590509613357,34.782934523186626,19.186590509613357,122.47584480792284,4,19,True
1616,25,84,60,39.411886191368104,58.39927599856047,39.411886191368104,152.59126434102654,5,18,True
1617,25,84,75,16.647847350438436,27.618063462430182,16.647847350438436,121.83803599327803,4,19,True
1618,25,84,90,19.12025701701641,34.45386226342884,19.12025701701641,121.55224708840251,4,19,True
1619,25,84,105,44.46172693272432,66.71771905010563,44.46172693272432,122.08636477589607,4,19,True
1620,25,84,120,5.034664710362752,5.686490361663806,5.034664710362752,121.86168599873781,4,19,True
1621,25,84,135,5.4764692465464275,6.1891834956642455,5.4764692465464275,121.23995693400502,4,19,True
1622,25,84,150,5.332884629567464,6.027686419639082,5.332884629567464,121.60533620044589,4,19,True
1623,25,84,165,13.377870668967565,27.040716987090853,13.377870668967565,122.64652457088232,4,19,True
1624,25,84,180,40.909349057575064,57.208930465572436,40.909349057575064,122.85842513665557,4,19,True
1625,25,84,195,15.16244686121742,20.955141382490147,15.16244686121742,124.43770235404372,4,18,True
1626,25,84,210,34.61867797697584,51.243984115711484,34.61867797697584,123.97080287337303,4,19,True
1627,25,84,225,16.426282612482705,19.572959662970725,16.426282612482705,123.71688382700086,4,19,True
1628,25,59,30,6.584131425619125,14.598201597391183,6.584131425619125,123.59485309571028,4,19,True
1629,25,59,45,37.90418104774629,62.039150649506524,37.90418104774629,124.08468313515186,4,19,True
1630,25,59,60,11.081361263493697,18.860418145749236,11.081361263493697,123.88798175379634,4,19,True
1631,25,59,75,21.69814862161875,39.36308353785058,21.69814862161875,123.90207313001156,4,19,True
1632,25,59,90,40.897244995087384,66.47763741997994,40.897244995087384,124.85358212143183,4,18,True
1633,25,59,105,13.814521205797792,23.16072168145896,13.814521205797792,124.03291277587414,4,19,True
1634,25,59,120,32.35096787930622,53.94511327587669,32.35096787930622,123.85140312835574,4,19,True
1635,25,59,135,7.1714549173911415,8.346275925039643,7.1714549173911415,123.80527332425117,4,19,True
1636,25,59,150,3.293081122636795,4.849230352692457,3.293081122636795,124.05159277841449,4,19,True
1637,25,59,165,16.954369854927062,36.985875830593024,16.954369854927062,123.99643287062645,4,19,True
1638,25,59,180,24.534647084291404,41.189485786767705,24.534647084291404,124.74703183397651,4,18,True
1639,25,59,195,38.666268752266966,69.01619536532489,38.666268752266966,123.93412319943309,4,19,True
1640,25,59,210,30.796790983031194,50.246023523780174,30.796790983031194,124.16850309818983,4,19,True
1641,25,59,225,15.308147064243288,26.05570905402102,15.308147064243288,124.07271284610033,4,19,True
1642,25,49,30,37.93403789798419,52.44732268469216,37.93403789798419,124.000352807343,4,19,True
1643,25,49,45,28.44896285633246,40.365841856107885,28.44896285633246,124.11570316180587,4,19,True
1644,25,49,60,23.651973600188892,44.491040743704396,23.651973600188892,124.11748291924596,4,19,True
1645,25,49,75,12.617120666305224,19.94379413592605,12.617120666305224,124.54586289823055,4,18,True
1646,25,49,90,25.158107726772627,40.674833076535435,25.158107726772627,124.00779314339161,4,19,True
1647,25,49,105,45.94402565260728,74.47434936928768,45.94402565260728,123.99388197809458,4,19,True
1648,25,49,120,35.19340067704518,55.48709673168238,35.19340067704518,155.65234003588557,5,18,True
1649,25,49,135,63.28413989245892,98.39608951496267,63.28413989245892,125.32727094367146,4,18,True
1650,25,49,150,28.606389862298965,39.573626629363424,28.606389862298965,124.80477197095752,4,18,True
1651,25,49,165,40.17641512354215,52.58325560716029,40.17641512354215,125.1197918318212,4,18,True
1652,25,49,180,33.01606249809265,36.07974663005935,33.01606249809265,123.8012439571321,4,19,True
1653,25,49,195,15.423045539855957,16.268305403814377,15.423045539855957,123.80063300952315,4,19,True
1654,25,49,210,10.625891081492107,16.23699260325924,10.625891081492107,123.67749400436878,4,19,True
1655,25,49,225,8.441287994384766,11.09311005493637,8.441287994384766,123.5930840484798,4,19,True
1656,25,7,30,16.38559854278962,33.463873068210226,16.38559854278962,123.70877433568239,4,19,True
1657,25,7,45,34.03181923627854,50.78981676166116,34.03181923627854,124.4421130977571,4,18,True
1658,25,7,60,59.344394932190575,88.61274653882127,59.344394932190575,124.64687321335077,4,18,True
1659,25,7,75,30.923029086490473,36.1897246916181,30.923029086490473,124.39263286069036,4,18,True
1660,25,7,90,40.188733199238776,66.26926235828027,40.188733199238776,155.0453412346542,5,18,True
1661,25,7,105,22.25656808912754,33.410742861354464,22.25656808912754,123.92023392021656,4,19,True
1662,25,7,120,50.6818537513415,78.52807781147054,50.6818537513415,124.93778159841895,4,18,True
1663,25,7,135,57.05080555478732,86.42903061367258,57.05080555478732,155.38248093798757,5,18,True
1664,25,7,150,16.060351874430975,23.07900513947029,16.060351874430975,123.8158829510212,4,19,True
1665,25,7,165,6.396308700243632,7.659348715885278,6.396308700243632,123.98073403164744,4,19,True
1666,25,7,180,8.599520048002402,14.514827844177466,8.599520048002402,123.30839363858104,4,19,True
1667,25,7,195,35.40344876448314,52.11740057986785,35.40344876448314,122.12422583252192,4,19,True
1668,25,7,210,59.034774208068846,88.50711975057874,59.034774208068846,123.22690477594733,4,18,True
1669,25,7,225,19.88060817718506,29.630869208642025,19.88060817718506,122.02144600450993,4,19,True
1670,25,47,30,2.7293071428934734,4.024797475502466,2.7293071428934734,121.90821673721075,4,19,True
1671,25,47,45,13.02795968055725,32.83281429758482,13.02795968055725,121.86264619231224,4,19,True
1672,25,47,60,36.7273748387893,59.16677252058473,36.7273748387893,121.89603690057993,4,19,True
1673,25,47,75,22.56867106507222,37.959605362688954,22.56867106507222,121.58787623047829,4,19,True
1674,25,47,90,56.47072991778453,88.50103308577015,56.47072991778453,153.34836486727,5,18,True
1675,25,47,105,13.672194653749466,23.679233018304657,13.672194653749466,123.70222434401512,4,19,True
1676,25,47,120,13.32090510527293,23.305208404154477,13.32090510527293,123.53515392169356,4,19,True
1677,25,47,135,13.533134849866231,23.380807375678803,13.533134849866231,123.07861493900418,4,19,True
1678,25,47,150,13.42045898338159,23.323218805774438,13.42045898338159,122.83243471756577,4,19,True
1679,25,47,165,13.186899169782798,23.014106769026473,13.186899169782798,122.53990583121777,4,19,True
1680,25,47,180,26.311864925920965,50.430349399632334,26.311864925920965,122.21725611016154,4,19,True
1681,25,47,195,59.31629834373792,88.6444187243646,59.31629834373792,154.97735189273953,5,18,True
1682,25,47,210,37.19971044597526,54.96594916689453,37.19971044597526,123.84881405159831,4,19,True
1683,25,47,225,15.244160344700019,23.822286589968407,15.244160344700019,124.06246410682797,4,19,True
1684,25,30,30,7.799811699613929,10.741636594513729,7.799811699613929,123.91727417707443,4,19,True
1685,25,30,45,3.6250559935967126,4.541996289393369,3.6250559935967126,123.98489424958825,4,19,True
1686,25,30,60,3.4333045442899066,4.309197868323054,3.4333045442899066,123.93097439780831,4,19,True
1687,25,30,75,3.67643955424428,4.448013374009228,3.67643955424428,123.94612422212958,4,19,True
1688,25,30,90,2.7815688023964564,3.560569321972561,2.7815688023964564,124.02510363608599,4,19,True
1689,25,30,105,2.6713687678178153,4.378411191145594,2.6713687678178153,124.07839298248291,4,19,True
1690,25,30,120,3.1470188293606043,4.179475522961981,3.1470188293606043,124.1071131080389,4,19,True
1691,25,30,135,2.7419334759314853,3.7871525623998243,2.7419334759314853,124.11068426445127,4,19,True
1692,25,30,150,3.1205287718834978,3.9985390674155896,3.1205287718834978,124.0594438277185,4,19,True
1693,25,30,165,4.414947931747884,6.955748368307708,4.414947931747884,124.05297299847007,4,19,True
1694,25,30,180,4.180766050393383,5.3301851282664305,4.180766050393383,123.86621395125985,4,19,True
1695,25,30,195,4.31747220835338,5.048455459667732,4.31747220835338,123.81916493177414,4,19,True
1696,25,30,210,3.4431131457909943,4.448170480492964,3.4431131457909943,123.93508292734623,4,19,True
1697,25,30,225,2.503143777325749,3.7990335563316235,2.503143777325749,122.71582521498203,4,19,True
