sample_id,video,user,timestep,mae,corrected_rmse,mean_angular_error,latency_ms,target_forward_count,accepted_sum,finite
0,4,83,30,14.190996867418288,20.34574114583424,14.190996867418288,908.1114297732711,20,,True
1,4,83,45,20.80272679626942,26.29567795526505,20.80272679626942,567.3093511722982,20,,True
2,4,83,60,12.554294092953205,16.100064785427527,12.554294092953205,624.9385639093816,20,,True
3,4,83,75,22.060600521601735,32.57103282154466,22.060600521601735,574.2276422679424,20,,True
4,4,83,90,27.625117106735708,45.1002066213011,27.625117106735708,561.3110596314073,20,,True
5,4,83,105,50.65936374564966,82.73084205921461,50.65936374564966,575.7485418580472,20,,True
6,4,83,120,16.51490059097608,21.57944641745643,16.51490059097608,755.2657308988273,20,,True
7,4,83,135,3.595662506421407,5.193851920798581,3.595662506421407,584.032901097089,20,,True
8,4,83,150,11.367475140094758,16.521721450645817,11.367475140094758,571.7756412923336,20,,True
9,4,83,165,15.08650203148524,21.092587305617425,15.08650203148524,563.444001134485,20,,True
10,4,83,180,28.79044782059888,47.09781287464181,28.79044782059888,568.24757065624,20,,True
11,4,83,195,9.337030094489455,11.797032030542798,9.337030094489455,570.4547306522727,20,,True
12,4,83,210,11.293173572669426,17.359439975352352,11.293173572669426,569.2014209926128,20,,True
13,4,83,225,30.412857251614334,46.807982939525075,30.412857251614334,571.5330909006298,20,,True
14,4,15,30,15.70988327736656,19.308141170878084,15.70988327736656,563.2881508208811,20,,True
15,4,15,45,6.902944633364678,7.958485688254504,6.902944633364678,562.0772810652852,20,,True
16,4,15,60,1.1323537151018779,1.764665861165499,1.1323537151018779,568.9757908694446,20,,True
17,4,15,75,1.0855639060338338,1.6972348126539794,1.0855639060338338,561.9449308142066,20,,True
18,4,15,90,1.0690242846806843,1.8011739989255837,1.0690242846806843,563.6356109753251,20,,True
19,4,15,105,6.717548114806414,12.054522503738838,6.717548114806414,570.0477622449398,20,,True
20,4,15,120,12.200132288535436,18.085530173254185,12.200132288535436,570.7141519524157,20,,True
21,4,15,135,1.66037122408549,2.0605813251841094,1.66037122408549,569.1451109014452,20,,True
22,4,15,150,0.9621866861979167,1.4086944589799515,0.9621866861979167,571.3607016950846,20,,True
23,4,15,165,6.846121066808701,13.23388889166351,6.846121066808701,569.6732108481228,20,,True
24,4,15,180,14.95628195889294,22.451299009938,14.95628195889294,571.104062255472,20,,True
25,4,15,195,17.183978000904123,28.766913100014946,17.183978000904123,570.1586212962866,20,,True
26,4,15,210,21.35270247211059,36.340321951412164,21.35270247211059,569.3666618317366,20,,True
27,4,15,225,14.451998408635458,28.684241301706287,14.451998408635458,563.4859809651971,20,,True
28,4,3,30,12.767186615864436,18.58415644083582,12.767186615864436,564.787661191076,20,,True
29,4,3,45,17.31112593387564,22.348823616455462,17.31112593387564,570.7104820758104,20,,True
30,4,3,60,8.577130719708899,9.158956142140493,8.577130719708899,568.8351620920002,20,,True
31,4,3,75,6.230145163275301,8.412525767588669,6.230145163275301,570.1597221195698,20,,True
32,4,3,90,2.644953069711725,3.8367747876564637,2.644953069711725,570.4087419435382,20,,True
33,4,3,105,3.7713351861884195,5.421546629031074,3.7713351861884195,569.8125120252371,20,,True
34,4,3,120,5.392731925596793,7.3797972722238665,5.392731925596793,570.0818309560418,20,,True
35,4,3,135,13.035216371218363,15.449230708635474,13.035216371218363,568.8988422043622,20,,True
36,4,3,150,11.763917161524295,16.481495483600188,11.763917161524295,570.428011007607,20,,True
37,4,3,165,10.753768420219421,13.488727863894484,10.753768420219421,570.6832408905029,20,,True
38,4,3,180,6.7559511741002405,11.301789114876808,6.7559511741002405,570.0119910761714,20,,True
39,4,3,195,8.117094773054124,11.142381578392396,8.117094773054124,569.013200700283,20,,True
40,4,3,210,1.723472930987676,2.0144878520641214,1.723472930987676,569.5934421382844,20,,True
41,4,3,225,3.2277896543343862,3.53627256662935,3.2277896543343862,569.4460910744965,20,,True
42,4,35,30,9.250109325659771,11.259585426626893,9.250109325659771,569.8122116737068,20,,True
43,4,35,45,3.4118208741148313,4.453596051840786,3.4118208741148313,571.2282420136034,20,,True
44,4,35,60,4.148810443282128,5.082680245183611,4.148810443282128,569.1716307774186,20,,True
45,4,35,75,4.065841146310171,5.530592679181805,4.065841146310171,560.9797020442784,20,,True
46,4,35,90,2.7183608253796896,6.096081660695483,2.7183608253796896,561.5613320842385,20,,True
47,4,35,105,6.167467654248079,8.424451765562816,6.167467654248079,570.8602210506797,20,,True
48,4,35,120,10.48684141288201,12.769087296354153,10.48684141288201,569.4985510781407,20,,True
49,4,35,135,2.9950953128437203,4.509521425163278,2.9950953128437203,568.3110519312322,20,,True
50,4,35,150,5.023181702196598,6.218957819858524,5.023181702196598,568.9271120354533,20,,True
51,4,35,165,15.100272285938264,21.389334366217415,15.100272285938264,568.7564113177359,20,,True
52,4,35,180,20.700824252764384,34.93553884192175,20.700824252764384,569.2202118225396,20,,True
53,4,35,195,7.406657485167186,12.871382398553685,7.406657485167186,568.2228421792388,20,,True
54,4,35,210,6.555941065152486,7.498095770555707,6.555941065152486,568.4852609410882,20,,True
55,4,35,225,3.43067640264829,6.598119527629649,3.43067640264829,568.2868119329214,20,,True
56,4,48,30,5.6248882479267195,8.281675523337292,5.6248882479267195,569.3089920096099,20,,True
57,4,48,45,15.444771846880515,22.92057678093538,15.444771846880515,569.6076019667089,20,,True
58,4,48,60,12.750443716098864,19.70049797515834,12.750443716098864,568.6180219054222,20,,True
59,4,48,75,5.028560522246213,8.211915344050873,5.028560522246213,568.3422819711268,20,,True
60,4,48,90,3.978736471136411,4.845129627728476,3.978736471136411,567.0101121068001,20,,True
61,4,48,105,7.582556447883447,11.573201266335468,7.582556447883447,568.419860675931,20,,True
62,4,48,120,24.17585885822773,37.931383876656724,24.17585885822773,562.7686819061637,20,,True
63,4,48,135,18.138622739414373,23.6521781863885,18.138622739414373,559.1066707856953,20,,True
64,4,48,150,12.297015140453974,15.820068735775473,12.297015140453974,567.0485319569707,20,,True
65,4,48,165,10.15632117986679,13.397847783969555,10.15632117986679,568.1249019689858,20,,True
66,4,48,180,11.22675112231324,17.05893423289581,11.22675112231324,564.8080511018634,20,,True
67,4,48,195,16.11585313677788,26.205205823811855,16.11585313677788,562.1889517642558,20,,True
68,4,48,210,14.050580897927285,21.67676297277639,14.050580897927285,567.5294622778893,20,,True
69,4,48,225,16.2837770678103,22.511696791601896,16.2837770678103,566.0553108900785,20,,True
70,4,22,30,4.274288636445999,5.0437501663103985,4.274288636445999,559.0407308191061,20,,True
71,4,22,45,4.56411145851016,5.1456144922589795,4.56411145851016,563.1795818917453,20,,True
72,4,22,60,1.9668468420704206,3.459825173408414,1.9668468420704206,571.6642620973289,20,,True
73,4,22,75,2.719445906082789,4.081495688418528,2.719445906082789,564.1246517188847,20,,True
74,4,22,90,3.4553921103477476,8.278356486708883,3.4553921103477476,561.3545207306743,20,,True
75,4,22,105,4.654410384098688,8.564672090655888,4.654410384098688,567.997062113136,20,,True
76,4,22,120,4.613281867404779,6.283848971302624,4.613281867404779,568.6644120141864,20,,True
77,4,22,135,2.203673048814138,2.76278053027791,2.203673048814138,569.7175520472229,20,,True
78,4,22,150,1.1517072640359403,1.8379123206497747,1.1517072640359403,567.6437821239233,20,,True
79,4,22,165,10.626015553126733,17.48839140493938,10.626015553126733,567.3734019510448,20,,True
80,4,22,180,16.26133636434873,29.301184618772943,16.26133636434873,568.4584719128907,20,,True
81,4,22,195,5.766122667988141,8.81914237724332,5.766122667988141,562.6071109436452,20,,True
82,4,22,210,5.548427030444145,6.613324091109069,5.548427030444145,559.7127112559974,20,,True
83,4,22,225,4.778144080463487,9.674041422029852,4.778144080463487,566.5247323922813,20,,True
84,4,55,30,9.318322328478098,11.861949979416515,9.318322328478098,567.5857816822827,20,,True
85,4,55,45,4.531017494450013,5.122140908419522,4.531017494450013,568.300211802125,20,,True
86,4,55,60,6.691717641800642,11.120955614822831,6.691717641800642,567.9824822582304,20,,True
87,4,55,75,10.980713006854057,20.016448663774064,10.980713006854057,569.06524207443,20,,True
88,4,55,90,13.380572972695033,19.024658922969987,13.380572972695033,567.3527619801462,20,,True
89,4,55,105,3.522616457939148,6.288411692254771,3.522616457939148,569.2819221876562,20,,True
90,4,55,120,4.706963325540225,6.554308101901275,4.706963325540225,567.8243320435286,20,,True
91,4,55,135,6.952003651958269,7.9294366770145475,6.952003651958269,567.6912418566644,20,,True
92,4,55,150,14.17617190219462,23.124149095978733,14.17617190219462,569.2309220321476,20,,True
93,4,55,165,35.09226666291555,50.41315025098595,35.09226666291555,568.2738618925214,20,,True
94,4,55,180,28.206973322232564,39.658551379740366,28.206973322232564,567.9799220524728,20,,True
95,4,55,195,57.80478773638606,84.48379262995142,57.80478773638606,570.5029321834445,20,,True
96,4,55,210,38.25592586199443,68.89149307447892,38.25592586199443,570.6952721811831,20,,True
97,4,55,225,32.85092895328999,54.46323114940542,32.85092895328999,571.0963918827474,20,,True
98,4,4,30,19.025575222928698,39.74288167343598,19.025575222928698,568.7716118991375,20,,True
99,4,4,45,55.263993591070175,91.23823231288297,55.263993591070175,569.993912242353,20,,True
100,4,4,60,9.64148276783526,14.708042328588533,9.64148276783526,570.4096821136773,20,,True
101,4,4,75,9.775937482373168,15.789837367139244,9.775937482373168,571.2689319625497,20,,True
102,4,4,90,9.164801255023727,14.503219199971893,9.164801255023727,570.8656217902899,20,,True
103,4,4,105,8.652815841635068,11.688339537143353,8.652815841635068,572.7114416658878,20,,True
104,4,4,120,7.696918903912107,13.113418744539377,7.696918903912107,569.2693721503019,20,,True
105,4,4,135,9.597951867431401,14.79015692007379,9.597951867431401,569.8652318678796,20,,True
106,4,4,150,11.895712103197972,21.744294382860257,11.895712103197972,571.3943219743669,20,,True
107,4,4,165,9.951050609350204,16.535485696616934,9.951050609350204,566.5171621367335,20,,True
108,4,4,180,11.79520163933436,23.341564231271764,11.79520163933436,560.2914118207991,20,,True
109,4,4,195,38.35544450183709,68.78172081532996,38.35544450183709,568.2888021692634,20,,True
110,4,4,210,21.079442104076346,41.603578716004954,21.079442104076346,569.6873730048537,20,,True
111,4,4,225,49.43766180773576,81.44592498429931,49.43766180773576,569.097233004868,20,,True
112,4,45,30,10.534845165411632,13.06536379574644,10.534845165411632,569.179022219032,20,,True
113,4,45,45,9.86194728364547,13.40915403264818,9.86194728364547,570.2732424251735,20,,True
114,4,45,60,7.4042368337512015,11.81250141848056,7.4042368337512015,570.234352722764,20,,True
115,4,45,75,22.62800131266316,46.169838124894376,22.62800131266316,562.8834217786789,20,,True
116,4,45,90,23.614519825577737,37.5620335545936,23.614519825577737,559.1778522357345,20,,True
117,4,45,105,4.324517355114222,5.405601549186,4.324517355114222,562.3200717382133,20,,True
118,4,45,120,2.2550106619795165,2.731599988378228,2.2550106619795165,559.4905624166131,20,,True
119,4,45,135,1.2055861378709476,1.635684475125029,1.2055861378709476,561.344020999968,20,,True
120,4,45,150,1.0624549120664597,1.405474483627935,1.0624549120664597,560.0973810069263,20,,True
121,4,45,165,3.005796545371413,5.572318936040844,3.005796545371413,564.4648522138596,20,,True
122,4,45,180,8.740395323435466,13.742917511544727,8.740395323435466,563.8278117403388,20,,True
123,4,45,195,4.045671600103378,5.434490066398528,4.045671600103378,560.8463608659804,20,,True
124,4,45,210,5.473166670401891,7.4890803123336624,5.473166670401891,565.5789426527917,20,,True
125,4,45,225,6.5348481758264825,9.565068464173603,6.5348481758264825,570.9907920099795,20,,True
126,4,60,30,11.972435995439689,18.74464739920189,11.972435995439689,570.3773330897093,20,,True
127,4,60,45,8.630258970459302,13.69444902432473,8.630258970459302,571.3668027892709,20,,True
128,4,60,60,6.12734601298968,10.259870145730023,6.12734601298968,568.1724329479039,20,,True
129,4,60,75,9.890200941264629,15.44173315725057,9.890200941264629,570.1389331370592,20,,True
130,4,60,90,6.63242009729147,10.227881585720985,6.63242009729147,569.7847432456911,20,,True
131,4,60,105,7.1469511469205225,13.044837344646696,7.1469511469205225,569.3094120360911,20,,True
132,4,60,120,10.358737230300903,16.750273306718025,10.358737230300903,567.6788231357932,20,,True
133,4,60,135,4.1598727107048035,6.259904698661395,4.1598727107048035,567.7686128765345,20,,True
134,4,60,150,3.842064150174459,5.051642010768481,3.842064150174459,568.4670726768672,20,,True
135,4,60,165,10.063134288787841,14.795204836044576,10.063134288787841,565.5242120847106,20,,True
136,4,60,180,21.757514190673827,34.98559719635524,21.757514190673827,561.7316430434585,20,,True
137,4,60,195,8.584970027208328,12.25499530862658,8.584970027208328,564.5590820349753,20,,True
138,4,60,210,2.8631832202275596,4.027508551991657,2.8631832202275596,567.736302036792,20,,True
139,4,60,225,3.8576056798299154,7.107809082904283,3.8576056798299154,568.3835330419242,20,,True
140,4,26,30,6.1120675802230835,8.291369282957067,6.1120675802230835,568.339872173965,20,,True
141,4,26,45,1.143149975935618,1.8965596620085494,1.143149975935618,568.379343021661,20,,True
142,4,26,60,2.529236215353012,3.5742462716814907,2.529236215353012,568.5480022802949,20,,True
143,4,26,75,1.354691072801749,1.7100191786600831,1.354691072801749,569.3660327233374,20,,True
144,4,26,90,1.2730100485185782,1.8555683729091457,1.2730100485185782,568.0536832660437,20,,True
145,4,26,105,2.23948701073726,2.7720881496105454,2.23948701073726,568.3030621148646,20,,True
146,4,26,120,1.836120883623759,2.297959704583722,1.836120883623759,570.2234017662704,20,,True
147,4,26,135,2.2345095455646513,2.989560364227159,2.2345095455646513,569.9265729635954,20,,True
148,4,26,150,1.3645722309748332,1.6763633854159172,1.3645722309748332,570.2491523697972,20,,True
149,4,26,165,3.6162692308425903,5.762622767774323,3.6162692308425903,570.2237216755748,20,,True
150,4,26,180,10.157435270150502,21.2082508428771,10.157435270150502,568.6811027117074,20,,True
151,4,26,195,7.751677646239599,13.131104215050076,7.751677646239599,567.9631531238556,20,,True
152,4,26,210,17.817106660207113,24.13531423263726,17.817106660207113,569.4060521200299,20,,True
153,4,26,225,27.426966661339005,39.574340605679524,27.426966661339005,567.6942132413387,20,,True
154,4,21,30,2.271369723199556,2.623648786757053,2.271369723199556,561.5683319047093,20,,True
155,4,21,45,2.06749183734258,2.55207503427436,2.06749183734258,562.2367328032851,20,,True
156,4,21,60,1.912048917512099,2.327737839516115,1.912048917512099,568.4977220371366,20,,True
157,4,21,75,1.5415039529403052,2.001234084558952,1.5415039529403052,568.4869629330933,20,,True
158,4,21,90,1.6676242053508759,2.0720522800627292,1.6676242053508759,568.1981733068824,20,,True
159,4,21,105,1.353109339872996,1.8492795290088417,1.353109339872996,568.1047621183097,20,,True
160,4,21,120,1.7663393219312031,2.2015061319243503,1.7663393219312031,568.0692419409752,20,,True
161,4,21,135,1.5340765098730722,1.948045903126312,1.5340765098730722,568.6194230802357,20,,True
162,4,21,150,1.4922461609045665,1.950943948567578,1.4922461609045665,569.0807532519102,20,,True
163,4,21,165,5.129969946543375,8.929648930171865,5.129969946543375,568.9279926009476,20,,True
164,4,21,180,5.573682632048925,9.875926420727023,5.573682632048925,568.5641830787063,20,,True
165,4,21,195,4.12410558462143,5.69137287077543,4.12410558462143,569.1384528763592,20,,True
166,4,21,210,2.284564946095149,2.8610094814609335,2.284564946095149,568.9031230285764,20,,True
167,4,21,225,1.612545120716095,2.1333329982753773,1.612545120716095,571.7379129491746,20,,True
168,4,44,30,9.869239585101605,13.338535249182796,9.869239585101605,566.231032833457,20,,True
169,4,44,45,4.399620858828227,6.081929569226114,4.399620858828227,560.0898019038141,20,,True
170,4,44,60,4.602009300390879,6.8078376478990235,4.602009300390879,563.7618629261851,20,,True
171,4,44,75,5.18507571319739,7.630389871100611,5.18507571319739,568.4679020196199,20,,True
172,4,44,90,17.55240004360676,27.935486692782018,17.55240004360676,560.2696319110692,20,,True
173,4,44,105,16.10417458117008,29.166575771501343,16.10417458117008,562.4912725761533,20,,True
174,4,44,120,5.98472376887997,7.781873828701637,5.98472376887997,568.0546131916344,20,,True
175,4,44,135,5.9558679282665254,7.385002832129481,5.9558679282665254,563.907272182405,20,,True
176,4,44,150,6.638466278711955,10.03544857511657,6.638466278711955,559.8527221009135,20,,True
177,4,44,165,14.888204232851665,20.207900501415356,14.888204232851665,570.2181733213365,20,,True
178,4,44,180,23.724795905407518,39.00739299949633,23.724795905407518,569.3395319394767,20,,True
179,4,44,195,10.689796087145805,13.312965619758275,10.689796087145805,569.1833831369877,20,,True
180,4,44,210,13.674229390422504,20.450561063537403,13.674229390422504,571.8577629886568,20,,True
181,4,44,225,19.56420290072759,25.774361781109896,19.56420290072759,570.8376741968095,20,,True
182,4,23,30,37.944279167552786,59.83465037972527,37.944279167552786,570.1156430877745,20,,True
183,4,23,45,10.433570448557536,15.388844871283796,10.433570448557536,572.0581929199398,20,,True
184,4,23,60,29.676360029975573,42.63437329679596,29.676360029975573,571.9423028640449,20,,True
185,4,23,75,10.498431316018104,13.166252710231447,10.498431316018104,569.3320627324283,20,,True
186,4,23,90,11.275623881816864,14.40754733739515,11.275623881816864,572.0624029636383,20,,True
187,4,23,105,8.923435515662034,14.801170805970145,8.923435515662034,572.0388642512262,20,,True
188,4,23,120,42.450720234960315,74.18795035500041,42.450720234960315,569.967573042959,20,,True
189,4,23,135,41.81167282064756,61.727432505182165,41.81167282064756,571.6759031638503,20,,True
190,4,23,150,21.469995595514774,30.425573092422827,21.469995595514774,568.7671033665538,20,,True
191,4,23,165,52.56634052445491,82.27518655730579,52.56634052445491,571.0594030097127,20,,True
192,4,23,180,29.72426128461957,47.304906652785384,29.72426128461957,573.7483128905296,20,,True
193,4,23,195,48.59862094148993,72.72191195426261,48.59862094148993,570.2948132529855,20,,True
194,4,23,210,33.62102045814196,46.62963363226564,33.62102045814196,579.4672640040517,20,,True
195,4,23,225,30.95680974299709,44.60032457133326,30.95680974299709,569.7800740599632,20,,True
196,4,53,30,7.6511135021845496,11.375824360915436,7.6511135021845496,562.1360829100013,20,,True
197,4,53,45,9.699554467201233,12.183983958957365,9.699554467201233,581.3466538675129,20,,True
198,4,53,60,4.532756900787353,6.579841923083168,4.532756900787353,604.5759650878608,20,,True
199,4,53,75,14.310664076606432,20.09068155247958,14.310664076606432,582.1212339214981,20,,True
200,4,53,90,23.015586163600286,28.617675575518707,23.015586163600286,621.4631260372698,20,,True
201,4,53,105,15.398934109012286,20.325138276610947,15.398934109012286,580.9135539457202,20,,True
202,4,53,120,22.473532968759535,31.90771849409589,22.473532968759535,572.7148526348174,20,,True
203,4,53,135,11.755404457449913,16.265890212770586,11.755404457449913,574.3809342384338,20,,True
204,4,53,150,7.3458913415670395,9.170411706621229,7.3458913415670395,571.0165933705866,20,,True
205,4,53,165,16.168968867634735,23.227424154324464,16.168968867634735,570.1858843676746,20,,True
206,4,53,180,13.490929326911766,21.690854029011785,13.490929326911766,572.1987332217395,20,,True
207,4,53,195,10.888613653182983,14.640981703330866,10.888613653182983,570.5615230835974,20,,True
208,4,53,210,16.85590748836597,22.68386646354763,16.85590748836597,561.1951220780611,20,,True
209,4,53,225,14.247753522296746,22.873612090310626,14.247753522296746,565.9578531049192,20,,True
210,4,84,30,36.12437510148933,61.189222961900946,36.12437510148933,572.5405039265752,20,,True
211,4,84,45,15.5091619455566,18.152902884789654,15.5091619455566,573.0557925999165,20,,True
212,4,84,60,33.99263768556217,56.06058409993004,33.99263768556217,571.0418135859072,20,,True
213,4,84,75,25.51679691274961,37.58405922821866,25.51679691274961,563.850732985884,20,,True
214,4,84,90,7.66423916220665,11.072040880074155,7.66423916220665,564.9671428836882,20,,True
215,4,84,105,8.458763607343037,12.891789239491468,8.458763607343037,571.4394329115748,20,,True
216,4,84,120,12.179211973647277,15.430594627630608,12.179211973647277,572.1057332120836,20,,True
217,4,84,135,2.38405890862147,3.0146104999263676,2.38405890862147,572.8467139415443,20,,True
218,4,84,150,2.360482794046402,2.8830183121531356,2.360482794046402,574.0102236159146,20,,True
219,4,84,165,13.899524690707524,22.187933922737116,13.899524690707524,571.6039929538965,20,,True
220,4,84,180,22.9106069256862,33.246805070291366,22.9106069256862,573.7805939279497,20,,True
221,4,84,195,13.372942256927491,18.457441858997306,13.372942256927491,567.8891632705927,20,,True
222,4,84,210,13.553447595238685,17.959310280208,13.553447595238685,560.6715432368219,20,,True
223,4,84,225,6.712244659274195,11.353711166114614,6.712244659274195,570.2045629732311,20,,True
224,4,59,30,3.3985382000605266,3.8073936738354184,3.3985382000605266,565.434723161161,20,,True
225,4,59,45,1.7859141565859318,2.3318035614501262,1.7859141565859318,562.8576818853617,20,,True
226,4,59,60,1.677342339605093,2.166307596732741,1.677342339605093,568.2548028416932,20,,True
227,4,59,75,1.7179987942179045,2.9780241072268843,1.7179987942179045,572.180223185569,20,,True
228,4,59,90,2.2800133948524794,4.062314705673252,2.2800133948524794,560.4167832061648,20,,True
229,4,59,105,3.2278559227784474,4.383005847651445,3.2278559227784474,565.8896728418767,20,,True
230,4,59,120,4.116671337683996,4.960502121322236,4.116671337683996,574.5778130367398,20,,True
231,4,59,135,2.0294369564081234,2.522044527591998,2.0294369564081234,569.0103326924145,20,,True
232,4,59,150,1.5732177872831623,2.4098678672074625,1.5732177872831623,572.7954241447151,20,,True
233,4,59,165,10.304014398654301,15.399957836730715,10.304014398654301,571.6717140749097,20,,True
234,4,59,180,11.759602417548498,17.782457758740662,11.759602417548498,577.9000939801335,20,,True
235,4,59,195,4.5132497678200405,7.099342850095821,4.5132497678200405,571.3557139970362,20,,True
236,4,59,210,3.723880724236369,4.147281154135928,3.723880724236369,568.960442673415,20,,True
237,4,59,225,2.997216545169552,5.295228521542547,2.997216545169552,572.7288736961782,20,,True
238,4,49,30,21.55684079726537,29.10152522124755,21.55684079726537,570.990533567965,20,,True
239,4,49,45,18.439756306012473,25.540860213143848,18.439756306012473,571.2548438459635,20,,True
240,4,49,60,24.108727190364153,31.198698182191233,24.108727190364153,570.5696637742221,20,,True
241,4,49,75,16.25131114721298,24.237335589400743,16.25131114721298,572.6495836861432,20,,True
242,4,49,90,9.833083230257035,12.348958855614635,9.833083230257035,573.711842764169,20,,True
243,4,49,105,4.0562097405393915,4.917668939556781,4.0562097405393915,572.2679537720978,20,,True
244,4,49,120,10.153676038483779,13.895339324580457,10.153676038483779,567.2285230830312,20,,True
245,4,49,135,23.163955867290497,29.661251554939945,23.163955867290497,570.5803032033145,20,,True
246,4,49,150,36.60059329415672,55.95791494961751,36.60059329415672,572.5689241662621,20,,True
247,4,49,165,41.6765927508939,65.44797690521612,41.6765927508939,571.6766943223774,20,,True
248,4,49,180,11.426407623291016,14.87364907156395,11.426407623291016,570.6494832411408,20,,True
249,4,49,195,11.668186799685161,17.485225694245564,11.668186799685161,569.6734637022018,20,,True
250,4,49,210,32.97773975667854,53.58449528325765,32.97773975667854,568.8773230649531,20,,True
251,4,49,225,47.04639085792005,70.30662305605726,47.04639085792005,570.7862339913845,20,,True
252,4,7,30,13.64023515880108,16.690112535426778,13.64023515880108,570.1501942239702,20,,True
253,4,7,45,7.341312034055591,9.405312384120512,7.341312034055591,569.8343538679183,20,,True
254,4,7,60,7.740183921779195,10.956977506761012,7.740183921779195,569.9473130516708,20,,True
255,4,7,75,4.452861658732096,5.488336436705034,4.452861658732096,569.9677341617644,20,,True
256,4,7,90,3.784816869099935,7.571691468157497,3.784816869099935,570.3779142349958,20,,True
257,4,7,105,7.466543924808502,10.720990501661463,7.466543924808502,571.5735140256584,20,,True
258,4,7,120,9.964089624087016,12.628115219307515,9.964089624087016,570.2670230530202,20,,True
259,4,7,135,6.08796660763522,7.577040198218567,6.08796660763522,568.8762040808797,20,,True
260,4,7,150,5.4452614406744635,8.970959282126069,5.4452614406744635,571.9276838935912,20,,True
261,4,7,165,17.366621536016464,24.85752600181978,17.366621536016464,570.8273630589247,20,,True
262,4,7,180,21.674923417468865,30.44280923938301,21.674923417468865,563.7050126679242,20,,True
263,4,7,195,12.610153286655743,18.21778954957099,12.610153286655743,560.5557826347649,20,,True
264,4,7,210,2.1533881545066835,2.71114927877026,2.1533881545066835,571.1348243057728,20,,True
265,4,7,225,5.877341524263223,9.011540126197504,5.877341524263223,569.986674003303,20,,True
266,4,47,30,9.290345492089788,11.905517586340268,9.290345492089788,571.267694234848,20,,True
267,4,47,45,6.986941732962927,7.957253792478785,6.986941732962927,568.3133928105235,20,,True
268,4,47,60,1.8336966534455617,2.130690236955408,1.8336966534455617,571.5516237542033,20,,True
269,4,47,75,1.3373963137467701,1.6546628832134607,1.3373963137467701,570.8772339858115,20,,True
270,4,47,90,1.998775420586268,2.7432695041186905,1.998775420586268,569.6988538838923,20,,True
271,4,47,105,3.377665307543551,4.645283453456099,3.377665307543551,569.8749436996877,20,,True
272,4,47,120,1.7083855983490746,2.1861422732369,1.7083855983490746,568.849993404001,20,,True
273,4,47,135,3.1526158481836317,3.877933601856233,3.1526158481836317,570.8861136808991,20,,True
274,4,47,150,9.281185707449913,17.07764449631237,9.281185707449913,567.2849831171334,20,,True
275,4,47,165,30.567964055637518,52.32724977109508,30.567964055637518,560.6760941445827,20,,True
276,4,47,180,49.21392450258136,77.09338555937644,49.21392450258136,567.9852231405675,20,,True
277,4,47,195,9.653340217098593,12.059146754760986,9.653340217098593,560.9553237445652,20,,True
278,4,47,210,9.517068329825998,13.134079890524898,9.517068329825998,560.1341128349304,20,,True
279,4,47,225,12.150264613702893,15.565143078952934,12.150264613702893,569.2101940512657,20,,True
280,4,30,30,1.6945300420125327,2.1416617895591594,1.6945300420125327,561.9527529925108,20,,True
281,4,30,45,1.2746617197990417,1.9225080733576847,1.2746617197990417,563.6870237067342,20,,True
282,4,30,60,2.86407940586408,4.161133960884066,2.86407940586408,569.0127038396895,20,,True
283,4,30,75,0.8334107160568237,1.4713273753117246,0.8334107160568237,568.2217227295041,20,,True
284,4,30,90,0.8899617989857992,1.1920638573719908,0.8899617989857992,568.4958230704069,20,,True
285,4,30,105,0.8965285936991374,1.3656838672871554,0.8965285936991374,572.1950540319085,20,,True
286,4,30,120,2.5105485670268535,3.2814586677245097,2.5105485670268535,570.6854341551661,20,,True
287,4,30,135,3.1932372622191907,3.950032495285928,3.1932372622191907,572.9540339671075,20,,True
288,4,30,150,1.6246305664380392,2.1784437855767402,1.6246305664380392,568.7182429246604,20,,True
289,4,30,165,3.0144899527231854,3.986393157122789,3.0144899527231854,570.0952028855681,20,,True
290,4,30,180,0.9933495442072551,1.641597472686683,0.9933495442072551,571.5744141489267,20,,True
291,4,30,195,2.6299094537893932,3.9407329604479284,2.6299094537893932,570.9771541878581,20,,True
292,4,30,210,1.0826339761416117,1.3058435976585907,1.0826339761416117,571.1860340088606,20,,True
293,4,30,225,1.0280163993438085,1.3739456386453996,1.0280163993438085,571.6175939887762,20,,True
294,8,83,30,21.250054188569386,29.02181653093251,21.250054188569386,570.1873539946973,20,,True
295,8,83,45,11.842378634214402,21.43680920362439,11.842378634214402,570.0270039960742,20,,True
296,8,83,60,11.255908526976903,16.164037850453543,11.255908526976903,572.4396342411637,20,,True
297,8,83,75,15.058665996789932,22.864114087856336,15.058665996789932,569.2201238125563,20,,True
298,8,83,90,16.929956102371214,20.2210606634902,16.929956102371214,561.5538442507386,20,,True
299,8,83,105,1.5182946999867757,1.8501183059057709,1.5182946999867757,561.4123842678964,20,,True
300,8,83,120,14.807806104421616,25.701794361238033,14.807806104421616,571.5425838716328,20,,True
301,8,83,135,20.80076382768651,33.51443485155595,20.80076382768651,568.624353967607,20,,True
302,8,83,150,6.996292251224319,8.927708642921647,6.996292251224319,570.0373752042651,20,,True
303,8,83,165,4.802531013886134,6.485312796436781,4.802531013886134,570.1632937416434,20,,True
304,8,83,180,6.061241269111633,8.106503803745005,6.061241269111633,569.3432330153883,20,,True
305,8,83,195,13.375889298319816,24.732313514945975,13.375889298319816,571.2800840847194,20,,True
306,8,83,210,20.279932694633803,36.32499938818077,20.279932694633803,572.2025441937149,20,,True
307,8,83,225,18.610721451044082,27.017151846298894,18.610721451044082,569.3185338750482,20,,True
308,8,15,30,21.565061068038144,30.452915700104327,21.565061068038144,570.6803943030536,20,,True
309,8,15,45,18.950710421303906,25.623518138163025,18.950710421303906,572.8262048214674,20,,True
310,8,15,60,11.839842938569685,12.669526938820471,11.839842938569685,561.2299130298197,20,,True
311,8,15,75,2.0708246095106007,2.739207732599087,2.0708246095106007,563.1944136694074,20,,True
312,8,15,90,11.145470967888832,20.742414636763993,11.145470967888832,569.5933341048658,20,,True
313,8,15,105,13.170658612251282,18.282842939277327,13.170658612251282,570.4630338586867,20,,True
314,8,15,120,6.3870699842770895,8.098032432901151,6.3870699842770895,563.8786540366709,20,,True
315,8,15,135,8.844716950257618,12.41122441212532,8.844716950257618,562.7313037402928,20,,True
316,8,15,150,6.899239644408226,9.123456621340546,6.899239644408226,565.1561040431261,20,,True
317,8,15,165,1.3020158688227335,1.6385220623062313,1.3020158688227335,563.8820938766003,20,,True
318,8,15,180,1.055928075313568,1.401778494325264,1.055928075313568,568.471313919872,20,,True
319,8,15,195,1.0778571486473083,1.4052597442787367,1.0778571486473083,566.5186438709497,20,,True
320,8,15,210,1.0875986774762472,1.3956077760956132,1.0875986774762472,563.9707040973008,20,,True
321,8,15,225,3.3386682629585267,4.284179446036492,3.3386682629585267,560.7409533113241,20,,True
322,8,3,30,31.64987924595674,49.699546080333434,31.64987924595674,560.8113040216267,20,,True
323,8,3,45,41.20583032568296,68.09923938859869,41.20583032568296,568.0210841819644,20,,True
324,8,3,60,41.642473590373996,64.90662401123357,41.642473590373996,570.0623039156199,20,,True
325,8,3,75,13.36618525981903,23.4970625641823,13.36618525981903,570.194574072957,20,,True
326,8,3,90,14.398917627334594,19.209493109435297,14.398917627334594,571.906064171344,20,,True
327,8,3,105,5.962139932314555,7.843406224748772,5.962139932314555,566.323353908956,20,,True
328,8,3,120,12.420765260855356,16.867000500408547,12.420765260855356,560.22405391559,20,,True
329,8,3,135,14.100932474931081,18.673872287392175,14.100932474931081,567.0502441935241,20,,True
330,8,3,150,18.974821098645528,21.31986464457953,18.974821098645528,564.5575439557433,20,,True
331,8,3,165,14.822092707951864,18.934617900464243,14.822092707951864,564.9149143137038,20,,True
332,8,3,180,8.63973319530487,11.019134775620753,8.63973319530487,569.229715038091,20,,True
333,8,3,195,2.5111420075098674,3.204601372099137,2.5111420075098674,562.2645830735564,20,,True
334,8,3,210,4.8713185548782345,6.351956721227562,4.8713185548782345,562.1767239645123,20,,True
335,8,3,225,5.691226760546367,9.057494079306212,5.691226760546367,570.7831839099526,20,,True
336,8,35,30,36.89080818171303,45.708206861197425,36.89080818171303,568.4433639980853,20,,True
337,8,35,45,17.807164959112804,23.04445666510559,17.807164959112804,568.8738343305886,20,,True
338,8,35,60,28.124721550941466,33.057199456018274,28.124721550941466,568.8316449522972,20,,True
339,8,35,75,4.174286849051714,4.594933796309499,4.174286849051714,569.4068539887667,20,,True
340,8,35,90,2.9509929622213047,3.943453863994994,2.9509929622213047,568.4124738909304,20,,True
341,8,35,105,8.643988848105073,14.366014385761368,8.643988848105073,568.9597940072417,20,,True
342,8,35,120,25.25342567761739,28.579470178088823,25.25342567761739,568.0857142433524,20,,True
343,8,35,135,27.899343394736448,30.983434866149782,27.899343394736448,569.4892941974103,20,,True
344,8,35,150,17.358357017238934,23.979293013591644,17.358357017238934,570.0755049474537,20,,True
345,8,35,165,7.39682555180043,11.139616229119099,7.39682555180043,562.6835939474404,20,,True
346,8,35,180,2.1947127236053348,2.8951593625829948,2.1947127236053348,563.5427050292492,20,,True
347,8,35,195,2.634493140379588,2.945129357266491,2.634493140379588,574.5979538187385,20,,True
348,8,35,210,6.59537570628648,9.716752747914342,6.59537570628648,570.2592949382961,20,,True
349,8,35,225,22.940333072344462,44.056001389477856,22.940333072344462,570.5153839662671,20,,True
350,8,48,30,57.74564858774344,74.50714747976546,57.74564858774344,569.8147448711097,20,,True
351,8,48,45,57.95984893341859,87.82562424350117,57.95984893341859,570.0414939783514,20,,True
352,8,48,60,10.416606307138379,13.915895866915557,10.416606307138379,567.7649737335742,20,,True
353,8,48,75,7.58017446884575,9.64282146197931,7.58017446884575,560.4200731031597,20,,True
354,8,48,90,1.508097576101621,1.9942695217833262,1.508097576101621,566.1684651859105,20,,True
355,8,48,105,2.5054869214693705,2.6895765853492897,2.5054869214693705,571.7807747423649,20,,True
356,8,48,120,1.5354100252191225,1.891677857560183,1.5354100252191225,569.5504038594663,20,,True
357,8,48,135,4.751433430239558,6.70064630773376,4.751433430239558,570.4315938055515,20,,True
358,8,48,150,2.9239672191441057,3.8052093066241235,2.9239672191441057,571.2853749282658,20,,True
359,8,48,165,5.818833772589763,7.441126357618122,5.818833772589763,571.279195137322,20,,True
360,8,48,180,4.342019009093444,5.253162872719113,4.342019009093444,571.5675540268421,20,,True
361,8,48,195,6.410022564729055,7.667450977901107,6.410022564729055,570.2468948438764,20,,True
362,8,48,210,4.871423630913099,6.401295465655949,4.871423630913099,572.1439449116588,20,,True
363,8,48,225,6.958329697450002,10.039938750505387,6.958329697450002,571.9751338474452,20,,True
364,8,22,30,2.8041003147761026,3.433342221010577,2.8041003147761026,570.6352349370718,20,,True
365,8,22,45,2.5469711303710936,2.904648962113252,2.5469711303710936,571.8785943463445,20,,True
366,8,22,60,2.1023578042785327,2.683452412210034,2.1023578042785327,572.3538938909769,20,,True
367,8,22,75,1.54775466521581,1.90737083268994,1.54775466521581,572.4924854002893,20,,True
368,8,22,90,2.7024102210998535,3.024652967489279,2.7024102210998535,574.3720550090075,20,,True
369,8,22,105,2.130945312976837,2.4097964210400504,2.130945312976837,569.6644843555987,20,,True
370,8,22,120,1.6512423594792685,1.8538205896292617,1.6512423594792685,566.1860345862806,20,,True
371,8,22,135,2.6312979102134704,4.04522191965237,2.6312979102134704,560.1122342050076,20,,True
372,8,22,150,2.896821363766988,4.051374038740047,2.896821363766988,564.7361637093127,20,,True
373,8,22,165,1.887941066424052,2.2598597493918975,1.887941066424052,570.4316948540509,20,,True
374,8,22,180,1.2662449518839518,1.570343803415922,1.2662449518839518,569.0506948158145,20,,True
375,8,22,195,3.1650793770949046,4.758083378989802,3.1650793770949046,570.6397639587522,20,,True
376,8,22,210,3.0197308739026387,4.027052888248652,3.0197308739026387,570.7371952012181,20,,True
377,8,22,225,1.4528593042244513,1.6505745664383165,1.4528593042244513,570.9060151129961,20,,True
378,8,55,30,34.01697320441405,53.2737474369848,34.01697320441405,571.5056848712265,20,,True
379,8,55,45,8.836351178586483,10.69642951625631,8.836351178586483,570.6459451466799,20,,True
380,8,55,60,1.904538381906847,2.498914943190518,1.904538381906847,566.5481146425009,20,,True
381,8,55,75,2.194573367453025,2.4694623353463294,2.194573367453025,562.1489938348532,20,,True
382,8,55,90,1.852009473492702,2.18752110310599,1.852009473492702,567.8638848476112,20,,True
383,8,55,105,1.8272381909191608,2.164768919262794,1.8272381909191608,560.3869138285518,20,,True
384,8,55,120,1.9478780873119832,2.3311405366464326,1.9478780873119832,564.2381943762302,20,,True
385,8,55,135,2.039711662878593,2.387024898448696,2.039711662878593,567.9220939055085,20,,True
386,8,55,150,1.9699242760737736,2.3421866988095483,1.9699242760737736,562.9102238453925,20,,True
387,8,55,165,1.8636373478919268,2.149687439489892,1.8636373478919268,564.4701337441802,20,,True
388,8,55,180,1.7497627278421228,2.0375459518902965,1.7497627278421228,567.65007507056,20,,True
389,8,55,195,1.7823665247609217,2.1000273231271542,1.7823665247609217,564.3776343204081,20,,True
390,8,55,210,1.8312744609390696,2.1228829820651667,1.8312744609390696,564.6993750706315,20,,True
391,8,55,225,1.8328882515120009,2.1246779983079795,1.8328882515120009,569.5074442774057,20,,True
392,8,4,30,11.547126079599062,18.274382044963936,11.547126079599062,569.3447636440396,20,,True
393,8,4,45,6.916685210967747,13.229103574315356,6.916685210967747,569.5972046814859,20,,True
394,8,4,60,20.558504293859006,31.129154014693277,20.558504293859006,569.8181549087167,20,,True
395,8,4,75,11.892100675900776,19.550137591802688,11.892100675900776,569.3044746294618,20,,True
396,8,4,90,12.16680805484454,21.168149850124927,12.16680805484454,571.2202941067517,20,,True
397,8,4,105,11.901761024879912,18.717643755626753,11.901761024879912,570.2899838797748,20,,True
398,8,4,120,14.771770289974908,25.438481381477956,14.771770289974908,569.999354891479,20,,True
399,8,4,135,10.077530040343602,15.546440203710686,10.077530040343602,570.4991151578724,20,,True
400,8,4,150,33.3691587711374,57.40560800817532,33.3691587711374,570.2469847165048,20,,True
401,8,4,165,50.86969644849499,74.7436609597591,50.86969644849499,569.7339652106166,20,,True
402,8,4,180,47.2479958375295,74.98555271971172,47.2479958375295,569.4113336503506,20,,True
403,8,4,195,10.580278791906313,13.634868083977542,10.580278791906313,570.57840609923,20,,True
404,8,4,210,35.75949261585871,42.829927929724796,35.75949261585871,569.4152251817286,20,,True
405,8,4,225,12.821927198767662,16.978855668578028,12.821927198767662,569.6724448353052,20,,True
406,8,45,30,10.651529590288797,15.46447503247996,10.651529590288797,571.4360349811614,20,,True
407,8,45,45,26.797534162551166,34.16173693442207,26.797534162551166,568.0659753270447,20,,True
408,8,45,60,26.85688520297408,29.85452666621974,26.85688520297408,564.5149340853095,20,,True
409,8,45,75,3.9483307000249623,5.429906144705204,3.9483307000249623,569.4948551245034,20,,True
410,8,45,90,4.17040514163673,5.1618294376376594,4.17040514163673,570.2039650641382,20,,True
411,8,45,105,1.5076913316268474,1.9871786338639754,1.5076913316268474,573.7148658372462,20,,True
412,8,45,120,17.10405984905859,30.172406062718746,17.10405984905859,570.5199660733342,20,,True
413,8,45,135,15.448577499389648,22.37679420902818,15.448577499389648,570.5418549478054,20,,True
414,8,45,150,5.906075016657511,8.686901435682845,5.906075016657511,572.7740051224828,20,,True
415,8,45,165,5.882564369837443,8.503833346559649,5.882564369837443,571.0037439130247,20,,True
416,8,45,180,5.835101683934529,8.47542582327795,5.835101683934529,571.201226208359,20,,True
417,8,45,195,5.890107536315918,8.61293170280251,5.890107536315918,572.3512046970427,20,,True
418,8,45,210,5.991069062550863,8.73363959101845,5.991069062550863,569.5175542496145,20,,True
419,8,45,225,5.991916020711263,8.725796807590395,5.991916020711263,570.8073349669576,20,,True
420,8,60,30,5.439934491738677,9.974497429129887,5.439934491738677,571.814795024693,20,,True
421,8,60,45,6.161987976233164,8.193037023406726,6.161987976233164,569.642695132643,20,,True
422,8,60,60,2.1691503723462424,2.9535757326725296,2.1691503723462424,573.1930546462536,20,,True
423,8,60,75,2.079023609558741,3.0261315549231935,2.079023609558741,564.9784640409052,20,,True
424,8,60,90,5.92078703319033,9.067904536308161,5.92078703319033,560.5090949684381,20,,True
425,8,60,105,6.02431732142965,8.202497492759376,6.02431732142965,569.7135650552809,20,,True
426,8,60,120,2.150792061785857,2.668353756427469,2.150792061785857,568.8152350485325,20,,True
427,8,60,135,1.2885770281155904,1.5584825193914693,1.2885770281155904,570.1791448518634,20,,True
428,8,60,150,1.6377609491348266,2.1525722870637876,1.6377609491348266,569.6872351691127,20,,True
429,8,60,165,2.43213902314504,3.7605389355926695,2.43213902314504,568.726385012269,20,,True
430,8,60,180,3.4712215185165407,5.0566676909570045,3.4712215185165407,567.781934980303,20,,True
431,8,60,195,2.1093928972880045,2.870915426235069,2.1093928972880045,568.7478347681463,20,,True
432,8,60,210,2.015260362625122,2.780171332153019,2.015260362625122,570.6713553518057,20,,True
433,8,60,225,2.2175345698992412,2.781478381174992,2.2175345698992412,563.9777951873839,20,,True
434,8,26,30,28.051251378655433,36.265224560911584,28.051251378655433,559.9057539366186,20,,True
435,8,26,45,21.20775081117948,27.454468264056157,21.20775081117948,566.465815063566,20,,True
436,8,26,60,5.8389614671468735,6.888815453523171,5.8389614671468735,562.9275850951672,20,,True
437,8,26,75,3.7596611112356184,4.9967850537016805,3.7596611112356184,568.4580248780549,20,,True
438,8,26,90,2.119520084746182,2.3716121189450625,2.119520084746182,567.3460951074958,20,,True
439,8,26,105,3.563014103099704,4.7477807984751355,3.563014103099704,565.2805753052235,20,,True
440,8,26,120,10.87034445417424,13.620254990629054,10.87034445417424,569.9677946977317,20,,True
441,8,26,135,9.765288019552827,12.644653436139372,9.765288019552827,570.7550449296832,20,,True
442,8,26,150,13.027740122253697,17.012753674096942,13.027740122253697,570.3192548826337,20,,True
443,8,26,165,4.307427970568339,6.792429401602711,4.307427970568339,567.8307949565351,20,,True
444,8,26,180,7.068848333507776,8.503824884760272,7.068848333507776,566.6200551204383,20,,True
445,8,26,195,5.818301419417064,8.493199110560463,5.818301419417064,574.4307651184499,20,,True
446,8,26,210,7.572976289192836,9.940645087978892,7.572976289192836,574.4917350821197,20,,True
447,8,26,225,9.755888451139132,10.956132390268788,9.755888451139132,572.2462548874319,20,,True
448,8,21,30,1.6370648792013527,2.072711565222744,1.6370648792013527,572.0611060969532,20,,True
449,8,21,45,3.1872204954425496,4.029971817114193,3.1872204954425496,573.6154052428901,20,,True
450,8,21,60,5.181291760504246,5.983818907762801,5.181291760504246,569.0564247779548,20,,True
451,8,21,75,4.324316021800041,4.863642838671539,4.324316021800041,571.3768848218024,20,,True
452,8,21,90,1.6069170236587524,1.8458237714972427,1.6069170236587524,575.1080359332263,20,,True
453,8,21,105,1.8458809147278468,2.0970552862171394,1.8458809147278468,576.3458949513733,20,,True
454,8,21,120,5.203862065759798,8.533083910345644,5.203862065759798,570.7753449678421,20,,True
455,8,21,135,5.741676101957759,9.273263413168248,5.741676101957759,571.5973349288106,20,,True
456,8,21,150,2.286212323854367,2.6422378463332237,2.286212323854367,573.843885678798,20,,True
457,8,21,165,1.5417906338969867,1.837844490154913,1.5417906338969867,571.4028649963439,20,,True
458,8,21,180,1.4683176650355259,1.7432433332875314,1.4683176650355259,572.4567049182951,20,,True
459,8,21,195,1.4394928704947234,1.7477842594816582,1.4394928704947234,574.6325058862567,20,,True
460,8,21,210,1.5614238845805326,1.863337437384124,1.5614238845805326,575.7923261262476,20,,True
461,8,21,225,1.5146592665463685,1.8034761642678536,1.5146592665463685,564.2152540385723,20,,True
462,8,44,30,12.657311249896884,18.570414538348864,12.657311249896884,563.8736840337515,20,,True
463,8,44,45,6.6791970809300745,10.587941612845068,6.6791970809300745,570.6420158967376,20,,True
464,8,44,60,5.751278614997863,7.03942479592143,5.751278614997863,570.8612650632858,20,,True
465,8,44,75,2.7691556851069135,3.438967199605617,2.7691556851069135,570.5612348392606,20,,True
466,8,44,90,4.067223119735718,8.93120469997739,4.067223119735718,573.0542163364589,20,,True
467,8,44,105,4.264871509869893,7.5043094644390935,4.264871509869893,568.8749449327588,20,,True
468,8,44,120,3.538172125816345,4.848789116347184,3.538172125816345,571.0302661173046,20,,True
469,8,44,135,3.8984063784281413,5.4137529283167405,3.8984063784281413,571.3241151534021,20,,True
470,8,44,150,4.206339181462924,8.769772983479253,4.206339181462924,571.9702248461545,20,,True
471,8,44,165,4.764889584978421,8.709416018518327,4.764889584978421,571.5301763266325,20,,True
472,8,44,180,5.809133871396383,6.235141297251666,5.809133871396383,569.2932950332761,20,,True
473,8,44,195,3.353661068280538,5.124801086596399,3.353661068280538,570.2838562428951,20,,True
474,8,44,210,2.5833851118882496,3.607715443986393,2.5833851118882496,571.890405844897,20,,True
475,8,44,225,3.6845495214064914,4.420095109870222,3.6845495214064914,571.5250661596656,20,,True
476,8,23,30,14.086404450237751,16.133851318689555,14.086404450237751,571.6356546618044,20,,True
477,8,23,45,12.48217507377267,18.505710040977235,12.48217507377267,570.1278652995825,20,,True
478,8,23,60,46.97076342888177,77.71292988425746,46.97076342888177,570.5570159479976,20,,True
479,8,23,75,33.81840280145407,53.01549298509642,33.81840280145407,563.5459953919053,20,,True
480,8,23,90,9.63752612148722,12.091241487135509,9.63752612148722,565.7070050947368,20,,True
481,8,23,105,4.840062950132415,5.972807341061577,4.840062950132415,559.9639751017094,20,,True
482,8,23,120,6.266760319471359,7.743973891225326,6.266760319471359,570.5786449834704,20,,True
483,8,23,135,11.321648330489795,15.442680946148132,11.321648330489795,572.0693059265614,20,,True
484,8,23,150,8.193891065319379,10.813239656925544,8.193891065319379,569.8312763124704,20,,True
485,8,23,165,9.910849709808826,11.11813182967975,9.910849709808826,574.7318360954523,20,,True
486,8,23,180,20.91017946501573,30.13638806474535,20.91017946501573,569.1824550740421,20,,True
487,8,23,195,18.42783858391146,27.546243620470637,18.42783858391146,562.972264830023,20,,True
488,8,23,210,15.848700253168742,20.487175328539106,15.848700253168742,563.776255119592,20,,True
489,8,23,225,6.46905926913023,9.640689305852085,6.46905926913023,562.0870948769152,20,,True
490,8,53,30,28.473059057195982,42.80253931553732,28.473059057195982,569.9799861758947,20,,True
491,8,53,45,55.22055870294571,75.53747583552565,55.22055870294571,562.1252851560712,20,,True
492,8,53,60,27.190496846536796,31.374557810497354,27.190496846536796,563.9958251267672,20,,True
493,8,53,75,4.552806604901949,7.37677627591947,4.552806604901949,569.6309553459287,20,,True
494,8,53,90,8.714571316043536,14.236480576834824,8.714571316043536,573.655566200614,20,,True
495,8,53,105,9.801475158333778,16.953634359638073,9.801475158333778,575.4671259783208,20,,True
496,8,53,120,49.134460072716074,78.97441821579268,49.134460072716074,574.5470961555839,20,,True
497,8,53,135,26.512394629915555,41.438039048473655,26.512394629915555,560.4922948405147,20,,True
498,8,53,150,50.43401783605417,70.56215999148824,50.43401783605417,563.3708350360394,20,,True
499,8,53,165,8.039630422989527,12.439783241966083,8.039630422989527,572.8844250552356,20,,True
500,8,53,180,15.12203355083863,22.117762800860078,15.12203355083863,575.0921256840229,20,,True
501,8,53,195,11.399134416878223,16.19339701723965,11.399134416878223,571.7724459245801,20,,True
502,8,53,210,5.983190780878067,7.762608553422863,5.983190780878067,572.0089660026133,20,,True
503,8,53,225,3.6775502363840737,5.2697399435409125,3.6775502363840737,574.7761758975685,20,,True
504,8,84,30,45.37823789045215,61.82756940140601,45.37823789045215,572.0114349387586,20,,True
505,8,84,45,28.080611860069137,35.28262052939192,28.080611860069137,572.3219560459256,20,,True
506,8,84,60,41.96611417067858,48.324198202675696,41.96611417067858,575.0740859657526,20,,True
507,8,84,75,4.65949749276042,5.498841493800179,4.65949749276042,571.3184056803584,20,,True
508,8,84,90,2.0670454297214746,2.882319222382077,2.0670454297214746,571.6315256431699,20,,True
509,8,84,105,2.265134627620379,3.150449655003649,2.265134627620379,571.0333758033812,20,,True
510,8,84,120,1.9913906281193097,2.667585247192284,1.9913906281193097,571.0375951603055,20,,True
511,8,84,135,8.014024347439408,13.024823222958517,8.014024347439408,576.2238260358572,20,,True
512,8,84,150,11.596310810248058,14.11630711077593,11.596310810248058,572.8648658841848,20,,True
513,8,84,165,3.1805940866470337,3.6112317955353705,3.1805940866470337,598.2031370513141,20,,True
514,8,84,180,2.930409383773804,3.425535709107406,2.930409383773804,576.5126356855035,20,,True
515,8,84,195,14.99577632745107,19.730519961332384,14.99577632745107,575.3453271463513,20,,True
516,8,84,210,11.981612027188142,14.095800895738476,11.981612027188142,574.327195994556,20,,True
517,8,84,225,7.96686213662227,10.53922971793215,7.96686213662227,571.650565136224,20,,True
518,8,59,30,4.33168483475844,5.355202282052583,4.33168483475844,571.7248162254691,20,,True
519,8,59,45,2.2235956601798534,3.392116817524698,2.2235956601798534,574.9582359567285,20,,True
520,8,59,60,5.95182118738691,6.936057957332324,5.95182118738691,575.4994759336114,20,,True
521,8,59,75,4.015213284889857,4.9646912629406685,4.015213284889857,573.5024060122669,20,,True
522,8,59,90,4.60525613874197,6.012061530652977,4.60525613874197,574.0263559855521,20,,True
523,8,59,105,3.444753055771192,4.973225060872743,3.444753055771192,571.8301655724645,20,,True
524,8,59,120,8.51008749405543,11.322126728854148,8.51008749405543,570.9232646040618,20,,True
525,8,59,135,9.736239508291085,12.181717694948727,9.736239508291085,570.5509860999882,20,,True
526,8,59,150,10.687831783294678,12.084518074324347,10.687831783294678,569.3608457222581,20,,True
527,8,59,165,4.987767607936015,5.690599909641709,4.987767607936015,570.50741603598,20,,True
528,8,59,180,3.510002434471001,4.83327012770114,3.510002434471001,567.5326157361269,20,,True
529,8,59,195,5.621963318188985,7.024273015277095,5.621963318188985,563.2554250769317,20,,True
530,8,59,210,10.463196961085002,14.63983619106331,10.463196961085002,568.4484457597136,20,,True
531,8,59,225,6.526608924070994,7.85488166023571,6.526608924070994,571.5156351216137,20,,True
532,8,49,30,42.109424173335235,57.01984065011264,42.109424173335235,573.6637152731419,20,,True
533,8,49,45,55.21790247559547,76.33559968502476,55.21790247559547,564.9662157520652,20,,True
534,8,49,60,15.16258559624354,25.105078779739557,15.16258559624354,566.8612052686512,20,,True
535,8,49,75,48.13421170214812,74.20714491727074,48.13421170214812,571.1165359243751,20,,True
536,8,49,90,33.960972554485004,47.06126129958964,33.960972554485004,572.248816024512,20,,True
537,8,49,105,28.74407378633817,42.938509044667065,28.74407378633817,570.0785559602082,20,,True
538,8,49,120,43.53179458280405,54.64922517603741,43.53179458280405,576.8539262935519,20,,True
539,8,49,135,37.80976366984348,55.40081344134456,37.80976366984348,565.1926761493087,20,,True
540,8,49,150,54.713711490357916,78.5963542070526,54.713711490357916,565.0261254049838,20,,True
541,8,49,165,12.864790748556455,16.272707380231992,12.864790748556455,571.4361756108701,20,,True
542,8,49,180,3.8318975806236266,5.2109125205172635,3.8318975806236266,577.3056759499013,20,,True
543,8,49,195,3.6340354919433593,4.499229003266088,3.6340354919433593,567.1617351472378,20,,True
544,8,49,210,3.0304035345713296,3.536712264393413,3.0304035345713296,562.7067149616778,20,,True
545,8,49,225,2.3425343592961627,3.1855775275423395,2.3425343592961627,574.9247251078486,20,,True
546,8,7,30,29.768021312480172,44.2254884141139,29.768021312480172,573.5054560936987,20,,True
547,8,7,45,31.639176666736603,51.57927511845351,31.639176666736603,562.7324152737856,20,,True
548,8,7,60,1.975751836101214,2.355736313834666,1.975751836101214,569.2642363719642,20,,True
549,8,7,75,1.1397184371948241,1.5607167156405117,1.1397184371948241,571.2622660212219,20,,True
550,8,7,90,14.2994597752889,20.84133372157093,14.2994597752889,572.0353364013135,20,,True
551,8,7,105,9.58723654995362,12.67620496631622,9.58723654995362,563.8775448314846,20,,True
552,8,7,120,23.830396290123463,36.09240545416153,23.830396290123463,566.1680158227682,20,,True
553,8,7,135,13.996958581606547,18.583596654659196,13.996958581606547,570.4585858620703,20,,True
554,8,7,150,13.984522658586503,21.19522903926554,13.984522658586503,573.2546956278384,20,,True
555,8,7,165,25.677998884022237,31.917534254000753,25.677998884022237,573.9253358915448,20,,True
556,8,7,180,12.568473833799363,18.103459601202164,12.568473833799363,572.490795981139,20,,True
557,8,7,195,10.967087001601856,12.608556846430533,10.967087001601856,575.056865811348,20,,True
558,8,7,210,17.90914100309213,23.549185262087754,17.90914100309213,571.9586759805679,20,,True
559,8,7,225,9.346786499023438,14.203435321540153,9.346786499023438,572.9939960874617,20,,True
560,8,47,30,10.100626850128174,11.89243002723455,10.100626850128174,571.1292661726475,20,,True
561,8,47,45,11.068911806742351,12.91143352684667,11.068911806742351,570.3844260424376,20,,True
562,8,47,60,9.54116013844808,10.1059397206222,9.54116013844808,570.8884159103036,20,,True
563,8,47,75,10.504142793019613,12.468028271900412,10.504142793019613,573.8083957694471,20,,True
564,8,47,90,16.244195302327473,21.610989168499863,16.244195302327473,575.8446473628283,20,,True
565,8,47,105,17.53355015317599,24.937876116641714,17.53355015317599,573.5812159255147,20,,True
566,8,47,120,37.22963645458221,42.54721331819244,37.22963645458221,577.1709363907576,20,,True
567,8,47,135,13.02325684397171,15.606796930924332,13.02325684397171,571.6457362286747,20,,True
568,8,47,150,6.743475792494913,7.9505424642229245,6.743475792494913,574.8668061569333,20,,True
569,8,47,165,3.5537010510762532,4.357668474350433,3.5537010510762532,563.8018161989748,20,,True
570,8,47,180,4.520113984743754,5.0408461171162475,4.520113984743754,568.2769762352109,20,,True
571,8,47,195,3.0955129543940227,3.698413853006782,3.0955129543940227,572.5078657269478,20,,True
572,8,47,210,2.8210904598236084,3.1907253106823346,2.8210904598236084,571.6920159757137,20,,True
573,8,47,225,4.681665229797363,6.695788363264028,4.681665229797363,572.0859658904374,20,,True
574,8,30,30,21.52901800473531,33.74000894916095,21.52901800473531,574.070805683732,20,,True
575,8,30,45,7.461494349439939,10.081676398290666,7.461494349439939,572.4984868429601,20,,True
576,8,30,60,3.7354001249419526,6.1991644750202894,3.7354001249419526,571.0248663090169,20,,True
577,8,30,75,6.1562380994631285,8.131162266670275,6.1562380994631285,572.9164760559797,20,,True
578,8,30,90,1.3274195853116302,1.7333482694233153,1.3274195853116302,571.3730962015688,20,,True
579,8,30,105,6.583878737408668,12.715233646773799,6.583878737408668,570.0881662778556,20,,True
580,8,30,120,22.66581925774614,33.88878913252113,22.66581925774614,571.9488859176636,20,,True
581,8,30,135,14.156842799981435,25.474832759954154,14.156842799981435,575.608076993376,20,,True
582,8,30,150,17.99975481033325,32.428515299980056,17.99975481033325,574.6802762150764,20,,True
583,8,30,165,27.70265944401423,44.37758732372067,27.70265944401423,574.2236264050007,20,,True
584,8,30,180,6.551049158970515,10.94231507860711,6.551049158970515,577.0069169811904,20,,True
585,8,30,195,3.2839757998784385,4.540552080278524,3.2839757998784385,576.6831962391734,20,,True
586,8,30,210,1.2054437664647897,1.5841050168931403,1.2054437664647897,576.3045572675765,20,,True
587,8,30,225,1.1366061282654603,1.37413249913167,1.1366061282654603,573.4648257493973,20,,True
588,14,83,30,28.21064687569936,31.32100800627611,28.21064687569936,573.6413961276412,20,,True
589,14,83,45,11.462057155370712,19.984035293692433,11.462057155370712,575.7011668756604,20,,True
590,14,83,60,17.7580660281082,22.87993066257713,17.7580660281082,573.1775560416281,20,,True
591,14,83,75,9.843205650150775,15.496675660810892,9.843205650150775,572.5413858890533,20,,True
592,14,83,90,8.911201071739196,13.088796977788324,8.911201071739196,563.3198763243854,20,,True
593,14,83,105,17.927754038820662,39.869319248990806,17.927754038820662,565.0771758519113,20,,True
594,14,83,120,21.969427962601184,38.2467385449085,21.969427962601184,571.0077360272408,20,,True
595,14,83,135,19.22291422386964,36.020782329532224,19.22291422386964,569.7154062800109,20,,True
596,14,83,150,13.15379955371221,17.212840753799863,13.15379955371221,566.3114259950817,20,,True
597,14,83,165,13.045425913482905,19.297258265601073,13.045425913482905,565.6316056847572,20,,True
598,14,83,180,4.823032020777464,5.910382772560303,4.823032020777464,575.2669568173587,20,,True
599,14,83,195,10.474726596226295,20.91813564452171,10.474726596226295,573.5842757858336,20,,True
600,14,83,210,8.464631119618813,11.433970932363625,8.464631119618813,573.5280159860849,20,,True
601,14,83,225,12.051608909418185,16.45662211637397,12.051608909418185,572.0230061560869,20,,True
602,14,15,30,18.254651301105817,25.63565125639451,18.254651301105817,572.2186067141593,20,,True
603,14,15,45,3.4708765506744386,5.262834115840336,3.4708765506744386,574.407965876162,20,,True
604,14,15,60,6.218102995554606,8.866428940783889,6.218102995554606,577.4882468394935,20,,True
605,14,15,75,1.8154725035031636,2.30417863712458,1.8154725035031636,567.2828061506152,20,,True
606,14,15,90,1.7446418364842733,1.9510959930756437,1.7446418364842733,567.8624860011041,20,,True
607,14,15,105,1.5238252560297647,1.8085824708612506,1.5238252560297647,571.3177961297333,20,,True
608,14,15,120,1.6612781427645436,1.8636322595950472,1.6612781427645436,573.0188461020589,20,,True
609,14,15,135,2.103911807574332,3.113729777579891,2.103911807574332,571.7845070175827,20,,True
610,14,15,150,8.112126252551873,12.746602123695233,8.112126252551873,577.6341059245169,20,,True
611,14,15,165,11.224193927148978,16.345251161216204,11.224193927148978,572.5495470687747,20,,True
612,14,15,180,1.4932596178725361,1.7638625422780574,1.4932596178725361,571.5696662664413,20,,True
613,14,15,195,4.660559672117233,7.185507456670601,4.660559672117233,571.5499860234559,20,,True
614,14,15,210,4.57600901623567,5.850665547431957,4.57600901623567,572.1530262380838,20,,True
615,14,15,225,2.8682377739596023,3.7583722775302384,2.8682377739596023,574.3321771733463,20,,True
616,14,3,30,17.573824540774027,20.985998437892047,17.573824540774027,566.132556181401,20,,True
617,14,3,45,18.6722886522611,28.532641081944035,18.6722886522611,564.4204551354051,20,,True
618,14,3,60,20.086336468656857,27.994838668400444,20.086336468656857,574.4419167749584,20,,True
619,14,3,75,20.357785392800967,29.53701349168905,20.357785392800967,570.8709661848843,20,,True
620,14,3,90,23.655165188014507,32.67668540359871,23.655165188014507,571.6994968242943,20,,True
621,14,3,105,4.637752304350337,5.492329899119304,4.637752304350337,570.3833661973476,20,,True
622,14,3,120,2.9868544949839513,3.6791011147332497,2.9868544949839513,573.1401960365474,20,,True
623,14,3,135,7.8355754621326925,13.837568085508224,7.8355754621326925,571.34346710518,20,,True
624,14,3,150,19.97039355635643,23.675266191685687,19.97039355635643,571.4510260149837,20,,True
625,14,3,165,8.481011925141017,10.489696715781722,8.481011925141017,574.5372073724866,20,,True
626,14,3,180,6.575161583224932,8.29657955148153,6.575161583224932,575.8609059266746,20,,True
627,14,3,195,16.994620274504026,23.63704981441036,16.994620274504026,571.002887096256,20,,True
628,14,3,210,9.810323476791382,12.621662295010399,9.810323476791382,572.019656188786,20,,True
629,14,3,225,3.9534825613101323,6.470627994254929,3.9534825613101323,570.4916371032596,20,,True
630,14,35,30,20.61087201461196,31.64512083996123,20.61087201461196,572.1361869946122,20,,True
631,14,35,45,34.553389786183835,54.260399948363926,34.553389786183835,570.7529769279063,20,,True
632,14,35,60,20.04454255104065,24.782715116681928,20.04454255104065,570.1965559273958,20,,True
633,14,35,75,9.046688548723857,11.473031141501712,9.046688548723857,565.7066558487713,20,,True
634,14,35,90,7.7149002631505335,8.697503077835753,7.7149002631505335,561.0110857523978,20,,True
635,14,35,105,6.347991079092026,10.46491696959631,6.347991079092026,568.7541370280087,20,,True
636,14,35,120,8.248017996549606,12.247597959076742,8.248017996549606,570.8009861409664,20,,True
637,14,35,135,8.855955787499745,11.027401143798963,8.855955787499745,570.0026671402156,20,,True
638,14,35,150,4.825237513085207,6.89142556762942,4.825237513085207,570.4517560079694,20,,True
639,14,35,165,5.37292894674077,7.330843139967414,5.37292894674077,570.7660070620477,20,,True
640,14,35,180,2.344346746553977,2.7851284538729635,2.344346746553977,574.3417860940099,20,,True
641,14,35,195,1.855375590423743,2.520770791869312,1.855375590423743,564.303576014936,20,,True
642,14,35,210,1.9101891609529653,2.383561604054965,1.9101891609529653,561.4197058603168,20,,True
643,14,35,225,6.38197463110555,9.910215110842039,6.38197463110555,569.6364459581673,20,,True
644,14,48,30,6.957971914609273,8.949392036790295,6.957971914609273,570.0790267437696,20,,True
645,14,48,45,4.664041910568873,5.786806863905412,4.664041910568873,562.6750160008669,20,,True
646,14,48,60,13.350562250986695,18.608636502787025,13.350562250986695,565.2383361011744,20,,True
647,14,48,75,13.695840911070507,20.418443608081503,13.695840911070507,568.8367960974574,20,,True
648,14,48,90,8.272580715020498,12.84720634788283,8.272580715020498,565.8443067222834,20,,True
649,14,48,105,4.91863498489062,6.756965734362263,4.91863498489062,560.6856551021338,20,,True
650,14,48,120,5.3304464767376585,6.536530484088709,5.3304464767376585,570.1253269799054,20,,True
651,14,48,135,3.897178582350413,4.492443654871351,3.897178582350413,570.0129261240363,20,,True
652,14,48,150,3.3614609175672134,4.6867012653004565,3.3614609175672134,573.2190469279885,20,,True
653,14,48,165,4.448694904583196,6.702668661225765,4.448694904583196,570.1884762383997,20,,True
654,14,48,180,3.048980960374077,3.4859121018576515,3.048980960374077,569.9307769536972,20,,True
655,14,48,195,7.505597918232282,11.831362040899664,7.505597918232282,571.5340157039464,20,,True
656,14,48,210,6.002717547863722,8.539728929888916,6.002717547863722,569.313236977905,20,,True
657,14,48,225,2.44141814460357,2.806078380035886,2.44141814460357,570.2611757442355,20,,True
658,14,22,30,11.571432633449634,17.978614282852874,11.571432633449634,570.0982068665326,20,,True
659,14,22,45,9.88197609782219,14.52329481847678,9.88197609782219,561.8798150680959,20,,True
660,14,22,60,15.243133143832287,19.14318957724183,15.243133143832287,561.9432157836854,20,,True
661,14,22,75,7.385731198390325,11.082955756764663,7.385731198390325,570.474686101079,20,,True
662,14,22,90,6.0980390706410015,9.341439935128287,6.0980390706410015,570.5413669347763,20,,True
663,14,22,105,4.680402244503299,7.121921408881268,4.680402244503299,569.2881662398577,20,,True
664,14,22,120,7.422498979791999,9.052890413289571,7.422498979791999,570.1420968398452,20,,True
665,14,22,135,4.438124136130015,5.775338272668749,4.438124136130015,570.6928460858762,20,,True
666,14,22,150,2.52097521374623,3.677922941585413,2.52097521374623,569.6734571829438,20,,True
667,14,22,165,6.308358885580674,9.167712651331929,6.308358885580674,570.1697459444404,20,,True
668,14,22,180,1.4945833629773309,2.1704516129741087,1.4945833629773309,569.5267473347485,20,,True
669,14,22,195,5.3076957650482655,9.975394922803147,5.3076957650482655,570.5623361282051,20,,True
670,14,22,210,3.823687424262365,6.181751467317717,3.823687424262365,570.4653169959784,20,,True
671,14,22,225,4.028854777570814,4.715013611708249,4.028854777570814,570.268735755235,20,,True
672,14,55,30,35.21306338285407,52.900434710566785,35.21306338285407,570.2991560101509,20,,True
673,14,55,45,2.1830639832963548,2.6482419816574363,2.1830639832963548,580.5734572932124,20,,True
674,14,55,60,5.2542236586411795,8.373562688330198,5.2542236586411795,589.7760782390833,20,,True
675,14,55,75,2.966803667942683,3.5314707613017546,2.966803667942683,572.5792469456792,20,,True
676,14,55,90,1.2458324521780013,1.552136127891014,1.2458324521780013,574.4066359475255,20,,True
677,14,55,105,1.212937092781067,1.513859677297065,1.212937092781067,563.0799159407616,20,,True
678,14,55,120,1.2163065393765768,1.511443377975407,1.2163065393765768,561.6830862127244,20,,True
679,14,55,135,1.3058148562908172,1.5595868735644427,1.3058148562908172,571.2205655872822,20,,True
680,14,55,150,7.280165067315101,13.99087174651989,7.280165067315101,590.8297579735518,20,,True
681,14,55,165,11.295217590530713,16.052698228463512,11.295217590530713,569.8411469347775,20,,True
682,14,55,180,2.6588568687438965,3.3302079903832214,2.6588568687438965,570.1488466002047,20,,True
683,14,55,195,2.120139567057292,2.986822984290353,2.120139567057292,572.4766659550369,20,,True
684,14,55,210,2.3117941061655682,3.712794655241261,2.3117941061655682,570.2353669330478,20,,True
685,14,55,225,1.975009799003601,3.4391313828411323,1.975009799003601,571.3417269289494,20,,True
686,14,4,30,13.413583719730378,20.027886235792,13.413583719730378,569.3440558388829,20,,True
687,14,4,45,24.47488911151886,40.408324809165265,24.47488911151886,569.6481871418655,20,,True
688,14,4,60,30.078703248749175,48.7368379108769,30.078703248749175,570.3887268900871,20,,True
689,14,4,75,4.453787849346797,6.01910042877677,4.453787849346797,572.1272560767829,20,,True
690,14,4,90,1.614458267452816,2.179852351228174,1.614458267452816,571.2877763435245,20,,True
691,14,4,105,6.0982747084150715,8.629052621942844,6.0982747084150715,571.8171866610646,20,,True
692,14,4,120,3.903522409933309,5.213748819256147,3.903522409933309,570.8945458754897,20,,True
693,14,4,135,6.050693087279797,9.40664172779031,6.050693087279797,572.5204371847212,20,,True
694,14,4,150,21.762422995766006,34.70459101654717,21.762422995766006,570.5959559418261,20,,True
695,14,4,165,13.25307382705311,21.067099449612183,13.25307382705311,571.0707968100905,20,,True
696,14,4,180,11.162630480527877,17.446523886780724,11.162630480527877,574.0580870769918,20,,True
697,14,4,195,4.38731263478597,7.313771347460996,4.38731263478597,571.713246870786,20,,True
698,14,4,210,4.891646069288254,6.329153794279558,4.891646069288254,563.7097456492484,20,,True
699,14,4,225,7.78001317580541,10.06814709173156,7.78001317580541,562.0133457705379,20,,True
700,14,45,30,35.79215703010559,40.486652879508014,35.79215703010559,570.3235170803964,20,,True
701,14,45,45,4.2759685583412645,6.248712296283136,4.2759685583412645,563.3385460823774,20,,True
702,14,45,60,3.2703735342870157,4.45711629781103,3.2703735342870157,563.2299464195967,20,,True
703,14,45,75,4.394508930280184,6.599822007079254,4.394508930280184,570.988745894283,20,,True
704,14,45,90,3.8929500745764622,5.003028516254399,3.8929500745764622,572.5639569573104,20,,True
705,14,45,105,2.0146523902813596,2.60603311949461,2.0146523902813596,571.6238971799612,20,,True
706,14,45,120,3.569461088379224,4.559361187318143,3.569461088379224,570.4932170920074,20,,True
707,14,45,135,3.50430548787117,6.827398184850766,3.50430548787117,571.6594960540533,20,,True
708,14,45,150,24.434500514467558,46.48764674730521,24.434500514467558,571.521966252476,20,,True
709,14,45,165,42.465416034062706,69.84208000855864,42.465416034062706,571.6760470531881,20,,True
710,14,45,180,28.116451247533163,41.01402544910486,28.116451247533163,571.8932468444109,20,,True
711,14,45,195,5.365797553211451,7.0716327467809155,5.365797553211451,571.3512669317424,20,,True
712,14,45,210,4.154790878171722,5.721021463722074,4.154790878171722,571.8677672557533,20,,True
713,14,45,225,5.540339901049932,6.373090808684313,5.540339901049932,571.3985068723559,20,,True
714,14,60,30,10.574428091446558,15.018691269094752,10.574428091446558,569.5895459502935,20,,True
715,14,60,45,14.396701648831367,20.51707686208707,14.396701648831367,570.05570596084,20,,True
716,14,60,60,7.782588039835294,13.96667121293879,7.782588039835294,572.2074671648443,20,,True
717,14,60,75,6.575909925500552,11.371640882116775,6.575909925500552,570.1636970043182,20,,True
718,14,60,90,6.526369978984197,9.019559838484495,6.526369978984197,571.7835673131049,20,,True
719,14,60,105,2.0904540101687115,2.6150722729017315,2.0904540101687115,570.706526748836,20,,True
720,14,60,120,1.676924987634023,2.1873874152370014,1.676924987634023,569.8022567667067,20,,True
721,14,60,135,1.6784037113189698,2.1187407905306324,1.6784037113189698,569.3172658793628,20,,True
722,14,60,150,1.6827610890070597,2.132155514415828,1.6827610890070597,571.9005572609603,20,,True
723,14,60,165,2.73651385307312,4.626787093009857,2.73651385307312,571.545367129147,20,,True
724,14,60,180,4.646867740154266,6.808006780192011,4.646867740154266,569.289917126298,20,,True
725,14,60,195,3.8211333950360618,4.798256384372159,3.8211333950360618,569.9565270915627,20,,True
726,14,60,210,2.201654084523519,3.27977203827519,2.201654084523519,569.8589356616139,20,,True
727,14,60,225,3.558185770114263,5.009281430821396,3.558185770114263,570.8067864179611,20,,True
728,14,26,30,38.86113095780214,60.103086490320045,38.86113095780214,569.2916470579803,20,,True
729,14,26,45,11.329961542785167,13.952823074841142,11.329961542785167,570.7885972224176,20,,True
730,14,26,60,12.284759947285057,17.456597693692856,12.284759947285057,570.1183872297406,20,,True
731,14,26,75,9.15430313544348,15.029083436303202,9.15430313544348,563.1575370207429,20,,True
732,14,26,90,10.17904941936334,13.809097671020702,10.17904941936334,560.8141371048987,20,,True
733,14,26,105,5.934351707416742,8.66661975091449,5.934351707416742,569.8234159499407,20,,True
734,14,26,120,5.746200510809043,7.585659263268299,5.746200510809043,569.3058562465012,20,,True
735,14,26,135,1.1234686521192392,1.511215610089864,1.1234686521192392,569.7441571392119,20,,True
736,14,26,150,2.8210622128356286,5.727470143707886,2.8210622128356286,569.5366370491683,20,,True
737,14,26,165,14.605557569861412,23.642569054051997,14.605557569861412,570.1652369461954,20,,True
738,14,26,180,2.470533922314644,3.0926280093981853,2.470533922314644,565.3627370484173,20,,True
739,14,26,195,4.767503339548906,5.715483520362281,4.767503339548906,561.4836560562253,20,,True
740,14,26,210,5.319174415556093,8.042657655636644,5.319174415556093,567.0345267280936,20,,True
741,14,26,225,7.238912305111686,8.93794463306844,7.238912305111686,570.317065808922,20,,True
742,14,21,30,6.0377349078655245,8.987047998554239,6.0377349078655245,568.8035059720278,20,,True
743,14,21,45,4.681707175138096,7.368049033359634,4.681707175138096,569.4884862750769,20,,True
744,14,21,60,9.055595970153808,13.580126498196364,9.055595970153808,568.9547471702099,20,,True
745,14,21,75,13.566082855065664,23.29344172179808,13.566082855065664,568.9767268486321,20,,True
746,14,21,90,15.790976699938376,22.600209271918903,15.790976699938376,569.5869368501008,20,,True
747,14,21,105,3.6649805823961894,4.764854653454023,3.6649805823961894,572.8944069705904,20,,True
748,14,21,120,1.8586276883414636,2.2777937490389277,1.8586276883414636,570.7959872670472,20,,True
749,14,21,135,1.7400086763159683,2.1667814033704285,1.7400086763159683,569.0930369310081,20,,True
750,14,21,150,1.5081291675567627,1.836693860867665,1.5081291675567627,565.560847055167,20,,True
751,14,21,165,2.5305876592795054,4.15241798482192,2.5305876592795054,564.8652957752347,20,,True
752,14,21,180,2.624208517372608,4.0936139383925,2.624208517372608,568.1420969776809,20,,True
753,14,21,195,4.09826435248057,5.77457364481437,4.09826435248057,566.3705766201019,20,,True
754,14,21,210,3.28821339905262,4.1825024598117455,3.28821339905262,561.9727862067521,20,,True
755,14,21,225,1.7100105464458466,2.2092124567884865,1.7100105464458466,566.0885972902179,20,,True
756,14,44,30,18.665010325113933,24.941171924155224,18.665010325113933,569.0439972095191,20,,True
757,14,44,45,3.862230835358302,5.972518068729719,3.862230835358302,570.6802569329739,20,,True
758,14,44,60,8.393823633591333,13.129018835011102,8.393823633591333,571.6961566358805,20,,True
759,14,44,75,8.196500813961029,13.434316751830261,8.196500813961029,569.8932069353759,20,,True
760,14,44,90,5.956370772918065,10.286412980284434,5.956370772918065,571.7376372776926,20,,True
761,14,44,105,6.274000124633313,9.28994505120081,6.274000124633313,570.9010967984796,20,,True
762,14,44,120,7.068221564094226,9.491119239593765,7.068221564094226,570.7467873580754,20,,True
763,14,44,135,11.059338053315878,19.5150892514394,11.059338053315878,570.3540472313762,20,,True
764,14,44,150,15.701804242531459,27.6420542941825,15.701804242531459,573.7991570495069,20,,True
765,14,44,165,7.816245818138123,12.760188162852627,7.816245818138123,573.8508068025112,20,,True
766,14,44,180,9.06333048629264,12.245153913947126,9.06333048629264,573.9124468527734,20,,True
767,14,44,195,9.745377050961057,15.06330316081131,9.745377050961057,572.929107118398,20,,True
768,14,44,210,6.435560352106889,9.063686409958871,6.435560352106889,570.8879460580647,20,,True
769,14,44,225,10.650718742609024,12.223743076525281,10.650718742609024,571.3961781002581,20,,True
770,14,23,30,24.80174153596163,43.76874886568855,24.80174153596163,571.7951869592071,20,,True
771,14,23,45,38.12432210768262,64.70926596429491,38.12432210768262,570.9950169548392,20,,True
772,14,23,60,59.905542364219826,97.49096796396609,59.905542364219826,569.3805487826467,20,,True
773,14,23,75,9.048010158538819,14.969381757110124,9.048010158538819,571.0778911598027,20,,True
774,14,23,90,10.162497846285502,16.338545447544377,10.162497846285502,571.3383350521326,20,,True
775,14,23,105,20.427381512646875,32.93698015852895,20.427381512646875,571.4553212746978,20,,True
776,14,23,120,52.61639508207639,84.60669253258936,52.61639508207639,570.4140639863908,20,,True
777,14,23,135,53.686549033721285,85.12331220811572,53.686549033721285,572.3615232855082,20,,True
778,14,23,150,35.37355284541845,48.968142338951125,35.37355284541845,572.2019178792834,20,,True
779,14,23,165,11.222187493741512,12.644190815236929,11.222187493741512,571.5180360712111,20,,True
780,14,23,180,12.06432743370533,22.52806224105523,12.06432743370533,571.5145799331367,20,,True
781,14,23,195,35.84700070930024,55.19555477292448,35.84700070930024,570.1945628970861,20,,True
782,14,23,210,47.184640840006374,76.6590893342841,47.184640840006374,570.9009799174964,20,,True
783,14,23,225,28.305447097929815,41.57678118164989,28.305447097929815,576.684988103807,20,,True
784,14,53,30,14.007154909769694,21.568739460201556,14.007154909769694,574.6810119599104,20,,True
785,14,53,45,12.412601725260417,16.144886093854083,12.412601725260417,564.2934148199856,20,,True
786,14,53,60,26.29753518452247,31.833924055170392,26.29753518452247,560.6132922694087,20,,True
787,14,53,75,18.01823745518923,26.36955567825303,18.01823745518923,568.2768449187279,20,,True
788,14,53,90,15.256865578889848,22.792755738999176,15.256865578889848,570.973111782223,20,,True
789,14,53,105,2.1211008548736574,2.4307782356261147,2.1211008548736574,571.3060409761965,20,,True
790,14,53,120,3.8971678613995513,5.100571176807317,3.8971678613995513,570.2744037844241,20,,True
791,14,53,135,1.9623080832883715,2.2029388764862,1.9623080832883715,570.6190429627895,20,,True
792,14,53,150,1.2582648386557898,1.6517724499449116,1.2582648386557898,569.4172251969576,20,,True
793,14,53,165,1.1540725886821748,1.5715579983046555,1.1540725886821748,570.9055988118052,20,,True
794,14,53,180,2.0678275565306348,2.974824081675385,2.0678275565306348,569.889067672193,20,,True
795,14,53,195,10.803560777505238,14.43531357563493,10.803560777505238,572.402467019856,20,,True
796,14,53,210,12.376858304440976,15.071212899371464,12.376858304440976,570.4416111111641,20,,True
797,14,53,225,12.075799082888988,14.550415134988723,12.075799082888988,570.4693566076458,20,,True
798,14,84,30,2.5043597261110944,3.5864313576856146,2.5043597261110944,570.0171012431383,20,,True
799,14,84,45,2.8414275705814362,4.0064687005287185,2.8414275705814362,572.3631512373686,20,,True
800,14,84,60,2.5395412743091583,3.650041319877196,2.5395412743091583,569.9058291502297,20,,True
801,14,84,75,2.4508943279584248,3.671283429012831,2.4508943279584248,571.1714248172939,20,,True
802,14,84,90,1.7375626236200332,2.1662763557925584,1.7375626236200332,570.0626168400049,20,,True
803,14,84,105,1.5528249382972716,1.951360638956098,1.5528249382972716,561.7326111532748,20,,True
804,14,84,120,2.1602261583010356,2.98766014165661,2.1602261583010356,563.9203931204975,20,,True
805,14,84,135,2.011834724744161,2.823443962606913,2.011834724744161,570.6350207328796,20,,True
806,14,84,150,1.974834648768107,2.8553790839511577,1.974834648768107,562.6044366508722,20,,True
807,14,84,165,2.1112493773301444,2.9487364024918423,2.1112493773301444,562.6729591749609,20,,True
808,14,84,180,4.881447726984819,5.826675277741091,4.881447726984819,572.7064991369843,20,,True
809,14,84,195,7.2160525520642596,10.459073476260935,7.2160525520642596,571.7580989003181,20,,True
810,14,84,210,16.848500016331673,26.520204315546636,16.848500016331673,572.2837368957698,20,,True
811,14,84,225,16.268217085798582,20.457742819943167,16.268217085798582,572.9809990152717,20,,True
812,14,59,30,32.00274163981279,44.66430623211994,32.00274163981279,570.256897713989,20,,True
813,14,59,45,20.137303581212958,24.73208851000742,20.137303581212958,570.2494629658759,20,,True
814,14,59,60,5.358528256416321,7.958136825420284,5.358528256416321,570.4459738917649,20,,True
815,14,59,75,5.55759670784076,8.007997520479039,5.55759670784076,564.1872561536729,20,,True
816,14,59,90,2.7650728339950246,3.186351137588793,2.7650728339950246,561.7614355869591,20,,True
817,14,59,105,4.526821626971166,6.516373349539556,4.526821626971166,569.1830608993769,20,,True
818,14,59,120,10.481269550323486,13.49245945972222,10.481269550323486,571.0008451715112,20,,True
819,14,59,135,7.321714074412982,8.899604112779432,7.321714074412982,572.1958200447261,20,,True
820,14,59,150,6.844302655259768,11.13308231689301,6.844302655259768,570.5740451812744,20,,True
821,14,59,165,11.092352936168512,17.1671590181624,11.092352936168512,566.19788473472,20,,True
822,14,59,180,5.537039255102475,7.272753093144658,5.537039255102475,562.3396122828126,20,,True
823,14,59,195,9.716616566975912,11.638052482808968,9.716616566975912,568.2867779396474,20,,True
824,14,59,210,8.824886723856132,10.0841308608558,8.824886723856132,570.7778348587453,20,,True
825,14,59,225,11.425081466635069,13.39022635004701,11.425081466635069,571.3978270068765,20,,True
826,14,49,30,18.469559533149003,25.571391858076755,18.469559533149003,569.5959590375423,20,,True
827,14,49,45,11.320943992336591,13.399915697229357,11.320943992336591,570.165469776839,20,,True
828,14,49,60,7.642452488342921,9.201024729467484,7.642452488342921,569.0564489923418,20,,True
829,14,49,75,8.326124787330627,11.247682587887049,8.326124787330627,569.8647578246891,20,,True
830,14,49,90,8.269337464372317,10.860341484340909,8.269337464372317,571.4373323135078,20,,True
831,14,49,105,8.994707029064497,10.714900529657719,8.994707029064497,570.9013766609132,20,,True
832,14,49,120,3.4260261228191666,4.131412479652507,3.4260261228191666,572.6454420946538,20,,True
833,14,49,135,6.447745643556118,7.334910785294163,6.447745643556118,570.1749483123422,20,,True
834,14,49,150,2.2971152856945993,2.6522117854253096,2.2971152856945993,569.0014814026654,20,,True
835,14,49,165,2.108657463391622,2.751470667766435,2.108657463391622,569.1600819118321,20,,True
836,14,49,180,3.746948951857242,5.102702511303506,3.746948951857242,570.2756680548191,20,,True
837,14,49,195,8.196332367135135,10.4263120672135,8.196332367135135,570.6787300296128,20,,True
838,14,49,210,14.434900748729707,15.615642068509421,14.434900748729707,569.277080707252,20,,True
839,14,49,225,5.505111487706502,5.790358755128834,5.505111487706502,567.6076570525765,20,,True
840,14,7,30,7.960647388299306,10.722628026609591,7.960647388299306,560.3366727009416,20,,True
841,14,7,45,6.959673929214477,10.630218550581816,6.959673929214477,566.9138468801975,20,,True
842,14,7,60,11.68102476397374,18.000241435354035,11.68102476397374,574.0999151021242,20,,True
843,14,7,75,19.440736444915334,26.203035890730924,19.440736444915334,568.408593069762,20,,True
844,14,7,90,15.821488314494491,23.686830649952597,15.821488314494491,560.9621619805694,20,,True
845,14,7,105,6.042890565097332,8.828049819451623,6.042890565097332,565.2253092266619,20,,True
846,14,7,120,7.92991883357366,8.860022747950897,7.92991883357366,568.6572827398777,20,,True
847,14,7,135,3.9059146543343863,5.347963777284803,3.9059146543343863,560.1854147389531,20,,True
848,14,7,150,6.836056940257549,8.769839336641482,6.836056940257549,563.2647019810975,20,,True
849,14,7,165,11.514536853631338,13.576565476757077,11.514536853631338,567.8797047585249,20,,True
850,14,7,180,2.469996162255605,2.7717916694796303,2.469996162255605,568.4706559404731,20,,True
851,14,7,195,10.868317672237755,16.397367570897778,10.868317672237755,569.285683799535,20,,True
852,14,7,210,9.731365117927393,12.140035271510367,9.731365117927393,569.9796029366553,20,,True
853,14,7,225,13.273459353049596,16.870569516061465,13.273459353049596,571.9607751816511,20,,True
854,14,47,30,5.001469612121582,5.779140759000079,5.001469612121582,571.6565176844597,20,,True
855,14,47,45,5.214275169372558,5.780496651867001,5.214275169372558,573.7037607468665,20,,True
856,14,47,60,5.318038527170817,5.980444311727326,5.318038527170817,562.3595020733774,20,,True
857,14,47,75,5.459934679667155,6.125908383907344,5.459934679667155,563.2019811309874,20,,True
858,14,47,90,5.49418109258016,6.071939537700323,5.49418109258016,563.3606920018792,20,,True
859,14,47,105,5.301027997334798,5.896541527912326,5.301027997334798,562.81768810004,20,,True
860,14,47,120,5.425077978769938,6.053581391612235,5.425077978769938,570.6967147998512,20,,True
861,14,47,135,5.4279405275980634,6.0706216697109046,5.4279405275980634,573.583718854934,20,,True
862,14,47,150,5.400253963470459,5.985456669219395,5.400253963470459,570.6956717185676,20,,True
863,14,47,165,8.842862864335379,12.15868521368405,8.842862864335379,573.5989660024643,20,,True
864,14,47,180,9.412163663903872,11.804636326920471,9.412163663903872,572.4171572364867,20,,True
865,14,47,195,10.008584820230801,12.618997707725427,10.008584820230801,579.8212857916951,20,,True
866,14,47,210,16.179612517356873,17.825437753029366,16.179612517356873,572.846719995141,20,,True
867,14,47,225,6.134955294926962,6.874308060301692,6.134955294926962,572.6369759067893,20,,True
868,14,30,30,3.078256932894389,4.344045561464957,3.078256932894389,574.7095551341772,20,,True
869,14,30,45,9.127150635917982,12.360899019555934,9.127150635917982,572.8357722982764,20,,True
870,14,30,60,13.34206879635652,15.145503150020932,13.34206879635652,573.2707008719444,20,,True
871,14,30,75,3.8483793541789053,5.256363267657659,3.8483793541789053,572.1294609829783,20,,True
872,14,30,90,3.522971510825058,5.1388641868532,3.522971510825058,572.0437159761786,20,,True
873,14,30,105,2.09498208394895,2.554443333399014,2.09498208394895,577.2188669070601,20,,True
874,14,30,120,1.9512388871361812,2.4678866538403605,1.9512388871361812,569.4076982326806,20,,True
875,14,30,135,3.5974859879662593,5.659560180563778,3.5974859879662593,568.8258833251894,20,,True
876,14,30,150,1.4313125312328339,2.4246218435265874,1.4313125312328339,565.8531351946294,20,,True
877,14,30,165,1.5205267687638602,2.215795558602234,1.5205267687638602,569.2006070166826,20,,True
878,14,30,180,1.9327674296995003,2.1909448354859147,1.9327674296995003,571.0935401730239,20,,True
879,14,30,195,2.4757066421210765,3.0958282185655723,2.4757066421210765,569.6580917574465,20,,True
880,14,30,210,1.8219323391715685,2.2723418576873655,1.8219323391715685,570.8857560530305,20,,True
881,14,30,225,3.4857725388370455,4.670063607250828,3.4857725388370455,570.7879518158734,20,,True
882,18,83,30,18.23580269018809,27.02285737748977,18.23580269018809,569.0945233218372,20,,True
883,18,83,45,12.55500492254893,17.725682056056268,12.55500492254893,569.6659339591861,20,,True
884,18,83,60,19.51089957691729,27.56763332411117,19.51089957691729,571.6601549647748,20,,True
885,18,83,75,15.857015723362565,22.730935488464805,15.857015723362565,569.2249429412186,20,,True
886,18,83,90,6.477513250801712,9.674111737983534,6.477513250801712,570.3958990052342,20,,True
887,18,83,105,11.261474165227265,13.317391791326273,11.261474165227265,566.0711559467018,20,,True
888,18,83,120,28.887628921788806,50.467672907132005,28.887628921788806,562.702062074095,20,,True
889,18,83,135,31.252374558647475,57.80838263360067,31.252374558647475,571.6165103949606,20,,True
890,18,83,150,30.12976787313819,39.329758493317755,30.12976787313819,571.859463583678,20,,True
891,18,83,165,14.713307102521261,20.130469845916682,14.713307102521261,576.6560779884458,20,,True
892,18,83,180,12.604180642589927,15.857862849100982,12.604180642589927,572.1133681945503,20,,True
893,18,83,195,14.18911999327441,19.351023647940085,14.18911999327441,571.1769461631775,20,,True
894,18,15,30,8.943578293422858,12.85726677572619,8.943578293422858,564.9684751406312,20,,True
895,18,15,45,8.100949951012929,11.806481601991754,8.100949951012929,566.7831283062696,20,,True
896,18,15,60,9.852730071948221,16.366904274189956,9.852730071948221,572.2383679822087,20,,True
897,18,15,75,9.178469561133534,13.219513902983039,9.178469561133534,576.3411298394203,20,,True
898,18,15,90,3.5980501691500346,4.10858368768753,3.5980501691500346,571.8598472885787,20,,True
899,18,15,105,3.4766445233913448,4.642337452151506,3.4766445233913448,570.7717682234943,20,,True
900,18,15,120,5.812070862452189,8.13137492863676,5.812070862452189,571.7242849059403,20,,True
901,18,15,135,6.9145196902255215,8.060728355513408,6.9145196902255215,571.2149096652865,20,,True
902,18,15,150,3.0383486735324063,4.206898642236648,3.0383486735324063,573.7525103613734,20,,True
903,18,15,165,5.946072953939438,7.468278702637783,5.946072953939438,570.5096200108528,20,,True
904,18,3,30,20.049228691061337,26.46950720573992,20.049228691061337,571.8776267021894,20,,True
905,18,3,45,52.262746000289916,74.36904253018064,52.262746000289916,575.4266190342605,20,,True
906,18,3,60,36.95066978434722,63.473845082917556,36.95066978434722,572.9591557756066,20,,True
907,18,3,75,62.62902647654216,89.36573691302138,62.62902647654216,571.5325782075524,20,,True
908,18,3,90,59.65830443700155,79.98623906038253,59.65830443700155,568.5353870503604,20,,True
909,18,3,105,19.2556742866834,24.31063479421088,19.2556742866834,563.2499419152737,20,,True
910,18,3,120,35.146049811442694,39.05069577968791,35.146049811442694,570.0740139000118,20,,True
911,18,3,135,15.295033739258846,21.60040762388671,15.295033739258846,565.3534759767354,20,,True
912,18,3,150,10.560215318202973,12.48280811956092,10.560215318202973,564.955220092088,20,,True
913,18,3,165,6.810975869496663,10.640593592168349,6.810975869496663,568.6895931139588,20,,True
914,18,35,30,18.095048322776954,27.057842823334557,18.095048322776954,573.4949479810894,20,,True
915,18,35,45,24.951413117845853,32.445346966799534,24.951413117845853,573.2328407466412,20,,True
916,18,35,60,8.432505840808153,9.587146169068962,8.432505840808153,571.8994541093707,20,,True
917,18,35,75,5.747804479840367,6.255930611621507,5.747804479840367,575.155386235565,20,,True
918,18,35,90,4.223833075755587,5.542728479453684,4.223833075755587,570.6089870072901,20,,True
919,18,35,105,4.577342076242591,5.830944212147423,4.577342076242591,571.3630439713597,20,,True
920,18,35,120,7.984662156226113,16.668767071324496,7.984662156226113,570.5722528509796,20,,True
921,18,35,135,28.707725145419438,38.71989320326421,28.707725145419438,572.3502351902425,20,,True
922,18,35,150,51.6830110480388,70.63341156573323,51.6830110480388,572.2258789464831,20,,True
923,18,35,165,49.96675439899166,64.98848650829822,49.96675439899166,571.4988368563354,20,,True
924,18,35,180,7.860258337606987,9.164126689402947,7.860258337606987,571.9734760932624,20,,True
925,18,35,195,3.5194065580765406,4.284597218554657,3.5194065580765406,572.069619782269,20,,True
926,18,35,210,3.348069022099177,5.0642680077897495,3.348069022099177,572.9804867878556,20,,True
927,18,35,225,17.648603451251983,29.244682274231145,17.648603451251983,572.6833916269243,20,,True
928,18,48,30,18.891919193665185,22.928628251434247,18.891919193665185,571.977409068495,20,,True
929,18,48,45,47.707903280109164,67.7655288963337,47.707903280109164,573.8109205849469,20,,True
930,18,48,60,26.332240424553554,31.942419241641296,26.332240424553554,562.8613368608057,20,,True
931,18,48,75,35.06282358641426,51.3910870741267,35.06282358641426,562.5166897661984,20,,True
932,18,48,90,9.913464153309663,13.099198319354134,9.913464153309663,570.7519487477839,20,,True
933,18,48,105,7.799435122807821,8.192512532039116,7.799435122807821,570.2177630737424,20,,True
934,18,48,120,5.239559602240721,7.780583814691666,5.239559602240721,577.159087639302,20,,True
935,18,48,135,6.675850823521614,10.325534397961244,6.675850823521614,572.7417352609336,20,,True
936,18,48,150,4.9710805733998615,5.962729144066407,4.9710805733998615,570.0229527428746,20,,True
937,18,48,165,7.023024115463098,8.683881874101088,7.023024115463098,571.4929602108896,20,,True
938,18,48,180,5.929189761976401,9.35673885683675,5.929189761976401,568.8362154178321,20,,True
939,18,48,195,8.71594287181894,11.054464017900573,8.71594287181894,574.6614970266819,20,,True
940,18,48,210,3.8301267584164935,5.3618150725687554,3.8301267584164935,572.3533108830452,20,,True
941,18,48,225,9.868662631511688,14.221219366538925,9.868662631511688,576.009945012629,20,,True
942,18,22,30,7.113614809761445,10.244787708814837,7.113614809761445,574.0316691808403,20,,True
943,18,22,45,8.823957219719887,18.55545067593508,8.823957219719887,571.5871453285217,20,,True
944,18,22,60,10.982824703554313,17.810662363610906,10.982824703554313,573.8157071173191,20,,True
945,18,22,75,12.245794190466404,16.63486318448461,12.245794190466404,576.102705206722,20,,True
946,18,22,90,2.8842364927132924,3.4621361739563583,2.8842364927132924,569.0896487794816,20,,True
947,18,22,105,2.4983197450637817,3.142633388825211,2.4983197450637817,569.8575670830905,20,,True
948,18,22,120,2.534792544444402,3.1670592686907852,2.534792544444402,563.311506062746,20,,True
949,18,22,135,1.474436914920807,2.3172958146877356,1.474436914920807,567.2570369206369,20,,True
950,18,22,150,3.5282208246644586,6.067126477698394,3.5282208246644586,564.2020870000124,20,,True
951,18,22,165,2.8930803312609594,3.627245770790494,2.8930803312609594,564.2318511381745,20,,True
952,18,55,30,9.457796055078507,19.55589960990717,9.457796055078507,569.2772730253637,20,,True
953,18,55,45,28.66054309854905,46.6803905691943,28.66054309854905,572.3314909264445,20,,True
954,18,55,60,38.568290707965694,55.403393935035155,38.568290707965694,570.0858547352254,20,,True
955,18,55,75,5.378917582829794,7.298355289002849,5.378917582829794,575.423080008477,20,,True
956,18,55,90,13.252418049176534,16.675845195815793,13.252418049176534,572.0594208687544,20,,True
957,18,55,105,20.680880499382813,24.24018184769562,20.680880499382813,571.4107472449541,20,,True
958,18,55,120,16.283731083075207,21.97204514409125,16.283731083075207,573.3549799770117,20,,True
959,18,55,135,9.725302984565497,10.568342079867216,9.725302984565497,572.7713350206614,20,,True
960,18,55,150,6.909570561101039,8.372612475930312,6.909570561101039,570.0896638445556,20,,True
961,18,55,165,3.8340440437197687,5.456299033653639,3.8340440437197687,563.2459539920092,20,,True
962,18,4,30,14.481068416436512,18.75474263544469,14.481068416436512,565.1834569871426,20,,True
963,18,4,45,10.218058297798658,11.195872199583343,10.218058297798658,571.2189460173249,20,,True
964,18,4,60,1.6505463828643163,2.006349326671951,1.6505463828643163,562.4323463998735,20,,True
965,18,4,75,1.4374367316563925,1.8491934476677003,1.4374367316563925,571.2574026547372,20,,True
966,18,4,90,12.068382722139358,16.69292887409007,12.068382722139358,567.0816558413208,20,,True
967,18,4,105,6.057294267167648,8.04602163176713,6.057294267167648,564.0546572394669,20,,True
968,18,4,120,3.4032960874338944,3.9399502888389137,3.4032960874338944,576.7690897919238,20,,True
969,18,4,135,5.549315488152206,5.976275652230121,5.549315488152206,571.9163087196648,20,,True
970,18,4,150,3.412539884634316,4.605303719921826,3.412539884634316,573.0652562342584,20,,True
971,18,4,165,4.019336822628975,5.442030648973484,4.019336822628975,571.3439779356122,20,,True
972,18,4,180,4.735310105482737,5.555308760311199,4.735310105482737,573.4283300116658,20,,True
973,18,45,30,17.792427488664785,27.22802044214066,17.792427488664785,571.7438110150397,20,,True
974,18,45,45,13.33802388906479,20.497684451664654,13.33802388906479,571.5511557646096,20,,True
975,18,45,60,27.197656059265135,35.47975887887343,27.197656059265135,569.3481611087918,20,,True
976,18,45,75,16.33377034465472,19.18078399353055,16.33377034465472,574.5765250176191,20,,True
977,18,45,90,16.412540800869465,23.848586742743784,16.412540800869465,573.2292952015996,20,,True
978,18,45,105,7.934204975919177,13.011114647035445,7.934204975919177,573.580645956099,20,,True
979,18,45,120,3.012404430905978,3.9509637390632473,3.012404430905978,571.8972492031753,20,,True
980,18,45,135,2.9867704808712006,3.21794472101397,2.9867704808712006,576.1196566745639,20,,True
981,18,45,150,2.8761492262283963,3.2296046703001156,2.8761492262283963,570.6839212216437,20,,True
982,18,45,165,4.441726167996724,6.813043784702012,4.441726167996724,571.2932897731662,20,,True
983,18,60,30,4.682799616456032,6.242956722284266,4.682799616456032,573.4149208292365,20,,True
984,18,60,45,1.2172096858421961,1.4635242889667495,1.2172096858421961,562.2776630334556,20,,True
985,18,60,60,2.016040346523126,2.399964725102292,2.016040346523126,566.2161246873438,20,,True
986,18,60,75,9.236408576369286,17.651921220835945,9.236408576369286,573.5733387991786,20,,True
987,18,60,90,14.414010933786631,22.695033081262803,14.414010933786631,572.1141188405454,20,,True
988,18,60,105,27.006341772394567,44.119166344485116,27.006341772394567,569.9227647855878,20,,True
989,18,60,120,6.854188582797845,9.571739003969846,6.854188582797845,570.5696530640125,20,,True
990,18,60,135,3.563123627503713,5.024239178407729,3.563123627503713,569.4730416871607,20,,True
991,18,60,150,1.3770950039227803,1.6226801799667985,1.3770950039227803,571.9686709344387,20,,True
992,18,60,165,5.6366849465916555,8.268549538749447,5.6366849465916555,576.2192006222904,20,,True
993,18,26,30,24.79244300723076,34.80257053011338,24.79244300723076,569.4948607124388,20,,True
994,18,26,45,44.59586002578338,68.86130120175346,44.59586002578338,573.1329526752234,20,,True
995,18,26,60,42.930468901991844,71.38574651763945,42.930468901991844,573.0710169300437,20,,True
996,18,26,75,48.57383868296941,77.63087189362817,48.57383868296941,570.8544501103461,20,,True
997,18,26,90,21.954214131707946,33.81012644580461,21.954214131707946,575.3498002886772,20,,True
998,18,26,105,6.467585084338983,8.779826132171825,6.467585084338983,572.562487795949,20,,True
999,18,26,120,13.329635660536587,19.24137805323263,13.329635660536587,570.369100663811,20,,True
1000,18,26,135,12.540899645288786,18.421549555101862,12.540899645288786,575.913576874882,20,,True
1001,18,26,150,21.645265172918638,27.37205328851893,21.645265172918638,575.4904197528958,20,,True
1002,18,26,165,11.99952918862303,18.229884994660967,11.99952918862303,561.3871989771724,20,,True
1003,18,21,30,7.336825173596541,13.150437665346082,7.336825173596541,568.1633348576725,20,,True
1004,18,21,45,12.511266222099463,21.55629197024433,12.511266222099463,576.8362721428275,20,,True
1005,18,21,60,10.06276737054189,13.858894196111052,10.06276737054189,576.1066488921642,20,,True
1006,18,21,75,7.869342762231827,10.05053535256046,7.869342762231827,573.3647448942065,20,,True
1007,18,21,90,20.934193445183336,29.30810276781933,20.934193445183336,570.7124643959105,20,,True
1008,18,21,105,25.293390007317065,38.99460836853357,25.293390007317065,572.1080768853426,20,,True
1009,18,21,120,5.354689107338587,7.563595584933969,5.354689107338587,570.3727900981903,20,,True
1010,18,21,135,3.0109488440677525,4.604803096945826,3.0109488440677525,576.9759472459555,20,,True
1011,18,21,150,7.141238601505757,11.509734704406132,7.141238601505757,571.4608700945973,20,,True
1012,18,21,165,9.615247389177481,12.028759597637585,9.615247389177481,575.7002499885857,20,,True
1013,18,44,30,12.99879588286082,16.72604200786111,12.99879588286082,566.8729483149946,20,,True
1014,18,44,45,4.231752665837606,4.93826876453957,4.231752665837606,563.9586881734431,20,,True
1015,18,44,60,2.2983167012532553,2.51870722323316,2.2983167012532553,573.2941501773894,20,,True
1016,18,44,75,13.390237032373745,20.816236499824804,13.390237032373745,568.0961809121072,20,,True
1017,18,44,90,14.7136536763981,23.254584272692863,14.7136536763981,563.6360868811607,20,,True
1018,18,44,105,15.795261994811396,22.29525034327244,15.795261994811396,573.639886919409,20,,True
1019,18,44,120,11.653221509854,14.927792954682305,11.653221509854,576.9628318957984,20,,True
1020,18,44,135,11.137838093439738,12.786484404998221,11.137838093439738,568.7120780348778,20,,True
1021,18,44,150,10.884107635418575,18.466441514668702,10.884107635418575,566.6209920309484,20,,True
1022,18,44,165,12.553766369819641,17.191325214473913,12.553766369819641,572.6160733029246,20,,True
1023,18,44,180,5.141937892511487,5.923514329422408,5.141937892511487,561.1907159909606,20,,True
1024,18,44,195,6.175451760614911,9.16855365208446,6.175451760614911,570.8582471124828,20,,True
1025,18,44,210,5.4228175378094114,6.801095080237373,5.4228175378094114,570.3081437386572,20,,True
1026,18,44,225,9.148526032765707,10.72788803945181,9.148526032765707,571.2546720169485,20,,True
1027,18,23,30,16.617438621322314,23.770133431148174,16.617438621322314,570.2712377533317,20,,True
1028,18,23,45,13.31737241744995,22.63849704231186,13.31737241744995,571.5639749541879,20,,True
1029,18,23,60,14.090849561989307,20.015356813697345,14.090849561989307,570.5000720918179,20,,True
1030,18,23,75,29.66182374159495,44.11857625960635,29.66182374159495,576.0921882465482,20,,True
1031,18,23,90,14.943599567810695,18.653212149131235,14.943599567810695,574.9210347421467,20,,True
1032,18,23,105,17.284907034536204,24.236000843378825,17.284907034536204,573.1403273530304,20,,True
1033,18,23,120,13.006551510095596,16.28551194135559,13.006551510095596,572.6961721666157,20,,True
1034,18,23,135,17.755298225798956,25.92367184138136,17.755298225798956,573.7996478565037,20,,True
1035,18,23,150,22.163366817310454,32.81517937708346,22.163366817310454,572.1625308506191,20,,True
1036,18,23,165,23.330902400612832,32.62574049056938,23.330902400612832,570.3540719114244,20,,True
1037,18,53,30,45.52178363576532,61.470306883453546,45.52178363576532,579.6996168792248,20,,True
1038,18,53,45,42.14167022742331,57.91839931266674,42.14167022742331,579.1556630283594,20,,True
1039,18,53,60,43.5065475491186,71.58231650343001,43.5065475491186,566.3975710049272,20,,True
1040,18,53,75,24.44171889623006,40.75809666928454,24.44171889623006,568.3840732090175,20,,True
1041,18,53,90,30.777801728248598,51.23052536847284,30.777801728248598,572.7517427876592,20,,True
1042,18,53,105,11.577350755532583,17.444939987171434,11.577350755532583,570.9683550521731,20,,True
1043,18,53,120,14.949264216423035,23.950429182344255,14.949264216423035,572.0839723944664,20,,True
1044,18,53,135,10.10632290840149,12.344920190620222,10.10632290840149,572.4732531234622,20,,True
1045,18,53,150,15.672908838993559,27.905655418303493,15.672908838993559,569.2475121468306,20,,True
1046,18,53,165,29.193998233384143,46.056115771557806,29.193998233384143,572.366498876363,20,,True
1047,18,84,30,46.85072577893734,57.98838398885264,46.85072577893734,571.1888079531491,20,,True
1048,18,84,45,40.00645211413503,59.199500474215206,40.00645211413503,574.5353517122567,20,,True
1049,18,84,60,23.88871151904265,31.633589240737958,23.88871151904265,571.0299639031291,20,,True
1050,18,84,75,23.969670049256333,28.359454595270712,23.969670049256333,571.9693810679018,20,,True
1051,18,84,90,7.571041798591613,9.116303614388366,7.571041798591613,573.4734768047929,20,,True
1052,18,84,105,7.614081068833669,10.578969038789065,7.614081068833669,576.7694022506475,20,,True
1053,18,84,120,8.52378682134052,9.809128547982805,8.52378682134052,569.6166506968439,20,,True
1054,18,84,135,4.229691919746498,5.882361217367418,4.229691919746498,565.855042077601,20,,True
1055,18,84,150,6.498542904170851,7.470266430573197,6.498542904170851,565.8609038218856,20,,True
1056,18,84,165,7.826144584516684,8.321772039241157,7.826144584516684,568.1307069025934,20,,True
1057,18,59,30,20.75876580675443,29.546602052695683,20.75876580675443,572.7545749396086,20,,True
1058,18,59,45,9.552391857405503,14.108301038329051,9.552391857405503,576.1967520229518,20,,True
1059,18,59,60,9.531939176718394,12.634643959683947,9.531939176718394,573.2552679255605,20,,True
1060,18,59,75,11.743510715166728,15.364776140933284,11.743510715166728,572.7930329740047,20,,True
1061,18,59,90,14.918424956003825,17.953855524595,14.918424956003825,574.7288959100842,20,,True
1062,18,59,105,8.794759740307928,12.344228390264407,8.794759740307928,571.2738349102437,20,,True
1063,18,59,120,16.819543177013596,23.8477036886153,16.819543177013596,572.2325150854886,20,,True
1064,18,59,135,2.2942974110444387,2.995201109620241,2.2942974110444387,573.6446687951684,20,,True
1065,18,59,150,5.680353109538555,8.075870841459782,5.680353109538555,566.55571796,20,,True
1066,18,59,165,8.113834245999653,9.890173608315507,8.113834245999653,561.6496242582798,20,,True
1067,18,49,30,32.4538410594066,45.33731391121626,32.4538410594066,565.9141163341701,20,,True
1068,18,49,45,48.437444386879605,69.77478929708877,48.437444386879605,560.6967639178038,20,,True
1069,18,49,60,11.941610814879338,13.417646340444115,11.941610814879338,567.8559299558401,20,,True
1070,18,49,75,11.79565338200579,16.770860272158863,11.79565338200579,571.8598342500627,20,,True
1071,18,49,90,16.97687250133604,20.472953156929048,16.97687250133604,570.5102710053325,20,,True
1072,18,49,105,29.32304976681868,48.46730209175211,29.32304976681868,574.679824989289,20,,True
1073,18,49,120,15.347959593931835,20.470921535558112,15.347959593931835,571.1082350462675,20,,True
1074,18,49,135,14.141682442029317,18.56454938482425,14.141682442029317,563.1184070371091,20,,True
1075,18,49,150,7.724114245176315,10.793274917065078,7.724114245176315,566.9586709700525,20,,True
1076,18,49,165,8.226141526503488,9.899582005597784,8.226141526503488,571.9827278517187,20,,True
1077,18,49,180,16.71968207359314,19.44274623764189,16.71968207359314,569.294985383749,20,,True
1078,18,49,195,11.067756605148315,14.758187025028251,11.067756605148315,568.879836704582,20,,True
1079,18,49,210,6.5217175324757894,10.6417719422209,6.5217175324757894,572.2184949554503,20,,True
1080,18,7,30,39.60674028793971,57.41554563099577,39.60674028793971,571.8366587534547,20,,True
1081,18,7,45,4.880251351992289,6.642499726344935,4.880251351992289,571.4705130085349,20,,True
1082,18,7,60,3.3536119725555182,4.550632733852158,3.3536119725555182,571.2810456752777,20,,True
1083,18,7,75,14.30897687797745,25.999904720619508,14.30897687797745,571.3711380958557,20,,True
1084,18,7,90,33.93853291273117,41.858762143265594,33.93853291273117,570.9055042825639,20,,True
1085,18,7,105,27.431339434782664,44.21132112299216,27.431339434782664,575.4628526046872,20,,True
1086,18,7,120,29.710937571090955,43.1763165139663,29.710937571090955,570.0029241852462,20,,True
1087,18,7,135,33.29038581053416,44.013300231110705,33.29038581053416,572.5567629560828,20,,True
1088,18,7,150,17.85922926068306,28.37495527204541,17.85922926068306,579.0987638756633,20,,True
1089,18,7,165,16.250047185830773,21.710240120156186,16.250047185830773,569.2671840079129,20,,True
1090,18,47,30,14.662646017068376,21.406017621710426,14.662646017068376,570.265281945467,20,,True
1091,18,47,45,11.719161159793536,16.513600376447936,11.719161159793536,569.2007611505687,20,,True
1092,18,47,60,10.232259058952332,12.309532177763693,10.232259058952332,559.3847702257335,20,,True
1093,18,47,75,1.0993756612141927,1.6085567347203789,1.0993756612141927,564.7261566482484,20,,True
1094,18,47,90,6.5327298204104105,9.874782476150095,6.5327298204104105,561.9610920548439,20,,True
1095,18,47,105,5.364187479019165,6.818000786604742,5.364187479019165,563.0011400207877,20,,True
1096,18,47,120,1.8864396810531616,2.651309153155705,1.8864396810531616,571.0773319005966,20,,True
1097,18,47,135,4.259151117006938,8.758965412693474,4.259151117006938,570.4850084148347,20,,True
1098,18,47,150,15.745184847712517,22.2826055273442,15.745184847712517,570.8830975927413,20,,True
1099,18,47,165,9.478432814528544,11.944319833715646,9.478432814528544,570.4927118495107,20,,True
1100,18,30,30,14.538690725776057,19.66660596896841,14.538690725776057,575.9146697819233,20,,True
1101,18,30,45,6.004115756352743,7.796041241902108,6.004115756352743,574.7843571007252,20,,True
1102,18,30,60,3.2303335825602213,3.854554635293981,3.2303335825602213,571.8447742983699,20,,True
1103,18,30,75,4.115143616994222,4.46551244423621,4.115143616994222,570.9198708646,20,,True
1104,18,30,90,2.5415555477142333,2.817478798349259,2.5415555477142333,571.1580812931061,20,,True
1105,18,30,105,2.3635626316070555,2.763279388167275,2.3635626316070555,569.1380947828293,20,,True
1106,18,30,120,2.16953337987264,3.199378786953705,2.16953337987264,573.7641840241849,20,,True
1107,18,30,135,4.204973983764648,5.452152982314092,4.204973983764648,571.1653302423656,20,,True
1108,18,30,150,2.899652846654256,3.257015758469825,2.899652846654256,569.4376099854708,20,,True
1109,18,30,165,1.7735461473464966,2.239552029806046,1.7735461473464966,569.6114809252322,20,,True
1110,24,83,30,13.452664211268226,16.190965623258613,13.452664211268226,561.5474432706833,20,,True
1111,24,83,45,7.359013588602344,10.326978217254181,7.359013588602344,563.8184743002057,20,,True
1112,24,83,60,3.7029387096563977,4.585216340548802,3.7029387096563977,571.7775393277407,20,,True
1113,24,83,75,8.505549085202317,12.719638560667716,8.505549085202317,573.5814208164811,20,,True
1114,24,83,90,25.732188615451257,51.60684342190012,25.732188615451257,571.4677856303751,20,,True
1115,24,83,105,29.93719543516636,50.36632695339624,29.93719543516636,574.2453327402472,20,,True
1116,24,83,120,6.580599910020828,11.432247089416007,6.580599910020828,571.5406597591937,20,,True
1117,24,83,135,8.200843307562172,11.197961012869452,8.200843307562172,569.8707299306989,20,,True
1118,24,83,150,15.477641287492588,24.78554305469983,15.477641287492588,565.4409942217171,20,,True
1119,24,83,165,13.514817773348963,20.54698758122685,13.514817773348963,562.9128091968596,20,,True
1120,24,83,180,6.828542073567708,7.657644704257058,6.828542073567708,566.288782749325,20,,True
1121,24,83,195,5.999866956224044,8.88392436044179,5.999866956224044,563.0412520840764,20,,True
1122,24,83,210,7.9223529877762,11.183680112140657,7.9223529877762,563.9708703383803,20,,True
1123,24,83,225,6.082031162579854,7.950999115631181,6.082031162579854,570.2255219221115,20,,True
1124,24,15,30,26.5527025423944,41.21123818207592,26.5527025423944,573.035882320255,20,,True
1125,24,15,45,14.640950489540895,20.897706114111912,14.640950489540895,571.8538691289723,20,,True
1126,24,15,60,6.074538127581278,9.039297405113972,6.074538127581278,571.4243138208985,20,,True
1127,24,15,75,11.332988135019939,17.59578289162315,11.332988135019939,573.6050358973444,20,,True
1128,24,15,90,6.351529353857041,8.506077849929063,6.351529353857041,562.6107109710574,20,,True
1129,24,15,105,6.6255049258470535,8.808756454853375,6.6255049258470535,563.2352088578045,20,,True
1130,24,15,120,8.858996816476186,13.333075284248139,8.858996816476186,572.7145778946579,20,,True
1131,24,15,135,2.099934474627177,2.835666548613514,2.099934474627177,573.0086993426085,20,,True
1132,24,15,150,5.045875398317973,6.541131136088751,5.045875398317973,571.5676071122289,20,,True
1133,24,15,165,13.41064944267273,20.207619547562164,13.41064944267273,571.2068118155003,20,,True
1134,24,15,180,3.8048370440800983,5.779706593495473,3.8048370440800983,574.774757027626,20,,True
1135,24,15,195,14.939652635653813,23.118491838034085,14.939652635653813,570.293331053108,20,,True
1136,24,15,210,8.398531274000804,13.247445984258492,8.398531274000804,570.3237829729915,20,,True
1137,24,15,225,14.570871426661808,20.342498583821076,14.570871426661808,570.7179037854075,20,,True
1138,24,3,30,41.19940532843272,57.017006595943435,41.19940532843272,572.0582697540522,20,,True
1139,24,3,45,11.068194534381231,12.353379321361174,11.068194534381231,570.0526214204729,20,,True
1140,24,3,60,35.19364503423373,51.09859409028147,35.19364503423373,570.2510043047369,20,,True
1141,24,3,75,23.960560860236487,29.30829766375014,23.960560860236487,572.7632222697139,20,,True
1142,24,3,90,18.24568033615748,21.292294979619058,18.24568033615748,570.409927982837,20,,True
1143,24,3,105,3.2401737292607624,3.607882630625548,3.2401737292607624,568.6758370138705,20,,True
1144,24,3,120,11.369801346460978,18.100086841917722,11.369801346460978,569.3886857479811,20,,True
1145,24,3,135,8.643523410956066,12.219554513783253,8.643523410956066,575.9649779647589,20,,True
1146,24,3,150,7.950957198937734,9.458299795356183,7.950957198937734,564.377473667264,20,,True
1147,24,3,165,12.36345244248708,17.224377173909332,12.36345244248708,564.8926650173962,20,,True
1148,24,3,180,6.584311656157175,8.542533534918514,6.584311656157175,569.571674335748,20,,True
1149,24,3,195,5.142487676938375,6.666861097547835,5.142487676938375,569.3165501579642,20,,True
1150,24,3,210,3.2822794715563455,3.6923428687430664,3.2822794715563455,568.8616628758609,20,,True
1151,24,3,225,4.40116270383199,6.079077468390297,4.40116270383199,571.0553252138197,20,,True
1152,24,35,30,21.947171573837597,28.453006440438475,21.947171573837597,570.16094122082,20,,True
1153,24,35,45,20.54645506578187,23.998865431003892,20.54645506578187,568.1631830520928,20,,True
1154,24,35,60,5.060923519730568,6.302330526131508,5.060923519730568,569.1355508752167,20,,True
1155,24,35,75,2.060451046625773,2.302086187108322,2.060451046625773,568.6081149615347,20,,True
1156,24,35,90,1.762700907389323,2.094731690915754,1.762700907389323,569.2134760320187,20,,True
1157,24,35,105,2.0204795082410176,2.3159567494139432,2.0204795082410176,564.8106671869755,20,,True
1158,24,35,120,7.7486730401714645,11.33529767568982,7.7486730401714645,561.9694041088223,20,,True
1159,24,35,135,7.608036899566651,8.92458904952629,7.608036899566651,569.612150080502,20,,True
1160,24,35,150,3.6155632853507997,4.420411568065642,3.6155632853507997,569.905289914459,20,,True
1161,24,35,165,2.9070849935213725,3.8267109576614877,2.9070849935213725,562.0287000201643,20,,True
1162,24,35,180,3.259691310611864,4.070382490067122,3.259691310611864,565.1267669163644,20,,True
1163,24,35,195,6.64907171924909,10.696789720182755,6.64907171924909,570.235837250948,20,,True
1164,24,35,210,13.24625187019507,17.089924376149714,13.24625187019507,563.067230861634,20,,True
1165,24,35,225,18.008142958084743,19.60954242652833,18.008142958084743,560.3296170011163,20,,True
1166,24,48,30,29.14692720491439,38.815306031067124,29.14692720491439,569.5641562342644,20,,True
1167,24,48,45,33.11228541930517,47.266017704300225,33.11228541930517,568.5081626288593,20,,True
1168,24,48,60,16.397302691141764,22.58294362057404,16.397302691141764,571.5288524515927,20,,True
1169,24,48,75,14.853762563566367,21.66088410491807,14.853762563566367,570.3915990889072,20,,True
1170,24,48,90,4.956378450493018,6.104543910585616,4.956378450493018,566.353970207274,20,,True
1171,24,48,105,4.875033964713414,7.962547818659893,4.875033964713414,560.9509963542223,20,,True
1172,24,48,120,19.256944686174393,24.73434707505865,19.256944686174393,565.8387481234968,20,,True
1173,24,48,135,13.45766303029959,15.175270094546468,13.45766303029959,567.6191709935665,20,,True
1174,24,48,150,5.5395767768224085,6.4964652743506806,5.5395767768224085,577.0389712415636,20,,True
1175,24,48,165,3.283948032061259,4.154752208802535,3.283948032061259,564.4917199388146,20,,True
1176,24,48,180,2.1490788499514264,3.4030033109892663,2.1490788499514264,570.7256230525672,20,,True
1177,24,48,195,9.971621622641882,16.991229519432633,9.971621622641882,572.6429582573473,20,,True
1178,24,48,210,4.550543689727784,6.144061681412041,4.550543689727784,573.801483027637,20,,True
1179,24,48,225,4.5710210531949995,6.689316456384169,4.5710210531949995,571.6035682708025,20,,True
1180,24,22,30,8.296205260356267,11.059574187401784,8.296205260356267,569.5480979047716,20,,True
1181,24,22,45,7.34515651166439,11.535560830913877,7.34515651166439,570.9843840450048,20,,True
1182,24,22,60,5.332118198275566,6.663264049698571,5.332118198275566,563.6271801777184,20,,True
1183,24,22,75,6.76258711827298,10.443928780422787,6.76258711827298,561.6887491196394,20,,True
1184,24,22,90,2.3240576524287464,2.929000902904262,2.3240576524287464,569.7925770655274,20,,True
1185,24,22,105,1.8706697680056095,2.4626679720368934,1.8706697680056095,570.8792018704116,20,,True
1186,24,22,120,1.7996687591075897,2.3673978635483643,1.7996687591075897,571.7478529550135,20,,True
1187,24,22,135,1.7708625974133612,2.2462502241033375,1.7708625974133612,570.3508700244129,20,,True
1188,24,22,150,1.7359548901983848,2.4468518792862577,1.7359548901983848,570.2239531092346,20,,True
1189,24,22,165,1.9680307327614477,2.273826189926466,1.9680307327614477,570.5160140059888,20,,True
1190,24,22,180,3.982671096175909,10.288235454700988,3.982671096175909,570.3072659671307,20,,True
1191,24,22,195,12.536478373408318,19.61755314679519,12.536478373408318,569.6137128397822,20,,True
1192,24,22,210,1.4488083839416503,2.340694428369778,1.4488083839416503,570.2635310590267,20,,True
1193,24,22,225,2.632218933105469,4.426098254263274,2.632218933105469,570.4637039452791,20,,True
1194,24,55,30,8.111945282916228,11.563711351128854,8.111945282916228,569.3122697994113,20,,True
1195,24,55,45,2.5964691006268064,3.0455159156002356,2.5964691006268064,570.3053176403046,20,,True
1196,24,55,60,7.197147028706968,15.415855185976836,7.197147028706968,572.1131730824709,20,,True
1197,24,55,75,22.982593517005444,29.63554250919448,22.982593517005444,569.4480063393712,20,,True
1198,24,55,90,16.164505831493685,20.737359181154336,16.164505831493685,569.9862060137093,20,,True
1199,24,55,105,12.715578282686572,17.467618254321614,12.715578282686572,569.7479289956391,20,,True
1200,24,55,120,1.6097362756729126,1.8270597523266117,1.6097362756729126,570.3218299895525,20,,True
1201,24,55,135,1.2936441898345947,1.903756823856258,1.2936441898345947,569.277246017009,20,,True
1202,24,55,150,1.675153378645579,3.382439782337396,1.675153378645579,570.5182631500065,20,,True
1203,24,55,165,14.849076728026072,24.950828158037535,14.849076728026072,570.667574647814,20,,True
1204,24,55,180,4.176432545979818,5.773768380677976,4.176432545979818,574.8071479611099,20,,True
1205,24,55,195,8.507682704925537,16.724343870862654,8.507682704925537,573.9755546674132,20,,True
1206,24,55,210,10.151304364204407,20.30149224796281,10.151304364204407,570.572140160948,20,,True
1207,24,55,225,3.9797215362389884,5.300748536345996,3.9797215362389884,570.2531049028039,20,,True
1208,24,4,30,23.922352728744347,36.40669938249613,23.922352728744347,573.5377217642963,20,,True
1209,24,4,45,13.414271244530877,19.25524207224347,13.414271244530877,569.697602186352,20,,True
1210,24,4,60,6.485166944066683,9.983531675778694,6.485166944066683,569.7862142696977,20,,True
1211,24,4,75,5.318623857696851,7.030576599137273,5.318623857696851,571.9009060412645,20,,True
1212,24,4,90,3.7485952218373617,4.602141639019695,3.7485952218373617,573.9199798554182,20,,True
1213,24,4,105,1.195876709620158,1.5226002235995788,1.195876709620158,570.7713351584971,20,,True
1214,24,4,120,0.8607025464375814,1.354107189587727,0.8607025464375814,570.7561890594661,20,,True
1215,24,4,135,0.8790218671162923,1.3617769380720368,0.8790218671162923,569.8808329179883,20,,True
1216,24,4,150,1.0790515104929606,1.6893784018372815,1.0790515104929606,573.2869408093393,20,,True
1217,24,4,165,3.4815049628416697,6.672185147931181,3.4815049628416697,572.4083269014955,20,,True
1218,24,4,180,12.611250444998344,16.64974238396742,12.611250444998344,569.1625326871872,20,,True
1219,24,4,195,4.615479024251302,5.88930163540371,4.615479024251302,561.7320090532303,20,,True
1220,24,4,210,3.7393366138140363,5.471202026735026,3.7393366138140363,570.4164719209075,20,,True
1221,24,4,225,3.894306270281474,5.630596512826315,3.894306270281474,573.6038219183683,20,,True
1222,24,45,30,8.354266202449798,11.493736610802952,8.354266202449798,573.410652577877,20,,True
1223,24,45,45,7.508869202931722,9.878048427569306,7.508869202931722,569.8518920689821,20,,True
1224,24,45,60,2.4780641237894696,3.046000424762628,2.4780641237894696,562.4974761158228,20,,True
1225,24,45,75,2.2652971585591635,2.5992267258495607,2.2652971585591635,566.5898700244725,20,,True
1226,24,45,90,1.8826608180999755,2.2598551088622965,1.8826608180999755,567.6001780666411,20,,True
1227,24,45,105,2.1624945163726808,2.527283719607029,2.1624945163726808,561.5662946365774,20,,True
1228,24,45,120,16.024325512349606,23.8301063902275,16.024325512349606,569.0605170093477,20,,True
1229,24,45,135,21.769409343972804,27.326400503858284,21.769409343972804,572.4316318519413,20,,True
1230,24,45,150,7.799330959717433,13.771005323604038,7.799330959717433,571.3033112697303,20,,True
1231,24,45,165,20.82350625395775,23.909707463990998,20.82350625395775,572.2151682712138,20,,True
1232,24,45,180,8.876874347527822,18.957128036655057,8.876874347527822,573.5942241735756,20,,True
1233,24,45,195,9.858306787411372,15.880733517168734,9.858306787411372,571.9371642917395,20,,True
1234,24,45,210,3.543554592132568,4.735448668836975,3.543554592132568,570.0482628308237,20,,True
1235,24,45,225,3.4508657932281492,4.370759221206184,3.4508657932281492,570.1989359222353,20,,True
1236,24,60,30,9.30843506505092,14.868725585274426,9.30843506505092,564.7524907253683,20,,True
1237,24,60,45,14.114249052107334,21.91794634937736,14.114249052107334,564.6868539042771,20,,True
1238,24,60,60,6.208993909756343,9.634890893308324,6.208993909756343,572.0347743481398,20,,True
1239,24,60,75,16.511844881127278,26.312526063406033,16.511844881127278,570.8351810462773,20,,True
1240,24,60,90,8.1718950888142,16.090591121628638,8.1718950888142,571.06595300138,20,,True
1241,24,60,105,3.0740664997448524,3.8242316724929677,3.0740664997448524,571.0561042651534,20,,True
1242,24,60,120,3.820539699991544,5.742478678309248,3.820539699991544,572.080192156136,20,,True
1243,24,60,135,6.488025321563085,11.864182941968396,6.488025321563085,574.0625648759305,20,,True
1244,24,60,150,10.34916851731638,15.04971803645028,10.34916851731638,573.8723394460976,20,,True
1245,24,60,165,3.416337775190671,4.376217825639497,3.416337775190671,571.715029887855,20,,True
1246,24,60,180,6.748079543110604,10.427430248711834,6.748079543110604,570.3703379258513,20,,True
1247,24,60,195,4.910316031472758,6.651145235088006,4.910316031472758,570.7498090341687,20,,True
1248,24,60,210,3.8821441660324734,5.206004502555669,3.8821441660324734,569.6516949683428,20,,True
1249,24,60,225,3.836579644680023,5.255485788899425,3.836579644680023,574.555748142302,20,,True
1250,24,26,30,16.469724683091044,22.646773997356632,16.469724683091044,568.4318840503693,20,,True
1251,24,26,45,3.090161193907261,4.818194693203411,3.090161193907261,573.7262950278819,20,,True
1252,24,26,60,20.636374700069428,27.90475627359901,20.636374700069428,569.2014852538705,20,,True
1253,24,26,75,19.54561848938465,39.464782423916716,19.54561848938465,571.8014761805534,20,,True
1254,24,26,90,16.469280120233694,25.757227695605902,16.469280120233694,564.733169041574,20,,True
1255,24,26,105,14.470393152038257,21.510959594637292,14.470393152038257,561.6623419336975,20,,True
1256,24,26,120,16.89256519501408,32.61418085636156,16.89256519501408,574.2923119105399,20,,True
1257,24,26,135,34.371856980274124,56.58158893451902,34.371856980274124,572.6340119726956,20,,True
1258,24,26,150,10.761282596488794,18.236221493882244,10.761282596488794,575.7457599975169,20,,True
1259,24,26,165,10.857363878687222,13.761744138252233,10.857363878687222,570.3677251003683,20,,True
1260,24,26,180,4.430458806579312,6.278132810720843,4.430458806579312,569.066152907908,20,,True
1261,24,26,195,4.17957949899137,6.584802512651236,4.17957949899137,572.2512011416256,20,,True
1262,24,26,210,4.021211606264115,4.545137653694714,4.021211606264115,570.6982100382447,20,,True
1263,24,26,225,9.207617859790723,18.81518349949666,9.207617859790723,574.3290069513023,20,,True
1264,24,21,30,6.36835618019104,10.110753201829363,6.36835618019104,564.5424700342119,20,,True
1265,24,21,45,10.669234522183736,16.99937582859147,10.669234522183736,563.2076379843056,20,,True
1266,24,21,60,12.282269438107809,20.086107822111174,12.282269438107809,568.7647359445691,20,,True
1267,24,21,75,2.9796545108159385,4.141168631762914,2.9796545108159385,565.9927087835968,20,,True
1268,24,21,90,3.1336907068888347,4.680928663502132,3.1336907068888347,560.7252940535545,20,,True
1269,24,21,105,4.745546901226044,7.042490663061576,4.745546901226044,570.500714238733,20,,True
1270,24,21,120,4.346073627471924,7.6529347558672915,4.346073627471924,570.6492569297552,20,,True
1271,24,21,135,3.0302046656608583,4.654757302332234,3.0302046656608583,568.9791548065841,20,,True
1272,24,21,150,3.7975062251091005,4.925989845906571,3.7975062251091005,566.5337066166103,20,,True
1273,24,21,165,3.124888291458289,6.48241062797056,3.124888291458289,562.8924644552171,20,,True
1274,24,21,180,12.558436994751295,19.906999162305368,12.558436994751295,566.5394319221377,20,,True
1275,24,21,195,5.063669118611142,6.580868839740833,5.063669118611142,570.9674749523401,20,,True
1276,24,21,210,4.908609617579107,6.911734817275983,4.908609617579107,564.7355918772519,20,,True
1277,24,21,225,2.7429610062390566,3.8128178455111223,2.7429610062390566,562.0303167961538,20,,True
1278,24,44,30,12.972798998157183,20.051465024917228,12.972798998157183,567.356776446104,20,,True
1279,24,44,45,19.803800069044033,23.834939740539014,19.803800069044033,562.0700311847031,20,,True
1280,24,44,60,9.53594553594788,11.216371661936634,9.53594553594788,560.9904257580638,20,,True
1281,24,44,75,1.7508839935064315,2.49862647959134,1.7508839935064315,570.0710001401603,20,,True
1282,24,44,90,3.396490927537282,4.351276534558962,3.396490927537282,572.7728721685708,20,,True
1283,24,44,105,3.346281189719836,3.7528455637357068,3.346281189719836,570.3731030225754,20,,True
1284,24,44,120,3.413472119967143,3.7886516688476846,3.413472119967143,571.8348398804665,20,,True
1285,24,44,135,4.76240962545077,5.9850558018044,4.76240962545077,571.8348324298859,20,,True
1286,24,44,150,7.123265719413757,9.525114092400546,7.123265719413757,574.5584932155907,20,,True
1287,24,44,165,2.1042043526967364,3.1607813320211218,2.1042043526967364,573.8880168646574,20,,True
1288,24,44,180,5.534213483333588,9.14394869796497,5.534213483333588,572.8411832824349,20,,True
1289,24,44,195,6.262909523646036,9.212496374788238,6.262909523646036,570.996193215251,20,,True
1290,24,44,210,4.2437127272288,5.961673277940496,4.2437127272288,565.9386762417853,20,,True
1291,24,44,225,3.9338300069173178,5.5034246615398965,3.9338300069173178,562.5402918085456,20,,True
1292,24,23,30,12.404967189331849,15.429960140505937,12.404967189331849,568.51658038795,20,,True
1293,24,23,45,9.814230537911255,13.186707791016557,9.814230537911255,573.147052899003,20,,True
1294,24,23,60,8.583824938566734,11.808672841596142,8.583824938566734,563.3438336662948,20,,True
1295,24,23,75,13.390404195835194,18.860333684124353,13.390404195835194,563.0465978756547,20,,True
1296,24,23,90,22.46289419432481,34.14350854800879,22.46289419432481,569.4355228915811,20,,True
1297,24,23,105,41.8224019681414,63.934008488489965,41.8224019681414,571.598915848881,20,,True
1298,24,23,120,17.08720462669929,21.27226208849828,17.08720462669929,570.226785261184,20,,True
1299,24,23,135,2.7011765003204347,3.0064912137415307,2.7011765003204347,571.3367508724332,20,,True
1300,24,23,150,2.313200831413269,3.7093369538454843,2.313200831413269,574.0605429746211,20,,True
1301,24,23,165,11.308672000467777,19.648521982593277,11.308672000467777,570.2911601401865,20,,True
1302,24,23,180,5.383862197212875,7.842407939343673,5.383862197212875,571.4418268762529,20,,True
1303,24,23,195,3.7047128518422445,4.106836323693968,3.7047128518422445,576.6337388195097,20,,True
1304,24,23,210,2.68016663591067,4.022397257314441,2.68016663591067,571.3956109248102,20,,True
1305,24,23,225,2.7676747759183247,4.256195601606977,2.7676747759183247,571.9085820019245,20,,True
1306,24,53,30,36.81985084116459,50.000164751873996,36.81985084116459,574.5024718344212,20,,True
1307,24,53,45,25.545120776693025,38.397029142022625,25.545120776693025,572.5373132154346,20,,True
1308,24,53,60,32.724649574483436,43.146342876215705,32.724649574483436,568.1822416372597,20,,True
1309,24,53,75,19.356892732406656,26.766256521244642,19.356892732406656,563.9275517314672,20,,True
1310,24,53,90,20.416748373707136,21.62003921515171,20.416748373707136,567.2225197777152,20,,True
1311,24,53,105,12.619415350755055,19.388592452072047,12.619415350755055,569.8307799175382,20,,True
1312,24,53,120,15.068581394354503,21.219917886781655,15.068581394354503,572.5369532592595,20,,True
1313,24,53,135,30.328391209244728,49.481903738046206,30.328391209244728,571.9030960462987,20,,True
1314,24,53,150,35.90064720312754,49.261506078253646,35.90064720312754,570.1731774024665,20,,True
1315,24,53,165,12.41536716222763,21.2840162990657,12.41536716222763,573.7463431432843,20,,True
1316,24,53,180,19.583877529700597,24.37822559585779,19.583877529700597,571.0593862459064,20,,True
1317,24,53,195,10.996813186009724,12.318256643574605,10.996813186009724,570.5382102169096,20,,True
1318,24,53,210,2.998165225982666,4.465437636563625,2.998165225982666,573.7650389783084,20,,True
1319,24,53,225,3.735165484746297,5.6711993856920655,3.735165484746297,569.8899771086872,20,,True
1320,24,84,30,23.116663332780202,32.22766586151317,23.116663332780202,571.4640920050442,20,,True
1321,24,84,45,16.06564352909724,22.245923095356293,16.06564352909724,572.8243798948824,20,,True
1322,24,84,60,21.466656804084778,25.34845801449679,21.466656804084778,570.824627764523,20,,True
1323,24,84,75,2.729113439718882,3.258972606429241,2.729113439718882,570.5781211145222,20,,True
1324,24,84,90,6.568157436450322,11.00968511167491,6.568157436450322,571.4398706331849,20,,True
1325,24,84,105,11.353179174661637,14.88302977385168,11.353179174661637,570.463364943862,20,,True
1326,24,84,120,14.160597944259644,16.492443555074043,14.160597944259644,566.5119448676705,20,,True
1327,24,84,135,13.154844319820404,24.90681105608792,13.154844319820404,562.2390219941735,20,,True
1328,24,84,150,20.631584771474202,32.92628399881656,20.631584771474202,567.097385879606,20,,True
1329,24,84,165,5.526308965682984,6.99681822295394,5.526308965682984,561.3918490707874,20,,True
1330,24,84,180,4.257636785507202,4.913207778776577,4.257636785507202,565.1977360248566,20,,True
1331,24,84,195,12.111720930536588,22.191108275128883,12.111720930536588,569.7222510352731,20,,True
1332,24,84,210,11.756219104925792,13.777128128531187,11.756219104925792,564.7222008556128,20,,True
1333,24,84,225,6.737934013207753,9.176950416438837,6.737934013207753,566.8660760857165,20,,True
1334,24,59,30,21.040254360375304,29.33022897173387,21.040254360375304,573.1454310007393,20,,True
1335,24,59,45,25.84015622213483,33.07457382858378,25.84015622213483,571.4392517693341,20,,True
1336,24,59,60,8.586881209909915,10.094982368154248,8.586881209909915,571.6650118120015,20,,True
1337,24,59,75,5.620650941506028,10.822588282981432,5.620650941506028,570.093659684062,20,,True
1338,24,59,90,8.133798175056775,11.658889026525816,8.133798175056775,569.4814049638808,20,,True
1339,24,59,105,10.408860790729523,14.33637952154128,10.408860790729523,573.6369700171053,20,,True
1340,24,59,120,5.689583826065063,9.32979498282333,5.689583826065063,569.3569201976061,20,,True
1341,24,59,135,3.357345191637675,5.58213624893704,3.357345191637675,574.1439210250974,20,,True
1342,24,59,150,4.753540448347727,7.268977270786363,4.753540448347727,570.1690101996064,20,,True
1343,24,59,165,2.862371403599779,4.6936126972969685,2.862371403599779,570.5669689923525,20,,True
1344,24,59,180,6.839879812424382,11.544415712067815,6.839879812424382,566.920215729624,20,,True
1345,24,59,195,10.331848362763413,15.292530427464023,10.331848362763413,560.05589524284,20,,True
1346,24,59,210,4.37444696596358,5.168350087679575,4.37444696596358,565.0110766291618,20,,True
1347,24,59,225,4.306878644227981,5.230554802928696,4.306878644227981,568.2662772014737,20,,True
1348,24,49,30,31.236838575204214,44.86515637986411,31.236838575204214,569.8349010199308,20,,True
1349,24,49,45,24.024958821137748,33.13008837622096,24.024958821137748,569.5326952263713,20,,True
1350,24,49,60,25.69244608779748,39.018544542421004,25.69244608779748,571.2557998485863,20,,True
1351,24,49,75,18.289645264546078,27.23702035317665,18.289645264546078,569.9278260581195,20,,True
1352,24,49,90,22.84138755922516,29.444735324640536,22.84138755922516,572.1925003454089,20,,True
1353,24,49,105,6.692731440067291,10.07521916499808,6.692731440067291,568.9800051040947,20,,True
1354,24,49,120,5.224450174967448,8.218696437813449,5.224450174967448,568.8645169138908,20,,True
1355,24,49,135,3.1641574025154116,4.03699602173508,3.1641574025154116,570.1324730180204,20,,True
1356,24,49,150,5.702724194526672,6.5555847826833515,5.702724194526672,569.1521596163511,20,,True
1357,24,49,165,4.819260162115097,7.482006614109403,4.819260162115097,571.4508718810976,20,,True
1358,24,49,180,13.793398741881052,19.707715972706897,13.793398741881052,569.2986231297255,20,,True
1359,24,49,195,9.359354590376219,13.890972756799453,9.359354590376219,568.767917342484,20,,True
1360,24,49,210,7.781903798381488,9.540982161365543,7.781903798381488,568.7372679822147,20,,True
1361,24,49,225,5.636219892899195,6.700995884980105,5.636219892899195,569.1268793307245,20,,True
1362,24,7,30,22.823440019289652,26.93769412638094,22.823440019289652,568.1663928553462,20,,True
1363,24,7,45,18.180566895008088,25.225040387269377,18.180566895008088,561.2799730151892,20,,True
1364,24,7,60,19.782190003991126,32.07711012011522,19.782190003991126,567.4281702376902,20,,True
1365,24,7,75,30.835133724411328,47.40766954179332,30.835133724411328,567.9249810054898,20,,True
1366,24,7,90,49.4930790801843,69.96869360661535,49.4930790801843,560.2776920422912,20,,True
1367,24,7,105,23.750879955291747,29.95520596358117,23.750879955291747,564.4558570347726,20,,True
1368,24,7,120,28.326097812255224,31.964588137049752,28.326097812255224,569.9966182000935,20,,True
1369,24,7,135,8.305871160825093,11.294606786553572,8.305871160825093,566.5896818973124,20,,True
1370,24,7,150,10.998975388209026,13.723861206066914,10.998975388209026,561.1504963599145,20,,True
1371,24,7,165,13.703698742141325,16.79365632885677,13.703698742141325,566.6840057820082,20,,True
1372,24,7,180,6.533151218791803,9.879613017398528,6.533151218791803,568.1863632053137,20,,True
1373,24,7,195,7.157220543734729,10.19845224212343,7.157220543734729,561.3983399234712,20,,True
1374,24,7,210,8.98138123297443,11.449872864244254,8.98138123297443,563.6113039217889,20,,True
1375,24,7,225,6.506842224175731,7.772818443441962,6.506842224175731,572.6466602645814,20,,True
1376,24,47,30,22.146372939584158,39.62178010822647,22.146372939584158,569.7447429411113,20,,True
1377,24,47,45,47.32405187084029,72.4414375407882,47.32405187084029,570.6463931128383,20,,True
1378,24,47,60,51.44997928738594,85.27730032336011,51.44997928738594,571.1806709878147,20,,True
1379,24,47,75,17.04974724849065,26.675839788238775,17.04974724849065,569.3242601118982,20,,True
1380,24,47,90,17.4879556397597,28.88204266838444,17.4879556397597,569.4713811390102,20,,True
1381,24,47,105,4.494965895016988,5.609190681883944,4.494965895016988,563.0648583173752,20,,True
1382,24,47,120,5.621912336846193,7.401660091533614,5.621912336846193,563.3502090349793,20,,True
1383,24,47,135,7.816810044149558,9.739499885783426,7.816810044149558,571.0790413431823,20,,True
1384,24,47,150,12.29939894080162,20.225615905052884,12.29939894080162,566.2455609999597,20,,True
1385,24,47,165,16.395975364247956,23.425007184239515,16.395975364247956,561.6389098577201,20,,True
1386,24,47,180,7.772448393702507,10.378659488340109,7.772448393702507,565.8217966556549,20,,True
1387,24,47,195,4.378690385818482,6.445838845833494,4.378690385818482,569.4858026690781,20,,True
1388,24,47,210,5.913035582502683,6.878400507556773,5.913035582502683,569.8137446306646,20,,True
1389,24,47,225,2.0935296495755513,3.4750958799712524,2.0935296495755513,569.778956938535,20,,True
1390,24,30,30,4.610097938279311,5.519273239253475,4.610097938279311,570.0558070093393,20,,True
1391,24,30,45,4.053615000937134,5.308893666318915,4.053615000937134,571.2740449234843,20,,True
1392,24,30,60,4.684987394635876,5.845236176571707,4.684987394635876,571.5589239262044,20,,True
1393,24,30,75,2.6075114610294503,3.0301434105971174,2.6075114610294503,572.9186022654176,20,,True
1394,24,30,90,2.180540285259485,3.3373227200211684,2.180540285259485,570.7444408908486,20,,True
1395,24,30,105,4.5735576828320825,6.628586993351162,4.5735576828320825,573.2480441220105,20,,True
1396,24,30,120,1.6941110466917355,2.2741306165371973,1.6941110466917355,570.2165369875729,20,,True
1397,24,30,135,2.3874383479356767,4.133839508519883,2.3874383479356767,571.7093627899885,20,,True
1398,24,30,150,6.466499330600103,9.953400617533916,6.466499330600103,569.1950260661542,20,,True
1399,24,30,165,4.466872181495031,7.181872016586426,4.466872181495031,562.3060120269656,20,,True
1400,24,30,180,10.63243012924989,15.529261886790945,10.63243012924989,564.3084067851305,20,,True
1401,24,30,195,4.066675353050232,5.7646358582114825,4.066675353050232,570.0671058148146,20,,True
1402,24,30,210,3.1744754592577618,4.417328162609409,3.1744754592577618,570.497137028724,20,,True
1403,24,30,225,3.3226245872676374,4.419461570889996,3.3226245872676374,571.8977940268815,20,,True
1404,25,83,30,26.97538370763262,51.15709092507156,26.97538370763262,570.3326012007892,20,,True
1405,25,83,45,37.54946022530397,62.373515660380974,37.54946022530397,570.9367999807,20,,True
1406,25,83,60,54.564833808938666,90.95659284010961,54.564833808938666,570.6279426813126,20,,True
1407,25,83,75,56.903368041912714,96.97520028864582,56.903368041912714,570.8349049091339,20,,True
1408,25,83,90,56.06211734116077,93.46295400744621,56.06211734116077,571.9452407211065,20,,True
1409,25,83,105,58.38222459008296,91.9168488328526,58.38222459008296,571.9200340099633,20,,True
1410,25,83,120,27.941753050933283,45.05058540814824,27.941753050933283,569.8761637322605,20,,True
1411,25,83,135,57.81694852809111,88.76071959779034,57.81694852809111,574.1245788522065,20,,True
1412,25,83,150,13.909108728170395,20.325867963201148,13.909108728170395,570.7277138717473,20,,True
1413,25,83,165,33.055115171770254,52.60436513099329,33.055115171770254,570.9853139705956,20,,True
1414,25,83,180,33.73377846429745,61.49419908142215,33.73377846429745,571.9792121089995,20,,True
1415,25,83,195,26.215750641624133,39.65368072305506,26.215750641624133,571.1747268214822,20,,True
1416,25,83,210,11.568578777710597,17.570669279386944,11.568578777710597,571.0056498646736,20,,True
1417,25,83,225,14.328898682941993,21.53032189600568,14.328898682941993,564.1590259037912,20,,True
1418,25,15,30,15.146036454041798,21.283166734083693,15.146036454041798,564.3672267906368,20,,True
1419,25,15,45,11.431107598543168,14.192494937099605,11.431107598543168,571.3002048432827,20,,True
1420,25,15,60,18.059007169802985,28.387270383753993,18.059007169802985,571.2924250401556,20,,True
1421,25,15,75,12.362743957938315,17.765445061711805,12.362743957938315,572.837392333895,20,,True
1422,25,15,90,10.682301607976358,15.39220866167419,10.682301607976358,570.5351512879133,20,,True
1423,25,15,105,10.932680404186248,16.837171882976833,10.932680404186248,570.4688541591167,20,,True
1424,25,15,120,6.962911995251973,10.535575184962054,6.962911995251973,571.9891302287579,20,,True
1425,25,15,135,2.523793892065684,3.1557560359510815,2.523793892065684,570.355346892029,20,,True
1426,25,15,150,5.4361756136020025,7.929141037013429,5.4361756136020025,571.3661261834204,20,,True
1427,25,15,165,5.974347110403081,7.578345646146647,5.974347110403081,571.3659767061472,20,,True
1428,25,15,180,5.096377779978017,7.972430567944874,5.096377779978017,570.2503439970315,20,,True
1429,25,15,195,5.100461606681347,10.934709654087342,5.100461606681347,571.7747490853071,20,,True
1430,25,15,210,27.58365559230248,42.69488018131065,27.58365559230248,562.034267000854,20,,True
1431,25,15,225,13.753580229232709,22.148618107087824,13.753580229232709,563.6141821742058,20,,True
1432,25,3,30,21.04841019511223,29.86193285926229,21.04841019511223,572.3018520511687,20,,True
1433,25,3,45,29.17039291461309,46.29141333832303,29.17039291461309,573.7005397677422,20,,True
1434,25,3,60,57.397496744819605,86.99487336614831,57.397496744819605,564.5063533447683,20,,True
1435,25,3,75,56.965081118714686,94.45841621653238,56.965081118714686,564.5053260959685,20,,True
1436,25,3,90,20.944081300745406,35.95306778366942,20.944081300745406,570.1382970437407,20,,True
1437,25,3,105,56.67045692056418,86.39439797232052,56.67045692056418,565.9770639613271,20,,True
1438,25,3,120,21.18572709610065,26.112287727041785,21.18572709610065,563.656693790108,20,,True
1439,25,3,135,10.583735616008441,15.811784767695512,10.583735616008441,572.631283197552,20,,True
1440,25,3,150,13.563153862953186,19.89309307187297,13.563153862953186,571.6508189216256,20,,True
1441,25,3,165,18.525952815512817,41.02877701092468,18.525952815512817,571.6112903319299,20,,True
1442,25,3,180,30.42220673263073,51.17872283288334,30.42220673263073,570.5547770485282,20,,True
1443,25,3,195,45.513523912926516,75.12042757611565,45.513523912926516,570.8683161064982,20,,True
1444,25,3,210,59.36707387765249,96.35526064338222,59.36707387765249,570.9894779138267,20,,True
1445,25,3,225,18.086210403839747,29.116652243774627,18.086210403839747,569.7700032033026,20,,True
1446,25,35,30,7.828985371192297,14.442169551854759,7.828985371192297,568.9990166574717,20,,True
1447,25,35,45,45.642140002300344,64.67628894105717,45.642140002300344,570.3671150840819,20,,True
1448,25,35,60,7.131893832236528,10.091196436921702,7.131893832236528,572.5632277317345,20,,True
1449,25,35,75,10.285729559262593,17.839309991521805,10.285729559262593,578.4764587879181,20,,True
1450,25,35,90,22.491120360791683,44.075787670460805,22.491120360791683,575.0642819330096,20,,True
1451,25,35,105,23.775438991002737,40.01737878338495,23.775438991002737,569.8153330013156,20,,True
1452,25,35,120,43.31702109569063,68.48180177281961,43.31702109569063,571.5995980426669,20,,True
1453,25,35,135,19.69698877738168,33.020228830252634,19.69698877738168,572.5433970801532,20,,True
1454,25,35,150,41.676569977402686,52.69008784038793,41.676569977402686,574.81559086591,20,,True
1455,25,35,165,11.786241714656352,15.436419402863482,11.786241714656352,569.9848290532827,20,,True
1456,25,35,180,9.348607657849788,11.348766131010596,9.348607657849788,572.7714719250798,20,,True
1457,25,35,195,2.944801509877046,4.2112644964683055,2.944801509877046,570.5529008992016,20,,True
1458,25,35,210,3.508823005358378,7.125324365919425,3.508823005358378,571.0541601292789,20,,True
1459,25,35,225,7.892957152922948,11.440130176311104,7.892957152922948,571.110662072897,20,,True
1460,25,48,30,54.08857780098915,80.93420730579919,54.08857780098915,573.1095061637461,20,,True
1461,25,48,45,20.98888704776764,30.748895550950056,20.98888704776764,570.5158980563283,20,,True
1462,25,48,60,26.570593903275828,43.491999253169794,26.570593903275828,572.9718198999763,20,,True
1463,25,48,75,46.02355720084161,68.28833212264824,46.02355720084161,572.0593258738518,20,,True
1464,25,48,90,42.97147881090641,58.14036152901457,42.97147881090641,570.8114821463823,20,,True
1465,25,48,105,6.747101928790411,8.664536367054124,6.747101928790411,573.9982319064438,20,,True
1466,25,48,120,5.515539882580439,7.324024732834654,5.515539882580439,569.0172910690308,20,,True
1467,25,48,135,5.8777084916830065,7.778929972086674,5.8777084916830065,571.0432659834623,20,,True
1468,25,48,150,5.998674461245537,7.471445195283907,5.998674461245537,571.4213671162724,20,,True
1469,25,48,165,4.073870644819302,5.433942903088335,4.073870644819302,572.8132519870996,20,,True
1470,25,48,180,4.079837499163114,6.078804993692339,4.079837499163114,574.6480477973819,20,,True
1471,25,48,195,5.721008552362521,9.01944170072473,5.721008552362521,564.6752249449492,20,,True
1472,25,48,210,27.814406766463073,45.64797905778322,27.814406766463073,564.6532471291721,20,,True
1473,25,48,225,26.691849535292324,37.34855981776234,26.691849535292324,569.0556429326534,20,,True
1474,25,22,30,3.0060902828971545,4.2190799741799525,3.0060902828971545,567.0108208432794,20,,True
1475,25,22,45,3.4604057016472023,4.695769628119269,3.4604057016472023,561.3491730764508,20,,True
1476,25,22,60,2.3306889368842048,2.971789165644887,2.3306889368842048,567.8662308491766,20,,True
1477,25,22,75,6.292339950303236,13.41414547679834,6.292339950303236,571.3226608932018,20,,True
1478,25,22,90,19.492527151852848,35.51100336442567,19.492527151852848,573.7339030019939,20,,True
1479,25,22,105,42.026886092747255,65.14037194843156,42.026886092747255,575.3826298750937,20,,True
1480,25,22,120,6.006037469704946,7.776452709396256,6.006037469704946,574.6412239968777,20,,True
1481,25,22,135,5.57981876929601,8.32045207023385,5.57981876929601,571.8642957508564,20,,True
1482,25,22,150,3.9458350360393526,5.19947529494721,3.9458350360393526,575.113145634532,20,,True
1483,25,22,165,4.381368522159756,8.401565895611423,4.381368522159756,574.7599680908024,20,,True
1484,25,22,180,15.809873057218889,27.587617416897523,15.809873057218889,576.8020041286945,20,,True
1485,25,22,195,17.73677563238889,35.12047351637199,17.73677563238889,573.2182669453323,20,,True
1486,25,22,210,55.922407260040444,92.99016874859392,55.922407260040444,569.0353540703654,20,,True
1487,25,22,225,14.904555054505666,25.506264086740277,14.904555054505666,562.6986268907785,20,,True
1488,25,55,30,4.018674500783285,4.88554774504937,4.018674500783285,566.284145694226,20,,True
1489,25,55,45,12.801032863557339,21.242234137269524,12.801032863557339,564.239155035466,20,,True
1490,25,55,60,16.560343891382217,20.911396355235304,16.560343891382217,567.1178558841348,20,,True
1491,25,55,75,14.976714889208475,20.407578523067485,14.976714889208475,567.5049270503223,20,,True
1492,25,55,90,30.029714393615723,41.497283200733285,30.029714393615723,561.3720389083028,20,,True
1493,25,55,105,12.180362192789714,23.030284307420462,12.180362192789714,567.9215579293668,20,,True
1494,25,55,120,20.957480049133302,30.73501255784733,20.957480049133302,573.4769906848669,20,,True
1495,25,55,135,3.496416362126668,4.419285970334601,3.496416362126668,575.9117240086198,20,,True
1496,25,55,150,4.085733954111735,4.96726460532194,4.085733954111735,574.4752013124526,20,,True
1497,25,55,165,13.059907877445221,28.36103663276575,13.059907877445221,575.7149369455874,20,,True
1498,25,55,180,27.194071135421595,45.27868678548556,27.194071135421595,571.980023290962,20,,True
1499,25,55,195,33.09347485701243,51.88859419548922,33.09347485701243,576.6922971233726,20,,True
1500,25,55,210,17.756773098309836,32.92779134233956,17.756773098309836,569.0381261520088,20,,True
1501,25,55,225,23.509250550468764,37.76221919876684,23.509250550468764,574.2139089852571,20,,True
1502,25,4,30,10.10116627116998,13.9039610661951,10.10116627116998,572.4044167436659,20,,True
1503,25,4,45,9.362681895370285,11.248261198741737,9.362681895370285,573.581445030868,20,,True
1504,25,4,60,2.5239300529162088,3.00822468275941,2.5239300529162088,572.4158990196884,20,,True
1505,25,4,75,2.378706642985344,3.2252349666155276,2.378706642985344,572.3586319945753,20,,True
1506,25,4,90,11.443822786336144,18.123054877935544,11.443822786336144,571.9986045733094,20,,True
1507,25,4,105,33.843981508413954,50.39559345097304,33.843981508413954,571.4181889779866,20,,True
1508,25,4,120,15.501195059219997,23.766514445157096,15.501195059219997,574.2008397355676,20,,True
1509,25,4,135,43.0868187268575,70.05912829112667,43.0868187268575,575.0221088528633,20,,True
1510,25,4,150,10.287834378083547,16.750691981103245,10.287834378083547,577.0213939249516,20,,True
1511,25,4,165,15.965176423390707,23.971440464582578,15.965176423390707,573.0422381311655,20,,True
1512,25,4,180,57.42893793185552,93.37161060309273,57.42893793185552,575.0151448883116,20,,True
1513,25,4,195,20.045817567408086,36.07984484211754,20.045817567408086,573.1298117898405,20,,True
1514,25,4,210,14.568757056817413,23.546005098499005,14.568757056817413,574.1778002120554,20,,True
1515,25,4,225,54.247821658849716,90.4741896638204,54.247821658849716,575.6137282587588,20,,True
1516,25,45,30,2.911942235628764,3.869098130119572,2.911942235628764,574.3648521602154,20,,True
1517,25,45,45,2.980126428604126,4.1215265832521295,2.980126428604126,574.9007826671004,20,,True
1518,25,45,60,2.837827976544698,3.8709989020963143,2.837827976544698,570.4739689826965,20,,True
1519,25,45,75,4.024254854520162,9.365984279192482,4.024254854520162,574.7111169621348,20,,True
1520,25,45,90,32.36698933442434,56.069280988472016,32.36698933442434,573.367231991142,20,,True
1521,25,45,105,13.356905582609276,18.198871934581135,13.356905582609276,571.3295107707381,20,,True
1522,25,45,120,6.756316416990012,10.322712509257213,6.756316416990012,570.7784537225962,20,,True
1523,25,45,135,6.316966581561913,9.245237078877024,6.316966581561913,575.4675092175603,20,,True
1524,25,45,150,24.93630333940188,51.160640420945185,24.93630333940188,572.585211135447,20,,True
1525,25,45,165,40.799573516349,62.35909255801942,40.799573516349,566.1084442399442,20,,True
1526,25,45,180,19.978782798349858,30.043475066847044,19.978782798349858,564.7291610948741,20,,True
1527,25,45,195,62.971495982011156,92.95460636918405,62.971495982011156,572.8436638601124,20,,True
1528,25,45,210,21.611044263839723,27.16845807552724,21.611044263839723,572.5944270379841,20,,True
1529,25,45,225,46.704381783803306,73.95278868056458,46.704381783803306,572.0464810729027,20,,True
1530,25,60,30,18.963117607682943,34.27576885552348,18.963117607682943,573.8882962614298,20,,True
1531,25,60,45,21.740652236590783,36.4914691780304,21.740652236590783,571.6353347525001,20,,True
1532,25,60,60,42.55358831460277,69.73607943917618,42.55358831460277,573.8050485961139,20,,True
1533,25,60,75,12.815185785293579,18.650416176654563,12.815185785293579,572.2243059426546,20,,True
1534,25,60,90,9.348575761914253,16.872956502898923,9.348575761914253,573.0689549818635,20,,True
1535,25,60,105,10.66796450316906,17.970361699763114,10.66796450316906,575.4328891634941,20,,True
1536,25,60,120,5.056922938053806,5.842028692610072,5.056922938053806,574.2898648604751,20,,True
1537,25,60,135,16.75862360050281,28.947074793206962,16.75862360050281,576.4109678566456,20,,True
1538,25,60,150,18.684754594167075,27.672719066077715,18.684754594167075,569.9684522114694,20,,True
1539,25,60,165,7.951997105280558,10.593178166655294,7.951997105280558,562.8108559176326,20,,True
1540,25,60,180,9.86717707713445,17.67780333404518,9.86717707713445,566.907464992255,20,,True
1541,25,60,195,12.411942923069,19.18330801935429,12.411942923069,571.9520887359977,20,,True
1542,25,60,210,30.141021951039633,42.504389235993024,30.141021951039633,561.9711047038436,20,,True
1543,25,60,225,18.328460280100504,29.582337091421667,18.328460280100504,564.4865981303155,20,,True
1544,25,26,30,18.30604968269666,31.339148259461542,18.30604968269666,567.596937995404,20,,True
1545,25,26,45,59.56385054488977,91.86857208653713,59.56385054488977,561.3089008256793,20,,True
1546,25,26,60,6.565838169058164,8.791196689259289,6.565838169058164,568.2555781677365,20,,True
1547,25,26,75,12.243033553411562,21.64898390599716,12.243033553411562,569.3881269544363,20,,True
1548,25,26,90,13.936221499632422,23.050408805789996,13.936221499632422,569.5334980264306,20,,True
1549,25,26,105,5.0043230454282215,5.891956453694422,5.0043230454282215,571.8000819906592,20,,True
1550,25,26,120,5.175077970822652,8.736459621055236,5.175077970822652,574.8142530210316,20,,True
1551,25,26,135,16.909669038156668,29.179994626363058,16.909669038156668,572.4751222878695,20,,True
1552,25,26,150,27.702127561966577,38.84451259868745,27.702127561966577,570.1081822626293,20,,True
1553,25,26,165,21.59051431020101,31.817133945272634,21.59051431020101,569.469824898988,20,,True
1554,25,26,180,35.32737698132793,56.29857639966056,35.32737698132793,570.8224130794406,20,,True
1555,25,26,195,26.747973489295692,41.57440762960689,26.747973489295692,575.1549401320517,20,,True
1556,25,26,210,42.3801653166612,66.56112132572308,42.3801653166612,572.6256798952818,20,,True
1557,25,26,225,15.550345455979308,25.513588921143892,15.550345455979308,571.6873053461313,20,,True
1558,25,21,30,3.7407559514045716,4.071553453162314,3.7407559514045716,568.7170741148293,20,,True
1559,25,21,45,2.909923017024994,3.4976435906527907,2.909923017024994,569.8689338751137,20,,True
1560,25,21,60,3.305015301704407,4.067624089628668,3.305015301704407,570.6298518925905,20,,True
1561,25,21,75,3.103717935085297,3.8803430987668523,3.103717935085297,573.8523029722273,20,,True
1562,25,21,90,3.0269457856814066,3.810701868557922,3.0269457856814066,565.2605518698692,20,,True
1563,25,21,105,3.0832475582758585,3.9006669682531805,3.0832475582758585,592.1750459820032,20,,True
1564,25,21,120,3.1904876430829368,4.00949846135645,3.1904876430829368,571.352805942297,20,,True
1565,25,21,135,3.191378688812256,3.971694790474372,3.191378688812256,563.6045918799937,20,,True
1566,25,21,150,3.2059353788693747,3.975773444536811,3.2059353788693747,563.3987649343908,20,,True
1567,25,21,165,2.9275616347789764,3.6186779131787215,2.9275616347789764,571.8986382707953,20,,True
1568,25,21,180,26.25742469308898,52.04204943580507,26.25742469308898,573.2038859277964,20,,True
1569,25,21,195,19.474901992672432,32.56557704178597,19.474901992672432,570.714624132961,20,,True
1570,25,21,210,7.7588922371466955,11.059211887633529,7.7588922371466955,573.3242980204523,20,,True
1571,25,21,225,18.341876999040444,39.74194606774711,18.341876999040444,574.2179970256984,20,,True
1572,25,44,30,2.8881396522124607,4.000097535490713,2.8881396522124607,573.76115815714,20,,True
1573,25,44,45,7.557698795199395,10.800834978293084,7.557698795199395,574.2632001638412,20,,True
1574,25,44,60,8.71160438346366,17.15499110143843,8.71160438346366,574.0195112302899,20,,True
1575,25,44,75,11.835932515809933,17.739022226047005,11.835932515809933,572.2050089389086,20,,True
1576,25,44,90,14.716409358428791,24.08350753758473,14.716409358428791,574.5302028954029,20,,True
1577,25,44,105,3.728989229754855,4.68236049292089,3.728989229754855,573.4103783033788,20,,True
1578,25,44,120,5.336273631453514,7.551088897884212,5.336273631453514,574.4442963041365,20,,True
1579,25,44,135,5.437006229658921,6.384106960204261,5.437006229658921,565.4812161810696,20,,True
1580,25,44,150,4.734882421294848,6.223608521035601,4.734882421294848,564.3846122547984,20,,True
1581,25,44,165,4.936663938313723,6.15928018254211,4.936663938313723,563.6911843903363,20,,True
1582,25,44,180,5.921167892217636,8.363748921489004,5.921167892217636,563.3608177304268,20,,True
1583,25,44,195,11.633377603193123,17.85666825203813,11.633377603193123,572.4603999406099,20,,True
1584,25,44,210,19.117078320185342,31.047540141444088,19.117078320185342,571.6490936465561,20,,True
1585,25,44,225,10.003494103501241,13.397882902689702,10.003494103501241,572.4796024151146,20,,True
1586,25,23,30,5.225113499164581,7.486659221467921,5.225113499164581,572.0331748016179,20,,True
1587,25,23,45,20.58289474248886,36.21472341475698,20.58289474248886,573.3411530964077,20,,True
1588,25,23,60,53.181014224886894,86.52055812947027,53.181014224886894,571.8874982558191,20,,True
1589,25,23,75,56.36737610946099,91.03793961758679,56.36737610946099,571.3163418695331,20,,True
1590,25,23,90,29.872113963464894,51.95699158149863,29.872113963464894,572.0760812982917,20,,True
1591,25,23,105,50.825054444372654,84.47670893471589,50.825054444372654,569.5087709464133,20,,True
1592,25,23,120,37.45024795730909,56.058267488913266,37.45024795730909,565.2159349992871,20,,True
1593,25,23,135,7.572200183073679,9.697440978464904,7.572200183073679,568.7811258248985,20,,True
1594,25,23,150,12.629246258735657,15.740484130878482,12.629246258735657,568.1867492385209,20,,True
1595,25,23,165,8.063298339024186,9.532228089670992,8.063298339024186,564.2786230891943,20,,True
1596,25,23,180,6.092861616487304,7.3261892667349935,6.092861616487304,568.1302528828382,20,,True
1597,25,23,195,8.110239462554455,10.943381930641836,8.110239462554455,566.8604169040918,20,,True
1598,25,23,210,6.789500402286649,12.561980844186184,6.789500402286649,564.5180968567729,20,,True
1599,25,23,225,39.52836734186858,69.7024215225658,39.52836734186858,572.1018430776894,20,,True
1600,25,53,30,28.042344764402756,45.47360409350209,28.042344764402756,574.5213371701539,20,,True
1601,25,53,45,46.807884914179645,71.21976925817773,46.807884914179645,573.8564119674265,20,,True
1602,25,53,60,17.213631859670084,26.680958037530555,17.213631859670084,571.5534696355462,20,,True
1603,25,53,75,22.597736067324877,36.24327603741063,22.597736067324877,576.114796102047,20,,True
1604,25,53,90,25.875765625635783,39.65492833520204,25.875765625635783,572.2341001965106,20,,True
1605,25,53,105,26.367057165006795,42.05197906246953,26.367057165006795,572.1932416781783,20,,True
1606,25,53,120,8.779086438566447,13.36499085490185,8.779086438566447,573.0090509168804,20,,True
1607,25,53,135,14.203968347360691,16.73485611413029,14.203968347360691,573.2912509702146,20,,True
1608,25,53,150,12.792931922276814,13.81467165686802,12.792931922276814,573.6618307419121,20,,True
1609,25,53,165,10.02885911812385,12.090135524589462,10.02885911812385,574.7276791371405,20,,True
1610,25,53,180,10.746185475587845,11.946112547122144,10.746185475587845,572.396629024297,20,,True
1611,25,53,195,8.12969822466063,13.556633037238884,8.12969822466063,572.6750991307199,20,,True
1612,25,53,210,7.323644161651221,11.497876036345543,7.323644161651221,573.0821890756488,20,,True
1613,25,53,225,4.968248901547243,8.186496541027823,4.968248901547243,572.3164128139615,20,,True
1614,25,84,30,4.628131993611654,5.145059323713576,4.628131993611654,572.6457526907325,20,,True
1615,25,84,45,18.972540216644607,34.372232584370835,18.972540216644607,571.322089061141,20,,True
1616,25,84,60,39.33002088069916,58.5012172012154,39.33002088069916,570.915640797466,20,,True
1617,25,84,75,16.329097827275593,26.54205608031464,16.329097827275593,571.9911390915513,20,,True
1618,25,84,90,18.825611564517022,33.26808847692223,18.825611564517022,573.2317166402936,20,,True
1619,25,84,105,43.301616459091505,65.39686090038099,43.301616459091505,575.8860297501087,20,,True
1620,25,84,120,4.847530921300252,5.388642325377616,4.847530921300252,573.2509498484433,20,,True
1621,25,84,135,5.2725813070933025,5.874202050710894,5.2725813070933025,572.3544540815055,20,,True
1622,25,84,150,5.118193467458089,5.692513539300504,5.118193467458089,571.4246691204607,20,,True
1623,25,84,165,13.397609947125117,27.343455773893286,13.397609947125117,571.974677965045,20,,True
1624,25,84,180,40.363511655231314,56.195627437826545,40.363511655231314,571.6895498335361,20,,True
1625,25,84,195,15.44825132365028,21.73635664395632,15.44825132365028,571.3663417845964,20,,True
1626,25,84,210,34.99388397062818,51.872803238613535,34.99388397062818,573.407618328929,20,,True
1627,25,84,225,15.853070942560832,18.80074341452637,15.853070942560832,570.6823570653796,20,,True
1628,25,59,30,6.630651658773422,14.89854677610831,6.630651658773422,573.4357899054885,20,,True
1629,25,59,45,37.935891212554026,62.25744155028885,37.935891212554026,572.591164149344,20,,True
1630,25,59,60,11.074861019353072,19.059858875820915,11.074861019353072,573.1814932078123,20,,True
1631,25,59,75,21.63567532449961,39.00649938917539,21.63567532449961,574.7076696716249,20,,True
1632,25,59,90,39.86279064938426,64.61799465340357,39.86279064938426,572.2400690428913,20,,True
1633,25,59,105,13.669272792711855,22.85932484062532,13.669272792711855,566.4917780086398,20,,True
1634,25,59,120,31.82123696328296,52.84564224915516,31.82123696328296,562.2045439668,20,,True
1635,25,59,135,6.974296103914579,8.072049925866366,6.974296103914579,570.4754376783967,20,,True
1636,25,59,150,3.112138235569,4.479297451311515,3.112138235569,572.0547758974135,20,,True
1637,25,59,165,17.117531355222066,37.30357429134581,17.117531355222066,572.5643648765981,20,,True
1638,25,59,180,23.632011509950583,39.7462268853755,23.632011509950583,572.7196061052382,20,,True
1639,25,59,195,38.80716268842419,69.2340504016484,38.80716268842419,572.9149770922959,20,,True
1640,25,59,210,29.972010948012272,48.72372593129535,29.972010948012272,574.0712638944387,20,,True
1641,25,59,225,14.764759375050199,24.8941365254614,14.764759375050199,573.0173601768911,20,,True
1642,25,49,30,38.24472210208575,53.16964443021561,38.24472210208575,574.2890159599483,20,,True
1643,25,49,45,27.604251552621523,38.75045993471141,27.604251552621523,571.7410268262029,20,,True
1644,25,49,60,23.837333555022877,44.701917526370416,23.837333555022877,565.0392170064151,20,,True
1645,25,49,75,11.97256763279438,18.864323967474693,11.97256763279438,568.0094710551202,20,,True
1646,25,49,90,25.251234023769698,40.71693096582609,25.251234023769698,571.6283400543034,20,,True
1647,25,49,105,45.54759659071763,74.04225520417909,45.54759659071763,563.2492369040847,20,,True
1648,25,49,120,35.08409084479014,55.53576585636244,35.08409084479014,567.6564662717283,20,,True
1649,25,49,135,63.191507380207376,98.40895449831666,63.191507380207376,573.1846992857754,20,,True
1650,25,49,150,28.124318939447402,38.91493735605386,28.124318939447402,562.586423009634,20,,True
1651,25,49,165,38.98801485498746,50.61624038503688,38.98801485498746,566.0851337015629,20,,True
1652,25,49,180,31.897425413131714,35.23299064538101,31.897425413131714,572.9832942597568,20,,True
1653,25,49,195,14.945323371887207,15.705738298305315,14.945323371887207,570.5838329158723,20,,True
1654,25,49,210,10.606848112742107,16.131204933874084,10.606848112742107,572.532047983259,20,,True
1655,25,49,225,8.296738688151041,10.653931559358847,8.296738688151041,571.8049518764019,20,,True
1656,25,7,30,16.407779274880887,33.77175479819858,16.407779274880887,572.5276111625135,20,,True
1657,25,7,45,33.40514086484909,49.40386555482878,33.40514086484909,573.496799916029,20,,True
1658,25,7,60,59.381462186574936,88.09361457960901,59.381462186574936,573.7199992872775,20,,True
1659,25,7,75,29.530969760318598,34.308260235285424,29.530969760318598,571.0741700604558,20,,True
1660,25,7,90,40.178845503926276,66.09626055710851,40.178845503926276,571.4972801506519,20,,True
1661,25,7,105,22.288474217057228,33.72099817589098,22.288474217057228,572.7783371694386,20,,True
1662,25,7,120,48.69251583019892,75.51752437506697,48.69251583019892,571.6371820308268,20,,True
1663,25,7,135,56.512730687856674,85.6238601669945,56.512730687856674,573.0821578763425,20,,True
1664,25,7,150,16.56275836030642,23.601929322485883,16.56275836030642,572.8985210880637,20,,True
1665,25,7,165,6.2629753669102985,7.534101086489792,6.2629753669102985,573.1498613022268,20,,True
1666,25,7,180,8.529939969877402,14.436108800641255,8.529939969877402,576.7542510293424,20,,True
1667,25,7,195,36.0832735935847,53.14642038179176,36.0832735935847,571.7316279187799,20,,True
1668,25,7,210,57.52026176452637,86.16138454063753,57.52026176452637,569.8156151920557,20,,True
1669,25,7,225,19.16942653656006,28.659782643814363,19.16942653656006,570.9535540081561,20,,True
1670,25,47,30,2.4931010882059734,3.6483323797355283,2.4931010882059734,569.6940771304071,20,,True
1671,25,47,45,12.876276620229085,32.51125550204418,12.876276620229085,571.2474747560918,20,,True
1672,25,47,60,36.63324516514937,59.06815936622146,36.63324516514937,572.1953231841326,20,,True
1673,25,47,75,21.872692900399368,36.586869995823584,21.872692900399368,570.5164903774858,20,,True
1674,25,47,90,57.73435220172008,90.00775462320338,57.73435220172008,569.4786440581083,20,,True
1675,25,47,105,12.708045274019241,22.087413166927803,12.708045274019241,569.5573650300503,20,,True
1676,25,47,120,12.57901321252187,21.86557227993618,12.57901321252187,571.0732019506395,20,,True
1677,25,47,135,12.650469867388408,21.95268266849706,12.650469867388408,571.790250018239,20,,True
1678,25,47,150,12.518766751885414,21.884436391282087,12.518766751885414,569.4424603134394,20,,True
1679,25,47,165,12.32498684177796,21.611248470394795,12.32498684177796,571.2101049721241,20,,True
1680,25,47,180,25.497303602596123,48.84841462839292,25.497303602596123,570.0712902471423,20,,True
1681,25,47,195,59.99124023318291,89.46434344705357,59.99124023318291,572.3636341281235,20,,True
1682,25,47,210,33.98069913921257,49.82728948224636,33.98069913921257,569.6358331479132,20,,True
1683,25,47,225,14.010893514255683,22.166488225452117,14.010893514255683,571.2845800444484,20,,True
1684,25,30,30,7.552988388761878,10.453399697259115,7.552988388761878,565.9444672055542,20,,True
1685,25,30,45,3.5988972157239916,4.556149447009175,3.5988972157239916,561.6731606423855,20,,True
1686,25,30,60,3.270998712380727,4.038020665831667,3.270998712380727,567.745444830507,20,,True
1687,25,30,75,3.5208456821739675,4.196922810139836,3.5208456821739675,568.2448139414191,20,,True
1688,25,30,90,2.6079816788434984,3.2881430427761043,2.6079816788434984,561.6496847942472,20,,True
1689,25,30,105,2.533789747953415,4.070120025670806,2.533789747953415,566.5867319330573,20,,True
1690,25,30,120,3.040006780003508,3.9357013660307345,3.040006780003508,571.1893988773227,20,,True
1691,25,30,135,2.6142295747995377,3.469038780605446,2.6142295747995377,570.644942112267,20,,True
1692,25,30,150,2.9319530272545915,3.6787072149065505,2.9319530272545915,569.7882859967649,20,,True
1693,25,30,165,4.241819104334961,6.62263531776364,4.241819104334961,570.1960660517216,20,,True
1694,25,30,180,3.9705752773831287,5.17221355013407,3.9705752773831287,571.0945851169527,20,,True
1695,25,30,195,4.18966459116588,4.826066097195633,4.18966459116588,571.7452741228044,20,,True
1696,25,30,210,3.310281572304666,4.186543197353799,3.310281572304666,567.1352692879736,20,,True
1697,25,30,225,2.3626389402896164,3.493752447764257,2.3626389402896164,562.6071039587259,20,,True
