sample_id,video,user,timestep,mae,corrected_rmse,mean_angular_error,latency_ms,target_forward_count,accepted_sum,finite
0,4,83,30,13.854363058010737,19.866709424449517,13.854363058010737,126.44072528928518,4,18,True
1,4,83,45,20.655624440312387,26.17641256497721,20.655624440312387,129.74581588059664,4,18,True
2,4,83,60,12.61316250115633,16.144434176117898,12.61316250115633,125.26489701122046,4,19,True
3,4,83,75,22.03560662511736,32.68081597165344,22.03560662511736,123.56552993878722,4,19,True
4,4,83,90,27.680529399216177,45.09707527194712,27.680529399216177,123.5585710965097,4,18,True
5,4,83,105,50.724577044447265,82.8157406964035,50.724577044447265,155.46536911278963,5,17,True
6,4,83,120,16.23185450434685,21.294668002365754,16.23185450434685,124.17577020823956,4,18,True
7,4,83,135,3.593532919883728,5.237282784611289,3.593532919883728,123.83967079222202,4,18,True
8,4,83,150,11.304124287764232,16.390953291912254,11.304124287764232,123.29271202906966,4,19,True
9,4,83,165,15.157432512442272,21.15600170344686,15.157432512442272,123.99446126073599,4,18,True
10,4,83,180,28.725021947796147,47.02477227620674,28.725021947796147,123.00529330968857,4,19,True
11,4,83,195,9.309014957770705,11.83020787736534,9.309014957770705,124.0913001820445,4,18,True
12,4,83,210,11.340643665442864,17.482390436660932,11.340643665442864,124.0645800717175,4,18,True
13,4,83,225,30.449913220852615,46.97830888206313,30.449913220852615,122.95056227594614,4,19,True
14,4,15,30,15.756300513694685,19.37658009815172,15.756300513694685,124.0808698348701,4,18,True
15,4,15,45,6.788503715395928,7.964449092223571,6.788503715395928,124.11525985226035,4,18,True
16,4,15,60,1.2576170563697815,2.0168746949383607,1.2576170563697815,123.44706198200583,4,19,True
17,4,15,75,1.2124785741170248,1.9319642759724043,1.2124785741170248,123.03840322420001,4,19,True
18,4,15,90,1.1859577894210815,2.0392981128403047,1.1859577894210815,123.48908185958862,4,19,True
19,4,15,105,6.717718894034624,12.126829437003323,6.717718894034624,123.44430107623339,4,19,True
20,4,15,120,12.262559809287389,18.05214341762892,12.262559809287389,124.05813066288829,4,18,True
21,4,15,135,1.816794792811076,2.1830290532045726,1.816794792811076,123.28614201396704,4,19,True
22,4,15,150,0.9357403675715129,1.3804059391385537,0.9357403675715129,122.82446399331093,4,19,True
23,4,15,165,6.751820955673853,13.084648163322628,6.751820955673853,123.39022243395448,4,19,True
24,4,15,180,15.016168891265988,22.60118278094169,15.016168891265988,123.93405102193356,4,18,True
25,4,15,195,17.23274103961885,28.782658120175817,17.23274103961885,154.21966183930635,5,18,True
26,4,15,210,21.469031665225824,36.61677109752852,21.469031665225824,124.36009990051389,4,18,True
27,4,15,225,14.522714400291443,28.590868940297444,14.522714400291443,124.23133011907339,4,18,True
28,4,3,30,12.713516781727472,18.62516911476572,12.713516781727472,123.02816333249211,4,19,True
29,4,3,45,17.212154566993316,22.207119313447343,17.212154566993316,124.26593108102679,4,18,True
30,4,3,60,8.603497907208899,9.229588145654168,8.603497907208899,123.332723043859,4,19,True
31,4,3,75,6.264898009039461,8.552738571752416,6.264898009039461,123.15705418586731,4,19,True
32,4,3,90,2.7147425429274636,4.034162977248466,2.7147425429274636,123.10913391411304,4,19,True
33,4,3,105,3.894964154188832,5.522649392834955,3.894964154188832,123.42881318181753,4,19,True
34,4,3,120,5.235572454084953,7.069760349523556,5.235572454084953,123.25593270361423,4,19,True
35,4,3,135,12.892325441042582,15.359374510799599,12.892325441042582,123.51034209132195,4,19,True
36,4,3,150,11.748536302149295,16.488293728933705,11.748536302149295,123.22069378569722,4,19,True
37,4,3,165,10.635138964653015,13.351594158762836,10.635138964653015,123.29396279528737,4,19,True
38,4,3,180,6.8092348655064905,11.41316600228698,6.8092348655064905,122.69373470917344,4,19,True
39,4,3,195,8.130095261335374,11.209465126377811,8.130095261335374,123.70259314775467,4,18,True
40,4,3,210,1.7362350006898244,2.09058452599286,1.7362350006898244,123.19682305678725,4,19,True
41,4,3,225,3.238403222958247,3.559851255084873,3.238403222958247,123.57275281101465,4,19,True
42,4,35,30,9.101757529191673,11.057255778820517,9.101757529191673,123.00417385995388,4,19,True
43,4,35,45,3.4137136951088904,4.423383204243171,3.4137136951088904,123.05686436593533,4,19,True
44,4,35,60,4.3534549325704575,5.318838027097016,4.3534549325704575,122.59681383147836,4,19,True
45,4,35,75,4.215129991372426,5.753136729220056,4.215129991372426,123.09624394401908,4,19,True
46,4,35,90,2.8620155692100524,6.429980348648081,2.8620155692100524,123.04011406376958,4,19,True
47,4,35,105,6.169619143505892,8.459513101005312,6.169619143505892,123.35313390940428,4,19,True
48,4,35,120,10.48519346366326,12.6971530862114,10.48519346366326,123.969750944525,4,18,True
49,4,35,135,3.0196185750265916,4.54379673551354,3.0196185750265916,122.78323480859399,4,19,True
50,4,35,150,4.959192062914371,6.187250106900156,4.959192062914371,123.58304299414158,4,19,True
51,4,35,165,15.11411086320877,21.41705987818938,15.11411086320877,123.8858918659389,4,18,True
52,4,35,180,20.575946323076884,34.782222657007395,20.575946323076884,122.84575402736664,4,19,True
53,4,35,195,7.424256877104441,12.876078318888096,7.424256877104441,123.31311404705048,4,18,True
54,4,35,210,6.361208399136861,7.42298763247691,6.361208399136861,124.07362228259444,4,18,True
55,4,35,225,3.584811153014501,6.918708516915806,3.584811153014501,123.18877503275871,4,19,True
56,4,48,30,5.489344424684532,7.9838404938283265,5.489344424684532,123.25421394780278,4,19,True
57,4,48,45,15.32149036799868,22.881352728029096,15.32149036799868,123.36175376549363,4,19,True
58,4,48,60,12.784622497608265,19.66411339553359,12.784622497608265,123.2365551404655,4,19,True
59,4,48,75,5.052043798613401,8.372461768788224,5.052043798613401,124.89467998966575,4,19,True
60,4,48,90,3.928859288493792,4.906610593811546,3.928859288493792,123.1261040084064,4,19,True
61,4,48,105,7.554002278546492,11.604812105942969,7.554002278546492,123.15407488495111,4,19,True
62,4,48,120,24.08796823322773,37.67856828578995,24.08796823322773,122.71359469741583,4,19,True
63,4,48,135,18.026733853916326,23.466097537788844,18.026733853916326,122.45066557079554,4,18,True
64,4,48,150,12.228058765331904,15.733190680323542,12.228058765331904,120.78033993020654,4,19,True
65,4,48,165,10.120396808783214,13.379651836293435,10.120396808783214,122.39341577515006,4,18,True
66,4,48,180,11.270604882078866,17.10862377824151,11.270604882078866,121.15524895489216,4,19,True
67,4,48,195,16.15207368731499,26.29290190119016,16.15207368731499,121.91391689702868,4,18,True
68,4,48,210,14.293124452233315,22.06350852996821,14.293124452233315,121.39534903690219,4,19,True
69,4,48,225,16.59581739678979,23.01955594412133,16.59581739678979,121.4070487767458,4,19,True
70,4,22,30,4.166162059704463,4.935273339476681,4.166162059704463,121.46226922050118,4,19,True
71,4,22,45,4.38906263038516,4.987364785660485,4.38906263038516,121.50843907147646,4,19,True
72,4,22,60,2.083780330916246,3.6964833437198523,2.083780330916246,122.89072526618838,4,19,True
73,4,22,75,2.855686835447947,4.2897061757249,2.855686835447947,122.9793350212276,4,19,True
74,4,22,90,3.5963820536931355,8.554152169242197,3.5963820536931355,122.77101632207632,4,19,True
75,4,22,105,4.819361231724421,8.647911409744358,4.819361231724421,122.28562729433179,4,19,True
76,4,22,120,4.579865119357904,6.328677573969835,4.579865119357904,121.60800816491246,4,18,True
77,4,22,135,2.2359006285667418,2.7978125149718753,2.2359006285667418,120.84513017907739,4,19,True
78,4,22,150,1.2090017281472683,1.817383634437469,1.2090017281472683,121.14309938624501,4,19,True
79,4,22,165,10.522940319031477,17.323723111430432,10.522940319031477,121.41231819987297,4,19,True
80,4,22,180,16.210463656981787,29.272157958263566,16.210463656981787,121.40930909663439,4,19,True
81,4,22,195,5.848794787128766,8.866465872227678,5.848794787128766,121.85476813465357,4,18,True
82,4,22,210,5.688231107592583,6.644820695618,5.688231107592583,121.33190874010324,4,19,True
83,4,22,225,5.002042014423448,10.054592316617546,5.002042014423448,121.19318917393684,4,19,True
84,4,55,30,9.046456483751536,11.49489623718977,9.046456483751536,123.10455506667495,4,19,True
85,4,55,45,4.471932157129049,5.088775847600391,4.471932157129049,123.98226419463754,4,18,True
86,4,55,60,6.680347936600446,11.26227645815662,6.680347936600446,122.45127698406577,4,19,True
87,4,55,75,11.018209573626518,20.026335452905126,11.018209573626518,122.06691782921553,4,18,True
88,4,55,90,13.433776555458705,19.138910700913165,13.433776555458705,121.79454835131764,4,18,True
89,4,55,105,3.585924673080444,6.361192949907091,3.585924673080444,121.1465997621417,4,19,True
90,4,55,120,4.707952627539635,6.37398195295264,4.707952627539635,121.23095011338592,4,19,True
91,4,55,135,7.007644826274675,8.026378204161436,7.007644826274675,121.97492830455303,4,18,True
92,4,55,150,14.18843996860087,23.078228744182834,14.18843996860087,121.45674880594015,4,19,True
93,4,55,165,35.107624634106955,50.441767896698686,35.107624634106955,122.06697789952159,4,18,True
94,4,55,180,28.29393125375112,39.85921769481555,28.29393125375112,122.43759678676724,4,18,True
95,4,55,195,57.60849867388606,84.2325575890892,57.60849867388606,154.78723496198654,5,18,True
96,4,55,210,38.02344199816386,68.58673726515221,38.02344199816386,124.17670292779803,4,18,True
97,4,55,225,32.89009063541889,54.517375585788876,32.89009063541889,123.81717516109347,4,18,True
98,4,4,30,19.324706616361315,40.3185982251235,19.324706616361315,123.01335576921701,4,19,True
99,4,4,45,55.449805587530136,91.50081321612214,55.449805587530136,154.5242052525282,5,18,True
100,4,4,60,9.94452231861651,15.419591353628103,9.94452231861651,123.10687499120831,4,19,True
101,4,4,75,10.019154239352792,16.55076525748136,10.019154239352792,123.50747501477599,4,19,True
102,4,4,90,9.464213028705368,15.211459003580517,9.464213028705368,123.76722507178783,4,19,True
103,4,4,105,8.643014640609424,11.826740260297475,8.643014640609424,124.18923433870077,4,18,True
104,4,4,120,7.9570696188757815,13.879083857367664,7.9570696188757815,123.50752484053373,4,19,True
105,4,4,135,9.908747651427984,15.432177044135011,9.908747651427984,123.32089617848396,4,19,True
106,4,4,150,12.00433942253391,22.272485410390676,12.00433942253391,123.54421522468328,4,19,True
107,4,4,165,10.153131421407064,16.64822025345676,10.153131421407064,124.08607266843319,4,18,True
108,4,4,180,12.34798748890559,24.178822580068413,12.34798748890559,123.35831485688686,4,19,True
109,4,4,195,38.64885098834832,69.34623702398001,38.64885098834832,123.37528495118022,4,19,True
110,4,4,210,21.156243404125174,41.66738495500711,21.156243404125174,123.9325338974595,4,18,True
111,4,4,225,49.479532878597574,81.55788054762499,49.479532878597574,155.50077380612493,5,17,True
112,4,45,30,10.457876002788543,12.969040530247373,10.457876002788543,123.36846627295017,4,19,True
113,4,45,45,9.83887599458297,13.374176191140439,9.83887599458297,124.28148370236158,4,18,True
114,4,45,60,7.2518686458468435,11.40756199921694,7.2518686458468435,123.06739715859294,4,19,True
115,4,45,75,22.489860117683808,46.03192372865372,22.489860117683808,122.95781681314111,4,19,True
116,4,45,90,23.44430040419102,37.21769824835946,23.44430040419102,153.93826784566045,5,18,True
117,4,45,105,4.5355349637568,5.547508708634528,4.5355349637568,122.83350666984916,4,19,True
118,4,45,120,2.1628642335534094,2.701741491605261,2.1628642335534094,122.69673822447658,4,19,True
119,4,45,135,1.2944774056474369,1.731937591979913,1.2944774056474369,122.61701794341207,4,19,True
120,4,45,150,1.1902885307868323,1.591076558819272,1.1902885307868323,122.79863702133298,4,19,True
121,4,45,165,2.9737798547993104,5.396733924804979,2.9737798547993104,123.7387154251337,4,19,True
122,4,45,180,8.687533473968506,13.611203298942419,8.687533473968506,124.27830416709185,4,18,True
123,4,45,195,3.9306289772192637,5.303517240847439,3.9306289772192637,123.67294589057565,4,19,True
124,4,45,210,5.308280195792516,7.254790390012327,5.308280195792516,124.41926309838891,4,18,True
125,4,45,225,6.64346697567186,9.816310127990354,6.64346697567186,124.37672400847077,4,18,True
126,4,60,30,11.948047629495461,18.570660258811305,11.948047629495461,124.31617407128215,4,18,True
127,4,60,45,8.490239728490511,13.524336927173486,8.490239728490511,124.47364395484328,4,18,True
128,4,60,60,6.025811503330867,10.363025370087401,6.025811503330867,123.78990557044744,4,18,True
129,4,60,75,10.011139099299907,15.636018065760197,10.011139099299907,121.35032098740339,4,19,True
130,4,60,90,6.774276195466518,10.333160556566087,6.774276195466518,121.81891920045018,4,18,True
131,4,60,105,7.182139440377553,13.069706011612611,7.182139440377553,121.37335073202848,4,19,True
132,4,60,120,10.311095110575359,16.653837049230482,10.311095110575359,122.43040883913636,4,18,True
133,4,60,135,4.241336858272552,6.292158532165102,4.241336858272552,121.06525199487805,4,19,True
134,4,60,150,3.813493752479553,4.968352462092867,3.813493752479553,121.54863122850657,4,19,True
135,4,60,165,10.149193859100341,14.860201745436944,10.149193859100341,121.55111134052277,4,19,True
136,4,60,180,21.84252446492513,35.07483331091955,21.84252446492513,121.62443017587066,4,19,True
137,4,60,195,8.566304030021032,12.261293436058267,8.566304030021032,124.11152478307486,4,18,True
138,4,60,210,2.925067591667175,4.001662504044557,2.925067591667175,123.34104720503092,4,19,True
139,4,60,225,4.008028173446656,7.3390442486323115,4.008028173446656,123.59624588862062,4,19,True
140,4,26,30,5.949412703514099,8.06118241648801,5.949412703514099,123.82938573136926,4,19,True
141,4,26,45,1.2096908609072368,1.9697540730230627,1.2096908609072368,123.4671869315207,4,19,True
142,4,26,60,2.4259801328182222,3.4585992124684974,2.4259801328182222,123.54918709024787,4,19,True
143,4,26,75,1.4450023457407952,1.8266063107920671,1.4450023457407952,123.04929783567786,4,19,True
144,4,26,90,1.3831322046617667,2.0235567587864014,1.3831322046617667,121.48488080129027,4,19,True
145,4,26,105,2.359658557673295,2.946921603612717,2.359658557673295,121.58929090946913,4,19,True
146,4,26,120,1.742600639661153,2.1899653912431423,1.742600639661153,121.29590101540089,4,19,True
147,4,26,135,2.179229146242142,2.9368139708933976,2.179229146242142,121.50888098403811,4,19,True
148,4,26,150,1.338185461362203,1.6512965956316803,1.338185461362203,121.68821133673191,4,19,True
149,4,26,165,3.551696467399597,5.63399915213109,3.551696467399597,121.48670200258493,4,19,True
150,4,26,180,10.205614896615346,21.296489390276502,10.205614896615346,121.4874112047255,4,19,True
151,4,26,195,7.713729037841161,13.130505293444934,7.713729037841161,122.17506999149919,4,18,True
152,4,26,210,17.847021516164144,24.15597525791625,17.847021516164144,124.01660485193133,4,18,True
153,4,26,225,27.457911485557755,39.62360766509696,27.457911485557755,124.75009402260184,4,18,True
154,4,21,30,2.1672227658020953,2.5458994319482775,2.1672227658020953,123.68215620517731,4,19,True
155,4,21,45,2.00265719294548,2.5283810264748423,2.00265719294548,123.74811572954059,4,19,True
156,4,21,60,1.9684096271793048,2.4039921266254543,1.9684096271793048,123.71340626850724,4,19,True
157,4,21,75,1.6581784715255101,2.1339042297873307,1.6581784715255101,123.79856687039137,4,19,True
158,4,21,90,1.6980817337830862,2.1346059565362707,1.6980817337830862,123.42737801373005,4,19,True
159,4,21,105,1.4444366256395975,1.9498325502357636,1.4444366256395975,123.58879717066884,4,19,True
160,4,21,120,1.7211405674616496,2.1973541649393638,1.7211405674616496,123.5469370149076,4,19,True
161,4,21,135,1.5454271535078685,1.9590570791488229,1.5454271535078685,123.58118826523423,4,19,True
162,4,21,150,1.497644410530726,1.9679411313133608,1.497644410530726,123.67017706856132,4,19,True
163,4,21,165,5.080463353792826,8.784209425647038,5.080463353792826,123.55227675288916,4,19,True
164,4,21,180,5.598104323943456,9.922594591494638,5.598104323943456,123.51128691807389,4,19,True
165,4,21,195,4.24605382680893,5.802888601281304,4.24605382680893,124.27178584039211,4,18,True
166,4,21,210,2.2514461815357207,2.866500513096182,2.2514461815357207,123.23584826663136,4,19,True
167,4,21,225,1.6753963828086853,2.190969519167487,1.6753963828086853,124.9945848248899,4,19,True
168,4,44,30,9.879739412168663,13.232951600356868,9.879739412168663,123.51713702082634,4,19,True
169,4,44,45,4.548816720644633,6.1528066209355075,4.548816720644633,123.27479897066951,4,19,True
170,4,44,60,4.652801446119944,6.946463077804269,4.652801446119944,123.26189782470465,4,19,True
171,4,44,75,5.285531950990359,7.598783398771947,5.285531950990359,122.87054909393191,4,19,True
172,4,44,90,17.729073932766916,28.234081947593126,17.729073932766916,122.04118072986603,4,19,True
173,4,44,105,16.2344770103693,29.22365141627442,16.2344770103693,152.54658414050937,5,18,True
174,4,44,120,6.0320222002764545,7.8190288103273575,6.0320222002764545,122.83260934054852,4,18,True
175,4,44,135,6.058269661664963,7.504683082980843,6.058269661664963,121.55157187953591,4,19,True
176,4,44,150,6.58582345644633,9.92727671357199,6.58582345644633,122.69815988838673,4,18,True
177,4,44,165,14.895665780703228,20.29932159179871,14.895665780703228,122.5930699147284,4,18,True
178,4,44,180,23.607986775692552,38.93607863766133,23.607986775692552,121.94590084254742,4,19,True
179,4,44,195,10.638477918505668,13.263898195554122,10.638477918505668,122.05471098423004,4,18,True
180,4,44,210,13.750637013713519,20.71662952887792,13.750637013713519,123.0499092489481,4,18,True
181,4,44,225,19.685510273774465,25.911263971606033,19.685510273774465,124.5802859775722,4,18,True
182,4,23,30,38.24555060615142,60.27865737419035,38.24555060615142,123.68155689910054,4,19,True
183,4,23,45,10.743101946512859,15.561422062094243,10.743101946512859,123.73316707089543,4,19,True
184,4,23,60,29.539291380842528,42.26222221672491,29.539291380842528,124.60197601467371,4,18,True
185,4,23,75,10.57597648203373,13.2265473131482,10.57597648203373,124.90927521139383,4,18,True
186,4,23,90,11.422062480449677,14.571698759482102,11.422062480449677,124.56401623785496,4,18,True
187,4,23,105,8.998211211462815,14.949354592843708,8.998211211462815,124.68461599200964,4,18,True
188,4,23,120,42.60155336484313,74.2484200916082,42.60155336484313,123.77335783094168,4,19,True
189,4,23,135,41.82731689413389,61.95655824895439,41.82731689413389,124.67601615935564,4,18,True
190,4,23,150,21.637164975702763,30.925613779066687,21.637164975702763,124.61155513301492,4,18,True
191,4,23,165,51.99862201859553,81.52192928637336,51.99862201859553,155.5605079047382,5,18,True
192,4,23,180,29.724169731885194,47.73396725041689,29.724169731885194,124.31675707921386,4,18,True
193,4,23,195,48.89781527742743,73.36263004238553,48.89781527742743,155.44890891760588,5,18,True
194,4,23,210,33.90890737573306,46.96499968256109,33.90890737573306,124.44779695942998,4,18,True
195,4,23,225,30.982536061356466,44.907612485455786,30.982536061356466,123.53515811264515,4,19,True
196,4,53,30,7.5919704357782996,11.323351041314044,7.5919704357782996,123.70936805382371,4,19,True
197,4,53,45,9.824981713294983,12.359855657304664,9.824981713294983,123.74471686780453,4,19,True
198,4,53,60,4.553896252314249,6.512677242606657,4.553896252314249,123.65286890417337,4,19,True
199,4,53,75,14.456004042426745,20.264084952103435,14.456004042426745,123.67089791223407,4,19,True
200,4,53,90,23.12883689602216,28.811790777689644,23.12883689602216,123.70795803144574,4,19,True
201,4,53,105,15.147787792483966,19.64266540812275,15.147787792483966,123.29457886517048,4,19,True
202,4,53,120,22.30882959961891,31.826624905253638,22.30882959961891,124.57868689671159,4,18,True
203,4,53,135,11.788180336356163,16.323220706937875,11.788180336356163,124.75659605115652,4,18,True
204,4,53,150,7.3153127282857895,9.203853996916827,7.3153127282857895,123.31129936501384,4,19,True
205,4,53,165,16.107399653767548,23.100221714819167,16.107399653767548,123.73777804896235,4,19,True
206,4,53,180,13.384064397712548,21.515962765178976,13.384064397712548,123.80173802375793,4,19,True
207,4,53,195,10.99540991783142,14.682785648496424,10.99540991783142,124.86558640375733,4,18,True
208,4,53,210,16.80793385555347,22.735527221597117,16.80793385555347,124.42023726180196,4,18,True
209,4,53,225,14.21635093440612,22.828224619684363,14.21635093440612,154.94110016152263,5,18,True
210,4,84,30,35.87895655290534,61.078413076772684,35.87895655290534,155.4343388415873,5,18,True
211,4,84,45,15.722476955627402,18.56055415677578,15.722476955627402,124.65730588883162,4,18,True
212,4,84,60,33.82411198976139,55.80807081412761,33.82411198976139,123.80158808082342,4,19,True
213,4,84,75,25.318431891997655,37.22343644701593,25.318431891997655,155.22390929982066,5,18,True
214,4,84,90,7.741669887304306,11.18100052272298,7.741669887304306,124.82777610421181,4,18,True
215,4,84,105,8.421443196137746,12.8764624888476,8.421443196137746,123.62471921369433,4,19,True
216,4,84,120,12.097043394545715,15.326538619262164,12.097043394545715,124.47684817016125,4,18,True
217,4,84,135,2.44645273288091,3.0899875815152025,2.44645273288091,123.0872212909162,4,19,True
218,4,84,150,2.3485580503940584,2.9259772625134497,2.3485580503940584,123.81276907399297,4,19,True
219,4,84,165,13.811915131409963,22.094012388242618,13.811915131409963,123.64296894520521,4,19,True
220,4,84,180,22.710197990139324,33.024943756493215,22.710197990139324,124.58203732967377,4,18,True
221,4,84,195,13.446001338958741,18.497440775714757,13.446001338958741,124.73172694444656,4,18,True
222,4,84,210,13.752666345238685,18.263863282432645,13.752666345238685,124.9343459494412,4,18,True
223,4,84,225,6.692263274996852,11.378094434069874,6.692263274996852,124.7943970374763,4,18,True
224,4,59,30,3.2770311276117963,3.7170007686563524,3.2770311276117963,123.64123901352286,4,19,True
225,4,59,45,1.7763337669273218,2.3404358174850017,1.7763337669273218,123.64847911521792,4,19,True
226,4,59,60,1.7538020970920722,2.3268532295928264,1.7538020970920722,123.6008987762034,4,19,True
227,4,59,75,1.8700298503041268,3.249488523717202,1.8700298503041268,121.78834294900298,4,19,True
228,4,59,90,2.441795659561952,4.3596456249713835,2.441795659561952,121.75204418599606,4,19,True
229,4,59,105,3.285577760140101,4.4550807328468505,3.285577760140101,121.82685313746333,4,19,True
230,4,59,120,4.143648368120194,5.048353511283137,4.143648368120194,121.9732528552413,4,19,True
231,4,59,135,2.040241577786704,2.5051100934054737,2.040241577786704,121.71859433874488,4,19,True
232,4,59,150,1.517565085925162,2.2224697422554236,1.517565085925162,121.86606368049979,4,19,True
233,4,59,165,10.239746556679409,15.265048952307126,10.239746556679409,123.3884203247726,4,19,True
234,4,59,180,11.694508423407873,17.69250538743175,11.694508423407873,121.94195296615362,4,19,True
235,4,59,195,4.564175976316134,7.133818352299556,4.564175976316134,123.7810691818595,4,18,True
236,4,59,210,3.7726012747734785,4.199374870032996,3.7726012747734785,123.65872925147414,4,19,True
237,4,59,225,3.1955884323765833,5.582326599478655,3.1955884323765833,123.37686121463776,4,19,True
238,4,49,30,21.482591529687245,28.75872871033779,21.482591529687245,124.35273826122284,4,18,True
239,4,49,45,18.470106037457786,25.656032311056283,18.470106037457786,124.80966793373227,4,18,True
240,4,49,60,24.114403459895403,31.307198495484535,24.114403459895403,124.71250770613551,4,18,True
241,4,49,75,16.3433695991834,24.298975555406834,16.3433695991834,126.9615632481873,4,18,True
242,4,49,90,9.516818314790726,11.926657710843278,9.516818314790726,125.34056603908539,4,19,True
243,4,49,105,4.181150612731774,5.096667581407776,4.181150612731774,123.34908079355955,4,19,True
244,4,49,120,9.964276319245498,13.56954023828413,9.964276319245498,123.56464099138975,4,19,True
245,4,49,135,23.249328792095184,29.74065237965166,23.249328792095184,124.44886891171336,4,18,True
246,4,49,150,36.51453372384422,55.819720537891726,36.51453372384422,124.45910787209868,4,18,True
247,4,49,165,41.681633873330426,65.31675688051239,41.681633873330426,124.44997765123844,4,18,True
248,4,49,180,11.44029335975647,14.7953692111117,11.44029335975647,124.65141760185361,4,18,True
249,4,49,195,11.884068147341411,18.078091410693656,11.884068147341411,123.89296991750598,4,19,True
250,4,49,210,33.260683482264476,54.31032764193457,33.260683482264476,123.96322935819626,4,19,True
251,4,49,225,46.90288824103773,70.14285756838956,46.90288824103773,156.36220900341868,5,17,True
252,4,7,30,13.639846059679986,16.53896455926351,13.639846059679986,123.65686986595392,4,19,True
253,4,7,45,7.179446799680591,9.212008863879271,7.179446799680591,124.6153679676354,4,18,True
254,4,7,60,7.835974768921733,11.085019513241697,7.835974768921733,124.6201079338789,4,18,True
255,4,7,75,4.6045829137166345,5.714658612786295,4.6045829137166345,123.54636983945966,4,19,True
256,4,7,90,3.88322122891744,7.826276830001357,3.88322122891744,123.70009999722242,4,19,True
257,4,7,105,7.584372293949127,10.785613858035072,7.584372293949127,123.68308985605836,4,19,True
258,4,7,120,9.978829614321391,12.611157376378223,9.978829614321391,124.56644792109728,4,18,True
259,4,7,135,5.97901885372897,7.4326998066714225,5.97901885372897,123.80116991698742,4,19,True
260,4,7,150,5.340273342529932,8.838730537267208,5.340273342529932,123.56175109744072,4,19,True
261,4,7,165,17.439011138677596,24.84809104493939,17.439011138677596,124.45282889530063,4,18,True
262,4,7,180,21.64059114207824,30.401699341116675,21.64059114207824,124.94938774034381,4,18,True
263,4,7,195,12.766336529453595,18.354894560042165,12.766336529453595,155.43559100478888,5,18,True
264,4,7,210,2.139517915248871,2.794672811259729,2.139517915248871,123.93767992034554,4,19,True
265,4,7,225,6.063995170096557,9.291525175265534,6.063995170096557,123.99961007758975,4,19,True
266,4,47,30,9.2489178797851,11.839262324057389,9.2489178797851,124.75763820111752,4,18,True
267,4,47,45,6.971034699678421,7.952972421410449,6.971034699678421,124.5529088191688,4,18,True
268,4,47,60,1.9375660280386606,2.2688520088825,1.9375660280386606,123.70836082845926,4,19,True
269,4,47,75,1.3186036884784698,1.6541552188707864,1.3186036884784698,123.70243109762669,4,19,True
270,4,47,90,2.1159800867239635,2.94860278453394,2.1159800867239635,123.67347115650773,4,19,True
271,4,47,105,3.5717701121699066,4.909404475545232,3.5717701121699066,123.61140083521605,4,19,True
272,4,47,120,1.6126331365977724,2.0985909573379864,1.6126331365977724,123.60762106254697,4,19,True
273,4,47,135,3.338788333535194,4.096259274302715,3.338788333535194,123.30923182889819,4,19,True
274,4,47,150,9.21169259250164,16.896950025961086,9.21169259250164,123.62668011337519,4,19,True
275,4,47,165,30.626483419040838,52.4684889329294,30.626483419040838,124.84985822811723,4,18,True
276,4,47,180,49.304973696917294,77.30396948808722,49.304973696917294,155.15002282336354,5,18,True
277,4,47,195,9.807921287044882,12.31654972415806,9.807921287044882,124.61133021861315,4,18,True
278,4,47,210,9.706880036368966,13.563438166019575,9.706880036368966,123.6884705722332,4,19,True
279,4,47,225,12.15122591741383,15.674563704415196,12.15122591741383,124.46573982015252,4,18,True
280,4,30,30,1.8255995353062948,2.3224636421458076,1.8255995353062948,123.61008115112782,4,19,True
281,4,30,45,1.2461931586265564,1.7311922300607936,1.2461931586265564,123.552022036165,4,19,True
282,4,30,60,2.7787555317083994,4.144801027676573,2.7787555317083994,123.4761718660593,4,19,True
283,4,30,75,0.9472696383794149,1.6761954010814235,0.9472696383794149,123.54397121816874,4,19,True
284,4,30,90,0.9586809794108073,1.3143398685267642,0.9586809794108073,123.64385090768337,4,19,True
285,4,30,105,0.9834993918736775,1.512729307143259,0.9834993918736775,123.6994112841785,4,19,True
286,4,30,120,2.450535749644041,3.1678181656593725,2.450535749644041,123.6422318033874,4,19,True
287,4,30,135,3.2519454531371594,4.034263024862846,3.2519454531371594,123.6198521219194,4,19,True
288,4,30,150,1.6253515919049581,2.108941742084834,1.6253515919049581,121.48088682442904,4,19,True
289,4,30,165,2.9502199331919354,3.9935952184414147,2.9502199331919354,121.61706620827317,4,19,True
290,4,30,180,1.068704652786255,1.7688631471606002,1.068704652786255,121.46321637555957,4,19,True
291,4,30,195,2.673489826917648,3.9571506887791323,2.673489826917648,121.51435576379299,4,19,True
292,4,30,210,1.1761738181114196,1.4235369685034607,1.1761738181114196,121.7053160071373,4,19,True
293,4,30,225,1.0911931902170182,1.4545591772778919,1.0911931902170182,121.68526602908969,4,19,True
294,8,83,30,21.352639027436574,29.14810963940699,21.352639027436574,122.65550391748548,4,18,True
295,8,83,45,11.582384763161341,21.39972718580759,11.582384763161341,123.22811223566532,4,18,True
296,8,83,60,11.30887178381284,16.22562431846826,11.30887178381284,124.12580102682114,4,18,True
297,8,83,75,15.123290528853735,22.965784072118772,15.123290528853735,123.76143084838986,4,19,True
298,8,83,90,17.006539964675902,20.296041048673633,17.006539964675902,124.56109980121255,4,18,True
299,8,83,105,1.5861443996429443,1.9453400323768186,1.5861443996429443,123.6995323561132,4,19,True
300,8,83,120,14.94757451415062,25.811451774054074,14.94757451415062,123.73176217079163,4,19,True
301,8,83,135,20.833493930225572,33.54474193669242,20.833493930225572,125.13698916882277,4,18,True
302,8,83,150,6.876740465437373,8.853414072718587,6.876740465437373,124.92779921740294,4,18,True
303,8,83,165,4.720204347372055,6.263789381008696,4.720204347372055,123.99869132786989,4,19,True
304,8,83,180,6.142749492327372,8.274461906476182,6.142749492327372,124.50515013188124,4,18,True
305,8,83,195,13.37039993306001,24.70453957341669,13.37039993306001,124.09935100004077,4,19,True
306,8,83,210,20.183756547172866,36.25389113046224,20.183756547172866,155.39524424821138,5,18,True
307,8,83,225,18.431923760970435,26.87276377196852,18.431923760970435,154.8320148140192,5,18,True
308,8,15,30,21.49429080436627,30.335793546238854,21.49429080436627,121.34084803983569,4,19,True
309,8,15,45,18.79264462540547,25.40717615873326,18.79264462540547,122.7833041921258,4,18,True
310,8,15,60,11.775206708100935,12.585547466889524,11.775206708100935,121.84043601155281,4,19,True
311,8,15,75,2.1032079153383774,2.7417130861384256,2.1032079153383774,121.88263656571507,4,19,True
312,8,15,90,11.086800192793211,20.61339126139594,11.086800192793211,121.65922624990344,4,19,True
313,8,15,105,13.137739682197571,18.21627199557169,13.137739682197571,122.76068422943354,4,18,True
314,8,15,120,6.30128839413325,8.032109044095122,6.30128839413325,122.0160759985447,4,19,True
315,8,15,135,8.884588166077931,12.364283233186235,8.884588166077931,122.57636385038495,4,18,True
316,8,15,150,6.897225484251976,9.156118306572772,6.897225484251976,124.16335102170706,4,18,True
317,8,15,165,1.4257951656977335,1.8058377024910695,1.4257951656977335,124.0086923353374,4,19,True
318,8,15,180,1.2189601143201192,1.6187803313161842,1.2189601143201192,123.27161291614175,4,19,True
319,8,15,195,1.2075432658195495,1.6005208767058987,1.2075432658195495,123.62205283716321,4,19,True
320,8,15,210,1.2366753617922466,1.608684479028393,1.2366753617922466,123.51382290944457,4,19,True
321,8,15,225,3.265471851825714,4.207175201268752,3.265471851825714,123.31858370453119,4,19,True
322,8,3,30,31.725444584091505,49.762580954664976,31.725444584091505,124.23179112374783,4,18,True
323,8,3,45,41.23201440771421,68.19108650552953,41.23201440771421,124.39822079613805,4,18,True
324,8,3,60,41.007246387004855,64.1113621066298,41.007246387004855,125.00282982364297,4,18,True
325,8,3,75,13.548429973920186,23.80802902070577,13.548429973920186,156.66405204683542,5,17,True
326,8,3,90,14.425628725687663,19.255654474994877,14.425628725687663,124.81792131438851,4,18,True
327,8,3,105,6.033506592114766,7.878731957374092,6.033506592114766,123.84676281362772,4,19,True
328,8,3,120,12.509865049521128,16.964597896049668,12.509865049521128,123.78017324954271,4,19,True
329,8,3,135,14.040106618404389,18.714376658570725,14.040106618404389,124.70396189019084,4,18,True
330,8,3,150,19.00642109711965,21.29390802674409,19.00642109711965,124.74681111052632,4,18,True
331,8,3,165,14.815867122014364,18.915179125202094,14.815867122014364,125.83949929103255,4,18,True
332,8,3,180,8.780861735343933,11.20831362848722,8.780861735343933,123.3393638394773,4,19,True
333,8,3,195,2.6485677480697634,3.3250104333296258,2.6485677480697634,123.55025298893452,4,19,True
334,8,3,210,4.887071347236633,6.2773803407913995,4.887071347236633,123.30919411033392,4,19,True
335,8,3,225,5.758292198181152,9.169464358337356,5.758292198181152,123.344284016639,4,19,True
336,8,35,30,36.794423179576796,45.55970832231978,36.794423179576796,123.49232425913215,4,19,True
337,8,35,45,17.86310367981593,23.09742570944409,17.86310367981593,125.1581097021699,4,18,True
338,8,35,60,28.101833367347716,32.99833265160414,28.101833367347716,123.81368270143867,4,19,True
339,8,35,75,4.172730452567339,4.60459909475016,4.172730452567339,123.87400306761265,4,19,True
340,8,35,90,2.9497509921590486,3.928872483703325,2.9497509921590486,124.04313310980797,4,19,True
341,8,35,105,8.570188761129975,14.187638306807074,8.570188761129975,123.98788193240762,4,19,True
342,8,35,120,25.450384219487507,28.777975694833188,25.450384219487507,124.48294227942824,4,18,True
343,8,35,135,27.836721324423948,31.042666782258166,27.836721324423948,155.16456589102745,5,18,True
344,8,35,150,17.304404164354008,23.83251444872857,17.304404164354008,124.54605102539062,4,18,True
345,8,35,165,7.3921105859801175,11.120811850189147,7.3921105859801175,155.23079596459866,5,18,True
346,8,35,180,2.3133998128895956,3.0156861397781034,2.3133998128895956,123.8222043029964,4,19,True
347,8,35,195,2.7643805305163065,3.081724279362754,2.7643805305163065,123.75871418043971,4,19,True
348,8,35,210,6.489626576037456,9.597570496485426,6.489626576037456,124.21049270778894,4,19,True
349,8,35,225,22.843716327349345,43.93915268871319,22.843716327349345,124.11933299154043,4,19,True
350,8,48,30,57.82523080209891,74.63749056417383,57.82523080209891,155.4442048072815,5,18,True
351,8,48,45,57.70962234040101,87.54401564747346,57.70962234040101,125.11923117563128,4,18,True
352,8,48,60,10.444925093759473,13.954365564845725,10.444925093759473,124.63363213464618,4,18,True
353,8,48,75,7.668522857517625,9.731239174193934,7.668522857517625,124.8785206116736,4,18,True
354,8,48,90,1.6018431256214778,2.056083170017611,1.6018431256214778,123.92498273402452,4,19,True
355,8,48,105,2.4677371859550474,2.677865882683145,2.4677371859550474,124.13286417722702,4,19,True
356,8,48,120,1.470301090180874,1.8876771409830835,1.470301090180874,123.60297376289964,4,19,True
357,8,48,135,4.826895771548152,6.853879507937308,4.826895771548152,123.47014481201768,4,19,True
358,8,48,150,3.0453070171177385,3.960014887974846,3.0453070171177385,123.8244641572237,4,19,True
359,8,48,165,5.908023302008709,7.623213060732064,5.908023302008709,123.69820522144437,4,19,True
360,8,48,180,4.264336513976256,5.182094778481031,4.264336513976256,124.56790218129754,4,18,True
361,8,48,195,6.574734516938528,7.85960504201619,6.574734516938528,124.51017182320356,4,18,True
362,8,48,210,4.837274460991224,6.300788717910624,4.837274460991224,124.87373175099492,4,18,True
363,8,48,225,7.101068993409474,10.23885937607378,7.101068993409474,123.82516404613853,4,19,True
364,8,22,30,2.856145183245341,3.46607744878573,2.856145183245341,124.74238220602274,4,19,True
365,8,22,45,2.621895599365234,3.0200640407125054,2.621895599365234,123.93681425601244,4,19,True
366,8,22,60,2.187510779996713,2.7765267670214024,2.187510779996713,123.97913401946425,4,19,True
367,8,22,75,1.6180371820926667,1.9807704897673004,1.6180371820926667,123.58436500653625,4,19,True
368,8,22,90,2.567009449005127,2.88221515027988,2.567009449005127,123.57958406209946,4,19,True
369,8,22,105,2.237668208281199,2.5361114272995198,2.237668208281199,122.37788690254092,4,19,True
370,8,22,120,1.7200862010320028,1.9421120773327116,1.7200862010320028,122.0520781353116,4,19,True
371,8,22,135,2.5903528571128844,3.950901265436931,2.5903528571128844,122.2880082204938,4,19,True
372,8,22,150,2.909203871091207,4.050549379383675,2.909203871091207,122.21451802179217,4,19,True
373,8,22,165,1.9280636390050252,2.3111047140212353,1.9280636390050252,121.95093790069222,4,19,True
374,8,22,180,1.3379992802937826,1.6360297500661973,1.3379992802937826,121.86298798769712,4,19,True
375,8,22,195,3.202291057507197,4.771849206488665,3.202291057507197,121.9523181207478,4,19,True
376,8,22,210,3.1730759819348653,4.1941383636984835,3.1730759819348653,121.64529878646135,4,19,True
377,8,22,225,1.3567267714689175,1.5906214510924033,1.3567267714689175,122.79398599639535,4,19,True
378,8,55,30,33.78951124648253,53.11776503517526,33.78951124648253,152.89756190031767,5,18,True
379,8,55,45,8.849269523719947,10.640778157953406,8.849269523719947,121.90207792446017,4,19,True
380,8,55,60,2.1534437279527388,2.7289095806973984,2.1534437279527388,121.844288893044,4,19,True
381,8,55,75,2.339506940857973,2.634443665086913,2.339506940857973,122.11478827521205,4,19,True
382,8,55,90,1.96268528526028,2.3487060301502134,1.96268528526028,122.01031809672713,4,19,True
383,8,55,105,1.954546082764864,2.354912769892951,1.954546082764864,121.9699690118432,4,19,True
384,8,55,120,2.068912709504366,2.5003351657867214,2.068912709504366,121.79365893825889,4,19,True
385,8,55,135,2.170805005977551,2.5658919220150187,2.170805005977551,122.12389893829823,4,19,True
386,8,55,150,2.1134217431147895,2.533486132570703,2.1134217431147895,123.89294384047389,4,19,True
387,8,55,165,2.0084966618567703,2.3363711967528205,2.0084966618567703,123.95975505933166,4,19,True
388,8,55,180,1.8765917480244145,2.220128326880006,1.8765917480244145,123.8383250311017,4,19,True
389,8,55,195,1.9010344859212638,2.2739452306415946,1.9010344859212638,123.64031560719013,4,19,True
390,8,55,210,1.9617085607722402,2.30346768400439,1.9617085607722402,123.72207501903176,4,19,True
391,8,55,225,1.9506250679182509,2.2906378579744096,1.9506250679182509,123.95350495353341,4,19,True
392,8,4,30,12.059111858407656,19.03923784637339,12.059111858407656,123.862415086478,4,19,True
393,8,4,45,7.193817078376499,14.0155018991569,7.193817078376499,123.82077472284436,4,19,True
394,8,4,60,20.959219168126584,31.736256910274637,20.959219168126584,123.94296517595649,4,19,True
395,8,4,75,12.503630026181538,20.53108445014658,12.503630026181538,123.8851249217987,4,19,True
396,8,4,90,12.585178095102311,21.664550094046124,12.585178095102311,124.03842527419329,4,19,True
397,8,4,105,11.766697090553741,18.791215311027855,11.766697090553741,125.23554265499115,4,18,True
398,8,4,120,15.175746730404596,26.11704399415132,15.175746730404596,124.03422500938177,4,19,True
399,8,4,135,10.47750963171323,16.348426180007234,10.47750963171323,125.15021162107587,4,19,True
400,8,4,150,33.32627966652314,57.353234837184,33.32627966652314,123.8182750530541,4,19,True
401,8,4,165,50.92902262036999,74.76114091620268,50.92902262036999,156.21823584660888,5,17,True
402,8,4,180,47.361504062016806,75.28480843321913,47.361504062016806,155.79584706574678,5,18,True
403,8,4,195,10.788113782725608,13.95661166669619,10.788113782725608,124.69095317646861,4,18,True
404,8,4,210,35.928155640761055,43.16018100349523,35.928155640761055,124.8713731765747,4,18,True
405,8,4,225,12.312919522325197,16.294430843882136,12.312919522325197,123.7621852196753,4,19,True
406,8,45,30,10.714609424273172,15.527682634573221,10.714609424273172,123.85237589478493,4,19,True
407,8,45,45,26.790885908156632,34.13692044743793,26.790885908156632,124.19330514967442,4,18,True
408,8,45,60,26.69483686313033,29.63014952860696,26.69483686313033,155.56473704054952,5,18,True
409,8,45,75,3.8667352156092725,5.32913433366671,3.8667352156092725,123.76856617629528,4,19,True
410,8,45,90,4.172748128697276,5.187152980145988,4.172748128697276,122.66445811837912,4,19,True
411,8,45,105,1.3966281447093933,1.9165537337614713,1.3966281447093933,122.28694884106517,4,19,True
412,8,45,120,17.18107858685156,30.157544113294346,17.18107858685156,122.28070991113782,4,19,True
413,8,45,135,15.626647567749023,22.567266023100537,15.626647567749023,123.27512679621577,4,18,True
414,8,45,150,6.203621403376261,9.017791075814825,6.203621403376261,122.19908880069852,4,19,True
415,8,45,165,6.170314613978068,8.828618421619904,6.170314613978068,121.59492075443268,4,19,True
416,8,45,180,6.127429564793904,8.808409209421544,6.127429564793904,121.38187093660235,4,19,True
417,8,45,195,6.179047966003418,8.939663953204459,6.179047966003418,121.98729906231165,4,19,True
418,8,45,210,6.278819306691488,9.068749196702573,6.278819306691488,122.62065801769495,4,19,True
419,8,45,225,6.289920171101888,9.064552956653815,6.289920171101888,124.2717350833118,4,19,True
420,8,60,30,5.445031475648284,9.965457714480692,5.445031475648284,124.21535607427359,4,19,True
421,8,60,45,6.285910324255625,8.334032996617875,6.285910324255625,125.72527211159468,4,18,True
422,8,60,60,2.2373285492261252,3.0666146152961113,2.2373285492261252,124.18311601504683,4,19,True
423,8,60,75,2.0063510874907178,2.9479031119305925,2.0063510874907178,123.77290613949299,4,19,True
424,8,60,90,5.922255850583315,9.14009555375023,5.922255850583315,124.19349513947964,4,19,True
425,8,60,105,5.928461608539025,8.083220308858937,5.928461608539025,124.90077316761017,4,18,True
426,8,60,120,2.0776912406086923,2.6118717754376446,2.0776912406086923,123.82626626640558,4,19,True
427,8,60,135,1.268037203947703,1.5357588662941972,1.268037203947703,124.28721506148577,4,19,True
428,8,60,150,1.6021804650624594,2.0949702955374394,1.6021804650624594,123.86118620634079,4,19,True
429,8,60,165,2.3643056551615396,3.6141269595806165,2.3643056551615396,123.9981260150671,4,19,True
430,8,60,180,3.5472102880477907,5.092670555082422,3.5472102880477907,124.02293598279357,4,19,True
431,8,60,195,2.0802803516387938,2.7595987436301432,2.0802803516387938,123.9037960767746,4,19,True
432,8,60,210,1.9558652242024739,2.722936239935598,1.9558652242024739,123.73058637604117,4,19,True
433,8,60,225,2.1657958308855694,2.70725355989158,2.1657958308855694,124.08708594739437,4,19,True
434,8,26,30,27.910431829094886,36.12803841916261,27.910431829094886,125.25283358991146,4,18,True
435,8,26,45,21.16307307680448,27.46389786840905,21.16307307680448,125.0837342813611,4,18,True
436,8,26,60,5.8086575120687485,6.916088484963762,5.8086575120687485,124.70707483589649,4,18,True
437,8,26,75,3.667158517241478,4.917803348754078,3.667158517241478,124.14252618327737,4,19,True
438,8,26,90,2.059575931914151,2.3172797184000324,2.059575931914151,124.4847048074007,4,19,True
439,8,26,105,3.640181614086032,4.8467352256844975,3.640181614086032,124.10495616495609,4,19,True
440,8,26,120,10.91831808698674,13.667041855859875,10.91831808698674,123.8405266776681,4,19,True
441,8,26,135,9.587492609396577,12.456172432846811,9.587492609396577,124.85029501840472,4,18,True
442,8,26,150,13.097686411316197,17.046054118530797,13.097686411316197,124.98649396002293,4,18,True
443,8,26,165,4.320630145072937,6.8532509306445215,4.320630145072937,124.13656711578369,4,19,True
444,8,26,180,7.190649741639693,8.62685710389917,7.190649741639693,124.22451609745622,4,19,True
445,8,26,195,5.918505887190501,8.718320339982707,5.918505887190501,123.9474369212985,4,19,True
446,8,26,210,7.534813580910365,9.955417270290015,7.534813580910365,123.96212667226791,4,19,True
447,8,26,225,9.666441429654757,10.918757909015257,9.666441429654757,124.74889494478703,4,18,True
448,8,21,30,1.5999316623434425,2.014941380268788,1.5999316623434425,124.0575360134244,4,19,True
449,8,21,45,3.2183055097858113,4.042958750171919,3.2183055097858113,124.02745569124818,4,19,True
450,8,21,60,5.228791663547357,6.0040831304408435,5.228791663547357,124.00969676673412,4,19,True
451,8,21,75,4.288198468089104,4.87640679534629,4.288198468089104,123.84347710758448,4,19,True
452,8,21,90,1.5628382603327433,1.8170318428459131,1.5628382603327433,124.06467692926526,4,19,True
453,8,21,105,1.8166240940491358,2.0735437115974795,1.8166240940491358,124.13867609575391,4,19,True
454,8,21,120,5.275643160628776,8.644159677987139,5.275643160628776,124.28630609065294,4,19,True
455,8,21,135,5.879025230680903,9.395050924722748,5.879025230680903,124.07993711531162,4,19,True
456,8,21,150,2.2765662260353565,2.6496243184297175,2.2765662260353565,124.24394628033042,4,19,True
457,8,21,165,1.5963836565613747,1.8852629946590242,1.5963836565613747,124.05649712309241,4,19,True
458,8,21,180,1.5050147984176874,1.7712934639599829,1.5050147984176874,124.16507722809911,4,19,True
459,8,21,195,1.4800740014761686,1.7797504861532312,1.4800740014761686,123.91135795041919,4,19,True
460,8,21,210,1.5822610961894195,1.8770727979883552,1.5822610961894195,123.75096790492535,4,19,True
461,8,21,225,1.5261023410906394,1.8105077035535333,1.5261023410906394,124.14636695757508,4,19,True
462,8,44,30,12.54948081485927,18.386236473226493,12.54948081485927,125.02810498699546,4,18,True
463,8,44,45,6.840215452512106,10.781383997590988,6.840215452512106,124.07111702486873,4,19,True
464,8,44,60,5.918862589200338,7.269012398906426,5.918862589200338,124.96771477162838,4,18,True
465,8,44,75,2.8490023851394652,3.4795619575297305,2.8490023851394652,124.22583671286702,4,19,True
466,8,44,90,4.201322571436564,9.109974925010611,4.201322571436564,124.15909627452493,4,19,True
467,8,44,105,4.290460499127706,7.503603784317326,4.290460499127706,124.84635598957539,4,18,True
468,8,44,120,3.549627407391866,4.85560533336692,3.549627407391866,124.18157700449228,4,19,True
469,8,44,135,3.9894097963968913,5.556932756696098,3.9894097963968913,123.91708791255951,4,19,True
470,8,44,150,4.365311603744825,8.993659722860254,4.365311603744825,123.77302814275026,4,19,True
471,8,44,165,4.787756565213203,8.72156877940431,4.787756565213203,123.60714934766293,4,19,True
472,8,44,180,5.795618398984273,6.267783360551508,5.795618398984273,122.94471869245172,4,18,True
473,8,44,195,3.5147205591201782,5.373394161937068,3.5147205591201782,122.29055119678378,4,19,True
474,8,44,210,2.6478494266668955,3.638760513397676,2.6478494266668955,121.97792204096913,4,19,True
475,8,44,225,3.7531527827183404,4.422330944951806,3.7531527827183404,121.94626219570637,4,19,True
476,8,23,30,13.828408844769001,15.832635986003,13.828408844769001,122.70922074094415,4,18,True
477,8,23,45,12.507489404827357,18.64007969062525,12.507489404827357,122.98030918464065,4,18,True
478,8,23,60,46.98339770622552,77.71184661269018,46.98339770622552,122.10135068744421,4,19,True
479,8,23,75,33.683691535890105,52.646958072474796,33.683691535890105,153.1898658722639,5,18,True
480,8,23,90,9.70311507259806,12.164186882812263,9.70311507259806,124.49653632938862,4,18,True
481,8,23,105,4.867977192082132,6.002358147413736,4.867977192082132,124.02822682633996,4,19,True
482,8,23,120,6.276487797498703,7.812427435390497,6.276487797498703,124.58293698728085,4,18,True
483,8,23,135,11.308235854903858,15.40845254142578,11.308235854903858,123.8768775947392,4,19,True
484,8,23,150,8.400640027721723,10.996842307067293,8.400640027721723,124.46185713633895,4,18,True
485,8,23,165,10.027304787933826,11.227778811848424,10.027304787933826,124.10481693223119,4,18,True
486,8,23,180,20.847317068775496,30.14620087243196,20.847317068775496,124.62161667644978,4,18,True
487,8,23,195,18.560429831470053,27.68873696248741,18.560429831470053,125.15113595873117,4,18,True
488,8,23,210,15.764540402094523,20.35532695834552,15.764540402094523,124.76673675701022,4,18,True
489,8,23,225,6.552701147894065,9.755293774104194,6.552701147894065,124.55951701849699,4,18,True
490,8,53,30,28.30145490070184,42.554060409482965,28.30145490070184,155.38320131599903,5,18,True
491,8,53,45,55.09853035211563,75.27318209584264,55.09853035211563,155.95885086804628,5,18,True
492,8,53,60,26.98226015220086,31.18975723609045,26.98226015220086,125.27321605011821,4,18,True
493,8,53,75,4.646860270698865,7.436224614372686,4.646860270698865,125.27470476925373,4,18,True
494,8,53,90,8.781633693973223,14.428956204732428,8.781633693973223,124.01554826647043,4,19,True
495,8,53,105,9.807212590177853,16.880181658008222,9.807212590177853,124.97941590845585,4,18,True
496,8,53,120,49.16860924263795,79.12875330131108,49.16860924263795,124.75974718108773,4,18,True
497,8,53,135,26.36116095681985,41.0781708353573,26.36116095681985,125.046466011554,4,18,True
498,8,53,150,50.24288433690866,70.25880788490971,50.24288433690866,155.56721203029156,5,18,True
499,8,53,165,7.994187714656194,12.38419829701488,7.994187714656194,123.97411791607738,4,19,True
500,8,53,180,15.086462579667568,22.02573986863637,15.086462579667568,123.83521907031536,4,19,True
501,8,53,195,11.30151059180498,16.014061248718804,11.30151059180498,124.9943571165204,4,18,True
502,8,53,210,5.900701767206192,7.721557920218356,5.900701767206192,123.8249377347529,4,19,True
503,8,53,225,3.7959277947743733,5.4650455300627385,3.7959277947743733,124.04912803322077,4,19,True
504,8,84,30,45.39142148420215,61.71745092284835,45.39142148420215,124.91667689755559,4,18,True
505,8,84,45,28.003272687705856,35.1175606727806,28.003272687705856,124.99906681478024,4,18,True
506,8,84,60,41.81006253493639,48.13958543689317,41.81006253493639,156.10320074483752,5,17,True
507,8,84,75,4.63166546151042,5.50004696128751,4.63166546151042,123.90301888808608,4,19,True
508,8,84,90,2.136737024163206,2.9738030532239366,2.136737024163206,124.47732780128717,4,19,True
509,8,84,105,2.320286567012469,3.230818946986439,2.320286567012469,124.14166890084743,4,19,True
510,8,84,120,2.065309161444505,2.7594573375574516,2.065309161444505,123.92533896490932,4,19,True
511,8,84,135,8.070804208889603,13.03294666890578,8.070804208889603,123.92228981480002,4,19,True
512,8,84,150,11.660489277044933,14.192577998903685,11.660489277044933,125.48345606774092,4,18,True
513,8,84,165,3.32268062432607,3.73770627773603,3.32268062432607,123.90873907133937,4,19,True
514,8,84,180,3.0679444789886476,3.57826006566213,3.0679444789886476,124.01227932423353,4,19,True
515,8,84,195,14.926287802060445,19.69007444307446,14.926287802060445,123.94503876566887,4,19,True
516,8,84,210,11.909008984267711,14.024337708135597,11.909008984267711,125.32052677124739,4,18,True
517,8,84,225,8.051502639551957,10.656004299150986,8.051502639551957,124.49303781613708,4,19,True
518,8,59,30,4.521625732382138,5.48493614018668,4.521625732382138,125.01779710873961,4,18,True
519,8,59,45,2.2191095761954784,3.4862405918322095,2.2191095761954784,124.0773182362318,4,19,True
520,8,59,60,5.816047592212756,6.832151897183586,5.816047592212756,123.96232923492789,4,19,True
521,8,59,75,4.028030667702357,5.001120594954561,4.028030667702357,124.00535866618156,4,19,True
522,8,59,90,4.780625401437282,6.3025925944772805,4.780625401437282,124.15046896785498,4,19,True
523,8,59,105,3.3752025415500007,4.887219228809192,3.3752025415500007,124.21893933787942,4,19,True
524,8,59,120,8.624951843420664,11.51427240370069,8.624951843420664,124.21450903639197,4,19,True
525,8,59,135,9.689135626455148,12.107988765752472,9.689135626455148,125.216546934098,4,18,True
526,8,59,150,10.73301305770874,12.149253941927132,10.73301305770874,125.38527697324753,4,18,True
527,8,59,165,5.01898709035789,5.759794404071436,5.01898709035789,124.00192022323608,4,19,True
528,8,59,180,3.5688250663069385,4.927938128453534,3.5688250663069385,124.1379389539361,4,19,True
529,8,59,195,5.714104262987773,7.067875206951832,5.714104262987773,124.51619794592261,4,18,True
530,8,59,210,10.434333848953248,14.54832463976702,10.434333848953248,123.95745003595948,4,19,True
531,8,59,225,6.332929114500682,7.752826758216922,6.332929114500682,124.16447000578046,4,18,True
532,8,49,30,42.1190829868118,57.02685977288138,42.1190829868118,125.29915710911155,4,18,True
533,8,49,45,55.29169397950172,76.50942183970574,55.29169397950172,155.49840405583382,5,18,True
534,8,49,60,15.22041296561559,25.66771166795568,15.22041296561559,123.89126885682344,4,19,True
535,8,49,75,48.130006125569345,74.07644443101432,48.130006125569345,125.18911715596914,4,18,True
536,8,49,90,33.904713399211566,46.93067939711198,33.904713399211566,155.71111300960183,5,18,True
537,8,49,105,28.626325716574986,42.71274323006374,28.626325716574986,124.18189970776439,4,19,True
538,8,49,120,43.62957290311655,54.783324697556814,43.62957290311655,125.09832764044404,4,18,True
539,8,49,135,37.3427732227991,54.83624235522397,37.3427732227991,156.14063199609518,5,17,True
540,8,49,150,54.678555240357916,78.51842831927418,54.678555240357916,156.67612105607986,5,17,True
541,8,49,165,12.905943702658018,16.400148308376334,12.905943702658018,124.60565799847245,4,18,True
542,8,49,180,3.9339788794517516,5.254407846063365,3.9339788794517516,124.15247922763228,4,19,True
543,8,49,195,3.8362624486287435,4.632868541017364,3.8362624486287435,124.78954810649157,4,18,True
544,8,49,210,3.177208344141642,3.758133606394316,3.177208344141642,124.07408002763987,4,19,True
545,8,49,225,2.52312212785085,3.4543401418065613,2.52312212785085,124.17211988940835,4,19,True
546,8,7,30,29.703751292948922,44.24477531617886,29.703751292948922,155.1484246738255,5,18,True
547,8,7,45,31.590331649780275,51.48690425880398,31.590331649780275,155.51416529342532,5,18,True
548,8,7,60,1.94558241267999,2.3863410551517683,1.94558241267999,124.04131004586816,4,19,True
549,8,7,75,1.1544326146443684,1.5768448434240379,1.1544326146443684,123.07694228366017,4,19,True
550,8,7,90,14.216238339742025,20.67525203961694,14.216238339742025,122.00505379587412,4,19,True
551,8,7,105,9.50319113979737,12.567913276670739,9.50319113979737,122.91869288310409,4,18,True
552,8,7,120,23.91098916878303,36.145914713380606,23.91098916878303,121.77331419661641,4,19,True
553,8,7,135,14.002634851137797,18.659693097629557,14.002634851137797,122.92055319994688,4,18,True
554,8,7,150,13.916572894652685,21.042343740652484,13.916572894652685,122.89199279621243,4,18,True
555,8,7,165,25.553418500721456,31.788075173552098,25.553418500721456,123.30387206748128,4,18,True
556,8,7,180,12.645305619637172,18.121392837547017,12.645305619637172,122.37830366939306,4,19,True
557,8,7,195,10.926140041152637,12.577786937586959,10.926140041152637,123.00648214295506,4,18,True
558,8,7,210,17.81685584684213,23.399917748923738,17.81685584684213,124.11546986550093,4,19,True
559,8,7,225,9.31536506017049,14.146912885026172,9.31536506017049,123.8560201600194,4,19,True
560,8,47,30,10.059611225128174,11.908046398912797,10.059611225128174,124.69747895374894,4,18,True
561,8,47,45,11.198367373148601,13.17389138471552,11.198367373148601,124.02705010026693,4,19,True
562,8,47,60,9.75081590016683,10.365571930027834,9.75081590016683,124.23626985400915,4,19,True
563,8,47,75,10.709040609995524,12.627296783833504,10.709040609995524,123.20334184914827,4,19,True
564,8,47,90,16.230279286702473,21.595487402418865,16.230279286702473,122.55653413012624,4,18,True
565,8,47,105,17.55497349301974,24.903186347968617,17.55497349301974,122.40312388166785,4,18,True
566,8,47,120,37.13552024364471,42.45576531569148,37.13552024364471,153.43795903027058,5,18,True
567,8,47,135,13.060152595924835,15.65643861333699,13.060152595924835,122.95319326221943,4,18,True
568,8,47,150,6.584733173934122,7.758664748220932,6.584733173934122,122.29881482198834,4,19,True
569,8,47,165,3.6926323254903157,4.580297143834802,3.6926323254903157,122.10133392363787,4,19,True
570,8,47,180,4.679095307985942,5.285132530510388,4.679095307985942,122.02556524425745,4,19,True
571,8,47,195,3.2680440823237102,3.9809206070475898,3.2680440823237102,121.97696510702372,4,19,True
572,8,47,210,2.988197088241577,3.43571468214362,2.988197088241577,123.99230059236288,4,19,True
573,8,47,225,4.865301831563314,6.972647443436339,4.865301831563314,124.01579087600112,4,19,True
574,8,30,30,21.57622488339742,33.837724076779175,21.57622488339742,124.82231855392456,4,18,True
575,8,30,45,7.220253339409828,9.795336152303141,7.220253339409828,124.06639009714127,4,19,True
576,8,30,60,3.7811946119414643,6.279671217465078,3.7811946119414643,124.07474080100656,4,19,True
577,8,30,75,5.96953918588891,7.874081928413002,5.96953918588891,123.96597117185593,4,19,True
578,8,30,90,1.2451813323539682,1.6194100096553723,1.2451813323539682,124.1082614287734,4,19,True
579,8,30,105,6.4937246935752535,12.504673114543053,6.4937246935752535,124.05255204066634,4,19,True
580,8,30,120,22.646501630793015,33.8504636965955,22.646501630793015,124.04839135706425,4,19,True
581,8,30,135,14.366212459405263,25.78427017271248,14.366212459405263,124.01128141209483,4,19,True
582,8,30,150,17.83468894958496,32.12890532019972,17.83468894958496,124.24950022250414,4,18,True
583,8,30,165,27.69213846921921,44.41339606089816,27.69213846921921,155.40694631636143,5,18,True
584,8,30,180,6.56359077890714,10.966963965828437,6.56359077890714,125.17535919323564,4,18,True
585,8,30,195,3.262905224164327,4.55711878753974,3.262905224164327,123.70236217975616,4,19,True
586,8,30,210,1.3158463028570015,1.711657478019867,1.3158463028570015,123.7540920265019,4,19,True
587,8,30,225,1.247591502716144,1.5271386112457042,1.247591502716144,123.90534207224846,4,19,True
588,14,83,30,28.12707925637563,31.174126391100277,28.12707925637563,155.60601511970162,5,18,True
589,14,83,45,11.503333959976832,20.16850490028588,11.503333959976832,123.8739718683064,4,19,True
590,14,83,60,17.732156604280075,22.82128299408745,17.732156604280075,125.21585915237665,4,18,True
591,14,83,75,9.900700767338275,15.669072615964668,9.900700767338275,124.92408975958824,4,18,True
592,14,83,90,8.972904229164124,13.179407591735822,8.972904229164124,124.83956990763545,4,18,True
593,14,83,105,17.843525523195662,39.672513466184476,17.843525523195662,124.13215078413486,4,19,True
594,14,83,120,21.931456466019153,38.16162143489679,21.931456466019153,155.80418519675732,5,18,True
595,14,83,135,19.194793292880057,36.09362933205536,19.194793292880057,124.63170103728771,4,19,True
596,14,83,150,13.239796181519827,17.46313167572643,13.239796181519827,155.89337516576052,5,18,True
597,14,83,165,13.051685831695796,19.267353705036133,13.051685831695796,124.9356702901423,4,18,True
598,14,83,180,4.734069465845823,5.88722849265856,4.734069465845823,125.2077491953969,4,18,True
599,14,83,195,10.361118100831906,20.708525132736437,10.361118100831906,124.32305188849568,4,19,True
600,14,83,210,8.43366340721647,11.441533610502603,8.43366340721647,125.16885017976165,4,18,True
601,14,83,225,12.073078025629123,16.47142448108077,12.073078025629123,126.00660882890224,4,18,True
602,14,15,30,18.300942652424176,25.657122550753577,18.300942652424176,156.1829149723053,5,18,True
603,14,15,45,3.6740549564361573,5.4391825042293,3.6740549564361573,123.86551219969988,4,19,True
604,14,15,60,6.22524258295695,8.815262447015096,6.22524258295695,121.83521687984467,4,19,True
605,14,15,75,1.8587209979693096,2.3107173897147644,1.8587209979693096,122.22921568900347,4,19,True
606,14,15,90,1.8554328521092733,2.073022515701258,1.8554328521092733,122.1424750983715,4,19,True
607,14,15,105,1.6107967933019003,1.9375115188349652,1.6107967933019003,122.35000589862466,4,19,True
608,14,15,120,1.773512639834856,1.983508875867005,1.773512639834856,122.38660594448447,4,19,True
609,14,15,135,2.215655353106558,3.194157071748774,2.215655353106558,122.36158503219485,4,19,True
610,14,15,150,8.18903913249572,12.740384007791311,8.18903913249572,122.09253618493676,4,19,True
611,14,15,165,11.286667224268118,16.41078187834991,11.286667224268118,123.10461373999715,4,18,True
612,14,15,180,1.6769113299126426,2.0464986663339775,1.6769113299126426,123.42371325939894,4,19,True
613,14,15,195,4.8246278941631315,7.475600351107883,4.8246278941631315,124.17670199647546,4,19,True
614,14,15,210,4.779484968384107,6.160325763685043,4.779484968384107,124.18392207473516,4,19,True
615,14,15,225,3.055637860680387,4.087743426581167,3.055637860680387,124.09524200484157,4,19,True
616,14,3,30,17.65697731177012,21.098138495411675,17.65697731177012,124.61159098893404,4,18,True
617,14,3,45,18.655768533547718,28.511924535519064,18.655768533547718,122.86614486947656,4,18,True
618,14,3,60,20.122591351469357,28.07051324244191,20.122591351469357,152.77945389971137,5,18,True
619,14,3,75,20.42782323459784,29.650962804570558,20.42782323459784,123.19524399936199,4,18,True
620,14,3,90,23.62622307986021,32.66995042090898,23.62622307986021,153.63952098414302,5,18,True
621,14,3,105,4.766599219913284,5.6386863143931,4.766599219913284,123.00682393833995,4,18,True
622,14,3,120,3.095470370228092,3.8756778017469617,3.095470370228092,122.33393592759967,4,19,True
623,14,3,135,7.934005904942751,14.07217064780145,7.934005904942751,122.18887591734529,4,19,True
624,14,3,150,20.047572511434556,23.763384542555237,20.047572511434556,122.8630249388516,4,19,True
625,14,3,165,8.587812966108322,10.628840375781573,8.587812966108322,125.53497916087508,4,18,True
626,14,3,180,6.352682144443194,7.861060004437944,6.352682144443194,124.25123201683164,4,19,True
627,14,3,195,16.89511891901493,23.66048185761,16.89511891901493,125.24650013074279,4,18,True
628,14,3,210,9.849050283432007,12.663950078136866,9.849050283432007,125.34825969487429,4,18,True
629,14,3,225,4.0150693386793135,6.50087609679261,4.0150693386793135,124.2407220415771,4,19,True
630,14,35,30,20.65986041252812,31.6666079600387,20.65986041252812,125.1951796002686,4,18,True
631,14,35,45,34.518313644826414,54.22173229045185,34.518313644826414,125.21904008463025,4,18,True
632,14,35,60,20.003575563430786,24.46222477044049,20.003575563430786,124.03829302638769,4,18,True
633,14,35,75,9.061696743965149,11.51030407080015,9.061696743965149,122.67404608428478,4,18,True
634,14,35,90,7.8242142279942835,8.821591421956517,7.8242142279942835,122.97291494905949,4,18,True
635,14,35,105,6.480147451162338,10.647935692637818,6.480147451162338,122.0724368467927,4,19,True
636,14,35,120,8.25658326347669,12.302521315455921,8.25658326347669,122.68517632037401,4,18,True
637,14,35,135,8.769879496097564,10.988944660144197,8.769879496097564,123.2184749096632,4,18,True
638,14,35,150,4.9078409676750505,7.082206581087213,4.9078409676750505,122.0822180621326,4,19,True
639,14,35,165,5.539954353896125,7.498788374107729,5.539954353896125,122.03076761215925,4,19,True
640,14,35,180,2.5188767122725646,2.9261197840303272,2.5188767122725646,122.44582595303655,4,19,True
641,14,35,195,2.0110891168316205,2.7981559165569463,2.0110891168316205,124.04580321162939,4,19,True
642,14,35,210,2.0254763695100944,2.592951502089158,2.0254763695100944,124.18330274522305,4,19,True
643,14,35,225,6.523379482383219,10.096566225495557,6.523379482383219,124.13238268345594,4,19,True
644,14,48,30,7.122492178281148,9.090450125795376,7.122492178281148,125.12584123760462,4,18,True
645,14,48,45,4.644012413422266,5.831721638989319,4.644012413422266,123.97555308416486,4,19,True
646,14,48,60,13.235251582041382,18.33010883194992,13.235251582041382,124.09680290147662,4,19,True
647,14,48,75,13.780707434813182,20.575409427125397,13.780707434813182,124.54725196585059,4,18,True
648,14,48,90,8.288811981678009,12.953121820016792,8.288811981678009,122.31170712038875,4,19,True
649,14,48,105,5.02854226231575,6.92158214757221,5.02854226231575,122.06560699269176,4,19,True
650,14,48,120,5.4594442794720335,6.690544192733526,5.4594442794720335,122.2401768900454,4,19,True
651,14,48,135,3.9804389595985414,4.561601638258177,3.9804389595985414,122.26003687828779,4,19,True
652,14,48,150,3.4771026148150366,4.885104148872533,3.4771026148150366,122.0013378188014,4,19,True
653,14,48,165,4.577085620102783,6.9297740946410995,4.577085620102783,122.09625774994493,4,19,True
654,14,48,180,2.962473304197192,3.391833955879528,2.962473304197192,122.33742792159319,4,19,True
655,14,48,195,7.586693307757377,11.948374488399374,7.586693307757377,122.49140674248338,4,19,True
656,14,48,210,6.065064959973097,8.694451757486034,6.065064959973097,123.77305421978235,4,19,True
657,14,48,225,2.570687744518121,2.9812359054502955,2.570687744518121,124.23627404496074,4,19,True
658,14,22,30,11.583780808498462,18.062740246984976,11.583780808498462,124.31418290361762,4,19,True
659,14,22,45,9.951161354780197,14.563742681129675,9.951161354780197,125.33578090369701,4,18,True
660,14,22,60,15.236770228793224,18.992864285976268,15.236770228793224,124.93123160675168,4,18,True
661,14,22,75,7.2830746908982595,11.024781294218762,7.2830746908982595,124.18547365814447,4,19,True
662,14,22,90,6.1641401448597515,9.488718911942852,6.1641401448597515,124.24104381352663,4,19,True
663,14,22,105,4.713667787487308,7.251423844815046,4.713667787487308,124.45014389231801,4,19,True
664,14,22,120,7.519590654596686,9.16257938721592,7.519590654596686,125.25798194110394,4,18,True
665,14,22,135,4.417375997702281,5.86013918767241,4.417375997702281,124.23241278156638,4,19,True
666,14,22,150,2.6053696687022847,3.864282518321985,2.6053696687022847,124.45468315854669,4,19,True
667,14,22,165,6.443874098593369,9.375664964125669,6.443874098593369,124.36202308163047,4,19,True
668,14,22,180,1.4355730301545313,2.0816277514355885,1.4355730301545313,124.41156338900328,4,19,True
669,14,22,195,5.532267128179471,10.328412589122287,5.532267128179471,124.76027198135853,4,19,True
670,14,22,210,3.9225872655709586,6.214059449270362,3.9225872655709586,124.98992215842009,4,18,True
671,14,22,225,4.12453730320558,4.766042259567825,4.12453730320558,124.22359408810735,4,19,True
672,14,55,30,35.20333590482672,52.92515958067863,35.20333590482672,155.73291899636388,5,18,True
673,14,55,45,2.371794405952096,2.9186984523042696,2.371794405952096,124.25774382427335,4,19,True
674,14,55,60,5.159180476268133,8.384772950977217,5.159180476268133,124.39487315714359,4,19,True
675,14,55,75,3.0124910255273183,3.6237293016707475,3.0124910255273183,124.16129419580102,4,19,True
676,14,55,90,1.3638073056936264,1.7318824513910605,1.3638073056936264,124.37148299068213,4,19,True
677,14,55,105,1.3106818437576293,1.69373554802946,1.3106818437576293,124.11045422777534,4,19,True
678,14,55,120,1.326249929269155,1.7001328228840462,1.326249929269155,123.89072496443987,4,19,True
679,14,55,135,1.4025802473227182,1.7240320068901196,1.4025802473227182,124.08056482672691,4,19,True
680,14,55,150,7.347497303287188,14.172143171605324,7.347497303287188,124.00297494605184,4,19,True
681,14,55,165,11.369852031270662,16.158878764167845,11.369852031270662,125.25396188721061,4,18,True
682,14,55,180,2.7077279726664227,3.3814835928949396,2.7077279726664227,124.19620482251048,4,19,True
683,14,55,195,2.4077736218770345,3.4283419458734494,2.4077736218770345,124.11943497136235,4,19,True
684,14,55,210,2.528562593460083,4.08630528311263,2.528562593460083,123.97883413359523,4,19,True
685,14,55,225,2.207470456759135,3.8483608901836344,2.207470456759135,123.89844516292214,4,19,True
686,14,4,30,13.518869364261628,20.154973565338484,13.518869364261628,124.69685403630137,4,18,True
687,14,4,45,24.42361512978872,40.340165285840555,24.42361512978872,124.70027431845665,4,18,True
688,14,4,60,29.76575311447183,48.4565883344044,29.76575311447183,155.73270991444588,5,18,True
689,14,4,75,4.82457415064176,6.327123977497344,4.82457415064176,124.34239406138659,4,19,True
690,14,4,90,1.6673098808154463,2.2298230206092713,1.6673098808154463,124.18083380907774,4,19,True
691,14,4,105,6.1829991664737465,8.67934837077136,6.1829991664737465,124.22732543200254,4,19,True
692,14,4,120,3.938312448995809,5.338212072991136,3.938312448995809,124.28082479164004,4,19,True
693,14,4,135,6.083222918212414,9.511831385417791,6.083222918212414,123.93408501520753,4,19,True
694,14,4,150,21.956697898109756,34.984813019669346,21.956697898109756,123.62783635035157,4,19,True
695,14,4,165,13.086809928839406,20.864510648295354,13.086809928839406,125.44781202450395,4,18,True
696,14,4,180,11.112530408302943,17.237097103904244,11.112530408302943,124.8915740288794,4,18,True
697,14,4,195,4.546385510762533,7.627298481262206,4.546385510762533,122.51760810613632,4,19,True
698,14,4,210,4.90228831966718,6.33359081446432,4.90228831966718,121.97815021499991,4,19,True
699,14,4,225,7.829057721296946,10.181926275247452,7.829057721296946,121.96013005450368,4,19,True
700,14,45,30,35.586003160476686,40.30493584376889,35.586003160476686,153.5599548369646,5,18,True
701,14,45,45,4.4740886755287645,6.371684204062045,4.4740886755287645,122.95881705358624,4,18,True
702,14,45,60,3.171755670631925,4.268244616114436,3.171755670631925,121.97889992967248,4,19,True
703,14,45,75,4.4178152046942465,6.675028464462623,4.4178152046942465,121.75768986344337,4,19,True
704,14,45,90,3.920550032161797,5.093259489813256,3.920550032161797,121.63602979853749,4,19,True
705,14,45,105,2.0913993308941525,2.697116575487382,2.0913993308941525,123.07285703718662,4,19,True
706,14,45,120,3.567586546142896,4.602349733105842,3.567586546142896,123.93154576420784,4,19,True
707,14,45,135,3.5770749072233836,7.015355431242124,3.5770749072233836,123.92809567973018,4,19,True
708,14,45,150,24.592795192201933,46.69805289514234,24.592795192201933,123.99043515324593,4,19,True
709,14,45,165,42.35343165397644,69.68353447534972,42.35343165397644,155.56264016777277,5,18,True
710,14,45,180,28.213940604527792,41.25208100978623,28.213940604527792,156.1977998353541,5,17,True
711,14,45,195,5.632353339344263,7.4286733866837364,5.632353339344263,124.07861603423953,4,19,True
712,14,45,210,4.194808276370168,5.725028680017163,4.194808276370168,123.87511599808931,4,19,True
713,14,45,225,5.753853084643682,6.61805724380718,5.753853084643682,123.95924609154463,4,19,True
714,14,60,30,10.601802359024683,15.001860403138185,10.601802359024683,124.42803522571921,4,18,True
715,14,60,45,14.439594104886055,20.576354592631247,14.439594104886055,125.0202339142561,4,18,True
716,14,60,60,7.646567852298419,13.66621843189572,7.646567852298419,123.86809708550572,4,19,True
717,14,60,75,6.623948610822359,11.5365322554842,6.623948610822359,124.0783859975636,4,19,True
718,14,60,90,6.614912917216619,9.119051007255447,6.614912917216619,124.77829400449991,4,18,True
719,14,60,105,2.1727553407351174,2.66025529108407,2.1727553407351174,123.93279606476426,4,19,True
720,14,60,120,1.6745541453361512,2.2174018737924466,1.6745541453361512,124.06642595306039,4,19,True
721,14,60,135,1.6463014602661132,2.101764448964126,1.6463014602661132,123.87838587164879,4,19,True
722,14,60,150,1.709053103129069,2.16244628038631,1.709053103129069,124.13634592667222,4,19,True
723,14,60,165,2.819869383176168,4.793826583539627,2.819869383176168,123.97625623270869,4,19,True
724,14,60,180,4.758892500400544,6.888994950084257,4.758892500400544,123.90044564381242,4,19,True
725,14,60,195,3.7735717495282493,4.909933840823363,3.7735717495282493,123.96813603118062,4,19,True
726,14,60,210,2.1610749403635663,3.1494067588604766,2.1610749403635663,123.9794259890914,4,19,True
727,14,60,225,3.6273662745952606,5.1282664375188025,3.6273662745952606,123.8878071308136,4,19,True
728,14,26,30,38.65116620560487,59.853566831233685,38.65116620560487,156.03550104424357,5,17,True
729,14,26,45,11.341536283989747,13.961968289860465,11.341536283989747,124.61862480267882,4,18,True
730,14,26,60,12.094679304584862,17.172734179142758,12.094679304584862,124.0103361196816,4,19,True
731,14,26,75,9.177959461975842,15.134580726429173,9.177959461975842,124.83541388064623,4,18,True
732,14,26,90,10.293639110525449,13.938104846681888,10.293639110525449,124.1888259537518,4,19,True
733,14,26,105,6.038630271869867,8.805426266597662,6.038630271869867,124.07482601702213,4,19,True
734,14,26,120,5.952806422063926,7.7774744748786055,5.952806422063926,123.96955722942948,4,19,True
735,14,26,135,1.17288198346893,1.6165584462830591,1.17288198346893,123.89243580400944,4,19,True
736,14,26,150,2.874565567226091,5.92806556539555,2.874565567226091,123.72758705168962,4,19,True
737,14,26,165,14.680132994055748,23.82225221148285,14.680132994055748,123.58180712908506,4,19,True
738,14,26,180,2.588453844189644,3.2230662716253637,2.588453844189644,123.8660765811801,4,19,True
739,14,26,195,4.83432499418656,5.932759842278739,4.83432499418656,123.92271729186177,4,19,True
740,14,26,210,5.235630856640637,7.853170055154679,5.235630856640637,123.68393689393997,4,19,True
741,14,26,225,7.346887311215202,9.099220680152934,7.346887311215202,123.52550821378827,4,19,True
742,14,21,30,6.053527754545212,8.836542198231138,6.053527754545212,123.97432699799538,4,19,True
743,14,21,45,4.608922751309971,7.368472307102825,4.608922751309971,125.42645400390029,4,19,True
744,14,21,60,8.950567817687988,13.386151917703147,8.950567817687988,124.32925589382648,4,19,True
745,14,21,75,13.468922515710195,23.243527516401453,13.468922515710195,124.14623610675335,4,19,True
746,14,21,90,15.795645889391501,22.60950782488013,15.795645889391501,124.90341532975435,4,18,True
747,14,21,105,3.5721770604451497,4.757090215688341,3.5721770604451497,123.91665717586875,4,19,True
748,14,21,120,1.8237845035114637,2.2678545901710048,1.8237845035114637,123.92598669975996,4,19,True
749,14,21,135,1.7079266014353682,2.153453041460253,1.7079266014353682,124.06948581337929,4,19,True
750,14,21,150,1.4762985706329346,1.8144808208462098,1.4762985706329346,123.81062703207135,4,19,True
751,14,21,165,2.613580212990443,4.3024924284805195,2.613580212990443,124.11135714501143,4,19,True
752,14,21,180,2.7279462312658627,4.1488797265561965,2.7279462312658627,124.04954712837934,4,19,True
753,14,21,195,4.115819589296977,5.787164130927145,4.115819589296977,124.13991708308458,4,19,True
754,14,21,210,3.420928044120471,4.31498711712988,3.420928044120471,124.21142682433128,4,19,True
755,14,21,225,1.734909858306249,2.226369644198768,1.734909858306249,124.06156724318862,4,19,True
756,14,44,30,18.615411631266277,24.82863150002862,18.615411631266277,124.32262673974037,4,18,True
757,14,44,45,3.712598047653834,6.011149099674611,3.712598047653834,123.95638693124056,4,19,True
758,14,44,60,8.314081201950708,12.996539915458207,8.314081201950708,123.00414871424437,4,19,True
759,14,44,75,8.207807576656341,13.454133614912026,8.207807576656341,125.47599524259567,4,18,True
760,14,44,90,6.131264740228653,10.501530507221204,6.131264740228653,124.20779699459672,4,19,True
761,14,44,105,6.297712282836438,9.371667982717513,6.297712282836438,123.98169795051217,4,19,True
762,14,44,120,7.040977250536283,9.282201161601085,7.040977250536283,124.07886795699596,4,19,True
763,14,44,135,11.147995432466269,19.668069195225687,11.147995432466269,124.83013607561588,4,18,True
764,14,44,150,15.786295972267787,27.810078077219472,15.786295972267787,124.02671715244651,4,19,True
765,14,44,165,7.792222237586975,12.59470119388348,7.792222237586975,124.6566460467875,4,18,True
766,14,44,180,9.058432415003578,12.4298199285188,9.058432415003578,124.8944760300219,4,18,True
767,14,44,195,9.798684147124488,15.103032884714235,9.798684147124488,124.68668585643172,4,18,True
768,14,44,210,6.3604895457625386,9.047218062197837,6.3604895457625386,124.14874695241451,4,19,True
769,14,44,225,10.605713707208633,12.226596214637514,10.605713707208633,124.64137701317668,4,18,True
770,14,23,30,24.88267415314913,44.10737686185367,24.88267415314913,123.84525733068585,4,19,True
771,14,23,45,38.37240426863233,65.07254415168062,38.37240426863233,124.73506573587656,4,18,True
772,14,23,60,59.892587652305764,97.47410649909085,59.892587652305764,156.59010084345937,5,17,True
773,14,23,75,9.442030874888102,15.591501894779478,9.442030874888102,124.01447724550962,4,19,True
774,14,23,90,10.511845914522807,17.01166808968355,10.511845914522807,123.6522076651454,4,19,True
775,14,23,105,20.79014490159849,33.56034659370026,20.79014490159849,124.04832802712917,4,19,True
776,14,23,120,52.17707356413205,83.87298168290499,52.17707356413205,155.53512424230576,5,18,True
777,14,23,135,53.81112585663796,85.53677837152684,53.81112585663796,157.0794810540974,5,17,True
778,14,23,150,35.5055718883872,49.19194764007315,35.5055718883872,124.42244682461023,4,18,True
779,14,23,165,10.970760796964168,12.430716322549722,10.970760796964168,124.95646579191089,4,18,True
780,14,23,180,12.290714012583097,23.02295760213592,12.290714012583097,124.61211672052741,4,18,True
781,14,23,195,35.94812070441743,55.43253597240031,35.94812070441743,125.03933720290661,4,18,True
782,14,23,210,47.101945832682155,76.53627496207802,47.101945832682155,156.1512229964137,5,18,True
783,14,23,225,28.592122358394167,42.41089314231396,28.592122358394167,155.11202532798052,5,18,True
784,14,53,30,14.115269629160563,21.70458642745152,14.115269629160563,123.86228889226913,4,19,True
785,14,53,45,12.468540445963542,16.14606352660974,12.468540445963542,124.78260695934296,4,18,True
786,14,53,60,26.221088651319345,31.755412194688745,26.221088651319345,125.21472573280334,4,18,True
787,14,53,75,18.183078153431417,26.63740881691443,18.183078153431417,124.74081572145224,4,18,True
788,14,53,90,15.00329607129097,22.421825722354058,15.00329607129097,124.17618790641427,4,19,True
789,14,53,105,2.0884445031483967,2.424086753466792,2.0884445031483967,123.91701899468899,4,19,True
790,14,53,120,3.9811407923077544,5.113312093577647,3.9811407923077544,123.79018915817142,4,19,True
791,14,53,135,1.9661947511757414,2.2307678352005587,1.9661947511757414,124.36944805085659,4,19,True
792,14,53,150,1.2698766897122065,1.6523432392978914,1.2698766897122065,124.02843777090311,4,19,True
793,14,53,165,1.191131474574407,1.5959012771124879,1.191131474574407,124.20768802985549,4,19,True
794,14,53,180,2.0243419547875723,2.8705775444380666,2.0243419547875723,123.82361898198724,4,19,True
795,14,53,195,10.719412370522816,14.331754831550736,10.719412370522816,123.43811988830566,4,19,True
796,14,53,210,12.470837186276913,15.139254972297286,12.470837186276913,123.10456996783614,4,18,True
797,14,53,225,12.046410655154613,14.458060946875504,12.046410655154613,123.50399978458881,4,18,True
798,14,84,30,2.62601291735967,3.7347918906399267,2.62601291735967,122.05826211720705,4,19,True
799,14,84,45,2.9273040354251862,4.14305706531674,2.9273040354251862,122.18061182647943,4,19,True
800,14,84,60,2.674886061747869,3.8090307970336466,2.674886061747869,122.26564204320312,4,19,True
801,14,84,75,2.587320423126221,3.8020528357225944,2.587320423126221,122.14884208515286,4,19,True
802,14,84,90,1.712618699669838,2.1275719070160872,1.712618699669838,122.25226266309619,4,19,True
803,14,84,105,1.614726714293162,1.9891529592412547,1.614726714293162,122.11071280762553,4,19,True
804,14,84,120,2.2513946255048114,3.0955806281247447,2.2513946255048114,124.17724868282676,4,19,True
805,14,84,135,2.1225340525309244,2.957697130279568,2.1225340525309244,124.11900795996189,4,19,True
806,14,84,150,2.077154024442037,2.9615268673121613,2.077154024442037,124.33245778083801,4,19,True
807,14,84,165,2.1947815835475923,3.059177225189663,2.1947815835475923,124.07866772264242,4,19,True
808,14,84,180,5.0067605321606,5.966390215093621,5.0067605321606,123.80382884293795,4,19,True
809,14,84,195,7.310740967591603,10.503903161171138,7.310740967591603,122.94633081182837,4,19,True
810,14,84,210,16.84591365158558,26.511547781296017,16.84591365158558,124.90898789837956,4,18,True
811,14,84,225,16.227041243513426,20.40175250275008,16.227041243513426,124.85495721921325,4,18,True
812,14,59,30,32.03107721110185,44.65710647812947,32.03107721110185,155.32822581008077,5,18,True
813,14,59,45,19.895833244298895,24.466125182112005,19.895833244298895,124.92355797439814,4,18,True
814,14,59,60,5.399938702583313,7.938704826241297,5.399938702583313,124.22981858253479,4,19,True
815,14,59,75,5.494010472794374,7.875418964799292,5.494010472794374,124.0799599327147,4,19,True
816,14,59,90,2.7872514838973683,3.210869288537433,2.7872514838973683,123.99291899055243,4,19,True
817,14,59,105,4.503843511889378,6.562494905603433,4.503843511889378,124.2410889826715,4,19,True
818,14,59,120,10.57511110305786,13.641037099080343,10.57511110305786,124.38719905912876,4,19,True
819,14,59,135,7.2331024716297785,8.817480181554926,7.2331024716297785,123.98287886753678,4,19,True
820,14,59,150,6.965770245591799,11.319189662496852,6.965770245591799,123.99217020720243,4,19,True
821,14,59,165,11.20937689691782,17.36717241743293,11.20937689691782,123.6493899486959,4,19,True
822,14,59,180,5.537588571508725,7.053425128614054,5.537588571508725,125.35717571154237,4,18,True
823,14,59,195,9.966509755452474,11.937143045981571,9.966509755452474,124.69653831794858,4,18,True
824,14,59,210,8.841686650613944,10.107623774182903,8.841686650613944,125.03595696762204,4,18,True
825,14,59,225,11.498598312338194,13.422037306804063,11.498598312338194,125.11746678501368,4,18,True
826,14,49,30,18.277573449164628,25.402583822130097,18.277573449164628,125.20697806030512,4,18,True
827,14,49,45,11.384716193874677,13.471381729663984,11.384716193874677,125.18524704501033,4,18,True
828,14,49,60,7.763093243042628,9.285307799563617,7.763093243042628,124.85406687483191,4,18,True
829,14,49,75,8.360273957252502,11.262486042866845,8.360273957252502,124.13266906514764,4,19,True
830,14,49,90,8.162586976091067,10.72409543545717,8.162586976091067,125.63402624800801,4,18,True
831,14,49,105,8.946608019868533,10.778043618554124,8.946608019868533,124.3636691942811,4,19,True
832,14,49,120,3.315956847916823,4.02169229574941,3.315956847916823,124.15438937023282,4,19,True
833,14,49,135,6.407405219972134,7.2916394325474805,6.407405219972134,124.08201908692718,4,19,True
834,14,49,150,2.253219309945901,2.6085684761577412,2.253219309945901,124.21937938779593,4,19,True
835,14,49,165,2.107166842619578,2.777575246163729,2.107166842619578,124.30192902684212,4,19,True
836,14,49,180,3.6691879494755995,4.968566284029724,3.6691879494755995,124.06031880527735,4,19,True
837,14,49,195,8.192555816842166,10.423481839690098,8.192555816842166,124.18620893731713,4,19,True
838,14,49,210,14.526087272167207,15.663070628764755,14.526087272167207,125.11240690946579,4,18,True
839,14,49,225,5.572494300206502,5.880850175497246,5.572494300206502,124.28886909037828,4,19,True
840,14,7,30,8.01822388569514,10.786048593595861,8.01822388569514,124.91469830274582,4,18,True
841,14,7,45,6.928521394729614,10.553834944245088,6.928521394729614,122.94529238715768,4,19,True
842,14,7,60,11.635740492733506,17.8289873053638,11.635740492733506,122.26478289812803,4,19,True
843,14,7,75,19.48399511190752,26.302272898903787,19.48399511190752,123.30243084579706,4,18,True
844,14,7,90,15.695781975612045,23.60280292751551,15.695781975612045,122.13009409606457,4,19,True
845,14,7,105,6.10579525778691,8.947568881100054,6.10579525778691,122.08492401987314,4,19,True
846,14,7,120,8.019577570756276,8.963259393131336,8.019577570756276,122.8951420634985,4,18,True
847,14,7,135,3.895906796058019,5.331812575192428,3.895906796058019,122.1516439691186,4,19,True
848,14,7,150,6.7651722356677055,8.690513374775971,6.7651722356677055,122.29582387953997,4,19,True
849,14,7,165,11.74498653014501,13.850622521991149,11.74498653014501,123.03340202197433,4,19,True
850,14,7,180,2.710047431786855,3.0697782924052244,2.710047431786855,124.07767027616501,4,19,True
851,14,7,195,10.972146976614992,16.392669564684358,10.972146976614992,124.2232397198677,4,19,True
852,14,7,210,9.707721624275049,12.061752875493264,9.707721624275049,124.29040996357799,4,19,True
853,14,7,225,13.25633899172147,16.89394975126525,13.25633899172147,124.38725866377354,4,18,True
854,14,47,30,5.011174201965332,5.823321996482688,5.011174201965332,122.97815224155784,4,18,True
855,14,47,45,5.431621360778808,5.962869674757563,5.431621360778808,122.509412933141,4,19,True
856,14,47,60,5.528426710764567,6.162259768787904,5.528426710764567,122.23024386912584,4,19,True
857,14,47,75,5.665562121073405,6.288197268269846,5.665562121073405,122.30554409325123,4,19,True
858,14,47,90,5.71116107304891,6.281731390240832,5.71116107304891,122.35424295067787,4,19,True
859,14,47,105,5.503359540303548,6.092031704838989,5.503359540303548,122.12123395875096,4,19,True
860,14,47,120,5.632353369394938,6.246083642919649,5.632353369394938,122.5156132131815,4,19,True
861,14,47,135,5.638091691335043,6.261989686669793,5.638091691335043,122.49984312802553,4,19,True
862,14,47,150,5.621079158782959,6.195883628982742,5.621079158782959,123.95101087167859,4,19,True
863,14,47,165,8.945218821366629,12.170209243008864,8.945218821366629,124.07611077651381,4,19,True
864,14,47,180,9.454461027185122,11.889108546648178,9.454461027185122,124.90674899891019,4,18,True
865,14,47,195,10.048355296254158,12.682180273569113,10.048355296254158,124.8649088665843,4,18,True
866,14,47,210,16.218098998069763,17.8493976064093,16.218098998069763,124.8681778088212,4,18,True
867,14,47,225,6.293707736333212,6.979959034460528,6.293707736333212,124.60537906736135,4,18,True
868,14,30,30,3.17867960135142,4.380801060546481,3.17867960135142,124.10007137805223,4,19,True
869,14,30,45,9.090860657890637,12.279833063926999,9.090860657890637,123.9473600871861,4,19,True
870,14,30,60,13.33749115963777,15.176826988275932,13.33749115963777,124.04628098011017,4,19,True
871,14,30,75,3.7366910696029665,5.168960403601978,3.7366910696029665,123.96795116364956,4,19,True
872,14,30,90,3.645616172812879,5.326251171510477,3.645616172812879,124.24398073926568,4,19,True
873,14,30,105,2.1557896299287678,2.65095405009038,2.1557896299287678,124.29017992690206,4,19,True
874,14,30,120,2.0810148881127435,2.692756234850844,2.0810148881127435,124.18145081028342,4,19,True
875,14,30,135,3.7084250138451655,5.832395411726586,3.7084250138451655,124.0742402151227,4,19,True
876,14,30,150,1.4898013770580292,2.447884046270836,1.4898013770580292,124.04901068657637,4,19,True
877,14,30,165,1.6066501875718435,2.4533036675902116,1.6066501875718435,123.79994196817279,4,19,True
878,14,30,180,2.025579014172157,2.3458882469723337,2.025579014172157,124.03992097824812,4,19,True
879,14,30,195,2.6004987212518853,3.2511965475577367,2.6004987212518853,124.10987028852105,4,19,True
880,14,30,210,1.9444985623160997,2.4800521263072355,1.9444985623160997,123.8892306573689,4,19,True
881,14,30,225,3.5976728684268893,4.834516826321099,3.5976728684268893,123.75002214685082,4,19,True
882,18,83,30,18.17044262091319,26.994762166385907,18.17044262091319,124.77156007662416,4,18,True
883,18,83,45,12.676138345400492,17.846316191728487,12.676138345400492,124.90629870444536,4,18,True
884,18,83,60,19.376042399182914,27.347020258373487,19.376042399182914,123.85379197075963,4,19,True
885,18,83,75,15.839265936985612,22.759015830629323,15.839265936985612,125.34501776099205,4,18,True
886,18,83,90,6.369252142403274,9.60172459361065,6.369252142403274,124.9439800158143,4,18,True
887,18,83,105,11.215217146184296,13.25112580511915,11.215217146184296,123.76508209854364,4,18,True
888,18,83,120,28.888633738535766,50.512988086278426,28.888633738535766,122.63741390779614,4,18,True
889,18,83,135,31.502816395958266,57.970012233894245,31.502816395958266,153.27214263379574,5,18,True
890,18,83,150,30.08269832357764,39.33412236981807,30.08269832357764,153.14295329153538,5,18,True
891,18,83,165,14.821751316388449,20.228211239548873,14.821751316388449,123.24379291385412,4,18,True
892,18,83,180,12.639680215343834,15.937730696985389,12.639680215343834,123.3199629932642,4,18,True
893,18,83,195,14.043420174345375,19.183117033599068,14.043420174345375,122.1058159135282,4,19,True
894,18,15,30,9.014440109829108,12.902193567572157,9.014440109829108,121.97455624118447,4,19,True
895,18,15,45,8.123655029137929,11.883769373147148,8.123655029137929,123.2260032556951,4,19,True
896,18,15,60,9.932378010358661,16.494331266733834,9.932378010358661,124.68454008921981,4,18,True
897,18,15,75,9.28963174680248,13.411367818027474,9.28963174680248,123.850392177701,4,19,True
898,18,15,90,3.8305168668429057,4.37708737796826,3.8305168668429057,123.90916189178824,4,19,True
899,18,15,105,3.591334906666695,4.901888032472233,3.591334906666695,124.11357089877129,4,19,True
900,18,15,120,5.954343811670939,8.412555443170142,5.954343811670939,123.71022207662463,4,19,True
901,18,15,135,6.863479040811459,8.066003448413674,6.863479040811459,124.42611064761877,4,18,True
902,18,15,150,3.0754609413444998,4.21181358851804,3.0754609413444998,123.5590330325067,4,19,True
903,18,15,165,6.014850475390753,7.490184083168829,6.014850475390753,123.97182174026966,4,19,True
904,18,3,30,19.895832084616025,26.214743383852444,19.895832084616025,124.03161078691483,4,19,True
905,18,3,45,52.20622935295105,74.34114315436547,52.20622935295105,125.18287915736437,4,18,True
906,18,3,60,36.90342857340972,63.55307811353675,36.90342857340972,123.83423186838627,4,19,True
907,18,3,75,62.62289244333903,89.36854649851956,62.62289244333903,155.51729872822762,5,18,True
908,18,3,90,60.3041174252828,80.87453380097583,60.3041174252828,123.95801302045584,4,19,True
909,18,3,105,19.4658793648084,24.626129041325672,19.4658793648084,124.77457104250789,4,18,True
910,18,3,120,35.258476569255194,39.15494125310498,35.258476569255194,124.66825963929296,4,18,True
911,18,3,135,15.337697313477596,21.619770431393963,15.337697313477596,125.34056976437569,4,18,True
912,18,3,150,10.651790940761567,12.606579716872726,10.651790940761567,124.81855088844895,4,18,True
913,18,3,165,6.869867165883382,10.632465175676142,6.869867165883382,123.92282206565142,4,19,True
914,18,35,30,18.125979159772395,27.07132988757433,18.125979159772395,124.98441990464926,4,18,True
915,18,35,45,24.945153199632962,32.49655699822147,24.945153199632962,125.13607973232865,4,18,True
916,18,35,60,8.63277270918091,9.794726111127543,8.63277270918091,124.5483411476016,4,18,True
917,18,35,75,6.028871374371617,6.5728554795196255,6.028871374371617,124.08358231186867,4,19,True
918,18,35,90,4.333766877247641,5.750283657890628,4.333766877247641,124.01789193972945,4,19,True
919,18,35,105,4.7470121812230595,6.100388200984979,4.7470121812230595,124.17360208928585,4,19,True
920,18,35,120,7.992869095923379,16.556743387183147,7.992869095923379,123.84846294298768,4,19,True
921,18,35,135,28.70544204910596,38.67935847316698,28.70544204910596,125.03965012729168,4,18,True
922,18,35,150,51.54188250799974,70.50666069669437,51.54188250799974,125.02164021134377,4,18,True
923,18,35,165,49.82145448749264,64.76691292957956,49.82145448749264,155.40420915931463,5,18,True
924,18,35,180,8.065061804403861,9.391485958195096,8.065061804403861,124.60967199876904,4,18,True
925,18,35,195,3.656049014131228,4.516159033596971,3.656049014131228,123.95288329571486,4,19,True
926,18,35,210,3.491286108891169,5.145924626864657,3.491286108891169,123.71720280498266,4,19,True
927,18,35,225,17.560393408934274,29.106213086600604,17.560393408934274,123.95794177427888,4,19,True
928,18,48,30,18.994026241699853,22.984255220732273,18.994026241699853,123.90885315835476,4,19,True
929,18,48,45,47.5495628260076,67.55309765727351,47.5495628260076,123.98579204455018,4,19,True
930,18,48,60,26.212237677971522,31.614685009802514,26.212237677971522,155.70278884842992,5,18,True
931,18,48,75,34.9315827416877,51.221868311511884,34.9315827416877,155.65375005826354,5,18,True
932,18,48,90,9.96518946538369,13.193925634249288,9.96518946538369,124.63649176061153,4,18,True
933,18,48,105,7.945401652654012,8.29586583075383,7.945401652654012,124.69717068597674,4,18,True
934,18,48,120,5.31578689366579,7.959098353706507,5.31578689366579,124.11624332889915,4,19,True
935,18,48,135,6.719143759210905,10.366954990308658,6.719143759210905,124.67764224857092,4,18,True
936,18,48,150,4.912641318639119,5.929471088033573,4.912641318639119,124.16992289945483,4,19,True
937,18,48,165,6.859053168197473,8.527328164397005,6.859053168197473,123.69533302262425,4,19,True
938,18,48,180,5.884277423719565,9.223740128644955,5.884277423719565,123.88241291046143,4,19,True
939,18,48,195,8.800915253410738,11.20780311255333,8.800915253410738,124.1381922736764,4,19,True
940,18,48,210,3.8553192257881164,5.397293774906134,3.8553192257881164,124.05566312372684,4,19,True
941,18,48,225,9.93201140165329,14.348653005948057,9.93201140165329,124.13213215768337,4,19,True
942,18,22,30,7.162275088081757,10.336447277534704,7.162275088081757,124.77208208292723,4,18,True
943,18,22,45,8.787027135491371,18.593700231409468,8.787027135491371,124.00057399645448,4,19,True
944,18,22,60,10.915207287172477,17.797315627965684,10.915207287172477,124.9433122575283,4,18,True
945,18,22,75,12.327776803076267,16.741252273147783,12.327776803076267,124.77155169472098,4,18,True
946,18,22,90,3.0081874509652455,3.7527508453860556,3.0081874509652455,123.94676310941577,4,19,True
947,18,22,105,2.6236497163772583,3.432091150456694,2.6236497163772583,123.91099380329251,4,19,True
948,18,22,120,2.6856285353501637,3.4885320332077643,2.6856285353501637,123.85970307514071,4,19,True
949,18,22,135,1.5832768400510153,2.624941254483863,1.5832768400510153,123.8285037688911,4,19,True
950,18,22,150,3.4174563211854547,5.860036258328117,3.4174563211854547,123.87889390811324,4,19,True
951,18,22,165,2.7975135816882055,3.6631489290962658,2.7975135816882055,123.84635303169489,4,19,True
952,18,55,30,9.431154209375382,19.52227813684822,9.431154209375382,124.08480327576399,4,19,True
953,18,55,45,28.82634413888057,46.93832752233923,28.82634413888057,123.64176427945495,4,19,True
954,18,55,60,38.43323898067077,55.2391363806455,38.43323898067077,155.8369300328195,5,18,True
955,18,55,75,5.512264140446981,7.445223985915516,5.512264140446981,124.00508392602205,4,19,True
956,18,55,90,13.320762165387471,16.767448284605305,13.320762165387471,123.79875360056758,4,19,True
957,18,55,105,20.519198370476563,24.062051934328274,20.519198370476563,124.96676109731197,4,19,True
958,18,55,120,16.40393982330958,22.118114443614783,16.40393982330958,125.20286068320274,4,18,True
959,18,55,135,9.807883550971747,10.646027201568096,9.807883550971747,124.80431189760566,4,18,True
960,18,55,150,6.804674015690883,8.301919387530848,6.804674015690883,124.5348728261888,4,18,True
961,18,55,165,3.7514597579836844,5.456988805156564,3.7514597579836844,124.09358331933618,4,19,True
962,18,4,30,14.265536113580067,18.31337729528626,14.265536113580067,125.05170237272978,4,18,True
963,18,4,45,10.090159127876783,11.130143185344028,10.090159127876783,125.85004093125463,4,18,True
964,18,4,60,1.7775157203276952,2.2095235449890143,1.7775157203276952,123.96949389949441,4,19,True
965,18,4,75,1.5859972715377808,2.0632703767722775,1.5859972715377808,123.61559411510825,4,19,True
966,18,4,90,12.154867647091548,16.88218599824498,12.154867647091548,123.83720418438315,4,19,True
967,18,4,105,6.143624903510014,8.202129616179683,6.143624903510014,123.95870359614491,4,19,True
968,18,4,120,3.6344580950836343,4.264008717947757,3.6344580950836343,124.02287404984236,4,19,True
969,18,4,135,5.684905087761581,6.152195338603303,5.684905087761581,123.43338504433632,4,19,True
970,18,4,150,3.581706449575722,4.939390752469962,3.581706449575722,123.25581489130855,4,19,True
971,18,4,165,4.150483064850172,5.742008816777587,4.150483064850172,123.28058620914817,4,19,True
972,18,4,180,4.9534430782000225,5.882274577041168,4.9534430782000225,123.747524805367,4,19,True
973,18,45,30,17.706252237657704,27.14061533511144,17.706252237657704,124.46234421804547,4,18,True
974,18,45,45,13.378261315822602,20.423698093927477,13.378261315822602,124.5472626760602,4,18,True
975,18,45,60,27.210061454772948,35.54502940767036,27.210061454772948,124.36410272493958,4,18,True
976,18,45,75,16.432807515064876,19.306169800676894,16.432807515064876,124.79539308696985,4,18,True
977,18,45,90,16.52689016610384,23.929290105449066,16.52689016610384,124.70911303535104,4,18,True
978,18,45,105,7.864469003832588,12.90635987160753,7.864469003832588,124.89124294370413,4,18,True
979,18,45,120,3.0475642412900923,3.984552099061125,3.0475642412900923,123.73705534264445,4,19,True
980,18,45,135,3.092376559972763,3.3101912959473747,3.092376559972763,123.88167530298233,4,19,True
981,18,45,150,3.0007009992996854,3.3915951825381856,3.0007009992996854,123.81961429491639,4,19,True
982,18,45,165,4.473723848660787,6.932192430213068,4.473723848660787,123.67452494800091,4,19,True
983,18,60,30,4.639119886358579,6.217516982805646,4.639119886358579,124.52938314527273,4,18,True
984,18,60,45,1.2886308004458746,1.5964014362375691,1.2886308004458746,123.96048381924629,4,19,True
985,18,60,60,1.913780146340529,2.3138230738829253,1.913780146340529,123.89053404331207,4,19,True
986,18,60,75,9.168979987502098,17.44973385897491,9.168979987502098,123.88829467818141,4,19,True
987,18,60,90,14.407999924570323,22.77691949463646,14.407999924570323,124.80374285951257,4,18,True
988,18,60,105,27.03701661141434,44.182491165468484,27.03701661141434,124.90984285250306,4,18,True
989,18,60,120,6.867652269701163,9.588868890241853,6.867652269701163,124.9416428618133,4,18,True
990,18,60,135,3.4162179708480833,5.009253700236968,3.4162179708480833,124.06547367572784,4,19,True
991,18,60,150,1.4043399532636007,1.6495051544673665,1.4043399532636007,123.83152497932315,4,19,True
992,18,60,165,5.495058860753973,8.056643334187594,5.495058860753973,123.96734394133091,4,19,True
993,18,26,30,24.750603407621384,34.79862165802652,24.750603407621384,124.64210391044617,4,18,True
994,18,26,45,44.420472802221774,68.59036274705126,44.420472802221774,155.25240311399102,5,18,True
995,18,26,60,42.91814971268177,71.43783484091621,42.91814971268177,124.5523332618177,4,18,True
996,18,26,75,48.433580644925435,77.42516791888566,48.433580644925435,155.9512922540307,5,18,True
997,18,26,90,22.427907979364196,34.50775577931895,22.427907979364196,155.12757282704115,5,18,True
998,18,26,105,6.798400578399499,9.440091220202948,6.798400578399499,122.0381292514503,4,19,True
999,18,26,120,13.568037079460918,19.668308598660854,13.568037079460918,121.79310899227858,4,19,True
1000,18,26,135,12.552463834484419,18.649296267757833,12.552463834484419,122.02384881675243,4,19,True
1001,18,26,150,21.05345971484979,26.815768080762037,21.05345971484979,122.7916176430881,4,18,True
1002,18,26,165,12.134363478173812,18.3640667632366,12.134363478173812,121.8047603033483,4,19,True
1003,18,21,30,7.3612178191542625,13.144493255962882,7.3612178191542625,121.67862989008427,4,19,True
1004,18,21,45,12.493155438204607,21.47350118416756,12.493155438204607,121.6655601747334,4,19,True
1005,18,21,60,10.073112829526265,13.90567424770846,10.073112829526265,123.00254683941603,4,18,True
1006,18,21,75,7.991428333520889,10.222767901219658,7.991428333520889,124.7988841496408,4,18,True
1007,18,21,90,20.848565269447864,29.217354865019775,20.848565269447864,123.48141614347696,4,19,True
1008,18,21,105,25.01113292723894,38.90016342491636,25.01113292723894,124.97510341927409,4,18,True
1009,18,21,120,5.443946764866511,7.706946501787227,5.443946764866511,124.49722364544868,4,18,True
1010,18,21,135,2.98246736060828,4.506753512897778,2.98246736060828,123.5275762155652,4,19,True
1011,18,21,150,7.158968807756901,11.521210148646063,7.158968807756901,123.7331060692668,4,19,True
1012,18,21,165,9.6756035293142,12.104693697897273,9.6756035293142,124.66342421248555,4,18,True
1013,18,44,30,12.843934432665508,16.62025078257759,12.843934432665508,124.80250326916575,4,18,True
1014,18,44,45,4.356264384587606,5.101611465033397,4.356264384587606,123.70991613715887,4,19,True
1015,18,44,60,2.4200719197591147,2.6602027994382933,2.4200719197591147,123.67616593837738,4,19,True
1016,18,44,75,13.426308809717495,20.917820652702016,13.426308809717495,124.03802620247006,4,19,True
1017,18,44,90,14.7682218240574,23.29176431011966,14.7682218240574,124.36237512156367,4,18,True
1018,18,44,105,15.780693665953974,22.198900660361435,15.780693665953974,124.26526518538594,4,18,True
1019,18,44,120,11.754753492275874,15.069862451095148,11.754753492275874,124.81148540973663,4,18,True
1020,18,44,135,11.242253986994426,12.906205962799621,11.242253986994426,124.40405506640673,4,18,True
1021,18,44,150,10.952029846111934,18.571077980664384,10.952029846111934,123.63643711432815,4,19,True
1022,18,44,165,12.597253918647766,17.167416083204984,12.597253918647766,124.79788484051824,4,18,True
1023,18,44,180,5.3176733661443,6.166118412460722,5.3176733661443,123.19852691143751,4,19,True
1024,18,44,195,6.149038796747724,9.044841965760098,6.149038796747724,122.0458191819489,4,19,True
1025,18,44,210,5.4544947839031614,6.867004964543912,5.4544947839031614,121.941729914397,4,19,True
1026,18,44,225,9.091225465138754,10.720160410982702,9.091225465138754,121.60047981888056,4,19,True
1027,18,23,30,17.143100089828174,24.658081651094758,17.143100089828174,122.83548805862665,4,18,True
1028,18,23,45,13.719197368621826,23.79407093421584,13.719197368621826,122.20096867531538,4,19,True
1029,18,23,60,13.754277741412322,19.34904879410635,13.754277741412322,121.76872976124287,4,19,True
1030,18,23,75,29.310358516375224,43.62260671832479,29.310358516375224,152.8368489816785,5,18,True
1031,18,23,90,14.994571552673976,18.660938035358836,14.994571552673976,122.68462823703885,4,18,True
1032,18,23,105,17.286692312856516,24.236973551539844,17.286692312856516,123.4161970205605,4,19,True
1033,18,23,120,12.927358394861221,16.15257179497801,12.927358394861221,124.66550525277853,4,18,True
1034,18,23,135,17.785762398162237,26.00221033876368,17.785762398162237,124.93581371381879,4,18,True
1035,18,23,150,22.298349880054595,33.00425857945596,22.298349880054595,124.8275451362133,4,18,True
1036,18,23,165,23.332916560769082,32.64445658710349,23.332916560769082,125.00875489786267,4,18,True
1037,18,53,30,45.32073383107782,61.32665740232446,45.32073383107782,124.17788617312908,4,19,True
1038,18,53,45,42.3226242069155,58.27071395620212,42.3226242069155,124.87702397629619,4,18,True
1039,18,53,60,43.6382624335587,71.76285675194195,43.6382624335587,124.7478649020195,4,18,True
1040,18,53,75,24.484428246815998,40.74667337046348,24.484428246815998,153.10439886525273,5,18,True
1041,18,53,90,30.78882833321889,51.15972376212426,30.78882833321889,122.98313807696104,4,18,True
1042,18,53,105,11.737842698891958,17.712402178635138,11.737842698891958,122.67618905752897,4,18,True
1043,18,53,120,14.868000801404317,23.720972081449588,14.868000801404317,121.80519010871649,4,19,True
1044,18,53,135,10.154891633987427,12.42947750692468,10.154891633987427,122.64808919280767,4,18,True
1045,18,53,150,15.578563746220121,27.77953568545893,15.578563746220121,122.00488988310099,4,19,True
1046,18,53,165,29.31801213414098,46.24377588944589,29.31801213414098,123.2357183471322,4,18,True
1047,18,84,30,46.74118865430355,57.91962305251891,46.74118865430355,153.18601904436946,5,18,True
1048,18,84,45,40.03320840075612,59.223970473430306,40.03320840075612,125.03986386582255,4,18,True
1049,18,84,60,23.92068631152312,31.622450493881495,23.92068631152312,125.05866400897503,4,18,True
1050,18,84,75,23.685032598084458,28.044450870576686,23.685032598084458,125.05372380837798,4,18,True
1051,18,84,90,7.6593172709147135,9.228379416092526,7.6593172709147135,125.01409510150552,4,18,True
1052,18,84,105,7.706517541408539,10.69712576787761,7.706517541408539,124.07541694119573,4,19,True
1053,18,84,120,8.503745673472682,9.80389617723291,8.503745673472682,125.42677391320467,4,18,True
1054,18,84,135,4.2430118889237445,5.844020005466607,4.2430118889237445,124.25816571339965,4,19,True
1055,18,84,150,6.606575130733351,7.614980563052725,6.606575130733351,123.91610583290458,4,19,True
1056,18,84,165,7.940356620649497,8.440797530796145,7.940356620649497,124.74523484706879,4,18,True
1057,18,59,30,20.316565837462743,28.994776796443684,20.316565837462743,123.79786698147655,4,19,True
1058,18,59,45,9.59894642283519,14.210244512893091,9.59894642283519,124.86648606136441,4,18,True
1059,18,59,60,9.616614011923472,12.774342232774119,9.616614011923472,124.64531604200602,4,18,True
1060,18,59,75,11.750617496172588,15.460960084824347,11.750617496172588,123.79008810967207,4,19,True
1061,18,59,90,15.207365385691325,18.36347854476321,15.207365385691325,123.58156824484468,4,19,True
1062,18,59,105,8.6657442945987,12.21119628062422,8.6657442945987,124.21279586851597,4,18,True
1063,18,59,120,16.791093164806565,23.654859997164912,16.791093164806565,124.72065538167953,4,18,True
1064,18,59,135,2.2460491200288137,2.948678752155718,2.2460491200288137,123.6926568672061,4,19,True
1065,18,59,150,5.7160580769181255,8.192123256924669,5.7160580769181255,123.75422706827521,4,19,True
1066,18,59,165,8.244977815945942,10.012135404588067,8.244977815945942,123.86976694688201,4,19,True
1067,18,49,30,32.46701034804185,45.44118563468887,32.46701034804185,124.01818670332432,4,19,True
1068,18,49,45,48.4616429189841,69.76331626131426,48.4616429189841,124.66435506939888,4,18,True
1069,18,49,60,12.201437475035588,13.865033526596722,12.201437475035588,125.09385542944074,4,18,True
1070,18,49,75,11.628226319017509,16.512173343323088,11.628226319017509,124.37061592936516,4,18,True
1071,18,49,90,17.077076969109477,20.60873062386923,17.077076969109477,125.1866640523076,4,18,True
1072,18,49,105,29.569853050510087,48.79917307503672,29.569853050510087,124.78926591575146,4,18,True
1073,18,49,120,15.761484905083973,21.11448787194942,15.761484905083973,124.00926696136594,4,19,True
1074,18,49,135,14.387645936012268,18.946639775660834,14.387645936012268,124.64024592190981,4,18,True
1075,18,49,150,8.10158616900444,11.451262243821445,8.10158616900444,123.88963717967272,4,19,True
1076,18,49,165,8.094900681776926,9.601400125411658,8.094900681776926,123.60803782939911,4,19,True
1077,18,49,180,16.880952215194704,19.587167620071316,16.880952215194704,124.54026704654098,4,18,True
1078,18,49,195,11.288765287399292,15.063568322143054,11.288765287399292,124.27242565900087,4,18,True
1079,18,49,210,6.77766998608907,11.080345275054865,6.77766998608907,122.13639076799154,4,19,True
1080,18,7,30,39.468907646338145,57.277868962100555,39.468907646338145,123.0274997651577,4,18,True
1081,18,7,45,5.041333015759786,6.878648930111925,5.041333015759786,122.13150085881352,4,19,True
1082,18,7,60,3.4280660734822352,4.631930062641804,3.4280660734822352,122.06137226894498,4,19,True
1083,18,7,75,14.310355891038974,25.917635956407235,14.310355891038974,122.19858122989535,4,19,True
1084,18,7,90,33.95372489690781,41.8798891379195,33.95372489690781,123.30366903916001,4,18,True
1085,18,7,105,27.205204180876414,43.93861657678275,27.205204180876414,122.31154972687364,4,19,True
1086,18,7,120,29.685073923630018,43.12097535455721,29.685073923630018,153.24006043374538,5,18,True
1087,18,7,135,33.37367018858592,44.13397322238626,33.37367018858592,155.5298357270658,5,18,True
1088,18,7,150,17.62192457318306,27.790492997409192,17.62192457318306,124.00493677705526,4,19,True
1089,18,7,165,16.291722109727562,21.814030805946505,16.291722109727562,128.2983892597258,4,18,True
1090,18,47,30,14.632513723367204,21.381229682250737,14.632513723367204,125.38118567317724,4,18,True
1091,18,47,45,11.728174367547036,16.545771092282845,11.728174367547036,123.69201891124249,4,18,True
1092,18,47,60,10.315039896965027,12.395462414215915,10.315039896965027,123.22228029370308,4,18,True
1093,18,47,75,1.2161835193634034,1.8361349423061757,1.2161835193634034,122.19652067869902,4,19,True
1094,18,47,90,6.664611534277598,10.098883041623793,6.664611534277598,122.16256186366081,4,19,True
1095,18,47,105,5.407297801971436,6.94311581778643,5.407297801971436,122.0612321048975,4,19,True
1096,18,47,120,2.125468405087789,3.0419623706295424,2.125468405087789,122.65174137428403,4,19,True
1097,18,47,135,4.391227746009827,9.094794224993878,4.391227746009827,122.17463087290525,4,19,True
1098,18,47,150,15.865576693415642,22.607169686461145,15.865576693415642,122.114981058985,4,19,True
1099,18,47,165,9.402878920485575,11.842928939922317,9.402878920485575,123.66394884884357,4,18,True
1100,18,30,30,14.348375479194026,19.428567310849953,14.348375479194026,123.93561797216535,4,19,True
1101,18,30,45,6.002834018071493,7.719975559187262,6.002834018071493,123.97148786112666,4,19,True
1102,18,30,60,3.252841567993164,3.834654186363955,3.252841567993164,124.04859811067581,4,19,True
1103,18,30,75,4.118531068166097,4.489591483899153,4.118531068166097,124.05789783224463,4,19,True
1104,18,30,90,2.5083219051361083,2.816636775013901,2.5083219051361083,124.06625831499696,4,19,True
1105,18,30,105,2.3575201511383055,2.7886016105518583,2.3575201511383055,124.02929831296206,4,19,True
1106,18,30,120,2.2153441429138185,3.2672339812972124,2.2153441429138185,123.94696800038218,4,19,True
1107,18,30,135,4.221728134155273,5.555176472965857,4.221728134155273,123.95927775651217,4,19,True
1108,18,30,150,3.026270278294881,3.400005612731665,3.026270278294881,123.69535770267248,4,19,True
1109,18,30,165,1.8441274563471477,2.3275331416252,1.8441274563471477,123.7240289337933,4,19,True
1110,24,83,30,13.541687801356117,16.31620855528354,13.541687801356117,124.60198812186718,4,18,True
1111,24,83,45,7.3838267518828316,10.326193567285088,7.3838267518828316,123.78053925931454,4,19,True
1112,24,83,60,3.703608196973801,4.56163116865624,3.703608196973801,124.75260626524687,4,18,True
1113,24,83,75,8.402874314847091,12.531232605190784,8.402874314847091,124.27102774381638,4,19,True
1114,24,83,90,25.76183288221558,51.681831511442525,25.76183288221558,123.9466480910778,4,19,True
1115,24,83,105,29.694777352611222,50.03993029662727,29.694777352611222,155.70616722106934,5,18,True
1116,24,83,120,6.565513879060745,11.454853041733115,6.565513879060745,123.82073933258653,4,19,True
1117,24,83,135,8.33041027902315,11.414946514614506,8.33041027902315,124.05061768367887,4,19,True
1118,24,83,150,15.50535887782462,24.92920102449478,15.50535887782462,124.75618673488498,4,18,True
1119,24,83,165,13.611020687269047,20.75198943872544,13.611020687269047,128.12158977612853,4,19,True
1120,24,83,180,6.86578156153361,7.84230192205397,6.86578156153361,125.30687591060996,4,18,True
1121,24,83,195,6.107530975093444,9.110018945672,6.107530975093444,123.03532101213932,4,19,True
1122,24,83,210,8.002899565547704,11.498113011041578,8.002899565547704,121.9648215919733,4,19,True
1123,24,83,225,6.281621845563253,8.421587558054402,6.281621845563253,122.48139176517725,4,19,True
1124,24,15,30,26.526106473058462,41.213859068496326,26.526106473058462,122.65451112762094,4,18,True
1125,24,15,45,14.696362782021364,20.881588562665254,14.696362782021364,153.1025329604745,5,18,True
1126,24,15,60,5.892437100410461,8.877715087454018,5.892437100410461,122.90262104943395,4,18,True
1127,24,15,75,11.165355078379314,17.343636807822502,11.165355078379314,122.43020115420222,4,19,True
1128,24,15,90,6.367972161372503,8.513347355256135,6.367972161372503,122.70442070439458,4,18,True
1129,24,15,105,6.574969215194384,8.688259715589448,6.574969215194384,122.85855086520314,4,19,True
1130,24,15,120,8.905322500069936,13.405880078157512,8.905322500069936,124.27888764068484,4,19,True
1131,24,15,135,2.1046564976374307,2.8546845425266163,2.1046564976374307,124.3643881753087,4,19,True
1132,24,15,150,4.957279260953268,6.56933696193106,4.957279260953268,123.68813902139664,4,19,True
1133,24,15,165,13.406529569625855,20.307122115075327,13.406529569625855,124.58814773708582,4,18,True
1134,24,15,180,3.979830241203308,6.101195024753131,3.979830241203308,123.89358878135681,4,19,True
1135,24,15,195,15.117585374911625,23.389174527254596,15.117585374911625,125.66378619521856,4,19,True
1136,24,15,210,8.461639718214672,13.30950302302309,8.461639718214672,124.80610702186823,4,18,True
1137,24,15,225,14.707351376612982,20.535616695794847,14.707351376612982,123.5999702475965,4,19,True
1138,24,3,30,41.40093578497569,57.30724508249689,41.40093578497569,123.79937898367643,4,19,True
1139,24,3,45,11.57957377632459,12.982025682731823,11.57957377632459,123.53532016277313,4,19,True
1140,24,3,60,34.93885377446811,50.60737319529134,34.93885377446811,123.96538909524679,4,19,True
1141,24,3,75,23.918812813361487,29.277028603545165,23.918812813361487,155.32143786549568,5,18,True
1142,24,3,90,18.364607338110606,21.42046670156584,18.364607338110606,124.93206793442369,4,18,True
1143,24,3,105,3.1744027535120645,3.5891713816636046,3.1744027535120645,124.54220885410905,4,19,True
1144,24,3,120,11.533909622828165,18.358948064308482,11.533909622828165,124.27222914993763,4,19,True
1145,24,3,135,8.57089554866155,12.16789512910236,8.57089554866155,124.96787728741765,4,18,True
1146,24,3,150,8.009138961633047,9.549238787029001,8.009138961633047,124.85534837469459,4,18,True
1147,24,3,165,12.51898337205251,17.4811749964211,12.51898337205251,124.06205013394356,4,19,True
1148,24,3,180,6.708502940336863,8.808035382330656,6.708502940336863,124.55354910343885,4,19,True
1149,24,3,195,5.468415411313375,7.138754363917115,5.468415411313375,123.92600998282433,4,19,True
1150,24,3,210,3.5719523231188455,4.084461302602242,3.5719523231188455,124.05969901010394,4,19,True
1151,24,3,225,4.626519759496053,6.495489242774039,4.626519759496053,124.23263862729073,4,19,True
1152,24,35,30,21.88067580560843,28.47451217769011,21.88067580560843,123.94922971725464,4,19,True
1153,24,35,45,20.602576891953746,24.038859453578073,20.602576891953746,125.1674173399806,4,18,True
1154,24,35,60,5.196305218338966,6.442801100593351,5.196305218338966,124.42089803516865,4,19,True
1155,24,35,75,2.2040515104929606,2.487820329942664,2.2040515104929606,124.06185967847705,4,19,True
1156,24,35,90,1.908619753519694,2.3203423406608903,1.908619753519694,123.86842025443912,4,19,True
1157,24,35,105,2.1873229225476583,2.5492124545931394,2.1873229225476583,123.781549744308,4,19,True
1158,24,35,120,7.892416555186113,11.560200799825775,7.892416555186113,123.76047996804118,4,19,True
1159,24,35,135,7.513691806793213,8.851794835361149,7.513691806793213,124.98523807153106,4,18,True
1160,24,35,150,3.8123799204826354,4.5865854627232805,3.8123799204826354,124.96186792850494,4,18,True
1161,24,35,165,3.102196745077769,4.15348388565834,3.102196745077769,124.04249887913465,4,19,True
1162,24,35,180,3.4092281507328153,4.365535330852557,3.4092281507328153,124.05925011262298,4,19,True
1163,24,35,195,6.496218707164129,10.42137565730226,6.496218707164129,124.14069892838597,4,19,True
1164,24,35,210,13.416185189286868,17.265027959017434,13.416185189286868,125.09975768625736,4,18,True
1165,24,35,225,18.119677076737087,19.691873396613936,18.119677076737087,125.07982784882188,4,18,True
1166,24,48,30,29.242594090290368,38.827036070817016,29.242594090290368,125.05032820627093,4,18,True
1167,24,48,45,33.05691032012304,47.38351470263516,33.05691032012304,125.09015714749694,4,18,True
1168,24,48,60,16.38091475168864,22.64933597384297,16.38091475168864,155.7740680873394,5,18,True
1169,24,48,75,14.854723867277304,21.632514237707575,14.854723867277304,123.93542006611824,4,19,True
1170,24,48,90,5.082669725517432,6.30029440724485,5.082669725517432,124.32024022564292,4,19,True
1171,24,48,105,4.924248248338699,8.093095178628781,4.924248248338699,124.29345026612282,4,19,True
1172,24,48,120,19.424068480730057,24.969732529521597,19.424068480730057,124.1473201662302,4,19,True
1173,24,48,135,13.365423650416778,15.08842742778137,13.365423650416778,125.38835732266307,4,18,True
1174,24,48,150,5.721340425809225,6.766291432296194,5.721340425809225,123.91534028574824,4,19,True
1175,24,48,165,3.5027352571487427,4.437394290668214,3.5027352571487427,123.97000007331371,4,19,True
1176,24,48,180,2.34692497253418,3.7683331499462853,2.34692497253418,124.04905958101153,4,19,True
1177,24,48,195,10.087247470021248,17.24192061051308,10.087247470021248,124.13195008412004,4,19,True
1178,24,48,210,4.765114688873291,6.600971053711234,4.765114688873291,123.8995511084795,4,19,True
1179,24,48,225,4.830756478508314,7.173444257587895,4.830756478508314,123.95812990143895,4,19,True
1180,24,22,30,8.432773329814275,11.234369456893713,8.432773329814275,124.85811905935407,4,18,True
1181,24,22,45,7.540277716517449,11.758726146207167,7.540277716517449,124.67762921005487,4,18,True
1182,24,22,60,5.192672380805016,6.458235872295536,5.192672380805016,124.14744030684233,4,19,True
1183,24,22,75,6.902914571886261,10.569585172157186,6.902914571886261,124.06959990039468,4,19,True
1184,24,22,90,2.3135377465436857,2.87336636167474,2.3135377465436857,124.83656918630004,4,18,True
1185,24,22,105,1.9696665026247502,2.56552802131672,1.9696665026247502,123.9976012147963,4,19,True
1186,24,22,120,1.885026619831721,2.5576060160413014,1.885026619831721,124.24012133851647,4,19,True
1187,24,22,135,1.8986244382336737,2.4485538857469797,1.8986244382336737,124.23411011695862,4,19,True
1188,24,22,150,1.818589616799727,2.6215327135973507,1.818589616799727,123.89234080910683,4,19,True
1189,24,22,165,2.0951459823952368,2.45463021475717,2.0951459823952368,123.98260040208697,4,19,True
1190,24,22,180,4.184871032088995,10.549817279725337,4.184871032088995,123.78692114725709,4,19,True
1191,24,22,195,12.662666723132133,19.81825141578136,12.662666723132133,123.91613982617855,4,19,True
1192,24,22,210,1.791779891649882,2.646207808241731,1.791779891649882,124.02409082278609,4,19,True
1193,24,22,225,2.6838231086730957,4.282834954306188,2.6838231086730957,123.89928102493286,4,19,True
1194,24,55,30,8.148463379840056,11.575906593401804,8.148463379840056,124.8705592006445,4,18,True
1195,24,55,45,2.7772342526043454,3.305071328854063,2.7772342526043454,123.95811127498746,4,19,True
1196,24,55,60,7.0438608895366395,15.135701069687109,7.0438608895366395,123.19415295496583,4,19,True
1197,24,55,75,22.8337058827281,29.470391439089756,22.8337058827281,123.61187115311623,4,19,True
1198,24,55,90,16.18693625141556,20.692820286106247,16.18693625141556,124.69744915142655,4,18,True
1199,24,55,105,12.805219853731494,17.58999258114891,12.805219853731494,125.0049090012908,4,18,True
1200,24,55,120,1.6891296625137329,1.9173505338304286,1.6891296625137329,124.02356090024114,4,19,True
1201,24,55,135,1.3336950143178303,1.9359419658110997,1.3336950143178303,123.99878120049834,4,19,True
1202,24,55,150,1.7036264061927795,3.509709124264117,1.7036264061927795,123.72221099212766,4,19,True
1203,24,55,165,14.949487189451853,25.10268259331503,14.949487189451853,123.34794318303466,4,19,True
1204,24,55,180,4.611485322316487,6.41369797504969,4.611485322316487,122.17152491211891,4,19,True
1205,24,55,195,8.371762339274088,16.25782208626695,8.371762339274088,122.34542425721884,4,19,True
1206,24,55,210,9.943141198158264,20.369587817103433,9.943141198158264,123.05905297398567,4,18,True
1207,24,55,225,4.174065103133519,5.571088055865849,4.174065103133519,122.16517515480518,4,19,True
1208,24,4,30,23.91141421943903,36.36624468440885,23.91141421943903,123.32423264160752,4,18,True
1209,24,4,45,13.340891727929314,19.1017881365889,13.340891727929314,121.98699405416846,4,19,True
1210,24,4,60,6.516129315892855,10.009712828993552,6.516129315892855,123.17834328860044,4,18,True
1211,24,4,75,5.328391390045484,7.0653034881309535,5.328391390045484,122.09160486236215,4,19,True
1212,24,4,90,3.84212589263916,4.727589346329394,3.84212589263916,123.31548286601901,4,19,True
1213,24,4,105,1.331191651026408,1.6928099489311172,1.331191651026408,124.17045095935464,4,19,True
1214,24,4,120,1.018213144938151,1.549217790353565,1.018213144938151,123.88623226433992,4,19,True
1215,24,4,135,1.0162715593973795,1.5561519922869411,1.0162715593973795,122.96252325177193,4,19,True
1216,24,4,150,1.1982929706573486,1.9116546203424134,1.1982929706573486,123.86918067932129,4,19,True
1217,24,4,165,3.608042746782303,6.897626007193901,3.608042746782303,124.15512092411518,4,19,True
1218,24,4,180,12.769819780935844,16.888125714239326,12.769819780935844,123.93410177901387,4,19,True
1219,24,4,195,4.833860905965169,6.302777785887509,4.833860905965169,124.10766072571278,4,19,True
1220,24,4,210,3.9634577075640363,5.926590719771465,3.9634577075640363,123.99202166125178,4,19,True
1221,24,4,225,4.138431636492411,6.105808048147266,4.138431636492411,123.8613910973072,4,19,True
1222,24,45,30,8.487933194637298,11.664656431185927,8.487933194637298,124.56846004351974,4,18,True
1223,24,45,45,7.582065614064534,9.954397488710917,7.582065614064534,124.68286976218224,4,18,True
1224,24,45,60,2.4889421145121258,3.1254688002341777,2.4889421145121258,123.14824294298887,4,19,True
1225,24,45,75,2.396911843617757,2.7479684682615995,2.396911843617757,122.97239294275641,4,19,True
1226,24,45,90,1.9938860416412354,2.3790380565283753,1.9938860416412354,123.9137020893395,4,19,True
1227,24,45,105,2.2877699375152587,2.652209045386669,2.2877699375152587,124.18425129726529,4,19,True
1228,24,45,120,15.96475761582454,23.77488939869831,15.96475761582454,123.9963723346591,4,19,True
1229,24,45,135,21.7461796178172,27.264161269775904,21.7461796178172,125.1895697787404,4,18,True
1230,24,45,150,7.945812275012334,14.033600153830399,7.945812275012334,127.64329416677356,4,19,True
1231,24,45,165,20.92197121977806,24.07636288768273,20.92197121977806,124.69939002767205,4,19,True
1232,24,45,180,8.733148594697317,18.60067523851923,8.733148594697317,125.88908802717924,4,18,True
1233,24,45,195,9.921798608700435,16.01696090915602,9.921798608700435,155.5686006322503,5,18,True
1234,24,45,210,3.7245314598083494,5.13614290993423,3.7245314598083494,124.47410076856613,4,19,True
1235,24,45,225,3.573617672920227,4.669387373960339,3.573617672920227,124.00126224383712,4,19,True
1236,24,60,30,9.337686632573604,14.976702019997132,9.337686632573604,125.30883029103279,4,18,True
1237,24,60,45,14.1839550152421,22.041472137988574,14.1839550152421,124.73716028034687,4,18,True
1238,24,60,60,6.17230987350146,9.465574882025157,6.17230987350146,124.11896232515574,4,19,True
1239,24,60,75,16.536904136091472,26.397520873669404,16.536904136091472,124.04352193698287,4,19,True
1240,24,60,90,8.237584175728262,16.115892010324387,8.237584175728262,155.49838077276945,5,18,True
1241,24,60,105,2.98889384654661,3.7430537570055806,2.98889384654661,123.99904197081923,4,19,True
1242,24,60,120,3.9297947992881137,5.908663077949359,3.9297947992881137,124.19903185218573,4,19,True
1243,24,60,135,6.526378232240677,12.0309280633603,6.526378232240677,124.04800206422806,4,19,True
1244,24,60,150,10.456605651105443,15.136270409847732,10.456605651105443,124.71256032586098,4,18,True
1245,24,60,165,3.570214731494586,4.62497595823625,3.570214731494586,123.92869219183922,4,19,True
1246,24,60,180,6.8726599264113855,10.688820658210302,6.8726599264113855,125.06494019180536,4,19,True
1247,24,60,195,5.13432617316333,6.92887415792926,5.13432617316333,122.82607425004244,4,19,True
1248,24,60,210,4.047396851579348,5.571369498001365,4.047396851579348,123.76903276890516,4,19,True
1249,24,60,225,4.011428868770599,5.64026969286552,4.011428868770599,124.10752288997173,4,19,True
1250,24,26,30,16.36269953660667,22.485363999017864,16.36269953660667,155.2067119628191,5,18,True
1251,24,26,45,3.108960089584192,4.684993762221136,3.108960089584192,123.78127314150333,4,19,True
1252,24,26,60,20.51844619512558,27.699615444277008,20.51844619512558,123.42198379337788,4,19,True
1253,24,26,75,19.534231109420457,39.45891919368393,19.534231109420457,124.3520718999207,4,18,True
1254,24,26,90,16.443324920038382,25.775108579213448,16.443324920038382,155.12695303186774,5,18,True
1255,24,26,105,14.419489831725757,21.476850322436785,14.419489831725757,123.16536391153932,4,19,True
1256,24,26,120,16.91833728974064,32.709706559578954,16.91833728974064,124.16234286502004,4,18,True
1257,24,26,135,34.339515976856156,56.5780993108319,34.339515976856156,155.62436170876026,5,18,True
1258,24,26,150,10.843403913080692,18.289454386570444,10.843403913080692,125.17705094069242,4,18,True
1259,24,26,165,11.1405250420173,14.185733935534879,11.1405250420173,123.8470422104001,4,19,True
1260,24,26,180,4.235278533771634,5.929049282228557,4.235278533771634,123.95597342401743,4,19,True
1261,24,26,195,4.249010803923011,6.778826988759526,4.249010803923011,124.87722095102072,4,18,True
1262,24,26,210,4.018690663576126,4.53965438295505,4.018690663576126,123.86783305555582,4,19,True
1263,24,26,225,9.368843961507082,19.14217029051604,9.368843961507082,123.35240421816707,4,19,True
1264,24,21,30,6.431664896011353,10.239254697165057,6.431664896011353,123.08755423873663,4,19,True
1265,24,21,45,10.724166162808736,16.998925016785925,10.724166162808736,123.68192290887237,4,19,True
1266,24,21,60,12.274716337521872,20.055858264931324,12.274716337521872,155.54724261164665,5,18,True
1267,24,21,75,2.9835406064987184,4.115128409630348,2.9835406064987184,123.5409127548337,4,19,True
1268,24,21,90,3.1500818888346354,4.705669199388979,3.1500818888346354,123.28204419463873,4,19,True
1269,24,21,105,4.728083217144013,6.987956896856696,4.728083217144013,123.42513399198651,4,19,True
1270,24,21,120,4.375394606590271,7.700038914508797,4.375394606590271,123.04114503785968,4,19,True
1271,24,21,135,3.1762646873792013,4.832882894463327,3.1762646873792013,123.46925400197506,4,19,True
1272,24,21,150,3.8909272074699404,5.104689457443444,3.8909272074699404,122.61409498751163,4,19,True
1273,24,21,165,3.276329261561235,6.7425716585609585,3.276329261561235,123.2940349727869,4,19,True
1274,24,21,180,12.671121244629225,20.126727587424636,12.671121244629225,123.3967449516058,4,19,True
1275,24,21,195,5.11681548091583,6.775563757979411,5.11681548091583,123.72580403462052,4,19,True
1276,24,21,210,5.19817181113176,7.318469978785054,5.19817181113176,123.6304841004312,4,19,True
1277,24,21,225,2.9879550425956647,4.1304179977835815,2.9879550425956647,123.65700444206595,4,19,True
1278,24,44,30,12.995116439461707,20.089237502192688,12.995116439461707,125.12251967564225,4,18,True
1279,24,44,45,19.57684084052841,23.61923866113987,19.57684084052841,124.08949341624975,4,19,True
1280,24,44,60,9.535808206846317,11.289090287224818,9.535808206846317,124.50789287686348,4,18,True
1281,24,44,75,1.756482697526614,2.44313341311653,1.756482697526614,124.12324314936996,4,19,True
1282,24,44,90,3.5092280745506286,4.438250790884255,3.5092280745506286,124.1376530379057,4,19,True
1283,24,44,105,3.4434129188458127,3.840000460042516,3.4434129188458127,124.00298286229372,4,19,True
1284,24,44,120,3.5476312081019086,3.9344962927561076,3.5476312081019086,122.53014603629708,4,19,True
1285,24,44,135,4.902313647667567,6.200989419089647,4.902313647667567,121.86546670272946,4,19,True
1286,24,44,150,7.255502200126648,9.6146094069067,7.255502200126648,121.90567702054977,4,19,True
1287,24,44,165,2.342616001764933,3.3865514318781247,2.342616001764933,121.98932701721787,4,19,True
1288,24,44,180,5.675296247005463,9.451797498203163,5.675296247005463,121.95865716785192,4,19,True
1289,24,44,195,6.4780511379241945,9.478319004401994,6.4780511379241945,122.09370685741305,4,19,True
1290,24,44,210,4.438102070490519,6.3450939019708255,4.438102070490519,122.11937690153718,4,19,True
1291,24,44,225,4.181629498799642,5.888721130260847,4.181629498799642,121.90967705100775,4,19,True
1292,24,23,30,12.392830729981263,15.403776299475528,12.392830729981263,123.54180496186018,4,18,True
1293,24,23,45,9.729956245919068,13.169737275743145,9.729956245919068,124.70701290294528,4,18,True
1294,24,23,60,8.550499743254234,11.796490302252606,8.550499743254234,124.66753320768476,4,18,True
1295,24,23,75,13.424029798557362,18.799909260864897,13.424029798557362,124.47748333215714,4,18,True
1296,24,23,90,22.573771406213442,34.27596639541424,22.573771406213442,124.61804179474711,4,18,True
1297,24,23,105,41.77701470007499,63.856161642856335,41.77701470007499,125.07654214277864,4,18,True
1298,24,23,120,16.960289648671946,20.988563841687128,16.960289648671946,124.6332423761487,4,18,True
1299,24,23,135,2.8383731047312417,3.1495509377825712,2.8383731047312417,123.81715420633554,4,19,True
1300,24,23,150,2.434983420372009,3.9508696025654317,2.434983420372009,124.11566264927387,4,19,True
1301,24,23,165,11.413450735310713,19.906368230147848,11.413450735310713,123.6396636813879,4,19,True
1302,24,23,180,5.439911575925847,7.860095179005028,5.439911575925847,124.71434287726879,4,18,True
1303,24,23,195,3.854705731074015,4.302588341130787,3.854705731074015,124.46212256327271,4,18,True
1304,24,23,210,2.8794324974219005,4.417450134571496,2.8794324974219005,123.7070350907743,4,19,True
1305,24,23,225,2.974536351362864,4.629815878947458,2.974536351362864,123.63986484706402,4,19,True
1306,24,53,30,36.820629039406775,50.14909293345537,36.820629039406775,124.27526293322444,4,18,True
1307,24,53,45,25.636844330032666,38.549888143541494,25.636844330032666,125.14161225408316,4,18,True
1308,24,53,60,32.529796745503944,43.04152841017343,32.529796745503944,155.62068298459053,5,18,True
1309,24,53,75,19.43356814744572,26.835462253913587,19.43356814744572,125.01201219856739,4,18,True
1310,24,53,90,20.345680563648543,21.528457150697783,20.345680563648543,153.31358788535,5,18,True
1311,24,53,105,12.734426534175872,19.531141835049556,12.734426534175872,121.75042787566781,4,19,True
1312,24,53,120,15.005850795904795,21.098413124892662,15.005850795904795,122.9022960178554,4,18,True
1313,24,53,135,30.309348240494728,49.579835593416774,30.309348240494728,122.75775708258152,4,18,True
1314,24,53,150,35.8260775009791,49.162705305762,35.8260775009791,153.01844896748662,5,18,True
1315,24,53,165,12.478080785274505,21.453401697183402,12.478080785274505,122.2196277230978,4,19,True
1316,24,53,180,19.55852886637052,24.357615828805532,19.55852886637052,123.12066601589322,4,18,True
1317,24,53,195,11.250036605199178,12.501089889894267,11.250036605199178,123.14765620976686,4,18,True
1318,24,53,210,3.30403045018514,5.009525940134218,3.30403045018514,123.76384390518069,4,19,True
1319,24,53,225,3.998463741938273,6.138260068848055,3.998463741938273,123.88454517349601,4,19,True
1320,24,84,30,23.231058474381765,32.40471547033745,23.231058474381765,125.1931618899107,4,18,True
1321,24,84,45,16.136531094710033,22.259839171993796,16.136531094710033,155.73696373030543,5,18,True
1322,24,84,60,21.28991425037384,25.074071603998608,21.28991425037384,123.97814402356744,4,19,True
1323,24,84,75,2.54232569138209,3.1093716437660603,2.54232569138209,124.73444314673543,4,18,True
1324,24,84,90,6.58138680656751,11.003104090599727,6.58138680656751,124.7985027730465,4,19,True
1325,24,84,105,11.429162222146989,14.980150120350633,11.429162222146989,125.26941206306219,4,18,True
1326,24,84,120,14.192549848556519,16.524348244039096,14.192549848556519,155.35543486475945,5,18,True
1327,24,84,135,13.134702718257904,24.949025546154374,13.134702718257904,124.71457291394472,4,18,True
1328,24,84,150,20.662117608388265,32.988448272311096,20.662117608388265,123.51331487298012,4,18,True
1329,24,84,165,5.545319128036499,6.944194893183249,5.545319128036499,122.79827706515789,4,18,True
1330,24,84,180,4.455482244491577,5.328439929604715,4.455482244491577,122.21468798816204,4,19,True
1331,24,84,195,11.951283155878384,21.901933894040294,11.951283155878384,122.18211777508259,4,19,True
1332,24,84,210,11.602410511175792,13.613195773239532,11.602410511175792,122.80336720868945,4,18,True
1333,24,84,225,6.854686637719472,9.37192237532016,6.854686637719472,121.85238907113671,4,19,True
1334,24,59,30,21.10505184127639,29.433990091121323,21.10505184127639,122.8810059837997,4,18,True
1335,24,59,45,25.87091794088483,33.11353114176599,25.87091794088483,122.95794719830155,4,18,True
1336,24,59,60,8.586320195098718,10.104069397313138,8.586320195098718,122.76406679302454,4,19,True
1337,24,59,75,5.63269298709929,10.83078516876297,5.63269298709929,123.0309372767806,4,19,True
1338,24,59,90,8.130167823036512,11.62286963906859,8.130167823036512,124.52325411140919,4,18,True
1339,24,59,105,10.365007030963898,14.272490237601104,10.365007030963898,123.73197497799993,4,19,True
1340,24,59,120,5.693123149871826,9.377236851965117,5.693123149871826,124.2600348778069,4,19,True
1341,24,59,135,3.4298266490300495,5.7472186401811935,3.4298266490300495,124.26341511309147,4,19,True
1342,24,59,150,4.863586835066477,7.447246156095853,4.863586835066477,123.74425586313009,4,19,True
1343,24,59,165,3.0273224206020433,4.989381108737542,3.0273224206020433,123.6683651804924,4,19,True
1344,24,59,180,6.968948616211613,11.79533289306008,6.968948616211613,123.80084581673145,4,19,True
1345,24,59,195,10.300926426728257,15.295315474918826,10.300926426728257,123.41913720592856,4,18,True
1346,24,59,210,4.562603221049843,5.523726150675,4.562603221049843,123.59202513471246,4,19,True
1347,24,59,225,4.538186627626419,5.632081053869608,4.538186627626419,124.04035497456789,4,19,True
1348,24,49,30,31.54150318702062,45.385254384703366,31.54150318702062,156.12521395087242,5,17,True
1349,24,49,45,24.094001026948295,33.21970595189221,24.094001026948295,155.85269406437874,5,18,True
1350,24,49,60,25.73607096572717,39.12320701636275,25.73607096572717,124.67362498864532,4,18,True
1351,24,49,75,18.30778372089068,27.322240845569823,18.30778372089068,126.1301408521831,4,18,True
1352,24,49,90,22.88786201601227,29.528148624121016,22.88786201601227,124.94110409170389,4,18,True
1353,24,49,105,6.859929621219635,10.296066115971454,6.859929621219635,124.10915596410632,4,19,True
1354,24,49,120,5.324072353045145,8.281737778257911,5.324072353045145,124.16429491713643,4,19,True
1355,24,49,135,3.2162367939949035,4.100892404755591,3.2162367939949035,123.89770615845919,4,19,True
1356,24,49,150,5.806155896186828,6.7221385596139305,5.806155896186828,123.89481626451015,4,19,True
1357,24,49,165,4.871519607305527,7.597852420697115,4.871519607305527,123.7884359434247,4,19,True
1358,24,49,180,13.941965941588084,19.875945234479463,13.941965941588084,123.86733619496226,4,19,True
1359,24,49,195,9.350025573372841,13.98042337056581,9.350025573372841,124.47924492880702,4,18,True
1360,24,49,210,7.745086883505185,9.357058626788328,7.745086883505185,123.61379619687796,4,19,True
1361,24,49,225,5.890022891759872,6.974056188359349,5.890022891759872,124.60543494671583,4,18,True
1362,24,7,30,22.736859742800394,26.88174169892912,22.736859742800394,125.0076936557889,4,18,True
1363,24,7,45,18.210596191883088,25.301195000348542,18.210596191883088,124.6529039926827,4,18,True
1364,24,7,60,19.75646368563175,31.877347172056243,19.75646368563175,124.71158383414149,4,18,True
1365,24,7,75,30.88866918583711,47.52204446762129,30.88866918583711,125.1213732175529,4,18,True
1366,24,7,90,49.41457261045774,69.89928918910718,49.41457261045774,153.02598057314754,5,18,True
1367,24,7,105,23.721262645721435,29.954956608315683,23.721262645721435,122.80950788408518,4,18,True
1368,24,7,120,28.0573905368646,31.676196736540383,28.0573905368646,153.06285116821527,5,18,True
1369,24,7,135,8.428776383399963,11.443896746980021,8.428776383399963,122.73394782096148,4,18,True
1370,24,7,150,11.036100021998088,13.835085897839043,11.036100021998088,121.94799864664674,4,19,True
1371,24,7,165,13.836267101516325,17.004645080593335,13.836267101516325,122.356909327209,4,19,True
1372,24,7,180,6.544885068635145,9.883102989002323,6.544885068635145,122.61212803423405,4,18,True
1373,24,7,195,7.259233178012073,10.197078813037157,7.259233178012073,122.1317988820374,4,19,True
1374,24,7,210,9.032788093325992,11.540771036140729,9.032788093325992,124.34363598003983,4,18,True
1375,24,7,225,6.612639991814891,7.882048627274261,6.612639991814891,124.76750509813428,4,18,True
1376,24,47,30,22.225520278451345,39.8952471540662,22.225520278451345,124.00795612484217,4,19,True
1377,24,47,45,47.296906485098106,72.37570293552645,47.296906485098106,155.84431681782007,5,18,True
1378,24,47,60,51.06790658434232,84.95126127761571,51.06790658434232,124.00336610153317,4,19,True
1379,24,47,75,17.107674650351207,26.777347325638143,17.107674650351207,125.00196415930986,4,18,True
1380,24,47,90,17.290613720814388,28.79097174101944,17.290613720814388,125.088213942945,4,18,True
1381,24,47,105,4.652207716306051,5.761395994478716,4.652207716306051,124.76438470184803,4,18,True
1382,24,47,120,5.740885115166505,7.5465070781726755,5.740885115166505,123.95433615893126,4,19,True
1383,24,47,135,7.839698227743308,9.828696893558945,7.839698227743308,123.90988599509001,4,19,True
1384,24,47,150,12.428438196579615,20.49057156058318,12.428438196579615,123.78162704408169,4,19,True
1385,24,47,165,16.57515142659346,23.601050989886435,16.57515142659346,124.24082588404417,4,19,True
1386,24,47,180,7.86643846531709,10.608029540368273,7.86643846531709,124.92961389943957,4,18,True
1387,24,47,195,4.537313159306844,6.670175797940451,4.537313159306844,123.67540691047907,4,19,True
1388,24,47,210,5.84323730369409,6.839988997057955,5.84323730369409,123.73976688832045,4,19,True
1389,24,47,225,2.322315752506256,3.8433445648781537,2.322315752506256,124.06616611406207,4,19,True
1390,24,30,30,4.622045570115248,5.539031435863018,4.622045570115248,123.66070691496134,4,19,True
1391,24,30,45,4.144092753622681,5.41953788157374,4.144092753622681,123.61907726153731,4,19,True
1392,24,30,60,4.657461699470877,5.7918136209585915,4.657461699470877,123.56648687273264,4,19,True
1393,24,30,75,2.584437310944001,2.987470303776494,2.584437310944001,123.81249712780118,4,19,True
1394,24,30,90,2.156876228004694,3.2273242783398004,2.156876228004694,123.76469699665904,4,19,True
1395,24,30,105,4.545798544088999,6.632432356851082,4.545798544088999,123.54191718623042,4,19,True
1396,24,30,120,1.6809120630224546,2.2264118297519673,1.6809120630224546,123.7279768101871,4,19,True
1397,24,30,135,2.4575059443712233,4.254490165969941,2.4575059443712233,123.86518670246005,4,19,True
1398,24,30,150,6.479940416415532,10.069995931633775,6.479940416415532,123.87116672471166,4,19,True
1399,24,30,165,4.563803639014562,7.4206118832117625,4.563803639014562,123.71797673404217,4,19,True
1400,24,30,180,10.66282563706239,15.676964201366854,10.66282563706239,123.9036270417273,4,19,True
1401,24,30,195,4.241414427757263,6.047334490062567,4.241414427757263,124.8638448305428,4,18,True
1402,24,30,210,3.381158689657847,4.740127991356139,3.381158689657847,124.19920600950718,4,19,True
1403,24,30,225,3.2948132428030172,4.426092165405378,3.2948132428030172,124.5749550871551,4,18,True
1404,25,83,30,27.168170878042776,51.576326738185884,27.168170878042776,123.82687674835324,4,19,True
1405,25,83,45,37.114407353599866,61.56026667002298,37.114407353599866,155.604206956923,5,18,True
1406,25,83,60,54.57141988376777,91.08916111759716,54.57141988376777,156.3541661016643,5,17,True
1407,25,83,75,56.725132034222284,96.63325288403449,56.725132034222284,156.32629627361894,5,18,True
1408,25,83,90,55.565489533543584,92.75819099793891,55.565489533543584,155.79819725826383,5,18,True
1409,25,83,105,58.519725353022416,92.04574975140292,58.519725353022416,156.4277559518814,5,17,True
1410,25,83,120,28.535732886443537,46.06660678851889,28.535732886443537,124.9345550313592,4,18,True
1411,25,83,135,57.747276897231735,88.71832627988869,57.747276897231735,156.72795474529266,5,18,True
1412,25,83,150,13.908009841044743,20.67277486582752,13.908009841044743,124.77635592222214,4,18,True
1413,25,83,165,32.9614882354935,52.54143835276246,32.9614882354935,124.34060592204332,4,18,True
1414,25,83,180,33.90600436081489,62.24064712293152,33.90600436081489,124.7813650406897,4,18,True
1415,25,83,195,26.346604858835537,39.95667349783787,26.346604858835537,155.10551910847425,5,18,True
1416,25,83,210,12.064062764247259,18.251872563662214,12.064062764247259,124.82151528820395,4,18,True
1417,25,83,225,14.849684141824643,22.010258449312474,14.849684141824643,124.79589600116014,4,18,True
1418,25,15,30,15.355737992127736,21.39754557813238,15.355737992127736,124.96205605566502,4,18,True
1419,25,15,45,11.519424452384312,14.276571538732089,11.519424452384312,123.79670701920986,4,19,True
1420,25,15,60,18.121615026394526,28.743529878070426,18.121615026394526,123.34499834105372,4,19,True
1421,25,15,75,12.82419262737191,18.40906466719492,12.82419262737191,123.74903773888946,4,19,True
1422,25,15,90,10.311531038333973,14.873943727290795,10.311531038333973,123.97345714271069,4,19,True
1423,25,15,105,11.005848809083302,17.085121505264322,11.005848809083302,125.10758498683572,4,18,True
1424,25,15,120,6.720401899019877,10.060759302422245,6.720401899019877,124.06168691813946,4,19,True
1425,25,15,135,2.6881768266359964,3.259852933225368,2.6881768266359964,123.99443704634905,4,19,True
1426,25,15,150,5.632670669754346,8.259386802038525,5.632670669754346,124.19811682775617,4,19,True
1427,25,15,165,5.952832535716395,7.579157610660947,5.952832535716395,124.35136595740914,4,19,True
1428,25,15,180,5.107283681569,8.0454527799744,5.107283681569,124.97209571301937,4,18,True
1429,25,15,195,5.108460518221061,11.120507192195292,5.108460518221061,124.01414709165692,4,19,True
1430,25,15,210,27.489630934099356,42.63588769482199,27.489630934099356,124.94191620498896,4,18,True
1431,25,15,225,13.968541138122479,22.13611740420546,13.968541138122479,124.79259632527828,4,18,True
1432,25,3,30,21.204478996992112,30.162994772475432,21.204478996992112,124.83805604279041,4,18,True
1433,25,3,45,29.14013473590215,46.063769052940536,29.14013473590215,124.74565580487251,4,18,True
1434,25,3,60,57.351354166694605,87.00882615156802,57.351354166694605,156.08307672664523,5,18,True
1435,25,3,75,56.81202211297738,94.12005972240638,56.81202211297738,156.0126580297947,5,18,True
1436,25,3,90,21.48160933877031,36.54886245995759,21.48160933877031,124.41694689914584,4,18,True
1437,25,3,105,56.85292213708162,86.90610468432914,56.85292213708162,156.06279810890555,5,17,True
1438,25,3,120,21.754758811493716,26.97184191796271,21.754758811493716,123.76357801258564,4,19,True
1439,25,3,135,10.726327068607013,16.044359831284194,10.726327068607013,123.49946843460202,4,19,True
1440,25,3,150,13.158719595273336,19.590050606509056,13.158719595273336,124.76485595107079,4,18,True
1441,25,3,165,18.41345384667317,40.70432611837987,18.41345384667317,123.57014883309603,4,19,True
1442,25,3,180,30.471786084771157,51.22115601740085,30.471786084771157,155.18015902489424,5,18,True
1443,25,3,195,45.5106628899773,75.18592040402478,45.5106628899773,124.5406367816031,4,18,True
1444,25,3,210,59.01821790536245,95.77766045609037,59.01821790536245,153.2637639902532,5,18,True
1445,25,3,225,18.674252913395563,30.106133100706092,18.674252913395563,122.15806171298027,4,19,True
1446,25,35,30,7.672922799984614,14.039383086230185,7.672922799984614,121.8795021995902,4,19,True
1447,25,35,45,45.48164805894097,64.46805413146008,45.48164805894097,122.71588109433651,4,18,True
1448,25,35,60,7.217044566820065,10.24593869022204,7.217044566820065,122.77379026636481,4,18,True
1449,25,35,75,10.246634785334269,17.832574889687876,10.246634785334269,122.08658177405596,4,18,True
1450,25,35,90,22.714923531313737,44.49921019584931,22.714923531313737,121.99276220053434,4,19,True
1451,25,35,105,23.567179408483206,39.649416697561946,23.567179408483206,123.1611194089055,4,18,True
1452,25,35,120,43.26062747233858,68.39371295397746,43.26062747233858,154.98868096619844,5,18,True
1453,25,35,135,19.796689705116055,33.203022933436316,19.796689705116055,123.60919918864965,4,19,True
1454,25,35,150,41.51438430845737,52.55375376880701,41.51438430845737,155.48027912154794,5,18,True
1455,25,35,165,11.915056411921977,15.533713349806225,11.915056411921977,124.82750695198774,4,18,True
1456,25,35,180,9.618070243299007,11.558484840930962,9.618070243299007,124.85244730487466,4,18,True
1457,25,35,195,3.173919475575288,4.604375597177106,3.173919475575288,124.050157610327,4,19,True
1458,25,35,210,3.7140340407689414,7.54170298581206,3.7140340407689414,124.18082822114229,4,19,True
1459,25,35,225,8.02676147421201,11.753525316987481,8.02676147421201,124.1521779447794,4,19,True
1460,25,48,30,53.92594346006711,80.65024929864033,53.92594346006711,155.82519816234708,5,18,True
1461,25,48,45,21.866008019447328,32.26231739924604,21.866008019447328,124.43191790953279,4,19,True
1462,25,48,60,27.536995957108836,45.51748852745304,27.536995957108836,124.5193681679666,4,19,True
1463,25,48,75,46.13574935477227,68.28113540992479,46.13574935477227,156.8713467568159,5,17,True
1464,25,48,90,42.976193776726724,58.22873799520319,42.976193776726724,155.7748089544475,5,18,True
1465,25,48,105,6.855418286720911,8.842356465566931,6.855418286720911,125.02446630969644,4,18,True
1466,25,48,120,5.599676845471064,7.414371088814141,5.599676845471064,123.817368876189,4,19,True
1467,25,48,135,5.941223201155663,7.864830657068055,5.941223201155663,125.14272704720497,4,18,True
1468,25,48,150,6.165506431460381,7.707332493238697,6.165506431460381,124.0914580412209,4,19,True
1469,25,48,165,4.124728188764615,5.534902948896675,4.124728188764615,123.91036935150623,4,19,True
1470,25,48,180,4.132763980926636,6.262792381384244,4.132763980926636,124.07445767894387,4,19,True
1471,25,48,195,5.763537658502658,9.014026435778888,5.763537658502658,123.94266901537776,4,19,True
1472,25,48,210,27.697459592390807,45.41893365222888,27.697459592390807,123.87536885216832,4,19,True
1473,25,48,225,26.80436104941958,37.520502702268374,26.80436104941958,125.06177695468068,4,18,True
1474,25,22,30,3.151393055419127,4.583936684022629,3.151393055419127,124.23070892691612,4,19,True
1475,25,22,45,3.6247228326896828,5.06660061120086,3.6247228326896828,124.12836868315935,4,19,True
1476,25,22,60,2.4076718165228765,3.086662780984972,2.4076718165228765,124.24933910369873,4,19,True
1477,25,22,75,6.518111981451511,13.829905219777244,6.518111981451511,123.24072094634175,4,19,True
1478,25,22,90,19.60845580175519,35.69387454272711,19.60845580175519,122.45098082348704,4,19,True
1479,25,22,105,41.80680660319825,64.90827404750155,41.80680660319825,154.5050423592329,5,17,True
1480,25,22,120,6.149151559670766,8.097887768464428,6.149151559670766,122.31703335419297,4,19,True
1481,25,22,135,5.757848783334096,8.697692652322184,5.757848783334096,122.0861030742526,4,19,True
1482,25,22,150,4.140687865018845,5.573678308412586,4.140687865018845,122.08698177710176,4,19,True
1483,25,22,165,4.395520536415279,8.060441261709652,4.395520536415279,122.27837322279811,4,19,True
1484,25,22,180,15.786492920729021,27.715177418641648,15.786492920729021,122.83855117857456,4,18,True
1485,25,22,195,17.793715119051438,35.28931531493951,17.793715119051438,123.95655922591686,4,18,True
1486,25,22,210,55.691073527435464,92.65486194653448,55.691073527435464,155.86296981200576,5,18,True
1487,25,22,225,15.537028325597445,26.71933992407568,15.537028325597445,124.26518788561225,4,19,True
1488,25,55,30,4.166850058237712,5.234919855027041,4.166850058237712,124.332579318434,4,19,True
1489,25,55,45,12.643745265901089,20.94017731518795,12.643745265901089,124.27970906719565,4,19,True
1490,25,55,60,16.7043334543705,21.055997092353067,16.7043334543705,125.49352599307895,4,18,True
1491,25,55,75,14.960635940233866,20.294600379758712,14.960635940233866,125.32352702692151,4,18,True
1492,25,55,90,30.049123573303223,41.479186505328464,30.049123573303223,125.22932700812817,4,18,True
1493,25,55,105,12.284732309977214,23.01129188737748,12.284732309977214,123.63850977271795,4,19,True
1494,25,55,120,21.01636568705241,30.747135987852186,21.01636568705241,156.43181931227446,5,18,True
1495,25,55,135,3.770342143376668,4.724419653628029,3.770342143376668,122.03324260190129,4,19,True
1496,25,55,150,4.31635529200236,5.2461368048726165,4.31635529200236,122.22364218905568,4,19,True
1497,25,55,165,12.937227213382721,28.073662107970907,12.937227213382721,122.28206312283874,4,19,True
1498,25,55,180,27.1073313092192,45.261512833312466,27.1073313092192,154.05687410384417,5,18,True
1499,25,55,195,33.18052148024241,51.93955851085596,33.18052148024241,123.49078990519047,4,18,True
1500,25,55,210,17.908933742841086,33.22911305906522,17.908933742841086,122.16012319549918,4,19,True
1501,25,55,225,23.552451170484225,37.705450599152925,23.552451170484225,123.79417009651661,4,18,True
1502,25,4,30,10.23142864604791,13.968456072254675,10.23142864604791,124.66582888737321,4,18,True
1503,25,4,45,9.486506968612472,11.38404545564769,9.486506968612472,124.87276829779148,4,18,True
1504,25,4,60,2.6636481722195944,3.1593987766175173,2.6636481722195944,123.4823209233582,4,19,True
1505,25,4,75,2.472880074381828,3.4886506313458305,2.472880074381828,123.47263097763062,4,19,True
1506,25,4,90,11.549858018880089,18.262049563476307,11.549858018880089,124.106849078089,4,19,True
1507,25,4,105,33.89017752011617,50.44132662702309,33.89017752011617,125.37456676363945,4,18,True
1508,25,4,120,15.540007887283961,23.717412874923127,15.540007887283961,124.51005866751075,4,18,True
1509,25,4,135,42.895536454518634,69.72890298169851,42.895536454518634,153.41461542993784,5,18,True
1510,25,4,150,10.259853303432465,16.800820578907672,10.259853303432465,122.0219936221838,4,19,True
1511,25,4,165,16.3277481396993,24.57347783933962,16.3277481396993,122.19666270539165,4,19,True
1512,25,4,180,57.20500280459722,92.93075844315406,57.20500280459722,152.9311561025679,5,18,True
1513,25,4,195,20.384385115404925,36.33162061209493,20.384385115404925,122.86006333306432,4,18,True
1514,25,4,210,14.691066066051523,23.741961778995563,14.691066066051523,121.99463369324803,4,19,True
1515,25,4,225,54.7059932410717,91.28185636858589,54.7059932410717,153.32543523982167,5,18,True
1516,25,45,30,3.1103998104731243,4.174779523680588,3.1103998104731243,122.98164190724492,4,19,True
1517,25,45,45,3.185475222269694,4.444709055417411,3.185475222269694,124.08286007121205,4,19,True
1518,25,45,60,3.046069105466207,4.215956522974478,3.046069105466207,124.32673899456859,4,19,True
1519,25,45,75,4.123406465848287,9.237891091754692,4.123406465848287,124.16030000895262,4,19,True
1520,25,45,90,32.193604286511736,55.81716812877516,32.193604286511736,124.24975028261542,4,19,True
1521,25,45,105,13.422683361234764,18.293124510681185,13.422683361234764,125.31887786462903,4,18,True
1522,25,45,120,6.972298375299821,10.598927607128001,6.972298375299821,124.3389486335218,4,19,True
1523,25,45,135,6.4995367529181145,9.516066445236897,6.4995367529181145,123.30998107790947,4,19,True
1524,25,45,150,24.928115091721217,50.90838588952115,24.928115091721217,122.05626396462321,4,19,True
1525,25,45,165,40.82362899730603,62.46530544226208,40.82362899730603,153.47281517460942,5,18,True
1526,25,45,180,20.265892173349858,30.63311468271281,20.265892173349858,123.14805202186108,4,18,True
1527,25,45,195,62.40927636226018,92.06480000232108,62.40927636226018,153.53078488260508,5,18,True
1528,25,45,210,21.846947050094606,27.375695094143225,21.846947050094606,123.05519171059132,4,18,True
1529,25,45,225,46.82815090815226,74.38148944549434,46.82815090815226,154.15846416726708,5,17,True
1530,25,60,30,18.94368553981185,34.41013529571103,18.94368553981185,123.25151218101382,4,18,True
1531,25,60,45,21.745739135394494,36.53447166465594,21.745739135394494,125.01063803210855,4,18,True
1532,25,60,60,42.65590993935863,69.83908542872118,42.65590993935863,124.16939018294215,4,19,True
1533,25,60,75,12.841140985488892,18.606006754465685,12.841140985488892,125.33517880365252,4,18,True
1534,25,60,90,9.041436365246772,16.06659280202416,9.041436365246772,124.33288991451263,4,19,True
1535,25,60,105,10.57791790664196,17.911764794632123,10.57791790664196,125.22113835439086,4,18,True
1536,25,60,120,5.23327639264365,6.050345655251041,5.23327639264365,123.94971121102571,4,19,True
1537,25,60,135,16.860836506386597,29.196783590483346,16.860836506386597,123.92297107726336,4,19,True
1538,25,60,150,18.734485721588136,27.598326897788247,18.734485721588136,125.42984774336219,4,18,True
1539,25,60,165,7.685578648249308,10.522296762026128,7.685578648249308,124.91770042106509,4,18,True
1540,25,60,180,10.1511736591657,17.834766098535155,10.1511736591657,124.3747198022902,4,19,True
1541,25,60,195,12.375886531670888,19.38663391312826,12.375886531670888,125.17746770754457,4,18,True
1542,25,60,210,30.396202309926352,42.766714479700475,30.396202309926352,124.01898996904492,4,19,True
1543,25,60,225,18.625608476003013,29.782938231918205,18.625608476003013,125.23406883701682,4,18,True
1544,25,26,30,18.291349746783574,31.192616191512858,18.291349746783574,125.03727804869413,4,18,True
1545,25,26,45,59.54842390914758,91.82798748874232,59.54842390914758,158.5379270836711,5,17,True
1546,25,26,60,6.623677224914233,8.841780689463278,6.623677224914233,124.23214968293905,4,19,True
1547,25,26,75,12.256030316402514,21.54176930026553,12.256030316402514,124.13711985573173,4,19,True
1548,25,26,90,13.959286977242057,23.14019659543979,13.959286977242057,122.31047311797738,4,19,True
1549,25,26,105,5.169507066424315,6.162104453953484,5.169507066424315,122.6587132550776,4,19,True
1550,25,26,120,5.379329260190328,9.105403962976307,5.379329260190328,122.39237409085035,4,19,True
1551,25,26,135,17.01506340155999,29.516088617967526,17.01506340155999,122.41249391809106,4,19,True
1552,25,26,150,27.844377623001733,38.881296335303034,27.844377623001733,123.25059296563268,4,18,True
1553,25,26,165,21.769248135884602,32.50646482462467,21.769248135884602,123.1052316725254,4,18,True
1554,25,26,180,35.568320317814745,56.98220351321269,35.568320317814745,122.29302432388067,4,19,True
1555,25,26,195,26.684802102576942,41.56586737709242,26.684802102576942,122.91016289964318,4,18,True
1556,25,26,210,42.17412648002307,66.11601502784686,42.17412648002307,155.10781295597553,5,18,True
1557,25,26,225,16.11808279491961,26.660468579746553,16.11808279491961,123.99762077257037,4,19,True
1558,25,21,30,3.913807785511017,4.344466722135392,3.913807785511017,123.64337220788002,4,19,True
1559,25,21,45,3.054065461953481,3.8106672811130538,3.054065461953481,123.56509221717715,4,19,True
1560,25,21,60,3.4635159730911256,4.379466973814895,3.4635159730911256,123.14676307141781,4,19,True
1561,25,21,75,3.250660073757172,4.1804319491184145,3.250660073757172,121.92528462037444,4,19,True
1562,25,21,90,3.170019821325938,4.117171819775446,3.170019821325938,122.30463465675712,4,19,True
1563,25,21,105,3.2348703304926554,4.211140862979783,3.2348703304926554,122.32849420979619,4,19,True
1564,25,21,120,3.3392551143964133,4.320336028413355,3.3392551143964133,122.41443386301398,4,19,True
1565,25,21,135,3.3388873100280763,4.283571736450683,3.3388873100280763,122.6262440904975,4,19,True
1566,25,21,150,3.3492669065793357,4.275740970618018,3.3492669065793357,122.29258520528674,4,19,True
1567,25,21,165,3.0819590906302134,3.9078445913222253,3.0819590906302134,122.17924417927861,4,19,True
1568,25,21,180,26.122745286207646,51.69956639684275,26.122745286207646,122.49964382499456,4,19,True
1569,25,21,195,19.63278468310212,32.86842189318819,19.63278468310212,125.10152906179428,4,18,True
1570,25,21,210,8.088423565030098,11.530254945316557,8.088423565030098,123.79858177155256,4,19,True
1571,25,21,225,18.212242991228898,39.46007994844053,18.212242991228898,123.98443091660738,4,19,True
1572,25,44,30,2.9617808093627294,4.25904552469448,2.9617808093627294,123.94460197538137,4,19,True
1573,25,44,45,7.50743634402752,10.688501511668822,7.50743634402752,124.01562184095383,4,19,True
1574,25,44,60,8.559700309112667,17.12920478452823,8.559700309112667,123.96438186988235,4,19,True
1575,25,44,75,11.904597066591183,17.834055045392834,11.904597066591183,125.15080906450748,4,18,True
1576,25,44,90,14.690503272460774,24.07631845825277,14.690503272460774,125.24227937683463,4,18,True
1577,25,44,105,3.788977378762017,4.784318067068092,3.788977378762017,124.30167058482766,4,19,True
1578,25,44,120,5.451232394576072,7.786080917982262,5.451232394576072,123.87238210067153,4,19,True
1579,25,44,135,5.619081730147203,6.714682050630504,5.619081730147203,124.38389100134373,4,19,True
1580,25,44,150,4.900970525542895,6.563840834266234,4.900970525542895,124.35664096847177,4,19,True
1581,25,44,165,5.206549955159426,6.550146070532492,5.206549955159426,123.81212180480361,4,19,True
1582,25,44,180,5.962521880865097,8.390205432770514,5.962521880865097,123.80283186212182,4,19,True
1583,25,44,195,11.809965661664803,18.12477440860486,11.809965661664803,125.08590891957283,4,18,True
1584,25,44,210,19.293546215693155,31.264688392110653,19.293546215693155,124.06905181705952,4,19,True
1585,25,44,225,9.156242211411397,12.933956224279399,9.156242211411397,124.01309097185731,4,19,True
1586,25,23,30,5.393013807137807,7.816751580409149,5.393013807137807,124.16175194084644,4,19,True
1587,25,23,45,20.87511493762334,36.72902888182338,20.87511493762334,124.3122210726142,4,19,True
1588,25,23,60,53.099497959017754,86.2763576480589,53.099497959017754,156.51363227516413,5,18,True
1589,25,23,75,55.959238009154795,90.73201718636436,55.959238009154795,156.44104313105345,5,18,True
1590,25,23,90,30.44494435340166,53.188734961542416,30.44494435340166,124.29592199623585,4,19,True
1591,25,23,105,50.37853769610326,83.65403479993982,50.37853769610326,156.02211328223348,5,18,True
1592,25,23,120,37.67949600418409,56.36995966331013,37.67949600418409,155.6955026462674,5,18,True
1593,25,23,135,7.545249346892039,9.613112034607521,7.545249346892039,125.20192982628942,4,18,True
1594,25,23,150,12.583035016059876,15.775302367938211,12.583035016059876,125.01219008117914,4,18,True
1595,25,23,165,8.152012938633561,9.756049025259772,8.152012938633561,123.93067171797156,4,19,True
1596,25,23,180,6.145779096956054,7.405231591336121,6.145779096956054,125.27028983458877,4,18,True
1597,25,23,195,8.260408835113049,11.147590295048403,8.260408835113049,123.39139264076948,4,19,True
1598,25,23,210,6.94971519348522,12.838132422384827,6.94971519348522,124.60806127637625,4,19,True
1599,25,23,225,39.673301042430104,69.97218084902178,39.673301042430104,122.27427633479238,4,19,True
1600,25,53,30,28.031527204842618,45.54530397168633,28.031527204842618,122.93817522004247,4,18,True
1601,25,53,45,46.68614821285009,70.97521575256422,46.68614821285009,122.12586589157581,4,19,True
1602,25,53,60,17.229018441090982,26.77386277002378,17.229018441090982,122.88905400782824,4,18,True
1603,25,53,75,22.736941999942065,36.589876924990065,22.736941999942065,123.0526939034462,4,18,True
1604,25,53,90,26.09601861635844,39.88542794924669,26.09601861635844,122.91640415787697,4,18,True
1605,25,53,105,25.79984792123238,40.67270949533306,25.79984792123238,122.54224484786391,4,19,True
1606,25,53,120,8.812357647965351,13.468175296019815,8.812357647965351,125.24542026221752,4,18,True
1607,25,53,135,14.342018426706394,16.88490960310617,14.342018426706394,124.8706909827888,4,18,True
1608,25,53,150,12.976758368810017,14.041300132815497,12.976758368810017,125.17956038936973,4,18,True
1609,25,53,165,10.1008195673426,12.133545285724976,10.1008195673426,124.83620084822178,4,19,True
1610,25,53,180,10.890793019533158,12.055255007180534,10.890793019533158,125.22356025874615,4,18,True
1611,25,53,195,8.26497883379149,13.801482839768926,8.26497883379149,124.20183187350631,4,19,True
1612,25,53,210,7.572183990408666,11.930264328033392,7.572183990408666,123.9054030738771,4,19,True
1613,25,53,225,5.1321420885932945,8.503787730422752,5.1321420885932945,124.28163178265095,4,19,True
1614,25,84,30,4.813480504353842,5.4412085413213855,4.813480504353842,124.1763117723167,4,19,True
1615,25,84,45,19.186590509613357,34.782934523186626,19.186590509613357,123.99790296331048,4,19,True
1616,25,84,60,39.22949311733246,58.36514093291345,39.22949311733246,155.7345953769982,5,18,True
1617,25,84,75,16.319848775863647,26.86041060688695,16.319848775863647,128.4838835708797,4,18,True
1618,25,84,90,18.854384379585586,33.70059389922395,18.854384379585586,124.74565068259835,4,18,True
1619,25,84,105,43.82772424717744,65.86950968458221,43.82772424717744,125.17961068078876,4,18,True
1620,25,84,120,5.034664710362752,5.686490361663806,5.034664710362752,123.6415640451014,4,19,True
1621,25,84,135,5.4764692465464275,6.1891834956642455,5.4764692465464275,123.46139410510659,4,19,True
1622,25,84,150,5.332884629567464,6.027686419639082,5.332884629567464,122.82421486452222,4,19,True
1623,25,84,165,13.377870668967565,27.040716987090853,13.377870668967565,123.56564402580261,4,19,True
1624,25,84,180,40.28999480952819,56.09434578155853,40.28999480952819,127.43060663342476,4,18,True
1625,25,84,195,15.49516637797157,21.872590706453572,15.49516637797157,156.293713953346,5,18,True
1626,25,84,210,34.7554119857649,51.52996994517205,34.7554119857649,124.47452219203115,4,18,True
1627,25,84,225,15.96279689470927,18.937325408713956,15.96279689470927,127.76761595159769,4,18,True
1628,25,59,30,6.584131425619125,14.598201597391183,6.584131425619125,123.54579381644726,4,19,True
1629,25,59,45,37.90418104774629,62.039150649506524,37.90418104774629,123.81185404956341,4,19,True
1630,25,59,60,11.081361263493697,18.860418145749236,11.081361263493697,123.47677396610379,4,19,True
1631,25,59,75,21.65789975076914,39.123868951012184,21.65789975076914,124.92233095690608,4,18,True
1632,25,59,90,39.9316035601,64.71854184922627,39.9316035601,155.48964496701956,5,18,True
1633,25,59,105,13.583426555370291,22.70594927150528,13.583426555370291,125.28842082247138,4,18,True
1634,25,59,120,31.833325103134847,52.847445689891586,31.833325103134847,125.06455089896917,4,18,True
1635,25,59,135,7.1714549173911415,8.346275925039643,7.1714549173911415,124.29394200444221,4,19,True
1636,25,59,150,3.293081122636795,4.849230352692457,3.293081122636795,123.7046830356121,4,19,True
1637,25,59,165,16.954369854927062,36.985875830593024,16.954369854927062,123.83388401940465,4,19,True
1638,25,59,180,23.707548237855857,39.784241713839194,23.707548237855857,155.24063585326076,5,18,True
1639,25,59,195,38.666268752266966,69.01619536532489,38.666268752266966,123.72080283239484,4,19,True
1640,25,59,210,30.0454284367462,48.78965120931509,30.0454284367462,125.03284215927124,4,18,True
1641,25,59,225,15.034714300825726,25.40663958217403,15.034714300825726,124.76439215242863,4,18,True
1642,25,49,30,38.039231989781065,52.736197135863996,38.039231989781065,124.49889304116368,4,18,True
1643,25,49,45,27.664493251840273,38.89775664679501,27.664493251840273,124.77558199316263,4,18,True
1644,25,49,60,23.784976835052174,44.731765927211526,23.784976835052174,124.26528288051486,4,18,True
1645,25,49,75,11.895623082915941,18.76208047501043,11.895623082915941,155.0587872043252,5,18,True
1646,25,49,90,25.158107726772627,40.674833076535435,25.158107726772627,123.64579411223531,4,19,True
1647,25,49,105,45.55471487939358,73.9257122990884,45.55471487939358,124.98465180397034,4,18,True
1648,25,49,120,34.97765417893728,55.35856192201767,34.97765417893728,155.62529489398003,5,18,True
1649,25,49,135,63.11307809452216,98.35097939408682,63.11307809452216,156.17627510800958,5,17,True
1650,25,49,150,28.442258697748183,39.21346349196682,28.442258697748183,155.26362601667643,5,18,True
1651,25,49,165,39.1226431508859,51.039095113178774,39.1226431508859,156.67153429239988,5,17,True
1652,25,49,180,32.013285398483276,35.27501605462143,32.013285398483276,125.2164919860661,4,18,True
1653,25,49,195,15.165782356262207,15.971384483179557,15.165782356262207,124.43731306120753,4,18,True
1654,25,49,210,10.625891081492107,16.23699260325924,10.625891081492107,123.80884354934096,4,19,True
1655,25,49,225,8.448350016276041,10.948573044289343,8.448350016276041,124.80120314285159,4,18,True
1656,25,7,30,16.38559854278962,33.463873068210226,16.38559854278962,123.88690328225493,4,19,True
1657,25,7,45,33.36167369286219,49.37263547381947,33.36167369286219,155.48564633354545,5,18,True
1658,25,7,60,59.38016773263613,88.06657229032069,59.38016773263613,155.4039167240262,5,18,True
1659,25,7,75,29.727625033756098,34.74380024367009,29.727625033756098,155.48077737912536,5,18,True
1660,25,7,90,40.255383589863776,66.28568607796186,40.255383589863776,155.4987160488963,5,18,True
1661,25,7,105,22.107062473893166,33.14134379224491,22.107062473893166,124.6632831171155,4,18,True
1662,25,7,120,49.50597904125849,76.90579147954722,49.50597904125849,155.32807586714625,5,18,True
1663,25,7,135,56.78722295165062,85.82406083737094,56.78722295165062,156.57009417191148,5,17,True
1664,25,7,150,16.308245048920313,23.27945129672842,16.308245048920313,124.8964429832995,4,18,True
1665,25,7,165,6.396308700243632,7.659348715885278,6.396308700243632,123.83300485089421,4,19,True
1666,25,7,180,8.599520048002402,14.514827844177466,8.599520048002402,124.03617426753044,4,19,True
1667,25,7,195,36.08231228987376,53.20360292540964,36.08231228987376,125.14332169666886,4,18,True
1668,25,7,210,58.145924441019694,87.21617183429505,58.145924441019694,155.47633729875088,5,18,True
1669,25,7,225,19.88060817718506,29.630869208642025,19.88060817718506,124.26417414098978,4,19,True
1670,25,47,30,2.7293071428934734,4.024797475502466,2.7293071428934734,124.22770401462913,4,19,True
1671,25,47,45,13.02795968055725,32.83281429758482,13.02795968055725,123.94868396222591,4,19,True
1672,25,47,60,36.63370292882124,58.970294771330636,36.63370292882124,124.83944231644273,4,18,True
1673,25,47,75,22.56867106507222,37.959605362688954,22.56867106507222,124.08936396241188,4,19,True
1674,25,47,90,57.422168821593125,89.63511538412965,57.422168821593125,156.75174491479993,5,17,True
1675,25,47,105,13.672194653749466,23.679233018304657,13.672194653749466,125.07061334326863,4,19,True
1676,25,47,120,13.32090510527293,23.305208404154477,13.32090510527293,123.93311411142349,4,19,True
1677,25,47,135,13.533134849866231,23.380807375678803,13.533134849866231,123.91568487510085,4,19,True
1678,25,47,150,13.42045898338159,23.323218805774438,13.42045898338159,123.87231504544616,4,19,True
1679,25,47,165,13.186899169782798,23.014106769026473,13.186899169782798,123.97361407056451,4,19,True
1680,25,47,180,25.881452633440496,49.64699696382901,25.881452633440496,124.66344283893704,4,18,True
1681,25,47,195,59.947672575712204,89.41787849027338,59.947672575712204,155.86011577397585,5,17,True
1682,25,47,210,34.703353481863935,50.94810019734242,34.703353481863935,123.03848611190915,4,18,True
1683,25,47,225,14.732042696575324,23.127814790384047,14.732042696575324,122.79599718749523,4,18,True
1684,25,30,30,7.799811699613929,10.741636594513729,7.799811699613929,121.95725785568357,4,19,True
1685,25,30,45,3.6250559935967126,4.541996289393369,3.6250559935967126,121.9905880279839,4,19,True
1686,25,30,60,3.4333045442899066,4.309197868323054,3.4333045442899066,121.67874770238996,4,19,True
1687,25,30,75,3.67643955424428,4.448013374009228,3.67643955424428,122.06034827977419,4,19,True
1688,25,30,90,2.7815688023964564,3.560569321972561,2.7815688023964564,122.04236770048738,4,19,True
1689,25,30,105,2.6713687678178153,4.378411191145594,2.6713687678178153,122.11991799995303,4,19,True
1690,25,30,120,3.1470188293606043,4.179475522961981,3.1470188293606043,123.99608455598354,4,19,True
1691,25,30,135,2.7419334759314853,3.7871525623998243,2.7419334759314853,124.05246403068304,4,19,True
1692,25,30,150,3.1205287718834978,3.9985390674155896,3.1205287718834978,124.0724939852953,4,19,True
1693,25,30,165,4.414947931747884,6.955748368307708,4.414947931747884,124.70813374966383,4,19,True
1694,25,30,180,4.180766050393383,5.3301851282664305,4.180766050393383,124.29495388641953,4,19,True
1695,25,30,195,4.31747220835338,5.048455459667732,4.31747220835338,124.10221435129642,4,19,True
1696,25,30,210,3.4431131457909943,4.448170480492964,3.4431131457909943,124.08277532085776,4,19,True
1697,25,30,225,2.503143777325749,3.7990335563316235,2.503143777325749,123.9178548566997,4,19,True
