sample_id,video,user,timestep,mae,corrected_rmse,mean_angular_error,latency_ms,target_forward_count,accepted_sum,finite
0,4,83,30,14.0482259730498,20.099330900950097,14.0482259730498,149.70033708959818,4,18,True
1,4,83,45,20.681671193242074,26.167551271212258,20.681671193242074,152.64133783057332,5,18,True
2,4,83,60,12.61316250115633,16.144434176117898,12.61316250115633,122.39569798111916,4,19,True
3,4,83,75,22.071769955195485,32.62132197266428,22.071769955195485,122.44861712679267,4,18,True
4,4,83,90,27.6844776108861,45.10108087777666,27.6844776108861,123.42440476641059,4,18,True
5,4,83,105,50.56690476636092,82.54993967596054,50.56690476636092,155.30641097575426,5,17,True
6,4,83,120,16.278488542636236,21.31993613655937,16.278488542636236,151.44382184371352,5,18,True
7,4,83,135,3.6222112735112506,5.213132389899045,3.6222112735112506,121.9622096978128,4,18,True
8,4,83,150,11.341565716266633,16.488527144196507,11.341565716266633,121.75757018849254,4,18,True
9,4,83,165,15.140747026602428,21.113526389259878,15.140747026602428,151.45496232435107,5,18,True
10,4,83,180,28.725021947796147,47.02477227620674,28.725021947796147,120.8386030048132,4,19,True
11,4,83,195,9.17086188159883,11.656996744059727,9.17086188159883,120.95988309010863,4,18,True
12,4,83,210,11.32707097257177,17.47398752858856,11.32707097257177,151.51584334671497,5,18,True
13,4,83,225,30.431007581204177,46.845970421085795,30.431007581204177,122.10117978975177,4,18,True
14,4,15,30,15.70677048439781,19.3103641677168,15.70677048439781,123.58716502785683,4,18,True
15,4,15,45,6.760397025942803,7.887095409895044,6.760397025942803,154.01437506079674,5,18,True
16,4,15,60,1.2576170563697815,2.0168746949383607,1.2576170563697815,122.74415837600827,4,19,True
17,4,15,75,1.2124785741170248,1.9319642759724043,1.2124785741170248,122.81469721347094,4,19,True
18,4,15,90,1.1859577894210815,2.0392981128403047,1.1859577894210815,122.0767698250711,4,19,True
19,4,15,105,6.717718894034624,12.126829437003323,6.717718894034624,122.22614930942655,4,19,True
20,4,15,120,12.134677805503209,17.916849606727197,12.134677805503209,125.2109706401825,4,18,True
21,4,15,135,1.7256769339243572,2.112797690053584,1.7256769339243572,122.7213079109788,4,18,True
22,4,15,150,0.9357403675715129,1.3804059391385537,0.9357403675715129,121.02987291291356,4,19,True
23,4,15,165,6.751820955673853,13.084648163322628,6.751820955673853,120.57580519467592,4,19,True
24,4,15,180,14.969385444000363,22.47335958209922,14.969385444000363,121.63037108257413,4,18,True
25,4,15,195,17.21754614673555,28.77213395873123,17.21754614673555,152.11186185479164,5,18,True
26,4,15,210,21.41261229266723,36.53667551503853,21.41261229266723,150.89599462226033,5,18,True
27,4,15,225,14.592672610282898,28.66117361605605,14.592672610282898,150.71990573778749,5,18,True
28,4,3,30,12.713516781727472,18.62516911476572,12.713516781727472,121.77694076672196,4,19,True
29,4,3,45,17.199783503760894,22.204825851831405,17.199783503760894,154.23755627125502,5,18,True
30,4,3,60,8.609174176740149,9.212499766993549,8.609174176740149,124.02903474867344,4,18,True
31,4,3,75,6.264898009039461,8.552738571752416,6.264898009039461,122.88001785054803,4,19,True
32,4,3,90,2.7147425429274636,4.034162977248466,2.7147425429274636,121.23169330880046,4,19,True
33,4,3,105,3.819446148102482,5.450931824043709,3.819446148102482,122.34213994815946,4,18,True
34,4,3,120,5.300460454573234,7.207495263984578,5.300460454573234,122.30500997975469,4,18,True
35,4,3,135,12.939726869265238,15.366825559911433,12.939726869265238,122.26470001041889,4,18,True
36,4,3,150,11.748536302149295,16.488293728933705,11.748536302149295,121.39317393302917,4,19,True
37,4,3,165,10.69873378276825,13.442312592915757,10.69873378276825,122.00394179672003,4,18,True
38,4,3,180,6.8092348655064905,11.41316600228698,6.8092348655064905,120.90638373047113,4,19,True
39,4,3,195,8.168547409772874,11.219583444039701,8.168547409772874,121.86020100489259,4,18,True
40,4,3,210,1.6795291443665823,2.018402324931865,1.6795291443665823,122.23073095083237,4,18,True
41,4,3,225,3.238403222958247,3.559851255084873,3.238403222958247,123.07742889970541,4,19,True
42,4,35,30,9.101757529191673,11.057255778820517,9.101757529191673,121.83997081592679,4,19,True
43,4,35,45,3.419301145772139,4.425618968431784,3.419301145772139,123.18106787279248,4,18,True
44,4,35,60,4.251474341750145,5.2113706200688075,4.251474341750145,123.87969624251127,4,18,True
45,4,35,75,4.114524980386098,5.593393707322533,4.114524980386098,123.57417680323124,4,18,True
46,4,35,90,2.8620155692100524,6.429980348648081,2.8620155692100524,122.22199095413089,4,19,True
47,4,35,105,6.169619143505892,8.459513101005312,6.169619143505892,122.63065995648503,4,19,True
48,4,35,120,10.441156598428885,12.650503337476549,10.441156598428885,124.7199228964746,4,18,True
49,4,35,135,3.0196185750265916,4.54379673551354,3.0196185750265916,123.60487738624215,4,19,True
50,4,35,150,4.984713916480541,6.180562945415637,4.984713916480541,124.31690376251936,4,18,True
51,4,35,165,15.04505568742752,21.30011042003161,15.04505568742752,124.5699250139296,4,18,True
52,4,35,180,20.635089389483134,34.8571903004926,20.635089389483134,124.33953490108252,4,18,True
53,4,35,195,7.427071472009023,12.882633370641546,7.427071472009023,154.37433728948236,5,18,True
54,4,35,210,6.375215967496236,7.377406203426243,6.375215967496236,124.36953512951732,4,18,True
55,4,35,225,3.4824822008609773,6.745391996990317,3.4824822008609773,124.17960492894053,4,18,True
56,4,48,30,5.489344424684532,7.9838404938283265,5.489344424684532,123.63466806709766,4,19,True
57,4,48,45,15.33672245418032,22.889348187122298,15.33672245418032,123.670166824013,4,18,True
58,4,48,60,12.761052993188303,19.65558988829936,12.761052993188303,123.48841829225421,4,18,True
59,4,48,75,5.052043798613401,8.372461768788224,5.052043798613401,123.03094984963536,4,19,True
60,4,48,90,3.9817309925953546,4.894122735835723,3.9817309925953546,123.98019712418318,4,18,True
61,4,48,105,7.554002278546492,11.604812105942969,7.554002278546492,123.32837888970971,4,19,True
62,4,48,120,24.181809785962106,37.90451299428124,24.181809785962106,124.52870514243841,4,18,True
63,4,48,135,18.03433273086945,23.505128500154765,18.03433273086945,154.64436681941152,5,18,True
64,4,48,150,12.228058765331904,15.733190680323542,12.228058765331904,122.2526622004807,4,19,True
65,4,48,165,10.104321165879567,13.346584619946277,10.104321165879567,153.6201792769134,5,18,True
66,4,48,180,11.23041323168824,17.076926416016608,11.23041323168824,124.12035698071122,4,18,True
67,4,48,195,16.107075518369676,26.26273298425661,16.107075518369676,124.07765677198768,4,18,True
68,4,48,210,14.145086207985878,21.82948103114519,14.145086207985878,123.95784677937627,4,18,True
69,4,48,225,16.408408949524166,22.668338727935126,16.408408949524166,124.05797699466348,4,18,True
70,4,22,30,4.180934602022171,4.931614512150792,4.180934602022171,122.57347069680691,4,18,True
71,4,22,45,4.50203870460391,5.062665056779078,4.50203870460391,124.01655735448003,4,18,True
72,4,22,60,2.046740685403347,3.567265198692699,2.046740685403347,123.97911678999662,4,18,True
73,4,22,75,2.855686835447947,4.2897061757249,2.855686835447947,123.37711919099092,4,19,True
74,4,22,90,3.5963820536931355,8.554152169242197,3.5963820536931355,122.601720970124,4,19,True
75,4,22,105,4.719156954685847,8.59104408950786,4.719156954685847,124.31492703035474,4,18,True
76,4,22,120,4.463226935764154,6.175846556732143,4.463226935764154,124.36510715633631,4,18,True
77,4,22,135,2.2317660053571067,2.7864807345038916,2.2317660053571067,124.36815677210689,4,18,True
78,4,22,150,1.2090017281472683,1.817383634437469,1.2090017281472683,123.7465376034379,4,19,True
79,4,22,165,10.522940319031477,17.323723111430432,10.522940319031477,123.63130925223231,4,19,True
80,4,22,180,16.210463656981787,29.272157958263566,16.210463656981787,123.18775011226535,4,19,True
81,4,22,195,5.830850451191266,8.895506358913133,5.830850451191266,124.82457514852285,4,18,True
82,4,22,210,5.591594144701958,6.5703615994115525,5.591594144701958,124.70853608101606,4,18,True
83,4,22,225,5.002042014423448,10.054592316617546,5.002042014423448,123.59585892409086,4,19,True
84,4,55,30,9.22617450132966,11.714110365676696,9.22617450132966,123.63550858572125,4,18,True
85,4,55,45,4.546616300195455,5.135915202856075,4.546616300195455,123.92409797757864,4,18,True
86,4,55,60,6.680347936600446,11.26227645815662,6.680347936600446,123.31030005589128,4,19,True
87,4,55,75,11.010400761167208,20.04282334851054,11.010400761167208,153.3474731259048,5,18,True
88,4,55,90,13.397035298744838,19.09023002382051,13.397035298744838,155.0624780356884,5,18,True
89,4,55,105,3.585924673080444,6.361192949907091,3.585924673080444,122.92118137702346,4,19,True
90,4,55,120,4.623853811621666,6.409852181498179,4.623853811621666,124.419666826725,4,18,True
91,4,55,135,7.006958180766863,8.021655118170836,7.006958180766863,124.61564783006907,4,18,True
92,4,55,150,14.177098873630166,23.155997462657123,14.177098873630166,124.64040610939264,4,18,True
93,4,55,165,35.06578503449758,50.35792259048257,35.06578503449758,128.17136710509658,4,18,True
94,4,55,180,28.34439397652944,39.92725009229906,28.34439397652944,154.32479977607727,5,18,True
95,4,55,195,57.701058488339186,84.346172485979,57.701058488339186,155.94838606193662,5,17,True
96,4,55,210,38.32050487200419,68.90330403056308,38.32050487200419,154.76724924519658,5,18,True
97,4,55,225,32.96023147404194,54.7984353845776,32.96023147404194,124.38220717012882,4,18,True
98,4,4,30,19.110404553373034,39.95584549069896,19.110404553373034,124.19097824022174,4,18,True
99,4,4,45,55.43642172217369,91.4704569355991,55.43642172217369,156.10924642533064,5,17,True
100,4,4,60,9.771830973401666,15.04327451700802,9.771830973401666,124.95602620765567,4,18,True
101,4,4,75,9.920166477219512,16.20634053802356,9.920166477219512,124.0634392015636,4,18,True
102,4,4,90,9.32984222487236,14.834650491250724,9.32984222487236,123.92904935404658,4,18,True
103,4,4,105,8.866212940216064,12.117080512077322,8.866212940216064,124.07480785623193,4,18,True
104,4,4,120,7.8116972874850035,13.51689900856089,7.8116972874850035,124.18561894446611,4,18,True
105,4,4,135,9.908747651427984,15.432177044135011,9.908747651427984,122.50539381057024,4,19,True
106,4,4,150,12.076147498438756,22.132087720763142,12.076147498438756,124.51413832604885,4,18,True
107,4,4,165,10.168366368611654,16.78087815257187,10.168366368611654,124.70149761065841,4,18,True
108,4,4,180,12.014521936575571,23.712954416602006,12.014521936575571,130.28721138834953,4,18,True
109,4,4,195,38.561468215783435,69.10539002306804,38.561468215783435,130.37898112088442,4,18,True
110,4,4,210,21.098954280590018,41.60166954802651,21.098954280590018,124.4097682647407,4,18,True
111,4,4,225,49.393762271602945,81.39371368705909,49.393762271602945,155.78671684488654,5,17,True
112,4,45,30,10.500310695171356,13.009926298142156,10.500310695171356,123.14118165522814,4,18,True
113,4,45,45,9.87989161958297,13.461176977180054,9.87989161958297,122.43288476020098,4,18,True
114,4,45,60,7.391158382594585,11.673777596823895,7.391158382594585,122.0397362485528,4,18,True
115,4,45,75,22.489860117683808,46.03192372865372,22.489860117683808,121.46103708073497,4,19,True
116,4,45,90,23.438566914200784,37.264683464352885,23.438566914200784,152.29081828147173,5,18,True
117,4,45,105,4.385780439525843,5.459349111182128,4.385780439525843,121.8094159848988,4,18,True
118,4,45,120,2.205537853141626,2.7212620127605067,2.205537853141626,121.87876598909497,4,18,True
119,4,45,135,1.2944774056474369,1.731937591979913,1.2944774056474369,121.27886805683374,4,19,True
120,4,45,150,1.1902885307868323,1.591076558819272,1.1902885307868323,122.2659251652658,4,19,True
121,4,45,165,2.9737798547993104,5.396733924804979,2.9737798547993104,123.1395322829485,4,19,True
122,4,45,180,8.842583751678466,13.854677196837894,8.842583751678466,124.31538011878729,4,18,True
123,4,45,195,4.022050994634628,5.420741606685288,4.022050994634628,124.45749901235104,4,18,True
124,4,45,210,5.435362066825231,7.467851272260472,5.435362066825231,124.49668906629086,4,18,True
125,4,45,225,6.5949983223108575,9.742616689287601,6.5949983223108575,124.44879999384284,4,18,True
126,4,60,30,11.854547894497712,18.509281192961943,11.854547894497712,124.7281776741147,4,18,True
127,4,60,45,8.618631773193677,13.685341048576586,8.618631773193677,124.48525940999389,4,18,True
128,4,60,60,5.99052469531695,10.19065507565487,5.99052469531695,124.61528880521655,4,18,True
129,4,60,75,10.011139099299907,15.636018065760197,10.011139099299907,123.4688931144774,4,19,True
130,4,60,90,6.7367611115177475,10.344429560829344,6.7367611115177475,124.56308910623193,4,18,True
131,4,60,105,7.182139440377553,13.069706011612611,7.182139440377553,123.24599223211408,4,19,True
132,4,60,120,10.283755540847778,16.630632623018666,10.283755540847778,154.40633287653327,5,18,True
133,4,60,135,4.241336858272552,6.292158532165102,4.241336858272552,122.92777420952916,4,19,True
134,4,60,150,3.8151076873143515,4.996285933990644,3.8151076873143515,124.17182000353932,4,18,True
135,4,60,165,10.105706310272216,14.853453226904588,10.105706310272216,124.12241101264954,4,18,True
136,4,60,180,21.84252446492513,35.07483331091955,21.84252446492513,123.30355308949947,4,19,True
137,4,60,195,8.533438871304194,12.17468698991093,8.533438871304194,124.28510095924139,4,18,True
138,4,60,210,2.881718071301778,3.992044860581056,2.881718071301778,124.1511506959796,4,18,True
139,4,60,225,4.008028173446656,7.3390442486323115,4.008028173446656,123.68047190830112,4,19,True
140,4,26,30,5.949412703514099,8.06118241648801,5.949412703514099,123.28191287815571,4,19,True
141,4,26,45,1.1757453719774882,1.9560626876705065,1.1757453719774882,124.5272601954639,4,18,True
142,4,26,60,2.4259801328182222,3.4585992124684974,2.4259801328182222,123.34571406245232,4,19,True
143,4,26,75,1.4450023457407952,1.8266063107920671,1.4450023457407952,122.8941441513598,4,19,True
144,4,26,90,1.3831322046617667,2.0235567587864014,1.3831322046617667,123.16177366301417,4,19,True
145,4,26,105,2.359658557673295,2.946921603612717,2.359658557673295,122.40294693037868,4,19,True
146,4,26,120,1.742600639661153,2.1899653912431423,1.742600639661153,124.33327082544565,4,19,True
147,4,26,135,2.179229146242142,2.9368139708933976,2.179229146242142,123.18623391911387,4,19,True
148,4,26,150,1.338185461362203,1.6512965956316803,1.338185461362203,123.07582516223192,4,19,True
149,4,26,165,3.551696467399597,5.63399915213109,3.551696467399597,123.11622407287359,4,19,True
150,4,26,180,10.205614896615346,21.296489390276502,10.205614896615346,123.04838513955474,4,19,True
151,4,26,195,7.689604892333349,13.083099701998544,7.689604892333349,154.78907292708755,5,18,True
152,4,26,210,17.811796601613363,24.166405063517914,17.811796601613363,154.60589388385415,5,18,True
153,4,26,225,27.414103502159318,39.576957761667906,27.414103502159318,154.7239739447832,5,18,True
154,4,21,30,2.1672227658020953,2.5458994319482775,2.1672227658020953,123.44759376719594,4,19,True
155,4,21,45,2.00265719294548,2.5283810264748423,2.00265719294548,123.2353551313281,4,19,True
156,4,21,60,1.9684096271793048,2.4039921266254543,1.9684096271793048,123.42963367700577,4,19,True
157,4,21,75,1.6581784715255101,2.1339042297873307,1.6581784715255101,123.18753497675061,4,19,True
158,4,21,90,1.6980817337830862,2.1346059565362707,1.6980817337830862,123.28020436689258,4,19,True
159,4,21,105,1.4444366256395975,1.9498325502357636,1.4444366256395975,123.24353540316224,4,19,True
160,4,21,120,1.7211405674616496,2.1973541649393638,1.7211405674616496,123.58332425355911,4,19,True
161,4,21,135,1.5454271535078685,1.9590570791488229,1.5454271535078685,123.3518747612834,4,19,True
162,4,21,150,1.497644410530726,1.9679411313133608,1.497644410530726,123.38392436504364,4,19,True
163,4,21,165,5.080463353792826,8.784209425647038,5.080463353792826,123.38936375454068,4,19,True
164,4,21,180,5.598104323943456,9.922594591494638,5.598104323943456,123.59288381412625,4,19,True
165,4,21,195,4.171827447414398,5.75189975667935,4.171827447414398,124.43005200475454,4,18,True
166,4,21,210,2.2514461815357207,2.866500513096182,2.2514461815357207,123.29967506229877,4,19,True
167,4,21,225,1.6753963828086853,2.190969519167487,1.6753963828086853,123.08148527517915,4,19,True
168,4,44,30,9.891149171690147,13.26932406510689,9.891149171690147,123.43361414968967,4,18,True
169,4,44,45,4.432661732037862,6.097711812303858,4.432661732037862,123.76186391338706,4,18,True
170,4,44,60,4.610142338275909,6.8991153196311386,4.610142338275909,124.08640421926975,4,18,True
171,4,44,75,5.20521731475989,7.585095510177931,5.20521731475989,124.128432944417,4,18,True
172,4,44,90,17.597283771634103,28.082235526981474,17.597283771634103,124.04891289770603,4,18,True
173,4,44,105,16.24714561998844,29.21311435442393,16.24714561998844,153.43793900683522,5,18,True
174,4,44,120,5.971852026631435,7.742764148697655,5.971852026631435,123.84052434936166,4,18,True
175,4,44,135,6.013981026411057,7.450612755507707,6.013981026411057,123.88136424124241,4,18,True
176,4,44,150,6.5894397894541425,9.906277480243675,6.5894397894541425,124.45763312280178,4,18,True
177,4,44,165,14.82860340277354,20.159162536755808,14.82860340277354,124.1897139698267,4,18,True
178,4,44,180,23.66722067957744,38.96423898200128,23.66722067957744,124.08923311159015,4,18,True
179,4,44,195,10.587740537524223,13.21133797200111,10.587740537524223,124.20469289645553,4,18,True
180,4,44,210,13.65827632645766,20.47300265693511,13.65827632645766,124.3856530636549,4,18,True
181,4,44,225,19.635522480805715,25.877328112819107,19.635522480805715,124.40761271864176,4,18,True
182,4,23,30,38.071720573802786,59.97969139721556,38.071720573802786,124.08797303214669,4,18,True
183,4,23,45,10.467954508463542,15.305052880016277,10.467954508463542,124.09242382273078,4,18,True
184,4,23,60,29.317788023749987,42.10794442998602,29.317788023749987,154.76388577371836,5,18,True
185,4,23,75,10.54466544687748,13.235426467296474,10.54466544687748,124.37345320358872,4,18,True
186,4,23,90,11.366283977031708,14.547297669516757,11.366283977031708,124.46482293307781,4,18,True
187,4,23,105,9.011211699744065,14.97863895016919,9.011211699744065,154.77820625528693,5,18,True
188,4,23,120,42.48326723203063,74.19497099790144,42.48326723203063,124.12781408056617,4,18,True
189,4,23,135,41.92291797598203,62.13501842745008,41.92291797598203,154.5217470265925,5,18,True
190,4,23,150,21.64489800284306,30.840814134023613,21.64489800284306,124.21839404851198,4,18,True
191,4,23,165,51.99862201859553,81.52192928637336,51.99862201859553,154.80842581018806,5,18,True
192,4,23,180,29.786242485791444,47.646140947956354,29.786242485791444,124.1798740811646,4,18,True
193,4,23,195,48.89781527742743,73.36263004238553,48.89781527742743,151.79966622963548,5,18,True
194,4,23,210,33.86440988580386,47.026132220354626,33.86440988580386,122.31478001922369,4,18,True
195,4,23,225,30.797462208817404,44.45732805553158,30.797462208817404,122.33682023361325,4,18,True
196,4,53,30,7.5919704357782996,11.323351041314044,7.5919704357782996,121.87175126746297,4,19,True
197,4,53,45,9.76258852481842,12.247854898561819,9.76258852481842,122.33156012371182,4,18,True
198,4,53,60,4.553896252314249,6.512677242606657,4.553896252314249,121.17943307384849,4,19,True
199,4,53,75,14.456004042426745,20.264084952103435,14.456004042426745,121.06905411928892,4,19,True
200,4,53,90,23.0569222231706,28.663397242466356,23.0569222231706,122.15076014399529,4,18,True
201,4,53,105,15.288012249271075,19.97646934312738,15.288012249271075,124.20019507408142,4,18,True
202,4,53,120,22.33080225586891,31.80665202903038,22.33080225586891,154.33633793145418,5,18,True
203,4,53,135,11.736683417359988,16.224860090391758,11.736683417359988,124.21486526727676,4,18,True
204,4,53,150,7.319936141371727,9.16715717136481,7.319936141371727,123.4672567807138,4,18,True
205,4,53,165,16.140221309040985,23.175741374985698,16.140221309040985,123.83012613281608,4,18,True
206,4,53,180,13.467995366950829,21.62954764117781,13.467995366950829,124.09434467554092,4,18,True
207,4,53,195,10.955790472030639,14.625399667495115,10.955790472030639,154.63578794151545,5,18,True
208,4,53,210,16.774517107506593,22.675836870147084,16.774517107506593,124.3339953944087,4,18,True
209,4,53,225,14.20097007503112,22.818312584630423,14.20097007503112,154.5133381150663,5,18,True
210,4,84,30,35.87895655290534,61.078413076772684,35.87895655290534,154.4341091066599,5,18,True
211,4,84,45,15.68552970526119,18.527985665837985,15.68552970526119,154.64027784764767,5,18,True
212,4,84,60,33.953590444351235,55.98621260502568,33.953590444351235,124.01570565998554,4,18,True
213,4,84,75,25.28645023306211,37.24113864814875,25.28645023306211,155.0217680633068,5,18,True
214,4,84,90,7.735215419530869,11.200849791975601,7.735215419530869,154.36587017029524,5,18,True
215,4,84,105,8.421443196137746,12.8764624888476,8.421443196137746,123.23236931115389,4,19,True
216,4,84,120,12.078778624037902,15.303961822230221,12.078778624037902,158.45400793477893,5,18,True
217,4,84,135,2.44645273288091,3.0899875815152025,2.44645273288091,123.49843699485064,4,19,True
218,4,84,150,2.3485580503940584,2.9259772625134497,2.3485580503940584,122.24563118070364,4,19,True
219,4,84,165,13.811915131409963,22.094012388242618,13.811915131409963,123.24479827657342,4,19,True
220,4,84,180,22.81777245302995,33.10477780619084,22.81777245302995,124.18072624132037,4,18,True
221,4,84,195,13.409499041239421,18.434560373422407,13.409499041239421,154.5418701134622,5,18,True
222,4,84,210,13.64875399172306,18.11397655719135,13.64875399172306,154.62993877008557,5,18,True
223,4,84,225,6.67260461410818,11.34880779310681,6.67260461410818,156.06856578961015,5,18,True
224,4,59,30,3.3638688961664838,3.7874808354895397,3.3638688961664838,124.00203617289662,4,18,True
225,4,59,45,1.8038100776573023,2.3768941798167367,1.8038100776573023,121.10905488952994,4,18,True
226,4,59,60,1.7538020970920722,2.3268532295928264,1.7538020970920722,120.47818582504988,4,19,True
227,4,59,75,1.8700298503041268,3.249488523717202,1.8700298503041268,121.24507408589125,4,19,True
228,4,59,90,2.441795659561952,4.3596456249713835,2.441795659561952,121.10773473978043,4,19,True
229,4,59,105,3.285577760140101,4.4550807328468505,3.285577760140101,120.92398572713137,4,19,True
230,4,59,120,4.057909232378006,4.943821642273755,4.057909232378006,121.78901303559542,4,18,True
231,4,59,135,2.040241577786704,2.5051100934054737,2.040241577786704,121.81636271998286,4,19,True
232,4,59,150,1.517565085925162,2.2224697422554236,1.517565085925162,124.12433698773384,4,19,True
233,4,59,165,10.260066272815068,15.333865606677989,10.260066272815068,124.21993585303426,4,18,True
234,4,59,180,11.792355408271154,17.809147039656942,11.792355408271154,123.7348080612719,4,18,True
235,4,59,195,4.563580883542697,7.137032560719221,4.563580883542697,123.98003693670034,4,18,True
236,4,59,210,3.6548085094739995,4.106457070924624,3.6548085094739995,123.70845815166831,4,18,True
237,4,59,225,3.1955884323765833,5.582326599478655,3.1955884323765833,122.62565130367875,4,19,True
238,4,49,30,21.434583564599354,28.775761190749602,21.434583564599354,122.46810179203749,4,18,True
239,4,49,45,18.415723713239036,25.54044066887794,18.415723713239036,153.03373476490378,5,18,True
240,4,49,60,24.075951311457903,31.25791616811936,24.075951311457903,155.42525798082352,5,18,True
241,4,49,75,16.36578285296758,24.358758171957096,16.36578285296758,123.79906792193651,4,18,True
242,4,49,90,9.713702470064163,12.215935407892754,9.713702470064163,125.13895379379392,4,18,True
243,4,49,105,4.181150612731774,5.096667581407776,4.181150612731774,122.26702319458127,4,19,True
244,4,49,120,10.062237745026748,13.747759082876511,10.062237745026748,122.84479103982449,4,18,True
245,4,49,135,23.140426814556122,29.604784132448472,23.140426814556122,124.02693834155798,4,18,True
246,4,49,150,36.50913211251609,55.84374721637908,36.50913211251609,124.42533718422055,4,18,True
247,4,49,165,41.73215953861363,65.55209141366346,41.73215953861363,124.48594579473138,4,18,True
248,4,49,180,11.460005807876588,14.878133971889914,11.460005807876588,154.83748028054833,5,18,True
249,4,49,195,11.884068147341411,18.078091410693656,11.884068147341411,123.36410023272038,4,19,True
250,4,49,210,33.260683482264476,54.31032764193457,33.260683482264476,123.11886996030807,4,19,True
251,4,49,225,46.85692876838148,70.0864542146041,46.85692876838148,155.91499814763665,5,17,True
252,4,7,30,13.702828618884087,16.706149439559514,13.702828618884087,124.50501695275307,4,18,True
253,4,7,45,7.256076438352466,9.333399363146825,7.256076438352466,124.59346698597074,4,18,True
254,4,7,60,7.756781653687358,10.977778247764919,7.756781653687358,123.72865993529558,4,18,True
255,4,7,75,4.523266315460205,5.588314140745326,4.523266315460205,122.52209195867181,4,18,True
256,4,7,90,3.88322122891744,7.826276830001357,3.88322122891744,121.70797400176525,4,19,True
257,4,7,105,7.584372293949127,10.785613858035072,7.584372293949127,121.74911377951503,4,19,True
258,4,7,120,9.887551538149516,12.510196893148404,9.887551538149516,122.81259195879102,4,18,True
259,4,7,135,5.97901885372897,7.4326998066714225,5.97901885372897,121.68754497542977,4,19,True
260,4,7,150,5.340273342529932,8.838730537267208,5.340273342529932,121.5794263407588,4,19,True
261,4,7,165,17.33224348425865,24.80140624939624,17.33224348425865,122.57628282532096,4,18,True
262,4,7,180,21.61294221629699,30.374913944671576,21.61294221629699,152.82858721911907,5,18,True
263,4,7,195,12.787353604038556,18.3599273137872,12.787353604038556,155.04398988559842,5,18,True
264,4,7,210,2.139517915248871,2.794672811259729,2.139517915248871,123.64850006997585,4,19,True
265,4,7,225,5.958731905122598,9.140872375831252,5.958731905122598,124.45461796596646,4,18,True
266,4,47,30,9.375649752343694,11.915274788534214,9.375649752343694,155.06915096193552,5,18,True
267,4,47,45,6.958376008272171,7.927164944434546,6.958376008272171,154.71114171668887,5,18,True
268,4,47,60,1.9375660280386606,2.2688520088825,1.9375660280386606,123.64637106657028,4,19,True
269,4,47,75,1.3186036884784698,1.6541552188707864,1.3186036884784698,123.38039092719555,4,19,True
270,4,47,90,2.1159800867239635,2.94860278453394,2.1159800867239635,123.24987119063735,4,19,True
271,4,47,105,3.5717701121699066,4.909404475545232,3.5717701121699066,121.56026577576995,4,19,True
272,4,47,120,1.6126331365977724,2.0985909573379864,1.6126331365977724,121.5159073472023,4,19,True
273,4,47,135,3.2678006321191786,4.001964907074709,3.2678006321191786,121.93341460078955,4,18,True
274,4,47,150,9.244907936453819,16.972717078834513,9.244907936453819,122.57376406341791,4,18,True
275,4,47,165,30.588368871311346,52.41577215352882,30.588368871311346,152.39314921200275,5,18,True
276,4,47,180,49.369609927386044,77.3277439194324,49.369609927386044,153.08588789775968,5,17,True
277,4,47,195,9.91779029034078,12.433521038075293,9.91779029034078,122.6475341245532,4,18,True
278,4,47,210,9.701684418693185,13.444679173501063,9.701684418693185,122.460194863379,4,18,True
279,4,47,225,12.380176417902112,15.95329587469007,12.380176417902112,124.55485807731748,4,18,True
280,4,30,30,1.8255995353062948,2.3224636421458076,1.8255995353062948,123.4900513663888,4,19,True
281,4,30,45,1.2461931586265564,1.7311922300607936,1.2461931586265564,123.50790109485388,4,19,True
282,4,30,60,2.8459187924861906,4.197967325794119,2.8459187924861906,124.1539791226387,4,18,True
283,4,30,75,0.9472696383794149,1.6761954010814235,0.9472696383794149,123.32207197323442,4,19,True
284,4,30,90,0.9586809794108073,1.3143398685267642,0.9586809794108073,124.01158083230257,4,19,True
285,4,30,105,0.9834993918736775,1.512729307143259,0.9834993918736775,123.7484309822321,4,19,True
286,4,30,120,2.450535749644041,3.1678181656593725,2.450535749644041,123.5230821184814,4,19,True
287,4,30,135,3.2519454531371594,4.034263024862846,3.2519454531371594,123.49219201132655,4,19,True
288,4,30,150,1.6245534459749857,2.145456368632592,1.6245534459749857,124.2913194000721,4,18,True
289,4,30,165,2.948983971277873,3.9714324750603516,2.948983971277873,124.4438593275845,4,18,True
290,4,30,180,1.068704652786255,1.7688631471606002,1.068704652786255,123.74068098142743,4,19,True
291,4,30,195,2.673489826917648,3.9571506887791323,2.673489826917648,123.36239172145724,4,19,True
292,4,30,210,1.1761738181114196,1.4235369685034607,1.1761738181114196,123.20468295365572,4,19,True
293,4,30,225,1.0911931902170182,1.4545591772778919,1.0911931902170182,123.449781909585,4,19,True
294,8,83,30,21.2646568497022,29.02035182009539,21.2646568497022,124.69459883868694,4,18,True
295,8,83,45,11.651518521706263,21.34420554533391,11.651518521706263,155.1512531004846,5,18,True
296,8,83,60,11.252488126357397,16.14829825546087,11.252488126357397,155.17659299075603,5,18,True
297,8,83,75,15.043685426314672,22.866448125747304,15.043685426314672,124.40992891788483,4,18,True
298,8,83,90,16.940576219558714,20.21611287901844,16.940576219558714,124.53917972743511,4,18,True
299,8,83,105,1.5861443996429443,1.9453400323768186,1.5861443996429443,123.32432297989726,4,19,True
300,8,83,120,14.94757451415062,25.811451774054074,14.94757451415062,123.44348290935159,4,19,True
301,8,83,135,20.817655307178697,33.506427715819086,20.817655307178697,154.67883506789804,5,18,True
302,8,83,150,6.915680068607132,8.841486081677617,6.915680068607132,124.5873193256557,4,18,True
303,8,83,165,4.755939255158107,6.363126922769181,4.755939255158107,124.45731041952968,4,18,True
304,8,83,180,6.023748103777567,8.088514422364083,6.023748103777567,124.57958003506064,4,18,True
305,8,83,195,13.37039993306001,24.70453957341669,13.37039993306001,123.39701317250729,4,19,True
306,8,83,210,20.221144395073257,36.312055800669995,20.221144395073257,154.75688502192497,5,18,True
307,8,83,225,18.605278863509497,26.982502127156117,18.605278863509497,152.77509996667504,5,18,True
308,8,15,30,21.49429080436627,30.335793546238854,21.49429080436627,121.86204688623548,4,19,True
309,8,15,45,18.855175142983594,25.488292134525345,18.855175142983594,122.67290567979217,4,18,True
310,8,15,60,11.805785321382185,12.62655141980672,11.805785321382185,122.5785561837256,4,18,True
311,8,15,75,2.1032079153383774,2.7417130861384256,2.1032079153383774,121.6928381472826,4,19,True
312,8,15,90,11.086800192793211,20.61339126139594,11.086800192793211,121.81969778612256,4,19,True
313,8,15,105,13.147518658638,18.264980818819655,13.147518658638,152.70983101800084,5,18,True
314,8,15,120,6.3031161268552145,8.033845168247556,6.3031161268552145,123.2837033458054,4,18,True
315,8,15,135,8.804296418031056,12.310131372850098,8.804296418031056,124.7178902849555,4,18,True
316,8,15,150,6.9059687703847885,9.144473497040472,6.9059687703847885,155.33344401046634,5,18,True
317,8,15,165,1.4257951656977335,1.8058377024910695,1.4257951656977335,123.64765303209424,4,19,True
318,8,15,180,1.2189601143201192,1.6187803313161842,1.2189601143201192,123.55824327096343,4,19,True
319,8,15,195,1.2075432658195495,1.6005208767058987,1.2075432658195495,123.58043296262622,4,19,True
320,8,15,210,1.2366753617922466,1.608684479028393,1.2366753617922466,123.60554281622171,4,19,True
321,8,15,225,3.265471851825714,4.207175201268752,3.265471851825714,123.59324283897877,4,19,True
322,8,3,30,31.64771631260713,49.635566525189105,31.64771631260713,155.03014624118805,5,18,True
323,8,3,45,41.278431644042335,68.26828214847482,41.278431644042335,155.1552750170231,5,18,True
324,8,3,60,40.90618361234665,63.940912385908504,40.90618361234665,155.1213851198554,5,18,True
325,8,3,75,13.675858632723491,23.973669442833188,13.675858632723491,156.42663091421127,5,17,True
326,8,3,90,14.392761294047038,19.208537296616566,14.392761294047038,154.99142603948712,5,18,True
327,8,3,105,5.952046243349711,7.782893488926488,5.952046243349711,124.80759108439088,4,18,True
328,8,3,120,12.491352419058481,16.943802791060623,12.491352419058481,124.52369136735797,4,18,True
329,8,3,135,14.072745168209076,18.75936156009703,14.072745168209076,155.09112598374486,5,18,True
330,8,3,150,18.9600954135259,21.288572397104186,18.9600954135259,124.85666014254093,4,18,True
331,8,3,165,14.733835872014364,18.841417566821388,14.733835872014364,155.54730407893658,5,18,True
332,8,3,180,8.680703043937683,11.086823179744535,8.680703043937683,124.94789017364383,4,18,True
333,8,3,195,2.573906493186951,3.253401821365171,2.573906493186951,124.56447165459394,4,18,True
334,8,3,210,4.887071347236633,6.2773803407913995,4.887071347236633,123.81139304488897,4,19,True
335,8,3,225,5.758292198181152,9.169464358337356,5.758292198181152,123.86332405731082,4,19,True
336,8,35,30,36.8356076049308,45.61413981757213,36.8356076049308,124.95268089696765,4,18,True
337,8,35,45,17.899335674444835,23.101419667570823,17.899335674444835,156.0264234431088,5,18,True
338,8,35,60,28.074367547035216,33.00549433268942,28.074367547035216,124.60777070373297,4,18,True
339,8,35,75,4.171265608817339,4.586701134644035,4.171265608817339,124.64673165231943,4,18,True
340,8,35,90,2.9631968781352045,3.963372915561131,2.9631968781352045,124.51173178851604,4,18,True
341,8,35,105,8.570188761129975,14.187638306807074,8.570188761129975,123.67999413982034,4,19,True
342,8,35,120,25.327371676762898,28.649298693556172,25.327371676762898,124.67421125620604,4,18,True
343,8,35,135,27.873708629111448,31.006952622179014,27.873708629111448,156.2951528467238,5,17,True
344,8,35,150,17.23723274966081,23.826176471679847,17.23723274966081,124.90326212719083,4,18,True
345,8,35,165,7.3973290918394925,11.114462793030285,7.3973290918394925,155.84647515788674,5,18,True
346,8,35,180,2.2283585760121545,2.9299281588250223,2.2283585760121545,124.57400187849998,4,18,True
347,8,35,195,2.7643805305163065,3.081724279362754,2.7643805305163065,123.80020413547754,4,19,True
348,8,35,210,6.489626576037456,9.597570496485426,6.489626576037456,123.78392461687326,4,19,True
349,8,35,225,22.885618869463602,43.985047489374104,22.885618869463602,122.63372773304582,4,18,True
350,8,48,30,57.6304409156243,74.2536511263684,57.6304409156243,153.44537235796452,5,17,True
351,8,48,45,57.58263869782289,87.33126983143424,57.58263869782289,152.83203404396772,5,18,True
352,8,48,60,10.416269087900098,13.905607819861059,10.416269087900098,122.87460779771209,4,18,True
353,8,48,75,7.574864410252,9.665114635742007,7.574864410252,122.79217736795545,4,18,True
354,8,48,90,1.6018431256214778,2.056083170017611,1.6018431256214778,121.58808065578341,4,19,True
355,8,48,105,2.4677371859550474,2.677865882683145,2.4677371859550474,121.72383069992065,4,19,True
356,8,48,120,1.470301090180874,1.8876771409830835,1.470301090180874,121.87768006697297,4,19,True
357,8,48,135,4.787110386416316,6.752972562724609,4.787110386416316,124.32096293196082,4,18,True
358,8,48,150,3.015800333768129,3.908939036008044,3.015800333768129,124.39853278920054,4,18,True
359,8,48,165,5.908023302008709,7.623213060732064,5.908023302008709,124.05141489580274,4,19,True
360,8,48,180,4.247170376280944,5.181534928187315,4.247170376280944,124.64829301461577,4,18,True
361,8,48,195,6.435030766328176,7.7435947908967036,6.435030766328176,124.81899186968803,4,18,True
362,8,48,210,4.828302293022474,6.3030225326875415,4.828302293022474,124.61479287594557,4,18,True
363,8,48,225,7.035259743531545,10.117260959926481,7.035259743531545,124.728012830019,4,18,True
364,8,22,30,2.856145183245341,3.46607744878573,2.856145183245341,124.0487340837717,4,19,True
365,8,22,45,2.621895599365234,3.0200640407125054,2.621895599365234,123.76939505338669,4,19,True
366,8,22,60,2.187510779996713,2.7765267670214024,2.187510779996713,123.7560361623764,4,19,True
367,8,22,75,1.6180371820926667,1.9807704897673004,1.6180371820926667,123.77940630540252,4,19,True
368,8,22,90,2.567009449005127,2.88221515027988,2.567009449005127,123.91501478850842,4,19,True
369,8,22,105,2.237668208281199,2.5361114272995198,2.237668208281199,123.87741589918733,4,19,True
370,8,22,120,1.7200862010320028,1.9421120773327116,1.7200862010320028,123.9106860011816,4,19,True
371,8,22,135,2.5903528571128844,3.950901265436931,2.5903528571128844,123.8290648907423,4,19,True
372,8,22,150,2.951936109860738,4.1029060421589945,2.951936109860738,124.61278401315212,4,18,True
373,8,22,165,1.9280636390050252,2.3111047140212353,1.9280636390050252,123.8431460224092,4,19,True
374,8,22,180,1.3379992802937826,1.6360297500661973,1.3379992802937826,123.85594565421343,4,19,True
375,8,22,195,3.202291057507197,4.771849206488665,3.202291057507197,123.77412617206573,4,19,True
376,8,22,210,3.041995354493459,4.04500203834696,3.041995354493459,124.50629379600286,4,18,True
377,8,22,225,1.3567267714689175,1.5906214510924033,1.3567267714689175,123.37309727445245,4,19,True
378,8,55,30,33.87323622206847,53.16037182727827,33.87323622206847,155.05131892859936,5,17,True
379,8,55,45,8.862361564735572,10.71826824002695,8.862361564735572,124.55348391085863,4,18,True
380,8,55,60,2.039497861576577,2.6359757281270886,2.039497861576577,124.81218297034502,4,18,True
381,8,55,75,2.339506940857973,2.634443665086913,2.339506940857973,124.47510380297899,4,19,True
382,8,55,90,1.96268528526028,2.3487060301502134,1.96268528526028,123.65575693547726,4,19,True
383,8,55,105,1.954546082764864,2.354912769892951,1.954546082764864,123.39680688455701,4,19,True
384,8,55,120,2.068912709504366,2.5003351657867214,2.068912709504366,123.65749711170793,4,19,True
385,8,55,135,2.170805005977551,2.5658919220150187,2.170805005977551,123.73436708003283,4,19,True
386,8,55,150,2.1134217431147895,2.533486132570703,2.1134217431147895,123.723897151649,4,19,True
387,8,55,165,2.0084966618567703,2.3363711967528205,2.0084966618567703,123.48655704408884,4,19,True
388,8,55,180,1.8765917480244145,2.220128326880006,1.8765917480244145,123.56685800477862,4,19,True
389,8,55,195,1.9010344859212638,2.2739452306415946,1.9010344859212638,123.5657180659473,4,19,True
390,8,55,210,1.9617085607722402,2.30346768400439,1.9617085607722402,123.25026793405414,4,19,True
391,8,55,225,1.9506250679182509,2.2906378579744096,1.9506250679182509,123.52212704718113,4,19,True
392,8,4,30,11.712023998300234,18.482182549798374,11.712023998300234,124.20927593484521,4,18,True
393,8,4,45,7.022613465095249,13.708209619256188,7.022613465095249,124.51668502762914,4,18,True
394,8,4,60,20.70068569034338,31.316503848589583,20.70068569034338,124.79055486619473,4,18,True
395,8,4,75,12.503630026181538,20.53108445014658,12.503630026181538,124.04834711924195,4,19,True
396,8,4,90,12.38669159213702,21.33449163219071,12.38669159213702,124.50320506468415,4,18,True
397,8,4,105,11.747349685120087,18.696179174879195,11.747349685120087,155.44770890846848,5,18,True
398,8,4,120,15.175746730404596,26.11704399415132,15.175746730404596,123.77072684466839,4,19,True
399,8,4,135,10.208985461791356,15.85702681809339,10.208985461791356,124.45753626525402,4,18,True
400,8,4,150,33.343405749897165,57.34843880905466,33.343405749897165,124.51654532924294,4,18,True
401,8,4,165,50.96765787427624,74.8947125388843,50.96765787427624,156.48118732497096,5,17,True
402,8,4,180,47.3417572816213,75.15664330253351,47.3417572816213,154.31091282516718,5,17,True
403,8,4,195,10.878597654821352,14.008484554168735,10.878597654821352,123.03673988208175,4,18,True
404,8,4,210,35.994737366835274,43.24542305755837,35.994737366835274,122.74947995319963,4,18,True
405,8,4,225,12.312919522325197,16.294430843882136,12.312919522325197,121.73207383602858,4,19,True
406,8,45,30,10.671579639116922,15.470408600019205,10.671579639116922,122.31666222214699,4,18,True
407,8,45,45,26.766441328078507,34.1192429904292,26.766441328078507,122.72908119484782,4,18,True
408,8,45,60,26.61939741000533,29.638750336975544,26.61939741000533,153.23460614308715,5,18,True
409,8,45,75,3.901438533887267,5.393801127211435,3.901438533887267,122.59369203820825,4,18,True
410,8,45,90,4.172748128697276,5.187152980145988,4.172748128697276,123.12586884945631,4,19,True
411,8,45,105,1.3966281447093933,1.9165537337614713,1.3966281447093933,123.40687913820148,4,19,True
412,8,45,120,17.18107858685156,30.157544113294346,17.18107858685156,123.77268821001053,4,19,True
413,8,45,135,15.610854721069336,22.554010533148027,15.610854721069336,154.96161300688982,5,18,True
414,8,45,150,6.203621403376261,9.017791075814825,6.203621403376261,123.7915582023561,4,19,True
415,8,45,165,6.170314613978068,8.828618421619904,6.170314613978068,123.98495804518461,4,19,True
416,8,45,180,6.127429564793904,8.808409209421544,6.127429564793904,122.27659160271287,4,19,True
417,8,45,195,6.179047966003418,8.939663953204459,6.179047966003418,122.13764199987054,4,19,True
418,8,45,210,6.278819306691488,9.068749196702573,6.278819306691488,122.0741830766201,4,19,True
419,8,45,225,6.289920171101888,9.064552956653815,6.289920171101888,121.96579296141863,4,19,True
420,8,60,30,5.445031475648284,9.965457714480692,5.445031475648284,121.9702628441155,4,19,True
421,8,60,45,6.207057670752207,8.24206343351377,6.207057670752207,122.97828076407313,4,18,True
422,8,60,60,2.2373285492261252,3.0666146152961113,2.2373285492261252,121.38595478609204,4,19,True
423,8,60,75,2.0063510874907178,2.9479031119305925,2.0063510874907178,122.02459434047341,4,19,True
424,8,60,90,5.922255850583315,9.14009555375023,5.922255850583315,122.88308097049594,4,19,True
425,8,60,105,5.983553466449181,8.142330323488759,5.983553466449181,124.55914681777358,4,18,True
426,8,60,120,2.0776912406086923,2.6118717754376446,2.0776912406086923,123.57072904706001,4,19,True
427,8,60,135,1.268037203947703,1.5357588662941972,1.268037203947703,123.77014895901084,4,19,True
428,8,60,150,1.6021804650624594,2.0949702955374394,1.6021804650624594,123.82388906553388,4,19,True
429,8,60,165,2.3643056551615396,3.6141269595806165,2.3643056551615396,122.56323266774416,4,19,True
430,8,60,180,3.5472102880477907,5.092670555082422,3.5472102880477907,121.75834411755204,4,19,True
431,8,60,195,2.0802803516387938,2.7595987436301432,2.0802803516387938,121.67711369693279,4,19,True
432,8,60,210,1.9558652242024739,2.722936239935598,1.9558652242024739,121.71338405460119,4,19,True
433,8,60,225,2.1657958308855694,2.70725355989158,2.1657958308855694,121.76138488575816,4,19,True
434,8,26,30,27.908314672112464,36.10570892435245,27.908314672112464,152.64629013836384,5,18,True
435,8,26,45,21.119402422507605,27.40861821509642,21.119402422507605,152.95579889789224,5,18,True
436,8,26,60,5.7779873460531235,6.864326566097516,5.7779873460531235,123.22887126356363,4,18,True
437,8,26,75,3.7206710904836653,4.964431325036665,3.7206710904836653,124.28111815825105,4,18,True
438,8,26,90,2.059575931914151,2.3172797184000324,2.059575931914151,123.87412926182151,4,19,True
439,8,26,105,3.6111937295645475,4.810293900318445,3.6111937295645475,124.77338733151555,4,18,True
440,8,26,120,10.91831808698674,13.667041855859875,10.91831808698674,124.00592863559723,4,19,True
441,8,26,135,9.633131647482514,12.454467399274716,9.633131647482514,124.89985721185803,4,18,True
442,8,26,150,13.028197885925572,16.977189859992418,13.028197885925572,125.00657606869936,4,18,True
443,8,26,165,4.308526603380839,6.823948335182346,4.308526603380839,124.81330707669258,4,18,True
444,8,26,180,7.134665244569381,8.564057345099103,7.134665244569381,124.98147692531347,4,18,True
445,8,26,195,5.918505887190501,8.718320339982707,5.918505887190501,123.86434990912676,4,19,True
446,8,26,210,7.548821498950322,9.93868584682431,7.548821498950322,124.46150789037347,4,18,True
447,8,26,225,9.665068138639132,10.890131302617098,9.665068138639132,155.49291297793388,5,18,True
448,8,21,30,1.5999316623434425,2.014941380268788,1.5999316623434425,123.59368009492755,4,19,True
449,8,21,45,3.2183055097858113,4.042958750171919,3.2183055097858113,124.12549927830696,4,19,True
450,8,21,60,5.228791663547357,6.0040831304408435,5.228791663547357,123.75973025336862,4,19,True
451,8,21,75,4.281080242991448,4.8457879128146635,4.281080242991448,124.64511673897505,4,18,True
452,8,21,90,1.5628382603327433,1.8170318428459131,1.5628382603327433,124.04814874753356,4,19,True
453,8,21,105,1.8166240940491358,2.0735437115974795,1.8166240940491358,123.7509110942483,4,19,True
454,8,21,120,5.275643160628776,8.644159677987139,5.275643160628776,123.83380997925997,4,19,True
455,8,21,135,5.747559283052881,9.308174494957505,5.747559283052881,124.85745828598738,4,18,True
456,8,21,150,2.2765662260353565,2.6496243184297175,2.2765662260353565,123.67675127461553,4,19,True
457,8,21,165,1.5963836565613747,1.8852629946590242,1.5963836565613747,121.93487491458654,4,19,True
458,8,21,180,1.5050147984176874,1.7712934639599829,1.5050147984176874,121.90744606778026,4,19,True
459,8,21,195,1.4800740014761686,1.7797504861532312,1.4800740014761686,121.93232588469982,4,19,True
460,8,21,210,1.5822610961894195,1.8770727979883552,1.5822610961894195,121.78873596712947,4,19,True
461,8,21,225,1.5261023410906394,1.8105077035535333,1.5261023410906394,122.59697262197733,4,19,True
462,8,44,30,12.538044533257683,18.387809449226335,12.538044533257683,152.87739085033536,5,18,True
463,8,44,45,6.7410867293675745,10.670184241170348,6.7410867293675745,123.05946322157979,4,18,True
464,8,44,60,5.761849649747213,7.088837666430155,5.761849649747213,123.19569196552038,4,18,True
465,8,44,75,2.8490023851394652,3.4795619575297305,2.8490023851394652,124.24816889688373,4,19,True
466,8,44,90,4.201322571436564,9.109974925010611,4.201322571436564,123.88441106304526,4,19,True
467,8,44,105,4.286477955182393,7.518826795202143,4.286477955182393,124.9413681216538,4,18,True
468,8,44,120,3.549627407391866,4.85560533336692,3.549627407391866,123.91021102666855,4,19,True
469,8,44,135,3.926741949717204,5.458231124077863,3.926741949717204,124.07391099259257,4,18,True
470,8,44,150,4.365311603744825,8.993659722860254,4.365311603744825,121.60246726125479,4,19,True
471,8,44,165,4.787756565213203,8.72156877940431,4.787756565213203,121.86658615246415,4,19,True
472,8,44,180,5.715707166989644,6.170577955006719,5.715707166989644,123.23574302718043,4,18,True
473,8,44,195,3.4293476343154907,5.229414873923065,3.4293476343154907,122.5696443580091,4,18,True
474,8,44,210,2.6478494266668955,3.638760513397676,2.6478494266668955,122.2618161700666,4,19,True
475,8,44,225,3.7524415959914523,4.444260592573419,3.7524415959914523,122.55792506039143,4,18,True
476,8,23,30,13.852395661175251,15.876165204919225,13.852395661175251,123.12313308939338,4,18,True
477,8,23,45,12.523236475139857,18.61882992442603,12.523236475139857,123.3728933148086,4,18,True
478,8,23,60,46.926131470873955,77.6573838747171,46.926131470873955,124.71866887062788,4,18,True
479,8,23,75,33.858663116395476,53.024022666776446,33.858663116395476,156.46657161414623,5,17,True
480,8,23,90,9.563248243679602,11.995496976119302,9.563248243679602,155.42950620874763,5,18,True
481,8,23,105,4.839296195982024,5.978564117348397,4.839296195982024,125.08400809019804,4,18,True
482,8,23,120,6.313372105360031,7.8043955484079275,6.313372105360031,124.90137806162238,4,18,True
483,8,23,135,11.282601089278858,15.39026529563971,11.282601089278858,124.29683981463313,4,18,True
484,8,23,150,8.256307141979535,10.866330459903862,8.256307141979535,125.01170905306935,4,18,True
485,8,23,165,9.886359353363513,11.076723473798658,9.886359353363513,124.97510900720954,4,18,True
486,8,23,180,20.874485342701277,30.12417399982558,20.874485342701277,124.93589892983437,4,18,True
487,8,23,195,18.499046584094565,27.61728971078333,18.499046584094565,124.96128771454096,4,18,True
488,8,23,210,15.708842007319133,20.249819355186418,15.708842007319133,123.71824216097593,4,18,True
489,8,23,225,6.459623488287131,9.637843529645727,6.459623488287131,122.53086594864726,4,18,True
490,8,53,30,28.319857000311217,42.52764014007236,28.319857000311217,153.19805219769478,5,18,True
491,8,53,45,55.23145920038223,75.52242856055256,55.23145920038223,154.12204898893833,5,17,True
492,8,53,60,26.969488545755546,31.169573912813128,26.969488545755546,153.14275212585926,5,18,True
493,8,53,75,4.660460429390271,7.422601218627878,4.660460429390271,153.29994214698672,5,18,True
494,8,53,90,8.74399684170882,14.348647288189547,8.74399684170882,122.9395349510014,4,18,True
495,8,53,105,9.77993737757206,16.835707122297478,9.77993737757206,154.34567909687757,5,18,True
496,8,53,120,49.130431752403574,79.05083206725014,49.130431752403574,125.21938793361187,4,18,True
497,8,53,135,26.33747168680032,41.028471319024405,26.33747168680032,155.27148637920618,5,18,True
498,8,53,150,50.45176762243112,70.54845638123017,50.45176762243112,156.50786506012082,5,17,True
499,8,53,165,7.994187714656194,12.38419829701488,7.994187714656194,124.0168921649456,4,19,True
500,8,53,180,15.086462579667568,22.02573986863637,15.086462579667568,123.97084198892117,4,19,True
501,8,53,195,11.357758302986621,16.121050292782304,11.357758302986621,155.34131694585085,5,18,True
502,8,53,210,5.900701767206192,7.721557920218356,5.900701767206192,124.36039093881845,4,19,True
503,8,53,225,3.728670867284139,5.348203422336834,3.728670867284139,124.83946094289422,4,18,True
504,8,84,30,45.34892957136035,61.73719754382015,45.34892957136035,125.19350880756974,4,18,True
505,8,84,45,27.960654889854293,35.03448827726967,27.960654889854293,155.82373598590493,5,18,True
506,8,84,60,41.94539464248034,48.29327247339379,41.94539464248034,156.5869739279151,5,17,True
507,8,84,75,4.6166050367057325,5.483518454422249,4.6166050367057325,124.8293207027018,4,18,True
508,8,84,90,2.136737024163206,2.9738030532239366,2.136737024163206,122.41896707564592,4,19,True
509,8,84,105,2.320286567012469,3.230818946986439,2.320286567012469,121.9328180886805,4,19,True
510,8,84,120,2.065309161444505,2.7594573375574516,2.065309161444505,121.75874877721071,4,19,True
511,8,84,135,8.070804208889603,13.03294666890578,8.070804208889603,122.09907779470086,4,19,True
512,8,84,150,11.601346210638683,14.131792283606115,11.601346210638683,153.14857382327318,5,18,True
513,8,84,165,3.32268062432607,3.73770627773603,3.32268062432607,122.17182805761695,4,19,True
514,8,84,180,3.0679444789886476,3.57826006566213,3.0679444789886476,122.22535815089941,4,19,True
515,8,84,195,14.926287802060445,19.69007444307446,14.926287802060445,122.18839814886451,4,19,True
516,8,84,210,11.890126232802867,13.988001949849513,11.890126232802867,155.33947804942727,5,18,True
517,8,84,225,8.051502639551957,10.656004299150986,8.051502639551957,124.02114272117615,4,19,True
518,8,59,30,4.3996947834889095,5.381035342038018,4.3996947834889095,125.13490999117494,4,18,True
519,8,59,45,2.2191095761954784,3.4862405918322095,2.2191095761954784,124.41741209477186,4,19,True
520,8,59,60,5.922478536019723,6.933976004477217,5.922478536019723,125.0415206886828,4,18,True
521,8,59,75,4.028030667702357,5.001120594954561,4.028030667702357,124.13712311536074,4,19,True
522,8,59,90,4.651467381417751,6.123694119107562,4.651467381417751,125.28308015316725,4,18,True
523,8,59,105,3.415714626510938,4.959399195830831,3.415714626510938,124.94427105411887,4,18,True
524,8,59,120,8.551171783606211,11.407410680458836,8.551171783606211,124.82773140072823,4,18,True
525,8,59,135,9.665698126455148,12.08946587476571,9.665698126455148,125.40937028825283,4,18,True
526,8,59,150,10.689937496185303,12.083032827691767,10.689937496185303,155.6093180552125,5,18,True
527,8,59,165,5.01898709035789,5.759794404071436,5.01898709035789,124.06993377953768,4,19,True
528,8,59,180,3.532524407127251,4.866108564500428,3.532524407127251,125.1061512157321,4,18,True
529,8,59,195,5.57981641292572,6.9309283087422715,5.57981641292572,124.83002198860049,4,18,True
530,8,59,210,10.472648668289185,14.627692603971278,10.472648668289185,125.24515017867088,4,18,True
531,8,59,225,6.540387610594432,7.889828373079144,6.540387610594432,125.15142001211643,4,18,True
532,8,49,30,42.1077304477493,57.011681396645976,42.1077304477493,155.76332807540894,5,18,True
533,8,49,45,55.26166468262672,76.54470177585887,55.26166468262672,155.91493714600801,5,18,True
534,8,49,60,15.197003702322641,25.39830887316669,15.197003702322641,124.6877321973443,4,18,True
535,8,49,75,48.034425070881845,74.00313552146729,48.034425070881845,125.10700104758143,4,18,True
536,8,49,90,33.97845912675063,47.0231491812711,33.97845912675063,156.08175797387958,5,18,True
537,8,49,105,28.626325716574986,42.71274323006374,28.626325716574986,124.14866406470537,4,19,True
538,8,49,120,43.64290466606617,54.80437033789192,43.64290466606617,155.7203191332519,5,18,True
539,8,49,135,37.55570199477176,55.19936053077672,37.55570199477176,156.84161614626646,5,17,True
540,8,49,150,54.61272882434229,78.48053150973651,54.61272882434229,157.00553497299552,5,17,True
541,8,49,165,12.807478736837705,16.28014947579112,12.807478736837705,125.0503920018673,4,18,True
542,8,49,180,3.9339788794517516,5.254407846063365,3.9339788794517516,124.19855408370495,4,19,True
543,8,49,195,3.760502560933431,4.585744989754265,3.760502560933431,125.05723210051656,4,18,True
544,8,49,210,3.177208344141642,3.758133606394316,3.177208344141642,124.51219325885177,4,19,True
545,8,49,225,2.52312212785085,3.4543401418065613,2.52312212785085,123.98197501897812,4,19,True
546,8,7,30,29.694870677714547,44.18501751913058,29.694870677714547,155.50965908914804,5,18,True
547,8,7,45,31.65380507707596,51.55714379072486,31.65380507707596,156.5484870225191,5,17,True
548,8,7,60,1.976758916179339,2.3758306244248253,1.976758916179339,124.96106326580048,4,18,True
549,8,7,75,1.1544326146443684,1.5768448434240379,1.1544326146443684,124.09545434638858,4,19,True
550,8,7,90,14.216238339742025,20.67525203961694,14.216238339742025,124.02252573519945,4,19,True
551,8,7,105,9.531618263820807,12.605056335565301,9.531618263820807,125.16618194058537,4,18,True
552,8,7,120,23.87706529647112,36.13995392945743,23.87706529647112,125.18753204494715,4,18,True
553,8,7,135,13.993662683169047,18.65342262886106,13.993662683169047,125.22279098629951,4,18,True
554,8,7,150,13.848327086369197,21.011423660390534,13.848327086369197,125.33674202859402,4,18,True
555,8,7,165,25.54751334935427,31.752106634125738,25.54751334935427,155.85792902857065,5,18,True
556,8,7,180,12.645305619637172,18.121392837547017,12.645305619637172,124.10440528765321,4,19,True
557,8,7,195,10.894033641616504,12.531793743847047,10.894033641616504,155.4349809885025,5,18,True
558,8,7,210,17.81685584684213,23.399917748923738,17.81685584684213,124.23294503241777,4,19,True
559,8,7,225,9.31536506017049,14.146912885026172,9.31536506017049,124.29022509604692,4,19,True
560,8,47,30,10.152628803253174,11.992356856981237,10.152628803253174,125.12323306873441,4,18,True
561,8,47,45,11.198367373148601,13.17389138471552,11.198367373148601,124.29056502878666,4,19,True
562,8,47,60,9.60689500172933,10.163127263637177,9.60689500172933,125.31135277822614,4,18,True
563,8,47,75,10.709040609995524,12.627296783833504,10.709040609995524,124.48286404833198,4,19,True
564,8,47,90,16.369439442952473,21.763810618927803,16.369439442952473,125.31065195798874,4,18,True
565,8,47,105,17.44803989926974,24.76682031318331,17.44803989926974,125.28283195570111,4,18,True
566,8,47,120,37.25014426708221,42.5792224942257,37.25014426708221,156.09310986474156,5,17,True
567,8,47,135,13.05328614084671,15.646318965315153,13.05328614084671,156.02496033534408,5,18,True
568,8,47,150,6.6757537580405675,7.895647013588569,6.6757537580405675,125.21936278790236,4,18,True
569,8,47,165,3.6926323254903157,4.580297143834802,3.6926323254903157,124.35554573312402,4,19,True
570,8,47,180,4.679095307985942,5.285132530510388,4.679095307985942,124.3291050195694,4,19,True
571,8,47,195,3.2680440823237102,3.9809206070475898,3.2680440823237102,124.235515948385,4,19,True
572,8,47,210,2.988197088241577,3.43571468214362,2.988197088241577,124.12153603509068,4,19,True
573,8,47,225,4.865301831563314,6.972647443436339,4.865301831563314,124.36116533353925,4,19,True
574,8,30,30,21.544221480687458,33.763256919185785,21.544221480687458,124.8355251736939,4,18,True
575,8,30,45,7.413669934868812,10.02505826685031,7.413669934868812,125.17263367772102,4,18,True
576,8,30,60,3.7650632108794526,6.244870519410346,3.7650632108794526,124.92250371724367,4,18,True
577,8,30,75,6.06530334604516,8.039744707722784,6.06530334604516,124.96408401057124,4,18,True
578,8,30,90,1.2451813323539682,1.6194100096553723,1.2451813323539682,124.19929588213563,4,19,True
579,8,30,105,6.4937246935752535,12.504673114543053,6.4937246935752535,124.01686701923609,4,19,True
580,8,30,120,22.675581068048874,33.90824489974462,22.675581068048874,124.90190425887704,4,18,True
581,8,30,135,14.26163634856542,25.630116914667205,14.26163634856542,125.11286418884993,4,18,True
582,8,30,150,17.908202139536538,32.20877116524136,17.908202139536538,125.04603434354067,4,18,True
583,8,30,165,27.742103374004365,44.36432107678125,27.742103374004365,155.48337204381824,5,17,True
584,8,30,180,6.454987452427546,10.866114480036037,6.454987452427546,155.51273291930556,5,18,True
585,8,30,195,3.266901214917501,4.517705777960808,3.266901214917501,124.9173041433096,4,18,True
586,8,30,210,1.3158463028570015,1.711657478019867,1.3158463028570015,122.38777102902532,4,19,True
587,8,30,225,1.247591502716144,1.5271386112457042,1.247591502716144,122.16556165367365,4,19,True
588,14,83,30,28.235720880826314,31.37190030692689,28.235720880826314,154.22761626541615,5,17,True
589,14,83,45,11.503333959976832,20.16850490028588,11.503333959976832,122.24402232095599,4,19,True
590,14,83,60,17.687593310823043,22.76086623844315,17.687593310823043,153.40852783992887,5,18,True
591,14,83,75,9.820134361088275,15.513522935822714,9.820134361088275,123.23581986129284,4,18,True
592,14,83,90,8.938483786582946,13.121907165471827,8.938483786582946,123.40331915766001,4,18,True
593,14,83,105,17.843525523195662,39.672513466184476,17.843525523195662,122.21872201189399,4,19,True
594,14,83,120,21.918645107249418,38.099661355508054,21.918645107249418,156.0008218511939,5,18,True
595,14,83,135,19.194793292880057,36.09362933205536,19.194793292880057,124.08351711928844,4,19,True
596,14,83,150,13.337809105714163,17.47503255566651,13.337809105714163,156.94317873567343,5,17,True
597,14,83,165,13.076199076324702,19.32679183772579,13.076199076324702,125.18676510080695,4,18,True
598,14,83,180,4.737110288192828,5.888720752616302,4.737110288192828,156.03753179311752,5,18,True
599,14,83,195,10.424793027589718,20.8619778357471,10.424793027589718,124.93045581504703,4,18,True
600,14,83,210,8.425149002919595,11.417379359943983,8.425149002919595,155.8274826966226,5,18,True
601,14,83,225,12.071521629144748,16.474639750676243,12.071521629144748,155.7751619257033,5,18,True
602,14,15,30,18.233971827228864,25.620515738750935,18.233971827228864,154.634865000844,5,17,True
603,14,15,45,3.57787880897522,5.361954440155134,3.57787880897522,123.12230002135038,4,18,True
604,14,15,60,6.22524258295695,8.815262447015096,6.22524258295695,122.11074307560921,4,19,True
605,14,15,75,1.8587209979693096,2.3107173897147644,1.8587209979693096,121.96802394464612,4,19,True
606,14,15,90,1.8554328521092733,2.073022515701258,1.8554328521092733,122.16706341132522,4,19,True
607,14,15,105,1.6107967933019003,1.9375115188349652,1.6107967933019003,122.2879127599299,4,19,True
608,14,15,120,1.773512639834856,1.983508875867005,1.773512639834856,122.41555191576481,4,19,True
609,14,15,135,2.215655353106558,3.194157071748774,2.215655353106558,122.3297817632556,4,19,True
610,14,15,150,8.18903913249572,12.740384007791311,8.18903913249572,123.35813976824284,4,19,True
611,14,15,165,11.219879504541556,16.348875634970813,11.219879504541556,125.0340761616826,4,18,True
612,14,15,180,1.6769113299126426,2.0464986663339775,1.6769113299126426,124.18270809575915,4,19,True
613,14,15,195,4.8246278941631315,7.475600351107883,4.8246278941631315,122.78945185244083,4,19,True
614,14,15,210,4.655751447876295,5.952218723089775,4.655751447876295,124.39881823956966,4,18,True
615,14,15,225,3.055637860680387,4.087743426581167,3.055637860680387,123.74406913295388,4,19,True
616,14,3,30,17.636675492922464,21.063110767411686,17.636675492922464,125.08492497727275,4,18,True
617,14,3,45,18.623124833901723,28.343968599635,18.623124833901723,125.43036509305239,4,18,True
618,14,3,60,20.108126019438107,28.070835416414972,20.108126019438107,155.79687291756272,5,18,True
619,14,3,75,20.42599217991034,29.592052060879205,20.42599217991034,155.35424603149295,5,18,True
620,14,3,90,23.708391658961773,32.72388809877868,23.708391658961773,156.3879232853651,5,17,True
621,14,3,105,4.684627304350337,5.536406155112269,4.684627304350337,125.05146581679583,4,18,True
622,14,3,120,3.095470370228092,3.8756778017469617,3.095470370228092,124.11782890558243,4,19,True
623,14,3,135,7.934005904942751,14.07217064780145,7.934005904942751,124.1743192076683,4,19,True
624,14,3,150,20.047572511434556,23.763384542555237,20.047572511434556,124.18668903410435,4,19,True
625,14,3,165,8.532945213715236,10.585488730191011,8.532945213715236,155.4496451281011,5,18,True
626,14,3,180,6.4880428622166315,8.110795139773217,6.4880428622166315,125.00106729567051,4,18,True
627,14,3,195,16.862320151925086,23.553625938957385,16.862320151925086,125.44073490425944,4,18,True
628,14,3,210,9.793020009994507,12.613425664970553,9.793020009994507,155.69769497960806,5,18,True
629,14,3,225,4.0150693386793135,6.50087609679261,4.0150693386793135,124.22980926930904,4,19,True
630,14,35,30,20.611984054495892,31.639015045280996,20.611984054495892,125.28875609859824,4,18,True
631,14,35,45,34.48519444316626,54.15322476882078,34.48519444316626,155.5524650029838,5,18,True
632,14,35,60,19.896023988723755,24.425977621841106,19.896023988723755,126.10433390364051,4,18,True
633,14,35,75,9.025775774319966,11.468691742884818,9.025775774319966,156.14205412566662,5,18,True
634,14,35,90,7.7188370307286585,8.727708668719899,7.7188370307286585,125.29192585498095,4,18,True
635,14,35,105,6.357787221670151,10.520541651840594,6.357787221670151,124.5232680812478,4,18,True
636,14,35,120,8.186499645312628,12.262205433881512,8.186499645312628,124.92928700521588,4,18,True
637,14,35,135,8.806339927514394,10.975348989332835,8.806339927514394,155.90093517675996,5,18,True
638,14,35,150,4.856090784569582,6.982862737732025,4.856090784569582,125.07130671292543,4,18,True
639,14,35,165,5.455588509169562,7.389895549372653,5.455588509169562,124.84952807426453,4,18,True
640,14,35,180,2.4563461946944396,2.867782660926042,2.4563461946944396,125.01770770177245,4,18,True
641,14,35,195,2.0110891168316205,2.7981559165569463,2.0110891168316205,124.17009985074401,4,19,True
642,14,35,210,2.0254763695100944,2.592951502089158,2.0254763695100944,124.02756977826357,4,19,True
643,14,35,225,6.455779232139078,9.990410922957674,6.455779232139078,124.75254805758595,4,18,True
644,14,48,30,7.040964468320211,9.069408045096623,7.040964468320211,125.41825603693724,4,18,True
645,14,48,45,4.644012413422266,5.831721638989319,4.644012413422266,124.0267208777368,4,19,True
646,14,48,60,13.315177119150757,18.47857520877232,13.315177119150757,124.88294811919332,4,18,True
647,14,48,75,13.717976645628612,20.419556720644458,13.717976645628612,125.18867664039135,4,18,True
648,14,48,90,8.275693507989248,12.866067181358302,8.275693507989248,125.14011701568961,4,18,True
649,14,48,105,4.973198634386063,6.836326545259843,4.973198634386063,124.56143973395228,4,18,True
650,14,48,120,5.3619406173626585,6.5795783264127214,5.3619406173626585,125.25096675381064,4,18,True
651,14,48,135,3.91590340534846,4.507876006460981,3.91590340534846,125.13134675100446,4,18,True
652,14,48,150,3.4771026148150366,4.885104148872533,3.4771026148150366,124.09532116726041,4,19,True
653,14,48,165,4.577085620102783,6.9297740946410995,4.577085620102783,123.66610206663609,4,19,True
654,14,48,180,2.962473304197192,3.391833955879528,2.962473304197192,123.7466111779213,4,19,True
655,14,48,195,7.43463310499986,11.768611519596988,7.43463310499986,125.03788759931922,4,18,True
656,14,48,210,6.016175799816847,8.565475718598723,6.016175799816847,124.62168885394931,4,18,True
657,14,48,225,2.570687744518121,2.9812359054502955,2.570687744518121,123.81568178534508,4,19,True
658,14,22,30,11.54855589394768,18.01337284706167,11.54855589394768,124.51695976778865,4,18,True
659,14,22,45,9.936936348676682,14.542075270450475,9.936936348676682,155.07328882813454,5,18,True
660,14,22,60,15.175429896761974,18.971951715999396,15.175429896761974,125.2136081457138,4,18,True
661,14,22,75,7.2830746908982595,11.024781294218762,7.2830746908982595,124.20202977955341,4,19,True
662,14,22,90,6.143517891441783,9.386795385530622,6.143517891441783,124.99919906258583,4,18,True
663,14,22,105,4.713667787487308,7.251423844815046,4.713667787487308,124.32239996269345,4,19,True
664,14,22,120,7.465128221735358,9.088428783131988,7.465128221735358,123.80834110081196,4,18,True
665,14,22,135,4.440565798679987,5.825992619678709,4.440565798679987,123.27284412458539,4,18,True
666,14,22,150,2.6053696687022847,3.864282518321985,2.6053696687022847,122.20395728945732,4,19,True
667,14,22,165,6.443874098593369,9.375664964125669,6.443874098593369,122.18161579221487,4,19,True
668,14,22,180,1.459577018658941,2.118769165947683,1.459577018658941,122.98346497118473,4,18,True
669,14,22,195,5.447695289800564,10.177822841586833,5.447695289800564,123.07833414524794,4,18,True
670,14,22,210,3.8660305639108024,6.2229105981294355,3.8660305639108024,123.37665259838104,4,18,True
671,14,22,225,4.05807001804933,4.715123799091102,4.05807001804933,123.09685442596674,4,18,True
672,14,55,30,35.233136319865785,52.96528171968678,35.233136319865785,155.8143082074821,5,17,True
673,14,55,45,2.371794405952096,2.9186984523042696,2.371794405952096,124.17855113744736,4,19,True
674,14,55,60,5.159180476268133,8.384772950977217,5.159180476268133,124.07614104449749,4,19,True
675,14,55,75,3.0124910255273183,3.6237293016707475,3.0124910255273183,124.29304188117385,4,19,True
676,14,55,90,1.3638073056936264,1.7318824513910605,1.3638073056936264,124.20846102759242,4,19,True
677,14,55,105,1.3106818437576293,1.69373554802946,1.3106818437576293,124.05832204967737,4,19,True
678,14,55,120,1.326249929269155,1.7001328228840462,1.326249929269155,123.86059295386076,4,19,True
679,14,55,135,1.4025802473227182,1.7240320068901196,1.4025802473227182,123.92933201044798,4,19,True
680,14,55,150,7.347497303287188,14.172143171605324,7.347497303287188,124.28426230326295,4,19,True
681,14,55,165,11.394239390889803,16.162656741778072,11.394239390889803,155.68220801651478,5,18,True
682,14,55,180,2.6820916811625164,3.380334188213128,2.6820916811625164,125.0363988801837,4,18,True
683,14,55,195,2.280320421854655,3.224793092714854,2.280320421854655,125.07586041465402,4,18,True
684,14,55,210,2.528562593460083,4.08630528311263,2.528562593460083,124.45957073941827,4,19,True
685,14,55,225,2.207470456759135,3.8483608901836344,2.207470456759135,122.82962584868073,4,19,True
686,14,4,30,13.477029764652253,20.152895633290733,13.477029764652253,123.35656397044659,4,18,True
687,14,4,45,24.509834917386375,40.501123632640116,24.509834917386375,123.12366487458348,4,18,True
688,14,4,60,29.76575311447183,48.4565883344044,29.76575311447183,153.25110591948032,5,18,True
689,14,4,75,4.6151810149351755,6.149155273223779,4.6151810149351755,122.95187497511506,4,18,True
690,14,4,90,1.6673098808154463,2.2298230206092713,1.6673098808154463,121.9131089746952,4,19,True
691,14,4,105,6.1829991664737465,8.67934837077136,6.1829991664737465,121.93815782666206,4,19,True
692,14,4,120,3.8963355202848713,5.241473223469575,3.8963355202848713,122.93733516708016,4,18,True
693,14,4,135,6.083222918212414,9.511831385417791,6.083222918212414,123.82969306781888,4,19,True
694,14,4,150,21.868072085579236,34.810965212420435,21.868072085579236,124.36090176925063,4,18,True
695,14,4,165,13.22534199518462,21.011277690689937,13.22534199518462,155.44995991513133,5,18,True
696,14,4,180,11.02107850909233,17.21271488008499,11.02107850909233,125.06280979141593,4,18,True
697,14,4,195,4.546385510762533,7.627298481262206,4.546385510762533,122.21726821735501,4,19,True
698,14,4,210,4.885436028242111,6.327084456575842,4.885436028242111,122.5636969320476,4,18,True
699,14,4,225,7.738035484155019,10.059213830730394,7.738035484155019,122.85162601619959,4,18,True
700,14,45,30,35.74243245124817,40.40808403100683,35.74243245124817,154.1675329208374,5,17,True
701,14,45,45,4.348815924674272,6.2791199564084605,4.348815924674272,123.20269644260406,4,18,True
702,14,45,60,3.171755670631925,4.268244616114436,3.171755670631925,122.35247809439898,4,19,True
703,14,45,75,4.403664203717684,6.663207533068594,4.403664203717684,123.09464579448104,4,18,True
704,14,45,90,3.8876484172573935,5.025890410413745,3.8876484172573935,122.83809622749686,4,18,True
705,14,45,105,2.0913993308941525,2.697116575487382,2.0913993308941525,124.22460410743952,4,19,True
706,14,45,120,3.567586546142896,4.602349733105842,3.567586546142896,124.03537286445498,4,19,True
707,14,45,135,3.5170084297657014,6.8933554404785315,3.5170084297657014,124.74033189937472,4,18,True
708,14,45,150,24.592795192201933,46.69805289514234,24.592795192201933,123.73237358406186,4,19,True
709,14,45,165,42.426193189620975,69.7708252512089,42.426193189620975,156.63345716893673,5,17,True
710,14,45,180,28.341999991734824,41.43864475404406,28.341999991734824,156.5698767080903,5,17,True
711,14,45,195,5.468565497547388,7.247336783701636,5.468565497547388,124.52494306489825,4,18,True
712,14,45,210,4.166243553037445,5.7452643556254515,4.166243553037445,124.60123188793659,4,18,True
713,14,45,225,5.611580135424932,6.443191373349667,5.611580135424932,124.62796224281192,4,18,True
714,14,60,30,10.586696157852808,15.043312428605837,10.586696157852808,125.02681091427803,4,18,True
715,14,60,45,14.415229633450508,20.550784334766348,14.415229633450508,155.16635216772556,5,18,True
716,14,60,60,7.646567852298419,13.66621843189572,7.646567852298419,123.87911416590214,4,19,True
717,14,60,75,6.571842830379804,11.413172878615653,6.571842830379804,123.1902758590877,4,18,True
718,14,60,90,6.564959456523259,9.047857189041865,6.564959456523259,122.9148767888546,4,18,True
719,14,60,105,2.1727553407351174,2.66025529108407,2.1727553407351174,121.9014897942543,4,19,True
720,14,60,120,1.6745541453361512,2.2174018737924466,1.6745541453361512,125.16453117132187,4,19,True
721,14,60,135,1.6463014602661132,2.101764448964126,1.6463014602661132,123.45379590988159,4,19,True
722,14,60,150,1.709053103129069,2.16244628038631,1.709053103129069,121.82628968730569,4,19,True
723,14,60,165,2.819869383176168,4.793826583539627,2.819869383176168,121.87008885666728,4,19,True
724,14,60,180,4.758892500400544,6.888994950084257,4.758892500400544,121.94598000496626,4,19,True
725,14,60,195,3.7298095424969993,4.786377364019689,3.7298095424969993,123.7697247415781,4,18,True
726,14,60,210,2.1610749403635663,3.1494067588604766,2.1610749403635663,123.92278388142586,4,19,True
727,14,60,225,3.6273662745952606,5.1282664375188025,3.6273662745952606,124.14902402088046,4,19,True
728,14,26,30,38.47924161454042,59.62756580136306,38.47924161454042,156.8682692013681,5,17,True
729,14,26,45,11.317549467583497,13.944573854647645,11.317549467583497,125.10509183630347,4,18,True
730,14,26,60,12.094679304584862,17.172734179142758,12.094679304584862,124.28763369098306,4,19,True
731,14,26,75,9.14054014282301,15.027916841519637,9.14054014282301,125.19419193267822,4,18,True
732,14,26,90,10.207791255911191,13.833005844086728,10.207791255911191,125.02711173146963,4,18,True
733,14,26,105,6.038630271869867,8.805426266597662,6.038630271869867,123.98609519004822,4,19,True
734,14,26,120,5.827127405950645,7.666389301915478,5.827127405950645,125.2979920245707,4,18,True
735,14,26,135,1.17288198346893,1.6165584462830591,1.17288198346893,123.95779509097338,4,19,True
736,14,26,150,2.874565567226091,5.92806556539555,2.874565567226091,124.06141497194767,4,19,True
737,14,26,165,14.680132994055748,23.82225221148285,14.680132994055748,124.18234394863248,4,19,True
738,14,26,180,2.588453844189644,3.2230662716253637,2.588453844189644,124.19510399922729,4,19,True
739,14,26,195,4.781751233836015,5.8103567509515575,4.781751233836015,124.7487929649651,4,18,True
740,14,26,210,5.309126502958437,8.033184198449481,5.309126502958437,124.93598321452737,4,18,True
741,14,26,225,7.272440633053581,8.983060090620091,7.272440633053581,124.75696299225092,4,18,True
742,14,21,30,5.9820708453655245,8.878137384182669,5.9820708453655245,125.03716303035617,4,18,True
743,14,21,45,4.608922751309971,7.368472307102825,4.608922751309971,123.95838601514697,4,19,True
744,14,21,60,8.950567817687988,13.386151917703147,8.950567817687988,123.90032596886158,4,19,True
745,14,21,75,13.468922515710195,23.243527516401453,13.468922515710195,122.22458003088832,4,19,True
746,14,21,90,15.738013443102439,22.530105307522863,15.738013443102439,153.133989777416,5,18,True
747,14,21,105,3.6414309819539388,4.8053023174110985,3.6414309819539388,122.50098865479231,4,18,True
748,14,21,120,1.8237845035114637,2.2678545901710048,1.8237845035114637,121.99158081784844,4,19,True
749,14,21,135,1.7079266014353682,2.153453041460253,1.7079266014353682,122.10172088816762,4,19,True
750,14,21,150,1.4762985706329346,1.8144808208462098,1.4762985706329346,122.21440114080906,4,19,True
751,14,21,165,2.613580212990443,4.3024924284805195,2.613580212990443,122.2991100512445,4,19,True
752,14,21,180,2.7279462312658627,4.1488797265561965,2.7279462312658627,122.79202789068222,4,19,True
753,14,21,195,4.132367746035258,5.8332905463618845,4.132367746035258,123.79392562434077,4,18,True
754,14,21,210,3.420928044120471,4.31498711712988,3.420928044120471,123.71239578351378,4,19,True
755,14,21,225,1.734909858306249,2.226369644198768,1.734909858306249,124.13069466128945,4,19,True
756,14,44,30,18.666538111368816,24.96442639428163,18.666538111368816,125.20933290943503,4,18,True
757,14,44,45,3.812806854645411,6.013835875687455,3.812806854645411,124.60047518834472,4,18,True
758,14,44,60,8.314081201950708,12.996539915458207,8.314081201950708,124.11038624122739,4,19,True
759,14,44,75,8.207166707515716,13.449754157628266,8.207166707515716,155.79141303896904,5,18,True
760,14,44,90,5.998006174961726,10.352521416583302,5.998006174961726,125.19727321341634,4,18,True
761,14,44,105,6.297712282836438,9.371667982717513,6.297712282836438,124.02587616816163,4,19,True
762,14,44,120,7.041099066535632,9.369879453799252,7.041099066535632,124.8446749523282,4,18,True
763,14,44,135,11.071640451997519,19.57391685734255,11.071640451997519,125.13671303167939,4,18,True
764,14,44,150,15.755602918068568,27.720422028092514,15.755602918068568,125.09212410077453,4,18,True
765,14,44,165,7.863303828239441,12.778291455928146,7.863303828239441,124.78579487651587,4,18,True
766,14,44,180,9.04659922408561,12.331496702345147,9.04659922408561,155.71201406419277,5,18,True
767,14,44,195,9.8012528291593,15.125294525535084,9.8012528291593,125.12935418635607,4,18,True
768,14,44,210,6.335076139867306,8.962661581110275,6.335076139867306,125.19048387184739,4,18,True
769,14,44,225,10.57334981560707,12.165889726230617,10.57334981560707,125.4405532963574,4,18,True
770,14,23,30,24.88267415314913,44.10737686185367,24.88267415314913,124.20472595840693,4,19,True
771,14,23,45,38.3401004585127,65.06970942958871,38.3401004585127,125.10649301111698,4,18,True
772,14,23,60,59.84734915743272,97.38913272729903,59.84734915743272,156.90124034881592,5,17,True
773,14,23,75,9.208308188120524,15.126883281634452,9.208308188120524,124.72258508205414,4,18,True
774,14,23,90,10.268687574068705,16.567375341660572,10.268687574068705,124.46745624765754,4,18,True
775,14,23,105,20.57251546892027,33.13905693837413,20.57251546892027,124.96435502544045,4,18,True
776,14,23,120,52.17500134905179,83.79603880143878,52.17500134905179,157.04487077891827,5,17,True
777,14,23,135,53.704787355661395,85.34272268175265,53.704787355661395,156.9523522630334,5,17,True
778,14,23,150,35.45329527705908,49.18751477792662,35.45329527705908,125.12154364958405,4,18,True
779,14,23,165,10.983515237271785,12.476631639828437,10.983515237271785,155.79249477013946,5,18,True
780,14,23,180,12.326832011342049,22.98801954570917,12.326832011342049,125.11503370478749,4,18,True
781,14,23,195,35.96231710029145,55.48732741204489,35.96231710029145,125.26363413780928,4,18,True
782,14,23,210,47.284977916193505,76.80062755004249,47.284977916193505,156.6876322031021,5,17,True
783,14,23,225,28.478710647734502,42.20343484222768,28.478710647734502,156.73067281022668,5,17,True
784,14,53,30,14.115269629160563,21.70458642745152,14.115269629160563,124.03896683827043,4,19,True
785,14,53,45,12.411319986979167,16.117401405672975,12.411319986979167,124.98947512358427,4,18,True
786,14,53,60,26.144138578077158,31.649422643222227,26.144138578077158,125.52942335605621,4,18,True
787,14,53,75,18.03471694737673,26.34786611207621,18.03471694737673,125.12100441381335,4,18,True
788,14,53,90,15.183714944124223,22.67462621491265,15.183714944124223,125.35407487303019,4,18,True
789,14,53,105,2.1176498254140217,2.4332825886447655,2.1176498254140217,124.97675511986017,4,18,True
790,14,53,120,3.9811407923077544,5.113312093577647,3.9811407923077544,123.97300824522972,4,19,True
791,14,53,135,1.9661947511757414,2.2307678352005587,1.9661947511757414,124.03948698192835,4,19,True
792,14,53,150,1.2698766897122065,1.6523432392978914,1.2698766897122065,124.08347707241774,4,19,True
793,14,53,165,1.191131474574407,1.5959012771124879,1.191131474574407,124.18696796521544,4,19,True
794,14,53,180,2.0243419547875723,2.8705775444380666,2.0243419547875723,124.10630797967315,4,19,True
795,14,53,195,10.719412370522816,14.331754831550736,10.719412370522816,123.94619826227427,4,19,True
796,14,53,210,12.403042386472226,15.074850885970115,12.403042386472226,125.4588938318193,4,18,True
797,14,53,225,12.000113581790355,14.427477740125408,12.000113581790355,155.69645585492253,5,18,True
798,14,84,30,2.62601291735967,3.7347918906399267,2.62601291735967,124.03490906581283,4,19,True
799,14,84,45,2.9273040354251862,4.14305706531674,2.9273040354251862,124.23293711617589,4,19,True
800,14,84,60,2.674886061747869,3.8090307970336466,2.674886061747869,124.24436677247286,4,19,True
801,14,84,75,2.587320423126221,3.8020528357225944,2.587320423126221,124.15742687880993,4,19,True
802,14,84,90,1.712618699669838,2.1275719070160872,1.712618699669838,124.2701280862093,4,19,True
803,14,84,105,1.614726714293162,1.9891529592412547,1.614726714293162,124.21484710648656,4,19,True
804,14,84,120,2.2513946255048114,3.0955806281247447,2.2513946255048114,124.19855780899525,4,19,True
805,14,84,135,2.1225340525309244,2.957697130279568,2.1225340525309244,124.23735810443759,4,19,True
806,14,84,150,2.077154024442037,2.9615268673121613,2.077154024442037,124.30961709469557,4,19,True
807,14,84,165,2.1947815835475923,3.059177225189663,2.1947815835475923,124.07219782471657,4,19,True
808,14,84,180,5.0067605321606,5.966390215093621,5.0067605321606,123.88756917789578,4,19,True
809,14,84,195,7.271739502747853,10.500275553433477,7.271739502747853,124.3176469579339,4,18,True
810,14,84,210,16.852047684788705,26.5652322783601,16.852047684788705,125.1228260807693,4,18,True
811,14,84,225,16.215036391218504,20.40263574411746,16.215036391218504,155.4324170574546,5,18,True
812,14,59,30,31.993220155437786,44.6132699152745,31.993220155437786,155.27779795229435,5,18,True
813,14,59,45,19.938863029455145,24.495707619549016,19.938863029455145,155.48420697450638,5,18,True
814,14,59,60,5.399938702583313,7.938704826241297,5.399938702583313,123.97075910121202,4,19,True
815,14,59,75,5.494010472794374,7.875418964799292,5.494010472794374,124.28521923720837,4,19,True
816,14,59,90,2.7552366370956105,3.178804692214933,2.7552366370956105,124.62419737130404,4,18,True
817,14,59,105,4.503843511889378,6.562494905603433,4.503843511889378,124.00395004078746,4,19,True
818,14,59,120,10.515796375274657,13.53139210815058,10.515796375274657,125.04915567114949,4,18,True
819,14,59,135,7.2760126819213236,8.876309268258959,7.2760126819213236,124.68558736145496,4,18,True
820,14,59,150,6.965770245591799,11.319189662496852,6.965770245591799,123.9635101519525,4,19,True
821,14,59,165,11.1398241892457,17.238396728018607,11.1398241892457,124.37332887202501,4,18,True
822,14,59,180,5.46645209689935,7.045237654706402,5.46645209689935,125.21995604038239,4,18,True
823,14,59,195,9.845065053304037,11.81571317884156,9.845065053304037,124.86038776114583,4,18,True
824,14,59,210,8.86100427756707,10.118633138604928,8.86100427756707,123.230020981282,4,18,True
825,14,59,225,11.454561447103819,13.392803759316235,11.454561447103819,123.45857126638293,4,18,True
826,14,49,30,18.256424767524003,25.3737285873574,18.256424767524003,153.3042136579752,5,18,True
827,14,49,45,11.349883239467939,13.414533561251448,11.349883239467939,123.43059107661247,4,18,True
828,14,49,60,7.617172489563624,9.133448484539532,7.617172489563624,123.51384200155735,4,18,True
829,14,49,75,8.360273957252502,11.262486042866845,8.360273957252502,122.07892490550876,4,19,True
830,14,49,90,8.249795676271122,10.831360133618192,8.249795676271122,123.26898192986846,4,18,True
831,14,49,105,8.955591123302778,10.721265343202539,8.955591123302778,123.66611137986183,4,18,True
832,14,49,120,3.315956847916823,4.02169229574941,3.315956847916823,124.79126825928688,4,19,True
833,14,49,135,6.419307075440884,7.31752519722051,6.419307075440884,124.94172807782888,4,18,True
834,14,49,150,2.253219309945901,2.6085684761577412,2.253219309945901,124.09488903358579,4,19,True
835,14,49,165,2.107166842619578,2.777575246163729,2.107166842619578,124.12500940263271,4,19,True
836,14,49,180,3.6691879494755995,4.968566284029724,3.6691879494755995,123.97817987948656,4,19,True
837,14,49,195,8.184773834420291,10.411880193310704,8.184773834420291,124.84612874686718,4,18,True
838,14,49,210,14.429499137401582,15.589235583015022,14.429499137401582,155.5828982964158,5,18,True
839,14,49,225,5.543472083409627,5.835195965886011,5.543472083409627,125.04608696326613,4,18,True
840,14,7,30,7.960911873976389,10.72481667094601,7.960911873976389,125.76842494308949,4,18,True
841,14,7,45,6.928521394729614,10.553834944245088,6.928521394729614,123.9827610552311,4,19,True
842,14,7,60,11.680023405941514,17.959315127525763,11.680023405941514,124.92535822093487,4,18,True
843,14,7,75,19.471961649383108,26.245235104356787,19.471961649383108,155.0252209417522,5,18,True
844,14,7,90,15.787476473674179,23.657438756577704,15.787476473674179,125.08231773972511,4,18,True
845,14,7,105,6.068554248909155,8.86414899043529,6.068554248909155,125.3125169314444,4,18,True
846,14,7,120,7.979800768693289,8.919168955925052,7.979800768693289,124.67906856909394,4,18,True
847,14,7,135,3.895906796058019,5.331812575192428,3.895906796058019,122.32817523181438,4,19,True
848,14,7,150,6.823239557445049,8.718868755656787,6.823239557445049,123.25919326394796,4,18,True
849,14,7,165,11.58190822203954,13.663220453171215,11.58190822203954,122.89785407483578,4,18,True
850,14,7,180,2.710047431786855,3.0697782924052244,2.710047431786855,122.2231350839138,4,19,True
851,14,7,195,10.972146976614992,16.392669564684358,10.972146976614992,122.25574627518654,4,19,True
852,14,7,210,9.683940801521143,12.064933812803146,9.683940801521143,123.29732300713658,4,18,True
853,14,7,225,13.194907106955846,16.80617349425173,13.194907106955846,123.49776271730661,4,18,True
854,14,47,30,5.0909392674764,5.874872420499961,5.0909392674764,123.37302323430777,4,18,True
855,14,47,45,5.431621360778808,5.962869674757563,5.431621360778808,124.49083989486098,4,19,True
856,14,47,60,5.528426710764567,6.162259768787904,5.528426710764567,124.28216962143779,4,19,True
857,14,47,75,5.665562121073405,6.288197268269846,5.665562121073405,124.38698904588819,4,19,True
858,14,47,90,5.71116107304891,6.281731390240832,5.71116107304891,124.06413117423654,4,19,True
859,14,47,105,5.503359540303548,6.092031704838989,5.503359540303548,124.1077110171318,4,19,True
860,14,47,120,5.632353369394938,6.246083642919649,5.632353369394938,124.16642997413874,4,19,True
861,14,47,135,5.638091691335043,6.261989686669793,5.638091691335043,124.16912103071809,4,19,True
862,14,47,150,5.621079158782959,6.195883628982742,5.621079158782959,123.97691095247865,4,19,True
863,14,47,165,8.945218821366629,12.170209243008864,8.945218821366629,123.93704056739807,4,19,True
864,14,47,180,9.400170255700747,11.824178863610026,9.400170255700747,123.70721297338605,4,18,True
865,14,47,195,10.039657786488533,12.67783382625397,10.039657786488533,123.3929330483079,4,18,True
866,14,47,210,16.21202790737152,17.851421142226318,16.21202790737152,153.2861371524632,5,18,True
867,14,47,225,6.220109510421753,6.926987260867032,6.220109510421753,123.38168313726783,4,18,True
868,14,30,30,3.17867960135142,4.380801060546481,3.17867960135142,122.68995633348823,4,19,True
869,14,30,45,9.090860657890637,12.279833063926999,9.090860657890637,121.7969972640276,4,19,True
870,14,30,60,13.33749115963777,15.176826988275932,13.33749115963777,122.2521560266614,4,19,True
871,14,30,75,3.7366910696029665,5.168960403601978,3.7366910696029665,122.2241772338748,4,19,True
872,14,30,90,3.573423139192164,5.205423482715284,3.573423139192164,124.26281115040183,4,18,True
873,14,30,105,2.1557896299287678,2.65095405009038,2.1557896299287678,124.06308203935623,4,19,True
874,14,30,120,2.0810148881127435,2.692756234850844,2.0810148881127435,124.17524168267846,4,19,True
875,14,30,135,3.7084250138451655,5.832395411726586,3.7084250138451655,124.0322319790721,4,19,True
876,14,30,150,1.4898013770580292,2.447884046270836,1.4898013770580292,123.99063212797046,4,19,True
877,14,30,165,1.6066501875718435,2.4533036675902116,1.6066501875718435,123.99376230314374,4,19,True
878,14,30,180,2.025579014172157,2.3458882469723337,2.025579014172157,123.71582305058837,4,19,True
879,14,30,195,2.6004987212518853,3.2511965475577367,2.6004987212518853,122.35692562535405,4,19,True
880,14,30,210,1.9444985623160997,2.4800521263072355,1.9444985623160997,122.04747833311558,4,19,True
881,14,30,225,3.5976728684268893,4.834516826321099,3.5976728684268893,122.17741692438722,4,19,True
882,18,83,30,18.134468118349712,26.979218971974824,18.134468118349712,123.18035401403904,4,18,True
883,18,83,45,12.653319843610127,17.831143698681725,12.653319843610127,153.17382803186774,5,18,True
884,18,83,60,19.376042399182914,27.347020258373487,19.376042399182914,122.10225779563189,4,19,True
885,18,83,75,15.825043791905046,22.74052108260108,15.825043791905046,153.01156835630536,5,18,True
886,18,83,90,6.446797308418899,9.665962546720941,6.446797308418899,123.6861739307642,4,18,True
887,18,83,105,11.185164961125702,13.23509794689203,11.185164961125702,125.00817002728581,4,18,True
888,18,83,120,28.9286108122052,50.562671543907896,28.9286108122052,125.19524991512299,4,18,True
889,18,83,135,31.502816395958266,57.970012233894245,31.502816395958266,155.6523721665144,5,18,True
890,18,83,150,30.04099605306983,39.24812182143806,30.04099605306983,155.49273183569312,5,18,True
891,18,83,165,14.83097525437673,20.211984087516218,14.83097525437673,155.5059920065105,5,18,True
892,18,83,180,12.609422036632896,15.920520220282707,12.609422036632896,155.7766618207097,5,18,True
893,18,83,195,14.043420174345375,19.183117033599068,14.043420174345375,124.01957297697663,4,19,True
894,18,15,30,9.014440109829108,12.902193567572157,9.014440109829108,124.29481279104948,4,19,True
895,18,15,45,8.078427978356679,11.765731317644859,8.078427978356679,125.09255995973945,4,18,True
896,18,15,60,9.81768532237038,16.311721077105062,9.81768532237038,125.33588008955121,4,18,True
897,18,15,75,9.23788442471996,13.297855758939466,9.23788442471996,124.82278095558286,4,18,True
898,18,15,90,3.719088606039683,4.242678868816403,3.719088606039683,125.78896898776293,4,18,True
899,18,15,105,3.591334906666695,4.901888032472233,3.591334906666695,124.04889287427068,4,19,True
900,18,15,120,5.954343811670939,8.412555443170142,5.954343811670939,124.05497301369905,4,19,True
901,18,15,135,6.9442743288973965,8.13992346536321,6.9442743288973965,125.1103999093175,4,18,True
902,18,15,150,3.0463929481804373,4.193516356297584,3.0463929481804373,124.93543978780508,4,18,True
903,18,15,165,5.988276276985804,7.512425097692234,5.988276276985804,124.85652090981603,4,18,True
904,18,3,30,19.997707389791806,26.384423043963064,19.997707389791806,124.83917083591223,4,18,True
905,18,3,45,52.20875277519226,74.2932192687423,52.20875277519226,155.3040137514472,5,18,True
906,18,3,60,36.966142196456595,63.60611357250532,36.966142196456595,124.99188119545579,4,18,True
907,18,3,75,62.63717466990153,89.43382529814713,62.63717466990153,156.4527410082519,5,17,True
908,18,3,90,59.90027831395467,80.32726395548337,59.90027831395467,125.14579109847546,4,18,True
909,18,3,105,19.4629496773084,24.59505410332477,19.4629496773084,124.99936204403639,4,18,True
910,18,3,120,35.082695319255194,38.93993594556114,35.082695319255194,125.12115109711885,4,18,True
911,18,3,135,15.278737352540096,21.56908863632001,15.278737352540096,125.19801128655672,4,18,True
912,18,3,150,10.625583970546723,12.573006947997117,10.625583970546723,125.238420907408,4,18,True
913,18,3,165,6.869867165883382,10.632465175676142,6.869867165883382,124.17264422401786,4,19,True
914,18,35,30,18.06528541892767,26.991706178131153,18.06528541892767,156.66004130616784,5,18,True
915,18,35,45,24.946120225389798,32.49035804099052,24.946120225389798,154.10971827805042,5,18,True
916,18,35,60,8.499094272901614,9.694403526833607,8.499094272901614,123.41224635019898,4,18,True
917,18,35,75,5.849153356793492,6.351944321663364,5.849153356793492,123.36771516129375,4,18,True
918,18,35,90,4.333766877247641,5.750283657890628,4.333766877247641,122.64896696433425,4,19,True
919,18,35,105,4.7470121812230595,6.100388200984979,4.7470121812230595,122.39678809419274,4,19,True
920,18,35,120,7.992869095923379,16.556743387183147,7.992869095923379,122.33239877969027,4,19,True
921,18,35,135,28.62432632644971,38.57851977296724,28.62432632644971,153.29963993281126,5,18,True
922,18,35,150,51.54993914862474,70.4864142429382,51.54993914862474,154.01397924870253,5,18,True
923,18,35,165,49.894999943425255,64.94646271460664,49.894999943425255,156.33828239515424,5,17,True
924,18,35,180,7.960462805380424,9.265124743756243,7.960462805380424,125.34035230055451,4,18,True
925,18,35,195,3.656049014131228,4.516159033596971,3.656049014131228,124.10213425755501,4,19,True
926,18,35,210,3.491286108891169,5.145924626864657,3.491286108891169,123.52017592638731,4,19,True
927,18,35,225,17.560393408934274,29.106213086600604,17.560393408934274,123.90941474586725,4,19,True
928,18,48,30,18.90175252954165,22.931811209455315,18.90175252954165,124.8759520240128,4,18,True
929,18,48,45,47.66400374397635,67.66922199650458,47.66400374397635,123.23358608409762,4,18,True
930,18,48,60,26.274127326409022,31.85133849109148,26.274127326409022,153.6522088572383,5,17,True
931,18,48,75,35.08988886351387,51.374084249112016,35.08988886351387,153.9303590543568,5,17,True
932,18,48,90,9.938995922108491,13.128459748051274,9.938995922108491,123.49891616031528,4,18,True
933,18,48,105,7.79826496442159,8.165612162340409,7.79826496442159,123.26900707557797,4,18,True
934,18,48,120,5.31578689366579,7.959098353706507,5.31578689366579,122.22927017137408,4,19,True
935,18,48,135,6.69354676703612,10.34241593517287,6.69354676703612,123.38576698675752,4,18,True
936,18,48,150,4.947374137242635,5.946120055778034,4.947374137242635,123.24369698762894,4,18,True
937,18,48,165,6.957060370345911,8.623648154216319,6.957060370345911,125.35750214010477,4,18,True
938,18,48,180,5.910415729383628,9.294918167645399,5.910415729383628,125.15183165669441,4,18,True
939,18,48,195,8.74132586742441,11.080949118610146,8.74132586742441,125.17143180593848,4,18,True
940,18,48,210,3.8553192257881164,5.397293774906134,3.8553192257881164,124.37856383621693,4,19,True
941,18,48,225,9.85408285856247,14.23621015145644,9.85408285856247,124.86588302999735,4,18,True
942,18,22,30,7.082921755562226,10.196124955705708,7.082921755562226,125.21240208297968,4,18,True
943,18,22,45,8.787027135491371,18.593700231409468,8.787027135491371,124.09453513100743,4,19,True
944,18,22,60,10.930382152895133,17.73545963855522,10.930382152895133,155.26636596769094,5,18,True
945,18,22,75,12.275666131079197,16.686178575951974,12.275666131079197,125.23591192439198,4,18,True
946,18,22,90,3.0081874509652455,3.7527508453860556,3.0081874509652455,124.41824469715357,4,19,True
947,18,22,105,2.6236497163772583,3.432091150456694,2.6236497163772583,124.20057505369186,4,19,True
948,18,22,120,2.6856285353501637,3.4885320332077643,2.6856285353501637,123.927335254848,4,19,True
949,18,22,135,1.5832768400510153,2.624941254483863,1.5832768400510153,123.95668495446444,4,19,True
950,18,22,150,3.4174563211854547,5.860036258328117,3.4174563211854547,122.91662767529488,4,19,True
951,18,22,165,2.8783117307970922,3.6772933244098076,2.8783117307970922,122.32355028390884,4,18,True
952,18,55,30,9.431154209375382,19.52227813684822,9.431154209375382,122.19890113919973,4,19,True
953,18,55,45,28.70846999337276,46.73146901729551,28.70846999337276,123.28254757449031,4,18,True
954,18,55,60,38.58783149470886,55.37462928887714,38.58783149470886,153.68283074349165,5,17,True
955,18,55,75,5.390270121892294,7.317216369549296,5.390270121892294,122.76219902560115,4,18,True
956,18,55,90,13.320762165387471,16.767448284605305,13.320762165387471,122.07589065656066,4,19,True
957,18,55,105,20.631991339226563,24.18615986000472,20.631991339226563,121.95311114192009,4,18,True
958,18,55,120,16.35871277252833,22.049961999153204,16.35871277252833,154.01423908770084,5,18,True
959,18,55,135,9.704995443671942,10.557594655195256,9.704995443671942,124.63111476972699,4,18,True
960,18,55,150,6.91861139362057,8.38878448787759,6.91861139362057,124.60849527269602,4,18,True
961,18,55,165,3.7744661018252375,5.429035924251353,3.7744661018252375,124.73487528041005,4,18,True
962,18,4,30,14.229401393731434,18.288976972408175,14.229401393731434,155.1787881180644,5,18,True
963,18,4,45,10.102152536079908,11.123300434167199,10.102152536079908,155.5380360223353,5,18,True
964,18,4,60,1.7775157203276952,2.2095235449890143,1.7775157203276952,124.11588616669178,4,19,True
965,18,4,75,1.5859972715377808,2.0632703767722775,1.5859972715377808,123.4579780139029,4,19,True
966,18,4,90,12.154867647091548,16.88218599824498,12.154867647091548,123.93267685547471,4,19,True
967,18,4,105,6.0529226241012415,8.061135988987408,6.0529226241012415,124.14040602743626,4,18,True
968,18,4,120,3.4889150602122148,4.060747552847044,3.4889150602122148,124.98453492298722,4,18,True
969,18,4,135,5.5996923802420495,6.051467703814346,5.5996923802420495,124.57647500559688,4,18,True
970,18,4,150,3.581706449575722,4.939390752469962,3.581706449575722,123.7062280997634,4,19,True
971,18,4,165,4.150483064850172,5.742008816777587,4.150483064850172,123.00512008368969,4,19,True
972,18,4,180,4.84186890522639,5.697852458248109,4.84186890522639,124.74075518548489,4,18,True
973,18,45,30,17.74213942339023,27.155050286347286,17.74213942339023,125.10580383241177,4,18,True
974,18,45,45,13.33198140859604,20.421168749239047,13.33198140859604,124.6821559034288,4,18,True
975,18,45,60,27.174996757507323,35.50751498095865,27.174996757507323,125.13456400483847,4,18,True
976,18,45,75,16.42708546916644,19.314313798715965,16.42708546916644,154.56643933430314,5,18,True
977,18,45,90,16.443897612392902,23.897072870714837,16.443897612392902,124.21046709641814,4,18,True
978,18,45,105,7.889246734138578,12.93690314818026,7.889246734138578,155.64893698319793,5,18,True
979,18,45,120,3.031200624505679,3.965617815520859,3.031200624505679,124.97099488973618,4,18,True
980,18,45,135,3.092376559972763,3.3101912959473747,3.092376559972763,124.13501692935824,4,19,True
981,18,45,150,3.0007009992996854,3.3915951825381856,3.0007009992996854,123.92533710226417,4,19,True
982,18,45,165,4.473723848660787,6.932192430213068,4.473723848660787,123.23525035753846,4,19,True
983,18,60,30,4.715469144781431,6.290026459502047,4.715469144781431,122.29437194764614,4,18,True
984,18,60,45,1.2886308004458746,1.5964014362375691,1.2886308004458746,121.40474421903491,4,19,True
985,18,60,60,1.913780146340529,2.3138230738829253,1.913780146340529,122.41078075021505,4,19,True
986,18,60,75,9.168979987502098,17.44973385897491,9.168979987502098,122.23709234967828,4,19,True
987,18,60,90,14.388862542062999,22.712648270108335,14.388862542062999,152.45156595483422,5,18,True
988,18,60,105,27.005036363122052,44.09179423840687,27.005036363122052,121.9939119182527,4,18,True
989,18,60,120,6.770886728664239,9.441339248288788,6.770886728664239,122.85847030580044,4,18,True
990,18,60,135,3.446196480592092,4.94619084595546,3.446196480592092,122.46698094531894,4,18,True
991,18,60,150,1.4043399532636007,1.6495051544673665,1.4043399532636007,123.63013904541731,4,19,True
992,18,60,165,5.495058860753973,8.056643334187594,5.495058860753973,124.18982805684209,4,19,True
993,18,26,30,24.696953505277634,34.73559631716879,24.696953505277634,155.485728289932,5,18,True
994,18,26,45,44.660177601873876,69.00712316464517,44.660177601873876,154.4973710551858,5,17,True
995,18,26,60,43.03658461868763,71.62430302158866,43.03658461868763,125.23972522467375,4,18,True
996,18,26,75,48.49347902139028,77.52786096770333,48.49347902139028,156.18110680952668,5,17,True
997,18,26,90,22.221450586989523,34.16085330227246,22.221450586989523,156.70838626101613,5,17,True
998,18,26,105,6.606613335510095,9.061479905715434,6.606613335510095,125.07843505591154,4,18,True
999,18,26,120,13.568037079460918,19.668308598660854,13.568037079460918,123.94597800448537,4,19,True
1000,18,26,135,12.540642153223356,18.457957492918826,12.540642153223356,124.45544824004173,4,18,True
1001,18,26,150,21.29705865283807,26.926927482945757,21.29705865283807,155.7077281177044,5,18,True
1002,18,26,165,12.0754492936035,18.32170635694034,12.0754492936035,125.0872453674674,4,18,True
1003,18,21,30,7.373980313042799,13.156401801162174,7.373980313042799,124.7154870070517,4,18,True
1004,18,21,45,12.508001731336117,21.51585613010555,12.508001731336117,123.95411916077137,4,18,True
1005,18,21,60,10.005363806088765,13.827981782307681,10.005363806088765,155.4140099324286,5,18,True
1006,18,21,75,7.879688221216202,10.09402692548177,7.879688221216202,124.88892721012235,4,18,True
1007,18,21,90,20.848565269447864,29.217354865019775,20.848565269447864,123.81957937031984,4,19,True
1008,18,21,105,25.065355034172534,38.864031747812575,25.065355034172534,155.7509689591825,5,18,True
1009,18,21,120,5.406431430578232,7.631782405510805,5.406431430578232,125.19779475405812,4,18,True
1010,18,21,135,2.98246736060828,4.506753512897778,2.98246736060828,124.28399780765176,4,19,True
1011,18,21,150,7.158968807756901,11.521210148646063,7.158968807756901,123.94538894295692,4,19,True
1012,18,21,165,9.644200941423575,12.06397115075705,9.644200941423575,124.85269689932466,4,18,True
1013,18,44,30,12.851281539599102,16.61158456666822,12.851281539599102,155.36225121468306,5,18,True
1014,18,44,45,4.356264384587606,5.101611465033397,4.356264384587606,123.9349590614438,4,19,True
1015,18,44,60,2.4200719197591147,2.6602027994382933,2.4200719197591147,123.97073907777667,4,19,True
1016,18,44,75,13.426308809717495,20.917820652702016,13.426308809717495,124.12970885634422,4,19,True
1017,18,44,90,14.812516181357205,23.338441326586345,14.812516181357205,155.6013198569417,5,18,True
1018,18,44,105,15.730248109313349,22.137633329652974,15.730248109313349,155.89113906025887,5,18,True
1019,18,44,120,11.710029981533687,14.98055933722991,11.710029981533687,156.17632772773504,5,18,True
1020,18,44,135,11.209661213556926,12.880928507484693,11.209661213556926,125.4202057607472,4,18,True
1021,18,44,150,10.952029846111934,18.571077980664384,10.952029846111934,124.2757379077375,4,19,True
1022,18,44,165,12.632283012072245,17.19936641168002,12.632283012072245,155.8626089245081,5,18,True
1023,18,44,180,5.1979223895818,6.005210468428541,5.1979223895818,125.07637636736035,4,18,True
1024,18,44,195,6.186163430536786,9.144993766264179,6.186163430536786,124.92493586614728,4,18,True
1025,18,44,210,5.424419710660974,6.797446571036565,5.424419710660974,124.86198684200644,4,18,True
1026,18,44,225,9.122216065724691,10.742562640113759,9.122216065724691,125.06878701969981,4,18,True
1027,18,23,30,16.889018363753955,24.401742184617348,16.889018363753955,155.71320010349154,5,18,True
1028,18,23,45,13.55064878463745,23.225650358011272,13.55064878463745,125.13346690684557,4,18,True
1029,18,23,60,13.882475538551807,19.73030342949136,13.882475538551807,125.33615622669458,4,18,True
1030,18,23,75,29.651993266741435,44.194411248049406,29.651993266741435,156.48159803822637,5,17,True
1031,18,23,90,14.852816448609035,18.512257989550523,14.852816448609035,125.35423692315817,4,18,True
1032,18,23,105,17.301638296743235,24.26029687337909,17.301638296743235,125.06385706365108,4,18,True
1033,18,23,120,12.919553524255752,16.123266469528367,12.919553524255752,125.14520669355989,4,18,True
1034,18,23,135,17.804461251416555,26.030880778352955,17.804461251416555,155.8428597636521,5,18,True
1035,18,23,150,22.21128322966397,32.90363858502564,22.21128322966397,125.29726698994637,4,18,True
1036,18,23,165,23.256927791237832,32.46486995812999,23.256927791237832,125.53597567602992,4,18,True
1037,18,53,30,45.32073383107782,61.32665740232446,45.32073383107782,123.57046222314239,4,19,True
1038,18,53,45,42.2903976444155,58.23383142745433,42.2903976444155,155.19929211586714,5,18,True
1039,18,53,60,43.48040263131261,71.61097291190632,43.48040263131261,155.10814310982823,5,18,True
1040,18,53,75,24.530616601308186,40.77805888706473,24.530616601308186,156.8296980112791,5,17,True
1041,18,53,90,30.742096161842348,51.15105822915517,30.742096161842348,155.62146110460162,5,18,True
1042,18,53,105,11.698108812173208,17.61926005778134,11.698108812173208,125.11254707351327,4,18,True
1043,18,53,120,14.868000801404317,23.720972081449588,14.868000801404317,124.0548798814416,4,19,True
1044,18,53,135,10.079452180862427,12.304112015770095,10.079452180862427,125.36567775532603,4,18,True
1045,18,53,150,15.578563746220121,27.77953568545893,15.578563746220121,124.00961015373468,4,19,True
1046,18,53,165,29.2831419864359,46.20479199070063,29.2831419864359,155.16646206378937,5,18,True
1047,18,84,30,46.72942984998226,57.89489723960372,46.72942984998226,155.68091114982963,5,18,True
1048,18,84,45,39.89171364977956,59.030577854355236,39.89171364977956,155.32041294500232,5,18,True
1049,18,84,60,23.94167477587859,31.626721936542474,23.94167477587859,155.35063296556473,5,18,True
1050,18,84,75,23.739048711365708,28.116654016106196,23.739048711365708,155.15888296067715,5,18,True
1051,18,84,90,7.553253428141276,9.134286496877113,7.553253428141276,124.96026791632175,4,18,True
1052,18,84,105,7.706517541408539,10.69712576787761,7.706517541408539,124.12505084648728,4,19,True
1053,18,84,120,8.519767401988307,9.820435246212257,8.519767401988307,125.33616693690419,4,18,True
1054,18,84,135,4.2430118889237445,5.844020005466607,4.2430118889237445,123.97586088627577,4,19,True
1055,18,84,150,6.595039486202101,7.593385530568913,6.595039486202101,125.4280679859221,4,18,True
1056,18,84,165,7.855304130415122,8.353707218840574,7.855304130415122,125.37541706115007,4,18,True
1057,18,59,30,20.517129268248876,29.25962720548344,20.517129268248876,125.14514802023768,4,18,True
1058,18,59,45,9.573691128194332,14.138370034720674,9.573691128194332,154.66328477486968,5,18,True
1059,18,59,60,9.54466214577357,12.680166975113512,9.54466214577357,123.45970282331109,4,18,True
1060,18,59,75,11.750617496172588,15.460960084824347,11.750617496172588,122.69705394282937,4,19,True
1061,18,59,90,15.01318203608195,18.12544147617669,15.01318203608195,123.47294297069311,4,18,True
1062,18,59,105,8.719804753735662,12.260993605781872,8.719804753735662,123.34882281720638,4,18,True
1063,18,59,120,16.689034754162034,23.59518856925299,16.689034754162034,123.40917298570275,4,18,True
1064,18,59,135,2.2460491200288137,2.948678752155718,2.2460491200288137,122.30640556663275,4,19,True
1065,18,59,150,5.7160580769181255,8.192123256924669,5.7160580769181255,122.47314490377903,4,19,True
1066,18,59,165,8.145288332303364,9.904449269002964,8.145288332303364,124.05297113582492,4,18,True
1067,18,49,30,32.463050692280135,45.3687250443225,32.463050692280135,125.05430914461613,4,18,True
1068,18,49,45,48.513141332070035,70.0109890725575,48.513141332070035,154.7673149034381,5,18,True
1069,18,49,60,12.232656957457463,13.816208209610858,12.232656957457463,157.52469887956977,5,18,True
1070,18,49,75,11.60101226872454,16.39172763631294,11.60101226872454,124.7562700882554,4,18,True
1071,18,49,90,16.91688257213682,20.47166716392851,16.91688257213682,155.73150292038918,5,18,True
1072,18,49,105,29.467497093478837,48.68715828483483,29.467497093478837,125.23585837334394,4,18,True
1073,18,49,120,15.761484905083973,21.11448787194942,15.761484905083973,124.31292096152902,4,19,True
1074,18,49,135,14.431957459449768,19.01147915221373,14.431957459449768,125.58262795209885,4,18,True
1075,18,49,150,8.10158616900444,11.451262243821445,8.10158616900444,124.37303084880114,4,19,True
1076,18,49,165,8.208540513319894,9.788448624123134,8.208540513319894,125.18614903092384,4,18,True
1077,18,49,180,16.861794805526735,19.54241762403623,16.861794805526735,124.87518973648548,4,18,True
1078,18,49,195,11.246101331710815,15.047745141544379,11.246101331710815,124.9697390012443,4,18,True
1079,18,49,210,6.5630078156789144,10.72448898634396,6.5630078156789144,124.65452961623669,4,18,True
1080,18,7,30,39.53364687363307,57.35272297850809,39.53364687363307,125.40265778079629,4,18,True
1081,18,7,45,4.942444618542989,6.763162597602856,4.942444618542989,124.99736994504929,4,18,True
1082,18,7,60,3.3566740141560634,4.5392059238378355,3.3566740141560634,125.22369902580976,4,18,True
1083,18,7,75,14.248357523729403,25.847434643789637,14.248357523729403,125.1764390617609,4,18,True
1084,18,7,90,33.933629071712495,41.84169269426733,33.933629071712495,156.62993071600795,5,17,True
1085,18,7,105,27.205204180876414,43.93861657678275,27.205204180876414,124.90484025329351,4,19,True
1086,18,7,120,29.675964426559705,43.08419395109926,29.675964426559705,156.78145084530115,5,18,True
1087,18,7,135,33.34657630125682,44.09676618671524,33.34657630125682,155.4666548036039,5,18,True
1088,18,7,150,17.74771803021431,28.115191814298797,17.74771803021431,124.9435911886394,4,18,True
1089,18,7,165,16.192692060085633,21.69077859939503,16.192692060085633,155.6865838356316,5,18,True
1090,18,47,30,14.599228582375993,21.360018936090743,14.599228582375993,155.2418959327042,5,18,True
1091,18,47,45,11.712015309929848,16.492966833801397,11.712015309929848,155.58108501136303,5,18,True
1092,18,47,60,10.270768427848816,12.353272733095833,10.270768427848816,125.1087998971343,4,18,True
1093,18,47,75,1.2161835193634034,1.8361349423061757,1.2161835193634034,124.21236326918006,4,19,True
1094,18,47,90,6.664611534277598,10.098883041623793,6.664611534277598,124.17937256395817,4,19,True
1095,18,47,105,5.3508665561676025,6.824237487467994,5.3508665561676025,125.18873019143939,4,18,True
1096,18,47,120,1.9963557958602904,2.82469234441025,1.9963557958602904,124.99912967905402,4,18,True
1097,18,47,135,4.391227746009827,9.094794224993878,4.391227746009827,124.24871232360601,4,19,True
1098,18,47,150,15.779883334040642,22.414734715861076,15.779883334040642,125.00674976035953,4,18,True
1099,18,47,165,9.3632365865012,11.784996296629402,9.3632365865012,125.25501986965537,4,18,True
1100,18,30,30,14.461566130133967,19.62531048242486,14.461566130133967,125.41870912536979,4,18,True
1101,18,30,45,6.002834018071493,7.719975559187262,6.002834018071493,123.8839728757739,4,19,True
1102,18,30,60,3.216323979695638,3.8114775265267857,3.216323979695638,125.08534081280231,4,18,True
1103,18,30,75,4.103424866994222,4.464602487234704,4.103424866994222,125.28746016323566,4,18,True
1104,18,30,90,2.5083219051361083,2.816636775013901,2.5083219051361083,124.06918359920382,4,19,True
1105,18,30,105,2.3575201511383055,2.7886016105518583,2.3575201511383055,124.03300311416388,4,19,True
1106,18,30,120,2.2153441429138185,3.2672339812972124,2.2153441429138185,124.00358309969306,4,19,True
1107,18,30,135,4.221728134155273,5.555176472965857,4.221728134155273,124.12855261936784,4,19,True
1108,18,30,150,2.968683608373006,3.3316233484950404,2.968683608373006,124.7614212334156,4,18,True
1109,18,30,165,1.8441274563471477,2.3275331416252,1.8441274563471477,123.19011613726616,4,19,True
1110,24,83,30,13.387364223475258,16.133504351656818,13.387364223475258,125.28251111507416,4,18,True
1111,24,83,45,7.3786793702592455,10.32138748203489,7.3786793702592455,125.05581136792898,4,18,True
1112,24,83,60,3.6727438151836393,4.5254355452163955,3.6727438151836393,124.96312195435166,4,18,True
1113,24,83,75,8.402874314847091,12.531232605190784,8.402874314847091,124.20135410502553,4,19,True
1114,24,83,90,25.76183288221558,51.681831511442525,25.76183288221558,124.17086260393262,4,19,True
1115,24,83,105,29.694777352611222,50.03993029662727,29.694777352611222,155.87555523961782,5,18,True
1116,24,83,120,6.565513879060745,11.454853041733115,6.565513879060745,124.03429392725229,4,19,True
1117,24,83,135,8.234694931097328,11.302676376521065,8.234694931097328,125.00300211831927,4,18,True
1118,24,83,150,15.532321158098057,24.93098997717853,15.532321158098057,125.07807230576873,4,18,True
1119,24,83,165,13.509442928479984,20.582433183438177,13.509442928479984,125.11593196541071,4,18,True
1120,24,83,180,6.91898467540741,7.860208991933373,6.91898467540741,155.85474530234933,5,18,True
1121,24,83,195,6.068623059739669,9.012642864329905,6.068623059739669,124.89774217829108,4,18,True
1122,24,83,210,7.947713095198075,11.340380884896014,7.947713095198075,125.14732079580426,4,18,True
1123,24,83,225,6.15466681321462,8.145010837289867,6.15466681321462,124.98642085120082,4,18,True
1124,24,15,30,26.526747342199087,41.21852421844542,26.526747342199087,155.54766729474068,5,18,True
1125,24,15,45,14.696362782021364,20.881588562665254,14.696362782021364,155.78059619292617,5,18,True
1126,24,15,60,5.938770858446757,8.876736205023603,5.938770858446757,155.60015616938472,5,18,True
1127,24,15,75,11.271922461191814,17.493898697604862,11.271922461191814,125.20062178373337,4,18,True
1128,24,15,90,6.382620598872503,8.535071765718405,6.382620598872503,125.02701207995415,4,18,True
1129,24,15,105,6.6105344961086905,8.752923827512499,6.6105344961086905,124.92510164156556,4,18,True
1130,24,15,120,8.873782583077748,13.34073436251202,8.873782583077748,124.67242311686277,4,18,True
1131,24,15,135,2.1046564976374307,2.8546845425266163,2.1046564976374307,123.99400398135185,4,19,True
1132,24,15,150,5.022033747037252,6.580568505285708,5.022033747037252,124.89269208163023,4,18,True
1133,24,15,165,13.43555178642273,20.351270774047084,13.43555178642273,124.91614231839776,4,18,True
1134,24,15,180,3.910345721244812,5.970151877498692,3.910345721244812,125.14452124014497,4,18,True
1135,24,15,195,15.117585374911625,23.389174527254596,15.117585374911625,123.90277534723282,4,19,True
1136,24,15,210,8.556574181715648,13.42615398771238,8.556574181715648,155.68297589197755,5,18,True
1137,24,15,225,14.614862515528996,20.361396850147433,14.614862515528996,123.82741505280137,4,18,True
1138,24,3,30,41.40093578497569,57.30724508249689,41.40093578497569,122.3307098262012,4,19,True
1139,24,3,45,11.248107101519903,12.587467645550753,11.248107101519903,122.97571823000908,4,18,True
1140,24,3,60,35.04377320806186,50.75114202196371,35.04377320806186,123.48305573686957,4,18,True
1141,24,3,75,23.939869942267737,29.323711584440233,23.939869942267737,153.95065071061254,5,17,True
1142,24,3,90,18.259001259009043,21.298756049503783,18.259001259009043,123.28617693856359,4,18,True
1143,24,3,105,3.1744027535120645,3.5891713816636046,3.1744027535120645,122.26788001134992,4,19,True
1144,24,3,120,11.533909622828165,18.358948064308482,11.533909622828165,122.37241910770535,4,19,True
1145,24,3,135,8.573887034257252,12.169163061420925,8.573887034257252,155.17096780240536,5,18,True
1146,24,3,150,7.955626388390859,9.467671006021696,7.955626388390859,155.6397769600153,5,18,True
1147,24,3,165,12.51898337205251,17.4811749964211,12.51898337205251,124.32103510946035,4,19,True
1148,24,3,180,6.600745371977488,8.598587356767533,6.600745371977488,125.14700274914503,4,18,True
1149,24,3,195,5.344544561704,6.934859062787018,5.344544561704,125.29532238841057,4,18,True
1150,24,3,210,3.5719523231188455,4.084461302602242,3.5719523231188455,124.16951498016715,4,19,True
1151,24,3,225,4.626519759496053,6.495489242774039,4.626519759496053,124.14061604067683,4,19,True
1152,24,35,30,21.88863936762015,28.443826223182256,21.88863936762015,124.97483333572745,4,18,True
1153,24,35,45,20.533912341172496,23.96339787247539,20.533912341172496,155.49687901511788,5,18,True
1154,24,35,60,5.115689221024513,6.368329464619263,5.115689221024513,124.99349284917116,4,18,True
1155,24,35,75,2.2040515104929606,2.487820329942664,2.2040515104929606,123.79441596567631,4,19,True
1156,24,35,90,1.908619753519694,2.3203423406608903,1.908619753519694,123.07738792151213,4,19,True
1157,24,35,105,2.1873229225476583,2.5492124545931394,2.1873229225476583,122.28350061923265,4,19,True
1158,24,35,120,7.892416555186113,11.560200799825775,7.892416555186113,122.29387043043971,4,19,True
1159,24,35,135,7.537449741363526,8.890226330114167,7.537449741363526,123.21549793705344,4,18,True
1160,24,35,150,3.7766159892082216,4.535120032255791,3.7766159892082216,123.18052910268307,4,18,True
1161,24,35,165,2.9510531942049663,3.944601730744502,2.9510531942049663,122.79470916837454,4,18,True
1162,24,35,180,3.4092281507328153,4.365535330852557,3.4092281507328153,122.1718112938106,4,19,True
1163,24,35,195,6.549473788340887,10.544037411743142,6.549473788340887,122.87755915895104,4,18,True
1164,24,35,210,13.361322213212649,17.19831799869782,13.361322213212649,155.37999896332622,5,18,True
1165,24,35,225,18.094500074783962,19.683130898920215,18.094500074783962,125.49731181934476,4,18,True
1166,24,48,30,29.242056217975914,38.88545096919312,29.242056217975914,125.41823275387287,4,18,True
1167,24,48,45,32.97149734099706,47.10291052862915,32.97149734099706,125.19739288836718,4,18,True
1168,24,48,60,16.342371050516764,22.59028511639595,16.342371050516764,155.86619777604938,5,18,True
1169,24,48,75,14.879351552824179,21.668639313565166,14.879351552824179,124.94208430871367,4,18,True
1170,24,48,90,4.988793840507666,6.178713383787675,4.988793840507666,124.98822389170527,4,18,True
1171,24,48,105,4.8893552124500275,8.038195054147463,4.8893552124500275,125.00988505780697,4,18,True
1172,24,48,120,19.332624465227127,24.824930019304094,19.332624465227127,125.13673398643732,4,18,True
1173,24,48,135,13.352056951198028,15.060277658673446,13.352056951198028,155.735629145056,5,18,True
1174,24,48,150,5.721340425809225,6.766291432296194,5.721340425809225,124.38185513019562,4,19,True
1175,24,48,165,3.334999203681946,4.235739940458072,3.334999203681946,125.1339833252132,4,18,True
1176,24,48,180,2.34692497253418,3.7683331499462853,2.34692497253418,124.22677595168352,4,19,True
1177,24,48,195,10.087247470021248,17.24192061051308,10.087247470021248,124.25339687615633,4,19,True
1178,24,48,210,4.765114688873291,6.600971053711234,4.765114688873291,124.49217587709427,4,19,True
1179,24,48,225,4.671283059318861,6.891443727540963,4.671283059318861,122.89407011121511,4,18,True
1180,24,22,30,8.392750479777654,11.148469303414844,8.392750479777654,123.38557885959744,4,18,True
1181,24,22,45,7.447079091270765,11.614990644735574,7.447079091270765,123.31137899309397,4,18,True
1182,24,22,60,5.192672380805016,6.458235872295536,5.192672380805016,122.15907173231244,4,19,True
1183,24,22,75,6.808226156358917,10.541901367261074,6.808226156358917,123.15597897395492,4,18,True
1184,24,22,90,2.2538846710075933,2.8601659674685984,2.2538846710075933,123.25503909960389,4,18,True
1185,24,22,105,1.9696665026247502,2.56552802131672,1.9696665026247502,122.32958106324077,4,19,True
1186,24,22,120,1.885026619831721,2.5576060160413014,1.885026619831721,122.36699229106307,4,19,True
1187,24,22,135,1.8986244382336737,2.4485538857469797,1.8986244382336737,123.57153929769993,4,19,True
1188,24,22,150,1.818589616799727,2.6215327135973507,1.818589616799727,123.75555839389563,4,19,True
1189,24,22,165,2.0420453964577368,2.3701391459592522,2.0420453964577368,124.10403694957495,4,18,True
1190,24,22,180,4.184871032088995,10.549817279725337,4.184871032088995,124.0608268417418,4,19,True
1191,24,22,195,12.662666723132133,19.81825141578136,12.662666723132133,123.36620781570673,4,19,True
1192,24,22,210,1.6155751069386801,2.4826718850503546,1.6155751069386801,124.48509596288204,4,18,True
1193,24,22,225,2.628941361109416,4.309739842268178,2.628941361109416,125.05331356078386,4,18,True
1194,24,55,30,8.154270437856516,11.593546592042415,8.154270437856516,155.2424910478294,5,18,True
1195,24,55,45,2.7772342526043454,3.305071328854063,2.7772342526043454,123.94224805757403,4,19,True
1196,24,55,60,7.0438608895366395,15.135701069687109,7.0438608895366395,124.07035799697042,4,19,True
1197,24,55,75,22.8337058827281,29.470391439089756,22.8337058827281,123.82991798222065,4,19,True
1198,24,55,90,16.164460055126497,20.715492141241665,16.164460055126497,125.3947545774281,4,18,True
1199,24,55,105,12.723943913790087,17.477761039764683,12.723943913790087,154.68094311654568,5,18,True
1200,24,55,120,1.6891296625137329,1.9173505338304286,1.6891296625137329,122.30822211131454,4,19,True
1201,24,55,135,1.3336950143178303,1.9359419658110997,1.3336950143178303,122.28434206917882,4,19,True
1202,24,55,150,1.7036264061927795,3.509709124264117,1.7036264061927795,122.33760161325336,4,19,True
1203,24,55,165,14.949487189451853,25.10268259331503,14.949487189451853,122.13583197444677,4,19,True
1204,24,55,180,4.611485322316487,6.41369797504969,4.611485322316487,122.26899201050401,4,19,True
1205,24,55,195,8.371762339274088,16.25782208626695,8.371762339274088,122.39695060998201,4,19,True
1206,24,55,210,9.96507008075714,20.31029122361023,9.96507008075714,153.38157722726464,5,18,True
1207,24,55,225,4.057198037703832,5.41776626488462,4.057198037703832,124.1134381853044,4,18,True
1208,24,4,30,23.913878354926904,36.34936143743729,23.913878354926904,155.7725607417524,5,18,True
1209,24,4,45,13.425440678124627,19.208430541478414,13.425440678124627,125.13201590627432,4,18,True
1210,24,4,60,6.53639425933361,10.037759643981326,6.53639425933361,155.34515213221312,5,18,True
1211,24,4,75,5.328391390045484,7.0653034881309535,5.328391390045484,124.20893786475062,4,19,True
1212,24,4,90,3.84212589263916,4.727589346329394,3.84212589263916,124.24400821328163,4,19,True
1213,24,4,105,1.331191651026408,1.6928099489311172,1.331191651026408,124.12814889103174,4,19,True
1214,24,4,120,1.018213144938151,1.549217790353565,1.018213144938151,124.0695882588625,4,19,True
1215,24,4,135,1.0162715593973795,1.5561519922869411,1.0162715593973795,123.8967482931912,4,19,True
1216,24,4,150,1.1982929706573486,1.9116546203424134,1.1982929706573486,123.00639087334275,4,19,True
1217,24,4,165,3.608042746782303,6.897626007193901,3.608042746782303,122.16755375266075,4,19,True
1218,24,4,180,12.769819780935844,16.888125714239326,12.769819780935844,122.42741184309125,4,19,True
1219,24,4,195,4.833860905965169,6.302777785887509,4.833860905965169,122.60414194315672,4,19,True
1220,24,4,210,3.9634577075640363,5.926590719771465,3.9634577075640363,122.57347162812948,4,19,True
1221,24,4,225,3.991443721453349,5.8248088851071484,3.991443721453349,122.91973177343607,4,18,True
1222,24,45,30,8.427691495418548,11.574300641468271,8.427691495418548,123.21941088885069,4,18,True
1223,24,45,45,7.578083070119222,9.928234041066055,7.578083070119222,123.29152040183544,4,18,True
1224,24,45,60,2.4889421145121258,3.1254688002341777,2.4889421145121258,122.30004323646426,4,19,True
1225,24,45,75,2.396911843617757,2.7479684682615995,2.396911843617757,124.05718769878149,4,19,True
1226,24,45,90,1.9938860416412354,2.3790380565283753,1.9938860416412354,123.89611918479204,4,19,True
1227,24,45,105,2.2877699375152587,2.652209045386669,2.2877699375152587,122.68112180754542,4,19,True
1228,24,45,120,15.96475761582454,23.77488939869831,15.96475761582454,123.68828011676669,4,19,True
1229,24,45,135,21.722305462136866,27.236541869699213,21.722305462136866,155.34717310220003,5,18,True
1230,24,45,150,7.945812275012334,14.033600153830399,7.945812275012334,124.03300916776061,4,19,True
1231,24,45,165,20.92197121977806,24.07636288768273,20.92197121977806,124.34203922748566,4,19,True
1232,24,45,180,8.689569493134817,18.588327202060732,8.689569493134817,125.11435709893703,4,18,True
1233,24,45,195,9.87389170130094,15.921655413951447,9.87389170130094,155.6028127670288,5,18,True
1234,24,45,210,3.7245314598083494,5.13614290993423,3.7245314598083494,124.16331004351377,4,19,True
1235,24,45,225,3.573617672920227,4.669387373960339,3.573617672920227,124.42991929128766,4,19,True
1236,24,60,30,9.303170782824358,14.883557622056959,9.303170782824358,125.29116589576006,4,18,True
1237,24,60,45,14.093821348249913,21.88767374003215,14.093821348249913,125.18898630514741,4,18,True
1238,24,60,60,6.224328992764155,9.560424111198984,6.224328992764155,124.63407823815942,4,18,True
1239,24,60,75,16.536904136091472,26.397520873669404,16.536904136091472,123.93489992246032,4,19,True
1240,24,60,90,8.278966011665762,16.112614638758444,8.278966011665762,155.65346321091056,5,18,True
1241,24,60,105,3.0278609791149695,3.785508976358977,3.0278609791149695,124.80058800429106,4,18,True
1242,24,60,120,3.9297947992881137,5.908663077949359,3.9297947992881137,123.80027072504163,4,19,True
1243,24,60,135,6.4893970390160876,11.903688069940324,6.4893970390160876,124.63166797533631,4,18,True
1244,24,60,150,10.391511656964818,15.094942227525094,10.391511656964818,125.07369788363576,4,18,True
1245,24,60,165,3.4469825734694797,4.450773728854106,3.4469825734694797,126.01658515632153,4,18,True
1246,24,60,180,6.8726599264113855,10.688820658210302,6.8726599264113855,124.32026816532016,4,19,True
1247,24,60,195,4.963966835833465,6.733316640185196,4.963966835833465,125.27357693761587,4,18,True
1248,24,60,210,4.047396851579348,5.571369498001365,4.047396851579348,124.16505999863148,4,19,True
1249,24,60,225,4.011428868770599,5.64026969286552,4.011428868770599,124.21761965379119,4,19,True
1250,24,26,30,16.328115491196513,22.518185176345984,16.328115491196513,155.50761530175805,5,18,True
1251,24,26,45,3.108960089584192,4.684993762221136,3.108960089584192,124.06239006668329,4,19,True
1252,24,26,60,20.51844619512558,27.699615444277008,20.51844619512558,124.07898996025324,4,19,True
1253,24,26,75,19.525716705123582,39.396387692357195,19.525716705123582,125.12168707326055,4,18,True
1254,24,26,90,16.393520232538382,25.65879102225655,16.393520232538382,155.54521512240171,5,18,True
1255,24,26,105,14.44800850848357,21.500047163824522,14.44800850848357,124.90537762641907,4,18,True
1256,24,26,120,16.901583139350016,32.64935884972122,16.901583139350016,155.2916648797691,5,18,True
1257,24,26,135,34.32530241484444,56.60115327532854,34.32530241484444,155.92314396053553,5,17,True
1258,24,26,150,10.813307799398899,18.459673912950446,10.813307799398899,155.51211405545473,5,18,True
1259,24,26,165,10.93270033498605,13.884163105578672,10.93270033498605,124.70952793955803,4,18,True
1260,24,26,180,4.298461364582181,6.084231239268295,4.298461364582181,124.80084784328938,4,18,True
1261,24,26,195,4.253308060392738,6.691357576895839,4.253308060392738,125.13392791152,4,18,True
1262,24,26,210,4.018690663576126,4.53965438295505,4.018690663576126,123.89528099447489,4,19,True
1263,24,26,225,9.265433411548536,18.990285822732496,9.265433411548536,124.74525906145573,4,18,True
1264,24,21,30,6.3919538974761965,10.195507178029795,6.3919538974761965,124.90714760497212,4,18,True
1265,24,21,45,10.724166162808736,16.998925016785925,10.724166162808736,124.01041109114885,4,19,True
1266,24,21,60,12.318524320920309,20.081028556917637,12.318524320920309,156.30227280780673,5,17,True
1267,24,21,75,2.9835406064987184,4.115128409630348,2.9835406064987184,124.03572117909789,4,19,True
1268,24,21,90,3.1500818888346354,4.705669199388979,3.1500818888346354,124.00313094258308,4,19,True
1269,24,21,105,4.728083217144013,6.987956896856696,4.728083217144013,124.0581413730979,4,19,True
1270,24,21,120,4.375394606590271,7.700038914508797,4.375394606590271,124.10157080739737,4,19,True
1271,24,21,135,3.1180575251579286,4.759930177048738,3.1180575251579286,125.01898780465126,4,18,True
1272,24,21,150,3.8163031458854677,4.971898752651522,3.8163031458854677,125.01368811354041,4,18,True
1273,24,21,165,3.276329261561235,6.7425716585609585,3.276329261561235,124.03315072879195,4,19,True
1274,24,21,180,12.671121244629225,20.126727587424636,12.671121244629225,123.78896214067936,4,19,True
1275,24,21,195,5.078637990681455,6.670161788575035,5.078637990681455,124.67938894405961,4,18,True
1276,24,21,210,5.045458067286138,7.082383796022977,5.045458067286138,124.7654790058732,4,18,True
1277,24,21,225,2.822107264275352,3.8942830894955676,2.822107264275352,124.3454897776246,4,18,True
1278,24,44,30,12.993102279305457,20.058603640352327,12.993102279305457,155.49274580553174,5,18,True
1279,24,44,45,19.652188740919033,23.690942959184746,19.652188740919033,124.75677998736501,4,18,True
1280,24,44,60,9.52935373907288,11.241138925090496,9.52935373907288,124.57693042233586,4,18,True
1281,24,44,75,1.756482697526614,2.44313341311653,1.756482697526614,123.96687176078558,4,19,True
1282,24,44,90,3.46494376262029,4.414072650802571,3.46494376262029,124.53652126714587,4,18,True
1283,24,44,105,3.3604403922955197,3.7683306922858244,3.3604403922955197,124.89260034635663,4,18,True
1284,24,44,120,3.471779767672221,3.8522223575941186,3.471779767672221,124.54476999118924,4,18,True
1285,24,44,135,4.902313647667567,6.200989419089647,4.902313647667567,123.93344193696976,4,19,True
1286,24,44,150,7.255502200126648,9.6146094069067,7.255502200126648,124.01367072016001,4,19,True
1287,24,44,165,2.2462015628814695,3.3027393474967575,2.2462015628814695,124.52799081802368,4,18,True
1288,24,44,180,5.608920514583588,9.271000210855917,5.608920514583588,124.60473133251071,4,18,True
1289,24,44,195,6.333369207382202,9.281270940769984,6.333369207382202,125.14289887621999,4,18,True
1290,24,44,210,4.438102070490519,6.3450939019708255,4.438102070490519,124.01534197852015,4,19,True
1291,24,44,225,4.181629498799642,5.888721130260847,4.181629498799642,124.08893089741468,4,19,True
1292,24,23,30,12.378039241333802,15.39552614348433,12.378039241333802,155.34168621525168,5,18,True
1293,24,23,45,9.800314522286255,13.16333744757154,9.800314522286255,125.00882893800735,4,18,True
1294,24,23,60,8.514565295012046,11.725774135119492,8.514565295012046,124.33110224083066,4,18,True
1295,24,23,75,13.372926206638416,18.78921299560785,13.372926206638416,125.29451865702868,4,18,True
1296,24,23,90,22.512705732385317,34.161524223049724,22.512705732385317,125.03846921026707,4,18,True
1297,24,23,105,41.817613990604876,63.930065410043895,41.817613990604876,153.55620067566633,5,17,True
1298,24,23,120,16.910370520253977,20.96181278774015,16.910370520253977,122.87964532151818,4,18,True
1299,24,23,135,2.8383731047312417,3.1495509377825712,2.8383731047312417,122.21015617251396,4,19,True
1300,24,23,150,2.434983420372009,3.9508696025654317,2.434983420372009,122.18905705958605,4,19,True
1301,24,23,165,11.413450735310713,19.906368230147848,11.413450735310713,122.0356673002243,4,19,True
1302,24,23,180,5.438063704781234,7.898814862927535,5.438063704781234,123.23813466355205,4,18,True
1303,24,23,195,3.7564401467641195,4.203730819394701,3.7564401467641195,123.14178515225649,4,18,True
1304,24,23,210,2.8794324974219005,4.417450134571496,2.8794324974219005,122.21957836300135,4,19,True
1305,24,23,225,2.974536351362864,4.629815878947458,2.974536351362864,124.1797017864883,4,19,True
1306,24,53,30,36.722919383645056,49.87130667605532,36.722919383645056,125.06411969661713,4,18,True
1307,24,53,45,25.636122398575147,38.52519311131231,25.636122398575147,155.96950566396117,5,18,True
1308,24,53,60,32.645256187642616,43.11952314031933,32.645256187642616,155.85964685305953,5,17,True
1309,24,53,75,19.392382736628253,26.756120555684483,19.392382736628253,155.35372775048018,5,18,True
1310,24,53,90,20.408625929554304,21.589994506167994,20.408625929554304,156.2969060614705,5,17,True
1311,24,53,105,12.705501274267833,19.49368845887653,12.705501274267833,124.66672202572227,4,18,True
1312,24,53,120,14.97298336426417,21.045050892489133,14.97298336426417,155.32748820260167,5,18,True
1313,24,53,135,30.282065525650978,49.469763185908015,30.282065525650978,125.00727083534002,4,18,True
1314,24,53,150,35.95740989844004,49.28873259830356,35.95740989844004,156.16749599575996,5,17,True
1315,24,53,165,12.478080785274505,21.453401697183402,12.478080785274505,123.68561280891299,4,19,True
1316,24,53,180,19.651477779944738,24.441913434195225,19.651477779944738,125.05654990673065,4,18,True
1317,24,53,195,11.200844558080037,12.444736804013834,11.200844558080037,155.03406897187233,5,18,True
1318,24,53,210,3.144820245107015,4.730451277874332,3.144820245107015,124.92113187909126,4,18,True
1319,24,53,225,3.825703732172648,5.857978516430368,3.825703732172648,124.02118276804686,4,18,True
1320,24,84,30,23.149690981705984,32.29327283597014,23.149690981705984,156.09046583995223,5,18,True
1321,24,84,45,16.007616261641186,22.18598036249649,16.007616261641186,153.84546061977744,5,17,True
1322,24,84,60,21.420857548713684,25.26882965803071,21.420857548713684,122.99153581261635,4,18,True
1323,24,84,75,2.68624658981959,3.2175004964337632,2.68624658981959,123.4451849013567,4,18,True
1324,24,84,90,6.58138680656751,11.003104090599727,6.58138680656751,122.17093911021948,4,19,True
1325,24,84,105,11.387688833475114,14.91925934082085,11.387688833475114,153.24005391448736,5,18,True
1326,24,84,120,14.158515119552613,16.510209446022767,14.158515119552613,153.3309635706246,5,18,True
1327,24,84,135,13.175777661800385,24.956167437713333,13.175777661800385,123.49131470546126,4,18,True
1328,24,84,150,20.674552345275877,33.006918361100105,20.674552345275877,154.25458177924156,5,18,True
1329,24,84,165,5.4681432247161865,6.904578811975203,5.4681432247161865,125.16979081556201,4,18,True
1330,24,84,180,4.32250189781189,5.097741299774447,4.32250189781189,125.3981408663094,4,18,True
1331,24,84,195,11.951283155878384,21.901933894040294,11.951283155878384,124.37536288052797,4,19,True
1332,24,84,210,11.695428089300792,13.712988243512884,11.695428089300792,125.29079103842378,4,18,True
1333,24,84,225,6.854686637719472,9.37192237532016,6.854686637719472,124.55831281840801,4,19,True
1334,24,59,30,21.034853782194357,29.318151152852355,21.034853782194357,124.08989388495684,4,18,True
1335,24,59,45,25.7900997646153,32.99406747670915,25.7900997646153,153.4912041388452,5,18,True
1336,24,59,60,8.586320195098718,10.104069397313138,8.586320195098718,122.11029790341854,4,19,True
1337,24,59,75,5.630770379677415,10.83550380184169,5.630770379677415,122.85206746309996,4,18,True
1338,24,59,90,8.094176722566287,11.589192202919344,8.094176722566287,153.3220550045371,5,18,True
1339,24,59,105,10.365007030963898,14.272490237601104,10.365007030963898,122.27178877219558,4,19,True
1340,24,59,120,5.693123149871826,9.377236851965117,5.693123149871826,122.4393779411912,4,19,True
1341,24,59,135,3.4298266490300495,5.7472186401811935,3.4298266490300495,122.33976786956191,4,19,True
1342,24,59,150,4.779358319441477,7.326883429148975,4.779358319441477,125.16676215454936,4,18,True
1343,24,59,165,3.0273224206020433,4.989381108737542,3.0273224206020433,124.16647467762232,4,19,True
1344,24,59,180,6.968948616211613,11.79533289306008,6.968948616211613,123.83043486624956,4,19,True
1345,24,59,195,10.340877751191147,15.342836795471026,10.340877751191147,125.2262108027935,4,18,True
1346,24,59,210,4.562603221049843,5.523726150675,4.562603221049843,124.03031485155225,4,19,True
1347,24,59,225,4.397945004701614,5.420251700841628,4.397945004701614,124.81681304052472,4,18,True
1348,24,49,30,31.53238796790441,45.35932483087167,31.53238796790441,156.19666781276464,5,17,True
1349,24,49,45,24.0112144668897,33.129923753862144,24.0112144668897,155.52080003544688,5,18,True
1350,24,49,60,25.590799664457638,38.94720153712335,25.590799664457638,124.8479918576777,4,18,True
1351,24,49,75,18.282366822163265,27.203970246831613,18.282366822163265,155.2974502556026,5,18,True
1352,24,49,90,22.818854142477115,29.439398921514936,22.818854142477115,124.80287300422788,4,18,True
1353,24,49,105,6.7539573311805725,10.148589830855764,6.7539573311805725,124.78077365085483,4,18,True
1354,24,49,120,5.324072353045145,8.281737778257911,5.324072353045145,123.81843570619822,4,19,True
1355,24,49,135,3.178617012500763,4.048392182623722,3.178617012500763,124.82907297089696,4,18,True
1356,24,49,150,5.727889752388,6.613616181555038,5.727889752388,124.80700388550758,4,18,True
1357,24,49,165,4.871519607305527,7.597852420697115,4.871519607305527,123.86006489396095,4,19,True
1358,24,49,180,13.941965941588084,19.875945234479463,13.941965941588084,123.67922626435757,4,19,True
1359,24,49,195,9.439426818490029,14.055746763152472,9.439426818490029,124.88629296422005,4,18,True
1360,24,49,210,7.780105804403623,9.457627007496592,7.780105804403623,124.85418282449245,4,18,True
1361,24,49,225,5.8077553848425545,6.898548527575805,5.8077553848425545,155.15643078833818,5,18,True
1362,24,7,30,22.781051103274027,26.906558394878907,22.781051103274027,155.10584227740765,5,18,True
1363,24,7,45,18.121881592273713,25.19319407151076,18.121881592273713,124.86172327771783,4,18,True
1364,24,7,60,19.636621156334876,31.8490152901724,19.636621156334876,125.25403220206499,4,18,True
1365,24,7,75,30.828953914841016,47.41620972654755,30.828953914841016,155.72401974350214,5,18,True
1366,24,7,90,49.48202980955442,69.97907495266479,49.48202980955442,156.1981188133359,5,17,True
1367,24,7,105,23.71549482345581,29.951164775766024,23.71549482345581,155.4727810434997,5,18,True
1368,24,7,120,28.349672641356786,31.984583073862588,28.349672641356786,156.01197024807334,5,17,True
1369,24,7,135,8.377232193946838,11.366634562059868,8.377232193946838,125.08834386244416,4,18,True
1370,24,7,150,11.00254594484965,13.765388199640334,11.00254594484965,124.26030496135354,4,18,True
1371,24,7,165,13.836267101516325,17.004645080593335,13.836267101516325,121.99588119983673,4,19,True
1372,24,7,180,6.6064048503835995,9.955941303941275,6.6064048503835995,122.90674820542336,4,18,True
1373,24,7,195,7.232385338656604,10.243089922655395,7.232385338656604,122.22876027226448,4,18,True
1374,24,7,210,9.029629523990055,11.516873948419326,9.029629523990055,122.64020880684257,4,18,True
1375,24,7,225,6.635631172234813,7.864949626111176,6.635631172234813,122.86783801391721,4,18,True
1376,24,47,30,22.225520278451345,39.8952471540662,22.225520278451345,122.16135021299124,4,19,True
1377,24,47,45,47.26014806224654,72.32464123813536,47.26014806224654,153.47844595089555,5,17,True
1378,24,47,60,51.06790658434232,84.95126127761571,51.06790658434232,122.41248926147819,4,19,True
1379,24,47,75,17.103440336386363,26.776679164089536,17.103440336386363,155.40767181664705,5,18,True
1380,24,47,90,17.39805085460345,28.85779128752056,17.39805085460345,155.5590210482478,5,18,True
1381,24,47,105,4.478280409177144,5.600393810002546,4.478280409177144,125.11270400136709,4,18,True
1382,24,47,120,5.740885115166505,7.5465070781726755,5.740885115166505,124.10387629643083,4,19,True
1383,24,47,135,7.839698227743308,9.828696893558945,7.839698227743308,124.20350592583418,4,19,True
1384,24,47,150,12.369446255763371,20.34076870443549,12.369446255763371,125.19907299429178,4,18,True
1385,24,47,165,16.433309440811474,23.471943310272096,16.433309440811474,123.14285896718502,4,18,True
1386,24,47,180,7.866473051905632,10.515770104064599,7.866473051905632,153.37664587423205,5,18,True
1387,24,47,195,4.391605456670125,6.45913272964986,4.391605456670125,122.62192880734801,4,18,True
1388,24,47,210,5.879949950178465,6.8729029249968585,5.879949950178465,122.76557879522443,4,18,True
1389,24,47,225,2.2079156200091044,3.6279845282532213,2.2079156200091044,122.55369033664465,4,18,True
1390,24,30,30,4.638387733201186,5.567847741110974,4.638387733201186,122.70962866023183,4,18,True
1391,24,30,45,4.049370005819947,5.298020793831788,4.049370005819947,122.76264885440469,4,18,True
1392,24,30,60,4.6903062429279085,5.835471823223711,4.6903062429279085,122.6056800223887,4,18,True
1393,24,30,75,2.584437310944001,2.987470303776494,2.584437310944001,123.48445830866694,4,19,True
1394,24,30,90,2.156876228004694,3.2273242783398004,2.156876228004694,123.74213710427284,4,19,True
1395,24,30,105,4.5726936539014185,6.653816779895914,4.5726936539014185,124.7265450656414,4,18,True
1396,24,30,120,1.6809120630224546,2.2264118297519673,1.6809120630224546,123.77964705228806,4,19,True
1397,24,30,135,2.4575059443712233,4.254490165969941,2.4575059443712233,123.9718971773982,4,19,True
1398,24,30,150,6.479940416415532,10.069995931633775,6.479940416415532,123.78971697762609,4,19,True
1399,24,30,165,4.563803639014562,7.4206118832117625,4.563803639014562,123.8130172714591,4,19,True
1400,24,30,180,10.66282563706239,15.676964201366854,10.66282563706239,123.96505801007152,4,19,True
1401,24,30,195,4.1747912486394245,5.982666942814019,4.1747912486394245,125.04169484600425,4,18,True
1402,24,30,210,3.381158689657847,4.740127991356139,3.381158689657847,123.92609706148505,4,19,True
1403,24,30,225,3.4134313258032005,4.585255625909024,3.4134313258032005,124.99153474345803,4,18,True
1404,25,83,30,27.168170878042776,51.576326738185884,27.168170878042776,123.89748729765415,4,19,True
1405,25,83,45,37.114407353599866,61.56026667002298,37.114407353599866,155.57931177318096,5,18,True
1406,25,83,60,54.55906026462714,91.06299497654302,54.55906026462714,156.6071300767362,5,17,True
1407,25,83,75,56.725132034222284,96.63325288403449,56.725132034222284,156.17989096790552,5,18,True
1408,25,83,90,55.92458224594593,93.30661707024562,55.92458224594593,156.36704117059708,5,17,True
1409,25,83,105,58.69817307641109,92.34819776808469,58.69817307641109,154.42107617855072,5,17,True
1410,25,83,120,28.24282135690252,45.623439895327806,28.24282135690252,153.08183897286654,5,18,True
1411,25,83,135,57.78369199732939,88.66604099566922,57.78369199732939,153.64524722099304,5,17,True
1412,25,83,150,13.853318526347477,20.466246023960828,13.853318526347477,123.37409844622016,4,18,True
1413,25,83,165,33.08335636903842,52.665657456701695,33.08335636903842,123.3690190128982,4,18,True
1414,25,83,180,34.10838946054379,62.22408495044297,34.10838946054379,123.18601971492171,4,18,True
1415,25,83,195,26.27369207839171,39.67047186813205,26.27369207839171,153.36135867983103,5,18,True
1416,25,83,210,12.013284740845362,18.28169093787882,12.013284740845362,125.03642588853836,4,18,True
1417,25,83,225,14.749121235559384,22.175657576300313,14.749121235559384,124.99887589365244,4,18,True
1418,25,15,30,15.29042656024297,21.509935488570576,15.29042656024297,125.20713498815894,4,18,True
1419,25,15,45,11.519424452384312,14.276571538732089,11.519424452384312,123.49568912759423,4,19,True
1420,25,15,60,18.143025519450507,28.591131295170804,18.143025519450507,126.8421309068799,4,18,True
1421,25,15,75,12.520901306571128,18.005884075483216,12.520901306571128,124.83723601326346,4,18,True
1422,25,15,90,10.311531038333973,14.873943727290795,10.311531038333973,123.80123790353537,4,19,True
1423,25,15,105,11.015787398815155,17.027155434574574,11.015787398815155,155.50049394369125,5,18,True
1424,25,15,120,6.883747577667236,10.396135175338516,6.883747577667236,125.08611613884568,4,18,True
1425,25,15,135,2.6098689754803974,3.201123914030818,2.6098689754803974,125.04833610728383,4,18,True
1426,25,15,150,5.632670669754346,8.259386802038525,5.632670669754346,123.9560479298234,4,19,True
1427,25,15,165,5.948552127492925,7.55592914614221,5.948552127492925,124.95037633925676,4,18,True
1428,25,15,180,5.061693249084056,7.941874444261599,5.061693249084056,155.54675413295627,5,18,True
1429,25,15,195,5.108460518221061,11.120507192195292,5.108460518221061,123.94204875454307,4,19,True
1430,25,15,210,27.58933186183373,42.794357987641895,27.58933186183373,124.98786626383662,4,18,True
1431,25,15,225,13.86926275168856,22.32347638936472,13.86926275168856,124.88337606191635,4,18,True
1432,25,3,30,21.121921318769456,30.097590381570292,21.121921318769456,153.72974798083305,5,18,True
1433,25,3,45,29.073003693421683,46.02298958756995,29.073003693421683,124.86196681857109,4,18,True
1434,25,3,60,57.39227823896023,87.0634121240539,57.39227823896023,156.05205297470093,5,17,True
1435,25,3,75,56.81202211297738,94.12005972240638,56.81202211297738,155.55774373933673,5,18,True
1436,25,3,90,21.38331031228105,36.752350398894606,21.38331031228105,124.99397667124867,4,18,True
1437,25,3,105,56.83695129007101,86.88115591454788,56.83695129007101,156.6070318222046,5,17,True
1438,25,3,120,21.39410111953815,26.480072903940105,21.39410111953815,124.72322676330805,4,18,True
1439,25,3,135,10.58421626786391,15.79686196924606,10.58421626786391,125.27930596843362,4,18,True
1440,25,3,150,13.25119926929474,19.58361850028059,13.25119926929474,125.13499474152923,4,18,True
1441,25,3,165,18.41345384667317,40.70432611837987,18.41345384667317,124.0874188952148,4,19,True
1442,25,3,180,30.460098120570184,51.150014282498155,30.460098120570184,155.396674759686,5,18,True
1443,25,3,195,45.5941360955437,75.27019648864378,45.5941360955437,125.09119603782892,4,18,True
1444,25,3,210,59.198107584317526,96.11873937341694,59.198107584317526,156.5580228343606,5,17,True
1445,25,3,225,18.300415740410486,29.443149203210165,18.300415740410486,125.12787664309144,4,18,True
1446,25,35,30,7.716055073340734,14.214582435273588,7.716055073340734,124.89502737298608,4,18,True
1447,25,35,45,45.47285899644097,64.45303666407163,45.47285899644097,124.93550730869174,4,18,True
1448,25,35,60,7.183209139853716,10.189711155251505,7.183209139853716,155.33144492655993,5,18,True
1449,25,35,75,10.343528238932292,17.971052025752495,10.343528238932292,124.91738703101873,4,18,True
1450,25,35,90,22.714923531313737,44.49921019584931,22.714923531313737,123.63591976463795,4,19,True
1451,25,35,105,23.546786036901175,39.61041012158364,23.546786036901175,153.1182210892439,5,18,True
1452,25,35,120,43.35474082225313,68.47097507640609,43.35474082225313,153.90060981735587,5,17,True
1453,25,35,135,19.71500177786996,33.001472216338904,19.71500177786996,123.05118190124631,4,18,True
1454,25,35,150,41.51438430845737,52.55375376880701,41.51438430845737,153.19526055827737,5,18,True
1455,25,35,165,11.89285487383604,15.516441059291218,11.89285487383604,152.85067074000835,5,18,True
1456,25,35,180,9.510266898572445,11.467089160123837,9.510266898572445,153.07024074718356,5,18,True
1457,25,35,195,3.056495845814546,4.3948549407924276,3.056495845814546,123.33540059626102,4,18,True
1458,25,35,210,3.7140340407689414,7.54170298581206,3.7140340407689414,123.68995975703001,4,19,True
1459,25,35,225,8.02676147421201,11.753525316987481,8.02676147421201,123.9380999468267,4,19,True
1460,25,48,30,53.99500855406125,80.66951824819411,53.99500855406125,156.3522438518703,5,17,True
1461,25,48,45,21.37597200870514,31.426386337674728,21.37597200870514,125.05812710151076,4,18,True
1462,25,48,60,26.930728028031687,44.326810447259874,26.930728028031687,125.11953804641962,4,18,True
1463,25,48,75,45.91010047476739,68.12517320385331,45.91010047476739,157.003213185817,5,17,True
1464,25,48,90,42.93101250231266,58.186384166426755,42.93101250231266,156.01438470184803,5,18,True
1465,25,48,105,6.853715087970098,8.831637974283709,6.853715087970098,125.05208794027567,4,18,True
1466,25,48,120,5.577063320080439,7.381062859070174,5.577063320080439,125.2276566810906,4,18,True
1467,25,48,135,5.969490107893944,7.931670603445537,5.969490107893944,124.94653789326549,4,18,True
1468,25,48,150,6.165506431460381,7.707332493238697,6.165506431460381,124.0362897515297,4,19,True
1469,25,48,165,4.1231031277294585,5.523984229045639,4.1231031277294585,125.02670800313354,4,18,True
1470,25,48,180,4.132763980926636,6.262792381384244,4.132763980926636,124.02367033064365,4,19,True
1471,25,48,195,5.683039916803439,8.919277781733689,5.683039916803439,124.73687902092934,4,18,True
1472,25,48,210,27.697459592390807,45.41893365222888,27.697459592390807,124.08674880862236,4,19,True
1473,25,48,225,26.76858109641665,37.47000759332426,26.76858109641665,125.03849761560559,4,18,True
1474,25,22,30,3.151393055419127,4.583936684022629,3.151393055419127,123.74834110960364,4,19,True
1475,25,22,45,3.6247228326896828,5.06660061120086,3.6247228326896828,124.04272984713316,4,19,True
1476,25,22,60,2.4076718165228765,3.086662780984972,2.4076718165228765,124.08725870773196,4,19,True
1477,25,22,75,6.386951118210951,13.62016098352826,6.386951118210951,125.14147814363241,4,18,True
1478,25,22,90,19.60845580175519,35.69387454272711,19.60845580175519,123.99378092959523,4,19,True
1479,25,22,105,41.670066872363286,64.66140617699155,41.670066872363286,156.6322441212833,5,17,True
1480,25,22,120,6.149151559670766,8.097887768464428,6.149151559670766,123.96004982292652,4,19,True
1481,25,22,135,5.757848783334096,8.697692652322184,5.757848783334096,123.8637906499207,4,19,True
1482,25,22,150,4.140687865018845,5.573678308412586,4.140687865018845,125.03675883635879,4,19,True
1483,25,22,165,4.395520536415279,8.060441261709652,4.395520536415279,124.7688289731741,4,19,True
1484,25,22,180,15.890920258375505,27.82194217419084,15.890920258375505,125.22897683084011,4,18,True
1485,25,22,195,17.899040857640404,35.50003258089579,17.899040857640404,155.18995793536305,5,18,True
1486,25,22,210,55.75847064505021,92.7005257659357,55.75847064505021,156.1956461519003,5,17,True
1487,25,22,225,15.20524608194828,26.07411767759291,15.20524608194828,125.25060772895813,4,18,True
1488,25,55,30,4.081843344370524,5.046704971700583,4.081843344370524,125.33939769491553,4,18,True
1489,25,55,45,12.643745265901089,20.94017731518795,12.643745265901089,124.41849987953901,4,19,True
1490,25,55,60,16.608042865991592,20.9618455646348,16.608042865991592,155.81931686028838,5,18,True
1491,25,55,75,14.924667159716288,20.216414074284806,14.924667159716288,155.3647080436349,5,18,True
1492,25,55,90,30.02925662994385,41.43535211569293,30.02925662994385,155.80323711037636,5,18,True
1493,25,55,105,12.284732309977214,23.01129188737748,12.284732309977214,124.11430105566978,4,19,True
1494,25,55,120,21.014626185099285,30.719102817980673,21.014626185099285,155.57221788913012,5,18,True
1495,25,55,135,3.602983744939168,4.531411715639052,3.602983744939168,124.71582973375916,4,18,True
1496,25,55,150,4.31635529200236,5.2461368048726165,4.31635529200236,124.02299093082547,4,19,True
1497,25,55,165,12.937227213382721,28.073662107970907,12.937227213382721,123.94270114600658,4,19,True
1498,25,55,180,27.0813303326567,45.22898087950342,27.0813303326567,155.8256270363927,5,18,True
1499,25,55,195,33.056547633806865,51.79667149801007,33.056547633806865,125.30605820938945,4,18,True
1500,25,55,210,17.908933742841086,33.22911305906522,17.908933742841086,124.16318012401462,4,19,True
1501,25,55,225,23.631858759125073,37.870743919984264,23.631858759125073,155.8074471540749,5,18,True
1502,25,4,30,10.17733528514703,13.91862535296824,10.17733528514703,124.72015898674726,4,18,True
1503,25,4,45,9.40287354576091,11.274139133063764,9.40287354576091,155.18196858465672,5,18,True
1504,25,4,60,2.546509246031443,3.0541122326692,2.546509246031443,125.10977918282151,4,18,True
1505,25,4,75,2.409525582194328,3.3085317387066517,2.409525582194328,124.71828982234001,4,18,True
1506,25,4,90,11.549858018880089,18.262049563476307,11.549858018880089,123.97766066715121,4,19,True
1507,25,4,105,33.86754110654195,50.428335788719465,33.86754110654195,155.48848919570446,5,18,True
1508,25,4,120,15.617329702774684,24.020245769915736,15.617329702774684,125.32337894663215,4,18,True
1509,25,4,135,42.97702983220418,69.85328404753811,42.97702983220418,156.51463624089956,5,17,True
1510,25,4,150,10.134022494157156,16.535539317421318,10.134022494157156,125.01666974276304,4,18,True
1511,25,4,165,16.3277481396993,24.57347783933962,16.3277481396993,124.10141108557582,4,19,True
1512,25,4,180,57.20500280459722,92.93075844315406,57.20500280459722,155.62969911843538,5,18,True
1513,25,4,195,20.3669387832284,36.52915038530128,20.3669387832284,125.02036988735199,4,18,True
1514,25,4,210,14.512800669297576,23.4941254722726,14.512800669297576,124.9630399979651,4,18,True
1515,25,4,225,54.7059932410717,91.28185636858589,54.7059932410717,156.01110830903053,5,18,True
1516,25,45,30,3.1103998104731243,4.174779523680588,3.1103998104731243,124.15851093828678,4,19,True
1517,25,45,45,3.185475222269694,4.444709055417411,3.185475222269694,124.23732224851847,4,19,True
1518,25,45,60,3.046069105466207,4.215956522974478,3.046069105466207,124.29274199530482,4,19,True
1519,25,45,75,4.123406465848287,9.237891091754692,4.123406465848287,124.07299224287271,4,19,True
1520,25,45,90,32.193604286511736,55.81716812877516,32.193604286511736,124.13356173783541,4,19,True
1521,25,45,105,13.409273581765593,18.263020603105204,13.409273581765593,156.72672726213932,5,17,True
1522,25,45,120,6.972298375299821,10.598927607128001,6.972298375299821,124.14948223158717,4,19,True
1523,25,45,135,6.4995367529181145,9.516066445236897,6.4995367529181145,123.96234180778265,4,19,True
1524,25,45,150,24.995618067185084,51.13934710620971,24.995618067185084,124.46952098980546,4,18,True
1525,25,45,165,40.84372482250134,62.48802863594182,40.84372482250134,156.3986181281507,5,17,True
1526,25,45,180,19.983040000498296,29.97748269588491,19.983040000498296,156.6941370256245,5,17,True
1527,25,45,195,62.79257905085881,92.7499569464738,62.79257905085881,154.70192208886147,5,17,True
1528,25,45,210,21.772062635421754,27.40389690675077,21.772062635421754,123.26059397310019,4,18,True
1529,25,45,225,46.97752936681112,74.59431178253494,46.97752936681112,154.21286318451166,5,17,True
1530,25,60,30,18.880926140397786,34.030826160881844,18.880926140397786,122.94849520549178,4,18,True
1531,25,60,45,21.729082259784143,36.48015350759501,21.729082259784143,152.91424514725804,5,18,True
1532,25,60,60,42.53235952431957,69.67298641086687,42.53235952431957,123.2063053175807,4,18,True
1533,25,60,75,12.946975946426392,18.923204484303852,12.946975946426392,153.08034606277943,5,18,True
1534,25,60,90,9.041436365246772,16.06659280202416,9.041436365246772,122.2803769633174,4,19,True
1535,25,60,105,10.566244933009148,17.90681043449663,10.566244933009148,155.6935398839414,5,18,True
1536,25,60,120,5.107185389225681,5.896853910097874,5.107185389225681,124.9042609706521,4,18,True
1537,25,60,135,16.860836506386597,29.196783590483346,16.860836506386597,124.28466277197003,4,19,True
1538,25,60,150,18.7864696820577,27.765938979454067,18.7864696820577,155.80329997465014,5,18,True
1539,25,60,165,7.7473309675852455,10.461075676799455,7.7473309675852455,125.08589075878263,4,18,True
1540,25,60,180,10.1511736591657,17.834766098535155,10.1511736591657,124.28903300315142,4,19,True
1541,25,60,195,12.393220388889313,19.3421892813784,12.393220388889313,155.68200033158064,5,18,True
1542,25,60,210,30.212066872914633,42.58409632482523,30.212066872914633,124.85826062038541,4,18,True
1543,25,60,225,18.634054215749106,29.953082340104068,18.634054215749106,125.12986082583666,4,18,True
1544,25,26,30,18.308750488360722,31.33520838694134,18.308750488360722,155.60513036325574,5,18,True
1545,25,26,45,59.475639485319455,91.75170444497876,59.475639485319455,156.9264568388462,5,17,True
1546,25,26,60,6.56201645831267,8.781421097393507,6.56201645831267,124.8802007175982,4,18,True
1547,25,26,75,12.174848790218432,21.531429294592005,12.174848790218432,125.10300101712346,4,18,True
1548,25,26,90,13.944471513619646,23.083747571671424,13.944471513619646,125.2054707147181,4,18,True
1549,25,26,105,5.169507066424315,6.162104453953484,5.169507066424315,124.15047315880656,4,19,True
1550,25,26,120,5.379329260190328,9.105403962976307,5.379329260190328,124.20340394601226,4,19,True
1551,25,26,135,17.01506340155999,29.516088617967526,17.01506340155999,124.38382301479578,4,19,True
1552,25,26,150,27.810983763138452,39.067083289809474,27.810983763138452,125.5474011413753,4,18,True
1553,25,26,165,21.919858105977376,32.513059645960844,21.919858105977376,125.64096972346306,4,18,True
1554,25,26,180,35.38199848706524,56.524107675579195,35.38199848706524,125.40778098627925,4,18,True
1555,25,26,195,26.772646951209754,41.71057198591962,26.772646951209754,125.02017198130488,4,18,True
1556,25,26,210,42.30747303764026,66.34152234933568,42.30747303764026,156.66454890742898,5,17,True
1557,25,26,225,15.778193268552423,26.006147940474552,15.778193268552423,124.99539088457823,4,18,True
1558,25,21,30,3.913807785511017,4.344466722135392,3.913807785511017,124.41971292719245,4,19,True
1559,25,21,45,3.054065461953481,3.8106672811130538,3.054065461953481,124.2974242195487,4,19,True
1560,25,21,60,3.4635159730911256,4.379466973814895,3.4635159730911256,124.15944412350655,4,19,True
1561,25,21,75,3.250660073757172,4.1804319491184145,3.250660073757172,124.90138178691268,4,19,True
1562,25,21,90,3.170019821325938,4.117171819775446,3.170019821325938,123.89939418062568,4,19,True
1563,25,21,105,3.2348703304926554,4.211140862979783,3.2348703304926554,124.91142190992832,4,19,True
1564,25,21,120,3.3392551143964133,4.320336028413355,3.3392551143964133,125.39344094693661,4,19,True
1565,25,21,135,3.3388873100280763,4.283571736450683,3.3388873100280763,126.01287011057138,4,19,True
1566,25,21,150,3.3492669065793357,4.275740970618018,3.3492669065793357,134.09834122285247,4,19,True
1567,25,21,165,3.0819590906302134,3.9078445913222253,3.0819590906302134,124.34323318302631,4,19,True
1568,25,21,180,26.122745286207646,51.69956639684275,26.122745286207646,124.15579427033663,4,19,True
1569,25,21,195,19.590075332516182,32.814215513609646,19.590075332516182,155.85705125704408,5,18,True
1570,25,21,210,7.875563457608223,11.24210865444207,7.875563457608223,125.42199110612273,4,18,True
1571,25,21,225,18.344794184466203,39.73171927005608,18.344794184466203,124.95226319879293,4,18,True
1572,25,44,30,2.9365939368804295,4.135877601602934,2.9365939368804295,124.6665040962398,4,18,True
1573,25,44,45,7.597249576449395,10.81426976666906,7.597249576449395,125.04406226798892,4,18,True
1574,25,44,60,8.559700309112667,17.12920478452823,8.559700309112667,124.32667287066579,4,19,True
1575,25,44,75,11.919245504091183,17.885958855306402,11.919245504091183,125.57902093976736,4,18,True
1576,25,44,90,14.674776229308918,24.027920425696262,14.674776229308918,155.77222080901265,5,18,True
1577,25,44,105,3.788977378762017,4.784318067068092,3.788977378762017,124.12719428539276,4,19,True
1578,25,44,120,5.451232394576072,7.786080917982262,5.451232394576072,124.14793483912945,4,19,True
1579,25,44,135,5.522287601729234,6.5248155720856715,5.522287601729234,124.80172421783209,4,18,True
1580,25,44,150,4.900970525542895,6.563840834266234,4.900970525542895,123.78819566220045,4,19,True
1581,25,44,165,5.206549955159426,6.550146070532492,5.206549955159426,124.03737474232912,4,19,True
1582,25,44,180,5.962521880865097,8.390205432770514,5.962521880865097,123.95812384784222,4,19,True
1583,25,44,195,11.691021493573983,18.01882381526994,11.691021493573983,125.40306197479367,4,18,True
1584,25,44,210,19.293546215693155,31.264688392110653,19.293546215693155,124.32115525007248,4,19,True
1585,25,44,225,9.639308770249288,13.129448191781762,9.639308770249288,125.37569180130959,4,18,True
1586,25,23,30,5.393013807137807,7.816751580409149,5.393013807137807,124.89401316270232,4,19,True
1587,25,23,45,20.68291610479355,36.44253804845296,20.68291610479355,125.22641196846962,4,18,True
1588,25,23,60,53.1037151068449,86.28482825151634,53.1037151068449,157.02403988689184,5,17,True
1589,25,23,75,55.959238009154795,90.73201718636436,55.959238009154795,155.98218236118555,5,18,True
1590,25,23,90,30.045612117151418,52.47010891619255,30.045612117151418,125.11809263378382,4,18,True
1591,25,23,105,50.57243196715911,83.96901132776517,50.57243196715911,157.08651999011636,5,17,True
1592,25,23,120,37.67949600418409,56.36995966331013,37.67949600418409,155.65405320376158,5,18,True
1593,25,23,135,7.475280169645945,9.549781146426401,7.475280169645945,155.70684242993593,5,18,True
1594,25,23,150,12.75920536518097,15.976829668972469,12.75920536518097,125.16712304204702,4,18,True
1595,25,23,165,8.043339842930436,9.554575712287258,8.043339842930436,122.91208794340491,4,18,True
1596,25,23,180,6.022720777864257,7.311302672466639,6.022720777864257,123.4602970071137,4,18,True
1597,25,23,195,8.16068501919508,11.030193698827281,8.16068501919508,123.07688780128956,4,18,True
1598,25,23,210,6.781821783756216,12.624784483206678,6.781821783756216,122.9196791537106,4,18,True
1599,25,23,225,39.673301042430104,69.97218084902178,39.673301042430104,122.40097904577851,4,19,True
1600,25,53,30,27.957832578352342,45.30054809418184,27.957832578352342,153.21665909141302,5,18,True
1601,25,53,45,46.74670479943355,71.12251767358175,46.74670479943355,123.17570811137557,4,18,True
1602,25,53,60,17.29425548637907,26.884758435639633,17.29425548637907,123.39635705575347,4,18,True
1603,25,53,75,22.800742811709643,36.670110303258724,22.800742811709643,155.4244151338935,5,18,True
1604,25,53,90,26.100710693995158,39.96128091057547,26.100710693995158,123.36284713819623,4,18,True
1605,25,53,105,26.04225095162789,41.30869865867897,26.04225095162789,123.16461792215705,4,18,True
1606,25,53,120,8.88745603536566,13.571447187417904,8.88745603536566,153.3210789784789,5,18,True
1607,25,53,135,14.282360376169285,16.876066466976148,14.282360376169285,123.35365824401379,4,18,True
1608,25,53,150,12.924218543370564,14.02069963904267,12.924218543370564,123.16843774169683,4,18,True
1609,25,53,165,9.958455065389474,11.996341395146324,9.958455065389474,122.81977944076061,4,18,True
1610,25,53,180,10.911392384767533,12.05160528631432,10.911392384767533,153.1901489943266,5,18,True
1611,25,53,195,8.13497395097899,13.600658935089577,8.13497395097899,123.47677815705538,4,18,True
1612,25,53,210,7.572183990408666,11.930264328033392,7.572183990408666,123.98402718827128,4,19,True
1613,25,53,225,4.984156034172823,8.273171423309416,4.984156034172823,124.97781403362751,4,18,True
1614,25,84,30,4.813480504353842,5.4412085413213855,4.813480504353842,124.36714489012957,4,19,True
1615,25,84,45,19.186590509613357,34.782934523186626,19.186590509613357,123.97486716508865,4,19,True
1616,25,84,60,39.244015669822694,58.39771733721307,39.244015669822694,156.24731173738837,5,17,True
1617,25,84,75,16.50121941566467,27.00207014748268,16.50121941566467,124.89472515881062,4,18,True
1618,25,84,90,19.092150057355564,33.79110567849212,19.092150057355564,125.06364425644279,4,18,True
1619,25,84,105,43.650066166122755,65.91725704042022,43.650066166122755,125.06959494203329,4,18,True
1620,25,84,120,5.034664710362752,5.686490361663806,5.034664710362752,124.14502585306764,4,19,True
1621,25,84,135,5.4764692465464275,6.1891834956642455,5.4764692465464275,124.08693600445986,4,19,True
1622,25,84,150,5.332884629567464,6.027686419639082,5.332884629567464,124.19664580374956,4,19,True
1623,25,84,165,13.377870668967565,27.040716987090853,13.377870668967565,124.34631586074829,4,19,True
1624,25,84,180,40.251268002887564,56.06363362061176,40.251268002887564,155.8781238272786,5,18,True
1625,25,84,195,15.46388967509071,21.78863290280263,15.46388967509071,156.50788182392716,5,17,True
1626,25,84,210,34.92311370695631,51.70736105172906,34.92311370695631,125.1034140586853,4,18,True
1627,25,84,225,15.94869777361552,18.945799850969614,15.94869777361552,155.71645414456725,5,18,True
1628,25,59,30,6.584131425619125,14.598201597391183,6.584131425619125,124.05501585453749,4,19,True
1629,25,59,45,37.88887457496797,62.08126707154981,37.88887457496797,124.94611414149404,4,18,True
1630,25,59,60,11.045438259343307,18.914615630051536,11.045438259343307,125.1142737455666,4,18,True
1631,25,59,75,21.718816651403905,39.04670669676746,21.718816651403905,125.09684497490525,4,18,True
1632,25,59,90,39.90729630912344,64.66667296024771,39.90729630912344,155.7933152653277,5,18,True
1633,25,59,105,13.529002559557558,22.618437601561336,13.529002559557558,155.34551534801722,5,18,True
1634,25,59,120,31.744778985988038,52.66419403720281,31.744778985988038,153.58610916882753,5,18,True
1635,25,59,135,7.03640319009622,8.159221194688207,7.03640319009622,123.01778886467218,4,18,True
1636,25,59,150,3.293081122636795,4.849230352692457,3.293081122636795,121.9584010541439,4,19,True
1637,25,59,165,16.954369854927062,36.985875830593024,16.954369854927062,121.86926184222102,4,19,True
1638,25,59,180,23.668964482362693,39.708384188048896,23.668964482362693,153.37167074903846,5,18,True
1639,25,59,195,38.666268752266966,69.01619536532489,38.666268752266966,122.23017122596502,4,19,True
1640,25,59,210,30.117846649636824,48.940019424241264,30.117846649636824,153.1278807669878,5,18,True
1641,25,59,225,15.105416055912308,25.537896060692614,15.105416055912308,123.65747801959515,4,18,True
1642,25,49,30,38.002977106968565,52.778970551058165,38.002977106968565,125.78342435881495,4,18,True
1643,25,49,45,27.631854702035586,38.86193824079573,27.631854702035586,155.52275581285357,5,18,True
1644,25,49,60,23.74016177157561,44.5295264562378,23.74016177157561,125.32955361530185,4,18,True
1645,25,49,75,11.875898284713427,18.70272440693185,11.875898284713427,155.74130602180958,5,18,True
1646,25,49,90,25.213371246059737,40.721057464335324,25.213371246059737,124.62809635326266,4,18,True
1647,25,49,105,45.50319351454576,73.8519190839168,45.50319351454576,155.49516584724188,5,18,True
1648,25,49,120,34.985122338930765,55.390160465380575,34.985122338930765,156.66277427226305,5,17,True
1649,25,49,135,63.47256940702597,98.86053760722855,63.47256940702597,157.01011335477233,5,17,True
1650,25,49,150,28.34134469628334,39.129626977554715,28.34134469628334,157.10819186642766,5,17,True
1651,25,49,165,39.2292105336984,51.180680255967644,39.2292105336984,157.0339617319405,5,17,True
1652,25,49,180,31.992457151412964,35.255020668620524,31.992457151412964,155.8079058304429,5,18,True
1653,25,49,195,15.124400520324707,15.924532391779964,15.124400520324707,125.21466473117471,4,18,True
1654,25,49,210,10.625891081492107,16.23699260325924,10.625891081492107,124.27710695192218,4,19,True
1655,25,49,225,8.450913492838541,10.902138925571087,8.450913492838541,125.33466471359134,4,18,True
1656,25,7,30,16.402011452615262,33.63741424443428,16.402011452615262,124.79780614376068,4,18,True
1657,25,7,45,33.34733729759852,49.33047283608237,33.34733729759852,156.01644525304437,5,18,True
1658,25,7,60,59.349245796600975,88.0160459530316,59.349245796600975,155.8835650794208,5,18,True
1659,25,7,75,29.538934848209223,34.292238578644394,29.538934848209223,156.93854307755828,5,17,True
1660,25,7,90,40.255383589863776,66.28568607796186,40.255383589863776,155.95980640500784,5,18,True
1661,25,7,105,22.262816563248634,33.53034481478485,22.262816563248634,125.74741523712873,4,18,True
1662,25,7,120,49.50597904125849,76.90579147954722,49.50597904125849,155.83673724904656,5,18,True
1663,25,7,135,56.66825017333031,85.63407956124628,56.66825017333031,157.1050831116736,5,17,True
1664,25,7,150,16.378733533620835,23.3230781255307,16.378733533620835,125.37025520578027,4,18,True
1665,25,7,165,6.321555892626445,7.568245152363263,6.321555892626445,125.45382510870695,4,18,True
1666,25,7,180,8.599520048002402,14.514827844177466,8.599520048002402,124.42728830501437,4,19,True
1667,25,7,195,36.09696072737376,53.181275194539346,36.09696072737376,156.28749504685402,5,18,True
1668,25,7,210,57.835921160380046,86.71330513091515,57.835921160380046,158.42323983088136,5,17,True
1669,25,7,225,19.448937034606935,29.031763157314014,19.448937034606935,125.10873610153794,4,18,True
1670,25,47,30,2.7293071428934734,4.024797475502466,2.7293071428934734,124.11370826885104,4,19,True
1671,25,47,45,13.02795968055725,32.83281429758482,13.02795968055725,123.95103927701712,4,19,True
1672,25,47,60,36.70548027257124,59.125814043885036,36.70548027257124,125.19168574362993,4,18,True
1673,25,47,75,22.201784926156204,37.12109715839344,22.201784926156204,125.00019697472453,4,18,True
1674,25,47,90,57.53555688311656,89.82660410230174,57.53555688311656,156.82967472821474,5,17,True
1675,25,47,105,13.158759385347366,22.91609043047068,13.158759385347366,125.28362590819597,4,18,True
1676,25,47,120,13.01343219280243,22.640282758299392,13.01343219280243,125.07867673411965,4,18,True
1677,25,47,135,13.054040042559306,22.697739829690352,13.054040042559306,125.17980672419071,4,18,True
1678,25,47,150,12.925357467929523,22.648290513370014,12.925357467929523,125.31157582998276,4,18,True
1679,25,47,165,12.722567002475262,22.347686462993767,12.722567002475262,125.13745576143265,4,18,True
1680,25,47,180,25.918778059383232,49.62643948532124,25.918778059383232,123.68891993537545,4,18,True
1681,25,47,195,59.99267074465752,89.51904032184999,59.99267074465752,154.49831122532487,5,17,True
1682,25,47,210,34.60709722576042,50.95092639002848,34.60709722576042,153.53677282109857,5,18,True
1683,25,47,225,14.484917345146338,23.056930958235593,14.484917345146338,123.20009199902415,4,18,True
1684,25,30,30,7.646369316801429,10.53531672869728,7.646369316801429,123.38777119293809,4,18,True
1685,25,30,45,3.653993015487989,4.565330505502358,3.653993015487989,123.18782228976488,4,18,True
1686,25,30,60,3.338095422585805,4.14704741070406,3.338095422585805,123.39102104306221,4,18,True
1687,25,30,75,3.589029581099749,4.2945387344095165,3.589029581099749,123.04363120347261,4,18,True
1688,25,30,90,2.678961075345675,3.394018349467839,2.678961075345675,125.01696730032563,4,18,True
1689,25,30,105,2.6713687678178153,4.378411191145594,2.6713687678178153,124.55770885571837,4,19,True
1690,25,30,120,3.1470188293606043,4.179475522961981,3.1470188293606043,124.0139096044004,4,19,True
1691,25,30,135,2.7419334759314853,3.7871525623998243,2.7419334759314853,125.59801619499922,4,19,True
1692,25,30,150,3.1205287718834978,3.9985390674155896,3.1205287718834978,127.81833112239838,4,19,True
1693,25,30,165,4.414947931747884,6.955748368307708,4.414947931747884,124.11238998174667,4,19,True
1694,25,30,180,4.058382932717602,5.220630608458737,4.058382932717602,124.98918781057,4,18,True
1695,25,30,195,4.235292185160021,4.912512536746679,4.235292185160021,124.93842793628573,4,18,True
1696,25,30,210,3.4431131457909943,4.448170480492964,3.4431131457909943,123.97346878424287,4,19,True
1697,25,30,225,2.503143777325749,3.7990335563316235,2.503143777325749,124.82743803411722,4,19,True
