sample_id,video,user,timestep,selector,mae,upstream_mse,corrected_mse,mean_angular_error,evaluation_loss,absolute_error_sum,upstream_squared_error_sum,corrected_squared_error_sum,element_count,latency_ms,selector_latency_ms,prediction_sha256,finite
0,4,83,30,recent_k4,14.983970642089844,389.5126647949219,389.5126647949219,14.983970642089844,0.01416778564453125,899.0382080078125,23370.7578125,23370.7578125,60,653.4411101602018,0.058368001133203506,b1be4853ad875f9df505bc20f8c18d4e3dc4a34cfd2b6248a192b11dd68e2a0b,True
1,4,83,45,recent_k4,22.783916473388672,773.9042358398438,773.9042358398438,22.783916473388672,0.0249786376953125,1367.034912109375,46434.25,46434.25,60,653.8340761326253,0.05939200147986412,2c8000751e04a8fdd5e6d9855be07e8e7e7822b482b404ee5a72bbf75623e827,True
2,4,83,60,recent_k4,12.855595588684082,272.1219177246094,272.1219177246094,12.855595588684082,0.00926971435546875,771.335693359375,16327.314453125,16327.314453125,60,653.7628569640219,0.05939200147986412,5d497ec1abe9db4aed08cfb5b2880d7918aa553d24370c6a6fade3006c924f8a,True
3,4,83,75,recent_k4,21.30199432373047,983.9086303710938,983.9086303710938,21.30199432373047,0.03240966796875,1278.11962890625,59034.515625,59034.515625,60,659.8655842244625,0.060416001826524734,9d2e149df914ee932824a745817ab209562373f7c8c41c7b92f1e92a02cdac18,True
4,4,83,90,recent_k4,26.29084587097168,10628.66796875,1876.4232177734375,26.29084587097168,0.33056640625,1577.45068359375,637720.0625,112585.390625,60,656.4275841228664,0.06659200042486191,6af3d539b6fd48cf6c91243e0f49ca7d8004eff0a1ff42aa073e36fdc034a357,True
5,4,83,105,recent_k4,53.49287033081055,9197.8671875,7710.22021484375,53.49287033081055,0.286865234375,3209.572021484375,551872.0,462613.1875,60,656.0635576024652,0.07782399654388428,5bbb243af8ac410ccaa06a463b97a519a671ab7f5e237d87c0192789c50b6394,True
6,4,83,120,recent_k4,11.102088928222656,188.12380981445312,188.12380981445312,11.102088928222656,0.007534027099609375,666.1253051757812,11287.427734375,11287.427734375,60,654.7291493043303,0.060416001826524734,3694950cf2fbcfd6e7a11fc3b6b1e174841d40dc5f5bfbf32c9a058157eae0bb,True
7,4,83,135,recent_k4,4.6687750816345215,28.56637954711914,28.56637954711914,4.6687750816345215,0.0013332366943359375,280.1264953613281,1713.982666015625,1713.982666015625,60,655.0629860721529,0.060416001826524734,caa1bad93b8f72e2e11c550704390aa4fcf1ecc9893479ebf84b4a0692dadbe7,True
8,4,83,150,recent_k4,11.435531616210938,303.6007385253906,303.6007385253906,11.435531616210938,0.01032257080078125,686.1318359375,18216.04296875,18216.04296875,60,646.03355480358,0.06143999844789505,dadadc94453133fbcff76bb721f2afc227f75a50b6c48b692786e15dbcc31a36,True
9,4,83,165,recent_k4,7.453854560852051,89.70435333251953,89.70435333251953,7.453854560852051,0.002971649169921875,447.23126220703125,5382.2607421875,5382.2607421875,60,622.9813280515373,0.06143999844789505,29d728bcea3f992194975c725fa0c19be1c7bf65b6d7c54e1d5f2cb3e8c3882e,True
10,4,83,180,recent_k4,28.2077693939209,2220.0107421875,2220.0107421875,28.2077693939209,0.07208251953125,1692.466064453125,133200.640625,133200.640625,60,653.8263582624495,0.058368001133203506,7a4b3b6f08359cdb995c01bd3d12b67e6d3d3ebb8352cbd08a6782ddf9369fa3,True
11,4,83,195,recent_k4,13.095052719116211,256.2511291503906,256.2511291503906,13.095052719116211,0.01171112060546875,785.703125,15375.06640625,15375.06640625,60,656.1468569561839,0.060416001826524734,44828f688cfebbd86fef39f66bb2e0fc16e8ec0283142f278a533e4718222536,True
12,4,83,210,recent_k4,11.667706489562988,369.93890380859375,369.93890380859375,11.667706489562988,0.01184844970703125,700.0623779296875,22196.333984375,22196.333984375,60,658.6345760151744,0.06860800087451935,ab80eea708615631d42ed134f2e03c85099dc48db625e0cfcd7c50927f1c9903,True
13,4,83,225,recent_k4,31.197900772094727,9515.0078125,2279.53564453125,31.197900772094727,0.295654296875,1871.8739013671875,570900.4375,136772.125,60,612.4028908088803,0.06348799914121628,e6f9e81b292da9bb0b6bdbd40217d848f42fc24efa6c1315f8eeb91505b95da1,True
14,4,15,30,recent_k4,12.449469566345215,244.92318725585938,244.92318725585938,12.449469566345215,0.008087158203125,746.9681396484375,14695.390625,14695.390625,60,611.6314488463104,0.05939200147986412,0fde88cf27305bc8b3839e4320c539ee716bd5afa868648b4b5399e0da9af69d,True
15,4,15,45,recent_k4,3.730104684829712,29.80659294128418,29.80659294128418,3.730104684829712,0.0010576248168945312,223.8062744140625,1788.3955078125,1788.3955078125,60,611.4049409516156,0.062463998794555664,dbd492a2ebfbad1156300b33a4f22fba15a0d0279ce7961b85879321f5349de1,True
16,4,15,60,recent_k4,1.4197289943695068,3.408154010772705,3.408154010772705,1.4197289943695068,0.00011974573135375977,85.1837387084961,204.48922729492188,204.48922729492188,60,653.0665648169816,0.05632000043988228,4cbca016db39b8f3ff27a170801d1e5c70db658261cd1df7e3418f8fc0262317,True
17,4,15,75,recent_k4,1.2467482089996338,3.0569095611572266,3.0569095611572266,1.2467482089996338,0.00010967254638671875,74.80488586425781,183.41456604003906,183.41456604003906,60,653.9560579694808,0.05939200147986412,709557939c23f840d87ffefa41ea6f3482a29bd6a2f35eec8bbcb326d5d34b2a,True
18,4,15,90,recent_k4,1.2921037673950195,3.5007553100585938,3.5007553100585938,1.2921037673950195,0.00011652708053588867,77.5262222290039,210.04530334472656,210.04530334472656,60,653.246324043721,0.0655359998345375,4605b781d10eeb72579e10f0cf0a63906b24502f4e2963bb88bfc76a46ad87c5,True
19,4,15,105,recent_k4,6.856873035430908,143.35287475585938,143.35287475585938,6.856873035430908,0.005054473876953125,411.412353515625,8601.171875,8601.171875,60,652.6311300694942,0.06451199948787689,1e0d07fa11194a40c4a69f24e3ba3965c146a1db59b534112145cbc382f295a1,True
20,4,15,120,recent_k4,9.868718147277832,211.22911071777344,211.22911071777344,9.868718147277832,0.0068206787109375,592.123046875,12673.74609375,12673.74609375,60,652.8991870582104,0.060416001826524734,9339dd4c61782abb71de79f63f202bce2939682a684adcb3a2b0b23f7b72fdbf,True
21,4,15,135,recent_k4,1.1435743570327759,3.112150192260742,3.112150192260742,1.1435743570327759,0.00010502338409423828,68.61445617675781,186.72900390625,186.72900390625,60,653.0662160366774,0.06143999844789505,fe416aeb2ee0d2cf1776ef1fb3f9e4642bc58c74ba65735e0b925ae8e907c96d,True
22,4,15,150,recent_k4,1.165621280670166,2.638582229614258,2.638582229614258,1.165621280670166,9.059906005859375e-05,69.93727111816406,158.31492614746094,158.31492614746094,60,655.519733671099,0.05939200147986412,e31f9c5e03e6887fe0cd08f9513bd0b6e59c1f3e367e769a76f0b779e69347e3,True
23,4,15,165,recent_k4,6.97225284576416,177.55567932128906,177.55567932128906,6.97225284576416,0.0056304931640625,418.33514404296875,10653.33984375,10653.33984375,60,665.8946531824768,0.05939200147986412,e8a8b69e07b0f6d0c0680d78bf93ae6669f2df385663ef23a8428d6e98a548e2,True
24,4,15,180,recent_k4,13.459198951721191,544.2633056640625,544.2633056640625,13.459198951721191,0.0176544189453125,807.5518798828125,32655.796875,32655.796875,60,655.0179291516542,0.05939200147986412,14b1508ce9aa5ed8e8c270bec209668a1c6855ef8bbe223f79ad5fe489add5d6,True
25,4,15,195,recent_k4,10.859132766723633,333.43878173828125,333.43878173828125,10.859132766723633,0.0106201171875,651.5479125976562,20006.326171875,20006.326171875,60,654.7469021752477,0.058368001133203506,8e74cd6073991e4d3a3e8c4a0d9c66fa0f4dcd34d578758007ac64107b72814f,True
26,4,15,210,recent_k4,22.333322525024414,4793.89208984375,1626.1678466796875,22.333322525024414,0.1490478515625,1339.999267578125,287633.5,97570.0625,60,653.7900697439909,0.060416001826524734,af697e43e33c9645ad42885b3213cb93dab827c24ff1f3b675260dbd39df264c,True
27,4,15,225,recent_k4,11.59394359588623,9737.1123046875,351.1116027832031,11.59394359588623,0.3017578125,695.6365966796875,584226.6875,21066.6953125,60,654.1844671592116,0.05939200147986412,83ea8e8c5e12dd929962d138e887b0acb03287fcd72766e8d4c5830ecd312d6f,True
28,4,3,30,recent_k4,13.06916618347168,342.516357421875,342.516357421875,13.06916618347168,0.01385498046875,784.14990234375,20550.98046875,20550.98046875,60,654.9544599838555,0.05939200147986412,ad43b1b014664f433ad8b33143a25ae5b253ab869db0a38d13f6a954016f8cdd,True
29,4,3,45,recent_k4,20.783817291259766,831.9481811523438,831.9481811523438,20.783817291259766,0.0260162353515625,1247.0289306640625,49916.88671875,49916.88671875,60,654.7094434499741,0.060416001826524734,c80b616c1ef5044ff918ee6d3faf269b099acc0ac9bc19d8c362e5e5d1daaf9a,True
30,4,3,60,recent_k4,7.584405899047852,77.45272064208984,77.45272064208984,7.584405899047852,0.00325775146484375,455.0643310546875,4647.1630859375,4647.1630859375,60,652.771919965744,0.05734400078654289,cc6e3306a0eb52450b0d0353a05009958a3074e7bbacc757683068cf175ceebb,True
31,4,3,75,recent_k4,6.667934894561768,74.68305969238281,74.68305969238281,6.667934894561768,0.002475738525390625,400.0760803222656,4480.9833984375,4480.9833984375,60,648.6222171224654,0.06143999844789505,0dc22dfada0ecf7b8edbaeacdadd364379b7df6e51cce510ec4a14c128275e26,True
32,4,3,90,recent_k4,2.7663581371307373,14.522444725036621,14.522444725036621,2.7663581371307373,0.0005769729614257812,165.98147583007812,871.3466186523438,871.3466186523438,60,607.3594479821622,0.05734400078654289,1eaa27728ed90cd8b954cd9f1c91d861acd5e1bfa8da7ff792a3c833f8e9c3d3,True
33,4,3,105,recent_k4,4.808399677276611,53.47410583496094,53.47410583496094,4.808399677276611,0.0018100738525390625,288.50396728515625,3208.4462890625,3208.4462890625,60,605.8752513490617,0.055296000093221664,0fb7db01da37ee2535e3039d3a279e5ec7e09e6eb8d75191e3229e44c6e89eeb,True
34,4,3,120,recent_k4,3.4597108364105225,32.639827728271484,32.639827728271484,3.4597108364105225,0.001598358154296875,207.5826416015625,1958.3896484375,1958.3896484375,60,626.543281134218,0.05734400078654289,12ce030980075977bd69546d7c34b3eb797443944486ed2c1704852d94786142,True
35,4,3,135,recent_k4,11.735843658447266,221.24961853027344,221.24961853027344,11.735843658447266,0.00861358642578125,704.1505737304688,13274.9765625,13274.9765625,60,647.1265498548746,0.05939200147986412,35f93d2af01dda9d82515b13f4e8c85e0d48d65e1940ff98b66bda6ae0515383,True
36,4,3,150,recent_k4,11.598259925842285,263.2625732421875,263.2625732421875,11.598259925842285,0.0084686279296875,695.8955688476562,15795.75390625,15795.75390625,60,650.1921927556396,0.060416001826524734,01bf74ae37113d11fc4fad072db3256f5770ab0905050ca72af56933e51b8842,True
37,4,3,165,recent_k4,14.057879447937012,345.0098876953125,345.0098876953125,14.057879447937012,0.01448822021484375,843.4727172851562,20700.591796875,20700.591796875,60,652.6858918368816,0.05939200147986412,94ee11c35eb2cc3a161c317838c6a21695a09b7d24e0dff3c632f5a3f46bc9c6,True
38,4,3,180,recent_k4,6.868603229522705,138.37547302246094,138.37547302246094,6.868603229522705,0.004421234130859375,412.1161804199219,8302.5283203125,8302.5283203125,60,653.7063331343234,0.07168000191450119,2261e1fed099fdfc9fad48c4c67146175afba1cd7af08d6b3ee2f407029c5d99,True
39,4,3,195,recent_k4,5.046106338500977,52.813194274902344,52.813194274902344,5.046106338500977,0.00177001953125,302.766357421875,3168.79150390625,3168.79150390625,60,654.0884403511882,0.060416001826524734,48937ad31be84300f531c10ffeeef2ba673c9e1caae9aa3abb07c17c8f1da5d1,True
40,4,3,210,recent_k4,1.4827512502670288,3.456578016281128,3.456578016281128,1.4827512502670288,0.00022852420806884766,88.96507263183594,207.39466857910156,207.39466857910156,60,653.8205519318581,0.060416001826524734,a70fe0fdc978a1ea5616d3a19462ed1f82ed91095f3cb51a70d8a6501fb611a9,True
41,4,3,225,recent_k4,3.2885212898254395,12.84408187866211,12.84408187866211,3.2885212898254395,0.0007719993591308594,197.31126403808594,770.6448974609375,770.6448974609375,60,654.9810320138931,0.07372800260782242,33176305ecbd4b343f12229d1b9df0ce44fa7dc340534f4ef27c562e5b10e7e8,True
42,4,35,30,recent_k4,9.396074295043945,135.74853515625,135.74853515625,9.396074295043945,0.00540924072265625,563.764404296875,8144.91162109375,8144.91162109375,60,654.6080852858722,0.05939200147986412,a329691f75f1bb1dc78a4184ed5a8eb39a008091429f0ed63f8278adbcb6e9bb,True
43,4,35,45,recent_k4,6.721164226531982,61.3056755065918,61.3056755065918,6.721164226531982,0.0023365020751953125,403.26983642578125,3678.34033203125,3678.34033203125,60,654.825643170625,0.060416001826524734,60826f7b5ba43a586f30c424546769bb28bb66e8552d30393ca085575a692e5a,True
44,4,35,60,recent_k4,3.6656274795532227,24.8785400390625,24.8785400390625,3.6656274795532227,0.000946044921875,219.93763732910156,1492.7122802734375,1492.7122802734375,60,654.379216954112,0.06038400158286095,1c728bd8e2b85c295c7bd150dd6e6c845272f9ed15f1c0c3896d89187341dea9,True
45,4,35,75,recent_k4,2.5268454551696777,13.024248123168945,13.024248123168945,2.5268454551696777,0.0004887580871582031,151.6107177734375,781.454833984375,781.454833984375,60,649.6139289811254,0.060416001826524734,aca9fe8f8110307b3b2c3383a6cffa6e3d90f9078564f8ed9508a66c8bca5cc8,True
46,4,35,90,recent_k4,2.8391945362091064,39.976768493652344,39.976768493652344,2.8391945362091064,0.0013217926025390625,170.35166931152344,2398.60595703125,2398.60595703125,60,611.4992536604404,0.060447998344898224,cebb775be1ebd0e2fd9c7ab082b4e97dae2ee2dfaab8c08321a85abd378e131a,True
47,4,35,105,recent_k4,5.991045951843262,66.02044677734375,66.02044677734375,5.991045951843262,0.00267791748046875,359.4627380371094,3961.2265625,3961.2265625,60,610.98726792261,0.05632000043988228,da2db9bf72785d8928e71b8e426471f3842d2bdaf919404480b0fee6fc210531,True
48,4,35,120,recent_k4,6.542792320251465,66.84144592285156,66.84144592285156,6.542792320251465,0.0034923553466796875,392.5675048828125,4010.486572265625,4010.486572265625,60,610.5225123465061,0.055296000093221664,b928a6babd0b0056d7d7e31bc15e12e264119ded044dcb688a2a522b4e80467f,True
49,4,35,135,recent_k4,3.377959728240967,27.539762496948242,27.539762496948242,3.377959728240967,0.0009665489196777344,202.6775665283203,1652.3856201171875,1652.3856201171875,60,610.7154008932412,0.055296000093221664,d72e0f5729563f54ff71acbf9a114a192c22486cb159f7f0a31eede48bbb9567,True
50,4,35,150,recent_k4,4.242789268493652,31.053865432739258,31.053865432739258,4.242789268493652,0.0013647079467773438,254.5673370361328,1863.2318115234375,1863.2318115234375,60,611.7403223179281,0.07065600156784058,09496dc810c384f304378aeed7fabbce430019310bc40c563027a471c8236135,True
51,4,35,165,recent_k4,13.314362525939941,359.9748840332031,359.9748840332031,13.314362525939941,0.01299285888671875,798.8616943359375,21598.4921875,21598.4921875,60,610.8737387694418,0.055296000093221664,d7897c517925e0c965f465dda525b51ad479ba0b56df906968ba668c7a10c3fd,True
52,4,35,180,recent_k4,22.470279693603516,1397.9774169921875,1397.9774169921875,22.470279693603516,0.04669189453125,1348.2166748046875,83878.640625,83878.640625,60,611.4401239901781,0.05939200147986412,6860ddb2d4532038a61b85e15d3499cf4b359363ebcd25da5366f5112a184cbc,True
53,4,35,195,recent_k4,5.625539302825928,50.99531173706055,50.99531173706055,5.625539302825928,0.001903533935546875,337.5323486328125,3059.718505859375,3059.718505859375,60,611.0191876068711,0.05632000043988228,aded5bbc5bbca0048f686aba3b4a7e2f1d948e44aa8620435a2d3b69a1bad1b3,True
54,4,35,210,recent_k4,2.9305639266967773,12.080162048339844,12.080162048339844,2.9305639266967773,0.0006318092346191406,175.83383178710938,724.8096923828125,724.8096923828125,60,610.3926640935242,0.05632000043988228,a7c73acdb15d3adc36472d668bd04ee4d439098338c9d8bfaf59890e9709dbc3,True
55,4,35,225,recent_k4,4.04067850112915,53.81123352050781,53.81123352050781,4.04067850112915,0.0017557144165039062,242.44068908691406,3228.673828125,3228.673828125,60,610.9197502955794,0.055296000093221664,ea66890c7848441dbe5db94bc24cfeba6a39611ab9c064683efbe7cc16dc517c,True
56,4,48,30,recent_k4,5.794836521148682,74.71566009521484,74.71566009521484,5.794836521148682,0.00318145751953125,347.690185546875,4482.939453125,4482.939453125,60,612.3173977248371,0.055296000093221664,ad7bc9a7570ae56052eb23f57cff2670f3bad8abd434e68e0d3769876f89c945,True
57,4,48,45,recent_k4,14.944936752319336,502.6039123535156,502.6039123535156,14.944936752319336,0.0169219970703125,896.6961669921875,30156.232421875,30156.232421875,60,611.1447578296065,0.0655359998345375,f4b746e55b4403a21800379a0eeb9876cedab48c2b018f650b85bdb24f7752ee,True
58,4,48,60,recent_k4,13.577698707580566,453.6357727050781,453.6357727050781,13.577698707580566,0.0146331787109375,814.661865234375,27218.14453125,27218.14453125,60,611.5245250985026,0.05632000043988228,0c728b9ee31033a2e7bc132d4eba776884b4fae758ee98c42631fd454aafc183,True
59,4,48,75,recent_k4,5.1440300941467285,68.59444427490234,68.59444427490234,5.1440300941467285,0.002208709716796875,308.64178466796875,4115.66650390625,4115.66650390625,60,610.7123419642448,0.05734400078654289,29a2c95c611c4357dcd6ed1957328cb8dc6663f56d9d0d1418ae8b3afc2a782d,True
60,4,48,90,recent_k4,5.276566028594971,43.30989074707031,43.30989074707031,5.276566028594971,0.0021228790283203125,316.59393310546875,2598.59326171875,2598.59326171875,60,610.1902658119798,0.05632000043988228,9f6b1822906311837b10bc723613b3e3f695bfffdae4d65ae392f0185955ffd1,True
61,4,48,105,recent_k4,7.740426540374756,138.58828735351562,138.58828735351562,7.740426540374756,0.004993438720703125,464.4255676269531,8315.296875,8315.296875,60,610.2473358623683,0.05632000043988228,923e8d3f87a2d9e794dc494caa745f45bd4f57c9122ac0d835cde6411e488b0e,True
62,4,48,120,recent_k4,27.49271011352539,1731.046142578125,1731.046142578125,27.49271011352539,0.056793212890625,1649.5625,103862.765625,103862.765625,60,610.6149330735207,0.05632000043988228,24a25e3cc88300b50b3dc16c8f19154ebbc6035741b5e55c2600d981e78cf8d8,True
63,4,48,135,recent_k4,24.28891372680664,1203.377685546875,1203.377685546875,24.28891372680664,0.03765869140625,1457.334716796875,72202.65625,72202.65625,60,610.4155238717794,0.05734400078654289,c1dc1d951bc6cbcc0fec9426c4b5007f83086711003dae46a24163a3a31db8d7,True
64,4,48,150,recent_k4,12.289262771606445,252.8856964111328,252.8856964111328,12.289262771606445,0.01416015625,737.355712890625,15173.140625,15173.140625,60,611.488435883075,0.055296000093221664,965c966ff408d05456bceae4b0c535e2353b1a2346c49e4bd209dbbc2c4aa93b,True
65,4,48,165,recent_k4,7.588669300079346,75.14564514160156,75.14564514160156,7.588669300079346,0.0030345916748046875,455.32012939453125,4508.73828125,4508.73828125,60,610.9740599058568,0.05632000043988228,6d825e13b5677972aee0074cd8d41c712c035b4371185550cc8813c3dc08b0a3,True
66,4,48,180,recent_k4,10.185169219970703,293.0907287597656,293.0907287597656,10.185169219970703,0.0108642578125,611.110107421875,17585.443359375,17585.443359375,60,610.7793715782464,0.05734400078654289,e1b71e7e47c16741ae794d1ef4588e994101944bbb75bc29c1c3a0f2ee094ffe,True
67,4,48,195,recent_k4,14.069228172302246,508.90264892578125,508.90264892578125,14.069228172302246,0.0159149169921875,844.1536254882812,30534.158203125,30534.158203125,60,610.8828210271895,0.05632000043988228,ce704b3110b5fbdf65219a62d67332b82f818af824681b18c88a4162bacb0f05,True
68,4,48,210,recent_k4,13.067665100097656,407.49560546875,407.49560546875,13.067665100097656,0.0132598876953125,784.0598754882812,24449.734375,24449.734375,60,610.8946409076452,0.05632000043988228,7f5b70f64d76d6f62ac0fba740dddcad5687dc10c431e9de205f4e32b063b291,True
69,4,48,225,recent_k4,16.053024291992188,468.3140869140625,468.3140869140625,16.053024291992188,0.01702880859375,963.181396484375,28098.84375,28098.84375,60,610.7609318569303,0.05632000043988228,a17a8fdd42a4817a1a14e1444f8f807cebaa1db165c14a149d253a3907aa55ff,True
70,4,22,30,recent_k4,3.4620840549468994,19.37211036682129,19.37211036682129,3.4620840549468994,0.0011644363403320312,207.72503662109375,1162.3265380859375,1162.3265380859375,60,611.9890119880438,0.06656000018119812,abf1ed3fc6100a53dc9baf5b16207559376a124f133cca10d408b4b425de1618,True
71,4,22,45,recent_k4,4.540085792541504,22.747196197509766,22.747196197509766,4.540085792541504,0.0014591217041015625,272.4051208496094,1364.8316650390625,1364.8316650390625,60,610.829892102629,0.05734400078654289,b24feef35307f4b022e04745102c86eb3025aa94d079b0cb9a18b88a74f9b1a8,True
72,4,22,60,recent_k4,1.9938403367996216,12.042469024658203,12.042469024658203,1.9938403367996216,0.0003833770751953125,119.63041687011719,722.548095703125,722.548095703125,60,610.8603421598673,0.05632000043988228,927279f29658a4f7092932755ededbccf4968fed4bf44ab034371e521f875778,True
73,4,22,75,recent_k4,2.5978031158447266,13.747818946838379,13.747818946838379,2.5978031158447266,0.00043964385986328125,155.86817932128906,824.8690795898438,824.8690795898438,60,610.7757529243827,0.05632000043988228,aaf87842fbc7baeac170b36a6b24c183b480cf024ab4853dc142565ad471d34a,True
74,4,22,90,recent_k4,3.6148838996887207,70.1601333618164,70.1601333618164,3.6148838996887207,0.0021953582763671875,216.8930206298828,4209.60791015625,4209.60791015625,60,611.2380889244378,0.05632000043988228,87cf58359f61cfcbb335db5c2e70e0a4391eb1143dd80970febc593f42f06629,True
75,4,22,105,recent_k4,4.2801103591918945,63.481082916259766,63.481082916259766,4.2801103591918945,0.0019989013671875,256.8066101074219,3808.86474609375,3808.86474609375,60,621.5154500678182,0.055296000093221664,6bcff6f44f22ef84549af219c5287cb0107b11f156b972e35efb1d0e1e53c2b7,True
76,4,22,120,recent_k4,2.29679799079895,8.783209800720215,8.783209800720215,2.29679799079895,0.0004115104675292969,137.80787658691406,526.9925537109375,526.9925537109375,60,610.5625950731337,0.055296000093221664,738b6200d8eae6d9146a87dc90f2e9e0b5d0c0740c7d208e2487a4e7540ea7fc,True
77,4,22,135,recent_k4,1.9198057651519775,7.358935356140137,7.358935356140137,1.9198057651519775,0.00023865699768066406,115.18833923339844,441.5361022949219,441.5361022949219,60,610.79589324072,0.05632000043988228,ffbe6b0768677fb2294534c9af223d6b53acb7db560f11150ab8de751b9604d0,True
78,4,22,150,recent_k4,1.368143081665039,3.952960252761841,3.952960252761841,1.368143081665039,0.0001761913299560547,82.08857727050781,237.17759704589844,237.17759704589844,60,610.4088760912418,0.05632000043988228,69dbe29f44fa2cb473a226bdc88ee7be472a2d41a54db3220b306f01a22c5812,True
79,4,22,165,recent_k4,10.634017944335938,308.0099182128906,308.0099182128906,10.634017944335938,0.01000213623046875,638.041015625,18480.59375,18480.59375,60,609.2761871404946,0.05632000043988228,3e7a588c16f4b51b8e40b0f3dc87a3f693579cec23ecf4374e3b24572f0b6ad6,True
80,4,22,180,recent_k4,16.7922306060791,912.44482421875,912.44482421875,16.7922306060791,0.0289459228515625,1007.5338134765625,54746.6875,54746.6875,60,610.0442400202155,0.05632000043988228,a1bd77370824931f299eeba59c1fa422a410170a15d41daec0d5d949268de378,True
81,4,22,195,recent_k4,3.7699968814849854,17.720172882080078,17.720172882080078,3.7699968814849854,0.0007843971252441406,226.19979858398438,1063.2103271484375,1063.2103271484375,60,609.0718591585755,0.05737600103020668,28d66b4e0bda24e7c2f8ff05b9fb25f37b4012860901be070c71fa518fb72dc1,True
82,4,22,210,recent_k4,5.698603630065918,44.18551254272461,44.18551254272461,5.698603630065918,0.00173187255859375,341.91619873046875,2651.130615234375,2651.130615234375,60,608.6702523753047,0.06348799914121628,0c10f5660698c6356da9e652a6d891109eebab75b4a5fbf63ef084de7954c96e,True
83,4,22,225,recent_k4,4.999955177307129,100.45413208007812,100.45413208007812,4.999955177307129,0.0031566619873046875,299.9972839355469,6027.24755859375,6027.24755859375,60,608.9587300084531,0.055296000093221664,2e43c774e9204d0d6e0f84412d43670fd261ee5ba0633e297204d5421b6ff9c2,True
84,4,55,30,recent_k4,9.74789047241211,162.62696838378906,162.62696838378906,9.74789047241211,0.0060272216796875,584.8734130859375,9757.6171875,9757.6171875,60,609.1647176072001,0.05734400078654289,66aa495c53cdf3cf08fc4d5c7a80cf534ea155bab2c4ecc2e52964076d47280b,True
85,4,55,45,recent_k4,8.5709867477417,102.86320495605469,102.86320495605469,8.5709867477417,0.0034236907958984375,514.2591552734375,6171.7919921875,6171.7919921875,60,610.4946970008314,0.055296000093221664,ab5c6e79cb92310066ed8fdbf0caf3715d593a012fc148e72248b39b952b40a6,True
86,4,55,60,recent_k4,6.713253021240234,123.58313751220703,123.58313751220703,6.713253021240234,0.004215240478515625,402.795166015625,7414.98779296875,7414.98779296875,60,609.7511029802263,0.05939200147986412,ce3a33550e8ee27ac2ce26e8016398a697ed9488f7126f3a363dd471a48aa493,True
87,4,55,75,recent_k4,11.829216957092285,462.80419921875,462.80419921875,11.829216957092285,0.01444244384765625,709.7529907226562,27768.25,27768.25,60,610.0596613250673,0.060416001826524734,b7266fa50a15a15a2c43d4e6ca1ce0b939e2a53652a8b89173087d776436c999,True
88,4,55,90,recent_k4,7.025141716003418,105.87178039550781,105.87178039550781,7.025141716003418,0.0033588409423828125,421.50848388671875,6352.306640625,6352.306640625,60,609.5105959102511,0.058368001133203506,8ecc8ab2c745cb4a2d8d0b9e63a24bc5d500ea181f9961320ec413382ae5ea72,True
89,4,55,105,recent_k4,3.6011364459991455,38.44633865356445,38.44633865356445,3.6011364459991455,0.0012273788452148438,216.06817626953125,2306.7802734375,2306.7802734375,60,608.5534538142383,0.055296000093221664,385e13c3e9f68d3aba91c8253b0ef1d897da7cfeebff0e16a397474d69a3d41d,True
90,4,55,120,recent_k4,2.2353618144989014,13.04146957397461,13.04146957397461,2.2353618144989014,0.00042176246643066406,134.1217041015625,782.4881591796875,782.4881591796875,60,609.5458860509098,0.055296000093221664,2e650a66817a7368b36de51a3aa5e1b802f838ccd1a42ce4f9fd73af864f543a,True
91,4,55,135,recent_k4,7.004074573516846,63.486698150634766,63.486698150634766,7.004074573516846,0.0022754669189453125,420.24444580078125,3809.20166015625,3809.20166015625,60,609.1925189830363,0.05734400078654289,7bc54828418399e5a48d99f0f0cbce6223e64eefa0e5a9253c90b86d2b68454f,True
92,4,55,150,recent_k4,14.377854347229004,584.6796264648438,584.6796264648438,14.377854347229004,0.0188140869140625,862.6712036132812,35080.77734375,35080.77734375,60,609.0827900916338,0.055296000093221664,9086d838055e676073bfc60f7312634cf2d1e63d3979452a620ec89848408bce,True
93,4,55,165,recent_k4,37.1434440612793,3604.000244140625,3012.06884765625,37.1434440612793,0.11572265625,2228.6064453125,216240.0,180724.125,60,608.9544207789004,0.06451199948787689,375905e2f4a6ecb0dc585b00886bc284dea6dfc4cb84d9d489705ac611d27416,True
94,4,55,180,recent_k4,19.154001235961914,8994.689453125,990.9275512695312,19.154001235961914,0.280029296875,1149.239990234375,539681.3125,59455.6484375,60,609.3361168168485,0.055296000093221664,7b792aea5b3406df3d4b2ec6e508f834925ee72da113717db422b2f0679902fc,True
95,4,55,195,recent_k4,64.04167175292969,11826.3447265625,9601.6044921875,64.04167175292969,0.374755859375,3842.500244140625,709580.625,576096.25,60,609.8101837560534,0.05734400078654289,209af16e4e1147b26426419ff7642bb812be12333f4d3d5505bd78aa2fb84ccc,True
96,4,55,210,recent_k4,41.08928680419922,9392.369140625,4905.189453125,41.08928680419922,0.293701171875,2465.357177734375,563542.125,294311.34375,60,609.7204741090536,0.05532800033688545,a93c69da6453607a5b7d9294383708c12bf8b299003a22d581f586d9c1091598,True
97,4,55,225,recent_k4,25.137855529785156,3623.64501953125,1787.53173828125,25.137855529785156,0.11358642578125,1508.271240234375,217418.6875,107251.8984375,60,609.3137478455901,0.055296000093221664,821c6a92ca9096b2811fbbfe5756f8de429ab51c676cf201c55ed907f6242868,True
98,4,4,30,recent_k4,19.090801239013672,9144.365234375,1533.205810546875,19.090801239013672,0.282470703125,1145.447998046875,548661.875,91992.34375,60,609.3254177831113,0.055296000093221664,f765402c68e0c7a50d20e5b5f1cbe63856a479beeb4cdb5bff5bf40ebc7c4c1a,True
99,4,4,45,recent_k4,52.3526725769043,6920.87744140625,6920.87744140625,52.3526725769043,0.2139892578125,3141.16015625,415252.625,415252.625,60,651.4313803054392,0.055296000093221664,ffa11b965f197752bfd2d6b4912f104fc1204e4a4a7943271524a0d552872208,True
100,4,4,60,recent_k4,10.641599655151367,255.89212036132812,255.89212036132812,10.641599655151367,0.00821685791015625,638.4959716796875,15353.5263671875,15353.5263671875,60,609.9120238795877,0.058368001133203506,34638db6b3580d4ff83c3ba8c7bb6f677238aa2a1e46743fb3e1cf9aa30654b7,True
101,4,4,75,recent_k4,9.85114574432373,225.58860778808594,225.58860778808594,9.85114574432373,0.006977081298828125,591.0687255859375,13535.3154296875,13535.3154296875,60,608.6195739917457,0.058368001133203506,d4e588999dc23a1e8a5ade168fe9cdbc30ceac3c11f1802648b73be72d5d9a5d,True
102,4,4,90,recent_k4,8.96609878540039,201.01271057128906,201.01271057128906,8.96609878540039,0.006443023681640625,537.9658813476562,12060.76171875,12060.76171875,60,609.2094900086522,0.05632000043988228,cb403519552c6ce70d397ae6af56e2c6aae007f68cc589ab537d3d5612817574,True
103,4,4,105,recent_k4,8.779372215270996,140.22425842285156,140.22425842285156,8.779372215270996,0.0044403076171875,526.7623291015625,8413.455078125,8413.455078125,60,609.7664451226592,0.055296000093221664,47aea8ae23acfa4e9af4fd5138e4660338c42edf89015e792c6835911869e410,True
104,4,4,120,recent_k4,7.688239097595215,165.3155975341797,165.3155975341797,7.688239097595215,0.005374908447265625,461.2943115234375,9918.935546875,9918.935546875,60,612.5412108376622,0.05632000043988228,d391699f8a9960bd55021a29af35abab9e612141dd972b43cfbc482f52998c0a,True
105,4,4,135,recent_k4,8.53952407836914,194.39437866210938,194.39437866210938,8.53952407836914,0.00635528564453125,512.3713989257812,11663.662109375,11663.662109375,60,640.8648630604148,0.060416001826524734,b520c97d62f9e1b557c0cc89d82d3d213557755003adaa44d71177a9cd4d5813,True
106,4,4,150,recent_k4,12.115691184997559,481.1376647949219,481.1376647949219,12.115691184997559,0.01507568359375,726.94140625,28868.2578125,28868.2578125,60,652.5093717500567,0.06758400052785873,b81b77c48315b77596289bb17787700b024bb113be1d5702000781b86e1142a4,True
107,4,4,165,recent_k4,10.163783073425293,208.25502014160156,208.25502014160156,10.163783073425293,0.006740570068359375,609.8269653320312,12495.30078125,12495.30078125,60,652.8918980620801,0.060416001826524734,91ea012a73edbd479be1e96e3dc32159ce74c674f257349f3c62346107e857bd,True
108,4,4,180,recent_k4,11.079730033874512,1343.075439453125,401.6153869628906,11.079730033874512,0.04156494140625,664.7837524414062,80584.5234375,24096.921875,60,653.1069567427039,0.06143999844789505,161072f524956cff3d0823e54c960c714f268a1dd12d50f93645ed5431f44f75,True
109,4,4,195,recent_k4,37.00239562988281,10329.744140625,4509.462890625,37.00239562988281,0.319580078125,2220.1435546875,619784.625,270567.75,60,653.397373855114,0.060416001826524734,c1d9e1b769fdddb9339618107357fe0649fd0cb596155c51f9755039730f1ed0,True
110,4,4,210,recent_k4,21.67091941833496,11305.98046875,1906.9482421875,21.67091941833496,0.34912109375,1300.255126953125,678358.8125,114416.890625,60,623.7258040346205,0.060416001826524734,f6a37f6f1de4d91eb4c495feb253cd4d07834becac8db72240cfd5409380a0e0,True
111,4,4,225,recent_k4,11.88416576385498,361.2209167480469,361.2209167480469,11.88416576385498,0.01158905029296875,713.0499267578125,21673.25390625,21673.25390625,60,625.3233798779547,0.06451199948787689,fc2700accda0f86b519a2403216d3a01cdb2c75225541815ca138d7c0db1167e,True
112,4,45,30,recent_k4,11.910909652709961,229.61988830566406,229.61988830566406,11.910909652709961,0.007793426513671875,714.654541015625,13777.1923828125,13777.1923828125,60,654.7216819599271,0.062463998794555664,2757502a2be1dcff235ec7bbbf24df9d48107d8aeae3cd4c1b1d0d3a34db7fc7,True
113,4,45,45,recent_k4,10.80528450012207,295.9705810546875,295.9705810546875,10.80528450012207,0.0092926025390625,648.3170166015625,17758.234375,17758.234375,60,656.2053402885795,0.05939200147986412,e0aac5eee01f2898508d68ec9c0772cfecfd9dc0413aa783eea72609f291d76e,True
114,4,45,60,recent_k4,9.48816204071045,211.214111328125,211.214111328125,9.48816204071045,0.006626129150390625,569.2896728515625,12672.845703125,12672.845703125,60,655.2615291438997,0.06656000018119812,2563ba9c25f831eed8833c314ab2f21fe0d7893c01e74042e4d10bc1a553ffbc,True
115,4,45,75,recent_k4,22.378509521484375,2109.836669921875,2109.836669921875,22.378509521484375,0.06622314453125,1342.71044921875,126590.1953125,126590.1953125,60,655.1271486096084,0.062463998794555664,7411d4ce485b39697157e54a14aae51fbba5a1bae46fa58c77d9c7d4b63ebbf7,True
116,4,45,90,recent_k4,42.44916534423828,4753.75927734375,4753.75927734375,42.44916534423828,0.1480712890625,2546.94970703125,285225.53125,285225.53125,60,660.7214109972119,0.060416001826524734,381356051aec31115678e20bef89a8d51324e42a7d3ceb474a17de1bd65c2328,True
117,4,45,105,recent_k4,4.188902854919434,36.3347053527832,36.3347053527832,4.188902854919434,0.0012683868408203125,251.33416748046875,2180.082275390625,2180.082275390625,60,659.5090022310615,0.07065600156784058,c5557f9400a35626fbe45cd25d4f23a1574337a4fa005dfd8c3f9a473aef3acf,True
118,4,45,120,recent_k4,1.6187803745269775,4.156440258026123,4.156440258026123,1.6187803745269775,0.00014412403106689453,97.12681579589844,249.3863983154297,249.3863983154297,60,656.6141969524324,0.08396799862384796,f86a44708ca4acab718455d7bea509f78ec2304af74ae4be33d6d492a9998935,True
119,4,45,135,recent_k4,1.4060149192810059,3.198378324508667,3.198378324508667,1.4060149192810059,0.00010758638381958008,84.36089324951172,191.90269470214844,191.90269470214844,60,656.5102781169116,0.05939200147986412,ae72e6e52989eeef8589a150d3355d6c79216b09b000825491c67a88b7035826,True
120,4,45,150,recent_k4,1.3047231435775757,2.709433078765869,2.709433078765869,1.3047231435775757,9.059906005859375e-05,78.28338623046875,162.56597900390625,162.56597900390625,60,656.1014018952847,0.05734400078654289,558327e7c9f287ab90306513cbe3615df54eb9e1db7c79e30ae8e4d85bc7a275,True
121,4,45,165,recent_k4,3.2199461460113525,31.9522762298584,31.9522762298584,3.2199461460113525,0.0010843276977539062,193.19676208496094,1917.136474609375,1917.136474609375,60,656.6574471071362,0.058368001133203506,971b983a9d2ec8e45f34e52592fc664fd319a22ec2151b8d667aa7457edf8cfb,True
122,4,45,180,recent_k4,9.858868598937988,267.3195495605469,267.3195495605469,9.858868598937988,0.008331298828125,591.5321044921875,16039.171875,16039.171875,60,655.2069997414947,0.05939200147986412,afcdadab807ca9ca36f815b40d8a7018f8d29e44ee4b9f857ebda118e2b52205,True
123,4,45,195,recent_k4,4.305880069732666,43.16510772705078,43.16510772705078,4.305880069732666,0.0014238357543945312,258.352783203125,2589.90625,2589.90625,60,656.3025009818375,0.05939200147986412,3e244da259da49320a09eb455a400b0eb7bdaef5347ab490008ea68cf156ce4c,True
124,4,45,210,recent_k4,6.524695873260498,97.82140350341797,97.82140350341797,6.524695873260498,0.0030803680419921875,391.4817199707031,5869.28369140625,5869.28369140625,60,654.7678438946605,0.0655359998345375,63b8029c413cd344b57c6fe0add5b100a5f0b0b58b393a6cceb00760ff15ecd9,True
125,4,45,225,recent_k4,6.353528022766113,102.17438507080078,102.17438507080078,6.353528022766113,0.0031909942626953125,381.211669921875,6130.462890625,6130.462890625,60,654.9486918374896,0.060416001826524734,11cf525ac4e133823dced895f1c1d9bd1cea5aea34c714e465fda1c00f6e23a2,True
126,4,60,30,recent_k4,9.347898483276367,209.986572265625,209.986572265625,9.347898483276367,0.006591796875,560.8739013671875,12599.193359375,12599.193359375,60,670.7263342104852,0.06860800087451935,929772545939f7a41b7335023d70b5ba9da7f25b237d0f642461f5125821eef7,True
127,4,60,45,recent_k4,13.134841918945312,343.1418151855469,343.1418151855469,13.134841918945312,0.0107879638671875,788.0904541015625,20588.5078125,20588.5078125,60,654.466605745256,0.06860800087451935,0f3e52dfa3dbec0a258e8b0646dbe92f015cef5e1d9703e76c6a41622c648bd6,True
128,4,60,60,recent_k4,5.415295600891113,74.33787536621094,74.33787536621094,5.415295600891113,0.0023059844970703125,324.917724609375,4460.2724609375,4460.2724609375,60,657.1647739037871,0.060416001826524734,79c06d559e9a458388cfd019f56c431bed0f95e32bee9ae5f3b3cad8298eaf78,True
129,4,60,75,recent_k4,9.575279235839844,220.86094665527344,220.86094665527344,9.575279235839844,0.00691986083984375,574.5167236328125,13251.65625,13251.65625,60,665.4936908744276,0.06038400158286095,5d3cae648ea546c31994ae0fc0cf2134d493020ca454244bfd9c28108a77f257,True
130,4,60,90,recent_k4,7.066520690917969,109.93485260009766,109.93485260009766,7.066520690917969,0.0035190582275390625,423.9912109375,6596.0908203125,6596.0908203125,60,666.1320249550045,0.058400001376867294,68f09f0a05e52dfa89c7b047d9f6d66119d1e6d1b3c1d25d43b60ed345e14e63,True
131,4,60,105,recent_k4,7.024669170379639,162.01687622070312,162.01687622070312,7.024669170379639,0.005092620849609375,421.4801330566406,9721.01171875,9721.01171875,60,666.1062561906874,0.060416001826524734,39926250083e7edc17c69dc79ff69023cb4c78e0536dfc422b55726f8721fa26,True
132,4,60,120,recent_k4,4.137015342712402,32.16703414916992,32.16703414916992,4.137015342712402,0.0010471343994140625,248.22091674804688,1930.02197265625,1930.02197265625,60,655.4446290247142,0.060416001826524734,c0c15ce86896aad6098d43362e9f7c3af78131242e6198816e50d801716d743e,True
133,4,60,135,recent_k4,4.266284942626953,40.585018157958984,40.585018157958984,4.266284942626953,0.0013284683227539062,255.9770965576172,2435.10107421875,2435.10107421875,60,628.9706309325993,0.0655359998345375,a4ab6cad67d33687879044a6b8bb3f55a1bb1a6e5a5e42d7de53c23c2ef9937c,True
134,4,60,150,recent_k4,4.13120698928833,40.050941467285156,40.050941467285156,4.13120698928833,0.0012874603271484375,247.87240600585938,2403.056396484375,2403.056396484375,60,676.991431042552,0.05734400078654289,60018dfc9ee4a580097078bf7874200a884a8e84d6efdc3e6061a846cfe4040f,True
135,4,60,165,recent_k4,8.787376403808594,162.3430938720703,162.3430938720703,8.787376403808594,0.005138397216796875,527.2425537109375,9740.5849609375,9740.5849609375,60,618.1885451078415,0.06451199948787689,9cda213ab456a86ab51589d8d889209ebb8bf3ce092ca4be42769aa5a039460f,True
136,4,60,180,recent_k4,21.939502716064453,1224.08154296875,1224.08154296875,21.939502716064453,0.038055419921875,1316.3701171875,73444.890625,73444.890625,60,611.7301611229777,0.05427199974656105,66a2f93a655c8e8524e13a618707a0b764c08c8cba60094e671c2e3468970a7b,True
137,4,60,195,recent_k4,12.313434600830078,332.0979919433594,332.0979919433594,12.313434600830078,0.01030731201171875,738.8060302734375,19925.87890625,19925.87890625,60,608.8971868157387,0.05632000043988228,dabadbf2ad0eb8cf2518f5c70500018e3993a8816e94ddc0ccbd1e0023d4e598,True
138,4,60,210,recent_k4,6.082061767578125,57.59175109863281,57.59175109863281,6.082061767578125,0.0018253326416015625,364.9236755371094,3455.5048828125,3455.5048828125,60,608.9705359190702,0.05734400078654289,859f1cb5dc77199ce21fb99a4db2ffebe34285ba0ac7a21a2be7e57600701b53,True
139,4,60,225,recent_k4,4.059021472930908,53.192352294921875,53.192352294921875,4.059021472930908,0.0016603469848632812,243.54127502441406,3191.541015625,3191.541015625,60,608.3600409328938,0.055296000093221664,e70917bc5ef7307172f70716764094163e565dfd01ad793f60cb8d353c985101,True
140,4,26,30,recent_k4,6.59628963470459,89.84880065917969,89.84880065917969,6.59628963470459,0.0029850006103515625,395.77734375,5390.927734375,5390.927734375,60,602.9405388981104,0.055296000093221664,946e2b89124c6f926eaa49916cf1fbfc06f2600d44ef45b63f4f26913f6681de,True
141,4,26,45,recent_k4,2.367081880569458,8.46080207824707,8.46080207824707,2.367081880569458,0.00027561187744140625,142.02490234375,507.6480712890625,507.6480712890625,60,606.1091707088053,0.055296000093221664,1b3aaa9b730c22a3efa4cefb87faac65235eadf972efbd5b8ef57ca39a1445a5,True
142,4,26,60,recent_k4,2.854685068130493,14.570398330688477,14.570398330688477,2.854685068130493,0.0004992485046386719,171.28109741210938,874.223876953125,874.223876953125,60,604.6509938314557,0.055296000093221664,776cee16888972cb6285109b3e96892b5f3b6e6b0b037861c785fa07b4eeb1e7,True
143,4,26,75,recent_k4,1.3681119680404663,3.3170065879821777,3.3170065879821777,1.3681119680404663,0.00010907649993896484,82.08671569824219,199.0203857421875,199.0203857421875,60,606.0983408242464,0.06348799914121628,d9224af944d13c95779de7706328e430d875fd1afabe788b9facd431b17e193e,True
144,4,26,90,recent_k4,1.5011696815490723,4.0013251304626465,4.0013251304626465,1.5011696815490723,0.0001329183578491211,90.07017517089844,240.07949829101562,240.07949829101562,60,603.6402229219675,0.05632000043988228,a558a2dbbff62415940232741897ab56f2100ff38f3d52cc5070ddc6460a9f10,True
145,4,26,105,recent_k4,2.2382991313934326,7.4287519454956055,7.4287519454956055,2.2382991313934326,0.0002498626708984375,134.29794311523438,445.72509765625,445.72509765625,60,601.2546536512673,0.055296000093221664,c092b0f2163dc400fdaa1703a34608c40b51a059b9f8ffc4b7adfb1b7616d17b,True
146,4,26,120,recent_k4,1.8834744691848755,5.42563009262085,5.42563009262085,1.8834744691848755,0.00017452239990234375,113.00846099853516,325.53778076171875,325.53778076171875,60,607.5840690173209,0.05632000043988228,a2399cf2cdb3b0f1514b700827f9126dfad3644a6030c952e83a90bb51626395,True
147,4,26,135,recent_k4,2.399290084838867,9.890253067016602,9.890253067016602,2.399290084838867,0.0003173351287841797,143.9573974609375,593.4151611328125,593.4151611328125,60,603.7657619453967,0.055296000093221664,9352966c36152aff9cf3195e6105cd91b77640c26013accd311841e5f60e5861,True
148,4,26,150,recent_k4,1.529945731163025,3.719212055206299,3.719212055206299,1.529945731163025,0.00012683868408203125,91.79673767089844,223.1527099609375,223.1527099609375,60,629.9011139199138,0.05628800019621849,7d7aefb7c68854365fb47518e088dacdd094e5e0d11f40588600cd44c317c479,True
149,4,26,165,recent_k4,3.881897211074829,34.46536636352539,34.46536636352539,3.881897211074829,0.0010938644409179688,232.913818359375,2067.921875,2067.921875,60,611.5193152800202,0.0655359998345375,b9c0401f2aeb42890e3505b263f95e381cb7a82f298ffc2a82650230845b0743,True
150,4,26,180,recent_k4,10.700496673583984,480.5276794433594,480.5276794433594,10.700496673583984,0.0149078369140625,642.02978515625,28831.66015625,28831.66015625,60,612.862803041935,0.06451199948787689,f667e91c7b11f73eee8a6f8d6f562140c9cd0a8ca3a6478dbf50e1a61d21d952,True
151,4,26,195,recent_k4,6.853797912597656,122.31249237060547,122.31249237060547,6.853797912597656,0.0038547515869140625,411.22784423828125,7338.7490234375,7338.7490234375,60,629.1540809907019,0.05632000043988228,930351902c8ae65ba07ed0a156ad4c76dce6dace22e124b12219eacb3447bdd8,True
152,4,26,210,recent_k4,17.1389217376709,665.4121704101562,665.4121704101562,17.1389217376709,0.0218048095703125,1028.335205078125,39924.7265625,39924.7265625,60,608.2535930909216,0.0644799992442131,5989cedf4ed9aaae69bdef5079d7aefaa2f7bc2c787da040336e3221d009fc42,True
153,4,26,225,recent_k4,28.843931198120117,5855.25439453125,1531.9730224609375,28.843931198120117,0.182373046875,1730.6357421875,351315.25,91918.375,60,635.5379256419837,0.055296000093221664,aaf754de52710081d21949abf4d9d4acfa955bc60e29c24a84e904636521a81a,True
154,4,21,30,recent_k4,2.15964412689209,6.332778453826904,6.332778453826904,2.15964412689209,0.00021350383758544922,129.57864379882812,379.9666748046875,379.9666748046875,60,621.5771972201765,0.07065600156784058,3c58cb37ad1ff8ba111af4fca64c2ae236d5a658914c54e4c93f8e3dca3f35f5,True
155,4,21,45,recent_k4,2.1071343421936035,6.621251583099365,6.621251583099365,2.1071343421936035,0.000213623046875,126.42805480957031,397.27508544921875,397.27508544921875,60,626.0629179887474,0.0727040022611618,4359834073f4bc8b89799859070f05667bbae407b33a3d7bf05b30e1013dff59,True
156,4,21,60,recent_k4,2.11942195892334,6.524576187133789,6.524576187133789,2.11942195892334,0.00022208690643310547,127.1653060913086,391.47454833984375,391.47454833984375,60,632.0577962324023,0.06758400052785873,d27c319077cf97f9ae1bfb09792d4d935ad5f4dd296df81d7204948b1420e692,True
157,4,21,75,recent_k4,1.735241174697876,4.69788122177124,4.69788122177124,1.735241174697876,0.0001589059829711914,104.11446380615234,281.87286376953125,281.87286376953125,60,625.5304031074047,0.07168000191450119,e07febb9a08e9fe0e80492d4df36810f51ab616604ab81a03c90b93c8a9de619,True
158,4,21,90,recent_k4,1.9487709999084473,5.821288585662842,5.821288585662842,1.9487709999084473,0.00019180774688720703,116.92625427246094,349.27728271484375,349.27728271484375,60,625.5839830264449,0.06451199948787689,a47353b55bf00df40dc4710911ef3689484245cc861dda93da4a325439c1d818,True
159,4,21,105,recent_k4,1.6435885429382324,4.991649627685547,4.991649627685547,1.6435885429382324,0.00016200542449951172,98.61531066894531,299.49896240234375,299.49896240234375,60,608.1332652829587,0.06451199948787689,1f67e4fcb573a57f5bdbb8b36dce4606ba443322cf1b9ec46c35469c3ff8ca27,True
160,4,21,120,recent_k4,1.9390813112258911,5.87629508972168,5.87629508972168,1.9390813112258911,0.00019407272338867188,116.3448715209961,352.57769775390625,352.57769775390625,60,600.7247800007463,0.05523199960589409,2df92dd2396149f65841086a8be3f83c804e50d6059a011359fab6f628c2c7ed,True
161,4,21,135,recent_k4,1.7713505029678345,4.936587810516357,4.936587810516357,1.7713505029678345,0.00016379356384277344,106.28102111816406,296.19525146484375,296.19525146484375,60,605.6360770016909,0.054368000477552414,1197372aea761710cbc37759ede9d5b4ca1cda535364fae662e050e4a51345f6,True
162,4,21,150,recent_k4,1.7881262302398682,5.19949197769165,5.19949197769165,1.7881262302398682,0.000171661376953125,107.28756713867188,311.9695129394531,311.9695129394531,60,621.199200861156,0.055296000093221664,6f44c457c4a94fead69815d5ec38fd71610da75b4d75af506e5af7b19c619249,True
163,4,21,165,recent_k4,5.266449451446533,80.63365936279297,80.63365936279297,5.266449451446533,0.00249481201171875,315.9869384765625,4838.01953125,4838.01953125,60,607.433351688087,0.06451199948787689,8259bac9578cc18135206fa3d2f5b28639630ea7d10c9d688f625e08d4b60476,True
164,4,21,180,recent_k4,5.921281814575195,110.72892761230469,110.72892761230469,5.921281814575195,0.003459930419921875,355.2768859863281,6643.7353515625,6643.7353515625,60,605.1879511214793,0.05430399999022484,cf23432e3c4bb487f1f519474f13cbbcd2cccda0d0f59e1c9f6c24815ca64ab6,True
165,4,21,195,recent_k4,2.9305624961853027,12.81286907196045,12.81286907196045,2.9305624961853027,0.0004177093505859375,175.833740234375,768.7720947265625,768.7720947265625,60,605.1530418917537,0.055296000093221664,d2e16df7ff4ab769d0a8fbccc0e8b17c5ac9b524dd00909d3236f19c442a36e1,True
166,4,21,210,recent_k4,1.936429500579834,6.342336177825928,6.342336177825928,1.936429500579834,0.0002053976058959961,116.18576049804688,380.5401611328125,380.5401611328125,60,605.9271357953548,0.055296000093221664,3cdddfa6c9649d545fee5857763bb8053eb4410bca413d8a7214650e7d48b46a,True
167,4,21,225,recent_k4,1.882547378540039,6.226284503936768,6.226284503936768,1.882547378540039,0.00020313262939453125,112.95283508300781,373.5770568847656,373.5770568847656,60,627.3220190778375,0.055296000093221664,2aa551c53efb54251068c2593ed98016a4b58ef38822d9dfae63e54bc2c3cafe,True
168,4,44,30,recent_k4,8.329915046691895,125.21648406982422,125.21648406982422,8.329915046691895,0.005580902099609375,499.7948913574219,7512.98876953125,7512.98876953125,60,690.107140224427,0.0644799992442131,b6e9a5e47ee87a24a4ec737ffbde13fcbc07e9e8842781635810f1e1578f8e61,True
169,4,44,45,recent_k4,6.349128723144531,73.66976928710938,73.66976928710938,6.349128723144531,0.0026988983154296875,380.94769287109375,4420.18603515625,4420.18603515625,60,677.9041369445622,0.06143999844789505,8c3d09a72f4198287d7e41b2ba96f66255121b7bca6ad4465a15419e43e60ba6,True
170,4,44,60,recent_k4,5.528968811035156,76.17607879638672,76.17607879638672,5.528968811035156,0.0023822784423828125,331.73809814453125,4570.564453125,4570.564453125,60,635.0178020074964,0.06860800087451935,88791b70f58b4dba5a3f3cab04ccc1ee778865c40c0dee9d6df80a098c9895f6,True
171,4,44,75,recent_k4,3.9462125301361084,42.42446517944336,42.42446517944336,3.9462125301361084,0.00182342529296875,236.77273559570312,2545.4677734375,2545.4677734375,60,616.8623100966215,0.062463998794555664,dd44d47824c676e9c2f6c65099b425b630b22890cb20249a207cee5f01cb597c,True
172,4,44,90,recent_k4,17.06524085998535,825.6878051757812,825.6878051757812,17.06524085998535,0.0275421142578125,1023.9143676757812,49541.265625,49541.265625,60,624.1271668113768,0.07884799689054489,33366eb05efd54531e98c663d7db5eab34b35429f69b233138cbf678151c20be,True
173,4,44,105,recent_k4,17.78499412536621,819.4404907226562,819.4404907226562,17.78499412536621,0.0279693603515625,1067.099609375,49166.42578125,49166.42578125,60,621.1383230984211,0.08089599758386612,f02bf777019a573fac61a8073e225b8d9d79c5dae7fc283d92e62170f8d39344,True
174,4,44,120,recent_k4,6.611668109893799,72.2745132446289,72.2745132446289,6.611668109893799,0.002468109130859375,396.7000732421875,4336.470703125,4336.470703125,60,614.116673823446,0.06348799914121628,e4b19592012afadeb0503c629ef571306964917f294c9ddbe7078d53d34d5180,True
175,4,44,135,recent_k4,5.529017448425293,47.242008209228516,47.242008209228516,5.529017448425293,0.00218963623046875,331.74102783203125,2834.520263671875,2834.520263671875,60,611.8815639056265,0.06348799914121628,c158580a43b46da9cebfab181a71a5ef10c97274602171bd678942a8c94a6b9e,True
176,4,44,150,recent_k4,8.61853313446045,165.58224487304688,165.58224487304688,8.61853313446045,0.005619049072265625,517.1119384765625,9934.9345703125,9934.9345703125,60,609.112907666713,0.06351999938488007,a3f6e104bb4cc8530d033e1995fe2530bf0e9aa2db590cfd02116267e8f7c03a,True
177,4,44,165,recent_k4,12.827528953552246,298.05816650390625,298.05816650390625,12.827528953552246,0.01016998291015625,769.6516723632812,17883.48828125,17883.48828125,60,607.3366235941648,0.05632000043988228,3095f6052373ee997fe58695b3065e71f4e4099b645320784adad303c5b9080d,True
178,4,44,180,recent_k4,25.674800872802734,1698.920166015625,1698.920166015625,25.674800872802734,0.053070068359375,1540.4879150390625,101935.203125,101935.203125,60,602.64579532668,0.05526399984955788,d9c7faed931edc8be2f94585a24a41ead9f2fe9bf3c54214a90b4a411ca47b52,True
179,4,44,195,recent_k4,13.081720352172852,289.7137145996094,289.7137145996094,13.081720352172852,0.0103912353515625,784.9031982421875,17382.822265625,17382.822265625,60,606.2896437942982,0.05632000043988228,d7f8da9230b61dde560bfdf23488fa5e6c8676f9511d2b7784c7cfee2ccb739a,True
180,4,44,210,recent_k4,15.454607009887695,499.6478576660156,499.6478576660156,15.454607009887695,0.0161285400390625,927.2763671875,29978.869140625,29978.869140625,60,599.6885211206973,0.06143999844789505,2891520818d18c076cafb3c5891c8883390e133b88bcddbdbbd87981c5aea1dc,True
181,4,44,225,recent_k4,16.575721740722656,775.8268432617188,775.8268432617188,16.575721740722656,0.0245513916015625,994.543212890625,46549.609375,46549.609375,60,600.5335841327906,0.055296000093221664,621411636ff326760ae7597cabd9cfb7c8175878097a6a412728fba1d839d003,True
182,4,23,30,recent_k4,38.88036346435547,3830.977294921875,3830.977294921875,38.88036346435547,0.1221923828125,2332.82177734375,229858.625,229858.625,60,610.5103367008269,0.055296000093221664,ea40984efbd3287712ac4e2ddaec26d5092b5dd99f7534bc98cf0ce7e53f790a,True
183,4,23,45,recent_k4,9.459811210632324,184.1035614013672,184.1035614013672,9.459811210632324,0.00713348388671875,567.588623046875,11046.212890625,11046.212890625,60,604.4322499074042,0.05632000043988228,23b5d82776e4107778e13cf5bb0e88d9179c35cb8bfc041c8d32d52a2d407327,True
184,4,23,60,recent_k4,26.664142608642578,1421.58935546875,1421.58935546875,26.664142608642578,0.04620361328125,1599.8485107421875,85295.359375,85295.359375,60,604.0437440387905,0.055296000093221664,3c05bcd1d1db22ebf77ff56ccc46a43868d5ed8e2b1805ff8c8f6ee306421bdf,True
185,4,23,75,recent_k4,9.796669960021973,162.92181396484375,162.92181396484375,9.796669960021973,0.01293182373046875,587.8001708984375,9775.30859375,9775.30859375,60,603.3727801404893,0.05427199974656105,659242cb7e51726a76599b1bbb696ec2a751a2cfe7f665fe6a8b5f3b32e3372d,True
186,4,23,90,recent_k4,8.940340995788574,123.4196548461914,123.4196548461914,8.940340995788574,0.01059722900390625,536.42041015625,7405.1787109375,7405.1787109375,60,603.9954940788448,0.055296000093221664,8b17c61771d81915b58fbbfa500ce4c219166f82fc7d4bdd5efddd6d668c936b,True
187,4,23,105,recent_k4,6.639518737792969,166.6977996826172,166.6977996826172,6.639518737792969,0.0054931640625,398.37109375,10001.8671875,10001.8671875,60,605.1611942239106,0.055296000093221664,43ba0991e7311753e1ce07e1636fe79c98119c4e65b8a2a8d492195702c83829,True
188,4,23,120,recent_k4,41.441734313964844,6055.58837890625,5533.17626953125,41.441734313964844,0.1871337890625,2486.50390625,363335.28125,331990.5625,60,605.864258017391,0.05632000043988228,462984282d601d304c2cce4a4a94c6b06be2f1758ca40c48cb1f44ca4c78319c,True
189,4,23,135,recent_k4,33.290313720703125,18236.3515625,2490.34033203125,33.290313720703125,0.56396484375,1997.418701171875,1094181.0,149420.40625,60,609.6759447827935,0.05632000043988228,b1c0e010bfd84700b3f8297b5e0f127ffe3980fc8d346342f1c908abf52cc986,True
190,4,23,150,recent_k4,23.384193420410156,13140.576171875,1021.946044921875,23.384193420410156,0.416259765625,1403.051513671875,788434.5,61316.7578125,60,609.7935838624835,0.05632000043988228,801e91607ac0e1a12c9e10ae9b66ff48d6e41a6d00e6fab6180137ea16f3bf07,True
191,4,23,165,recent_k4,34.80813980102539,22015.048828125,2716.845458984375,34.80813980102539,0.68603515625,2088.48828125,1320902.875,163010.71875,60,608.9640008285642,0.05632000043988228,5d93631b6d988b27446922e9911291552f987ca62a69149fbded511bd451865c,True
192,4,23,180,recent_k4,33.09364700317383,12313.2177734375,2507.932373046875,33.09364700317383,0.384033203125,1985.61865234375,738793.0,150475.9375,60,608.2092979922891,0.05632000043988228,6cb202a80da40cf8c629edec9b679dcb125cd05b2e045230c9bf47323a281e5e,True
193,4,23,195,recent_k4,13.59546947479248,327.94049072265625,327.94049072265625,13.59546947479248,0.01110076904296875,815.7281494140625,19676.427734375,19676.427734375,60,608.6816438473761,0.055296000093221664,1ef55e79173d9ae5652cb80c8ad19f840119d6e1e366aa0a7f3616a552ff3709,True
194,4,23,210,recent_k4,32.066810607910156,2075.792724609375,2075.792724609375,32.066810607910156,0.07440185546875,1924.0084228515625,124547.5625,124547.5625,60,609.5815170556307,0.055296000093221664,1ccd4dace39ab7ab457c763120fa4e705765c0f4bcc72c361f76db45012a2c28,True
195,4,23,225,recent_k4,26.99566650390625,9604.20703125,1613.89013671875,26.99566650390625,0.30029296875,1619.7398681640625,576252.375,96833.40625,60,609.1248299926519,0.055296000093221664,35748ddfc8e89c72eda4a634d84afdee358f2cfc6da624e3b0a99526481aaac7,True
196,4,53,30,recent_k4,7.52892541885376,127.03926086425781,127.03926086425781,7.52892541885376,0.00443267822265625,451.7355041503906,7622.35546875,7622.35546875,60,608.9604110457003,0.06656000018119812,019f916e4820956aefb0282a4ab5be77f59a73c7da331bf5aee0787068242861,True
197,4,53,45,recent_k4,9.017257690429688,118.37264251708984,118.37264251708984,9.017257690429688,0.004123687744140625,541.0354614257812,7102.3583984375,7102.3583984375,60,609.2350096441805,0.055296000093221664,7e00b488012d7770a469d52a90955fc799b2ec739f53d06bb9d60be9dd3871f1,True
198,4,53,60,recent_k4,4.205681800842285,40.651573181152344,40.651573181152344,4.205681800842285,0.001308441162109375,252.34088134765625,2439.09423828125,2439.09423828125,60,608.3388468250632,0.055296000093221664,287bff38f90c94a8342a98758472454060d4c2607c706978c9718ab893bb0ee6,True
199,4,53,75,recent_k4,14.52379322052002,416.0076904296875,416.0076904296875,14.52379322052002,0.0130615234375,871.4275512695312,24960.4609375,24960.4609375,60,607.7078231610358,0.05632000043988228,6cfb75df282d2c0f5dcac49203e5e83d71c83f8a1d8a594aa40dd109bf19f341,True
200,4,53,90,recent_k4,22.065086364746094,734.6306762695312,734.6306762695312,22.065086364746094,0.0248870849609375,1323.9051513671875,44077.83984375,44077.83984375,60,608.2581989467144,0.05939200147986412,91cf7a638363f3991cbc8e33a866dc87c007c56f11aa05b582a4a56ebc88d5b6,True
201,4,53,105,recent_k4,16.848663330078125,547.5179443359375,547.5179443359375,16.848663330078125,0.017822265625,1010.9197387695312,32851.07421875,32851.07421875,60,607.3640557006001,0.05632000043988228,6aaccb2f0dffd23004e8e1bd7df3fa63528cf298833cb88d51750cffb10b9cf0,True
202,4,53,120,recent_k4,17.28588104248047,652.97607421875,652.97607421875,17.28588104248047,0.023223876953125,1037.15283203125,39178.5625,39178.5625,60,607.1137981489301,0.05632000043988228,e82d9a25c77527993e8641ab2ffee5f16c2a55cef30268dfd2fcb7470e5d32ad,True
203,4,53,135,recent_k4,10.858694076538086,216.3990020751953,216.3990020751953,10.858694076538086,0.00807952880859375,651.5216064453125,12983.939453125,12983.939453125,60,606.8214406259358,0.05632000043988228,c5be1b3696d2a71dac44aaab8fbe0bd8a574daf64ac016d8087594b271fc1921,True
204,4,53,150,recent_k4,6.727896690368652,70.23785400390625,70.23785400390625,6.727896690368652,0.0022373199462890625,403.67376708984375,4214.27099609375,4214.27099609375,60,606.5511438064277,0.05632000043988228,7aeccaeae39238cf4904a0a6e0fcb0157b837100ee49e33d13c2aa96ae57d5e8,True
205,4,53,165,recent_k4,15.626144409179688,514.9317626953125,514.9317626953125,15.626144409179688,0.0188446044921875,937.568603515625,30895.90234375,30895.90234375,60,606.6586631350219,0.055296000093221664,75cb3fb625db353367362d777e7055890556acf58d9181667011c28e9432fe68,True
206,4,53,180,recent_k4,14.673558235168457,574.16015625,574.16015625,14.673558235168457,0.020233154296875,880.4134521484375,34449.609375,34449.609375,60,606.8737413734198,0.05427199974656105,776c1deeb44e3fd75971084352ba37cb4ffbe14c6b5bc0bc582f5b7991ae42cc,True
207,4,53,195,recent_k4,6.005234241485596,91.59707641601562,91.59707641601562,6.005234241485596,0.002933502197265625,360.31402587890625,5495.82421875,5495.82421875,60,606.9262512028217,0.05632000043988228,396f5775217228b08794c4cb1afff979275f32e63463c824776e0dfc6ac85ff7,True
208,4,53,210,recent_k4,14.386902809143066,453.50445556640625,453.50445556640625,14.386902809143066,0.01508331298828125,863.214111328125,27210.265625,27210.265625,60,606.588982976973,0.05632000043988228,8efad56e8e8269283d925d5155a280c438e2a37c0ba22936e60d989fb3b8d3e9,True
209,4,53,225,recent_k4,12.219473838806152,319.88885498046875,319.88885498046875,12.219473838806152,0.010894775390625,733.1683959960938,19193.330078125,19193.330078125,60,607.2981576435268,0.05632000043988228,342e97b575274540d29ac848b43cb9f35ddd69949bf8e9733e009963a6451a6b,True
210,4,84,30,recent_k4,40.498146057128906,11967.7861328125,4859.73779296875,40.498146057128906,0.37158203125,2429.888671875,718067.125,291584.25,60,607.4080462567508,0.055296000093221664,1e91c7b4708a39ead4814beb4f9406f0e49c82a548db06499b4df0a401ffa8af,True
211,4,84,45,recent_k4,7.128001689910889,84.47207641601562,84.47207641601562,7.128001689910889,0.003055572509765625,427.6800842285156,5068.32421875,5068.32421875,60,607.4632559902966,0.05632000043988228,7ed28faa353a209d2a88bf89956ee21e3b38d84363ecbda52b60146f1f0c28a8,True
212,4,84,60,recent_k4,35.45246124267578,3306.34716796875,3306.34716796875,35.45246124267578,0.11029052734375,2127.1474609375,198380.8125,198380.8125,60,606.3409857451916,0.05734400078654289,f29c4bc212343716334a48837d83acb69b76ff56797101653ebd9c2c3605d9c0,True
213,4,84,75,recent_k4,42.58503723144531,4011.53662109375,4011.53662109375,42.58503723144531,0.127685546875,2555.10205078125,240692.1875,240692.1875,60,606.7313333041966,0.055296000093221664,a731e56e73fabd11e90a4339fe0fab2c7b77adf01f8671008648c0903202c82b,True
214,4,84,90,recent_k4,6.940521717071533,76.2702865600586,76.2702865600586,6.940521717071533,0.003070831298828125,416.4312744140625,4576.216796875,4576.216796875,60,607.0883399806917,0.055296000093221664,1b21066a6e8063f0295270db0d5aeecf123ebb5b7e416e514e65f1976320f6e2,True
215,4,84,105,recent_k4,9.352696418762207,206.07102966308594,206.07102966308594,9.352696418762207,0.00846099853515625,561.1617431640625,12364.2607421875,12364.2607421875,60,606.961770914495,0.05427199974656105,3cb167fba59a85e5fe3905c8005b0d68dbce12e716b3c31fdd448860cef1ae04,True
216,4,84,120,recent_k4,6.464066982269287,65.0048828125,65.0048828125,6.464066982269287,0.0022907257080078125,387.843994140625,3900.292724609375,3900.292724609375,60,606.7613731138408,0.055296000093221664,26bb00aa6dfb7d70ae33897bafa1240bbe9133ded19244fb70ad75c859e52e9e,True
217,4,84,135,recent_k4,2.644693613052368,11.058100700378418,11.058100700378418,2.644693613052368,0.0003757476806640625,158.68161010742188,663.4860229492188,663.4860229492188,60,606.459884904325,0.05632000043988228,4fe9530cb423ca95cbbf99cf5a96e5f4079292c43cd6810cd59fb60d5ba7c8f7,True
218,4,84,150,recent_k4,2.5956504344940186,9.707598686218262,9.707598686218262,2.5956504344940186,0.00034117698669433594,155.739013671875,582.4558715820312,582.4558715820312,60,606.1625992879272,0.055296000093221664,42efbfcc0bc3d0bb608c7138cd6ac6d8d87d62faeeb99b0ed720121428afae0b,True
219,4,84,165,recent_k4,13.940309524536133,496.170654296875,496.170654296875,13.940309524536133,0.0211639404296875,836.4185180664062,29770.23828125,29770.23828125,60,607.4313572607934,0.05632000043988228,32b0c9d7e4bd4ba4d4ffa625936a3393abb62fde4723afefc8f8ab84f73b5023,True
220,4,84,180,recent_k4,29.272811889648438,1597.7254638671875,1597.7254638671875,29.272811889648438,0.06854248046875,1756.36865234375,95863.5234375,95863.5234375,60,606.5620547160506,0.055296000093221664,cdaf9c4a87a0b0364cb3824da05fab0ddc33be62b6971e0db05802400e631460,True
221,4,84,195,recent_k4,8.892370223999023,145.69642639160156,145.69642639160156,8.892370223999023,0.00494384765625,533.5421752929688,8741.78515625,8741.78515625,60,607.4104569852352,0.05632000043988228,24457492e11172f6a24df3535e72c266f03c19d4756098bd7883879ce96c6e5e,True
222,4,84,210,recent_k4,11.998482704162598,306.5697021484375,306.5697021484375,11.998482704162598,0.01021575927734375,719.908935546875,18394.181640625,18394.181640625,60,607.2265189141035,0.05427199974656105,98448f64e2fac9fb4fea8ff13903d45e33dcf3b5a65a6766074f410be931144e,True
223,4,84,225,recent_k4,7.627689361572266,113.94734191894531,113.94734191894531,7.627689361572266,0.003887176513671875,457.6613464355469,6836.84033203125,6836.84033203125,60,608.5457778535783,0.055296000093221664,bcd3ab2a4c48bff0f3c8a672da802295e08904d67e6dc9a0bcae10fd4553aa81,True
224,4,59,30,recent_k4,2.9358067512512207,11.668194770812988,11.668194770812988,2.9358067512512207,0.0004401206970214844,176.1483917236328,700.0916748046875,700.0916748046875,60,607.2601401247084,0.055296000093221664,b1d988b12c48423831e37a62afa4fa09579621d82adf982a8bca6ea6e7f4ceb8,True
225,4,59,45,recent_k4,1.5393660068511963,3.2188656330108643,3.2188656330108643,1.5393660068511963,0.00022554397583007812,92.36195373535156,193.13192749023438,193.13192749023438,60,607.0930310525,0.055296000093221664,72fdc2128d6dc520a556870efeacf11f2c7f501af5c299c18c10b3b6a603c605,True
226,4,59,60,recent_k4,1.7185629606246948,4.784303665161133,4.784303665161133,1.7185629606246948,0.0002574920654296875,103.11376953125,287.0581970214844,287.0581970214844,60,607.993972953409,0.05632000043988228,5961eb9ee84eb73fbc041b97a9b0d2b4bc790755541f7fc242be808f5dd873bf,True
227,4,59,75,recent_k4,1.682808756828308,7.996219635009766,7.996219635009766,1.682808756828308,0.0002536773681640625,100.96852111816406,479.7731628417969,479.7731628417969,60,607.5972868129611,0.05427199974656105,51e3f37970bcf3edbec5c487b3d485723bd41c64c2c6384e89342ebc1f5d6e57,True
228,4,59,90,recent_k4,2.1977956295013428,15.02326774597168,15.02326774597168,2.1977956295013428,0.0005598068237304688,131.86773681640625,901.39599609375,901.39599609375,60,607.7351747080684,0.055296000093221664,42bbc0db3fee0c659c96eb855d105f8fa449e32e28c3e33b42c9b69f58c9c931,True
229,4,59,105,recent_k4,3.0141396522521973,17.63408660888672,17.63408660888672,3.0141396522521973,0.0007781982421875,180.84837341308594,1058.045166015625,1058.045166015625,60,608.6235381662846,0.055296000093221664,ecfa26ee6911226025e5fcd136269d470aba901eab703cfa6fa4144808b42399,True
230,4,59,120,recent_k4,3.2302825450897217,14.200778007507324,14.200778007507324,3.2302825450897217,0.000583648681640625,193.8169403076172,852.046630859375,852.046630859375,60,607.5446577742696,0.058368001133203506,9da89b820c74aaf6050c98030499b7612636d98397851dfeb4d212b9f531c912,True
231,4,59,135,recent_k4,2.1665477752685547,6.765361309051514,6.765361309051514,2.1665477752685547,0.00042629241943359375,129.99285888671875,405.9216613769531,405.9216613769531,60,609.446519985795,0.055296000093221664,541ed205324e4963001ae91fc29aef75617aac5123464676a2b618c871c516ed,True
232,4,59,150,recent_k4,1.4110934734344482,4.711635112762451,4.711635112762451,1.4110934734344482,0.00019681453704833984,84.66560363769531,282.6980895996094,282.6980895996094,60,602.2303337231278,0.05427199974656105,67d17207a1cc288945e460e37c24e49bd646e25bba1cb8c2059e13c105f87b42,True
233,4,59,165,recent_k4,9.848572731018066,214.68006896972656,214.68006896972656,9.848572731018066,0.007587432861328125,590.914306640625,12880.8037109375,12880.8037109375,60,597.8008829988539,0.05430399999022484,fe3554882ddcbdcd0e27e0536d0bb64920b553031568bf3e1cb3407e0fedee34,True
234,4,59,180,recent_k4,13.129988670349121,429.18109130859375,429.18109130859375,13.129988670349121,0.01520538330078125,787.7992553710938,25750.86328125,25750.86328125,60,597.5617151707411,0.055296000093221664,c543612afa337cd66595e08bd2e9d5ac54a18a49bd2b99a43883df998f12a722,True
235,4,59,195,recent_k4,4.175956726074219,25.415124893188477,25.415124893188477,4.175956726074219,0.0015230178833007812,250.55740356445312,1524.907470703125,1524.907470703125,60,603.0419166199863,0.055296000093221664,0a44698c9b6c594e31ac40b4c4adf665cd24fbb49aa3ca252a1fdca508e4b0d4,True
236,4,59,210,recent_k4,2.323521852493286,6.958763122558594,6.958763122558594,2.323521852493286,0.0003101825714111328,139.4113006591797,417.5257568359375,417.5257568359375,60,629.3739667162299,0.05628800019621849,79c52b5bc98cfa4c1e524873bbf27baf1b71e97c9becd67bf1840b1f63813e4a,True
237,4,59,225,recent_k4,3.1010870933532715,27.719289779663086,27.719289779663086,3.1010870933532715,0.0010128021240234375,186.06521606445312,1663.1573486328125,1663.1573486328125,60,615.9497448243201,0.062463998794555664,547df068d1c26976b1f02f12cb47c5cc69133c880f12624bb4473cabace5d22b,True
238,4,49,30,recent_k4,21.22739028930664,865.9134521484375,865.9134521484375,21.22739028930664,0.032501220703125,1273.643310546875,51954.8046875,51954.8046875,60,616.1994729191065,0.06143999844789505,7d0a3dffb6f8ee9141fb36a989475060f32d244e014b1359ea342ab0e943597b,True
239,4,49,45,recent_k4,13.45846176147461,331.2469482421875,331.2469482421875,13.45846176147461,0.015869140625,807.5076904296875,19874.81640625,19874.81640625,60,624.8001581989229,0.06143999844789505,5de42b2e800dc7c8d1f07eb895e7e587013b92b36e26fd98d2434d3ae160696e,True
240,4,49,60,recent_k4,19.40666961669922,640.9863891601562,640.9863891601562,19.40666961669922,0.0236663818359375,1164.400146484375,38459.1796875,38459.1796875,60,648.7886579707265,0.06348799914121628,bfa7e43788e183e93306099b9b6aba57f1848fe86ddded1cd355b13e88f2834e,True
241,4,49,75,recent_k4,11.671072959899902,338.94110107421875,338.94110107421875,11.671072959899902,0.01059722900390625,700.2643432617188,20336.46484375,20336.46484375,60,649.9952366575599,0.06860800087451935,d552c1f19c4cebb7c516ab3fcc9b31080a5127317f9cf85a76aff8575863df17,True
242,4,49,90,recent_k4,10.387947082519531,181.38929748535156,181.38929748535156,10.387947082519531,0.00691986083984375,623.2767944335938,10883.357421875,10883.357421875,60,650.3358948975801,0.0798719972372055,d20fd4f8ce4880a21f70ea005460786a7d735c63b929493ee8b51178ec96c490,True
243,4,49,105,recent_k4,5.187629699707031,35.50273895263672,35.50273895263672,5.187629699707031,0.0017709732055664062,311.25775146484375,2130.164306640625,2130.164306640625,60,616.0489241592586,0.07372800260782242,156a1f4fa2f84356326326b6fc5030d468f376f5d2b26cb568471146adeca12d,True
244,4,49,120,recent_k4,11.08558177947998,218.52383422851562,218.52383422851562,11.08558177947998,0.0095977783203125,665.1348876953125,13111.4296875,13111.4296875,60,618.9885688945651,0.0655359998345375,02ff7ff507ad374423cfa82b063538355122e9ec57be1d9f89040913c0011faf,True
245,4,49,135,recent_k4,18.501943588256836,591.046142578125,591.046142578125,18.501943588256836,0.0198974609375,1110.1165771484375,35462.765625,35462.765625,60,626.6139619983733,0.06963200122117996,30826d4c05e49d1e7e4eb88a3d83f5f5e27bcc9193e2cddc99d603c4af113cd0,True
246,4,49,150,recent_k4,39.45988082885742,4260.701171875,3664.591064453125,39.45988082885742,0.1334228515625,2367.5927734375,255642.0625,219875.453125,60,630.0936820916831,0.06963200122117996,944916bf856eb91a31667a81bb4eb52886c6c2717fe7fffcc0fcfbe663b847fa,True
247,4,49,165,recent_k4,40.093082427978516,18888.1171875,3546.63525390625,40.093082427978516,0.5908203125,2405.584716796875,1133287.0,212798.109375,60,626.7010220326483,0.06143999844789505,6b9bd46379334f9fbda194cf21ef86fe24cf454cc5dbdc23bfa64152f7d34e28,True
248,4,49,180,recent_k4,9.734748840332031,142.72547912597656,142.72547912597656,9.734748840332031,0.004756927490234375,584.0848999023438,8563.5283203125,8563.5283203125,60,611.9525409303606,0.062463998794555664,a8f04f6104b144b7eae851b9f924083fe0fc1436791fc18fd1b6f830e3cb9f95,True
249,4,49,195,recent_k4,11.154755592346191,283.4734802246094,283.4734802246094,11.154755592346191,0.00951385498046875,669.2852783203125,17008.408203125,17008.408203125,60,607.864186167717,0.06451199948787689,a5e3f461838196c79a14dece94bf0dcaf00b905f9d1fbe411e0a09360e65f8bf,True
250,4,49,210,recent_k4,30.790653228759766,6683.712890625,2689.5771484375,30.790653228759766,0.211181640625,1847.4390869140625,401022.75,161374.625,60,599.6195077896118,0.05939200147986412,4e002d12a4697ac1757c72ec28aa678b9d2536687a319f08ecb995db71e7755e,True
251,4,49,225,recent_k4,38.679359436035156,3781.815185546875,3262.41015625,38.679359436035156,0.1170654296875,2320.761474609375,226908.90625,195744.59375,60,598.38158916682,0.05632000043988228,522a63ab561f58c890c63a0216b361a52030037b915dcd7defa319f9ecbadc7b,True
252,4,7,30,recent_k4,14.208043098449707,309.95867919921875,309.95867919921875,14.208043098449707,0.01238250732421875,852.4825439453125,18597.51953125,18597.51953125,60,605.4805871099234,0.055296000093221664,2ba018cef2ed8e541cdf4ee3ba0cb018d70d68a0e1594de960f93ca6a76c3169,True
253,4,7,45,recent_k4,8.656685829162598,153.4609832763672,153.4609832763672,8.656685829162598,0.007244110107421875,519.401123046875,9207.658203125,9207.658203125,60,606.728726066649,0.05632000043988228,14618c833222df4e35216f97ff6e361380dea8b671f798df253a763d0e56b945,True
254,4,7,60,recent_k4,3.7641263008117676,26.44899559020996,26.44899559020996,3.7641263008117676,0.0012769699096679688,225.84756469726562,1586.939697265625,1586.939697265625,60,606.5508578903973,0.055296000093221664,8e8369cd239fac18f291fd31a2388ccebe36daffaa7d93dd5abb56be19d7d48d,True
255,4,7,75,recent_k4,1.9614403247833252,7.469568252563477,7.469568252563477,1.9614403247833252,0.0003955364227294922,117.68641662597656,448.174072265625,448.174072265625,60,606.1235223896801,0.055296000093221664,1facc25d032a1af7c890de773740a9e6b9f75b1a6660073f67fb2d7e05cab3a7,True
256,4,7,90,recent_k4,3.466945171356201,53.77700424194336,53.77700424194336,3.466945171356201,0.002185821533203125,208.01669311523438,3226.6201171875,3226.6201171875,60,607.0664143189788,0.05430399999022484,21d54600a97f85179c5d949fb9c025f01f2a1023c6b9b257860f3bad8de42a69,True
257,4,7,105,recent_k4,7.470772743225098,111.12054443359375,111.12054443359375,7.470772743225098,0.004741668701171875,448.246337890625,6667.232421875,6667.232421875,60,606.8268660455942,0.055296000093221664,f19905b0c6c98ce7f244c9aa75f360893cb1b8f6964e6aa7d7ab1128dfc3bada,True
258,4,7,120,recent_k4,6.334872722625732,72.41365814208984,72.41365814208984,6.334872722625732,0.002559661865234375,380.09234619140625,4344.8193359375,4344.8193359375,60,606.7302767187357,0.05427199974656105,bd5e529dfbaa99e2ebb59e75a2f935a7a3ddf4eb1435722f0b4d0b236cfa7221,True
259,4,7,135,recent_k4,6.070160388946533,59.885536193847656,59.885536193847656,6.070160388946533,0.002498626708984375,364.2095947265625,3593.132080078125,3593.132080078125,60,606.8034870550036,0.055296000093221664,3fe62c2e142ad13af3829b85e620dc2f9b8f9df8e91390ed4b19226d124c61b2,True
260,4,7,150,recent_k4,5.07285737991333,73.49441528320312,73.49441528320312,5.07285737991333,0.0033779144287109375,304.3714294433594,4409.66455078125,4409.66455078125,60,607.2582518681884,0.055296000093221664,d1464342ac21771ae3b1aab745d519620745cc87afa4e00c407fce24487c7324,True
261,4,7,165,recent_k4,16.415220260620117,567.3536987304688,567.3536987304688,16.415220260620117,0.022735595703125,984.9132080078125,34041.21875,34041.21875,60,606.4484799280763,0.055296000093221664,48b6b47bb4f3e44aac71ae90e30092ab5db642dfc366fe4e5b1997bc2a534492,True
262,4,7,180,recent_k4,22.862380981445312,1309.5828857421875,1309.5828857421875,22.862380981445312,0.052337646484375,1371.7427978515625,78574.96875,78574.96875,60,607.9335170798004,0.05427199974656105,804133f0a6ffcdca42eff10abf0a4d03aca82a4898275edacf026cfcf99e4c1e,True
263,4,7,195,recent_k4,10.05524730682373,146.71722412109375,146.71722412109375,10.05524730682373,0.00763702392578125,603.3148193359375,8803.033203125,8803.033203125,60,607.097583822906,0.055296000093221664,5f83d4089ee1fd52fef0d0df298aba2c4e8f508ed5a2367d1a0f29efb643b63b,True
264,4,7,210,recent_k4,5.718602180480957,40.30406951904297,40.30406951904297,5.718602180480957,0.0020389556884765625,343.1161193847656,2418.244140625,2418.244140625,60,607.2238232009113,0.05632000043988228,0a6898e52b7c0e2ef02015fab4f49624148e290a6d94a2077b7947429d98bf53,True
265,4,7,225,recent_k4,5.883171558380127,81.46047973632812,81.46047973632812,5.883171558380127,0.0027313232421875,352.9902648925781,4887.62841796875,4887.62841796875,60,607.1935533545911,0.055296000093221664,57e1ab623be6e9dfcb7536bb71b2a650a337968d6093e309493aafec36853b66,True
266,4,47,30,recent_k4,8.470015525817871,124.80290985107422,124.80290985107422,8.470015525817871,0.01149749755859375,508.200927734375,7488.17431640625,7488.17431640625,60,608.3224639296532,0.05632000043988228,32c0d795b0de0f3c0ca5d1804cfc6ca21b77f22f45fca82faa7f5199f7557a0c,True
267,4,47,45,recent_k4,3.0222184658050537,11.508359909057617,11.508359909057617,3.0222184658050537,0.0006208419799804688,181.33309936523438,690.5015869140625,690.5015869140625,60,606.9108061492443,0.05632000043988228,578aab2a439fefe59fb140d907899c847ca8bbc38f4a3c95edd3dae42a09e6ef,True
268,4,47,60,recent_k4,1.9326307773590088,4.755268573760986,4.755268573760986,1.9326307773590088,0.000339508056640625,115.95783996582031,285.31610107421875,285.31610107421875,60,607.6787495985627,0.05427199974656105,e2a13864e6a485d11d613fcce2f554555132854c1fa1706720c6cb31e77349f0,True
269,4,47,75,recent_k4,1.206068992614746,2.131922960281372,2.131922960281372,1.206068992614746,9.709596633911133e-05,72.3641357421875,127.91536712646484,127.91536712646484,60,609.667613171041,0.05734400078654289,36e2146a8f9ce8a51b21af3687805f379b74a299b15664d765b98d2b1d682356,True
270,4,47,90,recent_k4,2.2564921379089355,11.066091537475586,11.066091537475586,2.2564921379089355,0.0003750324249267578,135.3895263671875,663.9654541015625,663.9654541015625,60,607.8408579342067,0.05632000043988228,cd59fb1585b8802e40399cc89e860a0b288981b2fbb06b4797fb47c1bb581fdd,True
271,4,47,105,recent_k4,3.158735513687134,19.019943237304688,19.019943237304688,3.158735513687134,0.0006189346313476562,189.5241241455078,1141.196533203125,1141.196533203125,60,606.680179014802,0.06348799914121628,28b9a1c05b33f0bc83df0108a8f5be78e521ad1fdcf098b5c1bc73990dba1d0c,True
272,4,47,120,recent_k4,1.8879178762435913,4.847474575042725,4.847474575042725,1.8879178762435913,0.00036907196044921875,113.27507019042969,290.84844970703125,290.84844970703125,60,607.3334529064596,0.05734400078654289,8ea972dbfa90c8e084ddffe621b7449110cd90238ab36f8bb1cf0003512d83c4,True
273,4,47,135,recent_k4,3.048250913619995,14.660011291503906,14.660011291503906,3.048250913619995,0.0005869865417480469,182.89505004882812,879.6006469726562,879.6006469726562,60,607.5754212215543,0.05526399984955788,6f8bbad37efa8e309e129afee4356ce4ac80f63f774b992926ebc5b9e615be62,True
274,4,47,150,recent_k4,8.95618724822998,306.5425720214844,306.5425720214844,8.95618724822998,0.010498046875,537.3712158203125,18392.552734375,18392.552734375,60,606.8581673316658,0.055296000093221664,887bfc080a1677b8ff4f29a2c7eefb1bf92580e4b8ef406b9111f76a0af48190,True
275,4,47,165,recent_k4,31.71467399597168,8653.00390625,3070.022216796875,31.71467399597168,0.2685546875,1902.88037109375,519180.1875,184201.328125,60,607.5019021518528,0.055296000093221664,9da563b749e3772cf0e3d1e07f33fd08d8b1d985da79f43da99f11755480341f,True
276,4,47,180,recent_k4,9.381464958190918,145.05764770507812,145.05764770507812,9.381464958190918,0.004711151123046875,562.8878784179688,8703.4580078125,8703.4580078125,60,608.1476458348334,0.055296000093221664,198177fca8b40bf89e1c20cb4bacc866fd7f5c332255269ea9f9e9de3f42d295,True
277,4,47,195,recent_k4,10.305444717407227,186.0474853515625,186.0474853515625,10.305444717407227,0.00606536865234375,618.32666015625,11162.8486328125,11162.8486328125,60,607.2207442484796,0.05427199974656105,10f23c0c7f0bf1d5d8dcce712402f3ae5149af21411dba5da91fd0b108f233e0,True
278,4,47,210,recent_k4,9.760083198547363,183.61947631835938,183.61947631835938,9.760083198547363,0.005970001220703125,585.60498046875,11017.16796875,11017.16796875,60,607.0729661732912,0.05427199974656105,77774984175ae0d5dec2cd9a3b2190a6b829057d59325ea1ddb43612b5c1099f,True
279,4,47,225,recent_k4,12.006526947021484,243.94363403320312,243.94363403320312,12.006526947021484,0.00832366943359375,720.3916015625,14636.6171875,14636.6171875,60,607.5463518500328,0.055296000093221664,28153a07b872a0ac82bde501445eebdfd237da2029bda7cf1047c6385783419a,True
280,4,30,30,recent_k4,1.7016111612319946,4.436487674713135,4.436487674713135,1.7016111612319946,0.00014734268188476562,102.09666442871094,266.1892395019531,266.1892395019531,60,607.0654462091625,0.055296000093221664,2c94ecff41e4baa32e64c8e6407b790783666b2a601ce4d0edfbc79376a1d9a5,True
281,4,30,45,recent_k4,1.4109312295913696,4.066157341003418,4.066157341003418,1.4109312295913696,0.00018322467803955078,84.65586853027344,243.96942138671875,243.96942138671875,60,607.0530568249524,0.05427199974656105,7eaa7dcf7e9a17f8624f247ba876b69e86ddfeb4e760ac1a9c4adf2976de4ad0,True
282,4,30,60,recent_k4,2.8066673278808594,16.434185028076172,16.434185028076172,2.8066673278808594,0.0006279945373535156,168.4000244140625,986.051025390625,986.051025390625,60,608.1901770085096,0.055296000093221664,669f0992b20317a53fc35a25793a5f00a724345bf1673037536698279481fb75,True
283,4,30,75,recent_k4,0.9626668691635132,2.0936572551727295,2.0936572551727295,0.9626668691635132,7.49826431274414e-05,57.760009765625,125.61943054199219,125.61943054199219,60,606.9080480374396,0.055296000093221664,a5201fbcc7f275c5544e8591a19cde347ed2cc79f407f1ca036f5dc09299fdf2,True
284,4,30,90,recent_k4,0.8613423705101013,1.400568962097168,1.400568962097168,0.8613423705101013,5.805492401123047e-05,51.680538177490234,84.03413391113281,84.03413391113281,60,607.2924840264022,0.055296000093221664,457504616e9c6a6e29d80c64178ca64099c35c4e2c0aa7a92bde7afa5bcf92c8,True
285,4,30,105,recent_k4,1.0394269227981567,2.2480297088623047,2.2480297088623047,1.0394269227981567,7.832050323486328e-05,62.3656120300293,134.88177490234375,134.88177490234375,60,608.5601937957108,0.055296000093221664,f19a29e684815175d032ab10e62ff1ccc5576c4b5a619374ed635c467290a9a8,True
286,4,30,120,recent_k4,2.4441945552825928,9.795172691345215,9.795172691345215,2.4441945552825928,0.0005183219909667969,146.65167236328125,587.7103271484375,587.7103271484375,60,601.7002542503178,0.05427199974656105,064c608a4e660fdb347842d4aeb12ce57ae9590e5fbc10cd5822ad4c10d7ab73,True
287,4,30,135,recent_k4,4.073663234710693,21.002756118774414,21.002756118774414,4.073663234710693,0.00080108642578125,244.41976928710938,1260.165283203125,1260.165283203125,60,606.5150918439031,0.055296000093221664,ccce2f37d5421652435209dae7d6d5fb89a887956c8a4655f6441ccb9242b1de,True
288,4,30,150,recent_k4,2.2127127647399902,10.187932968139648,10.187932968139648,2.2127127647399902,0.00034332275390625,132.76275634765625,611.2759399414062,611.2759399414062,60,607.0278566330671,0.05632000043988228,92b5dc1c9e3d7273e75104962055de9ada3b684b2446e13af122afb0e4fc605f,True
289,4,30,165,recent_k4,2.4267475605010986,9.38919734954834,9.38919734954834,2.4267475605010986,0.0003161430358886719,145.60484313964844,563.351806640625,563.351806640625,60,602.4047271348536,0.05632000043988228,0860323bc44635a6f3fd0b91ca5a4a3156e84e3c0bec61fd53e94d45e41c6950,True
290,4,30,180,recent_k4,1.1242517232894897,2.9927988052368164,2.9927988052368164,1.1242517232894897,9.775161743164062e-05,67.4551010131836,179.5679168701172,179.5679168701172,60,600.6629928015172,0.055296000093221664,d1a1aafb0285ef8b18ff3d6389aa4c6dc14a2ddea49a075bfd16c8326c106e29,True
291,4,30,195,recent_k4,2.605719566345215,14.077998161315918,14.077998161315918,2.605719566345215,0.0005421638488769531,156.34317016601562,844.6798706054688,844.6798706054688,60,605.5910689756274,0.05632000043988228,3f8fe200fecab38631e6f6e9a93a7799a3d66ebb50802684afb96bba31d1a289,True
292,4,30,210,recent_k4,2.2070577144622803,7.368896961212158,7.368896961212158,2.2070577144622803,0.0002608299255371094,132.4234619140625,442.1337890625,442.1337890625,60,609.1656689532101,0.06348799914121628,50f2b6e3bf49d71f146fe838f72768344a01d067a33a94de83e3ee8ad4521be5,True
293,4,30,225,recent_k4,1.0656734704971313,2.1842446327209473,2.1842446327209473,1.0656734704971313,0.00010091066360473633,63.940406799316406,131.05467224121094,131.05467224121094,60,618.5261169448495,0.05632000043988228,188a2f4640e3951e5706e93d3766e91769532cfc3064f6e8604881f09f6bbff1,True
294,8,83,30,recent_k4,16.1265811920166,685.2448120117188,685.2448120117188,16.1265811920166,0.0240478515625,967.5948486328125,41114.6875,41114.6875,60,608.329385984689,0.05734400078654289,30599dfea9476d490fa574869a3be4630eb0c59ebd740f7a2cab29a2f22c9d3d,True
295,8,83,45,recent_k4,13.784393310546875,497.9511413574219,497.9511413574219,13.784393310546875,0.016510009765625,827.0635375976562,29877.06640625,29877.06640625,60,608.9061410166323,0.05734400078654289,94978f7c1c54bc5a7e16bca70c7b4ca46e1498323619ca74bc81662ca8bcbfeb,True
296,8,83,60,recent_k4,4.429220199584961,100.906005859375,100.906005859375,4.429220199584961,0.0032501220703125,265.7532043457031,6054.35986328125,6054.35986328125,60,606.1469647102058,0.05734400078654289,d90174cf5b686e2f8008d53d1eaa96b95f2bdd270b4023e7deaa63d1e65ed91a,True
297,8,83,75,recent_k4,14.488327026367188,492.52593994140625,492.52593994140625,14.488327026367188,0.015899658203125,869.299560546875,29551.5546875,29551.5546875,60,607.5004241429269,0.05632000043988228,3afd9cd6e075c053647471314c8d0b2f6ba0b7f8fa9c18c1dd31083ea2f840e6,True
298,8,83,90,recent_k4,14.400839805603027,445.9226989746094,445.9226989746094,14.400839805603027,0.01397705078125,864.0503540039062,26755.361328125,26755.361328125,60,606.435283087194,0.05632000043988228,d4444c342e861cbf6f1fc2af549bf2bdd7bf8118b434b86938a2a45e9a40553c,True
299,8,83,105,recent_k4,1.5909885168075562,3.7096362113952637,3.7096362113952637,1.5909885168075562,0.0002968311309814453,95.45930480957031,222.57815551757812,222.57815551757812,60,606.0702572576702,0.05532800033688545,86b85032fc198997462f7f3c28a69f7cde2b99f017edd738d0526c9ba1599d25,True
300,8,83,120,recent_k4,14.930281639099121,665.84521484375,665.84521484375,14.930281639099121,0.0217437744140625,895.8168334960938,39950.7109375,39950.7109375,60,641.3875492289662,0.05939200147986412,bfa2c603d713e0c9248297a8583c648b73261949115fba164f93ef57be80a1b5,True
301,8,83,135,recent_k4,17.956357955932617,921.6796264648438,921.6796264648438,17.956357955932617,0.0298004150390625,1077.3814697265625,55300.7734375,55300.7734375,60,615.9419710747898,0.060416001826524734,bbb00abe83cdb1e817477ffe736531b624c328ffedef1c066c4e8d27744c856b,True
302,8,83,150,recent_k4,2.8343746662139893,13.10452938079834,13.10452938079834,2.8343746662139893,0.0008101463317871094,170.06246948242188,786.271728515625,786.271728515625,60,610.6137270107865,0.062463998794555664,3e1a387fa826e5427d0d491a0dc873fc383f2d084facffe5791a75634da6bcde,True
303,8,83,165,recent_k4,4.512176036834717,38.75712203979492,38.75712203979492,4.512176036834717,0.002040863037109375,270.7305603027344,2325.42724609375,2325.42724609375,60,606.188474688679,0.0634239986538887,70883e0ef3031971bf975461590fa7c963c38223620999906a68260e477897ac,True
304,8,83,180,recent_k4,5.8884992599487305,53.263397216796875,53.263397216796875,5.8884992599487305,0.0020809173583984375,353.3099365234375,3195.8037109375,3195.8037109375,60,607.0721577852964,0.055296000093221664,c4a8ac40a5e1bfb828d143e80cb146d731f981c0f543725817b8a9d934acbea1,True
305,8,83,195,recent_k4,13.357213973999023,624.8563232421875,624.8563232421875,13.357213973999023,0.0199737548828125,801.4328002929688,37491.37890625,37491.37890625,60,608.128369320184,0.055296000093221664,c29c6b7c83cf9aafd580440afd7013acb8f632c4e81286bf0fe4835679e1a627,True
306,8,83,210,recent_k4,32.02903366088867,2892.657958984375,2892.657958984375,32.02903366088867,0.0911865234375,1921.741943359375,173559.46875,173559.46875,60,607.9086009413004,0.05632000043988228,b34600a1f413488199d25cac92befef249180406696f756117b90a25e1e173fa,True
307,8,83,225,recent_k4,7.635370254516602,116.43556213378906,116.43556213378906,7.635370254516602,0.005931854248046875,458.1221923828125,6986.13330078125,6986.13330078125,60,607.3881750926375,0.05632000043988228,17fbc1493d172f6ffd55faec2ef1b2508da891df7be05ebdc567786f41d54678,True
308,8,15,30,recent_k4,21.10175895690918,909.0912475585938,909.0912475585938,21.10175895690918,0.033050537109375,1266.10546875,54545.47265625,54545.47265625,60,607.7665016055107,0.05632000043988228,eab21b4eb47674c3f61a6420acf25a1470e1fddeacc24101da79280c5f51497d,True
309,8,15,45,recent_k4,25.440353393554688,1158.765869140625,1158.765869140625,25.440353393554688,0.041595458984375,1526.421142578125,69525.9453125,69525.9453125,60,610.5901380069554,0.05632000043988228,1a9818bb1a76563efcaefa806cbc904d4d8691c019fd770fd720c1df289fb762,True
310,8,15,60,recent_k4,14.005157470703125,247.90069580078125,247.90069580078125,14.005157470703125,0.0093994140625,840.3093872070312,14874.041015625,14874.041015625,60,610.2147921919823,0.06860800087451935,5de52b62d991c8e9fa95fb9a9bc004c6a42e5dbf222bc0b90532ee01a3e6c702,True
311,8,15,75,recent_k4,2.0230579376220703,6.614570617675781,6.614570617675781,2.0230579376220703,0.00021278858184814453,121.38346862792969,396.87420654296875,396.87420654296875,60,608.8304636068642,0.055296000093221664,8c065485b718b072a7cab49097649969a960a5e42406c2d2780f9b8d5a3b2cd2,True
312,8,15,90,recent_k4,10.858247756958008,413.0713195800781,413.0713195800781,10.858247756958008,0.01471710205078125,651.4948120117188,24784.27734375,24784.27734375,60,608.0694501288235,0.055296000093221664,6d37b9f0d04eddfcb88a6e76ba2b12728bf9acbafdab44c3ffe4df524fbea303,True
313,8,15,105,recent_k4,17.406522750854492,648.5530395507812,648.5530395507812,17.406522750854492,0.0235748291015625,1044.391357421875,38913.1796875,38913.1796875,60,605.7935399003327,0.058368001133203506,693eefa9676b37dfe11f8e12bacfa1ece784fb640ef76f80bdf57b7114988cd0,True
314,8,15,120,recent_k4,6.207635879516602,59.114097595214844,59.114097595214844,6.207635879516602,0.0022258758544921875,372.4581298828125,3546.845703125,3546.845703125,60,603.3380520530045,0.056223999708890915,00f6722c5c3dd511bd575f4168c99200235a332baf602d08850f42bcdd754313,True
315,8,15,135,recent_k4,8.123737335205078,148.54693603515625,148.54693603515625,8.123737335205078,0.005146026611328125,487.4242248535156,8912.8154296875,8912.8154296875,60,607.8798021189868,0.055296000093221664,b5ccfac8d2fc99840c9bb57a9a5049ef16932d4f69986f388fc82289c4d06fcb,True
316,8,15,150,recent_k4,9.10964298248291,138.27207946777344,138.27207946777344,9.10964298248291,0.00513458251953125,546.5785522460938,8296.32421875,8296.32421875,60,606.8364912644029,0.055296000093221664,f63100a4b8fac148fcd1731d5d6b22a781aba2584fe95c85d84b18cdb0ddb9c1,True
317,8,15,165,recent_k4,1.4842517375946045,3.1776607036590576,3.1776607036590576,1.4842517375946045,0.00011652708053588867,89.05509948730469,190.65963745117188,190.65963745117188,60,609.0835011564195,0.05632000043988228,8fd1382a12d8705b3ab3660148f3b1d8c706f7c724164a0048cd0ad692939d67,True
318,8,15,180,recent_k4,1.1990950107574463,2.2791426181793213,2.2791426181793213,1.1990950107574463,9.769201278686523e-05,71.94569396972656,136.74855041503906,136.74855041503906,60,606.1223680153489,0.05734400078654289,d43c3038b3cf3c17499a0bbb220edc2452ffff0afb4b99eeada234a97b377675,True
319,8,15,195,recent_k4,1.232792854309082,2.335242748260498,2.335242748260498,1.232792854309082,9.888410568237305e-05,73.96756744384766,140.11456298828125,140.11456298828125,60,606.8493709899485,0.0562559999525547,e36a223bb54dbed596cd06e34d5453386882d5630151f752e0dde59eb7c09e16,True
320,8,15,210,recent_k4,1.261574149131775,2.385572671890259,2.385572671890259,1.261574149131775,9.489059448242188e-05,75.69444274902344,143.1343536376953,143.1343536376953,60,606.2218071892858,0.05632000043988228,723a98667d65a54b0ce48fd7623c2f2551754f7870a37f0f783cc9b0e6976c04,True
321,8,15,225,recent_k4,3.3442533016204834,17.915292739868164,17.915292739868164,3.3442533016204834,0.0006451606750488281,200.65518188476562,1074.91748046875,1074.91748046875,60,609.6301968209445,0.05734400078654289,dc7073d40c920dc540d7a97008ad6019c8679c4088f088e8a02ad90e55d2955e,True
322,8,3,30,recent_k4,25.94548797607422,1866.217529296875,1866.217529296875,25.94548797607422,0.06011962890625,1556.729248046875,111973.046875,111973.046875,60,608.313427772373,0.05532800033688545,ead636522cbbc7354ecfb17aa5fe6ce0a8087d4c181aeaabca994fb52ef8e4b6,True
323,8,3,45,recent_k4,35.63166809082031,14465.712890625,3434.67919921875,35.63166809082031,0.45068359375,2137.89990234375,867942.75,206080.734375,60,608.3666980266571,0.055296000093221664,f24af2dc144b5e3bad0b6ad5bc724266b2280c0a3a0801bc33e97096476aef12,True
324,8,3,60,recent_k4,38.55453872680664,7787.8984375,4551.08935546875,38.55453872680664,0.2423095703125,2313.272216796875,467273.875,273065.34375,60,608.6732456460595,0.055296000093221664,162eeef3da1cd647a4e9eb1399037ef0a0989ca28493de84a2081b211c70bcf8,True
325,8,3,75,recent_k4,19.57074546813965,1008.224609375,1008.224609375,19.57074546813965,0.03179931640625,1174.24462890625,60493.47265625,60493.47265625,60,608.2613291218877,0.055296000093221664,9e81c65fce16db78c5609668740b85d5f878018e8b8c08f00e874c84888d006d,True
326,8,3,90,recent_k4,8.635170936584473,129.15792846679688,129.15792846679688,8.635170936584473,0.00438690185546875,518.1102294921875,7749.4755859375,7749.4755859375,60,608.2633389160037,0.055296000093221664,7635da0b1e56bf1498607e4529fc053eb8fd44ea41ae73ccbebe92609f952ba9,True
327,8,3,105,recent_k4,3.98614501953125,31.60944938659668,31.60944938659668,3.98614501953125,0.0016422271728515625,239.16868591308594,1896.56689453125,1896.56689453125,60,608.5830270312726,0.05632000043988228,430de3380ee664d7825dfa57e5197c9815b5ed6c0a70d0d9321935d2fe932e6c,True
328,8,3,120,recent_k4,12.45402717590332,322.2689514160156,322.2689514160156,12.45402717590332,0.0121612548828125,747.2415771484375,19336.13671875,19336.13671875,60,608.5810866206884,0.055296000093221664,5261f56c0d5ca1accdb00e9219478bb37e1c464eb288e8eb40f081ccf6f84c71,True
329,8,3,135,recent_k4,12.756936073303223,267.806884765625,267.806884765625,12.756936073303223,0.0114593505859375,765.4161376953125,16068.4130859375,16068.4130859375,60,608.255660161376,0.055296000093221664,56bc6a3fb7c6c180343f5e6f2885b6df2d921950767b7028f9ba44a1c0db85f7,True
330,8,3,150,recent_k4,14.358818054199219,314.4378356933594,314.4378356933594,14.358818054199219,0.01450347900390625,861.529052734375,18866.26953125,18866.26953125,60,608.2163201645017,0.055296000093221664,9547bd506f390665a7d4354f06971b94bfaa538429c78803074f12c15394aae9,True
331,8,3,165,recent_k4,11.368537902832031,167.079345703125,167.079345703125,11.368537902832031,0.0064544677734375,682.1122436523438,10024.759765625,10024.759765625,60,607.8269639983773,0.055296000093221664,b3d92faab3a4cbd1b395418136c31eb840237d1d003506699b06defa9965e3f4,True
332,8,3,180,recent_k4,4.527560710906982,35.78717803955078,35.78717803955078,4.527560710906982,0.0011491775512695312,271.65362548828125,2147.23046875,2147.23046875,60,608.1357318907976,0.055296000093221664,3c19b966e79644b39603fc7a2345fbabf339e8b57f2c4bbd04effcd7002397cf,True
333,8,3,195,recent_k4,1.972682237625122,6.002527236938477,6.002527236938477,1.972682237625122,0.000209808349609375,118.36093139648438,360.151611328125,360.151611328125,60,608.2343906164169,0.05632000043988228,1c0ace66a462aaf51491f2767250b8ed039558398b695d928d9cf7e25673f5b2,True
334,8,3,210,recent_k4,4.99640417098999,41.49137496948242,41.49137496948242,4.99640417098999,0.0022125244140625,299.78424072265625,2489.482421875,2489.482421875,60,607.5057568959892,0.06348799914121628,0819f63eb0c04372efeec8fefd490f49cd32703e482b17757fd1becdbb759510,True
335,8,3,225,recent_k4,6.454550743103027,104.39486694335938,104.39486694335938,6.454550743103027,0.003265380859375,387.27301025390625,6263.69189453125,6263.69189453125,60,607.4862768873572,0.05632000043988228,f82a42fd6052a10a236a7f096f0337bb8665696ecb211044200c4f1824cf443b,True
336,8,35,30,recent_k4,40.68312454223633,2546.798583984375,2546.798583984375,40.68312454223633,0.087646484375,2440.9873046875,152807.90625,152807.90625,60,607.2909692302346,0.055296000093221664,e34d3b6e93b0d6f7d857756ac53d127d7955a1c06c2dc04305671f041fe14d0c,True
337,8,35,45,recent_k4,16.275785446166992,426.2000732421875,426.2000732421875,16.275785446166992,0.0258331298828125,976.547119140625,25572.00390625,25572.00390625,60,607.8662239015102,0.05632000043988228,960760aa48484bc949c1a1524dea2d1d2655c3507d113af544e0b99b290d3f83,True
338,8,35,60,recent_k4,30.335723876953125,1055.6964111328125,1055.6964111328125,30.335723876953125,0.046661376953125,1820.143310546875,63341.78125,63341.78125,60,607.5294259935617,0.05632000043988228,31e3c43ef3f18c0f20a786eacc36215b2a2f83922f809696543f0fc9a7f73329,True
339,8,35,75,recent_k4,3.469069480895996,15.966388702392578,15.966388702392578,3.469069480895996,0.001384735107421875,208.1441650390625,957.9832763671875,957.9832763671875,60,607.3669977486134,0.05632000043988228,e29c2c46ab88f6252c441e37fc1d10ab6c3c15a9c1d58f510d1f38a1f0bbbe68,True
340,8,35,90,recent_k4,3.131303310394287,20.64873695373535,20.64873695373535,3.131303310394287,0.0007014274597167969,187.87818908691406,1238.9241943359375,1238.9241943359375,60,607.6628463342786,0.055296000093221664,29a31e6545d23532e0a0a31fd8403ef0cebdb199d0e57fb6d42cec8dd52449f5,True
341,8,35,105,recent_k4,8.764453887939453,210.98924255371094,210.98924255371094,8.764453887939453,0.0163421630859375,525.8671875,12659.353515625,12659.353515625,60,606.9986121729016,0.05632000043988228,e6ec74ee578a511e592e4c9778e6d9014345479d3ad41bf40b38906c82777031,True
342,8,35,120,recent_k4,23.48341178894043,712.5958862304688,712.5958862304688,23.48341178894043,0.04766845703125,1409.004638671875,42755.75,42755.75,60,607.6469956897199,0.05632000043988228,e12320eaacdd01e2bfb4f4d2a5d9b6ceca79c5a62d31e68b13131ec8f8594897,True
343,8,35,135,recent_k4,20.918081283569336,547.2271118164062,547.2271118164062,20.918081283569336,0.032867431640625,1255.0848388671875,32833.625,32833.625,60,608.3541898988187,0.055296000093221664,54ac88c48f37fc97cddfd58feb08c1fe2838fd320fac403ff1cf0596d1c49a58,True
344,8,35,150,recent_k4,15.655740737915039,524.556640625,524.556640625,15.655740737915039,0.021209716796875,939.3444213867188,31473.3984375,31473.3984375,60,608.0219331197441,0.05734400078654289,7a56b0aee3f5b496d5a0109458d83745eb93922e489d1fb2a7808beb5315a518,True
345,8,35,165,recent_k4,15.467449188232422,416.1943664550781,416.1943664550781,15.467449188232422,0.015716552734375,928.046875,24971.66015625,24971.66015625,60,608.0484730191529,0.05427199974656105,5ac62e15074839c0a05d3acd5384bbff7bbb2d6a36e69820808e29e17ae7dffe,True
346,8,35,180,recent_k4,2.0462515354156494,6.03938102722168,6.03938102722168,2.0462515354156494,0.00038170814514160156,122.77508544921875,362.36285400390625,362.36285400390625,60,620.2041967771947,0.05532800033688545,f4f02a7285fc4d5c7dc0be48ae69dbc939ebd5aa5686d14da51aede822191fdd,True
347,8,35,195,recent_k4,2.5633962154388428,8.187888145446777,8.187888145446777,2.5633962154388428,0.000492095947265625,153.80377197265625,491.27325439453125,491.27325439453125,60,608.2325419411063,0.05632000043988228,055bf01d31c428ace08b1bdc33c98f4d5f3643a03d05d00c3426845c50f8846e,True
348,8,35,210,recent_k4,6.859261989593506,102.83668518066406,102.83668518066406,6.859261989593506,0.0035228729248046875,411.5556945800781,6170.20068359375,6170.20068359375,60,608.2637910731137,0.05734400078654289,c939f18e76d969994a7c7ae6a26ac2bae91575dff7eb88bee1a32c682615c159,True
349,8,35,225,recent_k4,23.14714241027832,1824.048583984375,1824.048583984375,23.14714241027832,0.05908203125,1388.8284912109375,109442.90625,109442.90625,60,607.9400340095162,0.055296000093221664,2368347fb6c3016ff8d6a64abda57e18a0a4ee184d86877475f6dbe718f1c749,True
350,8,48,30,recent_k4,29.924821853637695,4055.403564453125,1451.13037109375,29.924821853637695,0.1661376953125,1795.4892578125,243324.203125,87067.8203125,60,609.7899479791522,0.05939200147986412,9de96de6a8a0499d6e521f40bf4f5221a9db831d7bb851494f41153761cd0fea,True
351,8,48,45,recent_k4,58.24091339111328,12201.8544921875,7755.21240234375,58.24091339111328,0.3798828125,3494.45458984375,732111.25,465312.71875,60,607.7204458415508,0.05734400078654289,1fc49bb4b9eeb3176bc1dd08ad09b6e11925ff05c00002bf3c62cf7b35bd0033,True
352,8,48,60,recent_k4,6.844265937805176,94.44115447998047,94.44115447998047,6.844265937805176,0.00457000732421875,410.65594482421875,5666.46875,5666.46875,60,608.7077781558037,0.05427199974656105,ce164f66f273debc2bb87d296ec4304d116b16f19095b42bdbd6d99cf101c280,True
353,8,48,75,recent_k4,5.12723970413208,40.40031051635742,40.40031051635742,5.12723970413208,0.0014524459838867188,307.6343688964844,2424.0185546875,2424.0185546875,60,608.1336629576981,0.05632000043988228,c3fd637cb28fc5aade2d49f82e60e4950ae1b18c520496166f694bab27895462,True
354,8,48,90,recent_k4,1.52894127368927,3.8726468086242676,3.8726468086242676,1.52894127368927,0.0003094673156738281,91.7364730834961,232.35879516601562,232.35879516601562,60,608.0774329602718,0.05734400078654289,bafd24028838bdd2542b5807de9bb7657632d28c4a4b9017a481bba7b19c6362,True
355,8,48,105,recent_k4,2.458407163619995,7.122804164886475,7.122804164886475,2.458407163619995,0.0005388259887695312,147.50442504882812,427.36822509765625,427.36822509765625,60,607.992934063077,0.055296000093221664,5de70025b2370958772e70bb1712cb65ff9f6833c6e4e6582aa8caeac5069a7f,True
356,8,48,120,recent_k4,1.608065128326416,3.7748799324035645,3.7748799324035645,1.608065128326416,0.00021457672119140625,96.48390197753906,226.49278259277344,226.49278259277344,60,608.0951737239957,0.055296000093221664,6d98b0764082ab29d7e7300f004799ce1aed96e2309aff6279898dde817d77e1,True
357,8,48,135,recent_k4,4.750657081604004,44.0785026550293,44.0785026550293,4.750657081604004,0.001556396484375,285.0393981933594,2644.7099609375,2644.7099609375,60,611.6203130222857,0.055296000093221664,950a07f428408f0c2494fd8dd4e577ca10da9f099a337ff6701521243ed73bd4,True
358,8,48,150,recent_k4,2.599100112915039,11.178326606750488,11.178326606750488,2.599100112915039,0.0003955364227294922,155.9459991455078,670.6995849609375,670.6995849609375,60,609.0106847696006,0.062463998794555664,f8307405a40dde0edbd76e26a5c51e47234a4bc4a353c1cdfb94418fed9a3fc1,True
359,8,48,165,recent_k4,5.567202568054199,53.107059478759766,53.107059478759766,5.567202568054199,0.0019168853759765625,334.0321350097656,3186.42333984375,3186.42333984375,60,609.2496439814568,0.05632000043988228,47a5a9a620cae9b7092a506fe3ddfcf47393a68a5f69d673212f09906d2ac7f7,True
360,8,48,180,recent_k4,3.886502265930176,22.28826141357422,22.28826141357422,3.886502265930176,0.0013208389282226562,233.19012451171875,1337.295654296875,1337.295654296875,60,608.5996199399233,0.055296000093221664,261c753953a834c810d569baa40690d44855852ad8d26789a9edc8d65bd590ad,True
361,8,48,195,recent_k4,5.228734970092773,49.85615921020508,49.85615921020508,5.228734970092773,0.0030498504638671875,313.7240905761719,2991.369384765625,2991.369384765625,60,608.2766833715141,0.06348799914121628,ce6b3b6857f0947bccab0cc50edc4e87cbd982848065062b86cf81f9e7c98d27,True
362,8,48,210,recent_k4,3.854983329772949,36.42837142944336,36.42837142944336,3.854983329772949,0.0014238357543945312,231.29898071289062,2185.7021484375,2185.7021484375,60,608.4728296846151,0.055296000093221664,94b622daa7ce8d151c23a892e4e5ccce27a3bbf4ce40db2752e695e32c117064,True
363,8,48,225,recent_k4,7.188762664794922,73.58538818359375,73.58538818359375,7.188762664794922,0.0036163330078125,431.32574462890625,4415.123046875,4415.123046875,60,608.4979400038719,0.05632000043988228,0fd07b616a370c0e558cb820efd2f4fdb283dcd839645c0288092eacd392cfc7,True
364,8,22,30,recent_k4,2.800400733947754,11.457371711730957,11.457371711730957,2.800400733947754,0.0005040168762207031,168.02403259277344,687.4422607421875,687.4422607421875,60,607.9336749389768,0.05632000043988228,ab33302a8214dd8fec03534c184dabdaea37dfaa64076210bdcee8e6cf6d90ec,True
365,8,22,45,recent_k4,2.465444564819336,7.824675559997559,7.824675559997559,2.465444564819336,0.0005049705505371094,147.92666625976562,469.4804992675781,469.4804992675781,60,605.075681116432,0.05632000043988228,0660678029c12332d657d976f6be9604eae17bba56d5dff44fc457fb767d89ec,True
366,8,22,60,recent_k4,2.0104312896728516,6.761138439178467,6.761138439178467,2.0104312896728516,0.000324249267578125,120.62586975097656,405.66827392578125,405.66827392578125,60,605.1995400339365,0.05632000043988228,76df5f0a6160d7903317ee4b7c7d56728f44a773418bc05a5cc5c0ccc1190944,True
367,8,22,75,recent_k4,1.7741354703903198,4.56227445602417,4.56227445602417,1.7741354703903198,0.00020754337310791016,106.4481201171875,273.7364501953125,273.7364501953125,60,605.487756896764,0.05632000043988228,6f121966d510ee67ae47141d32548ec08c6b1db89dd295fe5bd56cfeab7a52cb,True
368,8,22,90,recent_k4,3.3176651000976562,12.558549880981445,12.558549880981445,3.3176651000976562,0.0006461143493652344,199.0598907470703,753.512939453125,753.512939453125,60,606.0852720402181,0.05644800141453743,5e846808ffcf0e9570a9b5ee7cda70afc893eedf028667dbdd0aaa157df06185,True
369,8,22,105,recent_k4,2.350794553756714,7.080698013305664,7.080698013305664,2.350794553756714,0.0003924369812011719,141.04766845703125,424.84185791015625,424.84185791015625,60,607.696897815913,0.05734400078654289,afd065323adfb2dcb94aa990189d0edccdb69d0816626dc8de3ee7e5c43e6fe9,True
370,8,22,120,recent_k4,1.5470154285430908,2.9767768383026123,2.9767768383026123,1.5470154285430908,0.00018596649169921875,92.8209228515625,178.60659790039062,178.60659790039062,60,608.4522712044418,0.05632000043988228,cd49f8072837a9edda6acd9acffabe53469d889badc8a6b82eda580b9a708068,True
371,8,22,135,recent_k4,2.623331308364868,16.38595199584961,16.38595199584961,2.623331308364868,0.000759124755859375,157.39987182617188,983.1571044921875,983.1571044921875,60,608.2290532067418,0.05734400078654289,76e80af999624676e092638cde4a517ab36619cf3a3a3edd6b98dfbe89f13ab6,True
372,8,22,150,recent_k4,3.2679266929626465,26.290422439575195,26.290422439575195,3.2679266929626465,0.0008525848388671875,196.07559204101562,1577.42529296875,1577.42529296875,60,608.1467238254845,0.05632000043988228,92634b39a11699329afa8ab54cca1f0f307789013a7a3d5fdf89b4767de312b2,True
373,8,22,165,recent_k4,1.7994067668914795,4.869363307952881,4.869363307952881,1.7994067668914795,0.00031113624572753906,107.96440124511719,292.1617736816406,292.1617736816406,60,607.6128487475216,0.05632000043988228,6173d4112e57da06ca871523e79677d1a6290e3bf6a4f7bbadc576fbe7406950,True
374,8,22,180,recent_k4,1.6100767850875854,3.6889231204986572,3.6889231204986572,1.6100767850875854,0.00023865699768066406,96.60459899902344,221.3353729248047,221.3353729248047,60,608.0268146470189,0.05632000043988228,2aaa7dcf586a5e68aca8bba33ad3df98f10e3662049cdf447bd816decf423cae,True
375,8,22,195,recent_k4,3.2957499027252197,24.084381103515625,24.084381103515625,3.2957499027252197,0.0007610321044921875,197.74497985839844,1445.062744140625,1445.062744140625,60,608.4116618148983,0.05632000043988228,f8e2ad39b500f8b26bc4daf6d94be528844be0481b579c5dada7a6e011e6a176,True
376,8,22,210,recent_k4,1.825417160987854,4.304859638214111,4.304859638214111,1.825417160987854,0.00025200843811035156,109.5250244140625,258.29156494140625,258.29156494140625,60,608.1735640764236,0.055296000093221664,b95bd6c865b7a7df9fa374feaf70936ff40b176917ead38f8b48632c2ffc48e2,True
377,8,22,225,recent_k4,1.3550982475280762,2.826538324356079,2.826538324356079,1.3550982475280762,0.00014793872833251953,81.30589294433594,169.59228515625,169.59228515625,60,607.9372959211469,0.05632000043988228,99dac8bfc11a56f707f9fb31a6df69a6df0192e7fb398078d644b750a4c8ac92,True
378,8,55,30,recent_k4,38.25398635864258,3179.971923828125,3023.34130859375,38.25398635864258,0.11676025390625,2295.239013671875,190798.3125,181400.46875,60,608.0721649341285,0.06348799914121628,1bfc8a813e28197d08bb1a803edf05c6e0bda11543888a5df4213ebbed6558b7,True
379,8,55,45,recent_k4,9.823694229125977,140.80857849121094,140.80857849121094,9.823694229125977,0.00792694091796875,589.421630859375,8448.5146484375,8448.5146484375,60,607.5479602441192,0.05628800019621849,42c7b655869ce59d752ba26b024c5b67da7b517f9786a62e2c77e9e7d8edfe05,True
380,8,55,60,recent_k4,2.0840744972229004,6.980367183685303,6.980367183685303,2.0840744972229004,0.0003037452697753906,125.0444564819336,418.822021484375,418.822021484375,60,608.1040250137448,0.05734400078654289,c2423da7c60ffa479d8ca04b6ac025efe11d4f79e4f3f5a9949eba4eeb39d648,True
381,8,55,75,recent_k4,1.7369412183761597,3.683687925338745,3.683687925338745,1.7369412183761597,0.00017440319061279297,104.21646881103516,221.02127075195312,221.02127075195312,60,607.9008369706571,0.05628800019621849,aa6d1e8e557de0f8e18121a13c0668257d80793ef561a6291d30c79fbfcc96f9,True
382,8,55,90,recent_k4,1.976928949356079,5.081122398376465,5.081122398376465,1.976928949356079,0.00021886825561523438,118.61573028564453,304.8673400878906,304.8673400878906,60,607.2859419509768,0.05734400078654289,2cbfa5f4951bb50c38972c22fac032e278664a025c792aa7f631c35738aee22e,True
383,8,55,105,recent_k4,1.8207237720489502,4.381391525268555,4.381391525268555,1.8207237720489502,0.00018274784088134766,109.24342346191406,262.88348388671875,262.88348388671875,60,608.0180858261883,0.05628800019621849,6b0d27f6bfdc000c200991e50698bd3bb36b242236da656758a8f2fef05c348e,True
384,8,55,120,recent_k4,1.866853952407837,4.72667932510376,4.72667932510376,1.866853952407837,0.00018835067749023438,112.01123046875,283.6007385253906,283.6007385253906,60,607.5170803815126,0.05632000043988228,f8bb9cbd84bb912ccac060fa6ea63c48a6ee58f959d3588fd18dddafbdeae849,True
385,8,55,135,recent_k4,1.9844268560409546,5.091090202331543,5.091090202331543,1.9844268560409546,0.00021350383758544922,119.06560516357422,305.46539306640625,305.46539306640625,60,607.370781712234,0.055296000093221664,b009dd954c57efe0f885618555a84d323752c9c6e0532c41422edc442f952867,True
386,8,55,150,recent_k4,1.9092893600463867,4.911337375640869,4.911337375640869,1.9092893600463867,0.0002046823501586914,114.55735778808594,294.68023681640625,294.68023681640625,60,607.7322191558778,0.055296000093221664,a53dc4421a2207c208aad36ed5f413866430423f8dce8770d30b1fa46e023018,True
387,8,55,165,recent_k4,1.7544496059417725,3.9458401203155518,3.9458401203155518,1.7544496059417725,0.00017404556274414062,105.2669677734375,236.75039672851562,236.75039672851562,60,608.4322920069098,0.05734400078654289,94871a50fabdfd71a761f71333d245d285e81824e37b74b94aa50b9bb10682cf,True
388,8,55,180,recent_k4,1.6895726919174194,3.743436574935913,3.743436574935913,1.6895726919174194,0.0001710653305053711,101.37435913085938,224.60618591308594,224.60618591308594,60,607.9543768428266,0.055296000093221664,bab97bbee74284ffe69886e279a9aa3be8b44e24bbfadc560870a9d1a287c667,True
389,8,55,195,recent_k4,1.74030339717865,4.01842737197876,4.01842737197876,1.74030339717865,0.00018775463104248047,104.41819763183594,241.1056365966797,241.1056365966797,60,608.4414226934314,0.055296000093221664,052396bbb5bc6155a3f17d488d45972dfe2cb4e371856b1f27015c0f89c00c3a,True
390,8,55,210,recent_k4,1.7435427904129028,3.9436488151550293,3.9436488151550293,1.7435427904129028,0.0001817941665649414,104.61256408691406,236.61891174316406,236.61891174316406,60,608.354973141104,0.06451199948787689,ba73f2d98a96c08bcc5515a12fd2e5a6d29a7cca40883ada9145300e5afa3bf7,True
391,8,55,225,recent_k4,1.716507077217102,3.9272263050079346,3.9272263050079346,1.716507077217102,0.00018107891082763672,102.99041748046875,235.63356018066406,235.63356018066406,60,608.5506919771433,0.055296000093221664,edad0767c8b1ed7343344b3a0a8c26d9e46c80d050bea31319d4a87221d6f720,True
392,8,4,30,recent_k4,10.838190078735352,309.5251770019531,309.5251770019531,10.838190078735352,0.0095977783203125,650.2913818359375,18571.509765625,18571.509765625,60,608.2522752694786,0.05430399999022484,0f1cf3ca65580f0a5fe844c1f812fed9b71445ea8f4bdce5a01b07a925ad9002,True
393,8,4,45,recent_k4,7.28602933883667,195.7403564453125,195.7403564453125,7.28602933883667,0.006195068359375,437.1617431640625,11744.4208984375,11744.4208984375,60,607.5453911907971,0.055296000093221664,031a47ad150ef5c0fbec04bdf9640d98674b4b97f371f9fdce2d3d0288724b83,True
394,8,4,60,recent_k4,20.52302360534668,951.0568237304688,951.0568237304688,20.52302360534668,0.02984619140625,1231.38134765625,57063.40625,57063.40625,60,607.6751197688282,0.055296000093221664,eb95e20140386e7ea1d6aaa1ebed95d740704cf2bd11baf67df32be6ec060527,True
395,8,4,75,recent_k4,11.333199501037598,343.7522888183594,343.7522888183594,11.333199501037598,0.01062774658203125,679.991943359375,20625.13671875,20625.13671875,60,608.2734446972609,0.06451199948787689,a5a81b85757fa04ba44b9c317f50d55de588657bd98ad13c4be6f573ac33bbe3,True
396,8,4,90,recent_k4,11.687623023986816,402.7571716308594,402.7571716308594,11.687623023986816,0.01258087158203125,701.25732421875,24165.4296875,24165.4296875,60,608.6566410958767,0.06348799914121628,a709b4d16cd96367e7a81ce918b04dbb7208126ee6d95176fd79364d24ea9ac8,True
397,8,4,105,recent_k4,11.722933769226074,308.2795715332031,308.2795715332031,11.722933769226074,0.010650634765625,703.3759765625,18496.7734375,18496.7734375,60,609.7108628600836,0.05632000043988228,7f3a309e28754330d0745f37735453e2db8fb24294a2e1a9086fc44f1595db4a,True
398,8,4,120,recent_k4,11.69657039642334,374.5067443847656,374.5067443847656,11.69657039642334,0.01157379150390625,701.794189453125,22470.404296875,22470.404296875,60,608.5089831613004,0.06143999844789505,12f9d966d27801bf01dfb53b693c0b4dcb2e94a98628afe1be649ebf5b11091b,True
399,8,4,135,recent_k4,9.934438705444336,226.40602111816406,226.40602111816406,9.934438705444336,0.007244110107421875,596.0662841796875,13584.3603515625,13584.3603515625,60,620.1547007076442,0.06143999844789505,90db76b16ef08887f28793c47b9d30ccbf28d1f43b437066ac828dd48b411aec,True
400,8,4,150,recent_k4,33.3160400390625,4734.29296875,3290.62939453125,33.3160400390625,0.156494140625,1998.96240234375,284057.5625,197437.75,60,609.1595878824592,0.060416001826524734,0d7b0c6edadaeb1302028f49a9dfbe835d20c2d458c531a484baf759ee4d16a8,True
401,8,4,165,recent_k4,54.220062255859375,5777.93994140625,5637.2158203125,54.220062255859375,0.198486328125,3253.20361328125,346676.375,338232.9375,60,609.1169277206063,0.05632000043988228,b479e249540ea6934eebc6e90e00dd5642696406d7111ffdcd05f5f1d1f9ac01,True
402,8,4,180,recent_k4,8.694547653198242,208.75790405273438,208.75790405273438,8.694547653198242,0.006744384765625,521.6728515625,12525.4736328125,12525.4736328125,60,609.500365331769,0.05632000043988228,e4d1ab21b44926b872693ceac18a250dbe00cc6375a6a80df80436f6ab604341,True
403,8,4,195,recent_k4,9.545989036560059,192.0282440185547,192.0282440185547,9.545989036560059,0.006591796875,572.7593383789062,11521.6943359375,11521.6943359375,60,609.2424369417131,0.05734400078654289,6a74187b82d2597618ff2c7f3876c9166d2efe74dbb3c5a82a1776ea5964d60f,True
404,8,4,210,recent_k4,35.83210754394531,1912.6180419921875,1912.6180419921875,35.83210754394531,0.07470703125,2149.92626953125,114757.078125,114757.078125,60,609.4876350834966,0.058368001133203506,9d1d613cb0354290292c26c984895131e39927d18cff389e1031baafc5b78766,True
405,8,4,225,recent_k4,13.041754722595215,308.9314270019531,308.9314270019531,13.041754722595215,0.01256561279296875,782.5052490234375,18535.884765625,18535.884765625,60,609.1578779742122,0.05632000043988228,5b3d9f950225f147f75884f82effbd136c3487b9eba4393241d632096ac82562,True
406,8,45,30,recent_k4,10.539291381835938,244.64036560058594,244.64036560058594,10.539291381835938,0.01348876953125,632.357421875,14678.4208984375,14678.4208984375,60,608.9941887184978,0.055296000093221664,d8e83a5f2216dc0eb8c86e0a91e4f1b9297bfed94e3bce5b73a1d17dc0e8274e,True
407,8,45,45,recent_k4,27.420915603637695,1203.46533203125,1203.46533203125,27.420915603637695,0.0640869140625,1645.2548828125,72207.9140625,72207.9140625,60,608.3610150963068,0.05632000043988228,053d126801bd50e2c2c4c26839700d5e6a74883959af439998bcfc80e1009287,True
408,8,45,60,recent_k4,15.017333030700684,335.9485168457031,335.9485168457031,15.017333030700684,0.01207733154296875,901.0399169921875,20156.91015625,20156.91015625,60,609.1892281547189,0.055296000093221664,31426194305d76b3bc1ebf51f484ad8e3815ab6cc0b698cb071c8092235b8a1e,True
409,8,45,75,recent_k4,4.784024238586426,48.298439025878906,48.298439025878906,4.784024238586426,0.0016546249389648438,287.04144287109375,2897.90625,2897.90625,60,608.954070135951,0.055296000093221664,05fd545a1730e3a421c1b8bbaaa0a0cb9f96a765b7c177236e3cad326d0be700,True
410,8,45,90,recent_k4,5.085939884185791,36.45864486694336,36.45864486694336,5.085939884185791,0.0016880035400390625,305.1563720703125,2187.5185546875,2187.5185546875,60,610.7056848704815,0.05632000043988228,73112e1092adaad057c821a6099c1d49f3d1400563ec1ff3f9d07ad4d3f7629f,True
411,8,45,105,recent_k4,1.6594549417495728,4.56744384765625,4.56744384765625,1.6594549417495728,0.00016951560974121094,99.56729125976562,274.046630859375,274.046630859375,60,609.6068038605154,0.05539200082421303,8d8153be0a7b79b3f61980ecddcf30e207a812ea943741831dd32b2fc0c6df1a,True
412,8,45,120,recent_k4,17.656780242919922,954.3411254882812,954.3411254882812,17.656780242919922,0.03131103515625,1059.40673828125,57260.46484375,57260.46484375,60,609.3006366863847,0.05427199974656105,a05589d7e7a538a7c36e767e41bb41da6861f1260984214ca17c541f7cbdc4b5,True
413,8,45,135,recent_k4,6.394964694976807,94.96587371826172,94.96587371826172,6.394964694976807,0.0029773712158203125,383.6978759765625,5697.9521484375,5697.9521484375,60,609.5924652181566,0.055296000093221664,52965404cdd5c0f17aedc3d6f327c25882b74eae95be84b4227b4e1212dda432,True
414,8,45,150,recent_k4,6.05444860458374,79.1988296508789,79.1988296508789,6.05444860458374,0.0025463104248046875,363.26690673828125,4751.9296875,4751.9296875,60,608.7921122089028,0.05632000043988228,5c3d8b5f7ba01fcf7f0b102636f671832137019bf225d018399cfff025baeec2,True
415,8,45,165,recent_k4,6.054721832275391,77.45318603515625,77.45318603515625,6.054721832275391,0.002506256103515625,363.2832946777344,4647.19091796875,4647.19091796875,60,609.4236457720399,0.055296000093221664,e67ba2165a3a22462acadd6d38382eaf37b2f75677d549d2e6de05dd8c04ceb4,True
416,8,45,180,recent_k4,6.022042751312256,77.48546600341797,77.48546600341797,6.022042751312256,0.0025005340576171875,361.3225402832031,4649.1279296875,4649.1279296875,60,612.4110100790858,0.055296000093221664,674ffe5d9f4103da3997aff6b00ccbdbea7e10ed621e804eca7fab23f210b1dd,True
417,8,45,195,recent_k4,6.046929359436035,78.8206558227539,78.8206558227539,6.046929359436035,0.0025424957275390625,362.81573486328125,4729.2392578125,4729.2392578125,60,608.5916729643941,0.060416001826524734,d1834c3f7689a3faa7ebf56bb24b963f3e8b41f1ff1470cc14a04329266263ab,True
418,8,45,210,recent_k4,6.142076015472412,80.91265106201172,80.91265106201172,6.142076015472412,0.0026187896728515625,368.5245361328125,4854.7587890625,4854.7587890625,60,617.906803265214,0.055296000093221664,4d4a0dfaf69d3f471c69de2706323c9fd5a15c2f9d084f2e90472ca37e1b03e1,True
419,8,45,225,recent_k4,6.116238117218018,80.09129333496094,80.09129333496094,6.116238117218018,0.0025920867919921875,366.9742736816406,4805.4775390625,4805.4775390625,60,608.6728828959167,0.0655359998345375,7315c0104a1bd6847a66974ab78de99a72dfebc55709f8b02c3d90dd8ce87497,True
420,8,60,30,recent_k4,5.226922035217285,95.45553588867188,95.45553588867188,5.226922035217285,0.0030002593994140625,313.61529541015625,5727.33203125,5727.33203125,60,609.2002186924219,0.05632000043988228,26962d465f99972deb3762f457a9890f59cd0c6d121d218114e5b3f42e8540f6,True
421,8,60,45,recent_k4,3.3843905925750732,15.462387084960938,15.462387084960938,3.3843905925750732,0.0005273818969726562,203.0634307861328,927.7431640625,927.7431640625,60,606.5249820239842,0.058368001133203506,ba3d3ed7099e765a070b74ae1e2b7beb83a6026fbb37539eb8972ebd6cbec550,True
422,8,60,60,recent_k4,2.330061674118042,9.328322410583496,9.328322410583496,2.330061674118042,0.00031185150146484375,139.80369567871094,559.6993408203125,559.6993408203125,60,610.1391208358109,0.06656000018119812,333810d11646a57959426651cf99464720ae4ed3eb97f49c0635550019895c5a,True
423,8,60,75,recent_k4,2.4768002033233643,12.842733383178711,12.842733383178711,2.4768002033233643,0.0004107952117919922,148.60800170898438,770.56396484375,770.56396484375,60,616.3607859052718,0.06963200122117996,b26dd19aef4009077f9f1a2e9d9a1354a375605c64b0f395fdee0cbdbe2224db,True
424,8,60,90,recent_k4,6.206447601318359,88.28138732910156,88.28138732910156,6.206447601318359,0.003276824951171875,372.3868408203125,5296.8828125,5296.8828125,60,603.9659241214395,0.06348799914121628,e74bdf768f76653c67954efd3a29149654b6f5a0f9f12020eb1aa1ab69ebc2fa,True
425,8,60,105,recent_k4,10.287253379821777,185.25418090820312,185.25418090820312,10.287253379821777,0.0059661865234375,617.2351684570312,11115.25,11115.25,60,601.337758358568,0.05628800019621849,6c333cee4242e94d369fd6a76ab871a9fd7507207ad692519f6647eeca153c08,True
426,8,60,120,recent_k4,3.3921897411346436,15.94699478149414,15.94699478149414,3.3921897411346436,0.0005674362182617188,203.5313720703125,956.8196411132812,956.8196411132812,60,644.8635482229292,0.06441599875688553,988bee404bfb8794b0584a554c377316486b27e65f0ec3d506bae45f330c5d0b,True
427,8,60,135,recent_k4,1.7223091125488281,4.460608005523682,4.460608005523682,1.7223091125488281,0.00015056133270263672,103.33853912353516,267.636474609375,267.636474609375,60,608.245668001473,0.06348799914121628,5d2a8281c78000ce2a2ba5cd33bb1cdb78775abf9cb34f26c0fc65d10223cf4a,True
428,8,60,150,recent_k4,1.8295929431915283,5.468245506286621,5.468245506286621,1.8295929431915283,0.00017440319061279297,109.77557373046875,328.0947265625,328.0947265625,60,608.053679112345,0.058368001133203506,2cfa6ed2699061bfc007b767d8cb4bde28736c05928f3585c68b3bf12b0c687f,True
429,8,60,165,recent_k4,2.6649818420410156,15.3239107131958,15.3239107131958,2.6649818420410156,0.00051116943359375,159.89889526367188,919.4345703125,919.4345703125,60,608.9215511456132,0.05628800019621849,66924df9163b9cf59204fb4b21d15bb146dc213c5fbf613f759eec90e2b44837,True
430,8,60,180,recent_k4,3.765963315963745,27.426727294921875,27.426727294921875,3.765963315963745,0.0009150505065917969,225.95779418945312,1645.603515625,1645.603515625,60,610.1219709962606,0.055296000093221664,01562c7be319448c80a8fced924dfef4f0cab1222dd03fa25e5f51611c2e89d7,True
431,8,60,195,recent_k4,3.760732412338257,31.713356018066406,31.713356018066406,3.760732412338257,0.0009851455688476562,225.64393615722656,1902.80126953125,1902.80126953125,60,607.0684078149498,0.05632000043988228,7359d6d50cccc176326ada64a29e60993b5d8d2ca26bef746b4b95d437e2e5e0,True
432,8,60,210,recent_k4,2.0548014640808105,6.9714860916137695,6.9714860916137695,2.0548014640808105,0.00022399425506591797,123.2880859375,418.2891540527344,418.2891540527344,60,601.8664329312742,0.06758400052785873,888d55771656207ebecddb8186811b60ecab47546f0aee72dd9235a6fbfb4da7,True
433,8,60,225,recent_k4,2.414902925491333,8.74223804473877,8.74223804473877,2.414902925491333,0.0002989768981933594,144.8941650390625,524.5342407226562,524.5342407226562,60,605.3667729720473,0.05632000043988228,17aab4fc134868342e7855c16ad23e7b9951fd2491abc0fe1bf4f3ba68287c15,True
434,8,26,30,recent_k4,29.288101196289062,1496.2698974609375,1496.2698974609375,29.288101196289062,0.0506591796875,1757.2860107421875,89776.1875,89776.1875,60,604.0478139184415,0.055296000093221664,306bfcf24258af01eec80a7374c495cf7a3af163b3df0c14f55fbb981903c6a5,True
435,8,26,45,recent_k4,21.832704544067383,659.48583984375,659.48583984375,21.832704544067383,0.0303192138671875,1309.962158203125,39569.1484375,39569.1484375,60,603.6989772692323,0.05632000043988228,057d15cf24c25f04cbf1434fc380f72f8725535fd5e48dc4e83d6e5de54e6a94,True
436,8,26,60,recent_k4,4.976654529571533,33.74833679199219,33.74833679199219,4.976654529571533,0.0014123916625976562,298.5992431640625,2024.900146484375,2024.900146484375,60,607.5938940048218,0.055296000093221664,842b263e3f6f6a6cd2520a5a8e127d92ac5f3b671bd8ee694ba99e643920fbb0,True
437,8,26,75,recent_k4,2.946018695831299,16.710905075073242,16.710905075073242,2.946018695831299,0.0005316734313964844,176.7611083984375,1002.6542358398438,1002.6542358398438,60,607.2695162147284,0.06143999844789505,3f8a799f7abc4a0a9fe9bbee318ebd4e7ab9998c15da6c5a5137209d1e4fd2bf,True
438,8,26,90,recent_k4,2.801068067550659,14.042241096496582,14.042241096496582,2.801068067550659,0.0005488395690917969,168.06407165527344,842.534423828125,842.534423828125,60,607.8677820041776,0.05632000043988228,4fdaac23540344ce0a4e8c68968772862e0db23efcda04ccbacbff7e4c899730,True
439,8,26,105,recent_k4,3.206226348876953,16.3868350982666,16.3868350982666,3.206226348876953,0.0006151199340820312,192.37356567382812,983.2100219726562,983.2100219726562,60,610.3241499513388,0.055296000093221664,80fe170fadd790ed21781f7e79136fd94fd3d77bdf50c2a815b216e3fdd47b06,True
440,8,26,120,recent_k4,10.581681251525879,177.61648559570312,177.61648559570312,10.581681251525879,0.006305694580078125,634.9008178710938,10656.98828125,10656.98828125,60,608.733544126153,0.05632000043988228,ead6721ddf8d7bc256cafa990e41c651c4d3dbf76365092431dff8b45f6c83d1,True
441,8,26,135,recent_k4,9.547277450561523,157.6296844482422,157.6296844482422,9.547277450561523,0.005279541015625,572.8366088867188,9457.7802734375,9457.7802734375,60,607.7350126579404,0.05632000043988228,c499facf0fb2d26e60c322d74344d618e95e3b62f32c43bbb617f366ba0f8ea3,True
442,8,26,150,recent_k4,8.207149505615234,99.9463882446289,99.9463882446289,8.207149505615234,0.0064697265625,492.428955078125,5996.783203125,5996.783203125,60,607.021349016577,0.055296000093221664,ac7f8a6e62f9a7883ebff63eb014486e7b006b83eb6fab4108c0f959d84ee20e,True
443,8,26,165,recent_k4,4.262814044952393,34.98758316040039,34.98758316040039,4.262814044952393,0.0013399124145507812,255.76882934570312,2099.2548828125,2099.2548828125,60,607.984971255064,0.05632000043988228,5e216c80671fd40427c39a84c59a7bf689832a5d87ea931f3ce2157b2047f7bc,True
444,8,26,180,recent_k4,4.948267459869385,37.16625213623047,37.16625213623047,4.948267459869385,0.0014743804931640625,296.8960266113281,2229.97509765625,2229.97509765625,60,607.71728400141,0.055296000093221664,257479634bd819f6e215672111eab51313acd21c2067f2af09cca3e09f92923e,True
445,8,26,195,recent_k4,5.652073383331299,73.06822204589844,73.06822204589844,5.652073383331299,0.002971649169921875,339.1243896484375,4384.09326171875,4384.09326171875,60,607.8838519752026,0.055296000093221664,d7c532e279dce02299fb5c3050f1327fdd5ace105dccd27aae11dad76f34ca0e,True
446,8,26,210,recent_k4,7.2892255783081055,85.01632690429688,85.01632690429688,7.2892255783081055,0.00434112548828125,437.353515625,5100.9794921875,5100.9794921875,60,607.0914389565587,0.05632000043988228,d440baaaca761fbfd90a4ae66b51e3edaa7ae7db9f8d62eca3a838beec476608,True
447,8,26,225,recent_k4,2.9045183658599854,14.16804313659668,14.16804313659668,2.9045183658599854,0.0006237030029296875,174.27108764648438,850.08251953125,850.08251953125,60,607.4611260555685,0.05427199974656105,32586a141c54533c861506a628cbf96fcee0e6bad586d0874acd3b6437b16843,True
448,8,21,30,recent_k4,1.89016854763031,5.282111167907715,5.282111167907715,1.89016854763031,0.00018405914306640625,113.41011047363281,316.9266662597656,316.9266662597656,60,607.4942359700799,0.05427199974656105,4c0d69ed1e7eb5864c1506fb6e156ebb8765cf1ddf397d80eb7a9412408dbac6,True
449,8,21,45,recent_k4,3.323587656021118,16.72008514404297,16.72008514404297,3.323587656021118,0.0009665489196777344,199.41525268554688,1003.2050170898438,1003.2050170898438,60,607.4465364217758,0.05632000043988228,c2bbc1afd3e980acc7c47fc841cc078ce43744e9145c8867a7304602979880e2,True
450,8,21,60,recent_k4,5.154496192932129,34.32866287231445,34.32866287231445,5.154496192932129,0.0022029876708984375,309.2697448730469,2059.7197265625,2059.7197265625,60,607.6936637982726,0.06451199948787689,512c587af437ee96b8cc19317e7d9a2ea390ff92bc57d6a6e3ab46d0c33504a4,True
451,8,21,75,recent_k4,3.8216593265533447,16.798809051513672,16.798809051513672,3.8216593265533447,0.0007619857788085938,229.29954528808594,1007.928466796875,1007.928466796875,60,607.365767005831,0.05632000043988228,badeab7f12dfba93197621afbda509a978d4e6415f59c86a430b5921c11eb170,True
452,8,21,90,recent_k4,1.7279984951019287,3.8442089557647705,3.8442089557647705,1.7279984951019287,0.00024318695068359375,103.67990112304688,230.65252685546875,230.65252685546875,60,619.288023095578,0.05734400078654289,6ee4a5ceb70512d45e5b67fb81f727f650c3c82b13f74b6fea63b279afc068dd,True
453,8,21,105,recent_k4,2.1621038913726807,5.7096734046936035,5.7096734046936035,2.1621038913726807,0.0003380775451660156,129.72622680664062,342.58038330078125,342.58038330078125,60,607.4066557921469,0.05532800033688545,566f191eb257792de14e41c2334f75cddb1ee1b4cb0c3b8896ca5e250fe3fdde,True
454,8,21,120,recent_k4,5.289592742919922,73.89899444580078,73.89899444580078,5.289592742919922,0.0027141571044921875,317.37554931640625,4433.939453125,4433.939453125,60,607.9463218338788,0.05632000043988228,3a5d1cf9c3948448b80a3ef5d68cd2882d480ae706c91890d1f916e45a9427d7,True
455,8,21,135,recent_k4,5.019044876098633,59.01116180419922,59.01116180419922,5.019044876098633,0.0019931793212890625,301.1426696777344,3540.66943359375,3540.66943359375,60,607.9039019532502,0.05734400078654289,cbcecc2f9fb0fde9d1759f107574317631dfb585724867bc475c30fcb8c8bbfb,True
456,8,21,150,recent_k4,1.7484965324401855,4.2339043617248535,4.2339043617248535,1.7484965324401855,0.0003445148468017578,104.9097900390625,254.03424072265625,254.03424072265625,60,608.4107481874526,0.055296000093221664,c5a814f2a9f938346125318901bd6359a743f0a46a9967755ae6e1f44fb2cb4c,True
457,8,21,165,recent_k4,1.759682536125183,4.162354946136475,4.162354946136475,1.759682536125183,0.0003159046173095703,105.58094787597656,249.74127197265625,249.74127197265625,60,601.6511269845068,0.05632000043988228,02864e5fdeb8dfef25c7d8bdfe526fe58454df6c7857948f170e6159594b5bac,True
458,8,21,180,recent_k4,1.7838176488876343,4.175711631774902,4.175711631774902,1.7838176488876343,0.0002894401550292969,107.029052734375,250.54269409179688,250.54269409179688,60,607.4914666824043,0.05632000043988228,794d306cc2f56e2f8cd6944f0f1c2ced4b729e5159eb443e9c1ae63d08dfead6,True
459,8,21,195,recent_k4,1.7013576030731201,3.968576192855835,3.968576192855835,1.7013576030731201,0.00029397010803222656,102.08145141601562,238.11456298828125,238.11456298828125,60,606.7181630060077,0.05532800033688545,43eb18039435eb268760390815e4c03e8cc762d8de2907d7facd25a2bc9fa76d,True
460,8,21,210,recent_k4,1.8245207071304321,4.424410343170166,4.424410343170166,1.8245207071304321,0.0003247261047363281,109.47123718261719,265.464599609375,265.464599609375,60,606.1101192608476,0.055296000093221664,6e809a5d0a65c761fe0a1254bde9573b2c97e733b8866c161d00ef97253dec30,True
461,8,21,225,recent_k4,1.7625298500061035,4.17479944229126,4.17479944229126,1.7625298500061035,0.00028777122497558594,105.75178527832031,250.4879608154297,250.4879608154297,60,607.1909191086888,0.055296000093221664,4b2fb8f63f4f3cf89a30913952c23ee79b9c97da330091d0aa50e5dfcaad6209,True
462,8,44,30,recent_k4,5.839906215667725,77.80736541748047,77.80736541748047,5.839906215667725,0.0038471221923828125,350.39434814453125,4668.44189453125,4668.44189453125,60,606.8761423230171,0.055296000093221664,4161373838e2c6094bb64254ac35d9ef6b52e8f56774438044017573e7dc24af,True
463,8,44,45,recent_k4,6.65465784072876,115.283447265625,115.283447265625,6.65465784072876,0.0038433074951171875,399.2794494628906,6917.00634765625,6917.00634765625,60,606.5815249457955,0.05734400078654289,dbf948d90d9da4cc44b9c81dc0d929efcd080abbe8c4170a44276652092060c2,True
464,8,44,60,recent_k4,2.4439876079559326,10.813858032226562,10.813858032226562,2.4439876079559326,0.000614166259765625,146.63925170898438,648.8314208984375,648.8314208984375,60,606.6555939614773,0.05632000043988228,05501932812798863b0be6fb0b22fb368e3d181f7b78a8ce686b1c2f3e432a99,True
465,8,44,75,recent_k4,2.883025646209717,12.584404945373535,12.584404945373535,2.883025646209717,0.0012063980102539062,172.98153686523438,755.0642700195312,755.0642700195312,60,604.9545491114259,0.05632000043988228,749d9d44461e6c0d7b9b384aec21c09f2fb30a6561e112cc33bd6447f331570d,True
466,8,44,90,recent_k4,4.140873432159424,77.10633087158203,77.10633087158203,4.140873432159424,0.0025386810302734375,248.452392578125,4626.37939453125,4626.37939453125,60,604.1177059523761,0.055296000093221664,72d144da197c1bac5e28ec5ed0a8b320db368317c37e16519ce0c93e75034ffd,True
467,8,44,105,recent_k4,5.102264881134033,57.67721939086914,57.67721939086914,5.102264881134033,0.00202178955078125,306.1358642578125,3460.633056640625,3460.633056640625,60,606.2814281322062,0.05734400078654289,06f2084801be3386bd7636b3befe477434a10787c4a5b7d882c251872df6418a,True
468,8,44,120,recent_k4,3.4787936210632324,23.96704864501953,23.96704864501953,3.4787936210632324,0.0012979507446289062,208.72760009765625,1438.0228271484375,1438.0228271484375,60,606.318196747452,0.056223999708890915,19549e05c687499e115c57257ff60ce6dab2047b165acfc339d597ed5754d461,True
469,8,44,135,recent_k4,2.9908835887908936,18.389677047729492,18.389677047729492,2.9908835887908936,0.0007467269897460938,179.4530029296875,1103.380615234375,1103.380615234375,60,606.6042650490999,0.05734400078654289,b06910a1b3db6adc8c1dfad75b876571e5f2f8845c220738064bd885da4e0b1b,True
470,8,44,150,recent_k4,5.530066013336182,79.6152572631836,79.6152572631836,5.530066013336182,0.002620697021484375,331.803955078125,4776.9150390625,4776.9150390625,60,604.9505299888551,0.05632000043988228,d55637814a40de5bbe54b06143bbb3d68a26ce58f570d3ccc9ad78cb58aa9433,True
471,8,44,165,recent_k4,4.645810127258301,66.31682586669922,66.31682586669922,4.645810127258301,0.002338409423828125,278.74859619140625,3979.009521484375,3979.009521484375,60,604.0325281210244,0.05632000043988228,d214982be416088ffc3c16817041445bbfaaadf96157de6030c521655625bc8b,True
472,8,44,180,recent_k4,3.2089719772338867,13.679604530334473,13.679604530334473,3.2089719772338867,0.0008702278137207031,192.53831481933594,820.7762451171875,820.7762451171875,60,606.2181778252125,0.058368001133203506,47afd79b5cb02cc106135097471d44f3bde0bd54734242fa1ce51cee81f86767,True
473,8,44,195,recent_k4,3.344555377960205,26.93694305419922,26.93694305419922,3.344555377960205,0.0010280609130859375,200.67330932617188,1616.216552734375,1616.216552734375,60,607.3144688270986,0.06451199948787689,c31a9d5b42ad75197e1c56b557268418ae07bad11b660d4753d10803783e2277,True
474,8,44,210,recent_k4,2.6979727745056152,12.47465705871582,12.47465705871582,2.6979727745056152,0.0005674362182617188,161.87835693359375,748.4793701171875,748.4793701171875,60,607.18704899773,0.05734400078654289,e9a1d18afef77f300d32a66e4cfa074a6e6a2ca534201bf406ed74989a3339d6,True
475,8,44,225,recent_k4,3.2338643074035645,15.693007469177246,15.693007469177246,3.2338643074035645,0.0013332366943359375,194.03184509277344,941.5803833007812,941.5803833007812,60,611.0744872130454,0.05632000043988228,bba21f93a2462bef876dfa4f83a942022da2d8594a10f62a312242071567b840,True
476,8,23,30,recent_k4,12.556462287902832,243.1536102294922,243.1536102294922,12.556462287902832,0.0101165771484375,753.3876953125,14589.2158203125,14589.2158203125,60,607.8482940793037,0.06860800087451935,56b0b891f39f97bbe3aa5d6a8996b98e328148ec6ede83d47a0e4b7f88ee2389,True
477,8,23,45,recent_k4,14.171829223632812,1530.0272216796875,470.8306884765625,14.171829223632812,0.047576904296875,850.3096923828125,91801.625,28249.83984375,60,606.7206636071205,0.05632000043988228,90ce7886612ee5e040ad2155bd5c04c8fb23a4a48e5341ea02a54ed1938c4ee7,True
478,8,23,60,recent_k4,47.00589370727539,10485.634765625,6112.4267578125,47.00589370727539,0.32421875,2820.353515625,629138.0625,366745.59375,60,607.5324369594455,0.05632000043988228,676ee38c3dacd78eca1fc839c62a0c058eb9f4cde032f0a11c1f48766a7f653a,True
479,8,23,75,recent_k4,22.23542594909668,1370.04736328125,1370.04736328125,22.23542594909668,0.04302978515625,1334.12548828125,82202.8359375,82202.8359375,60,606.5397160127759,0.05632000043988228,0897bbbebc16a15802ad9bb317da827cca73a5e964c62865e2ff9d55fefdc5f9,True
480,8,23,90,recent_k4,3.631690740585327,18.416316986083984,18.416316986083984,3.631690740585327,0.0013551712036132812,217.90142822265625,1104.97900390625,1104.97900390625,60,607.8578238375485,0.055296000093221664,88cfa72c1dce55ed9f322cfed4c2628ad5d163234a4129aeb4dfe3cdba17ee47,True
481,8,23,105,recent_k4,4.768192768096924,36.95028305053711,36.95028305053711,4.768192768096924,0.001956939697265625,286.091552734375,2217.016845703125,2217.016845703125,60,607.0508910343051,0.058368001133203506,df44a14061ed44758423fc2d41e823d3e6c0c967ee8f1fedd32bd931dca91320,True
482,8,23,120,recent_k4,5.599339962005615,46.08082580566406,46.08082580566406,5.599339962005615,0.0019664764404296875,335.96038818359375,2764.849365234375,2764.849365234375,60,607.3475289158523,0.055296000093221664,882c1eab7d653b1cadd3028bbf9ccf0d6fea0f8ef32363103eef98aebf3f4db7,True
483,8,23,135,recent_k4,13.009634017944336,295.53179931640625,295.53179931640625,13.009634017944336,0.01300048828125,780.5780029296875,17731.90625,17731.90625,60,607.0789811201394,0.05632000043988228,a20d2ff5782acc8582ea9c28082229812276d8ea9c362ec2815a770dcf985d7d,True
484,8,23,150,recent_k4,6.509087562561035,81.37004852294922,81.37004852294922,6.509087562561035,0.0035533905029296875,390.54522705078125,4882.20263671875,4882.20263671875,60,607.3096799664199,0.05427199974656105,5f868ae4ff9ddfb7398c8dd56c5c7a28a368d6e00f2ec7589fc761e3285a3d16,True
485,8,23,165,recent_k4,7.912345886230469,85.64261627197266,85.64261627197266,7.912345886230469,0.00627899169921875,474.74072265625,5138.556640625,5138.556640625,60,607.6664258725941,0.05632000043988228,3e4596e496449c78a8ac500883de0e8bd616c29970c0c9e00331186ffe512627,True
486,8,23,180,recent_k4,21.571401596069336,891.8457641601562,891.8457641601562,21.571401596069336,0.033416748046875,1294.2840576171875,53510.7421875,53510.7421875,60,608.0155340023339,0.055296000093221664,0b11fe79b64a4f9098e9da5e981cd4e1f52b6790ad85e1fef77c2cdaf451fb50,True
487,8,23,195,recent_k4,15.413959503173828,548.4266357421875,548.4266357421875,15.413959503173828,0.017486572265625,924.8375244140625,32905.59765625,32905.59765625,60,605.2133282646537,0.055296000093221664,2c815e36e632dd48101ede5abf5d2a694e687330991811ac24722e38c651bbc8,True
488,8,23,210,recent_k4,13.629438400268555,313.9205017089844,313.9205017089844,13.629438400268555,0.00986480712890625,817.7662353515625,18835.228515625,18835.228515625,60,601.5744199976325,0.05632000043988228,37f0cd58d1021b2dcc6ee5e79faf01016a10bc19514308d3b8b70c846bba8865,True
489,8,23,225,recent_k4,5.329962253570557,57.18829345703125,57.18829345703125,5.329962253570557,0.0019330978393554688,319.7977294921875,3431.29736328125,3431.29736328125,60,604.4132448732853,0.058368001133203506,ec19160d1fb2fd6ea6a9a182cfe01cbe8d452ec3d8b39702961db2d45eddabf0,True
490,8,53,30,recent_k4,23.838041305541992,1806.8939208984375,1806.8939208984375,23.838041305541992,0.05615234375,1430.2823486328125,108413.6328125,108413.6328125,60,603.6107232794166,0.058368001133203506,b6603abce7a887aaef6f0a0cfac0c5a748ae85e196105d87dd68f96512a8c149,True
491,8,53,45,recent_k4,36.387569427490234,2239.22265625,2239.22265625,36.387569427490234,0.07244873046875,2183.254150390625,134353.359375,134353.359375,60,601.103344000876,0.05632000043988228,f629edad8dfc340138f4e9064de7984df40aded0e80c8f23de3c5e0c6203de40,True
492,8,53,60,recent_k4,25.401369094848633,910.5037231445312,910.5037231445312,25.401369094848633,0.032440185546875,1524.08203125,54630.21875,54630.21875,60,602.945847902447,0.05632000043988228,e7ea865991158343550e51981bb9ad2e9d3ac617820804b1652e472330344682,True
493,8,53,75,recent_k4,5.452929973602295,44.3908805847168,44.3908805847168,5.452929973602295,0.0018033981323242188,327.17578125,2663.45263671875,2663.45263671875,60,606.7684045992792,0.058368001133203506,58273fb6356d7317817ca528d9a3539389ea316ef10f0d1f9cbe6f354d3bc714,True
494,8,53,90,recent_k4,8.441292762756348,211.7437286376953,211.7437286376953,8.441292762756348,0.00733184814453125,506.4775390625,12704.623046875,12704.623046875,60,606.540007982403,0.05632000043988228,9d4865f36591f063d1fe29a39733672bf02f616360e92b760d1ff9a676079716,True
495,8,53,105,recent_k4,9.793679237365723,277.6788635253906,277.6788635253906,9.793679237365723,0.009613037109375,587.6207275390625,16660.73046875,16660.73046875,60,608.6058188229799,0.05632000043988228,88efd0238762ffd3cff62955617f2709f43309d77390aeceee24406a0c2b14fc,True
496,8,53,120,recent_k4,46.85398483276367,6034.830078125,6026.87060546875,46.85398483276367,0.1895751953125,2811.239013671875,362089.78125,361612.21875,60,607.2699311189353,0.062463998794555664,2019e533ee764ff7f1489f40218e9996f763a0240a4c3ecd2151235cacc20a39,True
497,8,53,135,recent_k4,23.274581909179688,2063.571533203125,2063.571533203125,23.274581909179688,0.0643310546875,1396.474853515625,123814.28125,123814.28125,60,607.3894598521292,0.05632000043988228,1413bd559411f7b1920fa688841f5872938799cb969c5dda63904669e3f2ec55,True
498,8,53,150,recent_k4,34.44670486450195,2008.8233642578125,2008.8233642578125,34.44670486450195,0.0655517578125,2066.80224609375,120529.3984375,120529.3984375,60,607.3078797198832,0.05427199974656105,55772428af927546a1a439b26a18dabc77122a2d29cd24e63c0fc19589dd1d79,True
499,8,53,165,recent_k4,9.911638259887695,233.3782958984375,233.3782958984375,9.911638259887695,0.00736236572265625,594.6982421875,14002.697265625,14002.697265625,60,607.8376262448728,0.05632000043988228,375e341ae1330f2eb024755e96f2e5ff06dcfba100a05627e631aad8bf27f2c3,True
500,8,53,180,recent_k4,13.31110668182373,458.778076171875,458.778076171875,13.31110668182373,0.016876220703125,798.6663818359375,27526.68359375,27526.68359375,60,607.7493070624769,0.058368001133203506,f0b02c341b605e2c4052d9c5686ad090a80c7f662f4da64c1d0f72153b7a87da,True
501,8,53,195,recent_k4,20.78887367248535,862.223876953125,862.223876953125,20.78887367248535,0.0309295654296875,1247.3323974609375,51733.4296875,51733.4296875,60,607.5994279235601,0.05628800019621849,35dcff04da76a021df7b2c0a252f56154e6907c507d537cbf26d9ff3dd7568f9,True
502,8,53,210,recent_k4,5.955300331115723,61.99795913696289,61.99795913696289,5.955300331115723,0.00229644775390625,357.3179931640625,3719.87744140625,3719.87744140625,60,614.1295018605888,0.058368001133203506,15d43b8ec1387b60df3a27b0caed584dcc397e7aa96cfdd3e1a1414285b6c4b9,True
503,8,53,225,recent_k4,2.50453782081604,13.447737693786621,13.447737693786621,2.50453782081604,0.0004715919494628906,150.2722625732422,806.8641967773438,806.8641967773438,60,611.8950210511684,0.06758400052785873,1ba0212ed708844ec3fdf0b527570b62cf8b84c962574fa19cdb6e6bfbc0a5bf,True
504,8,84,30,recent_k4,40.39510726928711,3539.0859375,3539.0859375,40.39510726928711,0.127685546875,2423.706298828125,212345.140625,212345.140625,60,622.3906399682164,0.06451199948787689,fd97fda0b20b82ff032eba5106a5d5a6120a866d79788aff658a6a6f3701209e,True
505,8,84,45,recent_k4,27.74050521850586,1519.517578125,1519.517578125,27.74050521850586,0.05413818359375,1664.43017578125,91171.046875,91171.046875,60,620.1339489780366,0.06860800087451935,4e2cc13822a11f0b5528989f1054b3f230e7e0b79718b2e13cc46cba43e2e722,True
506,8,84,60,recent_k4,22.788286209106445,772.5150146484375,772.5150146484375,22.788286209106445,0.048797607421875,1367.297119140625,46350.8984375,46350.8984375,60,607.7648070640862,0.05632000043988228,3e1d9b28ca42a3044e493805a2c1cc98dbfb2726e491866a8a75c4a0321b042e,True
507,8,84,75,recent_k4,7.432286739349365,79.44206237792969,79.44206237792969,7.432286739349365,0.0030498504638671875,445.93719482421875,4766.5234375,4766.5234375,60,611.1319880001247,0.05632000043988228,f9845243e902b60552c97544702506c3eb00408508a0bc4b51d4d51e32e484fc,True
508,8,84,90,recent_k4,2.3139162063598633,9.980037689208984,9.980037689208984,2.3139162063598633,0.00032901763916015625,138.8349609375,598.80224609375,598.80224609375,60,609.323114156723,0.06451199948787689,44e896790cea64262876e6aedfa9c9badd8716a97a18fced23bec84a8002d745,True
509,8,84,105,recent_k4,2.4759349822998047,11.628166198730469,11.628166198730469,2.4759349822998047,0.0003733634948730469,148.55609130859375,697.68994140625,697.68994140625,60,607.9136058688164,0.058368001133203506,e83c36423d26bf131c8a9dfdcf16bc172b0a7986f6d46663c82b61c85c8d6964,True
510,8,84,120,recent_k4,2.256831169128418,8.99559211730957,8.99559211730957,2.256831169128418,0.0002989768981933594,135.4098663330078,539.7354736328125,539.7354736328125,60,608.2150340080261,0.055296000093221664,0ca82acb4233dee7e56c0f101d6268f9a08596eb1d2d712dde19b4fbebe5be20,True
511,8,84,135,recent_k4,8.307427406311035,172.5162353515625,172.5162353515625,8.307427406311035,0.007114410400390625,498.44561767578125,10350.9736328125,10350.9736328125,60,610.9474198892713,0.055296000093221664,ccee648fe6f0e5df89895513bc81d6ac463bbde16c70968a37dce36492f0ea9d,True
512,8,84,150,recent_k4,13.895978927612305,297.6735534667969,297.6735534667969,13.895978927612305,0.0117645263671875,833.7586669921875,17860.412109375,17860.412109375,60,607.9330462962389,0.06656000018119812,5ef7fd0c29ed371f7cac8d46438f20618669e06d393c9cf67c2e9cf7f8972fba,True
513,8,84,165,recent_k4,3.361510992050171,15.195390701293945,15.195390701293945,3.361510992050171,0.0006632804870605469,201.69064331054688,911.723388671875,911.723388671875,60,608.7248693220317,0.058368001133203506,379bd4a6bfd1621abcd5613ec4d5cc18846e5d1cfc09148995c2a64cf8389722,True
514,8,84,180,recent_k4,3.2231640815734863,14.464310646057129,14.464310646057129,3.2231640815734863,0.0006194114685058594,193.38983154296875,867.8585815429688,867.8585815429688,60,610.5845030397177,0.055296000093221664,5550632594717f89e55749078d7252cb7fbf7263c3cee7f5a361a69d33d3f89c,True
515,8,84,195,recent_k4,15.306897163391113,402.18426513671875,402.18426513671875,15.306897163391113,0.0172271728515625,918.4137573242188,24131.0546875,24131.0546875,60,620.5697860568762,0.055296000093221664,4efcfb1199e0dd9f1faf873010463d74423abee727625add2fec69eba1da0ec6,True
516,8,84,210,recent_k4,11.48194694519043,163.80502319335938,163.80502319335938,11.48194694519043,0.006961822509765625,688.9168090820312,9828.30078125,9828.30078125,60,608.2983328960836,0.06758400052785873,9090f44ac9a50a59fa12f89c230d9da7509175e23cd8847eedc48c82c725e5ff,True
517,8,84,225,recent_k4,8.582145690917969,112.64350891113281,112.64350891113281,8.582145690917969,0.005828857421875,514.9287109375,6758.6103515625,6758.6103515625,60,608.215803746134,0.055296000093221664,581de121a20c13b61a213b59b5b41eed6f9d150349e13f447e5915a26f4308a9,True
518,8,59,30,recent_k4,4.772335052490234,43.537574768066406,43.537574768066406,4.772335052490234,0.0015401840209960938,286.340087890625,2612.25439453125,2612.25439453125,60,608.8181594386697,0.05632000043988228,afd0a76cc9dc7abcb90a0aa457ee8486d19a5ff178dbcbc1af5e7ba569e81cd3,True
519,8,59,45,recent_k4,2.2477121353149414,12.704079627990723,12.704079627990723,2.2477121353149414,0.0004410743713378906,134.8627166748047,762.2447509765625,762.2447509765625,60,608.3746920339763,0.05532800033688545,bc5da9596b75401a49fb12118735f63dcf6aec100d46f03e0b74e313dd44d9a1,True
520,8,59,60,recent_k4,6.963932514190674,62.4162712097168,62.4162712097168,6.963932514190674,0.003276824951171875,417.8359375,3744.97607421875,3744.97607421875,60,608.9217378757894,0.055296000093221664,79230b849bfa70114335a2b6916e3eb3025c13f650ed1aff3569d54ef239a3dd,True
521,8,59,75,recent_k4,3.775075912475586,24.66463279724121,24.66463279724121,3.775075912475586,0.0008792877197265625,226.50454711914062,1479.8779296875,1479.8779296875,60,607.8815571963787,0.058368001133203506,f344ed310124a12ae672f731994f5bd731b5b2a787fce7786047e38b8837a07d,True
522,8,59,90,recent_k4,3.898564338684082,30.9642391204834,30.9642391204834,3.898564338684082,0.0011091232299804688,233.91384887695312,1857.854248046875,1857.854248046875,60,609.0723066590726,0.05632000043988228,d0aea9144df91dba97cde9e8e046b92a59025cea8db855d12a833371a805ac2d,True
523,8,59,105,recent_k4,4.124487400054932,28.03651237487793,28.03651237487793,4.124487400054932,0.0011644363403320312,247.46923828125,1682.190673828125,1682.190673828125,60,609.4599827192724,0.05632000043988228,23ef68ee1ca567fe76659513563c0f1d11a690515d35bbda045010b8e541ac4d,True
524,8,59,120,recent_k4,8.701323509216309,149.26710510253906,149.26710510253906,8.701323509216309,0.00635528564453125,522.0794067382812,8956.025390625,8956.025390625,60,608.5889507085085,0.05734400078654289,c75a33898cb9bf4c90ce517775e1ba558e8495d086e85bc8872c074916aba378,True
525,8,59,135,recent_k4,10.505294799804688,185.2207489013672,185.2207489013672,10.505294799804688,0.0081939697265625,630.317626953125,11113.244140625,11113.244140625,60,608.3480441011488,0.06451199948787689,263b1c1ff8ddb4f926bed190c2190289c53c9782081a927b925ec1ccd9455474,True
526,8,59,150,recent_k4,7.399813175201416,64.09134674072266,64.09134674072266,7.399813175201416,0.0035858154296875,443.98876953125,3845.48046875,3845.48046875,60,608.1654252484441,0.05632000043988228,8d1a3245a3b32ad1e992de108a1c4beb99533bc9a81c11140aa29ed76c04d3cc,True
527,8,59,165,recent_k4,4.763246059417725,29.98682975769043,29.98682975769043,4.763246059417725,0.0016489028930664062,285.79473876953125,1799.209716796875,1799.209716796875,60,608.576281927526,0.055296000093221664,418cf0a806afe0130468e46143aa7e41b3ea61fce398ea2efa66a0ad0d66a1ca,True
528,8,59,180,recent_k4,2.724332332611084,13.305291175842285,13.305291175842285,2.724332332611084,0.0006685256958007812,163.45993041992188,798.3174438476562,798.3174438476562,60,608.847098890692,0.05632000043988228,7dea989e26ebccc6a7b18603d1ff03924e8e6fbb3074d0c9aa9bfb8450b70c94,True
529,8,59,195,recent_k4,3.6287639141082764,20.750831604003906,20.750831604003906,3.6287639141082764,0.0013399124145507812,217.725830078125,1245.0498046875,1245.0498046875,60,606.2654820270836,0.05632000043988228,8b1c530bfdbc9641e4a26631689e00aff22f3a5558cebba91f91c7361aead3a4,True
530,8,59,210,recent_k4,9.633271217346191,184.41439819335938,184.41439819335938,9.633271217346191,0.00685882568359375,577.9962158203125,11064.86328125,11064.86328125,60,602.119417861104,0.05632000043988228,b82396b5c2ca4e0c31fa490447880a498e0486a61c8ac5023c3d64d71b3e007c,True
531,8,59,225,recent_k4,8.72115707397461,104.83486938476562,104.83486938476562,8.72115707397461,0.004161834716796875,523.2694091796875,6290.091796875,6290.091796875,60,603.3496069721878,0.05734400078654289,a5e46602a8f2781d67069cabb7f3f3f75ff9299bdd247637b6e948bfb99f9dba,True
532,8,49,30,recent_k4,42.86399841308594,4896.9013671875,3560.267333984375,42.86399841308594,0.1707763671875,2571.83984375,293814.0625,213616.03125,60,607.3884121142328,0.05632000043988228,5496bb3d208f50ca360898bd3eead0459a480e3fd7d9d493e3135618b1cfd51a,True
533,8,49,45,recent_k4,50.1276969909668,21035.73828125,4680.99755859375,50.1276969909668,0.65576171875,3007.66162109375,1262144.25,280859.84375,60,607.8286487609148,0.05632000043988228,f74790268c8916669038fa594d8a1e1d55c985a108e2a8f3a5239389637b14af,True
534,8,49,60,recent_k4,16.96556282043457,1607.32275390625,632.517822265625,16.96556282043457,0.0543212890625,1017.9337158203125,96439.359375,37951.06640625,60,608.5357321426272,0.055296000093221664,1e16ec7ec3fb7c8134e3cb7aa25cdd813089c558661cb11683fcc46a942c2bf5,True
535,8,49,75,recent_k4,46.7810173034668,8280.5908203125,5510.478515625,46.7810173034668,0.25634765625,2806.86083984375,496835.40625,330628.6875,60,611.4251669496298,0.055296000093221664,a1196bd2d51ac3cce4842943665b3c84385373250107d8991ae2575dc808929b,True
536,8,49,90,recent_k4,20.78694725036621,947.4134521484375,947.4134521484375,20.78694725036621,0.031646728515625,1247.216796875,56844.8046875,56844.8046875,60,608.6312420666218,0.07065600156784058,031e9fb9c8aa4641e0e1068634dfabb2db2bc84c115a3c337aacedeace7e9760,True
537,8,49,105,recent_k4,30.459075927734375,2041.384765625,2041.384765625,30.459075927734375,0.07568359375,1827.54443359375,122483.078125,122483.078125,60,607.4210233055055,0.05427199974656105,ab7ef54100b46e17993e2c07d47b6762614ce5da222e0583af7fd0d1c20e57d2,True
538,8,49,120,recent_k4,39.346893310546875,9936.2509765625,2433.151123046875,39.346893310546875,0.374755859375,2360.8134765625,596175.0,145989.0625,60,607.7650701627135,0.05427199974656105,5d70a77c0f2dba9e7c0a4d7e06a579c1bc0259b6338a3752164d9d560fa46c17,True
539,8,49,135,recent_k4,44.29092025756836,11695.5576171875,4544.2744140625,44.29092025756836,0.375244140625,2657.455078125,701733.4375,272656.4375,60,606.2835231423378,0.055296000093221664,0cfb3853ccf2955560b7b918cbf78d8b8cfbbb0c4d32f049e7346cedf4ae97bb,True
540,8,49,150,recent_k4,23.793649673461914,1230.3175048828125,1230.3175048828125,23.793649673461914,0.0400390625,1427.618896484375,73819.046875,73819.046875,60,635.0590833462775,0.055296000093221664,a6d09f7d66118e57c4cd8f7b41f9c8490bb477accb96fa806e6b3c7351985ea9,True
541,8,49,165,recent_k4,10.881338119506836,254.56527709960938,254.56527709960938,10.881338119506836,0.0080718994140625,652.8802490234375,15273.916015625,15273.916015625,60,607.5285710394382,0.060416001826524734,7289c505f15fece12c12a9397289d73638fdb5570a9d48560da82a90b21e23db,True
542,8,49,180,recent_k4,3.269145965576172,17.561145782470703,17.561145782470703,3.269145965576172,0.0012502670288085938,196.14874267578125,1053.668701171875,1053.668701171875,60,606.5747099928558,0.05734400078654289,378803d2fef534b6d9fa0e6550dbe6d3e1690a9d165c658e4beb1fe3cee56ccd,True
543,8,49,195,recent_k4,3.687037944793701,16.68597412109375,16.68597412109375,3.687037944793701,0.001026153564453125,221.22225952148438,1001.158447265625,1001.158447265625,60,607.8052092343569,0.05632000043988228,2cb91b006b91cfc5a0c7cdd7e8abab54268cf864863fae43c8206e35d9602b95,True
544,8,49,210,recent_k4,2.7582082748413086,11.313020706176758,11.313020706176758,2.7582082748413086,0.0007395744323730469,165.49249267578125,678.7811889648438,678.7811889648438,60,609.0936078689992,0.05632000043988228,6e10f1ea31317a69f9e885f124f0194fd6aa930fef594c8862b18b6aa8b5c59c,True
545,8,49,225,recent_k4,2.1597323417663574,8.96326732635498,8.96326732635498,2.1597323417663574,0.0005497932434082031,129.5839385986328,537.7960205078125,537.7960205078125,60,610.4203057475388,0.05734400078654289,3817ad4ce0e89e2696afbc8bc1b89c432c553241aff5fa1b00d8eb3daf29e1f0,True
546,8,7,30,recent_k4,22.008718490600586,982.5585327148438,982.5585327148438,22.008718490600586,0.033477783203125,1320.5230712890625,58953.5078125,58953.5078125,60,610.1813488639891,0.055296000093221664,c75b19420cfa950b2e5c296d280237f490544e7e9b6f5fbf0e451ca118fed4cf,True
547,8,7,45,recent_k4,21.991199493408203,1169.96484375,1169.96484375,21.991199493408203,0.036468505859375,1319.471923828125,70197.890625,70197.890625,60,609.5794043503702,0.05632000043988228,bb46d5053a42d3937bf44d30f1feac349fa96eba77a2edc5b5eb4e46d2e3a5b5,True
548,8,7,60,recent_k4,1.6991596221923828,3.8370630741119385,3.8370630741119385,1.6991596221923828,0.0002092123031616211,101.94956970214844,230.22377014160156,230.22377014160156,60,609.7929119132459,0.055296000093221664,1a5bf50a6d969a838ccb42c8557e7123084df4195f0d8405fd57f10722c1303e,True
549,8,7,75,recent_k4,1.112635612487793,2.8813211917877197,2.8813211917877197,1.112635612487793,9.912252426147461e-05,66.75813293457031,172.87925720214844,172.87925720214844,60,609.510435257107,0.055296000093221664,49d6179744e4a7d6c788ec61efaa0c54563aa0bec7c9ea5f7350209e2a85000b,True
550,8,7,90,recent_k4,14.4232759475708,439.68011474609375,439.68011474609375,14.4232759475708,0.0225372314453125,865.396484375,26380.8046875,26380.8046875,60,609.1416077688336,0.0655359998345375,f08f32c04d016b9d425974b32ccf957994b8c7098adb0de83978df37ce3b3da6,True
551,8,7,105,recent_k4,12.353852272033691,306.8612976074219,306.8612976074219,12.353852272033691,0.0121002197265625,741.2310791015625,18411.677734375,18411.677734375,60,609.039818868041,0.05734400078654289,6481a70ce9b874a0cb6cc2d450a0ef506a507006442fc8d080119a471716fa97,True
552,8,7,120,recent_k4,22.538034439086914,1275.0474853515625,1275.0474853515625,22.538034439086914,0.039764404296875,1352.281982421875,76502.84375,76502.84375,60,609.7944132052362,0.055296000093221664,16524e98dbcdb9483b479edb4d125685cfb8056b1701a2b52aa64bde85163191,True
553,8,7,135,recent_k4,11.642539024353027,234.54913330078125,234.54913330078125,11.642539024353027,0.0076904296875,698.5523071289062,14072.947265625,14072.947265625,60,609.2363777570426,0.05734400078654289,2283078726c0a5b9734cd5b9d11487e6ae9f27ca61010b9fee5a7b9ecf94a588,True
554,8,7,150,recent_k4,14.711017608642578,460.5507507324219,460.5507507324219,14.711017608642578,0.0157623291015625,882.6610107421875,27633.04296875,27633.04296875,60,609.9533713422716,0.05632000043988228,f57fe993bebbf2922b7b81607cb677318564563804237a8aa89d45510b6eb965,True
555,8,7,165,recent_k4,20.899066925048828,612.1599731445312,612.1599731445312,20.899066925048828,0.0234375,1253.9439697265625,36729.59765625,36729.59765625,60,608.2744961604476,0.05734400078654289,bf8ade19886a1035c6864519c5e85dd394c0497c4d6d677a6b38ccefc91ec86a,True
556,8,7,180,recent_k4,13.025520324707031,359.16314697265625,359.16314697265625,13.025520324707031,0.014862060546875,781.5311889648438,21549.787109375,21549.787109375,60,609.1110981069505,0.05734400078654289,d4bfb4857402d3df350c00800036d4cf7940a0121e3546b401cefc3567bc81fc,True
557,8,7,195,recent_k4,3.7092511653900146,60.008384704589844,60.008384704589844,3.7092511653900146,0.0028400421142578125,222.5550537109375,3600.5029296875,3600.5029296875,60,608.2277172245085,0.06348799914121628,efcaa7781228eea1c863fd4b022f06c3855105e1836560c3f848b7f0cc58fd7c,True
558,8,7,210,recent_k4,18.23955535888672,570.50048828125,570.50048828125,18.23955535888672,0.0251922607421875,1094.373291015625,34230.02734375,34230.02734375,60,619.8815857060254,0.055296000093221664,ea8f427b0026227bc276026fda99be188f423a7bfeb760412adf654b32e091ae,True
559,8,7,225,recent_k4,9.333970069885254,202.47239685058594,202.47239685058594,9.333970069885254,0.00862884521484375,560.0381469726562,12148.3427734375,12148.3427734375,60,609.1360193677247,0.05734400078654289,25d647afb89e2f3f7453ce6bfa187dbb1e2b08c1ba08b6fe161eef89de11122e,True
560,8,47,30,recent_k4,12.203869819641113,223.5513458251953,223.5513458251953,12.203869819641113,0.00823974609375,732.232177734375,13413.080078125,13413.080078125,60,608.9701899327338,0.05427199974656105,6d0a8f538e7d88650e3c153b43929d05ab31cf054b050ab51f17f5b5c1140ca3,True
561,8,47,45,recent_k4,11.137237548828125,163.1331329345703,163.1331329345703,11.137237548828125,0.00897216796875,668.2341918945312,9787.9873046875,9787.9873046875,60,609.4342758879066,0.05632000043988228,371bd22f0a241807360adf1a84e738b6e064048730c6de656301b92bfc054c2d,True
562,8,47,60,recent_k4,8.097557067871094,82.94165802001953,82.94165802001953,8.097557067871094,0.004253387451171875,485.8533935546875,4976.4990234375,4976.4990234375,60,608.8019018061459,0.05632000043988228,21b4688f30d9ff660e4a3f0edfb64bbcfac06145db45dd6284a77e30974696d8,True
563,8,47,75,recent_k4,10.641472816467285,158.18223571777344,158.18223571777344,10.641472816467285,0.00994110107421875,638.4883422851562,9490.93359375,9490.93359375,60,609.8353127017617,0.055296000093221664,569d0f9bcca3887b031a60d18b030f2c30e92a317df9be238cd23d9bef12bf09,True
564,8,47,90,recent_k4,14.816165924072266,410.4610900878906,410.4610900878906,14.816165924072266,0.01416015625,888.9699096679688,24627.6640625,24627.6640625,60,608.8823811151087,0.05734400078654289,eefec544c9d6dd6ed858d0f0179b1f84e1dba1568118d1155c0dc503d4b67d70,True
565,8,47,105,recent_k4,16.981037139892578,653.5576782226562,653.5576782226562,16.981037139892578,0.0275421142578125,1018.8621826171875,39213.45703125,39213.45703125,60,608.9492002502084,0.055296000093221664,0dea530ee9bc5a4e11201afd026c81d82d60bd4669d69530695bbde42a63771a,True
566,8,47,120,recent_k4,28.804672241210938,1006.9957275390625,1006.9957275390625,28.804672241210938,0.0653076171875,1728.2802734375,60419.7421875,60419.7421875,60,608.8225520215929,0.055296000093221664,eb9ebbd6e37bfe88828f517407673dd54d66bf3de743f9e98c640a48411544dd,True
567,8,47,135,recent_k4,18.11429214477539,512.134765625,512.134765625,18.11429214477539,0.0236053466796875,1086.857421875,30728.0859375,30728.0859375,60,608.8961511850357,0.055296000093221664,c99299ec3c6544ae73ab853da01a36dda7ace4adc655c2988ccbae50c1181dd0,True
568,8,47,150,recent_k4,6.855312347412109,67.38941955566406,67.38941955566406,6.855312347412109,0.0042877197265625,411.3187255859375,4043.36474609375,4043.36474609375,60,609.1802092269063,0.05632000043988228,c12fca4c9aee73caa9cfd2841151e6abe785f6cdb14146a8d8b48dd4935a4a8a,True
569,8,47,165,recent_k4,3.3135716915130615,18.662158966064453,18.662158966064453,3.3135716915130615,0.0006699562072753906,198.8142852783203,1119.7294921875,1119.7294921875,60,608.5300641134381,0.055296000093221664,a5f5c8901aaef6f540660e1ca33a9c0ca8d599b8bf6054b6d72265ecfadb7751,True
570,8,47,180,recent_k4,4.065439701080322,21.435482025146484,21.435482025146484,4.065439701080322,0.0010585784912109375,243.92637634277344,1286.12890625,1286.12890625,60,609.1799288988113,0.05632000043988228,265d39662e8007a7b99aa9d965139352253ee81a444c3fd6c61c5ccff2123804,True
571,8,47,195,recent_k4,2.7760398387908936,11.634987831115723,11.634987831115723,2.7760398387908936,0.0004911422729492188,166.5623779296875,698.0992431640625,698.0992431640625,60,608.985610306263,0.05632000043988228,b406c422e5d0134022ce53f0aa1b0b651572fd9964b80f794391a60ea99627c5,True
572,8,47,210,recent_k4,2.7166976928710938,9.776969909667969,9.776969909667969,2.7166976928710938,0.000682830810546875,163.00184631347656,586.6181640625,586.6181640625,60,608.8675921782851,0.05632000043988228,6700c04bd38d6daff4590dcb2d4920bba35db13466575f79b9e470d2a9922a24,True
573,8,47,225,recent_k4,4.491084098815918,42.84088134765625,42.84088134765625,4.491084098815918,0.0015745162963867188,269.46502685546875,2570.45263671875,2570.45263671875,60,609.1719889082015,0.055296000093221664,c74519febd23f5c0b3c73a3c284814dd31aa204109f084319d412f85344bf9e1,True
574,8,30,30,recent_k4,17.69546127319336,784.0847778320312,784.0847778320312,17.69546127319336,0.02545166015625,1061.7276611328125,47045.0859375,47045.0859375,60,609.560685697943,0.0655359998345375,2302d4fa3299cadd98c828bbba53260a41bf0f657a19caa84d516b8257e22a29,True
575,8,30,45,recent_k4,10.139180183410645,204.16868591308594,204.16868591308594,10.139180183410645,0.007354736328125,608.3507690429688,12250.1201171875,12250.1201171875,60,608.8425721973181,0.05632000043988228,1b868a705905876f0da7e54fb4ae2a34b4f89b236174a81549a071c44f78049a,True
576,8,30,60,recent_k4,3.7453293800354004,50.52554702758789,50.52554702758789,3.7453293800354004,0.0016565322875976562,224.71975708007812,3031.53271484375,3031.53271484375,60,609.2549893073738,0.055296000093221664,e613e535f3d81aedcbe61cf7347673e494556afb6b299d7b6b7d4b18029d6b4e,True
577,8,30,75,recent_k4,8.15320873260498,134.80780029296875,134.80780029296875,8.15320873260498,0.004604339599609375,489.1924743652344,8088.46728515625,8088.46728515625,60,609.313097782433,0.05632000043988228,7a693e46c00b73d3ffc46cd9be67bb4e7c65faff9d60b21308d4ccad2359562b,True
578,8,30,90,recent_k4,0.7628957033157349,1.3948129415512085,1.3948129415512085,0.7628957033157349,6.318092346191406e-05,45.773738861083984,83.68877410888672,83.68877410888672,60,609.022359829396,0.055296000093221664,912b741c9f200069ee850bd051be9ad5fe918ec9e6b41b59e743817ac8dff32b,True
579,8,30,105,recent_k4,6.849386215209961,163.47430419921875,163.47430419921875,6.849386215209961,0.0053863525390625,410.9631652832031,9808.4580078125,9808.4580078125,60,608.3977157250047,0.055296000093221664,6def332cf71c9303d7f3099b076ad84b84ebf53317017767c6ef5136b41da3e2,True
580,8,30,120,recent_k4,22.722444534301758,1139.1558837890625,1139.1558837890625,22.722444534301758,0.036346435546875,1363.3465576171875,68349.3515625,68349.3515625,60,609.3854978680611,0.05632000043988228,c8082b3e0bd925c0d7a58e01321f40768015512daf80372d4c0b680e95632e0a,True
581,8,30,135,recent_k4,12.576862335205078,544.294189453125,544.294189453125,12.576862335205078,0.0168609619140625,754.6116943359375,32657.6484375,32657.6484375,60,609.2007202096283,0.05632000043988228,f266fde5a6807ee9c581bb93377ac72c1de0230762cab10fd07abb7ea8140b75,True
582,8,30,150,recent_k4,18.725175857543945,1264.8521728515625,1264.8521728515625,18.725175857543945,0.039215087890625,1123.510498046875,75891.125,75891.125,60,608.205309137702,0.055296000093221664,13ae066ac6f9a1fd6efa17db8d9bf8b41b90320e592a4f1b2ea58ddc2f14556a,True
583,8,30,165,recent_k4,15.757781982421875,772.7427368164062,772.7427368164062,15.757781982421875,0.0242462158203125,945.4668579101562,46364.5625,46364.5625,60,608.9340019971132,0.05632000043988228,d19a06c18a986123d7fcf42050b7b3624b56cc9013b0e60e52358950fb680507,True
584,8,30,180,recent_k4,7.989235877990723,142.01528930664062,142.01528930664062,7.989235877990723,0.004638671875,479.3541259765625,8520.9169921875,8520.9169921875,60,609.2455689795315,0.05632000043988228,23b4586cb035ee03d258a703a86e8ec429cd861edf5daa9bf6e3048b0e59cb71,True
585,8,30,195,recent_k4,1.1798518896102905,2.997640609741211,2.997640609741211,1.1798518896102905,0.00012189149856567383,70.79110717773438,179.85842895507812,179.85842895507812,60,608.6136950179935,0.05632000043988228,0fad5606836b28f2fd4aac5c657deec3be2ab87d386d564546b78830e9d3d5b6,True
586,8,30,210,recent_k4,1.466264247894287,3.361137628555298,3.361137628555298,1.466264247894287,0.00020074844360351562,87.9758529663086,201.66824340820312,201.66824340820312,60,608.9999419637024,0.05632000043988228,dc00ebe6c846807dee5640c7a7d59ab547f9409eda789f48cbcc7ae45e11ccf4,True
587,8,30,225,recent_k4,1.2329803705215454,2.206754684448242,2.206754684448242,1.2329803705215454,0.00014913082122802734,73.97882080078125,132.4052734375,132.4052734375,60,609.7064549103379,0.05632000043988228,572bb9bfb17d29968f5ac11499048aed1994175083da7b67805ee590230f84ab,True
588,14,83,30,recent_k4,24.72535514831543,914.7930908203125,914.7930908203125,24.72535514831543,0.0303497314453125,1483.521240234375,54887.58203125,54887.58203125,60,608.3985771983862,0.05632000043988228,f5c4cfa789d1c80efa469c365e172498365d750f959719520ef413a42f867969,True
589,14,83,45,recent_k4,11.489194869995117,377.7164611816406,377.7164611816406,11.489194869995117,0.01358795166015625,689.3516845703125,22662.986328125,22662.986328125,60,609.007571823895,0.05734400078654289,5ebaaf0fa07c232d740057e161727b7fa9b47f36d851c0d39a77e0328c75bfd3,True
590,14,83,60,recent_k4,17.59447479248047,520.3275146484375,520.3275146484375,17.59447479248047,0.0180206298828125,1055.66845703125,31219.6484375,31219.6484375,60,609.3049990013242,0.055296000093221664,9430760c42051cbe6c08c0ad4f214ff808c94dc54be07822efc749fadd17a69b,True
591,14,83,75,recent_k4,10.801981925964355,219.22962951660156,219.22962951660156,10.801981925964355,0.00695037841796875,648.118896484375,13153.77734375,13153.77734375,60,609.4557582400739,0.05734400078654289,e788de1a4a0ff907191b3b4c7b62c10797cb81f4b6442688de35512c812092a3,True
592,14,83,90,recent_k4,5.7847113609313965,71.3640365600586,71.3640365600586,5.7847113609313965,0.0023517608642578125,347.0826721191406,4281.841796875,4281.841796875,60,609.2252703383565,0.06758400052785873,afb9b64e6216704df3a2ac1e53db6c47a960f779bbdbc499e166ec65a3c0f285,True
593,14,83,105,recent_k4,18.1516170501709,1607.6883544921875,1607.6883544921875,18.1516170501709,0.049896240234375,1089.096923828125,96461.296875,96461.296875,60,609.2508900910616,0.05632000043988228,8c53f19b21dbc972959e79d1028422a41707f47cf76bad8ff9d7c9a4743417e5,True
594,14,83,120,recent_k4,26.57644271850586,2008.2581787109375,2008.2581787109375,26.57644271850586,0.062225341796875,1594.58642578125,120495.484375,120495.484375,60,609.1883396729827,0.055296000093221664,309867fcdcdee7c1fddebfd3e36ed1f05e95bc97ab8e6cf38b4d95d28daa1c17,True
595,14,83,135,recent_k4,18.384775161743164,3468.31787109375,1100.5546875,18.384775161743164,0.10760498046875,1103.08642578125,208099.0625,66033.28125,60,609.0985010378063,0.05632000043988228,5263a31e78992cff167e43199ea8920b9fc7378d7407d36a85ce1e608f6fd953,True
596,14,83,150,recent_k4,24.283802032470703,1123.6312255859375,1123.6312255859375,24.283802032470703,0.0384521484375,1457.028076171875,67417.8671875,67417.8671875,60,609.1815400868654,0.055296000093221664,46d1f8cc2c42ea958cc6c6c24d6b2f165b8616e85cf5f5dcef77618518c07b63,True
597,14,83,165,recent_k4,15.57264518737793,573.5682373046875,573.5682373046875,15.57264518737793,0.019012451171875,934.358642578125,34414.09375,34414.09375,60,609.1378410346806,0.05632000043988228,07cdc5321d9e75395653648b52edce8a5fe6b4a1d9893ef381c0a21532645f45,True
598,14,83,180,recent_k4,5.906643390655518,41.242645263671875,41.242645263671875,5.906643390655518,0.002574920654296875,354.3985900878906,2474.55859375,2474.55859375,60,614.3566551618278,0.05628800019621849,005d325d4eb7579c83a9f1c6f26256db54e56ceddf9a7fc51f06c4965f936f0e,True
599,14,83,195,recent_k4,10.144145011901855,417.9290771484375,417.9290771484375,10.144145011901855,0.013092041015625,608.648681640625,25075.744140625,25075.744140625,60,618.0238341912627,0.05632000043988228,e39d49fd018bf348b5134b8ba8b1eaad814352a4c51c84ac3f2ef8c98e5e2c2a,True
600,14,83,210,recent_k4,18.108366012573242,768.70166015625,768.70166015625,18.108366012573242,0.0241546630859375,1086.501953125,46122.09765625,46122.09765625,60,623.9144532009959,0.060416001826524734,9c5a1357af0828e6a59f26cab0bc9cf71c0138e1a729f55096059b9f6ec84cfc,True
601,14,83,225,recent_k4,8.427068710327148,136.15213012695312,136.15213012695312,8.427068710327148,0.004711151123046875,505.62408447265625,8169.126953125,8169.126953125,60,609.4072689302266,0.05939200147986412,d35dfd14b080d00b9e0da2936cc034393c458f027ec09709be3b5de9164262b7,True
602,14,15,30,recent_k4,6.381021022796631,69.16972351074219,69.16972351074219,6.381021022796631,0.0021800994873046875,382.8612365722656,4150.18310546875,4150.18310546875,60,610.4008601978421,0.05632000043988228,0a68326faddd58bea633430b47018596f5fa7824fea5404960d525a6a83c0fd4,True
603,14,15,45,recent_k4,3.310988426208496,23.918291091918945,23.918291091918945,3.310988426208496,0.0007562637329101562,198.6593017578125,1435.097412109375,1435.097412109375,60,610.2907611057162,0.055296000093221664,d9769b4310dfc4f6aeb3b0b4306d0b278a4483de765d4a3a21578efb836d14a5,True
604,14,15,60,recent_k4,5.810513496398926,67.79000091552734,67.79000091552734,5.810513496398926,0.0021915435791015625,348.63079833984375,4067.39990234375,4067.39990234375,60,609.9821240641177,0.05628800019621849,00311d5d6e3d5c2af0d22bab14c8ded33c5bfb9d634c3a8cfa7453b7872faca7,True
605,14,15,75,recent_k4,2.0699877738952637,6.757592678070068,6.757592678070068,2.0699877738952637,0.0002567768096923828,124.19926452636719,405.4555358886719,405.4555358886719,60,609.4403578899801,0.05632000043988228,b9fab207df78ca85ede5a6ccae9703ec8ba089c1ca99d9ef6d80351def6676dd,True
606,14,15,90,recent_k4,1.6012399196624756,3.331387996673584,3.331387996673584,1.6012399196624756,0.00016224384307861328,96.07438659667969,199.88327026367188,199.88327026367188,60,609.9746040999889,0.055296000093221664,35f463ead23a2b1798529407144a42fcdfc06b050a57561f050dd5fd7755ce27,True
607,14,15,105,recent_k4,1.6296091079711914,3.6993319988250732,3.6993319988250732,1.6296091079711914,0.000225067138671875,97.77654266357422,221.9599151611328,221.9599151611328,60,609.5845978707075,0.05734400078654289,8b5b2c5e51ec28245c647dc1a34bac8afa89a19c82d9921f5cba349b0eb03dbe,True
608,14,15,120,recent_k4,1.7047407627105713,3.6880509853363037,3.6880509853363037,1.7047407627105713,0.00019919872283935547,102.28443908691406,221.28305053710938,221.28305053710938,60,609.6661072224379,0.05632000043988228,4247b9f109d5f82692e5c9b82ed594f0415ca8fbafef3f4d7db88139515590a0,True
609,14,15,135,recent_k4,2.1683764457702637,10.088061332702637,10.088061332702637,2.1683764457702637,0.0004649162292480469,130.1025848388672,605.2836303710938,605.2836303710938,60,609.0220026671886,0.055296000093221664,687f6e86793ea5d633e31eb379983110e38181ef5c73fa22067b00e165e20a4d,True
610,14,15,150,recent_k4,8.129761695861816,165.0474853515625,165.0474853515625,8.129761695861816,0.005886077880859375,487.7856750488281,9902.8486328125,9902.8486328125,60,625.3274120390415,0.055296000093221664,5a3d5c431b506e82208f01e5447bdc4bc5e493e94e3e0e8e555f166a8309db15,True
611,14,15,165,recent_k4,10.47177505493164,189.03089904785156,189.03089904785156,10.47177505493164,0.0060272216796875,628.3064575195312,11341.853515625,11341.853515625,60,637.4390362761915,0.05734400078654289,4f268d9c8d4c6b71e3ef409b1d8cab5ca82ee16bfef84ccc885ed5f27d9b7bc9,True
612,14,15,180,recent_k4,1.8371174335479736,4.437107086181641,4.437107086181641,1.8371174335479736,0.00020587444305419922,110.22704315185547,266.2264099121094,266.2264099121094,60,626.0599349625409,0.05632000043988228,ef6f74ae45ecb95d2c6e24b1fea168ec92d93f0d04e4556f941c2d5d8f51771e,True
613,14,15,195,recent_k4,4.370305061340332,51.42047882080078,51.42047882080078,4.370305061340332,0.0016908645629882812,262.2182922363281,3085.228515625,3085.228515625,60,625.135793350637,0.05632000043988228,fb5f4fcd9be0040483caa9cef12f1b2cd02399196e088c305e22ab7cacfb130e,True
614,14,15,210,recent_k4,3.202296733856201,14.416248321533203,14.416248321533203,3.202296733856201,0.00051116943359375,192.13778686523438,864.974853515625,864.974853515625,60,625.5166297778487,0.05632000043988228,a55ccb6d03951407d4a60cef17c1fe504065ab3ddb49a5a1812217e96174ef5b,True
615,14,15,225,recent_k4,2.7758212089538574,13.695393562316895,13.695393562316895,2.7758212089538574,0.0004494190216064453,166.5492706298828,821.7235717773438,821.7235717773438,60,626.2682229280472,0.05632000043988228,736a3f44222030bb6fa117677f272f5e53fb2475e8fe7d4bc3d1ed920d6b46e8,True
616,14,3,30,recent_k4,15.481155395507812,387.6056823730469,387.6056823730469,15.481155395507812,0.0148162841796875,928.8692626953125,23256.33984375,23256.33984375,60,626.2418129481375,0.05632000043988228,3cb763183d8f3448852915dd2a10052d7ef67084f1accf3a3e786bf8143e3f39,True
617,14,3,45,recent_k4,22.098243713378906,1099.82470703125,1099.82470703125,22.098243713378906,0.036041259765625,1325.89453125,65989.4765625,65989.4765625,60,625.2511320635676,0.05632000043988228,70c2509e397c650d017d3421e53c042898fe13aaad8c8baf7852821ea50eff68,True
618,14,3,60,recent_k4,12.965509414672852,300.12384033203125,300.12384033203125,12.965509414672852,0.01226806640625,777.9305419921875,18007.4296875,18007.4296875,60,625.4366813227534,0.05632000043988228,6cfeb2bf1f35a965c710af7ac33c984b86a5ca83f337a8ae0d03b151cdabf864,True
619,14,3,75,recent_k4,20.403627395629883,984.498779296875,984.498779296875,20.403627395629883,0.0350341796875,1224.217529296875,59069.921875,59069.921875,60,625.9592273272574,0.05632000043988228,5f8e3ab478e4831ab7c1f44033579c1c17bb24b0032a9cb36e3acac3ed524e7a,True
620,14,3,90,recent_k4,8.108527183532715,107.3026123046875,107.3026123046875,8.108527183532715,0.003604888916015625,486.5115966796875,6438.15625,6438.15625,60,626.1149649508297,0.05632000043988228,fc98f9c783e5c995fd6e6b0ea21a0fd87a9f936429fa1ed795d46e3cd44ea8b4,True
621,14,3,105,recent_k4,3.657801866531372,17.05592918395996,17.05592918395996,3.657801866531372,0.0010595321655273438,219.4680938720703,1023.355712890625,1023.355712890625,60,627.0104967989028,0.05632000043988228,1b1601479cc52336bd1b78ab17f68102aa1bceb192a47c943f6153ca444d7a6f,True
622,14,3,120,recent_k4,4.285279750823975,28.220487594604492,28.220487594604492,4.285279750823975,0.0010461807250976562,257.11676025390625,1693.2291259765625,1693.2291259765625,60,609.5240088179708,0.05734400078654289,4d9c7961ca90bd975007b5ebcfe07157721463d0fc576e88452908b5a27f89e9,True
623,14,3,135,recent_k4,8.59379768371582,216.5079345703125,216.5079345703125,8.59379768371582,0.006946563720703125,515.6278076171875,12990.4755859375,12990.4755859375,60,609.8942761309445,0.05632000043988228,ca622bb0857701c2a453e0291e25e025e82ac262ad29e680249ba179e2436ff0,True
624,14,3,150,recent_k4,20.06121253967285,566.94482421875,566.94482421875,20.06121253967285,0.0185089111328125,1203.6727294921875,34016.6875,34016.6875,60,609.8379772156477,0.055296000093221664,379d6182a94545c98f627d202b64e60c4e13ad2fed972edeaae39f6fd7bb6aa9,True
625,14,3,165,recent_k4,9.12817096710205,119.50877380371094,119.50877380371094,9.12817096710205,0.004100799560546875,547.6902465820312,7170.52587890625,7170.52587890625,60,609.9195159040391,0.05734400078654289,bba9fd26caded3864a37057c1df2eda464ba88f41ee752b7e479548cb732c5e2,True
626,14,3,180,recent_k4,6.479694843292236,67.75679016113281,67.75679016113281,6.479694843292236,0.003414154052734375,388.78167724609375,4065.406982421875,4065.406982421875,60,610.4440712369978,0.05632000043988228,c4eda07518329550e485772ff970fd29fec4aa681be37a32a6843476eff2ca91,True
627,14,3,195,recent_k4,13.771403312683105,410.7183837890625,410.7183837890625,13.771403312683105,0.01491546630859375,826.2841796875,24643.1015625,24643.1015625,60,609.5599788241088,0.05632000043988228,1ec89178a219143262391c4c5a5e9656c9c4a427858b1e010b462313d13a45e3,True
628,14,3,210,recent_k4,11.374293327331543,214.01443481445312,214.01443481445312,11.374293327331543,0.006824493408203125,682.4575805664062,12840.865234375,12840.865234375,60,609.7076279111207,0.05632000043988228,71e656a641e2f4d2b6b6598a82fc80b7768f25e63f9e15ba3a70ff0962005c8c,True
629,14,3,225,recent_k4,3.9767308235168457,41.65892028808594,41.65892028808594,3.9767308235168457,0.0013408660888671875,238.6038360595703,2499.53515625,2499.53515625,60,609.842587262392,0.06758400052785873,da97f78fc7292c644a539c5fb42010a509352a214eeaae4ada9938887b428cf7,True
630,14,35,30,recent_k4,17.024883270263672,897.0111083984375,897.0111083984375,17.024883270263672,0.0281219482421875,1021.4929809570312,53820.6640625,53820.6640625,60,609.1526630334556,0.055296000093221664,ea6501b9a2fec1f340ceddad827a69c632df49eb07b86b638ee855b5bcd549f6,True
631,14,35,45,recent_k4,37.229103088378906,3429.37548828125,3429.37548828125,37.229103088378906,0.10723876953125,2233.74609375,205762.515625,205762.515625,60,609.2060231603682,0.055296000093221664,f1d24801286eb97767dd1efdf4fc72fefe996e27fa89b0e4d96f9c930e38529d,True
632,14,35,60,recent_k4,19.65660858154297,668.6527709960938,668.6527709960938,19.65660858154297,0.0239715576171875,1179.396484375,40119.1640625,40119.1640625,60,609.5363697968423,0.05632000043988228,2569b0a4959eb726b867341b5d481674e5a0a5bd9e17e466e6c2d4815c50ab26,True
633,14,35,75,recent_k4,5.228160381317139,36.8580436706543,36.8580436706543,5.228160381317139,0.0017824172973632812,313.6896057128906,2211.482421875,2211.482421875,60,609.7971671260893,0.05734400078654289,18e1d160a0f4a2050746a47c8f9ef90836bd77ae3125e94eedabd59b61c9b064,True
634,14,35,90,recent_k4,5.014459609985352,44.45341110229492,44.45341110229492,5.014459609985352,0.0015506744384765625,300.8675537109375,2667.20458984375,2667.20458984375,60,609.5914789475501,0.05632000043988228,94b0c27e0201023c0724d1914bbed58aba7fde243b303aa462baab82b491659c,True
635,14,35,105,recent_k4,6.207234859466553,104.05632781982422,104.05632781982422,6.207234859466553,0.0034236907958984375,372.43408203125,6243.37939453125,6243.37939453125,60,610.089355148375,0.05632000043988228,aadf180037a275be2f8a5db124f16442642c8cca6e9d98c10313451184cb4b57,True
636,14,35,120,recent_k4,7.209824085235596,121.66800689697266,121.66800689697266,7.209824085235596,0.004669189453125,432.58941650390625,7300.080078125,7300.080078125,60,609.6748290583491,0.055296000093221664,f48b825e2736c840b4ab8fce09075a54f13ce251ffc69a771aa486c9e8903c00,True
637,14,35,135,recent_k4,3.359872579574585,17.61183738708496,17.61183738708496,3.359872579574585,0.000701904296875,201.59234619140625,1056.710205078125,1056.710205078125,60,609.9581960588694,0.055296000093221664,66d9e300a510425132b7f431fb74386e2e51c56bc15d9bd0c8d028147f5c7aee,True
638,14,35,150,recent_k4,5.500921726226807,55.80191421508789,55.80191421508789,5.500921726226807,0.0019855499267578125,330.0552978515625,3348.11474609375,3348.11474609375,60,609.4868597574532,0.055296000093221664,0894128aabc1f44d0ee0b1f8eb99125f16db5ba8907daa5faa5fb861d97738cf,True
639,14,35,165,recent_k4,5.290065765380859,51.11252212524414,51.11252212524414,5.290065765380859,0.0019435882568359375,317.4039306640625,3066.751220703125,3066.751220703125,60,608.281881082803,0.05632000043988228,740ad5ba6d10694c82f637ddf4e05e1c09b14cab09e8c84ac3535907dceabbc0,True
640,14,35,180,recent_k4,1.7541415691375732,4.35126256942749,4.35126256942749,1.7541415691375732,0.000247955322265625,105.24848937988281,261.07574462890625,261.07574462890625,60,609.821658115834,0.055296000093221664,fe58ed6bcc57c41fb00ba6735d2adecb953247fd075ff4a6c555aa823969723b,True
641,14,35,195,recent_k4,1.819421410560608,6.089062690734863,6.089062690734863,1.819421410560608,0.00020301342010498047,109.16527557373047,365.34375,365.34375,60,610.2031441405416,0.05632000043988228,ddf90001393034076c0a65a244fa182765144cf9f788192d74ef7b65316ed9eb,True
642,14,35,210,recent_k4,1.8922911882400513,5.3980207443237305,5.3980207443237305,1.8922911882400513,0.00032448768615722656,113.53746795654297,323.8812255859375,323.8812255859375,60,609.4924598000944,0.0655359998345375,6a319c8d1f33dcf544028643c77e863fbc810d10693313e5c9004f49fa2de6df,True
643,14,35,225,recent_k4,6.22955846786499,96.23297119140625,96.23297119140625,6.22955846786499,0.003082275390625,373.77349853515625,5773.97802734375,5773.97802734375,60,609.8955371417105,0.057312000542879105,94f74afd49610d5c483b360f1ea7e8b940aa3482278d4bf936c2a7afc270d109,True
644,14,48,30,recent_k4,4.353178024291992,38.98002624511719,38.98002624511719,4.353178024291992,0.0015916824340820312,261.190673828125,2338.801513671875,2338.801513671875,60,610.0501557812095,0.05632000043988228,a671791a5708318fc7e0e7bc8dbbf4a825e8c802b69fe3712286098e54ab882b,True
645,14,48,45,recent_k4,4.846560001373291,33.2816276550293,33.2816276550293,4.846560001373291,0.0017032623291015625,290.7935791015625,1996.8974609375,1996.8974609375,60,611.0474681481719,0.05734400078654289,a4e0bada8ae1f9b63e1b02a4df98a3c5dbb01e4e3725c67cb18d64bea752ad7c,True
646,14,48,60,recent_k4,12.006806373596191,283.6247253417969,283.6247253417969,12.006806373596191,0.01038360595703125,720.4083251953125,17017.482421875,17017.482421875,60,612.4037462286651,0.055296000093221664,6b0e4da72b0de521b7a333081581fa69e2e19ef843e1d9193378687639ce5fbc,True
647,14,48,75,recent_k4,9.13503646850586,191.0796356201172,191.0796356201172,9.13503646850586,0.006134033203125,548.1021728515625,11464.77734375,11464.77734375,60,610.9997779130936,0.05632000043988228,d4d4b4632def2fef236ab364e64ce6ad81cb3876ffd8d30f2c5442713b7c1991,True
648,14,48,90,recent_k4,6.008843421936035,76.25682067871094,76.25682067871094,6.008843421936035,0.0027751922607421875,360.53057861328125,4575.4091796875,4575.4091796875,60,609.7804978489876,0.055296000093221664,9d32d850c99a8ea77af205d273ed9cce93824ba07c26abb80b36e907dc3e1654,True
649,14,48,105,recent_k4,5.336592674255371,41.11613082885742,41.11613082885742,5.336592674255371,0.0015974044799804688,320.195556640625,2466.9677734375,2466.9677734375,60,610.1246550679207,0.05632000043988228,85b9bb6befc967d0f5540883d5771acede3976ac24dd0f192887de4d6d6a19f8,True
650,14,48,120,recent_k4,4.490976810455322,28.33026695251465,28.33026695251465,4.490976810455322,0.0010747909545898438,269.4585876464844,1699.81591796875,1699.81591796875,60,609.7216792404652,0.060416001826524734,5280325c9d4b318438a5bd1b6d953a5b61ee3864eb4f5d025a333c20ec5e8539,True
651,14,48,135,recent_k4,3.5489888191223145,17.516515731811523,17.516515731811523,3.5489888191223145,0.0006699562072753906,212.93931579589844,1050.9908447265625,1050.9908447265625,60,609.4313119538128,0.0655359998345375,eb686e4e635758a8675bcbda3154f9f843852297c0b0e41016b3514cf6da809a,True
652,14,48,150,recent_k4,3.070844888687134,18.63661003112793,18.63661003112793,3.070844888687134,0.0009002685546875,184.2506866455078,1118.196533203125,1118.196533203125,60,610.2914940565825,0.05632000043988228,dd258164e7749733e90916c9d35b3a7a6d41b1b6b479cedc8b52cb07a49a8458,True
653,14,48,165,recent_k4,4.127622127532959,36.51337814331055,36.51337814331055,4.127622127532959,0.0013265609741210938,247.65731811523438,2190.802490234375,2190.802490234375,60,609.4298711977899,0.05632000043988228,5ab5c4eba64e4697bb0960a71d7222244f7de065b808d0b9fee87e07090655d5,True
654,14,48,180,recent_k4,3.022597074508667,11.756720542907715,11.756720542907715,3.022597074508667,0.0007295608520507812,181.35581970214844,705.4031982421875,705.4031982421875,60,609.1876840218902,0.055296000093221664,f74dfaca0fdfb66fece381e94468146d9a66d28f64bcd8e9039e7fe0c09faa34,True
655,14,48,195,recent_k4,7.016486644744873,124.02142333984375,124.02142333984375,7.016486644744873,0.004100799560546875,420.9891662597656,7441.28515625,7441.28515625,60,609.0684249065816,0.05632000043988228,d7e37f4f0d43a6d979479e1d0c05a0da420c8c8aa0c071f7722e6c278f81318e,True
656,14,48,210,recent_k4,8.051619529724121,132.4127960205078,132.4127960205078,8.051619529724121,0.004276275634765625,483.0971374511719,7944.767578125,7944.767578125,60,608.8641369715333,0.055296000093221664,025501d78cc05995801f1f830f8db1155286ab6fe85d55b3667b3e3325ed0e54,True
657,14,48,225,recent_k4,2.502107620239258,8.167322158813477,8.167322158813477,2.502107620239258,0.0005693435668945312,150.12644958496094,490.039306640625,490.039306640625,60,608.6258189752698,0.055296000093221664,205146cbbbdeff0c9f03d3190d08f3514d2728fb730dbedd4d1c2047ea4c6919,True
658,14,22,30,recent_k4,12.339420318603516,384.1511535644531,384.1511535644531,12.339420318603516,0.013885498046875,740.3651733398438,23049.068359375,23049.068359375,60,609.6586300991476,0.055296000093221664,95b2b47c71d9a951000ca816ccb57f8ffdbde0c5880faee475df4664d1a7d980,True
659,14,22,45,recent_k4,6.858043193817139,88.9742431640625,88.9742431640625,6.858043193817139,0.00388336181640625,411.4825744628906,5338.4541015625,5338.4541015625,60,610.0920960307121,0.055296000093221664,fc3b944f467983c95d5d46cd173a224cde0e3cfe1052f0dd617a1db354995ad4,True
660,14,22,60,recent_k4,11.144744873046875,200.68930053710938,200.68930053710938,11.144744873046875,0.00637054443359375,668.6846313476562,12041.357421875,12041.357421875,60,610.3265341371298,0.055296000093221664,aa78a6afdd082be0ad9dec283440b28574806d1f65bb076cd028cab975883062,True
661,14,22,75,recent_k4,7.198580265045166,111.81661224365234,111.81661224365234,7.198580265045166,0.0036106109619140625,431.914794921875,6708.99658203125,6708.99658203125,60,609.779239166528,0.05632000043988228,a651418bb3aedeb03ca06dbbc626066b0140370c0cc4e118d77763c216e636e8,True
662,14,22,90,recent_k4,5.154381275177002,63.221282958984375,63.221282958984375,5.154381275177002,0.002010345458984375,309.2628479003906,3793.27685546875,3793.27685546875,60,609.9153682589531,0.055296000093221664,c0a584754b88fed38c0eac1a7b046aae94d3092e1f1b43d4d0915c11f1b212e6,True
663,14,22,105,recent_k4,5.094842910766602,52.08002853393555,52.08002853393555,5.094842910766602,0.0017290115356445312,305.6905517578125,3124.801513671875,3124.801513671875,60,615.4892686754465,0.06143999844789505,76680b32145e48c5a8b0eb9fc8cb666a117d1a2905ddb756c396382089303b86,True
664,14,22,120,recent_k4,4.971360206604004,35.9993896484375,35.9993896484375,4.971360206604004,0.001430511474609375,298.2815856933594,2159.96337890625,2159.96337890625,60,609.1340752318501,0.055296000093221664,a6aa0e0d6c3c2f56d22bfe4ee606959d6ac42420ca44bd6508f1c424bde592b6,True
665,14,22,135,recent_k4,3.449566602706909,21.83829116821289,21.83829116821289,3.449566602706909,0.000701904296875,206.97398376464844,1310.29736328125,1310.29736328125,60,610.2687050588429,0.055296000093221664,9e8061004dfd76c660ca4d3de8418d2327ce625c8e9c0bc7298683f03409bbdb,True
666,14,22,150,recent_k4,2.535280466079712,13.220926284790039,13.220926284790039,2.535280466079712,0.0004811286926269531,152.1168212890625,793.2555541992188,793.2555541992188,60,609.2498139478266,0.05833600088953972,89efa48dcb01cd30366a757a501aa636985cd99db7fe91f9d3d3f8de2f61c3c0,True
667,14,22,165,recent_k4,6.384834289550781,80.93417358398438,80.93417358398438,6.384834289550781,0.0025310516357421875,383.09002685546875,4856.05029296875,4856.05029296875,60,609.056465793401,0.055296000093221664,f0af1fbc3f8fc31119dcdd63be2a341b909c23c60a25982814bd51263c58c2cc,True
668,14,22,180,recent_k4,1.353135108947754,4.777492046356201,4.777492046356201,1.353135108947754,0.00016582012176513672,81.18810272216797,286.6495056152344,286.6495056152344,60,609.2106043361127,0.05632000043988228,eb960dde05cd420aa20a516616ad317064fde7341012446ef7a0073f19838feb,True
669,14,22,195,recent_k4,5.505151271820068,128.13645935058594,128.13645935058594,5.505151271820068,0.003993988037109375,330.3090515136719,7688.1875,7688.1875,60,609.4010728411376,0.09932799637317657,97934c40621b39ba1205777d10d807b321a1f5c68c574e1796323a63987e4550,True
670,14,22,210,recent_k4,3.1342599391937256,13.15872859954834,13.15872859954834,3.1342599391937256,0.0005717277526855469,188.0555877685547,789.523681640625,789.523681640625,60,604.761702939868,0.055296000093221664,e081a80a69fcf3a2c62472dd2e24dacddbb0618877a6c49f711c7a0d35f29f06,True
671,14,22,225,recent_k4,3.430338144302368,14.762809753417969,14.762809753417969,3.430338144302368,0.0006194114685058594,205.82028198242188,885.7685546875,885.7685546875,60,607.682588044554,0.05734400078654289,342689f4599537c30203decf78320c07e6b3552b6c9d8cf84d2fed64cd1f8cc2,True
672,14,55,30,recent_k4,23.049427032470703,1173.9207763671875,1173.9207763671875,23.049427032470703,0.037506103515625,1382.965576171875,70435.2421875,70435.2421875,60,605.9905821457505,0.05632000043988228,bb3b623d783a7817167550a349b9a4a46ae63a3d0e87caa6dbded505388c4fa4,True
673,14,55,45,recent_k4,1.654006838798523,4.335165977478027,4.335165977478027,1.654006838798523,0.0001417398452758789,99.24040222167969,260.1099548339844,260.1099548339844,60,606.7628557793796,0.055296000093221664,1c5be58e24201ec2a0c208d65fdb87a7049e5621f89166fbc8ad5f569ddf216f,True
674,14,55,60,recent_k4,4.820136547088623,56.994346618652344,56.994346618652344,4.820136547088623,0.0017824172973632812,289.20819091796875,3419.66064453125,3419.66064453125,60,608.017795253545,0.055296000093221664,c9b4f2b249d03376e2045c1de5d4ec883d79fe3028bc5aee24aed94733290c2c,True
675,14,55,75,recent_k4,1.3072032928466797,2.921074867248535,2.921074867248535,1.3072032928466797,0.00016129016876220703,78.43218994140625,175.2644805908203,175.2644805908203,60,606.8650549277663,0.06550399959087372,85204790550986b612d02c9e3c88a37f148abb8ffe52b7aa16f69f5185b0f7d2,True
676,14,55,90,recent_k4,1.282037615776062,2.483834743499756,2.483834743499756,1.282037615776062,0.00010597705841064453,76.92225646972656,149.0300750732422,149.0300750732422,60,607.198862824589,0.05632000043988228,35acf60bf734c7dbb2a20e17e5ddadac44cfb73178efba0edd32cb52a30d103d,True
677,14,55,105,recent_k4,1.217483639717102,2.370312452316284,2.370312452316284,1.217483639717102,0.00010561943054199219,73.04901123046875,142.21873474121094,142.21873474121094,60,609.3959142453969,0.054336000233888626,3be76f7b86a6a99b7385db0606b71cfde3d03672d59f17c4ec3b0c6a84432888,True
678,14,55,120,recent_k4,1.2080127000808716,2.3088066577911377,2.3088066577911377,1.2080127000808716,0.00010794401168823242,72.48075866699219,138.5283966064453,138.5283966064453,60,609.6163708716631,0.05734400078654289,f4a93e32bc4471d3ea6dafa52d701516e7cf03f4eaa475f47335357ef4f0306f,True
679,14,55,135,recent_k4,1.2421194314956665,2.3152356147766113,2.3152356147766113,1.2421194314956665,0.00010520219802856445,74.52716064453125,138.91412353515625,138.91412353515625,60,609.067355748266,0.05939200147986412,d319c57c540449a526ad56b8c98c1267885d455ad62d88c297903c526ce01547,True
680,14,55,150,recent_k4,7.413896083831787,197.1569366455078,197.1569366455078,7.413896083831787,0.00634765625,444.833740234375,11829.416015625,11829.416015625,60,609.3118139542639,0.055296000093221664,9c9ddc59b5961edfd31315fc7285bf560c0b8d0b7bbaf29795be6e6cd8791d90,True
681,14,55,165,recent_k4,9.195793151855469,134.56692504882812,134.56692504882812,9.195793151855469,0.00481414794921875,551.74755859375,8074.0146484375,8074.0146484375,60,608.906976878643,0.05632000043988228,57a906a4f29c34d67211c2ed70b25c41926f8e3aabb83beb07ff09fa3304effe,True
682,14,55,180,recent_k4,2.5699353218078613,9.739200592041016,9.739200592041016,2.5699353218078613,0.00035643577575683594,154.19610595703125,584.3519897460938,584.3519897460938,60,609.3560638837516,0.055296000093221664,346bcbab843ecde2ed42e095d54b46b5f0ffcac6e3960c75ed3774cb9c5bb3c7,True
683,14,55,195,recent_k4,2.2345855236053467,13.57309627532959,13.57309627532959,2.2345855236053467,0.0004260540008544922,134.0751190185547,814.3857421875,814.3857421875,60,608.6546997539699,0.05734400078654289,da3ed1c5852857366114b484d9082192345232e9928ec26c24cc4ef68601e441,True
684,14,55,210,recent_k4,2.1025991439819336,12.594989776611328,12.594989776611328,2.1025991439819336,0.00039768218994140625,126.15594482421875,755.6993408203125,755.6993408203125,60,609.0622157789767,0.06348799914121628,a64fa650938c929fbead9f3a493fae2f76813ec7bcf343662cdeb737707d6b38,True
685,14,55,225,recent_k4,1.9223732948303223,11.465879440307617,11.465879440307617,1.9223732948303223,0.000362396240234375,115.34239196777344,687.9527587890625,687.9527587890625,60,609.7966101951897,0.055296000093221664,6d776d10bff3d92e230c314075c594d72b8d6bbc34cef9954a3495abb936dec4,True
686,14,4,30,recent_k4,12.907954216003418,398.7806701660156,398.7806701660156,12.907954216003418,0.01280975341796875,774.4772338867188,23926.83984375,23926.83984375,60,609.1805859468877,0.05734400078654289,f830f4297fe84c6f3272cefd19d9c5e49e1f6ef301dff8817ff7697b9941a4fd,True
687,14,4,45,recent_k4,20.924997329711914,10429.5966796875,1300.5291748046875,20.924997329711914,0.323974609375,1255.499755859375,625775.75,78031.75,60,608.9333081617951,0.055296000093221664,de5cabf7e64fef8e2c7cdfec39ce739dfe8d4249f9988ce6e9f1eec78cc8cb56,True
688,14,4,60,recent_k4,44.99541091918945,14554.9990234375,5461.28515625,44.99541091918945,0.453369140625,2699.724609375,873299.875,327677.09375,60,609.7940499894321,0.05632000043988228,0ddb9fbba5ae39a229d448cd283d98e2bf9ff0ef936b0fcdc97e1f430a2480de,True
689,14,4,75,recent_k4,2.3075644969940186,7.348341941833496,7.348341941833496,2.3075644969940186,0.0004184246063232422,138.453857421875,440.9004821777344,440.9004821777344,60,609.8859002813697,0.05632000043988228,78d72efb904b7cdcb537419024201ef147c15ea30a87a5eb7c9145b5352e9159,True
690,14,4,90,recent_k4,1.626941204071045,4.543408393859863,4.543408393859863,1.626941204071045,0.00018918514251708984,97.61647033691406,272.6044921875,272.6044921875,60,609.1540870256722,0.06451199948787689,2db8f95883c12e2e7d998dd85f5516e82317886782701b6ce716c804af2d4687,True
691,14,4,105,recent_k4,6.2019524574279785,77.63052368164062,77.63052368164062,6.2019524574279785,0.002429962158203125,372.11712646484375,4657.8310546875,4657.8310546875,60,609.6622720360756,0.055296000093221664,09ded283a9b0806bbc77d566c361312500597f23a32664a573d97a4ddcffc980,True
692,14,4,120,recent_k4,2.3748185634613037,9.02447509765625,9.02447509765625,2.3748185634613037,0.00028705596923828125,142.48910522460938,541.468505859375,541.468505859375,60,610.3987656533718,0.05734400078654289,b660d0b3547a91521f02e59d80cdc17757885356a957f842a781c95bc0d42694,True
693,14,4,135,recent_k4,5.910711765289307,90.25315856933594,90.25315856933594,5.910711765289307,0.00322723388671875,354.6427001953125,5415.189453125,5415.189453125,60,610.8781606890261,0.05632000043988228,5ff311a01e8274fd51e3d6922d9d364387ce97ee2d94ae99780da1d13c9e81e4,True
694,14,4,150,recent_k4,21.50895881652832,1170.7191162109375,1170.7191162109375,21.50895881652832,0.037017822265625,1290.5374755859375,70243.140625,70243.140625,60,610.9978407621384,0.07065600156784058,2918478e9a18b6be6141888d1557126d6aa33f35b60c74e67379574df75cabf6,True
695,14,4,165,recent_k4,8.262791633605957,136.76345825195312,136.76345825195312,8.262791633605957,0.0044097900390625,495.7674560546875,8205.806640625,8205.806640625,60,609.9660596810281,0.05632000043988228,458f5595909b2e0ce58e1386f1a45f4d043e8bae20dba691af99941441726340,True
696,14,4,180,recent_k4,8.317325592041016,160.8907012939453,160.8907012939453,8.317325592041016,0.00510406494140625,499.0395202636719,9653.44140625,9653.44140625,60,609.4064237549901,0.055296000093221664,38bab518db87d83a9f45ef420896034ad0b9c1a6bad4f81023d7bb78f371b516,True
697,14,4,195,recent_k4,4.605412006378174,66.9610366821289,66.9610366821289,4.605412006378174,0.00217437744140625,276.32470703125,4017.662109375,4017.662109375,60,609.2300447635353,0.055296000093221664,def6e73c5844e392419946668c9225e74186f7c6f51812238f4e9ceef29593eb,True
698,14,4,210,recent_k4,4.223871231079102,35.02916717529297,35.02916717529297,4.223871231079102,0.0012674331665039062,253.4322509765625,2101.75,2101.75,60,610.6923730112612,0.055296000093221664,31d4154d44c65216483132f4930eb9d665d06c7b878ce828ce672a8da0a2d854,True
699,14,4,225,recent_k4,8.684741020202637,106.79380798339844,106.79380798339844,8.684741020202637,0.0038356781005859375,521.0844116210938,6407.6279296875,6407.6279296875,60,609.4439039006829,0.055296000093221664,0422a2517f5642cd5ff270b79546c9f85c2409de1803aa8278c404985d3fa1be,True
700,14,45,30,recent_k4,43.94538116455078,3008.016357421875,3008.016357421875,43.94538116455078,0.1075439453125,2636.72265625,180480.96875,180480.96875,60,609.7489423118532,0.06143999844789505,b779b726302015d1b029538de7b6703974c80cb94feca90617ee86afb6a63189,True
701,14,45,45,recent_k4,4.334399700164795,33.711849212646484,33.711849212646484,4.334399700164795,0.0010995864868164062,260.06396484375,2022.7109375,2022.7109375,60,609.6386630088091,0.05632000043988228,e4d9fc7b33af5489a7fe45bdb86bb602175078196d0204a99cf09f0904503e38,True
702,14,45,60,recent_k4,4.885667324066162,36.69013214111328,36.69013214111328,4.885667324066162,0.0012559890747070312,293.1400146484375,2201.40771484375,2201.40771484375,60,610.5679147876799,0.055296000093221664,7552fb2a1390309c85ec95e2b0aaf7b7366d6e5025ba27e4f773743bd8e30119,True
703,14,45,75,recent_k4,3.3728277683258057,21.42329216003418,21.42329216003418,3.3728277683258057,0.0007119178771972656,202.36965942382812,1285.3974609375,1285.3974609375,60,609.9573192186654,0.05632000043988228,aba5f8f9a7ed2ab745ac3c58fe204acdc1ef2fb08320ff71bd9d7b5b912e1985,True
704,14,45,90,recent_k4,3.262305974960327,17.886585235595703,17.886585235595703,3.262305974960327,0.0005831718444824219,195.73834228515625,1073.195068359375,1073.195068359375,60,609.422845300287,0.055296000093221664,782a4fc486f3df66486ac14ca0012fb4d5cffab715c74f705c78dee7535be0e8,True
705,14,45,105,recent_k4,2.453432559967041,9.164567947387695,9.164567947387695,2.453432559967041,0.00034809112548828125,147.20594787597656,549.8740234375,549.8740234375,60,609.6491632051766,0.055296000093221664,6127dc2080a6909c84623404fb6dc68d855e15757934da5f36af6b654a585e64,True
706,14,45,120,recent_k4,3.7959656715393066,23.893827438354492,23.893827438354492,3.7959656715393066,0.0008554458618164062,227.7579345703125,1433.6295166015625,1433.6295166015625,60,609.2539257369936,0.055296000093221664,900839f5c50ded3bb0b971a44fe02960767b1667d03d89d26c814b7182542fc9,True
707,14,45,135,recent_k4,4.36315393447876,48.869991302490234,48.869991302490234,4.36315393447876,0.001552581787109375,261.7892150878906,2932.19921875,2932.19921875,60,609.1215969063342,0.058368001133203506,2d66e57ea069d45f5ff77394d10fd79cdb8e42cb2b67b261c5bee54623359afd,True
708,14,45,150,recent_k4,23.779064178466797,8275.916015625,2104.97607421875,23.779064178466797,0.2578125,1426.7437744140625,496554.9375,126298.5625,60,606.5590498037636,0.05532800033688545,028fc67b342f7e2aaf2be666fc33a0ca8df2e15c273e3fffdc581c77232c639e,True
709,14,45,165,recent_k4,47.11309814453125,6288.58984375,5931.8369140625,47.11309814453125,0.1959228515625,2826.78564453125,377315.375,355910.1875,60,607.0322953164577,0.05632000043988228,cd3ba4ffa2a81f94a6aa0e5981fe4cede53faa4ecdb5129c3ff8643032047b6e,True
710,14,45,180,recent_k4,8.767997741699219,143.98727416992188,143.98727416992188,8.767997741699219,0.004627227783203125,526.079833984375,8639.236328125,8639.236328125,60,607.2535743005574,0.05632000043988228,b58f4690fccb3b6fbf5ea32e244fa9d15f385b71e1a35770a5bb86e3a8dab09e,True
711,14,45,195,recent_k4,5.208601951599121,69.4201889038086,69.4201889038086,5.208601951599121,0.0024738311767578125,312.51611328125,4165.2109375,4165.2109375,60,609.1846069321036,0.055296000093221664,4c73dbad5bc72c5d8a5a362384c73979e44ebb3fc11c568c04ab3b10e4634105,True
712,14,45,210,recent_k4,3.759675979614258,40.571903228759766,40.571903228759766,3.759675979614258,0.001399993896484375,225.58055114746094,2434.31396484375,2434.31396484375,60,606.4695599488914,0.05734400078654289,b16eda65101684b2b22ddcc24cd7815776d82d4c1a9c1f31fe5ee514902cd9b0,True
713,14,45,225,recent_k4,4.833210468292236,33.29081726074219,33.29081726074219,4.833210468292236,0.001316070556640625,289.99261474609375,1997.4488525390625,1997.4488525390625,60,607.8548287041485,0.05632000043988228,09b83ade49720d18a371ec2ad3aacb59b8f45ad577813e2dce4cd05814d22497,True
714,14,60,30,recent_k4,10.488198280334473,248.61956787109375,248.61956787109375,10.488198280334473,0.00783538818359375,629.2918701171875,14917.1728515625,14917.1728515625,60,610.6518246233463,0.05734400078654289,f1237518a065f136a82d8ec915a5ebba099e74a6b3ab8791ce3e3518bc0238a7,True
715,14,60,45,recent_k4,8.72394847869873,125.1043472290039,125.1043472290039,8.72394847869873,0.003932952880859375,523.4368896484375,7506.26025390625,7506.26025390625,60,609.4516748562455,0.05734400078654289,e56f7cfd33df761bb4dee9c01880c4c406f70373c8674103aaaf469dc48f2632,True
716,14,60,60,recent_k4,7.05759334564209,168.93600463867188,168.93600463867188,7.05759334564209,0.005229949951171875,423.45556640625,10136.16015625,10136.16015625,60,621.7148182913661,0.05632000043988228,44a8e3b0f86425b1c3b97897a5d6d154b537f19279138316df9804dea647299f,True
717,14,60,75,recent_k4,5.731751441955566,68.86917114257812,68.86917114257812,5.731751441955566,0.002162933349609375,343.9050598144531,4132.14990234375,4132.14990234375,60,611.0329809598625,0.05632000043988228,d54206dd0e8f62af019ad5b67e52c3a4a8638b260475265010621fee75af7e25,True
718,14,60,90,recent_k4,4.405406951904297,32.81083297729492,32.81083297729492,4.405406951904297,0.0010366439819335938,264.32440185546875,1968.64990234375,1968.64990234375,60,609.8831607960165,0.05632000043988228,e4ed901ac86065f8154b1753329c46588d4cb7da863caf74d0e604e4051f0bfd,True
719,14,60,105,recent_k4,2.179564952850342,7.917582035064697,7.917582035064697,2.179564952850342,0.0002644062042236328,130.77389526367188,475.0549011230469,475.0549011230469,60,609.8964409902692,0.0655359998345375,bf327f519adc29833299be90301fa6e66d34a96c6d29d5317cb5d764da58348f,True
720,14,60,120,recent_k4,2.0604491233825684,6.508944034576416,6.508944034576416,2.0604491233825684,0.0002181529998779297,123.62694549560547,390.53662109375,390.53662109375,60,609.980080742389,0.055296000093221664,c866b2b74bef35ef5d2a7822ff442006f62afc7575d404a2e02fb04124c11dc0,True
721,14,60,135,recent_k4,1.8861883878707886,5.563130855560303,5.563130855560303,1.8861883878707886,0.0001863241195678711,113.17129516601562,333.787841796875,333.787841796875,60,609.9086320027709,0.05632000043988228,8268e7e5a6013dcf7719c7de054660cfb87a36b018f6cce169e1e883a5152694,True
722,14,60,150,recent_k4,1.9143846035003662,6.098462104797363,6.098462104797363,1.9143846035003662,0.00019788742065429688,114.86306762695312,365.90771484375,365.90771484375,60,610.3344578295946,0.05632000043988228,7d214a9c7cf65b29aaed39c167a6a3a1733635f723f6ecec9eb294a79750686d,True
723,14,60,165,recent_k4,3.0158133506774902,22.967103958129883,22.967103958129883,3.0158133506774902,0.0007405281066894531,180.94879150390625,1378.026123046875,1378.026123046875,60,610.5784350074828,0.0655359998345375,3e400f109bb1c9008940b8bc30c1e0dbf7bad14302d94b30a5786150f3e4eae1,True
724,14,60,180,recent_k4,4.653391361236572,43.990257263183594,43.990257263183594,4.653391361236572,0.0014591217041015625,279.2034606933594,2639.415283203125,2639.415283203125,60,609.6751228906214,0.055296000093221664,e343472aea9c1eebd1974ea0ede08f8346f832f7ac8a9db696e5ca33b6306c05,True
725,14,60,195,recent_k4,2.619077205657959,8.54631233215332,8.54631233215332,2.619077205657959,0.00033354759216308594,157.14462280273438,512.7786865234375,512.7786865234375,60,609.9650911055505,0.055296000093221664,50a979b94d020089ef23b05a70175a7084f0346b9e68da715498c388bd7acd4d,True
726,14,60,210,recent_k4,2.812831163406372,14.784503936767578,14.784503936767578,2.812831163406372,0.0004754066467285156,168.76986694335938,887.0701904296875,887.0701904296875,60,610.0756502710283,0.055296000093221664,1da59da0f36319311f255e744dd30aa84a4d43f4ec0fdbb2e063d1ebee5fa22d,True
727,14,60,225,recent_k4,4.192327499389648,35.59160232543945,35.59160232543945,4.192327499389648,0.0011301040649414062,251.5396270751953,2135.49609375,2135.49609375,60,610.4468158446252,0.05632000043988228,c6c36d790f1164203fdb7e53a9e8f374dc8dc56e9322e92f497a8426d3fa2acf,True
728,14,26,30,recent_k4,46.89780807495117,6656.85205078125,4541.76513671875,46.89780807495117,0.2117919921875,2813.868408203125,399411.09375,272505.90625,60,610.1926793344319,0.055296000093221664,f48c19ca68a97b4a1213ed1675f246144b1267f92dd7fbfe563eb47d9422d6b6,True
729,14,26,45,recent_k4,16.40931510925293,407.9913024902344,407.9913024902344,16.40931510925293,0.01268768310546875,984.558837890625,24479.4765625,24479.4765625,60,609.315896872431,0.05526399984955788,49b8737e88bcd3bdef29a141b5a20f07cd27af973e6c0ce6986e33143be47a17,True
730,14,26,60,recent_k4,11.942012786865234,292.3080139160156,292.3080139160156,11.942012786865234,0.00933074951171875,716.520751953125,17538.48046875,17538.48046875,60,609.51067507267,0.05632000043988228,a792f1e97c387139ece3f9f0a969e37a530af0de7d79d45f75c0052535338a08,True
731,14,26,75,recent_k4,7.3035078048706055,97.2881088256836,97.2881088256836,7.3035078048706055,0.0030879974365234375,438.21044921875,5837.2861328125,5837.2861328125,60,608.8487510569394,0.05632000043988228,7d51b640a2aaa636fc67a5c5bc2d8a25351f5f9269a980ab5a152bb90b93dab5,True
732,14,26,90,recent_k4,9.198060035705566,153.8744354248047,153.8744354248047,9.198060035705566,0.0048980712890625,551.883544921875,9232.4658203125,9232.4658203125,60,609.2179068364203,0.055296000093221664,217757fb94f80edad6380b3ecdd0eab58f5abadcc825020adbe3205b2b2c20bd,True
733,14,26,105,recent_k4,6.122506618499756,70.86750793457031,70.86750793457031,6.122506618499756,0.002285003662109375,367.3503723144531,4252.05029296875,4252.05029296875,60,608.8584810495377,0.05734400078654289,7ee570fa708fd3dffb87b2e371a1e7facf20c2746f0ec1dd1c4cb2b774eabff1,True
734,14,26,120,recent_k4,5.8574042320251465,59.80801773071289,59.80801773071289,5.8574042320251465,0.0019197463989257812,351.4442443847656,3588.48095703125,3588.48095703125,60,609.1460580937564,0.055296000093221664,878379fe634b13a7e035f6e9ee3f8fc5479cd02a419b5bbb69d43bd2066a2560,True
735,14,26,135,recent_k4,1.4433823823928833,3.3210532665252686,3.3210532665252686,1.4433823823928833,0.00012111663818359375,86.60293579101562,199.26318359375,199.26318359375,60,608.9283698238432,0.05632000043988228,ee966411102dc702ea1b3f34a793e89c43838b8c43a42db49e37e416b9d995b3,True
736,14,26,150,recent_k4,3.1165976524353027,35.00893020629883,35.00893020629883,3.1165976524353027,0.00112152099609375,186.995849609375,2100.53564453125,2100.53564453125,60,608.9663598686457,0.055296000093221664,d741cb5ab202391f6ec6eb955ed9f7aa48661aa048c2aacdf22a914ba79b6a29,True
737,14,26,165,recent_k4,14.06958293914795,533.589599609375,533.589599609375,14.06958293914795,0.01690673828125,844.1749267578125,32015.375,32015.375,60,609.1975779272616,0.055296000093221664,9fe0c657550d0fa9070102ad7de962535b4b9bceabba533984742f70caf0add3,True
738,14,26,180,recent_k4,3.2513020038604736,16.36536407470703,16.36536407470703,3.2513020038604736,0.0006122589111328125,195.07810974121094,981.9218139648438,981.9218139648438,60,609.5880749635398,0.055296000093221664,7f2522df42f20649af0b52f67e6efe3478f0e0c3d548d2a0b6357a4d73ac6276,True
739,14,26,195,recent_k4,5.415981292724609,39.53059387207031,39.53059387207031,5.415981292724609,0.001781463623046875,324.9588623046875,2371.83544921875,2371.83544921875,60,609.2708571814001,0.05734400078654289,c7d54a4b34e585f25bf5fbf5c2ee476d355e333838a4943e61c31f2d338ad7e6,True
740,14,26,210,recent_k4,5.281798362731934,71.63236236572266,71.63236236572266,5.281798362731934,0.002269744873046875,316.90789794921875,4297.94140625,4297.94140625,60,609.5001557841897,0.058368001133203506,2c303d16660313fd4c4ad391de95f4fee2740dbf51ec18e3cd27c99247bf4862,True
741,14,26,225,recent_k4,9.36852741241455,124.46709442138672,124.46709442138672,9.36852741241455,0.00429534912109375,562.1116333007812,7468.025390625,7468.025390625,60,609.5314049161971,0.05632000043988228,ce56b1e2fabb621aff3dd380822fa70b3eeb0b19713536f9f37332f544541260,True
742,14,21,30,recent_k4,3.5047476291656494,34.509334564208984,34.509334564208984,3.5047476291656494,0.0011415481567382812,210.28485107421875,2070.56005859375,2070.56005859375,60,609.4004670158029,0.055296000093221664,b1c5d0e5609beadfcec1cef3208889f34490f1c992cd267a3cd928cf79f6d66d,True
743,14,21,45,recent_k4,4.604617118835449,52.736427307128906,52.736427307128906,4.604617118835449,0.0017528533935546875,276.2770080566406,3164.185546875,3164.185546875,60,609.8718028515577,0.05632000043988228,9b24dfe2597f58e8c343fad8cdfd1bdaa8780ca5e030ac21c37080277ffca8eb,True
744,14,21,60,recent_k4,9.590374946594238,194.00599670410156,194.00599670410156,9.590374946594238,0.006622314453125,575.4224853515625,11640.359375,11640.359375,60,609.3589868396521,0.05632000043988228,729ec64ade82981c32cf2a9b358d8d5c74ecc66c81d9406f6375ea8cab281e16,True
745,14,21,75,recent_k4,14.735380172729492,547.1727905273438,547.1727905273438,14.735380172729492,0.0181121826171875,884.1227416992188,32830.3671875,32830.3671875,60,610.033290926367,0.05632000043988228,36bc8657ad27d064db39b4c4c94ed77e52b7a2453c1b9d9bd465cfb5c749d494,True
746,14,21,90,recent_k4,14.241250038146973,433.78900146484375,433.78900146484375,14.241250038146973,0.01393890380859375,854.4749755859375,26027.337890625,26027.337890625,60,608.8136020116508,0.05632000043988228,2366020370b153a83f6cf0011df8dc7f8ca92f1aa18745892d19d13ca2a44341,True
747,14,21,105,recent_k4,3.6235337257385254,16.676862716674805,16.676862716674805,3.6235337257385254,0.0008306503295898438,217.41201782226562,1000.6116943359375,1000.6116943359375,60,609.3828771263361,0.05632000043988228,6f85aefa986c6fab5c26e8097f1b6d6cbf757e164beb0da105491014cd02de80,True
748,14,21,120,recent_k4,2.0552616119384766,6.323694229125977,6.323694229125977,2.0552616119384766,0.0002110004425048828,123.31568908691406,379.421630859375,379.421630859375,60,608.1314678303897,0.055296000093221664,2c883829746d8677665dc53deee9cf06f974bde34ac49fd27585add91347a797,True
749,14,21,135,recent_k4,1.9531910419464111,5.832935810089111,5.832935810089111,1.9531910419464111,0.00019288063049316406,117.19145965576172,349.97613525390625,349.97613525390625,60,608.1602582708001,0.055296000093221664,13caae7fc04718dfcfac14bb969410328f172870f66e11244bb7217a6ad96ee6,True
750,14,21,150,recent_k4,1.7421265840530396,4.391470909118652,4.391470909118652,1.7421265840530396,0.00015473365783691406,104.527587890625,263.4882507324219,263.4882507324219,60,608.5705743171275,0.06137600168585777,61607229d9d7f953d84971f02716324d26209ba50f944a8a22ed72eb8e8fdff4,True
751,14,21,165,recent_k4,2.7297415733337402,18.39535140991211,18.39535140991211,2.7297415733337402,0.00058746337890625,163.78448486328125,1103.7210693359375,1103.7210693359375,60,607.8004008159041,0.05632000043988228,37873cb351fd5b32370f007edbcfbdcaba37bc98dee8f6110791870a07e2c07e,True
752,14,21,180,recent_k4,2.6278891563415527,15.797262191772461,15.797262191772461,2.6278891563415527,0.0005097389221191406,157.67333984375,947.835693359375,947.835693359375,60,608.7658731266856,0.05632000043988228,a7852892a95297ba3efff2fcc09b045ef80b525c94f34eaf8fab7af2a50b6de8,True
753,14,21,195,recent_k4,3.5180325508117676,20.402454376220703,20.402454376220703,3.5180325508117676,0.0006899833679199219,211.08193969726562,1224.147216796875,1224.147216796875,60,607.6931720599532,0.05632000043988228,9f0a2607f09a49d1c2aab1abe818fc43bc506f40b9d9356d143acdd64d240acc,True
754,14,21,210,recent_k4,3.1422040462493896,14.326040267944336,14.326040267944336,3.1422040462493896,0.0004603862762451172,188.5322265625,859.5623779296875,859.5623779296875,60,607.6763519085944,0.05632000043988228,a41e1594823acbbb6608e0a0f1b166837cfc8fca213040a5c0d86d8477cb569a,True
755,14,21,225,recent_k4,1.8131811618804932,5.751837253570557,5.751837253570557,1.8131811618804932,0.00018918514251708984,108.79086303710938,345.1102294921875,345.1102294921875,60,608.6841928772628,0.062463998794555664,1d11c8e8d77cfab9e1ac78d2525329c66acb45372be3144ba3543bc94fe9b5a1,True
756,14,44,30,recent_k4,21.052316665649414,821.4721069335938,821.4721069335938,21.052316665649414,0.0297088623046875,1263.138916015625,49288.32421875,49288.32421875,60,608.36963634938,0.05734400078654289,01a7a8c79fa36b2a3d42d3edddfc82f21afecf8d20a5ad8bf293cda084bf4fda,True
757,14,44,45,recent_k4,4.826201915740967,51.59052276611328,51.59052276611328,4.826201915740967,0.0016965866088867188,289.5721130371094,3095.43115234375,3095.43115234375,60,608.1798179075122,0.055296000093221664,807e044e3f793f3fcb98ba6c636d6248f7765fffc92d83786abadeb31d3e9fc6,True
758,14,44,60,recent_k4,8.252605438232422,169.60293579101562,169.60293579101562,8.252605438232422,0.0054931640625,495.15631103515625,10176.17578125,10176.17578125,60,608.474035281688,0.05632000043988228,749ef56a7c11bc1fddfd6a3d2236d8406765cfcfc4b39a224d3c7fe95736a65e,True
759,14,44,75,recent_k4,7.013582706451416,93.39665222167969,93.39665222167969,7.013582706451416,0.0033931732177734375,420.81494140625,5603.798828125,5603.798828125,60,608.49618492648,0.055296000093221664,0505e162dd23c7aedc2fd25b5a38ecdd096100eb66a221771f47c3bdb800221c,True
760,14,44,90,recent_k4,6.613717079162598,111.12169647216797,111.12169647216797,6.613717079162598,0.00365447998046875,396.822998046875,6667.30126953125,6667.30126953125,60,608.3869859576225,0.055296000093221664,304f39620689b890227a7e17242958fed208734c1a86b47fe2b26f2bd0dfb4d5,True
761,14,44,105,recent_k4,6.095651626586914,80.08657836914062,80.08657836914062,6.095651626586914,0.002597808837890625,365.73907470703125,4805.1943359375,4805.1943359375,60,608.3569368347526,0.05632000043988228,4b2bd8af32539d30449c88bb17f57d40d0a3999b523cdf1d255ebe3f5148ab45,True
762,14,44,120,recent_k4,8.293059349060059,115.36922454833984,115.36922454833984,8.293059349060059,0.00470733642578125,497.58355712890625,6922.1533203125,6922.1533203125,60,607.7705207280815,0.05632000043988228,336689d700d899459f7a4dc6ea0f232a9907b9665cc3e90f657d43d148fc9e82,True
763,14,44,135,recent_k4,10.333378791809082,380.5693359375,380.5693359375,10.333378791809082,0.0122222900390625,620.002685546875,22834.158203125,22834.158203125,60,607.7006733976305,0.05632000043988228,621a3fcfc612a41a1e4c69b8795eb3e066520787f93656251e7dc7289e0d89f5,True
764,14,44,150,recent_k4,14.849162101745605,662.4911499023438,662.4911499023438,14.849162101745605,0.0209808349609375,890.94970703125,39749.46875,39749.46875,60,607.8399820253253,0.055296000093221664,b1fc11c76bcaa462536ca76909d64c975844a241963cf51ec460484f405f69d2,True
765,14,44,165,recent_k4,8.844012260437012,218.14500427246094,218.14500427246094,8.844012260437012,0.007442474365234375,530.6406860351562,13088.69921875,13088.69921875,60,608.3139982074499,0.055296000093221664,3e11e7f3802e621a4fa1b0bc28d13b317bce8e766373dc294f719fb3a09366e8,True
766,14,44,180,recent_k4,6.915755748748779,181.80514526367188,181.80514526367188,6.915755748748779,0.00592803955078125,414.9453125,10908.30859375,10908.30859375,60,608.6719050072134,0.05632000043988228,53a0662a81a56f5362dbf77198e8ff3d2f6f86fa08c1850b6ffe79c0f2575559,True
767,14,44,195,recent_k4,9.537154197692871,218.05372619628906,218.05372619628906,9.537154197692871,0.006839752197265625,572.229248046875,13083.22265625,13083.22265625,60,608.7231137789786,0.055296000093221664,ffe538b3a6a89327e3773994962788b957edaf8e9b223f09e1a58e2523af3360,True
768,14,44,210,recent_k4,6.054029941558838,50.383506774902344,50.383506774902344,6.054029941558838,0.002105712890625,363.2417907714844,3023.01025390625,3023.01025390625,60,608.6281449533999,0.055296000093221664,7c42b12cd1c38122ed9499f71a7e7e9cbc53b63dcfd6a54aaf00440f6f42da43,True
769,14,44,225,recent_k4,8.693624496459961,103.4307861328125,103.4307861328125,8.693624496459961,0.00469207763671875,521.617431640625,6205.8466796875,6205.8466796875,60,619.3107720464468,0.05632000043988228,9610e17f4bb6a897a6d582d4bfe5f5c6320041b1236d2d09669f06a5744c872f,True
770,14,23,30,recent_k4,24.37000846862793,1871.2462158203125,1871.2462158203125,24.37000846862793,0.05877685546875,1462.200439453125,112274.765625,112274.765625,60,607.7558719553053,0.05632000043988228,6dc71afb28f405b62d58d99896bc1a7ce8ec1ca241adcacd68697bb989d73e1f,True
771,14,23,45,recent_k4,35.99387741088867,7550.1474609375,3508.944091796875,35.99387741088867,0.233642578125,2159.632568359375,453008.8125,210536.640625,60,608.406747225672,0.055296000093221664,c5276ccb0ae6b3656fb5744023e165f36f9b0b19f41e8f2c2804d7fb8c5d2e3b,True
772,14,23,60,recent_k4,39.14411544799805,3817.901123046875,3817.901123046875,39.14411544799805,0.1185302734375,2348.646728515625,229074.0625,229074.0625,60,608.4354659542441,0.057312000542879105,199398e2d3e8b96c406616e42c7c94130efc06c16fa2f85d88be359362d76310,True
773,14,23,75,recent_k4,9.875798225402832,220.79933166503906,220.79933166503906,9.875798225402832,0.00714874267578125,592.5478515625,13247.958984375,13247.958984375,60,608.1984583288431,0.055296000093221664,4dba53b9d40da47e86707f6cff19bad8fed5c7fa6544c694aac16f1450968079,True
774,14,23,90,recent_k4,10.44780158996582,257.89898681640625,257.89898681640625,10.44780158996582,0.008209228515625,626.8680419921875,15473.9375,15473.9375,60,607.8212019056082,0.055296000093221664,962e5ec98b75ad5a6d317b636c4411bddca60a7b1ac500c4c2052571175d5f04,True
775,14,23,105,recent_k4,20.58684539794922,18865.181640625,1057.2958984375,20.58684539794922,0.5830078125,1235.210693359375,1131910.875,63437.75390625,60,608.2505281083286,0.05632000043988228,65d9e674b606aaaec0652a4d581541c0fdc4e920096f0519e58d68a77f361a7e,True
776,14,23,120,recent_k4,22.03957176208496,12344.244140625,1552.2928466796875,22.03957176208496,0.381591796875,1322.374267578125,740654.625,93137.5625,60,608.3659268915653,0.05632000043988228,eba03bc1ea7f1aa8602af43cb622c1b5af27f2f442d89f2961d5bb1d07dd94a1,True
777,14,23,135,recent_k4,10.019025802612305,1673.0355224609375,237.6483612060547,10.019025802612305,0.054718017578125,601.1415405273438,100382.125,14258.9013671875,60,607.9927207902074,0.05632000043988228,84f0efb3abf3e29f5265cf62a201cfaf1535192fbaeb944b1eeb5a0e4ba74987,True
778,14,23,150,recent_k4,35.16215896606445,20253.201171875,2335.58544921875,35.16215896606445,0.63330078125,2109.7294921875,1215192.0,140135.125,60,608.0962298437953,0.055296000093221664,0ee833265d315f7bce82c6e524575fde43543ba15e9e061957acb7310cc3f2e2,True
779,14,23,165,recent_k4,7.095718860626221,65.31393432617188,65.31393432617188,7.095718860626221,0.0030193328857421875,425.74310302734375,3918.8359375,3918.8359375,60,608.1770989112556,0.055296000093221664,7d540864fe7a736fe3a8789d536e1b2d5d3e0aab8524ca7e1a674171b39c3f0f,True
780,14,23,180,recent_k4,11.90324592590332,539.5750732421875,539.5750732421875,11.90324592590332,0.017608642578125,714.1947021484375,32374.50390625,32374.50390625,60,608.896513003856,0.055296000093221664,f44f72e52f2f7fef0d6d0132e7bd4f55537438739ecb5d50f0e6abf82ddd5886,True
781,14,23,195,recent_k4,33.36680603027344,6168.73876953125,2694.31201171875,33.36680603027344,0.19287109375,2002.00830078125,370124.3125,161658.71875,60,609.2593693174422,0.0655359998345375,b04ed96d25df98c2a5d5f696a6b844297076b9d442e559ffa65ceba22b3c2d2f,True
782,14,23,210,recent_k4,45.63083267211914,6273.4951171875,5704.0390625,45.63083267211914,0.1951904296875,2737.849853515625,376409.6875,342242.3125,60,609.3881288543344,0.055296000093221664,3a1601c4abbe083c1f32060c96f854c37153df7bbe9dcb018411a815b99f6603,True
783,14,23,225,recent_k4,16.624380111694336,439.21722412109375,439.21722412109375,16.624380111694336,0.01441192626953125,997.4627685546875,26353.03125,26353.03125,60,609.2712800018489,0.05734400078654289,f0949ecaba340075565e3cf340ab630bc4cd2e84219847da3d8101d00ca72593,True
784,14,53,30,recent_k4,14.164305686950684,476.2513732910156,476.2513732910156,14.164305686950684,0.01494598388671875,849.8582763671875,28575.080078125,28575.080078125,60,609.6306866966188,0.05632000043988228,cf657f3b461d2a9b481f485fee642125efff52ca468354beeb6cd85d0917d5a7,True
785,14,53,45,recent_k4,10.908079147338867,258.5775146484375,258.5775146484375,10.908079147338867,0.0087432861328125,654.4847412109375,15514.6494140625,15514.6494140625,60,609.6675172448158,0.055296000093221664,61d176e5d88ac1cd171bcf98f34823460834003c95c3356b2a4f5b45b7fb7925,True
786,14,53,60,recent_k4,25.509498596191406,944.4851684570312,944.4851684570312,25.509498596191406,0.0295257568359375,1530.56982421875,56669.10546875,56669.10546875,60,609.7156759351492,0.055296000093221664,6e4bb8b25a79afa393432f3eb3b23fd2c07ff6862dd552d1cfaa6c48a0fb94fc,True
787,14,53,75,recent_k4,14.557194709777832,503.55694580078125,503.55694580078125,14.557194709777832,0.0179443359375,873.431640625,30213.416015625,30213.416015625,60,608.6173858493567,0.05632000043988228,a6559090b55156bab738f7586684a33a50f447e6e0fa19c222b17a5c97bfb326,True
788,14,53,90,recent_k4,16.424726486206055,618.22119140625,618.22119140625,16.424726486206055,0.0216827392578125,985.4835205078125,37093.26953125,37093.26953125,60,622.0916989259422,0.055296000093221664,4d9f8f0fdfa312d8bd13907ca2b6254f26fd53f9fcb85ee154d1ade7568165bd,True
789,14,53,105,recent_k4,2.681243419647217,16.197040557861328,16.197040557861328,2.681243419647217,0.0005207061767578125,160.87460327148438,971.8223876953125,971.8223876953125,60,622.0079502090812,0.05734400078654289,9a025f690a7f690d6d80b8af98043e2dd91ae506eb2a7474cf71c7345a406eff,True
790,14,53,120,recent_k4,3.869068145751953,25.537017822265625,25.537017822265625,3.869068145751953,0.0010328292846679688,232.14407348632812,1532.220947265625,1532.220947265625,60,615.849332883954,0.05632000043988228,cf0a357ed4be91cd2257f1cd2a47e19f69b46ca3097cf21cd2e32227a1c7efd0,True
791,14,53,135,recent_k4,1.6561323404312134,4.260585308074951,4.260585308074951,1.6561323404312134,0.00018405914306640625,99.36793518066406,255.63511657714844,255.63511657714844,60,631.8366238847375,0.05632000043988228,5ac85beb88ee7de9389151602d73a7b779c861879f558dde701dc0fef0f2de7d,True
792,14,53,150,recent_k4,1.457377552986145,3.355342388153076,3.355342388153076,1.457377552986145,0.00015616416931152344,87.4426498413086,201.32052612304688,201.32052612304688,60,612.6887197606266,0.05833600088953972,8dc426f8d887ca99ae0856c8c9c2b35f2a7a251f08bbee72ccb3a2403cb89ef2,True
793,14,53,165,recent_k4,1.2830674648284912,2.986020565032959,2.986020565032959,1.2830674648284912,0.00013136863708496094,76.98404693603516,179.16122436523438,179.16122436523438,60,611.1384937539697,0.06758400052785873,e4cd58064109152b7fcd55caa933361a64035e84bab94607a63c981b3512d9d5,True
794,14,53,180,recent_k4,2.2709381580352783,9.65839958190918,9.65839958190918,2.2709381580352783,0.0003979206085205078,136.25628662109375,579.5039672851562,579.5039672851562,60,611.0760648734868,0.055296000093221664,dcaa71e38693070ac6c56247da8579b0a0895325727634e6b525a4327af4e312,True
795,14,53,195,recent_k4,10.479728698730469,197.20767211914062,197.20767211914062,10.479728698730469,0.00771331787109375,628.78369140625,11832.4599609375,11832.4599609375,60,609.7821756266057,0.05632000043988228,7e37b5e7ee3f073e1210d6dbc68b88289672fed8eaaec5412a94172f78a6c041,True
796,14,53,210,recent_k4,11.189122200012207,240.0630340576172,240.0630340576172,11.189122200012207,0.00839996337890625,671.3472900390625,14403.78125,14403.78125,60,610.3365710005164,0.05632000043988228,2279a621f0f3b614face32bf00dbe32f14f6baa846de091aa513f5173f828363,True
797,14,53,225,recent_k4,10.576831817626953,228.68360900878906,228.68360900878906,10.576831817626953,0.0076141357421875,634.60986328125,13721.015625,13721.015625,60,609.5449379645288,0.05632000043988228,c03c46a68f1780d070f9e2a4a1b153d6d781e575efe6a65f7bc4e0fcf98943a2,True
798,14,84,30,recent_k4,2.7657980918884277,15.27751350402832,15.27751350402832,2.7657980918884277,0.00048542022705078125,165.9478759765625,916.6507568359375,916.6507568359375,60,610.0811241194606,0.055296000093221664,149460a40c049105c851855528ca7cabefafad4afc1c70bcb77de36949a7dc5d,True
799,14,84,45,recent_k4,3.0952577590942383,18.349794387817383,18.349794387817383,3.0952577590942383,0.0005893707275390625,185.7154541015625,1100.987548828125,1100.987548828125,60,609.5206588506699,0.06656000018119812,26c170caebbf626f795ca7c6dce9a8aae7da3a594e328dfa7b3423f03e91ff98,True
800,14,84,60,recent_k4,2.7517120838165283,15.045734405517578,15.045734405517578,2.7517120838165283,0.0004911422729492188,165.10272216796875,902.7440185546875,902.7440185546875,60,609.4451989047229,0.060416001826524734,83fef2bc14b9dfe5b549a7a45ee4a1bc031c42ade3553334a30868a195cca1b1,True
801,14,84,75,recent_k4,2.835444211959839,17.340959548950195,17.340959548950195,2.835444211959839,0.0005426406860351562,170.12664794921875,1040.45751953125,1040.45751953125,60,608.7990747764707,0.05632000043988228,2ca394f03f863a9627cd6cbdd4b994c2ca2698defbc29275ddb2ef016511692c,True
802,14,84,90,recent_k4,1.74749755859375,5.10383939743042,5.10383939743042,1.74749755859375,0.0001785755157470703,104.84984588623047,306.2303466796875,306.2303466796875,60,609.0517528355122,0.055296000093221664,ede796913e3b43f0271b7636f254f3a5066266c7fbcd3c63e5a3a88f582fbdcf,True
803,14,84,105,recent_k4,2.6142635345458984,12.856677055358887,12.856677055358887,2.6142635345458984,0.0004086494445800781,156.85580444335938,771.4005737304688,771.4005737304688,60,609.2739598825574,0.06652799993753433,a5810b01eaf135d2abac2829e98c01e5340227f7694c2c9748aa70354bce6d47,True
804,14,84,120,recent_k4,2.438149929046631,11.229669570922852,11.229669570922852,2.438149929046631,0.0003628730773925781,146.2889862060547,673.7801513671875,673.7801513671875,60,608.7346859276295,0.06451199948787689,552a1548478e9e5049c30ed28e8fa714824911b9a3b30f9bc8676463d1cc40f8,True
805,14,84,135,recent_k4,2.2439494132995605,9.83841609954834,9.83841609954834,2.2439494132995605,0.0003142356872558594,134.636962890625,590.304931640625,590.304931640625,60,609.2142015695572,0.05632000043988228,0ab0213cbf1d0887409e3847ac2e0d4f227b9713dafe15eea716476a42caf5da,True
806,14,84,150,recent_k4,2.185904026031494,9.545992851257324,9.545992851257324,2.185904026031494,0.0003037452697753906,131.15423583984375,572.759521484375,572.759521484375,60,609.1822423040867,0.055296000093221664,4cf080ec213db5661a95b6403a6bfeecefa84d64305158e7db6f42bf0a21dcb3,True
807,14,84,165,recent_k4,2.3681693077087402,10.521088600158691,10.521088600158691,2.3681693077087402,0.0003402233123779297,142.09014892578125,631.2652587890625,631.2652587890625,60,608.5928762331605,0.05734400078654289,53cd230b7abfc83168f8fbd2981522d6356f17c901a89ebcf8e5189eef576de8,True
808,14,84,180,recent_k4,5.036973476409912,34.72188186645508,34.72188186645508,5.036973476409912,0.001678466796875,302.2183837890625,2083.312744140625,2083.312744140625,60,609.455059748143,0.055296000093221664,39d8214918b5aba842b3a784d58bcfd9e02926e2d588ddd04a006597c47d2de2,True
809,14,84,195,recent_k4,6.397575855255127,83.33609008789062,83.33609008789062,6.397575855255127,0.003116607666015625,383.8545227050781,5000.1650390625,5000.1650390625,60,612.2741349972785,0.05632000043988228,4095237dedda7c721f5e804b42150974e4a1f3f3cad659c000554e5004f63c3f,True
810,14,84,210,recent_k4,16.778669357299805,699.9232788085938,699.9232788085938,16.778669357299805,0.0224456787109375,1006.7200927734375,41995.39453125,41995.39453125,60,608.9462931267917,0.06143999844789505,37503f80796a214edba8cebf0c27baccff5cabfe4951c457b218d5423f12afa7,True
811,14,84,225,recent_k4,20.06855583190918,713.3232421875,713.3232421875,20.06855583190918,0.0224456787109375,1204.11328125,42799.390625,42799.390625,60,605.753812007606,0.05632000043988228,5980e10618b5886088d059943a60d9f33a3c46d6ee524e44b7dceb14b34962ab,True
812,14,59,30,recent_k4,29.577606201171875,1473.419677734375,1473.419677734375,29.577606201171875,0.050079345703125,1774.65625,88405.1796875,88405.1796875,60,606.7466931417584,0.05539200082421303,b241af3f1cabe77df064a2b5b2fc8738b08db08380eeaa4ca30c5e8b606ff49e,True
813,14,59,45,recent_k4,14.840063095092773,311.23114013671875,311.23114013671875,14.840063095092773,0.01267242431640625,890.4037475585938,18673.8671875,18673.8671875,60,609.0221330523491,0.058368001133203506,7182591910181401444210f12d3b929cf0036ea37248c0336748123af6e4aa34,True
814,14,59,60,recent_k4,6.173878192901611,67.46562194824219,67.46562194824219,6.173878192901611,0.0021514892578125,370.43267822265625,4047.937255859375,4047.937255859375,60,610.7984678819776,0.058368001133203506,89acd205dac3624b19dfc20aba923de41655c0bd27aa0c2f1413943d4625e789,True
815,14,59,75,recent_k4,5.41330623626709,66.896240234375,66.896240234375,5.41330623626709,0.0023479461669921875,324.7983703613281,4013.774169921875,4013.774169921875,60,609.9085062742233,0.06758400052785873,b99468ff5a4725fe6bcac7db8f707f7b3524915ac8e01d8454228501fd603c69,True
816,14,59,90,recent_k4,3.6346828937530518,22.09428596496582,22.09428596496582,3.6346828937530518,0.000782012939453125,218.08096313476562,1325.6571044921875,1325.6571044921875,60,610.4945600964129,0.055296000093221664,a2678cd8c7edbfea8aa111cf92601e9eb483f47499171a047feba8792c2c35cd,True
817,14,59,105,recent_k4,5.006253242492676,46.89591598510742,46.89591598510742,5.006253242492676,0.00167083740234375,300.37518310546875,2813.7548828125,2813.7548828125,60,609.490068629384,0.055296000093221664,ea2e5a39e617a13d9ce155eeac7f8dfe5c414e1b14c3acb864b6e5e65f170b54,True
818,14,59,120,recent_k4,9.906769752502441,162.21104431152344,162.21104431152344,9.906769752502441,0.006168365478515625,594.4061279296875,9732.662109375,9732.662109375,60,609.6937577240169,0.06656000018119812,700682796ae727a2d1da1342f9154d824e0dfeb6c36d2a193e1c879848863df9,True
819,14,59,135,recent_k4,11.455953598022461,185.76625061035156,185.76625061035156,11.455953598022461,0.0089111328125,687.357177734375,11145.974609375,11145.974609375,60,609.2294622212648,0.055296000093221664,b5963c665cb06fb387b0e5decbc3b407b44545d56f6103d9cc5f2cea5daddf95,True
820,14,59,150,recent_k4,6.294739723205566,113.3056869506836,113.3056869506836,6.294739723205566,0.0036487579345703125,377.6843566894531,6798.3408203125,6798.3408203125,60,610.0584450177848,0.055296000093221664,44c474f2aa888ecb3f24111adfa8e4c3b10566b371e51df0de411ac957f10464,True
821,14,59,165,recent_k4,10.137200355529785,245.50682067871094,245.50682067871094,10.137200355529785,0.00814056396484375,608.2319946289062,14730.408203125,14730.408203125,60,606.0108202509582,0.05632000043988228,0febd1e418edab79db6dddda24fbcdcb778123d83805decfadf6d70feeb8b25d,True
822,14,59,180,recent_k4,3.5748353004455566,24.08405876159668,24.08405876159668,3.5748353004455566,0.0009579658508300781,214.4901123046875,1445.04345703125,1445.04345703125,60,618.199354968965,0.055296000093221664,2ae1ad2518270daa3d83fe4cdd23c289a59ff10ef62954ae208318813f346a6e,True
823,14,59,195,recent_k4,10.085201263427734,162.88011169433594,162.88011169433594,10.085201263427734,0.0084991455078125,605.112060546875,9772.806640625,9772.806640625,60,606.0232101008296,0.055296000093221664,f85ab1f048bd02e2f4361c4b3541e1e020ff15c6611bc7d922d75912f3b28b54,True
824,14,59,210,recent_k4,9.033191680908203,99.29634857177734,99.29634857177734,9.033191680908203,0.006229400634765625,541.991455078125,5957.78076171875,5957.78076171875,60,605.2646362222731,0.05632000043988228,6027edb5bcb3723f3e6c2a2a697d618f2cdfa0794dada6adb3fcfbc3dc458a1e,True
825,14,59,225,recent_k4,8.136163711547852,107.951171875,107.951171875,8.136163711547852,0.0038967132568359375,488.1697692871094,6477.06982421875,6477.06982421875,60,607.9386142082512,0.056384000927209854,a0874669ea4e89c816bc306d5b77cc08f091d2364c5eeb0ba054cb63a3822307,True
826,14,49,30,recent_k4,16.336191177368164,473.5293884277344,473.5293884277344,16.336191177368164,0.0182037353515625,980.17138671875,28411.76171875,28411.76171875,60,607.216629665345,0.05632000043988228,b72e48553acc5ef2ccdf5fb1fbeacfe0a017cb629aa1fcd14c48f05c62faffe0,True
827,14,49,45,recent_k4,4.976487636566162,54.99674987792969,54.99674987792969,4.976487636566162,0.002155303955078125,298.5892333984375,3299.804931640625,3299.804931640625,60,607.7663959003985,0.05833600088953972,136df10d539f44d41e2cda5db99f822f06c47930a1f73d8b4cc0997facd6b743,True
828,14,49,60,recent_k4,8.06721019744873,102.1407470703125,102.1407470703125,8.06721019744873,0.0035419464111328125,484.0325622558594,6128.4443359375,6128.4443359375,60,607.6067872345448,0.05734400078654289,b4e71a216eebf31852cf3ff611f7f2d1c1cf70d306e0555e66627728bd5d29f9,True
829,14,49,75,recent_k4,7.243645668029785,93.0530776977539,93.0530776977539,7.243645668029785,0.004047393798828125,434.61871337890625,5583.1845703125,5583.1845703125,60,609.8539368249476,0.05734400078654289,a003ffcc88851779a480377ac88f6f51c8cbe083948f776113c497dd2eef1aa1,True
830,14,49,90,recent_k4,12.668756484985352,299.0122375488281,299.0122375488281,12.668756484985352,0.00982666015625,760.1253662109375,17940.732421875,17940.732421875,60,608.6959163658321,0.055296000093221664,8c079fad832c09df2e88e3cc2204b7349edfe0e200f4f2a51e70dfb2ed8373de,True
831,14,49,105,recent_k4,8.87464427947998,102.57147216796875,102.57147216796875,8.87464427947998,0.004375457763671875,532.4786376953125,6154.2880859375,6154.2880859375,60,609.3534119427204,0.055296000093221664,29b83fa64246602a3efa2812bfb5d59303931ac20f5bc1eb30ae236b0119aa3b,True
832,14,49,120,recent_k4,4.116192817687988,21.241716384887695,21.241716384887695,4.116192817687988,0.0012722015380859375,246.97154235839844,1274.5029296875,1274.5029296875,60,609.2595933005214,0.055296000093221664,0914f3099fe11ef6f34d21f2346dc5d4b6f4cf07e96a28d588287db8e08c3dbe,True
833,14,49,135,recent_k4,5.671052932739258,41.38847351074219,41.38847351074219,5.671052932739258,0.0020694732666015625,340.2631530761719,2483.308349609375,2483.308349609375,60,609.9681057967246,0.05632000043988228,071a1f23ff9d10f3559a02419e4d27fc8647bae489d2b4dd16049107a78b1bd8,True
834,14,49,150,recent_k4,2.3514554500579834,10.533331871032715,10.533331871032715,2.3514554500579834,0.00033783912658691406,141.0873260498047,631.9998779296875,631.9998779296875,60,609.5706904307008,0.0655359998345375,5c7ce16f2da3c8ee9c0e8020256b57ac074e7abaca76ec03d1f0aeb291ca8df3,True
835,14,49,165,recent_k4,2.1845908164978027,7.701183319091797,7.701183319091797,2.1845908164978027,0.00024628639221191406,131.075439453125,462.07098388671875,462.07098388671875,60,610.180004965514,0.055296000093221664,dfed8b5789dcec0fe7a19366ec61385367a079ae064205b556cbda650c36823e,True
836,14,49,180,recent_k4,3.7577311992645264,26.00435447692871,26.00435447692871,3.7577311992645264,0.0010499954223632812,225.4638671875,1560.26123046875,1560.26123046875,60,610.1043652743101,0.05632000043988228,4e75b86434f48406a324eb507b029bd6b6cfd9e460823b0996f57159640d627f,True
837,14,49,195,recent_k4,8.742093086242676,120.87545013427734,120.87545013427734,8.742093086242676,0.0090789794921875,524.5255737304688,7252.52685546875,7252.52685546875,60,609.306531958282,0.06451199948787689,2c88dfbbee9b428613a51659b5c0b682f662a0f3bcf216fce6bd53ad8ce8314b,True
838,14,49,210,recent_k4,11.219931602478027,161.43821716308594,161.43821716308594,11.219931602478027,0.0131378173828125,673.1958618164062,9686.29296875,9686.29296875,60,610.2620242163539,0.0655359998345375,bdd4fefcccdf82f6fff6dfc2b69f7f9f3fe1c4261097b902490f98df8f78e518,True
839,14,49,225,recent_k4,3.8988239765167236,17.944522857666016,17.944522857666016,3.8988239765167236,0.0011386871337890625,233.92942810058594,1076.6712646484375,1076.6712646484375,60,610.0090560503304,0.06656000018119812,755e9288d7d6ef0b14b583becf187f5f16c49141b1feae1bbdfde6cd6790e02e,True
840,14,7,30,recent_k4,6.06039571762085,63.104644775390625,63.104644775390625,6.06039571762085,0.0021114349365234375,363.62371826171875,3786.278564453125,3786.278564453125,60,610.4927421547472,0.05628800019621849,b8cf442d7fe27db985334b9a3dbb87cf7cf2761fe7f393fa30d1e23130ce59e1,True
841,14,7,45,recent_k4,7.134936809539795,111.6930160522461,111.6930160522461,7.134936809539795,0.003509521484375,428.09619140625,6701.58056640625,6701.58056640625,60,609.4892197288573,0.06860800087451935,5b43bbe86ed84602f0f0c09a5a01211aa3520a6c88eb4c8a5c48e5f49d505870,True
842,14,7,60,recent_k4,13.839578628540039,392.4179382324219,392.4179382324219,13.839578628540039,0.0152587890625,830.3746948242188,23545.07421875,23545.07421875,60,609.9967663176358,0.055296000093221664,e7be344f441c7117bb81c7ff342a34f243d7d8236ff51e75c1214134ee862c25,True
843,14,7,75,recent_k4,12.986485481262207,322.7549743652344,322.7549743652344,12.986485481262207,0.01385498046875,779.1890869140625,19365.296875,19365.296875,60,609.3440321274102,0.05632000043988228,adce1b63d10dcb39655f57e3d982546f52d8a8927483b14edb0256fceaa5fe51,True
844,14,7,90,recent_k4,15.852306365966797,543.0151977539062,543.0151977539062,15.852306365966797,0.01983642578125,951.1383056640625,32580.91015625,32580.91015625,60,609.8355576395988,0.05427199974656105,f77ca8d622bfa2a6935f7a145c621f6ea7f7885ea2d7187ea41f9a09a061ad50,True
845,14,7,105,recent_k4,6.344006538391113,70.24779510498047,70.24779510498047,6.344006538391113,0.0023174285888671875,380.640380859375,4214.86767578125,4214.86767578125,60,609.5583396963775,0.055296000093221664,e6e1d7c90f9d1b44bf634576694a789a88059069d2b43ce8813a94f16b0cc885,True
846,14,7,120,recent_k4,5.73403787612915,50.948089599609375,50.948089599609375,5.73403787612915,0.0021419525146484375,344.0422668457031,3056.88525390625,3056.88525390625,60,609.2317928560078,0.055296000093221664,062fe90eb05312299e50a95ec3533a00be8f8ff68a592e99fbcae82edee8c75e,True
847,14,7,135,recent_k4,3.575587749481201,27.64447021484375,27.64447021484375,3.575587749481201,0.0008730888366699219,214.53524780273438,1658.6680908203125,1658.6680908203125,60,609.3409419991076,0.05632000043988228,38f3e281e34fd25314f588fca4555eac4b0baa9dee74beffc871eaa999237f9d,True
848,14,7,150,recent_k4,6.894272327423096,79.86758422851562,79.86758422851562,6.894272327423096,0.0027904510498046875,413.65631103515625,4792.0546875,4792.0546875,60,609.8879179917276,0.055296000093221664,962ca2d4097f46715590df09278ad6a913c32a7f8050295145efa4b32c02597d,True
849,14,7,165,recent_k4,8.804007530212402,132.01126098632812,132.01126098632812,8.804007530212402,0.004512786865234375,528.2404174804688,7920.67529296875,7920.67529296875,60,610.9206578694284,0.055296000093221664,75e3608b58d10616d73f2a320c97dfe3260f0ed6c4238399c6c13a7a95c355b0,True
850,14,7,180,recent_k4,2.028367042541504,5.153146743774414,5.153146743774414,2.028367042541504,0.0002982616424560547,121.70201873779297,309.18878173828125,309.18878173828125,60,609.5524397678673,0.06758400052785873,26e49ae2f9cf255fbae646ef315ef8da619ef4b5fa5e40b219d780c13b1c1ebb,True
851,14,7,195,recent_k4,10.477394104003906,259.2534484863281,259.2534484863281,10.477394104003906,0.0120086669921875,628.6436157226562,15555.2060546875,15555.2060546875,60,609.1297939419746,0.05734400078654289,9c3f8d80e3610d30e073646d6e5202a6a1c2e63e40dac99a8fa93b1e3fcf7ef4,True
852,14,7,210,recent_k4,16.655181884765625,477.4471740722656,477.4471740722656,16.655181884765625,0.0225067138671875,999.3109130859375,28646.828125,28646.828125,60,609.7464580088854,0.05632000043988228,aefed665b82233f9fb985bfbabb902f4d046478c22bf297e85bdc26e69aefe83,True
853,14,7,225,recent_k4,11.941215515136719,213.31781005859375,213.31781005859375,11.941215515136719,0.007389068603515625,716.472900390625,12799.068359375,12799.068359375,60,609.759358689189,0.05632000043988228,f3fd8f842593b6209cf6b699c239bc9f9d9484f2784ae4227a9db96e07e86c20,True
854,14,47,30,recent_k4,9.497112274169922,101.89910888671875,101.89910888671875,9.497112274169922,0.0073699951171875,569.8267211914062,6113.9462890625,6113.9462890625,60,609.9911658093333,0.055296000093221664,8543bf977e74fdf4eafa6d01333991123af8c90de2ac0dedf9c427187f63fd12,True
855,14,47,45,recent_k4,5.390239715576172,35.85356521606445,35.85356521606445,5.390239715576172,0.0024776458740234375,323.41436767578125,2151.2138671875,2151.2138671875,60,609.9505070596933,0.055296000093221664,0d738e2e183a4e75a23306f46f2bba297ef85764c589786448d1a6a882138521,True
856,14,47,60,recent_k4,5.604100704193115,40.07793045043945,40.07793045043945,5.604100704193115,0.002681732177734375,336.24603271484375,2404.67578125,2404.67578125,60,609.3936921097338,0.055296000093221664,0cfadd8e246c22666423895696a64a336ce4e0b748d80db97df4777316807ec5,True
857,14,47,75,recent_k4,5.659262657165527,40.904361724853516,40.904361724853516,5.659262657165527,0.002620697021484375,339.5557556152344,2454.261474609375,2454.261474609375,60,609.6718097105622,0.05628800019621849,2313667e0527d83dd41d4827b48b1606bdaafce51fd3f1a70aa903d291786a95,True
858,14,47,90,recent_k4,5.679205417633057,39.807308197021484,39.807308197021484,5.679205417633057,0.0025310516357421875,340.7523193359375,2388.4384765625,2388.4384765625,60,609.9497568793595,0.05734400078654289,f1020a918e16642b382cae0e0cf61ac176f0626aea28698e3cde68142b6ee481,True
859,14,47,105,recent_k4,5.546572685241699,38.40053176879883,38.40053176879883,5.546572685241699,0.002544403076171875,332.7943420410156,2304.03173828125,2304.03173828125,60,609.4600111246109,0.05734400078654289,4d84172b417a2ec076644e9bb5aed0b772651855195973c5d1dac87311cb6ccd,True
860,14,47,120,recent_k4,5.613423824310303,39.624881744384766,39.624881744384766,5.613423824310303,0.00255584716796875,336.805419921875,2377.49267578125,2377.49267578125,60,609.0079052373767,0.058368001133203506,909d79e0e296275bbf9de98bcc7bc5bae6b2c12da5e6f8cc4c190b790e871593,True
861,14,47,135,recent_k4,5.606231689453125,39.694976806640625,39.694976806640625,5.606231689453125,0.0025634765625,336.3738708496094,2381.698486328125,2381.698486328125,60,610.2898251265287,0.05632000043988228,297136019b8ebbe4ccba586596a51ac9651672ce48788e7337892517fca39dc2,True
862,14,47,150,recent_k4,5.573163032531738,38.59789276123047,38.59789276123047,5.573163032531738,0.002490997314453125,334.3897705078125,2315.87353515625,2315.87353515625,60,609.6654301509261,0.055296000093221664,8b3a99238937fd1bc99fb0023bab7ef4525f691ed8d80c83e2c12f4dddce829d,True
863,14,47,165,recent_k4,8.792692184448242,143.71273803710938,143.71273803710938,8.792692184448242,0.01023101806640625,527.5615234375,8622.763671875,8622.763671875,60,609.3110330402851,0.05734400078654289,b1c464dd676da5dfd15d9e8f7f27e11dd69004216d8af499b6a7f9b4cb6c48a5,True
864,14,47,180,recent_k4,8.450081825256348,153.09542846679688,153.09542846679688,8.450081825256348,0.01474761962890625,507.0048828125,9185.7255859375,9185.7255859375,60,608.791007194668,0.05632000043988228,b2d5ce850020200cb36f70605c256259ea9061fcf854dcde72fe665f087eda5b,True
865,14,47,195,recent_k4,10.629772186279297,174.2296905517578,174.2296905517578,10.629772186279297,0.00927734375,637.7863159179688,10453.78125,10453.78125,60,609.4400719739497,0.05632000043988228,e46c56c433aabf015433e38226c5132a164701d0ca9dd03725e789b45f1da3f8,True
866,14,47,210,recent_k4,16.502424240112305,383.8234558105469,383.8234558105469,16.502424240112305,0.03466796875,990.1454467773438,23029.40625,23029.40625,60,609.6060909330845,0.055296000093221664,e23ca1a3b26003a5f24a1c8c7d2506da73214ff941e275fcafd9c6043a3e1317,True
867,14,47,225,recent_k4,5.627279758453369,39.76173782348633,39.76173782348633,5.627279758453369,0.003360748291015625,337.63677978515625,2385.7041015625,2385.7041015625,60,609.3177529983222,0.055296000093221664,707b5e4dd536d7c9ba42de6e5a9b032c4a86d3f1b9121fb46537fc9a5745dc08,True
868,14,30,30,recent_k4,3.0930721759796143,19.36317253112793,19.36317253112793,3.0930721759796143,0.0007090568542480469,185.58432006835938,1161.790283203125,1161.790283203125,60,612.6566450111568,0.055296000093221664,4dbf1c0156db81c713d3ec125c747c88876781dc454599676172a497ff22cd20,True
869,14,30,45,recent_k4,9.358641624450684,158.23663330078125,158.23663330078125,9.358641624450684,0.00583648681640625,561.5184936523438,9494.197265625,9494.197265625,60,609.3363231047988,0.06143999844789505,879db6c68b61bb0aea3356c0b18940db75f56946162a0cdb7843aa2d5c65faef,True
870,14,30,60,recent_k4,12.743498802185059,212.76576232910156,212.76576232910156,12.743498802185059,0.0081634521484375,764.60986328125,12765.9453125,12765.9453125,60,609.5519312657416,0.05536000058054924,10614a1fc6d2bdba5b846368df5d696e70747cdd44c9a81806960092ce832c9e,True
871,14,30,75,recent_k4,3.833582878112793,28.409399032592773,28.409399032592773,3.833582878112793,0.0009965896606445312,230.01495361328125,1704.5638427734375,1704.5638427734375,60,609.1008950024843,0.055296000093221664,505f8dd34413b8f7c566c815cb0b552e095832e075d2173078f46a09feb4d32e,True
872,14,30,90,recent_k4,3.2216956615448,20.635719299316406,20.635719299316406,3.2216956615448,0.0007910728454589844,193.30172729492188,1238.14306640625,1238.14306640625,60,609.2458236962557,0.05632000043988228,7331c1c9c2c85ae70f6d743980fbc64e80e4cec762ee6ed6b5d6a5d7d087f9b2,True
873,14,30,105,recent_k4,2.3773019313812256,8.630532264709473,8.630532264709473,2.3773019313812256,0.0003161430358886719,142.6381072998047,517.8319091796875,517.8319091796875,60,609.2809727415442,0.057312000542879105,ce683bbdb00fb88dc7bf5e7169e42a3ef7a480a0778a41eabe96ddcf0d705dea,True
874,14,30,120,recent_k4,2.053499698638916,6.548377990722656,6.548377990722656,2.053499698638916,0.0002460479736328125,123.20997619628906,392.90264892578125,392.90264892578125,60,610.619171988219,0.055296000093221664,41145de24072bb1f54598835a4ec9ba20ee33e8e184b8b068aa53641a391d80f,True
875,14,30,135,recent_k4,3.2530691623687744,30.883514404296875,30.883514404296875,3.2530691623687744,0.0009660720825195312,195.18414306640625,1853.0107421875,1853.0107421875,60,619.7370328009129,0.07577600330114365,f86ddad872e23b477dba6260ae8ae38a5f2f3b46640fa10254da086b3ad419cf,True
876,14,30,150,recent_k4,2.1445322036743164,9.948094367980957,9.948094367980957,2.1445322036743164,0.0003390312194824219,128.6719207763672,596.8856201171875,596.8856201171875,60,609.598240815103,0.05632000043988228,4db8175250dbb43bae02bb6b8691ac792dc631253ab6644a01bdca97f768ff4b,True
877,14,30,165,recent_k4,1.7544416189193726,5.271507263183594,5.271507263183594,1.7544416189193726,0.00021350383758544922,105.26649475097656,316.2904052734375,316.2904052734375,60,609.6830810420215,0.058368001133203506,234737b071ca303e57f1585e2f60e0783c7fb6f896af4c0951b288a50f07f787,True
878,14,30,180,recent_k4,2.037619113922119,5.1421122550964355,5.1421122550964355,2.037619113922119,0.0002505779266357422,122.25714111328125,308.5267333984375,308.5267333984375,60,610.5017932131886,0.055296000093221664,5dd96d6e751dadb5e61241733e97d18801d779a055f797cd609a93c95542c86c,True
879,14,30,195,recent_k4,2.6597678661346436,9.72950267791748,9.72950267791748,2.6597678661346436,0.0003998279571533203,159.5860595703125,583.7701416015625,583.7701416015625,60,609.4495919533074,0.05632000043988228,26d08d3496c86c6cc6ebb1fe8ed39ab50b76a4bab345f0d64986e5bdb0e5f0ed,True
880,14,30,210,recent_k4,1.7752381563186646,4.754125118255615,4.754125118255615,1.7752381563186646,0.0001876354217529297,106.5142822265625,285.24749755859375,285.24749755859375,60,609.6560610458255,0.055296000093221664,a78d745e3ae46f3a1885a6c5af0daf0a242c6b0c27181535dfc3c6b031b47612,True
881,14,30,225,recent_k4,3.4167940616607666,21.07767105102539,21.07767105102539,3.4167940616607666,0.0007081031799316406,205.00762939453125,1264.66015625,1264.66015625,60,609.5852609723806,0.05632000043988228,8cd8df7ddf17fa27c000f43e3fabf5582111cc8fbe0effb8def280422364ece9,True
882,18,83,30,recent_k4,24.3424072265625,1036.4322509765625,1036.4322509765625,24.3424072265625,0.033233642578125,1460.5443115234375,62185.9296875,62185.9296875,60,609.5315720885992,0.05532800033688545,593dc40e99afff36b62f27635507d0814fe47b069b88bb9f4dcf0e9d25e09320,True
883,18,83,45,recent_k4,6.412174701690674,70.14603424072266,70.14603424072266,6.412174701690674,0.002422332763671875,384.73046875,4208.76171875,4208.76171875,60,609.5324517227709,0.05632000043988228,ff986ef7fb192cecd16c53ff5626950782f0d36408e5e8c26617b50435ab6fb9,True
884,18,83,60,recent_k4,19.5000057220459,760.956298828125,760.956298828125,19.5000057220459,0.025482177734375,1170.000244140625,45657.375,45657.375,60,609.6299621276557,0.05632000043988228,fe5589d0b7e47896c82eea681a572bb51bb920e80761fd3b47b1230042f8a703,True
885,18,83,75,recent_k4,8.225939750671387,136.36178588867188,136.36178588867188,8.225939750671387,0.004444122314453125,493.55633544921875,8181.70703125,8181.70703125,60,608.8176583871245,0.05734400078654289,f025b8e5d42983bb294cbcfc260dc97b0c639fcdf20ea7b8b452d48c3d8b9ee2,True
886,18,83,90,recent_k4,6.892865180969238,92.54964447021484,92.54964447021484,6.892865180969238,0.0032596588134765625,413.5718994140625,5552.978515625,5552.978515625,60,608.7610078975558,0.05734400078654289,9428f7a5651f73fd21860766272e9559875fff4e6aa16f45c862f787fc704c38,True
887,18,83,105,recent_k4,4.591635227203369,47.441383361816406,47.441383361816406,4.591635227203369,0.0024280548095703125,275.49810791015625,2846.48291015625,2846.48291015625,60,606.2265709042549,0.055296000093221664,4383998f3a6b2c4325f1a0fa838afa4f1b441a953973f5dad4db772f077f69b7,True
888,18,83,120,recent_k4,29.31123924255371,8280.89453125,2604.154296875,29.31123924255371,0.2626953125,1758.67431640625,496853.625,156249.25,60,606.5757381729782,0.055296000093221664,1421c936a558f1ae3b46a44568d4039bf6182d9ac80119b78995a5b1be7063de,True
889,18,83,135,recent_k4,37.793182373046875,9012.755859375,3862.85498046875,37.793182373046875,0.281494140625,2267.5908203125,540765.3125,231771.28125,60,606.0146330855787,0.058368001133203506,f9ad05ba51df69b75922e02c68ceb5d98364dc6b5104e73dda5d203c5dca08bb,True
890,18,83,150,recent_k4,31.307470321655273,1818.3529052734375,1818.3529052734375,31.307470321655273,0.06097412109375,1878.4481201171875,109101.171875,109101.171875,60,606.319360435009,0.05734400078654289,b5279f3c291050264440953e971f86bd15ee85123506470e4ada7cffb66b0c81,True
891,18,83,165,recent_k4,11.508816719055176,222.725341796875,222.725341796875,11.508816719055176,0.0080108642578125,690.5289916992188,13363.51953125,13363.51953125,60,606.3504396006465,0.05632000043988228,0ef7cc6e1178b9228c22ddc5d440c8a2dca7babb895918138f1bdef120760879,True
892,18,83,180,recent_k4,5.41779088973999,66.81963348388672,66.81963348388672,5.41779088973999,0.002105712890625,325.06744384765625,4009.177734375,4009.177734375,60,608.8973479345441,0.05734400078654289,bd182d58fff1a59dd1ba6b138e953852090b6be9e2029ccfeb49490dd7f3ac0d,True
893,18,83,195,recent_k4,14.061691284179688,366.117919921875,366.117919921875,14.061691284179688,0.0123443603515625,843.701416015625,21967.07421875,21967.07421875,60,609.2224861495197,0.055296000093221664,d35f589f4e0ef0d7525a191426a96e1fe7273dfaabc252f84092353755682c62,True
894,18,15,30,recent_k4,8.120641708374023,135.0269317626953,135.0269317626953,8.120641708374023,0.00429534912109375,487.23846435546875,8101.615234375,8101.615234375,60,608.7506599724293,0.05632000043988228,f4a9dcb8319fb8a9d51bda573ca77e26d1f884b433c2cdcd45518a93b43c9b71,True
895,18,15,45,recent_k4,7.990039825439453,126.19548034667969,126.19548034667969,7.990039825439453,0.004180908203125,479.4023742675781,7571.728515625,7571.728515625,60,617.695061955601,0.05632000043988228,8b79c1d512d02968f526fede1666fdb4db6094125f1c585aee180ac3e0adcaee,True
896,18,15,60,recent_k4,9.916970252990723,267.3254699707031,267.3254699707031,9.916970252990723,0.0084381103515625,595.0181884765625,16039.52734375,16039.52734375,60,609.655681066215,0.05939200147986412,c1096823fa674a6274b9068ec0e5b256923d71e2ea6289d6baf5b9ff4248e400,True
897,18,15,75,recent_k4,7.478283882141113,113.92658233642578,113.92658233642578,7.478283882141113,0.0036830902099609375,448.697021484375,6835.5947265625,6835.5947265625,60,608.6366497911513,0.05632000043988228,491b9923344f3ea604e8346a2b28f25befade6a61abcf6ab73417d91f85763cd,True
898,18,15,90,recent_k4,3.9115560054779053,24.852867126464844,24.852867126464844,3.9115560054779053,0.0007905960083007812,234.69334411621094,1491.1719970703125,1491.1719970703125,60,609.1093458235264,0.05632000043988228,88d75f4582cf2699a24eeb1d91047ee14efaf362784ceb44cd4a1200303d6191,True
899,18,15,105,recent_k4,3.2714834213256836,19.14828109741211,19.14828109741211,3.2714834213256836,0.00074005126953125,196.28900146484375,1148.8968505859375,1148.8968505859375,60,609.6090623177588,0.05734400078654289,a6ea95ecf8012c9398f4be6cc1449f8fecac0eb646a7ed4885f90b6a87c3e28c,True
900,18,15,120,recent_k4,6.864358901977539,76.85749053955078,76.85749053955078,6.864358901977539,0.003078460693359375,411.86151123046875,4611.44921875,4611.44921875,60,609.2739850282669,0.0655359998345375,3d0c2d028a1ccae20006dd06589540f67b600bfb84af53c9e4f560cf71e1a2e5,True
901,18,15,135,recent_k4,5.890340328216553,50.84534454345703,50.84534454345703,5.890340328216553,0.0027904510498046875,353.42041015625,3050.720458984375,3050.720458984375,60,608.0710752867162,0.05734400078654289,06c490cbb22d38c0523ce272d09e515e2f189860416c65286dd345f193dd286f,True
902,18,15,150,recent_k4,5.8020172119140625,60.25928497314453,60.25928497314453,5.8020172119140625,0.002170562744140625,348.1210021972656,3615.556884765625,3615.556884765625,60,608.735210262239,0.055296000093221664,ca69e10c7956d2fba6db63317142b89cb22607d79b9ab81045ea772f14c7d768,True
903,18,15,165,recent_k4,6.780431747436523,77.91775512695312,77.91775512695312,6.780431747436523,0.00243377685546875,406.8258972167969,4675.06494140625,4675.06494140625,60,608.4887916222215,0.06451199948787689,0bfa17731f536fc606c5249408fa6b8c064eedf8538924e1a2a51b41bf8e4b65,True
904,18,3,30,recent_k4,20.40251350402832,741.5823364257812,741.5823364257812,20.40251350402832,0.030487060546875,1224.1507568359375,44494.9375,44494.9375,60,608.5090921260417,0.055296000093221664,c485e852aa19e29706af0e8435db1ec7d1bb4138acc24bf389f851b71145012f,True
905,18,3,45,recent_k4,49.04161071777344,4679.7822265625,4679.7822265625,49.04161071777344,0.1519775390625,2942.49658203125,280786.90625,280786.90625,60,608.6844597011805,0.05632000043988228,3f2eb9a1a5f8416bae75b2c7a9e33675fd411462611337a465ec8c9f95b01065,True
906,18,3,60,recent_k4,37.45120620727539,5126.9833984375,4035.214111328125,37.45120620727539,0.1636962890625,2247.072265625,307619.0,242112.828125,60,608.7600402534008,0.055296000093221664,4c758703d912c478fe3de3f6feaac3105bab87f7447bffcd043776642f6d92d8,True
907,18,3,75,recent_k4,50.030025482177734,13617.453125,4258.77294921875,50.030025482177734,0.4267578125,3001.80126953125,817047.125,255526.375,60,608.1736739724874,0.05632000043988228,a1bc6713be51329d5da6b5d463759fd67ac5e4b70b32b08c2032f7bfe73aa9f9,True
908,18,3,90,recent_k4,59.231197357177734,15421.3984375,6506.5185546875,59.231197357177734,0.494140625,3553.87158203125,925283.875,390391.09375,60,613.7770158238709,0.055296000093221664,174eb2b79965a48cc06fcce52fecda0589295f3938441dcd7674ad4a00ba19ca,True
909,18,3,105,recent_k4,18.492490768432617,596.6268310546875,596.6268310546875,18.492490768432617,0.0316162109375,1109.5494384765625,35797.609375,35797.609375,60,608.4207431413233,0.055296000093221664,82a93f6bd84db6212d84e5bd8df2bb9183abd4d5c78d6bdb57b87963d24cbb17,True
910,18,3,120,recent_k4,40.78767776489258,1947.5882568359375,1947.5882568359375,40.78767776489258,0.10107421875,2447.260498046875,116855.2890625,116855.2890625,60,608.4820120595396,0.05632000043988228,d6c0f1ce1ff096e0a5c2f738b6b2ee156d46108eba268c73e6ed7315e5a8b3ff,True
911,18,3,135,recent_k4,16.00374984741211,452.7254943847656,452.7254943847656,16.00374984741211,0.01528167724609375,960.2249755859375,27163.52734375,27163.52734375,60,608.5393116809428,0.05632000043988228,5280ed0042c6e553c60a6d2e3d79a5c57919629a7b3cc7347ba667076ecdcdec,True
912,18,3,150,recent_k4,4.306192398071289,27.428409576416016,27.428409576416016,4.306192398071289,0.0013494491577148438,258.37152099609375,1645.7044677734375,1645.7044677734375,60,609.9523198790848,0.05632000043988228,48436b8747ad148f09f31abf015362fd84a70e1502e6576c3f5621fea41ab074,True
913,18,3,165,recent_k4,6.014037609100342,99.29003143310547,99.29003143310547,6.014037609100342,0.003978729248046875,360.84222412109375,5957.4013671875,5957.4013671875,60,611.190368887037,0.06143999844789505,df3ff28683eb86e2433a2d2baa3b1e0054e6d5ea97aeb52f419e54e5fb74210f,True
914,18,35,30,recent_k4,16.293292999267578,571.6280517578125,571.6280517578125,16.293292999267578,0.01800537109375,977.5975341796875,34297.6796875,34297.6796875,60,608.5611223243177,0.062463998794555664,6b3f22b8c8b338d13e2854994fd67f710177ebc0feab134299a0413c19d9c93a,True
915,18,35,45,recent_k4,15.300360679626465,475.9226989746094,475.9226989746094,15.300360679626465,0.01529693603515625,918.0216064453125,28555.361328125,28555.361328125,60,611.1713792197406,0.05734400078654289,b55a79df5cbe18b9716fab1518ca914db85d7945b4e213834ff9bce0aaa1312f,True
916,18,35,60,recent_k4,7.112174034118652,70.36798858642578,70.36798858642578,7.112174034118652,0.002895355224609375,426.73040771484375,4222.0791015625,4222.0791015625,60,608.4197126328945,0.05632000043988228,13f30ecebfc711555cbc4811a278adbea08cf2559d34a85ab5d0ae98051467eb,True
917,18,35,75,recent_k4,4.8326945304870605,33.079322814941406,33.079322814941406,4.8326945304870605,0.0019054412841796875,289.961669921875,1984.7591552734375,1984.7591552734375,60,609.1107269749045,0.05632000043988228,e085ef23e28b403c4e8335440fbeac5bd966fb9f6c72b5fc501b222359a5c19e,True
918,18,35,90,recent_k4,4.902007102966309,39.184776306152344,39.184776306152344,4.902007102966309,0.0012636184692382812,294.12042236328125,2351.08642578125,2351.08642578125,60,610.482765827328,0.055296000093221664,3cac7c7bf6ab6119006a58e1cb60eb57a5c906cc51295f57f69769493e405731,True
919,18,35,105,recent_k4,4.636691570281982,36.581661224365234,36.581661224365234,4.636691570281982,0.001255035400390625,278.20147705078125,2194.899658203125,2194.899658203125,60,610.1970681920648,0.05632000043988228,e2ea7fa4064ad587bd611c5ea4fe2a922bb02c71eb6dcd67878697264efc7670,True
920,18,35,120,recent_k4,8.154036521911621,264.8548889160156,264.8548889160156,8.154036521911621,0.0085601806640625,489.2421875,15891.2919921875,15891.2919921875,60,610.1051890291274,0.05632000043988228,cf683f0a2fd4b7315a64775b2b8d16a1819be94d77f86ede148856427d2b6335,True
921,18,35,135,recent_k4,24.297300338745117,1133.3511962890625,1133.3511962890625,24.297300338745117,0.0401611328125,1457.837890625,68001.0703125,68001.0703125,60,610.235177911818,0.05628800019621849,227bd2cdc458bcae83af70ddaf9cb36923a505c60120ffe618b4fada1a22a486,True
922,18,35,150,recent_k4,54.71254348754883,5488.6064453125,5488.6064453125,54.71254348754883,0.182861328125,3282.75244140625,329316.375,329316.375,60,609.7229323349893,0.055296000093221664,85378ca581d073b9b6fa62c3ea1ddc60c04b3397f2f5dc92247b6faa4afcf00a,True
923,18,35,165,recent_k4,45.35969161987305,3203.642333984375,3203.642333984375,45.35969161987305,0.10528564453125,2721.581298828125,192218.53125,192218.53125,60,609.2259068973362,0.055296000093221664,364249b9fdfc4dc5aff48ae2a9f3cc058639cb056880b36c5d286deab5b9e2c6,True
924,18,35,180,recent_k4,5.1662821769714355,42.18534469604492,42.18534469604492,5.1662821769714355,0.0016622543334960938,309.9769287109375,2531.12060546875,2531.12060546875,60,609.113777987659,0.05632000043988228,09d0fed61aa65e8bfa3369d8b2d549b0758917fab6ed7248685c50b045e9dc59,True
925,18,35,195,recent_k4,4.482122421264648,31.16240882873535,31.16240882873535,4.482122421264648,0.0009899139404296875,268.9273376464844,1869.744384765625,1869.744384765625,60,609.6607623621821,0.05632000043988228,cf93e7baee22dd5311aaced02dbabd6a2dd67375c71d46edc1ad30c3c84f2050,True
926,18,35,210,recent_k4,3.434300422668457,27.191917419433594,27.191917419433594,3.434300422668457,0.0010232925415039062,206.05801391601562,1631.5150146484375,1631.5150146484375,60,609.4541642814875,0.05632000043988228,e051ebe541eb364167f2901ecead1d5f49503522ace09cdf73ce98a210c5eee3,True
927,18,35,225,recent_k4,17.209177017211914,808.5244140625,808.5244140625,17.209177017211914,0.0256500244140625,1032.550537109375,48511.4609375,48511.4609375,60,625.670584384352,0.0655359998345375,0db14ed372122094c95b0457e1b28dfbed1f7d28f9b1b775add483571ad6c512,True
928,18,48,30,recent_k4,21.086719512939453,637.3307495117188,637.3307495117188,21.086719512939453,0.0244903564453125,1265.203125,38239.84375,38239.84375,60,610.1395580917597,0.060416001826524734,7f673b55e6664b04f2605b1d52ceb1f4a450874804a137145f9c23e9df413858,True
929,18,48,45,recent_k4,48.08835220336914,4597.166015625,4597.166015625,48.08835220336914,0.16552734375,2885.301025390625,275829.9375,275829.9375,60,608.4605827927589,0.05632000043988228,b9e38a9126767ef6db07c90786535d1c3c4302834b4a0ca02e586a1e470d3f73,True
930,18,48,60,recent_k4,22.454912185668945,1086.0269775390625,1086.0269775390625,22.454912185668945,0.046966552734375,1347.294677734375,65161.6171875,65161.6171875,60,608.8917888700962,0.05628800019621849,211b6ed2af75e0f9ff3eedcc1bacaf40d9bcd3d95912badf28237857474f64ea,True
931,18,48,75,recent_k4,30.79878044128418,1906.598876953125,1906.598876953125,30.79878044128418,0.0635986328125,1847.9267578125,114395.9296875,114395.9296875,60,608.4679439663887,0.05632000043988228,4f45ee890cfb2ce93c1558c7acabf55288b8ed6580c4821514562bb0b9c2d130,True
932,18,48,90,recent_k4,8.028246879577637,106.18350219726562,106.18350219726562,8.028246879577637,0.004161834716796875,481.69476318359375,6371.009765625,6371.009765625,60,609.4267051666975,0.055296000093221664,9571ea345951c17a5626e6c1aaf17d4b9a33588318d329120d036df2969859e8,True
933,18,48,105,recent_k4,4.44464635848999,28.37479019165039,28.37479019165039,4.44464635848999,0.00146484375,266.67877197265625,1702.4873046875,1702.4873046875,60,608.8309800252318,0.055296000093221664,38977883f5605d9ea0fd64bae0c905a38d4d5b296074b3860f7c2a4e7b47b010,True
934,18,48,120,recent_k4,5.49878454208374,63.33662033081055,63.33662033081055,5.49878454208374,0.002140045166015625,329.92706298828125,3800.197021484375,3800.197021484375,60,610.6063448823988,0.05632000043988228,bc071cb016a7d5d1796423969f9ac1e13e70834702cd6fb1fab9151f6112dc05,True
935,18,48,135,recent_k4,4.418249130249023,39.83803939819336,39.83803939819336,4.418249130249023,0.001434326171875,265.0949401855469,2390.2822265625,2390.2822265625,60,608.6564320139587,0.058368001133203506,28ba6cfe25ca60d52608d449964bc9b14cf160cf63d07623dfcf620e40824168,True
936,18,48,150,recent_k4,4.056862831115723,27.286317825317383,27.286317825317383,4.056862831115723,0.002696990966796875,243.4117431640625,1637.178955078125,1637.178955078125,60,609.1474271379411,0.05632000043988228,292fd04d3f3889113e820fbce2a92a0f9d991530379fb77ae2a04d2715cc0679,True
937,18,48,165,recent_k4,8.406699180603027,100.44072723388672,100.44072723388672,8.406699180603027,0.003780364990234375,504.4019470214844,6026.443359375,6026.443359375,60,609.2843967489898,0.055296000093221664,29491ab1d9804231905b34e87050e92641b41c8962c0d572195d523d18aed301,True
938,18,48,180,recent_k4,5.981724739074707,69.23961639404297,69.23961639404297,5.981724739074707,0.003299713134765625,358.9034729003906,4154.376953125,4154.376953125,60,608.633441850543,0.05632000043988228,1661143b77a5fca55caa189ab9d11e1d35dbaae5f4fdd760d4ab80673c3f7838,True
939,18,48,195,recent_k4,6.329804420471191,47.27193832397461,47.27193832397461,6.329804420471191,0.0027294158935546875,379.7882385253906,2836.316162109375,2836.316162109375,60,608.4301141090691,0.05632000043988228,1ea2e7f92114b51e94ff653dd47ec94e423d4bea1a8cc241e77e9a502b72c98b,True
940,18,48,210,recent_k4,4.04044246673584,30.857948303222656,30.857948303222656,4.04044246673584,0.0013637542724609375,242.42652893066406,1851.476806640625,1851.476806640625,60,607.9680980183184,0.055296000093221664,0676498a6e714e0c80c2b487381a28537468ae5271a5d11a6fd7f6e12c260610,True
941,18,48,225,recent_k4,9.486255645751953,192.43113708496094,192.43113708496094,9.486255645751953,0.0065460205078125,569.17529296875,11545.8671875,11545.8671875,60,610.5977958068252,0.055296000093221664,16bade621e37a30eed4385fdefbfb67e4e47b36704f11ef2e154885d2c71fa3b,True
942,18,22,30,recent_k4,4.436728000640869,36.76822280883789,36.76822280883789,4.436728000640869,0.0014333724975585938,266.20367431640625,2206.09326171875,2206.09326171875,60,608.922119718045,0.055296000093221664,085ee5ab7fe0bbf3ccd3449f4f366bd67bef1f805d5004e8fe0f22bdf9af9564,True
943,18,22,45,recent_k4,8.425786018371582,322.33599853515625,322.33599853515625,8.425786018371582,0.01004791259765625,505.547119140625,19340.158203125,19340.158203125,60,608.3874441683292,0.055296000093221664,12e3f908b8846862a3f6cb4586f4844799674d6a1918449f5dc166a3e742d8d5,True
944,18,22,60,recent_k4,10.679574012756348,214.56471252441406,214.56471252441406,10.679574012756348,0.007152557373046875,640.7744140625,12873.8818359375,12873.8818359375,60,609.7890823148191,0.05632000043988228,87cae00f977ebba0257825abdc588a26bfac038bcc3f03234e9c2217ad662779,True
945,18,22,75,recent_k4,11.101495742797852,218.62513732910156,218.62513732910156,11.101495742797852,0.00685882568359375,666.0897216796875,13117.5078125,13117.5078125,60,608.6828019469976,0.05632000043988228,7d7953b5edd31f49a801887efc0bba58a068809040f7617146efe82210037518,True
946,18,22,90,recent_k4,2.9341609477996826,12.382568359375,12.382568359375,2.9341609477996826,0.0005030632019042969,176.04965209960938,742.9540405273438,742.9540405273438,60,608.3202851004899,0.05632000043988228,66e14831e91be5da5ec79d6936421284725907d5951fceba53ce167ee10dc661,True
947,18,22,105,recent_k4,2.8212945461273193,11.63891315460205,11.63891315460205,2.8212945461273193,0.0004279613494873047,169.2776641845703,698.3347778320312,698.3347778320312,60,609.2033069580793,0.06348799914121628,99ce1e50843db2bf0bb4d260490f9cd6e4ebb87ce5060a5033e937f2ba8ceff7,True
948,18,22,120,recent_k4,2.6125237941741943,10.297969818115234,10.297969818115234,2.6125237941741943,0.0003681182861328125,156.7514190673828,617.878173828125,617.878173828125,60,609.5656137913465,0.055296000093221664,0b9f8c54f959348ea14bd566c40bae0a266ba7c3614980ee851a515c4863e914,True
949,18,22,135,recent_k4,1.6509333848953247,5.477921009063721,5.477921009063721,1.6509333848953247,0.00020599365234375,99.05599975585938,328.67523193359375,328.67523193359375,60,608.7273620069027,0.05632000043988228,138b9b79005c570fe35c5e3091ef7a476ff7a3e7b9d1c948171ad369b6b1496a,True
950,18,22,150,recent_k4,3.5188615322113037,36.873870849609375,36.873870849609375,3.5188615322113037,0.00118255615234375,211.13168334960938,2212.43212890625,2212.43212890625,60,610.0637200288475,0.062463998794555664,db610c76a8edaa482d01c48466f1c3e8d462e3a1a0103c2a803d11fea1e2812d,True
951,18,22,165,recent_k4,6.104952335357666,61.654666900634766,61.654666900634766,6.104952335357666,0.0019817352294921875,366.297119140625,3699.27978515625,3699.27978515625,60,609.1865082271397,0.05632000043988228,02807bc5d7f56421bc7fc16672a8a1f689015152ff4cadb3618ef97eb56139ce,True
952,18,55,30,recent_k4,9.580854415893555,385.37078857421875,385.37078857421875,9.580854415893555,0.01251983642578125,574.8512573242188,23122.24609375,23122.24609375,60,609.640674199909,0.055296000093221664,b309e2af1e097ee8926366799ce405c8655649916fc96f5dd7781d89232ca3f9,True
953,18,55,45,recent_k4,28.56142807006836,2149.584228515625,2149.584228515625,28.56142807006836,0.06707763671875,1713.685546875,128975.046875,128975.046875,60,609.5901052467525,0.05632000043988228,ac44f2db721425a545d5f0a2d091675f1ada30d19c99414402c81b0ecc7a99dc,True
954,18,55,60,recent_k4,33.19319534301758,2307.49365234375,2307.49365234375,33.19319534301758,0.07171630859375,1991.591552734375,138449.609375,138449.609375,60,619.5958182215691,0.055296000093221664,c437542a8fcffcd39b68c76bd6c2305aa892fc90de8317e82a64f24a2ab46f48,True
955,18,55,75,recent_k4,2.211534261703491,10.338757514953613,10.338757514953613,2.211534261703491,0.0003478527069091797,132.69204711914062,620.325439453125,620.325439453125,60,608.6800019256771,0.05632000043988228,026665176bf087c3e61e9a832486f8d2de50d5151530195ae939aa786c2d3eeb,True
956,18,55,90,recent_k4,13.327092170715332,279.9793395996094,279.9793395996094,13.327092170715332,0.01457977294921875,799.62548828125,16798.759765625,16798.759765625,60,608.2612159661949,0.05632000043988228,eee755a174c127cea26817f3356e4d40f5e9f83b3202aa477d3236d9ff3ecb20,True
957,18,55,105,recent_k4,20.27090835571289,576.0223388671875,576.0223388671875,20.27090835571289,0.02532958984375,1216.25439453125,34561.33984375,34561.33984375,60,609.319877345115,0.05632000043988228,8c53c69757f8c894a34ff58cb4a69a6ce7dc0b8d51688141fcaf6e0ab671e5d0,True
958,18,55,120,recent_k4,8.698775291442871,122.43885803222656,122.43885803222656,8.698775291442871,0.00516510009765625,521.926513671875,7346.3310546875,7346.3310546875,60,609.3580857850611,0.055296000093221664,dd1efa19a14073159b5cd50e6bb9e6a2d4c54190562faa3bb4e27e3cb02452de,True
959,18,55,135,recent_k4,8.361406326293945,94.02276611328125,94.02276611328125,8.361406326293945,0.00331878662109375,501.6843566894531,5641.36572265625,5641.36572265625,60,608.4057549014688,0.055296000093221664,95f32c48c694386fbba16f40ae415201079280984ddeda6b5691765cd568dcce,True
960,18,55,150,recent_k4,7.143702507019043,73.79894256591797,73.79894256591797,7.143702507019043,0.0028228759765625,428.62213134765625,4427.9365234375,4427.9365234375,60,609.223467297852,0.05632000043988228,8ac87de0f64451b180dbc7ff0efce85a6521a1ebe61b3e6323089d32a94857de,True
961,18,55,165,recent_k4,4.371878147125244,33.4535026550293,33.4535026550293,4.371878147125244,0.0016603469848632812,262.31268310546875,2007.2099609375,2007.2099609375,60,608.7328116409481,0.057312000542879105,0a4fdab568c6eba5da98d28811a2b1eef5f0821d4b124c225e16c5ccb383b3ea,True
962,18,4,30,recent_k4,12.17814826965332,256.97357177734375,256.97357177734375,12.17814826965332,0.01403045654296875,730.6888427734375,15418.4130859375,15418.4130859375,60,608.744562137872,0.055296000093221664,b44d7da57dc262f9aeebd96601c86b36034f2d2ef58993afa160184e6871cdc5,True
963,18,4,45,recent_k4,4.729001045227051,38.764259338378906,38.764259338378906,4.729001045227051,0.0012121200561523438,283.74005126953125,2325.85546875,2325.85546875,60,608.5159238427877,0.05632000043988228,abc99da4191221717e009949bab5e987bf79dd7cf82fd648bf0c5229429cbf9a,True
964,18,4,60,recent_k4,1.740583896636963,4.2904486656188965,4.2904486656188965,1.740583896636963,0.00015246868133544922,104.43502807617188,257.4269104003906,257.4269104003906,60,608.2732058130205,0.06348799914121628,751b53b4c146d7b16c53ce928a816cbabdf2070eee178e6c0990f2cb0efeddbf,True
965,18,4,75,recent_k4,1.663954496383667,4.2635674476623535,4.2635674476623535,1.663954496383667,0.00014066696166992188,99.83726501464844,255.8140411376953,255.8140411376953,60,608.1330669112504,0.06348799914121628,b5ce97a88b3166220595580ba48c9d0f32eaea386fb8618048af58b9ecb7dc74,True
966,18,4,90,recent_k4,12.01677417755127,275.7437438964844,275.7437438964844,12.01677417755127,0.0112457275390625,721.0064086914062,16544.623046875,16544.623046875,60,608.0132587812841,0.05628800019621849,5bdbce65f4602ae4c243a85dee3e5f6f36a329480e05fa8911abcab38a5d17e0,True
967,18,4,105,recent_k4,7.024600505828857,66.1865463256836,66.1865463256836,7.024600505828857,0.0027027130126953125,421.47601318359375,3971.1923828125,3971.1923828125,60,611.1405119299889,0.055296000093221664,dbe6b97f4f51efb11858027f18728d920f2e7bd9cdbb4642d7f380b6ff34a3f4,True
968,18,4,120,recent_k4,2.5056982040405273,11.68657112121582,11.68657112121582,2.5056982040405273,0.0005044937133789062,150.34188842773438,701.1942138671875,701.1942138671875,60,608.6331941187382,0.05632000043988228,563b72739cdf219a2def7a50e74380cd3c3f349f1e3eafd648811b003bc0b2e5,True
969,18,4,135,recent_k4,5.672877788543701,37.38276672363281,37.38276672363281,5.672877788543701,0.002666473388671875,340.3726501464844,2242.9658203125,2242.9658203125,60,609.3846466392279,0.05632000043988228,64270fe5f8493c00bc4c2ded7041d774c4aa121eabc121e79eadbdc92acf31a2,True
970,18,4,150,recent_k4,3.3432118892669678,20.838605880737305,20.838605880737305,3.3432118892669678,0.0006737709045410156,200.5926971435547,1250.3162841796875,1250.3162841796875,60,611.6342069581151,0.05632000043988228,f168be6e4053ab5ed529c0fdf62d89583beeb773e120496faa68020a2eb8880c,True
971,18,4,165,recent_k4,4.122861862182617,29.158414840698242,29.158414840698242,4.122861862182617,0.001087188720703125,247.3717041015625,1749.5047607421875,1749.5047607421875,60,609.0426300652325,0.05632000043988228,abf7d2af178cb193dee0b30ad32f50c6ed4dabef6371d660afee485f86f0909c,True
972,18,4,180,recent_k4,4.25300407409668,26.51369857788086,26.51369857788086,4.25300407409668,0.0009164810180664062,255.18023681640625,1590.82177734375,1590.82177734375,60,610.0633009336889,0.05734400078654289,b44e04774412262595c2bfdc41b28af96068c9016834e7a43f201c7229a9775b,True
973,18,45,30,recent_k4,22.763471603393555,926.9879150390625,926.9879150390625,22.763471603393555,0.029327392578125,1365.8082275390625,55619.2734375,55619.2734375,60,610.0020920857787,0.05632000043988228,127ebbaf0ba47d1ceb73e2d117964c1242a4faeb5b4d3156104b449837c3a289,True
974,18,45,45,recent_k4,9.74177074432373,340.1408996582031,340.1408996582031,9.74177074432373,0.0124053955078125,584.5062255859375,20408.453125,20408.453125,60,608.9441999793053,0.055296000093221664,8da1620c94145eb9d3db9381e419bb13bae869ad84b14c5e5110cb3691d1cf90,True
975,18,45,60,recent_k4,26.596294403076172,1229.1934814453125,1229.1934814453125,26.596294403076172,0.0435791015625,1595.777587890625,73751.6015625,73751.6015625,60,609.9953921511769,0.05632000043988228,9e96761d66814edd358dd1588583bad72c2da508297767244578f00b158c1562,True
976,18,45,75,recent_k4,19.493783950805664,917.1690673828125,917.1690673828125,19.493783950805664,0.0305328369140625,1169.626953125,55030.140625,55030.140625,60,610.4369577951729,0.05632000043988228,db706c7834c1e9a6cfaf2e429a0ee00ff5db94970f0b92ede453c5a225ad027a,True
977,18,45,90,recent_k4,15.555261611938477,535.56201171875,535.56201171875,15.555261611938477,0.0169525146484375,933.315673828125,32133.720703125,32133.720703125,60,608.3993148058653,0.05632000043988228,8589c4358823f64ec7c88f7cf92dab59e5f1ff0205abdb2baca5c76bc7c5d034,True
978,18,45,105,recent_k4,13.639647483825684,508.02227783203125,508.02227783203125,13.639647483825684,0.0161590576171875,818.3787841796875,30481.3359375,30481.3359375,60,607.4028741568327,0.058368001133203506,379506eff38a94d28cb8949b1ec89874d893ad47d845615de3e42e77bbebcc56,True
979,18,45,120,recent_k4,2.2041070461273193,7.273735046386719,7.273735046386719,2.2041070461273193,0.00031876564025878906,132.2464141845703,436.424072265625,436.424072265625,60,608.0879289656878,0.058368001133203506,cb6416ac7a2f66828bdccbcae07f0b1f5df8aba5bcdbc2e20f2c1e02221f339f,True
980,18,45,135,recent_k4,3.1828503608703613,11.855862617492676,11.855862617492676,3.1828503608703613,0.0007257461547851562,190.97100830078125,711.3517456054688,711.3517456054688,60,618.9413438551128,0.055296000093221664,67eaed2445e5ef3ec00034507cf4e079903afefad4686215054f862b721c5239,True
981,18,45,150,recent_k4,2.835493803024292,10.186189651489258,10.186189651489258,2.835493803024292,0.00041794776916503906,170.12962341308594,611.1713256835938,611.1713256835938,60,608.3751861006021,0.05632000043988228,ff74c65b4eadeb62e9aaf5176c39d0fe633a696e21268db3a8173b9f9b05d19f,True
982,18,45,165,recent_k4,4.506918907165527,48.30311965942383,48.30311965942383,4.506918907165527,0.00203704833984375,270.4151306152344,2898.18701171875,2898.18701171875,60,608.3508362062275,0.06451199948787689,ced341db40c14a1bfd3219b43abf974e80b7d3b17ba38fc8db1aea164de58066,True
983,18,60,30,recent_k4,6.667160987854004,78.97319030761719,78.97319030761719,6.667160987854004,0.002635955810546875,400.0296325683594,4738.39111328125,4738.39111328125,60,608.9107412844896,0.055296000093221664,e0f287a055cea1d436df2897d0b6800531060c9181919b91ce7c3f645d2b0900,True
984,18,60,45,recent_k4,1.1207315921783447,1.9326854944229126,1.9326854944229126,1.1207315921783447,0.00014400482177734375,67.24388885498047,115.96112060546875,115.96112060546875,60,607.8814202919602,0.055296000093221664,a60cb9b441d3c95c838f37cc2824983204a4b39db5b24a449f4cd71b448ed5a9,True
985,18,60,60,recent_k4,2.178041458129883,7.076904773712158,7.076904773712158,2.178041458129883,0.00023949146270751953,130.68247985839844,424.6142578125,424.6142578125,60,607.6990817673504,0.05734400078654289,647616f18238efa1436a105023152e50aaa5e5fdc0985b2d69f0fcab030db615,True
986,18,60,75,recent_k4,8.862327575683594,300.1754150390625,300.1754150390625,8.862327575683594,0.010284423828125,531.7396240234375,18010.5234375,18010.5234375,60,609.649715013802,0.055296000093221664,1d407b1f61e92ffab49952ed4fe4fc2c248c1f684630310b9e2839773120ecc8,True
987,18,60,90,recent_k4,12.654804229736328,335.7949523925781,335.7949523925781,12.654804229736328,0.01102447509765625,759.2882080078125,20147.6953125,20147.6953125,60,610.8672549016774,0.05939200147986412,112bad288619df2ccb5594ddc744ae02716d54f81d112de886c43d81199f14fc,True
988,18,60,105,recent_k4,24.812332153320312,1658.522216796875,1658.522216796875,24.812332153320312,0.05218505859375,1488.7398681640625,99511.328125,99511.328125,60,608.0786790698767,0.05632000043988228,a1fa843162c8e84ebb4270fc140d49fa0376718dfab086c1c99966d3dcac7c29,True
989,18,60,120,recent_k4,11.858322143554688,270.1233825683594,270.1233825683594,11.858322143554688,0.0089569091796875,711.499267578125,16207.40234375,16207.40234375,60,608.4023360162973,0.05628800019621849,dc0719fbebaa1e3bac5fb76b106bc3d5e93ef9f7651ed67c1a69c13f16651f6a,True
990,18,60,135,recent_k4,2.0065224170684814,5.125290870666504,5.125290870666504,2.0065224170684814,0.0002536773681640625,120.39134216308594,307.5174255371094,307.5174255371094,60,608.1614480353892,0.055296000093221664,69dce2f138dab42b612699ec2ef8a5a52fd962c4a841ec654f2fb887652a78f9,True
991,18,60,150,recent_k4,1.5537077188491821,3.322852849960327,3.322852849960327,1.5537077188491821,0.00013899803161621094,93.22245788574219,199.37115478515625,199.37115478515625,60,608.346407301724,0.05734400078654289,394b0cb0729193783388e2d048fda52058e4303456f27101f46046e1187c0c0e,True
992,18,60,165,recent_k4,5.698278427124023,68.02290344238281,68.02290344238281,5.698278427124023,0.00229644775390625,341.8966979980469,4081.373779296875,4081.373779296875,60,608.335766941309,0.05632000043988228,3c3f2ee4a765293fc6d761dd54009e5f93e693fcaea7376841ee60a3b36d3996,True
993,18,26,30,recent_k4,19.13478660583496,921.1589965820312,921.1589965820312,19.13478660583496,0.032470703125,1148.087158203125,55269.53515625,55269.53515625,60,610.7095461338758,0.05734400078654289,ab649f6b00cc52db29875428a8f60f282e45521bc438043714cee6cf834e7101,True
994,18,26,45,recent_k4,33.672706604003906,2966.943359375,2966.943359375,33.672706604003906,0.09442138671875,2020.3623046875,178016.59375,178016.59375,60,610.7117859646678,0.058368001133203506,45773a0813fb2970f4a63888720a307afbf0aa703614d62fa5926461bb2fd777,True
995,18,26,60,recent_k4,45.954124450683594,5308.45166015625,5108.6630859375,45.954124450683594,0.1717529296875,2757.247314453125,318507.09375,306519.78125,60,609.0108309872448,0.05632000043988228,4277a24b69b7ac1bad435d060cf2315e2b6453ddb9364969cf8e34b958560b78,True
996,18,26,75,recent_k4,41.49625015258789,7229.7470703125,4207.5751953125,41.49625015258789,0.2247314453125,2489.77490234375,433784.8125,252454.5,60,610.8077461831272,0.05632000043988228,7ac259e725f0ef7311a8614f23268c5e8a61f648e5af7cd7f87f40ea41e55fcb,True
997,18,26,90,recent_k4,8.179380416870117,120.54643249511719,120.54643249511719,8.179380416870117,0.00469970703125,490.7628173828125,7232.78564453125,7232.78564453125,60,609.0408801101148,0.05632000043988228,6622bd59cbfd8e3a6ed8b9d257fcc1f472fa7e47411c9f746d032d43f47b1934,True
998,18,26,105,recent_k4,7.255762100219727,88.97942352294922,88.97942352294922,7.255762100219727,0.003940582275390625,435.345703125,5338.76513671875,5338.76513671875,60,609.0131010860205,0.055296000093221664,f36489959b9ae4cc67babced225e4b436782a6b5c3df4fc2d099147725a79667,True
999,18,26,120,recent_k4,15.623468399047852,482.0884094238281,482.0884094238281,15.623468399047852,0.0194244384765625,937.4080810546875,28925.302734375,28925.302734375,60,609.4566071406007,0.055296000093221664,c010b9df0eeb3eda1592893273722869615d411b433db3acdf7e49a40c147f7c,True
1000,18,26,135,recent_k4,12.572139739990234,330.78375244140625,330.78375244140625,12.572139739990234,0.01194000244140625,754.328369140625,19847.0234375,19847.0234375,60,611.4140297286212,0.06143999844789505,60c7f1d06f7b0753740ec60a780810e85153408c32a5ab99170b8b9cf12f320d,True
1001,18,26,150,recent_k4,22.814613342285156,729.455322265625,729.455322265625,22.814613342285156,0.0307159423828125,1368.876708984375,43767.31640625,43767.31640625,60,610.4817488230765,0.055296000093221664,397336cfff5d150e3bb57e8c5ef598a1afb9c03e62236594847f47f5b40067eb,True
1002,18,26,165,recent_k4,11.179983139038086,388.8977355957031,388.8977355957031,11.179983139038086,0.01476287841796875,670.7989501953125,23333.86328125,23333.86328125,60,610.5329282581806,0.05430399999022484,3262fd9127a4da676e8d8599ee65f4b4681802cbf8e6035328931864d8609f2d,True
1003,18,21,30,recent_k4,6.659121036529541,148.2153778076172,148.2153778076172,6.659121036529541,0.0046234130859375,399.5472412109375,8892.921875,8892.921875,60,609.962543938309,0.055296000093221664,348d96f1ca22ae3509e779469fa0c555f3210f3cfa296d2c07a13951e0f52266,True
1004,18,21,45,recent_k4,17.711559295654297,790.4860229492188,790.4860229492188,17.711559295654297,0.0256500244140625,1062.6934814453125,47429.16015625,47429.16015625,60,609.8339846357703,0.055296000093221664,2d451d8267876a47205b9b6d6856362236e2a2e40ffa87a55cd88b60b314904c,True
1005,18,21,60,recent_k4,4.450335502624512,56.414398193359375,56.414398193359375,4.450335502624512,0.0018014907836914062,267.0201110839844,3384.86376953125,3384.86376953125,60,609.9699642509222,0.055296000093221664,b418dcae9440665dd648da193472db38339541f8ef299555e2c7c6b4565e76e6,True
1006,18,21,75,recent_k4,6.723337173461914,82.47606658935547,82.47606658935547,6.723337173461914,0.0028400421142578125,403.40020751953125,4948.56396484375,4948.56396484375,60,613.2850851863623,0.05734400078654289,194c7ba2f2542cb20e3b645f75b3b3ffc96414e961fdfcc0023ea82497b02644,True
1007,18,21,90,recent_k4,20.83076286315918,856.4862060546875,856.4862060546875,20.83076286315918,0.028717041015625,1249.845703125,51389.16796875,51389.16796875,60,611.2368330359459,0.06143999844789505,7f44e7f0933b74f16f8867a75e2a3cdb7b36932aeb53dfe3831361c193fcef8f,True
1008,18,21,105,recent_k4,26.74769401550293,1342.5833740234375,1342.5833740234375,26.74769401550293,0.045013427734375,1604.861572265625,80555.0,80555.0,60,610.1365722715855,0.05632000043988228,b7de7cc4432baa2085214f2689d1db20e0997310e4ff6ebb6af17e2ebf60b734,True
1009,18,21,120,recent_k4,1.5133488178253174,3.2199149131774902,3.2199149131774902,1.5133488178253174,0.0002448558807373047,90.8009262084961,193.19488525390625,193.19488525390625,60,612.4006118625402,0.05632000043988228,7c6cfd5f3a88f85f20454bc89d48c420e7b9f174ffe77030466274961c7a6070,True
1010,18,21,135,recent_k4,3.214308738708496,22.784772872924805,22.784772872924805,3.214308738708496,0.0007953643798828125,192.8585205078125,1367.0863037109375,1367.0863037109375,60,609.5591266639531,0.06348799914121628,53edd9cab4bd085f0243976f06a07a96dc9f5a6de3bfff26f611e5c6f6502f8f,True
1011,18,21,150,recent_k4,7.3193864822387695,131.1827850341797,131.1827850341797,7.3193864822387695,0.004627227783203125,439.1631774902344,7870.966796875,7870.966796875,60,609.6326867118478,0.05632000043988228,b5284d7605d730996c727a00ee2efb4ef427fccb2d6104ffb7a827a718138aa9,True
1012,18,21,165,recent_k4,6.424509048461914,61.891109466552734,61.891109466552734,6.424509048461914,0.002124786376953125,385.47052001953125,3713.46630859375,3713.46630859375,60,609.8196050152183,0.055296000093221664,772eae264d04f37b71d86ff2147acb8a124844dc01819062a3c8ca90a119a3bc,True
1013,18,44,30,recent_k4,11.432770729064941,251.3345184326172,251.3345184326172,11.432770729064941,0.00778961181640625,685.9661865234375,15080.0703125,15080.0703125,60,610.4806391522288,0.05632000043988228,bd0f83e368919692f17e4fe643f9b4c67fd7bd1482756e86d4374b90fca5f863,True
1014,18,44,45,recent_k4,3.6505775451660156,18.100589752197266,18.100589752197266,3.6505775451660156,0.0009870529174804688,219.03463745117188,1086.0352783203125,1086.0352783203125,60,612.4839819967747,0.055296000093221664,cad1775b5455e16bb30c0df18b386f1b7aebc13e285f5a5fbb2c105c075e9ce3,True
1015,18,44,60,recent_k4,3.078428030014038,13.812295913696289,13.812295913696289,3.078428030014038,0.0006079673767089844,184.70567321777344,828.7377319335938,828.7377319335938,60,610.1220618002117,0.05632000043988228,c878e72ff075708623e14a076cf10a43964fefc3a713a2814c08fbfd4efda5ad,True
1016,18,44,75,recent_k4,13.538878440856934,435.8745422363281,435.8745422363281,13.538878440856934,0.01409149169921875,812.3326416015625,26152.470703125,26152.470703125,60,609.8101548850536,0.05632000043988228,9deb148ec7d3aacd483a331018dcaf4a334d4251f7f188810821d3f8e733d202,True
1017,18,44,90,recent_k4,11.264227867126465,483.8114318847656,483.8114318847656,11.264227867126465,0.01523590087890625,675.8536376953125,29028.68359375,29028.68359375,60,610.001833178103,0.05734400078654289,9f52ee308d430c5c5cfcd144d09f1b686e66081833915a29fd4c9e88891dafdc,True
1018,18,44,105,recent_k4,23.594398498535156,1056.45703125,1056.45703125,23.594398498535156,0.035369873046875,1415.663818359375,63387.421875,63387.421875,60,610.3441710583866,0.0655359998345375,afa34aa5b389f9670e4a73e7f20cda57558793e640e9324053d390651cbda9ce,True
1019,18,44,120,recent_k4,12.981850624084473,229.59307861328125,229.59307861328125,12.981850624084473,0.008148193359375,778.9110107421875,13775.583984375,13775.583984375,60,610.6550581753254,0.05734400078654289,0b2ff6c0aeafd020cbd21814d20e567dadb5e7e342f3f692ad962abe62b48bc3,True
1020,18,44,135,recent_k4,5.6608991622924805,50.16630935668945,50.16630935668945,5.6608991622924805,0.002017974853515625,339.6539306640625,3009.978515625,3009.978515625,60,611.1079039983451,0.05728000029921532,49ef1f34018674ac86df7d8689130bb34ce780f053f8b84ad392cf171805502f,True
1021,18,44,150,recent_k4,10.913599014282227,335.2920837402344,335.2920837402344,10.913599014282227,0.010833740234375,654.81591796875,20117.5234375,20117.5234375,60,611.1334841698408,0.055296000093221664,e94173691ad82c2e9bf7c4df6aa54f218773721b1278ebf6147c8abfe8cd8865,True
1022,18,44,165,recent_k4,10.694283485412598,181.8954620361328,181.8954620361328,10.694283485412598,0.005764007568359375,641.656982421875,10913.7275390625,10913.7275390625,60,610.540958121419,0.055296000093221664,50075d3e3c5f6f3be0411e441cd49b8d7bef0651f08669e2482426104c9a53c8,True
1023,18,44,180,recent_k4,3.57104754447937,16.811180114746094,16.811180114746094,3.57104754447937,0.000713348388671875,214.26284790039062,1008.6707153320312,1008.6707153320312,60,609.7611957229674,0.05632000043988228,608454fe4d064654f6fff2b711cc7f70baba5c8f2c5f440aa778826a26f47f47,True
1024,18,44,195,recent_k4,5.9915452003479,81.42179870605469,81.42179870605469,5.9915452003479,0.003627777099609375,359.4927062988281,4885.3076171875,4885.3076171875,60,610.414519906044,0.055296000093221664,60ef2a57d78707364ae2513c7af0a008b665d1eb0ce8a1f62fb250c71fe93291,True
1025,18,44,210,recent_k4,7.00584077835083,86.60302734375,86.60302734375,7.00584077835083,0.0029296875,420.3504333496094,5196.18115234375,5196.18115234375,60,609.9145337939262,0.0655680000782013,a3ce9987df0f79470eaa99a5d85d528d98b20c65f977fab54ea92f95fd50ace7,True
1026,18,44,225,recent_k4,8.090530395507812,89.1729736328125,89.1729736328125,8.090530395507812,0.0033016204833984375,485.43182373046875,5350.3779296875,5350.3779296875,60,614.2261568456888,0.055296000093221664,817257f20fc533dd40807a668ab41437bd7a44be6dea75cde8f58c2f81f551d8,True
1027,18,23,30,recent_k4,19.795040130615234,890.7736206054688,890.7736206054688,19.795040130615234,0.027679443359375,1187.702392578125,53446.4140625,53446.4140625,60,607.3054671287537,0.05632000043988228,be085341264171809c0f1267f31c731134e0f076552a2c46be48d0f5e723d7fe,True
1028,18,23,45,recent_k4,12.916463851928711,448.79132080078125,448.79132080078125,12.916463851928711,0.013916015625,774.98779296875,26927.478515625,26927.478515625,60,608.7251850403845,0.05734400078654289,1d2b2fd07292115329ae3733a46efaec47aa4aa4b1c4f9267d4f5b29ec9c5cec,True
1029,18,23,60,recent_k4,14.696768760681152,425.67364501953125,425.67364501953125,14.696768760681152,0.01372528076171875,881.8060913085938,25540.41796875,25540.41796875,60,608.3384579978883,0.05632000043988228,22167f5609856955aad1819f37a66be33e27651eeff92174c2c62ab2a0d57793,True
1030,18,23,75,recent_k4,24.498153686523438,1070.742919921875,1070.742919921875,24.498153686523438,0.035308837890625,1469.88916015625,64244.5703125,64244.5703125,60,608.4635467268527,0.05632000043988228,6f1730fccabf6b6c81230ee7db4633e1939cd4b0dc80bbafa73b28703a4e00b3,True
1031,18,23,90,recent_k4,10.9097318649292,232.7808380126953,232.7808380126953,10.9097318649292,0.0086822509765625,654.5838623046875,13966.849609375,13966.849609375,60,608.8149729184806,0.055296000093221664,056a513a0083be94abe76bf2aa4b1e6b588934c11d5c6a1da2a771d19851c656,True
1032,18,23,105,recent_k4,19.10866355895996,727.0458984375,727.0458984375,19.10866355895996,0.032562255859375,1146.519775390625,43622.75,43622.75,60,608.3685480989516,0.055296000093221664,0695eb00844caa22981aed395ab41470470b786fcd005eda35972e565af4c937,True
1033,18,23,120,recent_k4,15.939226150512695,384.8728332519531,384.8728332519531,15.939226150512695,0.02313232421875,956.353515625,23092.369140625,23092.369140625,60,622.3656157962978,0.06451199948787689,6fc65199a12ba398665d48eb2bd6f20cd1f7da1db4d96cbffebd12d311e53fef,True
1034,18,23,135,recent_k4,15.44865608215332,608.0932006835938,608.0932006835938,15.44865608215332,0.022247314453125,926.9193115234375,36485.58984375,36485.58984375,60,608.920712955296,0.05632000043988228,cf6e9d50d92c304cdcda81c50d34d12f5b43082b82382f1f056ec105cec62a7e,True
1035,18,23,150,recent_k4,18.200212478637695,802.0264892578125,802.0264892578125,18.200212478637695,0.0269317626953125,1092.0126953125,48121.5859375,48121.5859375,60,608.5268869064748,0.055296000093221664,025f991d46f087aac2092c73cd7f2e0189d5b5a7ee1367b47b72225da72bccf3,True
1036,18,23,165,recent_k4,22.39878273010254,964.1732177734375,964.1732177734375,22.39878273010254,0.0310516357421875,1343.9268798828125,57850.390625,57850.390625,60,608.1226198002696,0.05734400078654289,37a3716c97c71bc19ccf7235a98306902ca6fced79122e9b0dee9732916b90ba,True
1037,18,53,30,recent_k4,45.46832275390625,3794.602294921875,3794.602294921875,45.46832275390625,0.160888671875,2728.09912109375,227676.125,227676.125,60,608.2689692266285,0.055296000093221664,bf79a5ff6406c0d1c1faff485ed68b7b8582daccf30174e6ca2910d9a8819964,True
1038,18,53,45,recent_k4,30.15688705444336,1694.1610107421875,1694.1610107421875,30.15688705444336,0.056671142578125,1809.4130859375,101649.65625,101649.65625,60,608.2482486963272,0.055296000093221664,8bb12d5ccea122bc0afa64b9f4aa13c7c3f7d6e879b4b3c73fda643e55f0eabd,True
1039,18,53,60,recent_k4,40.95439529418945,6061.96435546875,4974.46728515625,40.95439529418945,0.1905517578125,2457.263671875,363717.84375,298468.03125,60,611.3307420164347,0.055296000093221664,5f944d9441fd958023ce57f3e380320014232f78988baca3f7344d20f96493ce,True
1040,18,53,75,recent_k4,11.162075996398926,264.10125732421875,264.10125732421875,11.162075996398926,0.00946044921875,669.7245483398438,15846.07421875,15846.07421875,60,608.615705743432,0.05427199974656105,0acc83c9e8a51f58051410af4c74d8beed0c935c1575678d19b1cd4313a39371,True
1041,18,53,90,recent_k4,24.86335563659668,1812.0732421875,1812.0732421875,24.86335563659668,0.056182861328125,1491.80126953125,108724.390625,108724.390625,60,609.5628682523966,0.05632000043988228,7c95e4996534672a043370844b901e5e0341af78df969ec47685e83c06abbade,True
1042,18,53,105,recent_k4,5.3860578536987305,66.33829498291016,66.33829498291016,5.3860578536987305,0.0021038055419921875,323.1634521484375,3980.29736328125,3980.29736328125,60,610.1878518238664,0.055296000093221664,4559ad363aadf022e08f4d62b826f0c6c6cffe5e2121e9245503c6764811a6a2,True
1043,18,53,120,recent_k4,14.777373313903809,559.7030639648438,559.7030639648438,14.777373313903809,0.018096923828125,886.642333984375,33582.18359375,33582.18359375,60,609.601997770369,0.05734400078654289,28c16679d4e0de88e91c8ba5bf8c4b25cb5e5a3637c75b0c3b3928ea7c90321f,True
1044,18,53,135,recent_k4,6.73197078704834,58.07527160644531,58.07527160644531,6.73197078704834,0.0022125244140625,403.918212890625,3484.51611328125,3484.51611328125,60,610.1686027832329,0.05632000043988228,8d0041af1f2335697c6c1db99ea89ca45893837984113e09e7943e066c94767a,True
1045,18,53,150,recent_k4,16.153053283691406,821.48095703125,821.48095703125,16.153053283691406,0.0270233154296875,969.18310546875,49288.85546875,49288.85546875,60,609.9741542711854,0.055296000093221664,2f734e4669b288ab90224711972d7376cf380cb87099a1eb80984f66e2911eef,True
1046,18,53,165,recent_k4,23.21268653869629,1390.0911865234375,1390.0911865234375,23.21268653869629,0.044097900390625,1392.7611083984375,83405.46875,83405.46875,60,613.5198338888586,0.05632000043988228,241bc94ae5ebb3a80341a9984211249ee9aa8346949cc30054e8f575cf2fc394,True
1047,18,84,30,recent_k4,39.20287322998047,2346.330322265625,2346.330322265625,39.20287322998047,0.0810546875,2352.17236328125,140779.8125,140779.8125,60,611.9663883000612,0.05632000043988228,6ef35e93c9d699ae324f810eb7475aba2bca110523875945f89576ba3edf7912,True
1048,18,84,45,recent_k4,35.1685791015625,2807.1357421875,2807.1357421875,35.1685791015625,0.101806640625,2110.11474609375,168428.140625,168428.140625,60,610.8029480092227,0.05632000043988228,64cec59fc8f30ee79460c9e2a8568c87531ab36854d147ba429bd96e8b881764,True
1049,18,84,60,recent_k4,19.055213928222656,586.2843017578125,586.2843017578125,19.055213928222656,0.024200439453125,1143.312744140625,35177.0546875,35177.0546875,60,609.9620638415217,0.055296000093221664,450e959b9ff011ceffb4b778156d3ea712a325c1c64bf0ac008c4a8200d417aa,True
1050,18,84,75,recent_k4,20.90028953552246,516.755859375,516.755859375,20.90028953552246,0.019561767578125,1254.017333984375,31005.3515625,31005.3515625,60,610.1311831735075,0.06966400146484375,077b7e8ba388d0028b36594a0621a63e0715432a208c653dff43d7f854cc32e2,True
1051,18,84,90,recent_k4,4.30251407623291,32.66187286376953,32.66187286376953,4.30251407623291,0.0012302398681640625,258.15081787109375,1959.712158203125,1959.712158203125,60,609.9541750736535,0.05734400078654289,2c3067c631c07002dff97e209d037e232872968f6521216dd5d68cab6e474ffc,True
1052,18,84,105,recent_k4,7.643723964691162,111.77403259277344,111.77403259277344,7.643723964691162,0.0083160400390625,458.6234130859375,6706.44140625,6706.44140625,60,610.6551187112927,0.05632000043988228,97dfddbfd739e1b57c11cd4acf83b77d7b3a31c119567e4ff9a43935ecf87511,True
1053,18,84,120,recent_k4,10.52431869506836,147.95828247070312,147.95828247070312,10.52431869506836,0.006534576416015625,631.4591064453125,8877.49609375,8877.49609375,60,610.1135928183794,0.06451199948787689,a9560727e6a4d0ebf2627826498d705c09c1cd7966d8674846b2ddcefc7e55ef,True
1054,18,84,135,recent_k4,3.881049394607544,24.542505264282227,24.542505264282227,3.881049394607544,0.00113677978515625,232.86294555664062,1472.55029296875,1472.55029296875,60,609.1510523110628,0.05632000043988228,ad3a91ecd95e6fdadef8aa5154dce3092b0ee4d5eaf32424bbdf351ee28794f5,True
1055,18,84,150,recent_k4,6.92037296295166,67.75845336914062,67.75845336914062,6.92037296295166,0.0030307769775390625,415.22235107421875,4065.507080078125,4065.507080078125,60,609.4312989152968,0.05632000043988228,770a1b8979bebd77fecd8ccfb0076c08a6b6282ec99cdc281881e1b092f16427,True
1056,18,84,165,recent_k4,5.920965671539307,50.250328063964844,50.250328063964844,5.920965671539307,0.0021915435791015625,355.2579345703125,3015.01953125,3015.01953125,60,610.0363042205572,0.05734400078654289,4568d070a6e13667c2359652634cb36670074c9a8415b151e59ed0acea8d288c,True
1057,18,59,30,recent_k4,20.58478546142578,768.8386840820312,768.8386840820312,20.58478546142578,0.028778076171875,1235.0870361328125,46130.3203125,46130.3203125,60,609.3754000030458,0.05632000043988228,fcd55a01381fe4eecb26fc0093ad864079e4990dc730167dce039e989769bbdd,True
1058,18,59,45,recent_k4,4.8966288566589355,37.92393493652344,37.92393493652344,4.8966288566589355,0.0017728805541992188,293.7977294921875,2275.43603515625,2275.43603515625,60,609.8429062403738,0.055296000093221664,c203672bc5faac6f6393b4fa27972b534943db443c46e49ba6af5d6b4a4eba7e,True
1059,18,59,60,recent_k4,5.229846477508545,58.6795768737793,58.6795768737793,5.229846477508545,0.002079010009765625,313.790771484375,3520.7744140625,3520.7744140625,60,613.0925379693508,0.05734400078654289,6f12f5aee6e0461500590243e291010dfd5c5558038870e2002dc914ef8e2a98,True
1060,18,59,75,recent_k4,10.18561840057373,190.70053100585938,190.70053100585938,10.18561840057373,0.0079803466796875,611.1370849609375,11442.03125,11442.03125,60,609.8695360124111,0.055296000093221664,8c6e5b89a62975d045dcec9ecd99b14bee94a1fd818128d953b8ddaac500ce37,True
1061,18,59,90,recent_k4,15.425260543823242,323.9504089355469,323.9504089355469,15.425260543823242,0.01207733154296875,925.5155639648438,19437.0234375,19437.0234375,60,609.8144962452352,0.05632000043988228,1d73ac81122fbf36260de9d587403dd0ac0d00d4e821eff33d48f2365e7e4176,True
1062,18,59,105,recent_k4,6.140905857086182,78.58030700683594,78.58030700683594,6.140905857086182,0.0026645660400390625,368.454345703125,4714.818359375,4714.818359375,60,609.8406161181629,0.05632000043988228,c9ba196510873cf5158e9281a1d0df076c39bc12a52b22a2bfc66f7bf59b0a83,True
1063,18,59,120,recent_k4,15.84388542175293,574.8006591796875,574.8006591796875,15.84388542175293,0.0185699462890625,950.633056640625,34488.0390625,34488.0390625,60,610.6659090146422,0.05532800033688545,384256eed71fc393eb54d549184d8d7e2f36a35da7f75b1530d83bbb346a6867,True
1064,18,59,135,recent_k4,1.4895143508911133,4.196935176849365,4.196935176849365,1.4895143508911133,0.00022614002227783203,89.37085723876953,251.81610107421875,251.81610107421875,60,604.3148539029062,0.055296000093221664,ac8bf24c844b2e7697e112d1dbc2bebac9a51375f55d987b45920d95b2ebbd5e,True
1065,18,59,150,recent_k4,5.22403621673584,56.59465789794922,56.59465789794922,5.22403621673584,0.001956939697265625,313.4421691894531,3395.67919921875,3395.67919921875,60,612.0736468583345,0.05628800019621849,627405d349808c8a89dff0f2abb5039f7757b8ac942bcc71a861e0d29247db4c,True
1066,18,59,165,recent_k4,5.691529750823975,62.02622985839844,62.02622985839844,5.691529750823975,0.0022029876708984375,341.49176025390625,3721.573486328125,3721.573486328125,60,610.8706980012357,0.058368001133203506,72ffedda88dcb1041e2f4994f37d925a665bb5914a3ed347f7941e010c502d51,True
1067,18,49,30,recent_k4,33.5577278137207,5059.857421875,2123.44677734375,33.5577278137207,0.182373046875,2013.463623046875,303591.4375,127406.8046875,60,609.7536869347095,0.05734400078654289,0310805cd041569d33e47afc58614b5b5cb40cdcb4c2ac223e178930cb8da337,True
1068,18,49,45,recent_k4,47.98078918457031,20820.74609375,4337.060546875,47.98078918457031,0.6533203125,2878.84716796875,1249244.75,260223.625,60,610.0917342118919,0.05632000043988228,5a69090ffbee6267223c1021fbc81ecbefd2fe125894f30bcd3f3a3254516fbe,True
1069,18,49,60,recent_k4,9.821102142333984,157.7569580078125,157.7569580078125,9.821102142333984,0.007610321044921875,589.26611328125,9465.4169921875,9465.4169921875,60,610.2906232699752,0.06656000018119812,171c953c9ebd6bf9724425a47d19aa09bbba71860f93d5991026b8fe908933f8,True
1070,18,49,75,recent_k4,13.457356452941895,366.9107666015625,366.9107666015625,13.457356452941895,0.01380157470703125,807.4413452148438,22014.64453125,22014.64453125,60,610.1379529573023,0.0655359998345375,bc432dca3ae45748240510316eb40346b78919160f0b11a7abe554df70c400d2,True
1071,18,49,90,recent_k4,13.18033504486084,296.1897277832031,296.1897277832031,13.18033504486084,0.01373291015625,790.820068359375,17771.3828125,17771.3828125,60,607.8430241905153,0.05632000043988228,ef0e582d5b4b96d201e4673c5431c4d5690ac8289f94009f505033c4218b8935,True
1072,18,49,105,recent_k4,25.915119171142578,1869.25048828125,1869.25048828125,25.915119171142578,0.058074951171875,1554.9071044921875,112155.0234375,112155.0234375,60,611.8679991923273,0.05632000043988228,1e7566850631e0ea2033066c088ecc6f5858d75ada5a3a20f1d01488405bb1e3,True
1073,18,49,120,recent_k4,13.649357795715332,350.0012512207031,350.0012512207031,13.649357795715332,0.01087188720703125,818.96142578125,21000.07421875,21000.07421875,60,610.7462989166379,0.05734400078654289,cb8b532b20bd6e355e20863b0dd2d956c62ba5e3d325c9b51d5acf685a3e0e31,True
1074,18,49,135,recent_k4,12.582889556884766,302.6839904785156,302.6839904785156,12.582889556884766,0.0093841552734375,754.9733276367188,18161.0390625,18161.0390625,60,610.3223222307861,0.05536000058054924,f132de98366fcbc8534b42bce7b9008e515e3bc0d0174aa85b2b36c33395ab78,True
1075,18,49,150,recent_k4,8.005243301391602,106.60306549072266,106.60306549072266,8.005243301391602,0.003398895263671875,480.3145446777344,6396.18359375,6396.18359375,60,612.138117197901,0.05632000043988228,4913dddbb1c94b899890e876348b74f2d26d3aed79f33a8a081adfdf12d9578c,True
1076,18,49,165,recent_k4,9.010981559753418,110.42333984375,110.42333984375,9.010981559753418,0.006511688232421875,540.6588745117188,6625.39990234375,6625.39990234375,60,604.8915288411081,0.055296000093221664,875563c1f858f51fefb1608404741eb81134b5877ff5ac0bd02480d6f409bf4e,True
1077,18,49,180,recent_k4,15.978832244873047,336.1955871582031,336.1955871582031,15.978832244873047,0.0204010009765625,958.7298583984375,20171.734375,20171.734375,60,610.521589871496,0.05632000043988228,f9f440177c99798ffdcc41081248df291039d60c29f1474b16037ae97d7f80fb,True
1078,18,49,195,recent_k4,9.194936752319336,125.86134338378906,125.86134338378906,9.194936752319336,0.00591278076171875,551.6961669921875,7551.68017578125,7551.68017578125,60,610.3452770039439,0.06143999844789505,664b3c01b9d80a2021f79e99fe1f44166b28d4bb73d352cab4464cd4bfdc0966,True
1079,18,49,210,recent_k4,6.810986042022705,111.63470458984375,111.63470458984375,6.810986042022705,0.0034580230712890625,408.6591491699219,6698.08203125,6698.08203125,60,630.275756586343,0.05632000043988228,19c15764a346b779cfdc624ef071cf2de9b15133ae7cce315141c1004085439c,True
1080,18,7,30,recent_k4,42.48041534423828,3727.952392578125,3727.952392578125,42.48041534423828,0.12091064453125,2548.82470703125,223677.125,223677.125,60,617.4229956232011,0.0655359998345375,472039488fe3f4f874e8000dc1e88153dc380e6e285de9e5472d175f1b770e06,True
1081,18,7,45,recent_k4,5.483735084533691,60.6595344543457,60.6595344543457,5.483735084533691,0.0020580291748046875,329.0240783691406,3639.57177734375,3639.57177734375,60,615.3210960328579,0.055296000093221664,7ccbf092ac285e5079a219a2dec2b6475bbd2fd8b639ca69f667e1ed044784e6,True
1082,18,7,60,recent_k4,3.8095011711120605,27.632183074951172,27.632183074951172,3.8095011711120605,0.0010099411010742188,228.57005310058594,1657.930908203125,1657.930908203125,60,618.1218111887574,0.05632000043988228,b21466ae108a9794dc7268b9cf5ec346ffe1b235ad2a8bf6859331ce4bd90345,True
1083,18,7,75,recent_k4,13.02933406829834,565.2889404296875,565.2889404296875,13.02933406829834,0.02001953125,781.760009765625,33917.3359375,33917.3359375,60,618.7902549281716,0.05632000043988228,314a56f1757a7d9156fdfc392aaad28471820fa2d823f8bd923543f88ee1cb31,True
1084,18,7,90,recent_k4,29.8725643157959,1149.0067138671875,1149.0067138671875,29.8725643157959,0.047027587890625,1792.353759765625,68940.3984375,68940.3984375,60,618.54387819767,0.05632000043988228,f97840134894bd225d4dda9cdb72225ef856fb30c81f087793eaaac50f6014e2,True
1085,18,7,105,recent_k4,28.61237144470215,1974.8428955078125,1974.8428955078125,28.61237144470215,0.06317138671875,1716.7421875,118490.5703125,118490.5703125,60,618.6321373097599,0.05632000043988228,c7b432e38dae4ced6ef6f6dafc745018e64fa9e28387f692f9911b88b8b566d0,True
1086,18,7,120,recent_k4,29.86771011352539,1957.7061767578125,1957.7061767578125,29.86771011352539,0.06298828125,1792.0625,117462.3671875,117462.3671875,60,618.8454260118306,0.05734400078654289,8053f4abe507cad44e697c63f9c871c1ccd61cf4453707c5200fa1a779e2bcef,True
1087,18,7,135,recent_k4,19.20580291748047,509.46978759765625,509.46978759765625,19.20580291748047,0.016082763671875,1152.34814453125,30568.185546875,30568.185546875,60,618.7498467043042,0.05734400078654289,cd6765f457c2070cb93817f762b86acbcd235d995013a8f6ad073ca01ba64046,True
1088,18,7,150,recent_k4,17.797706604003906,798.408935546875,798.408935546875,17.797706604003906,0.0281829833984375,1067.8623046875,47904.53515625,47904.53515625,60,618.7297771684825,0.05632000043988228,74758ea984f7307a99cc81f43a42f78383364ef8ecfaaf537859e58b3ba76a3a,True
1089,18,7,165,recent_k4,15.439980506896973,326.9950866699219,326.9950866699219,15.439980506896973,0.0145416259765625,926.3988037109375,19619.705078125,19619.705078125,60,618.922146037221,0.05734400078654289,12251189ad17ecd940b2df55293915a9333ee7500ba8352b20c384ff9d6515ed,True
1090,18,47,30,recent_k4,19.341352462768555,740.0504760742188,740.0504760742188,19.341352462768555,0.0265045166015625,1160.4810791015625,44403.02734375,44403.02734375,60,618.7520786188543,0.05632000043988228,61b6174096c9816c99ef7bad26e50502130baf4c0e48655fcbc8f00c53c0cfff,True
1091,18,47,45,recent_k4,7.327481269836426,82.18075561523438,82.18075561523438,7.327481269836426,0.003040313720703125,439.64886474609375,4930.84521484375,4930.84521484375,60,611.4258761517704,0.0870399996638298,ec8cb57bdd5ee9b89296a78c9ecf0b6b3a5b7d5dfecac9244309609689db2b29,True
1092,18,47,60,recent_k4,6.457426071166992,71.40672302246094,71.40672302246094,6.457426071166992,0.0025177001953125,387.445556640625,4284.4033203125,4284.4033203125,60,611.4789959974587,0.05734400078654289,695c1b0aa904275bb0a79f1ebcc24f51f02a25cdd2bdc2bba1fd8de0ed74defb,True
1093,18,47,75,recent_k4,1.162183165550232,2.732565402984619,2.732565402984619,1.162183165550232,0.00010460615158081055,69.73098754882812,163.95391845703125,163.95391845703125,60,609.0110586956143,0.058368001133203506,950ea389a87d5fc948e44fae5a57d9d158fff62e0c09355410dfc06a45f59b3e,True
1094,18,47,90,recent_k4,6.4020256996154785,93.35697174072266,93.35697174072266,6.4020256996154785,0.0030059814453125,384.12152099609375,5601.41796875,5601.41796875,60,609.311745967716,0.055296000093221664,7cb6f1d3b8d5dc42063335e260c1348fd24bb52d647808414a2725f622392d9e,True
1095,18,47,105,recent_k4,2.5021770000457764,9.620847702026367,9.620847702026367,2.5021770000457764,0.0005717277526855469,150.130615234375,577.2508544921875,577.2508544921875,60,608.6872331798077,0.05939200147986412,6c41548f2ee1e3387de26d8590ed9378bd5bdc9450ab1e6c55e502140eb0b7f5,True
1096,18,47,120,recent_k4,1.9226624965667725,7.433292388916016,7.433292388916016,1.9226624965667725,0.0002560615539550781,115.3597412109375,445.9975280761719,445.9975280761719,60,608.927661087364,0.05632000043988228,3c5c291644c22b75c1f6c0018375098bbf3eec2f4ee4f136cf8288fc2965bab1,True
1097,18,47,135,recent_k4,4.241925239562988,75.60713958740234,75.60713958740234,4.241925239562988,0.0024814605712890625,254.51548767089844,4536.42822265625,4536.42822265625,60,608.6780028417706,0.055296000093221664,279da8fb420c1c4962a17a1c3e17c656b6f62d486624df6dff9aa122852e4c31,True
1098,18,47,150,recent_k4,15.628215789794922,484.522216796875,484.522216796875,15.628215789794922,0.015533447265625,937.69287109375,29071.33203125,29071.33203125,60,609.3694870360196,0.05632000043988228,f5e6ef1aa9523547515c2c46a3af42634a2ab9b8c426487a1a19b14f092e333d,True
1099,18,47,165,recent_k4,8.665125846862793,137.9604949951172,137.9604949951172,8.665125846862793,0.00501251220703125,519.9075317382812,8277.62890625,8277.62890625,60,608.8047539815307,0.05632000043988228,e2b0c999cd9386eb54171e4edef9d07c32586f80999749aa76aae7a40f098c9a,True
1100,18,30,30,recent_k4,16.17481231689453,517.2545776367188,517.2545776367188,16.17481231689453,0.0194244384765625,970.4887084960938,31035.2734375,31035.2734375,60,609.3111988157034,0.062463998794555664,f993bc272554f69c242cbbca977b704f8f9fd99b0a84c5305b3d9a81f0388885,True
1101,18,30,45,recent_k4,7.400689601898193,94.31417846679688,94.31417846679688,7.400689601898193,0.004253387451171875,444.0413513183594,5658.8505859375,5658.8505859375,60,608.8680531829596,0.05939200147986412,4347e5e41fdcb7feca75de28677bfc231701db321e2c8df5142e37c506d124f1,True
1102,18,30,60,recent_k4,3.7880635261535645,19.69609260559082,19.69609260559082,3.7880635261535645,0.0008358955383300781,227.28379821777344,1181.7655029296875,1181.7655029296875,60,607.6725539751351,0.05632000043988228,c0acf0de20fd231461a503cb77ced6237222420721ae2bcca2626e1ccd3f10ed,True
1103,18,30,75,recent_k4,3.172611951828003,13.243245124816895,13.243245124816895,3.172611951828003,0.000919342041015625,190.35670471191406,794.5946655273438,794.5946655273438,60,608.428318053484,0.05632000043988228,306fb26897dfc550ce718f73f5c073c8263053b17ad6bc8c1f773a7796ae4b39,True
1104,18,30,90,recent_k4,2.440298318862915,8.139408111572266,8.139408111572266,2.440298318862915,0.0006403923034667969,146.4178924560547,488.36444091796875,488.36444091796875,60,608.2283011637628,0.055296000093221664,29ec2625552e1b3701f0dbe211b4a75d9c1697017c7a248f451a2f417b968059,True
1105,18,30,105,recent_k4,2.290137529373169,8.01738452911377,8.01738452911377,2.290137529373169,0.0007071495056152344,137.4082489013672,481.04302978515625,481.04302978515625,60,612.7279088832438,0.05632000043988228,71faf5c8055f4e0c38a02349e383e20d40e24ae58838a4f8dfff67bea5a3b4d3,True
1106,18,30,120,recent_k4,2.298407554626465,10.652926445007324,10.652926445007324,2.298407554626465,0.001178741455078125,137.90444946289062,639.175537109375,639.175537109375,60,608.8155256584287,0.05427199974656105,8c862cf782b73387618c2c30a8eac0297371dddc4ee44d54df07f92c6ee500c8,True
1107,18,30,135,recent_k4,4.034162998199463,26.395145416259766,26.395145416259766,4.034162998199463,0.000995635986328125,242.04977416992188,1583.7086181640625,1583.7086181640625,60,609.2880321666598,0.055296000093221664,53ab1ef7bf54b45209861f5ceed67edd8c7a472be80b27ab25534158341c2ed7,True
1108,18,30,150,recent_k4,1.4891895055770874,2.953697681427002,2.953697681427002,1.4891895055770874,0.00014674663543701172,89.35136413574219,177.2218475341797,177.2218475341797,60,608.808496966958,0.05632000043988228,4a27cab6d032d1ce5cc81b920addc97e0e8257474f010307a0e2121a070452e5,True
1109,18,30,165,recent_k4,2.0329716205596924,5.9672675132751465,5.9672675132751465,2.0329716205596924,0.0005440711975097656,121.97828674316406,358.0360412597656,358.0360412597656,60,609.5465002581477,0.055296000093221664,56554241b7c667801352326337a317c764e0fbe7b6a0a0ec97c4632ead7dfa5c,True
1110,24,83,30,recent_k4,14.52831745147705,341.27587890625,341.27587890625,14.52831745147705,0.01385498046875,871.698974609375,20476.55078125,20476.55078125,60,608.9087561704218,0.055296000093221664,c2592670dc31a66b7b504a81ae2c524c2557b9b76d86784d69e46a982dec3c13,True
1111,24,83,45,recent_k4,6.93458366394043,87.4256591796875,87.4256591796875,6.93458366394043,0.00394439697265625,416.07501220703125,5245.5390625,5245.5390625,60,609.1567552648485,0.055296000093221664,9c887e5fc5533d1ec69cc0221075a73815192831dc6d5b65ed4c8b9bdb8a5e64,True
1112,24,83,60,recent_k4,5.9953083992004395,47.807098388671875,47.807098388671875,5.9953083992004395,0.001979827880859375,359.7184753417969,2868.42578125,2868.42578125,60,607.3550418950617,0.05632000043988228,90c4b4470a54edee92d49cbcd9e011baa050738fe975bddadf5f3ea7b8f3e51e,True
1113,24,83,75,recent_k4,8.789637565612793,167.0198974609375,167.0198974609375,8.789637565612793,0.005748748779296875,527.3782348632812,10021.193359375,10021.193359375,60,608.1768441945314,0.05632000043988228,f1eeaa694bf87815b6682a32aa62207736239c087dd81e459c1f2a75d4d3a959,True
1114,24,83,90,recent_k4,25.352346420288086,7748.884765625,2526.992431640625,25.352346420288086,0.23974609375,1521.1407470703125,464933.0625,151619.53125,60,607.4468409642577,0.055296000093221664,0d31815f5ae704977f62e116e1e0953d467b76b317766acad2c5f6cfee98e562,True
1115,24,83,105,recent_k4,51.7883415222168,10090.2216796875,8082.5234375,51.7883415222168,0.3125,3107.30029296875,605413.25,484951.375,60,607.8737480565906,0.05632000043988228,f8cecac0f80dbe6432b230189f9dc7eea8105ec7666f3c84ac281ca0f8e7aed0,True
1116,24,83,120,recent_k4,5.807270526885986,106.1400375366211,106.1400375366211,5.807270526885986,0.00335693359375,348.43621826171875,6368.40185546875,6368.40185546875,60,609.1977669857442,0.055296000093221664,ad597f84ccbee8c9fc74ef75aef116adc199bff4be8bc64e70f0a12c6d129f98,True
1117,24,83,135,recent_k4,7.721145153045654,140.27322387695312,140.27322387695312,7.721145153045654,0.004962921142578125,463.2686767578125,8416.392578125,8416.392578125,60,609.6385722048581,0.055296000093221664,576c1b0d823215b6548c0631cdca419e55dd16eb26d8c3fde6e85d12f3377ac8,True
1118,24,83,150,recent_k4,10.177614212036133,331.0877380371094,331.0877380371094,10.177614212036133,0.01042938232421875,610.6567993164062,19865.263671875,19865.263671875,60,610.6697130016983,0.05632000043988228,a3cb361c41eb7727bd1dca721ef9a3d1130921030e16dfdb922accbd1ffa693a,True
1119,24,83,165,recent_k4,14.524046897888184,496.4727783203125,496.4727783203125,14.524046897888184,0.0160369873046875,871.4427490234375,29788.365234375,29788.365234375,60,610.2095581591129,0.06758400052785873,4b01e8c2432c928c35e50181918c37f8d15cceaa5058864b76aa5147eaff5f66,True
1120,24,83,180,recent_k4,8.210307121276855,112.9120101928711,112.9120101928711,8.210307121276855,0.004001617431640625,492.618408203125,6774.72021484375,6774.72021484375,60,610.5613051913679,0.055296000093221664,98285f6aa7a193656c76929a413032d7a4ffbaf68ec7ac220b0b59223732120f,True
1121,24,83,195,recent_k4,5.8116679191589355,72.16776275634766,72.16776275634766,5.8116679191589355,0.002971649169921875,348.7000427246094,4330.0654296875,4330.0654296875,60,608.9349100366235,0.05632000043988228,0663bd1393eca775483e67d82af9b8a16a008931e0e1026ded4e4e66efee423e,True
1122,24,83,210,recent_k4,14.01654052734375,398.7713928222656,398.7713928222656,14.01654052734375,0.01294708251953125,840.9923706054688,23926.283203125,23926.283203125,60,609.3717874027789,0.055296000093221664,4615ce2b9a425bbfed4e8e32058098205dde8ff71e45c184b2c1588e14a7d024,True
1123,24,83,225,recent_k4,6.089828014373779,61.50800323486328,61.50800323486328,6.089828014373779,0.002216339111328125,365.3896484375,3690.47998046875,3690.47998046875,60,609.0047797188163,0.0655359998345375,83e8918b808410ea64729141e66d392b47a762ae3c98c69410cfedbf593f9935,True
1124,24,15,30,recent_k4,30.9020938873291,2395.729248046875,2395.729248046875,30.9020938873291,0.08477783203125,1854.12548828125,143743.75,143743.75,60,613.9782350510359,0.055296000093221664,f145ad767949b15210737ad038fc9f91909d07b6ed46d64e901d39ab143ac709,True
1125,24,15,45,recent_k4,12.770781517028809,264.0712890625,264.0712890625,12.770781517028809,0.00997161865234375,766.246826171875,15844.27734375,15844.27734375,60,609.9416017532349,0.05632000043988228,9bd350497a5bd12f3558b9cb6f2f021c52e562908128b66b9b8ba6a8eb45c2cf,True
1126,24,15,60,recent_k4,4.2439703941345215,29.638320922851562,29.638320922851562,4.2439703941345215,0.0009927749633789062,254.63821411132812,1778.2991943359375,1778.2991943359375,60,609.1256700456142,0.05632000043988228,e0509eaa0737c0b7fc26cb83ed3b90bf402068502d95a31f642d6f0b9ae6d8ab,True
1127,24,15,75,recent_k4,11.033435821533203,301.8680725097656,301.8680725097656,11.033435821533203,0.0095977783203125,662.006103515625,18112.083984375,18112.083984375,60,620.6058063544333,0.05632000043988228,c268b9e3763da65082201587ebaae959365bb46ed438c2454fcfb9891b662cfe,True
1128,24,15,90,recent_k4,6.61106014251709,75.03038024902344,75.03038024902344,6.61106014251709,0.003116607666015625,396.66357421875,4501.82275390625,4501.82275390625,60,611.2846820615232,0.05632000043988228,d37332ce71e80829c01587e7fd64eeb31f77f8a96aa6d13aa19acbf9c6e9705c,True
1129,24,15,105,recent_k4,8.369088172912598,104.17030334472656,104.17030334472656,8.369088172912598,0.00516510009765625,502.145263671875,6250.2177734375,6250.2177734375,60,609.3681398779154,0.055296000093221664,f61b134af6b73159f058571899ae62955a609c2b1ba2687b97279bd974253d77,True
1130,24,15,120,recent_k4,8.277210235595703,148.34524536132812,148.34524536132812,8.277210235595703,0.00472259521484375,496.632568359375,8900.7138671875,8900.7138671875,60,609.3591600656509,0.055296000093221664,fed0913e46451653a31310d937559385c1db7530ead12e6fb945d90a5e8222e8,True
1131,24,15,135,recent_k4,1.9329909086227417,8.82553768157959,8.82553768157959,1.9329909086227417,0.00032401084899902344,115.97944641113281,529.5322265625,529.5322265625,60,609.6181171014905,0.05734400078654289,5f0e8e08f0185a7b6376abaaf9f91d647ab411e7cfd6afbbe294807bf9e9b927,True
1132,24,15,150,recent_k4,5.073773384094238,43.463504791259766,43.463504791259766,5.073773384094238,0.002277374267578125,304.4263916015625,2607.81005859375,2607.81005859375,60,607.5744773261249,0.05632000043988228,e34b77199633f7264d1820088314a98e7c7fb1b98d70f3c7486eb8dfe7643bbd,True
1133,24,15,165,recent_k4,13.09895133972168,460.3616027832031,460.3616027832031,13.09895133972168,0.01493072509765625,785.93701171875,27621.6953125,27621.6953125,60,607.2265007533133,0.05734400078654289,3e90a9560b45a35d6832091db66868239a4a784ac84f8aa4ec2e33cfe676de79,True
1134,24,15,180,recent_k4,3.782634973526001,27.47113609313965,27.47113609313965,3.782634973526001,0.001094818115234375,226.9580841064453,1648.26806640625,1648.26806640625,60,607.0064730010927,0.058368001133203506,a7add23fc38dde4501a2c6ce579c9be8846fa2e12fc2d7bbb70d43b9d2b73bc6,True
1135,24,15,195,recent_k4,15.482378005981445,1774.6915283203125,541.6083984375,15.482378005981445,0.057037353515625,928.942626953125,106481.484375,32496.50390625,60,605.2066688425839,0.058368001133203506,150eb4dfa8466596bc35e3c8bc8e58cb0b580019acb263ac01c6ddce9b96ef91,True
1136,24,15,210,recent_k4,9.449420928955078,253.35841369628906,253.35841369628906,9.449420928955078,0.00969696044921875,566.9652099609375,15201.50390625,15201.50390625,60,606.3509392552078,0.05632000043988228,e22518bfbfa51a04753185d73ea16d6a6aa76f20ddab4bda8bd7bf12b47ccaad,True
1137,24,15,225,recent_k4,14.510836601257324,386.5003356933594,386.5003356933594,14.510836601257324,0.019378662109375,870.650146484375,23190.01953125,23190.01953125,60,611.3772341050208,0.05632000043988228,b6d2ac9530e02c1bcf23caf09b6a32a10b932d650f67b68a618c9dce6c4de2f6,True
1138,24,3,30,recent_k4,43.43236541748047,3524.3017578125,3524.3017578125,43.43236541748047,0.11676025390625,2605.94189453125,211458.09375,211458.09375,60,609.5177819952369,0.055296000093221664,99bcfecd5ebb59231e3a7fc30215108670f5ef870900af5618f457a9b0230c1f,True
1139,24,3,45,recent_k4,8.667722702026367,93.95940399169922,93.95940399169922,8.667722702026367,0.004909515380859375,520.0633544921875,5637.56396484375,5637.56396484375,60,609.4765118323267,0.05632000043988228,714791fd0216f2bf79741f96e1c8f37dc8c27245c3136fac018d7062cc8707b5,True
1140,24,3,60,recent_k4,33.649200439453125,2419.584228515625,2419.584228515625,33.649200439453125,0.0855712890625,2018.9520263671875,145175.046875,145175.046875,60,609.5826919190586,0.055296000093221664,8305a75de2cdd65399c584a92f3fe80f5cefe32abab4285a2c53cfdd8ccefc23,True
1141,24,3,75,recent_k4,11.485901832580566,192.17140197753906,192.17140197753906,11.485901832580566,0.00994873046875,689.154052734375,11530.283203125,11530.283203125,60,609.4352230429649,0.05632000043988228,ac3e828520f6f9f2e4585ccd691f19c47a751f284f0556c7a4d66af34da5f6f4,True
1142,24,3,90,recent_k4,13.926325798034668,314.97052001953125,314.97052001953125,13.926325798034668,0.01033782958984375,835.5795288085938,18898.23046875,18898.23046875,60,609.7958008758724,0.05628800019621849,0e29b498465da10e3069e6017d70dad067df3c472d8ad096fc5a496ac633b457,True
1143,24,3,105,recent_k4,3.84578537940979,22.982202529907227,22.982202529907227,3.84578537940979,0.0008516311645507812,230.7471160888672,1378.93212890625,1378.93212890625,60,609.4501339830458,0.055296000093221664,ad7603306589fe774f5442780b1dd6f6e2c93140292bf3bd3e88d17f4b0675a1,True
1144,24,3,120,recent_k4,11.172940254211426,328.58880615234375,328.58880615234375,11.172940254211426,0.01316070556640625,670.3764038085938,19715.328125,19715.328125,60,609.9192900583148,0.055296000093221664,5b0decf7c344c79ce3a1784a5699a4f8235a0d98de6d1c1fa9f728cf4e40f533,True
1145,24,3,135,recent_k4,7.6550397872924805,90.68170166015625,90.68170166015625,7.6550397872924805,0.005832672119140625,459.3023681640625,5440.90185546875,5440.90185546875,60,609.0877377428114,0.05734400078654289,f5ffad4fb86a05c61bd625251ef20576e61197ffbe2b5ab340153a52e9ff1043,True
1146,24,3,150,recent_k4,4.08773136138916,42.3824348449707,42.3824348449707,4.08773136138916,0.0013980865478515625,245.26385498046875,2542.946044921875,2542.946044921875,60,610.0636590272188,0.055296000093221664,044f845dd4367e8b0bb1f8c6d8dc60599131ff2b1757c16db40b43ce1ab08eb2,True
1147,24,3,165,recent_k4,11.94555377960205,287.9621276855469,287.9621276855469,11.94555377960205,0.0096588134765625,716.7332153320312,17277.7265625,17277.7265625,60,609.7214622423053,0.05632000043988228,242616610ce9a41bf7e4e3e94cefda92a458b517fbc0ba6f349d8debf06bf54a,True
1148,24,3,180,recent_k4,4.88997220993042,41.35094451904297,41.35094451904297,4.88997220993042,0.0013904571533203125,293.3983154296875,2481.056640625,2481.056640625,60,609.9740201607347,0.05632000043988228,57fcf87037e4050c5f309ce362bf49399e634eb57ed21fdb2e558a9ebeed96d6,True
1149,24,3,195,recent_k4,4.894014835357666,44.069923400878906,44.069923400878906,4.894014835357666,0.001598358154296875,293.640869140625,2644.1953125,2644.1953125,60,609.1712177731097,0.055296000093221664,e6ac5b3dc2bcd4d4d2a122d36735ff9640f84fd8190504e218a0ed3e2ce9e824,True
1150,24,3,210,recent_k4,3.561053991317749,15.629152297973633,15.629152297973633,3.561053991317749,0.0010194778442382812,213.66322326660156,937.7490844726562,937.7490844726562,60,612.4255489557981,0.060416001826524734,9a193b25284556a29523cfe4a235ffa862aea83d05efebe659bddbf01b2e720a,True
1151,24,3,225,recent_k4,3.929121255874634,32.678062438964844,32.678062438964844,3.929121255874634,0.0010747909545898438,235.7472686767578,1960.68359375,1960.68359375,60,610.12420989573,0.06758400052785873,2b7442e35c152cea09c613d365f43002f9ba237eceba540d906b8a30ee4b12cb,True
1152,24,35,30,recent_k4,21.487422943115234,790.9017333984375,790.9017333984375,21.487422943115234,0.0269927978515625,1289.245361328125,47454.1015625,47454.1015625,60,610.0585921667516,0.05632000043988228,5f8234ed41cab93f223fe8d01b14f56da678762a8f8e62de7867fbd55b6232b1,True
1153,24,35,45,recent_k4,14.534443855285645,420.6217041015625,420.6217041015625,14.534443855285645,0.014007568359375,872.0665893554688,25237.30078125,25237.30078125,60,609.3695079907775,0.05632000043988228,595e0c5b4a7be66ff22ce017b2b0a911ba397c2e6d4ac94b98810daee8fc4052,True
1154,24,35,60,recent_k4,3.602579355239868,19.54430389404297,19.54430389404297,3.602579355239868,0.001415252685546875,216.15475463867188,1172.658203125,1172.658203125,60,609.7105452790856,0.05632000043988228,ddfa0da3fa0741904f026267616b156527a3f0c9b447b4746c550c2d4f3e8e79,True
1155,24,35,75,recent_k4,1.9418445825576782,4.721658229827881,4.721658229827881,1.9418445825576782,0.00024580955505371094,116.51066589355469,283.2994689941406,283.2994689941406,60,609.9910931661725,0.055296000093221664,31ce9c9ff62ef2ffcbbf394d463158c00895fe91a36a62bee381aa602c6fd296,True
1156,24,35,90,recent_k4,1.8137757778167725,4.348091125488281,4.348091125488281,1.8137757778167725,0.0002491474151611328,108.8265380859375,260.8854675292969,260.8854675292969,60,609.918984118849,0.055296000093221664,a9ffeb35dd6b03dee0eb80f8a8a83663144d4892d5be7876e7b5b8725ea6727f,True
1157,24,35,105,recent_k4,1.8826044797897339,4.642339706420898,4.642339706420898,1.8826044797897339,0.0002522468566894531,112.95626068115234,278.5403747558594,278.5403747558594,60,610.4421401396394,0.055296000093221664,db325e05a807aefe00f802392df003a498f9c0eceecddef27980be848775fa68,True
1158,24,35,120,recent_k4,7.598435878753662,123.97482299804688,123.97482299804688,7.598435878753662,0.0050506591796875,455.9061279296875,7438.48876953125,7438.48876953125,60,609.9154548719525,0.05632000043988228,f230fa24d03c73d033da1430147af61401f03cc5015563780a1a4ddd24d70cce,True
1159,24,35,135,recent_k4,8.883722305297852,107.67742156982422,107.67742156982422,8.883722305297852,0.010284423828125,533.0233154296875,6460.64501953125,6460.64501953125,60,609.734287019819,0.05632000043988228,b0746ee18bf204c0bcbb15480bd13772cbe3d594197041fb5b4dc25cee6066a6,True
1160,24,35,150,recent_k4,2.7422115802764893,13.119573593139648,13.119573593139648,2.7422115802764893,0.0005383491516113281,164.53268432617188,787.1743774414062,787.1743774414062,60,609.8139369860291,0.05632000043988228,43a5022eb1d1a51f3e5c89f9a5670aa5fec34d6b989f0a1d372f933d4faec09f,True
1161,24,35,165,recent_k4,2.9074716567993164,13.25202751159668,13.25202751159668,2.9074716567993164,0.0005011558532714844,174.4482879638672,795.12158203125,795.12158203125,60,609.6993577666581,0.05632000043988228,0f369fe0af57d7d5c1490f216e834ab01307f12cb1d02d5d00b1e4f8c08be83f,True
1162,24,35,180,recent_k4,2.9422614574432373,14.180773735046387,14.180773735046387,2.9422614574432373,0.0004794597625732422,176.53567504882812,850.8463745117188,850.8463745117188,60,610.4031419381499,0.05632000043988228,9a6eb27c12f9641f17f3be8f7d5564fd9dcbab5390fa5edc7c5f17568a75e066,True
1163,24,35,195,recent_k4,6.465793132781982,113.44989013671875,113.44989013671875,6.465793132781982,0.0048065185546875,387.94757080078125,6806.9931640625,6806.9931640625,60,611.3032936118543,0.05632000043988228,7fafa48ffae0ba82b40ea51d351001732812f458214fa927c2f608639ba33f98,True
1164,24,35,210,recent_k4,13.20729923248291,297.59442138671875,297.59442138671875,13.20729923248291,0.010345458984375,792.4379272460938,17855.6640625,17855.6640625,60,614.4625749439001,0.07168000191450119,37bfc409921d921749a1eef0afe2a6b5e7c8d89db8e1eef17d26138023e2ad3a,True
1165,24,35,225,recent_k4,11.095148086547852,208.58192443847656,208.58192443847656,11.095148086547852,0.009552001953125,665.7088623046875,12514.9150390625,12514.9150390625,60,609.9196868017316,0.05734400078654289,51d5a76c9bb1fd9f1b283e5b08516e97ea1f044570715738ca9f1445532447f1,True
1166,24,48,30,recent_k4,27.532028198242188,1339.831787109375,1339.831787109375,27.532028198242188,0.04791259765625,1651.921630859375,80389.90625,80389.90625,60,609.4336421228945,0.05632000043988228,e0ff389de1af97797bf6e48539da73dbf9e7a30db328089555de8f49c249394e,True
1167,24,48,45,recent_k4,36.77474594116211,2630.1142578125,2630.1142578125,36.77474594116211,0.10333251953125,2206.484619140625,157806.84375,157806.84375,60,609.7751990891993,0.055296000093221664,ab741515ea6460aa7086789dc6e6eecc7ac7d8faa04b6faa675131a03ee3c8a1,True
1168,24,48,60,recent_k4,5.45250940322876,46.35012435913086,46.35012435913086,5.45250940322876,0.004058837890625,327.1505432128906,2781.00732421875,2781.00732421875,60,609.8684282042086,0.055296000093221664,f359426dea1b5543641e52fd053a7733c2692d38e68ca2ae7a72fa855d4f3754,True
1169,24,48,75,recent_k4,13.941730499267578,439.8601989746094,439.8601989746094,13.941730499267578,0.0137481689453125,836.5037841796875,26391.611328125,26391.611328125,60,609.0929862111807,0.0655359998345375,6423cde87a583823390d280b7df7ebe49e8eeb64f01b56e8655a9cd5a1824476,True
1170,24,48,90,recent_k4,2.954232692718506,15.646280288696289,15.646280288696289,2.954232692718506,0.0012216567993164062,177.2539520263672,938.7767944335938,938.7767944335938,60,610.8315610326827,0.05632000043988228,3c003fe56590094afef98ece539c6c60f96c9d4c4a5d4b87b780255e694372e6,True
1171,24,48,105,recent_k4,5.531455993652344,77.02464294433594,77.02464294433594,5.531455993652344,0.0024662017822265625,331.8873291015625,4621.478515625,4621.478515625,60,609.1020470485091,0.05632000043988228,149c912740de77f17548d964bcfe6c9724b9a3436cada987006343f85d0f7020,True
1172,24,48,120,recent_k4,18.303823471069336,579.0258178710938,579.0258178710938,18.303823471069336,0.0221405029296875,1098.2293701171875,34741.546875,34741.546875,60,609.024778008461,0.055296000093221664,ebda21a69dbfc7619b91e1bd23eafb626322727021b988588d70c512811ce434,True
1173,24,48,135,recent_k4,17.100818634033203,383.735595703125,383.735595703125,17.100818634033203,0.01641845703125,1026.049072265625,23024.134765625,23024.134765625,60,608.7905298918486,0.05632000043988228,397a66d8567e3c3a81af08a5903bb4598149cbf81cd2c18cbae43881a72d88e2,True
1174,24,48,150,recent_k4,4.578418731689453,45.540679931640625,45.540679931640625,4.578418731689453,0.0019073486328125,274.7051086425781,2732.440673828125,2732.440673828125,60,609.2328056693077,0.05632000043988228,0ec719341152df04de1d09df3c2574a347cb7d40cf60279d6b6e5678e488ab6c,True
1175,24,48,165,recent_k4,1.7013098001480103,5.162418842315674,5.162418842315674,1.7013098001480103,0.00021123886108398438,102.07858276367188,309.7451171875,309.7451171875,60,609.2614871449769,0.05734400078654289,025ae6c6318d23885d7643de426a9a793e13e85cec7c335760cd6899a34f9ac1,True
1176,24,48,180,recent_k4,2.1133432388305664,12.465414047241211,12.465414047241211,2.1133432388305664,0.00044226646423339844,126.80059051513672,747.9248046875,747.9248046875,60,610.3785168379545,0.05632000043988228,9e327d5f9cece0a39003090f984ade25d76252c168937fc4b36408681663a7ca,True
1177,24,48,195,recent_k4,10.080605506896973,285.35504150390625,285.35504150390625,10.080605506896973,0.00882720947265625,604.8363037109375,17121.30078125,17121.30078125,60,609.4297962263227,0.05734400078654289,5f83abbea8024bf4209663a07cbf5ec00d53d4ea8fd5fd8ae385844c13da8d3d,True
1178,24,48,210,recent_k4,3.7148184776306152,25.106971740722656,25.106971740722656,3.7148184776306152,0.0008730888366699219,222.88909912109375,1506.418212890625,1506.418212890625,60,609.4415760599077,0.05632000043988228,c45af07f722b5366edf908f57e598c9ad5720ec7c56d863f4aa7d9434c066780,True
1179,24,48,225,recent_k4,4.4234771728515625,43.728851318359375,43.728851318359375,4.4234771728515625,0.0014982223510742188,265.40863037109375,2623.73095703125,2623.73095703125,60,608.8181519880891,0.055296000093221664,c010c6c70918bd132e487207331a21daf0dd512a539b727ab798d1e3c7e36df8,True
1180,24,22,30,recent_k4,6.8488359451293945,86.22358703613281,86.22358703613281,6.8488359451293945,0.0027790069580078125,410.9301452636719,5173.4150390625,5173.4150390625,60,620.3081170096993,0.05632000043988228,0743fce68e03924fc0cb84b3c01a34170d4b17fac16eabd11f126108dd88689e,True
1181,24,22,45,recent_k4,3.4148662090301514,17.00589370727539,17.00589370727539,3.4148662090301514,0.0006694793701171875,204.8919677734375,1020.353515625,1020.353515625,60,609.8148240707815,0.055296000093221664,21f8e53432f2cbd65ecc1c7564b2f3f23a992580677c0b719210fa149bc5f0d0,True
1182,24,22,60,recent_k4,5.527371406555176,47.034881591796875,47.034881591796875,5.527371406555176,0.0015592575073242188,331.64227294921875,2822.0927734375,2822.0927734375,60,610.018651932478,0.0655359998345375,7ed99248e912cfb08229d610d195774f20e6271a2b9b5c3285d9962f834085d5,True
1183,24,22,75,recent_k4,5.904934883117676,112.891845703125,112.891845703125,5.904934883117676,0.00354766845703125,354.29608154296875,6773.51025390625,6773.51025390625,60,609.384099021554,0.055296000093221664,65115c2e83000054728ff8ec13efcb670c4472d4c8ba3c5c157cd25cc43e66c9,True
1184,24,22,90,recent_k4,8.78296184539795,151.40475463867188,151.40475463867188,8.78296184539795,0.004840850830078125,526.9776611328125,9084.28515625,9084.28515625,60,609.7006062045693,0.055296000093221664,b58d1b827513b72239f4096c1de9effdea7e96590535f89f7ad6d3982588a70c,True
1185,24,22,105,recent_k4,1.9462782144546509,6.523121356964111,6.523121356964111,1.9462782144546509,0.0003275871276855469,116.77668762207031,391.38726806640625,391.38726806640625,60,609.8731053061783,0.05632000043988228,faee4c3288c92e7d8d8349015e2fafcece6c28301c0dddd845b2d542242d812d,True
1186,24,22,120,recent_k4,1.9874930381774902,5.33485746383667,5.33485746383667,1.9874930381774902,0.0002689361572265625,119.24957275390625,320.0914306640625,320.0914306640625,60,610.3471112437546,0.055296000093221664,1c2f27f03fa97a76d0158c5cd5db5e2f71a3d8d38d14b31e4fcb88b4b620b4ee,True
1187,24,22,135,recent_k4,2.0062973499298096,5.899688243865967,5.899688243865967,2.0062973499298096,0.00023865699768066406,120.37783813476562,353.98126220703125,353.98126220703125,60,608.8283350691199,0.055296000093221664,c34afe63679723845febe97d3afe603cb3f0cff8eb9237dec7070ef313da0ba8,True
1188,24,22,150,recent_k4,1.6917821168899536,5.537141799926758,5.537141799926758,1.6917821168899536,0.00017786026000976562,101.50691986083984,332.2284851074219,332.2284851074219,60,609.2916410416365,0.05427199974656105,4de48ae511354452d643ef21a8abddc576bf8c9eccaf37e5ee5fa27f344c3e05,True
1189,24,22,165,recent_k4,1.6916707754135132,4.378377914428711,4.378377914428711,1.6916707754135132,0.00023877620697021484,101.500244140625,262.7026672363281,262.7026672363281,60,609.0744133107364,0.055296000093221664,2432c9d30d403d518cffb1e06953ae66d9293671afda9595547e066ddcf5549e,True
1190,24,22,180,recent_k4,4.091269016265869,104.35698699951172,104.35698699951172,4.091269016265869,0.003265380859375,245.47613525390625,6261.4189453125,6261.4189453125,60,612.0889759622514,0.055296000093221664,196277a9241e5623544ea9399ae1e03e256e06834cb45b8f1ef213e2b8a8e941,True
1191,24,22,195,recent_k4,12.185606956481934,376.9541015625,376.9541015625,12.185606956481934,0.011810302734375,731.1363525390625,22617.244140625,22617.244140625,60,609.4071213155985,0.055296000093221664,ce7926de56c21eceb5a9be478de4514940d624d7ca87027a7008a4a6ef6e2fc8,True
1192,24,22,210,recent_k4,1.797680377960205,5.448905944824219,5.448905944824219,1.797680377960205,0.00019621849060058594,107.8608169555664,326.934326171875,326.934326171875,60,609.5584500581026,0.055296000093221664,87ff1f3d6690004492f95c80fb865c60619e5dc49bddd83882830c0340ec5b41,True
1193,24,22,225,recent_k4,2.803861618041992,19.557369232177734,19.557369232177734,2.803861618041992,0.0006260871887207031,168.231689453125,1173.442138671875,1173.442138671875,60,609.216583892703,0.05632000043988228,225b60526b75b9ffb52387a802a727ac9b7430b73131ca33b0eba088b64d2bd6,True
1194,24,55,30,recent_k4,14.408860206604004,405.8041076660156,405.8041076660156,14.408860206604004,0.012847900390625,864.5315551757812,24348.24609375,24348.24609375,60,610.1471749134362,0.05427199974656105,5fa8c89b80fc58bf159d582d4306c8aec9d1ef2ba3b52b2a64213d0a88c44e18,True
1195,24,55,45,recent_k4,1.8316025733947754,4.767647743225098,4.767647743225098,1.8316025733947754,0.00019073486328125,109.89614868164062,286.058837890625,286.058837890625,60,609.8212082870305,0.05632000043988228,e8a8a1684c77b0338151d551a71c862b39d4a6a12c84fef1e2c757fdbf257d0a,True
1196,24,55,60,recent_k4,7.341702938079834,238.24752807617188,238.24752807617188,7.341702938079834,0.009429931640625,440.5021667480469,14294.8505859375,14294.8505859375,60,615.1599008589983,0.055296000093221664,aeba0b7670897d5027e298cfb3af92327b47f07809fc18a0b7931fd5729d26a9,True
1197,24,55,75,recent_k4,22.624086380004883,863.36669921875,863.36669921875,22.624086380004883,0.033966064453125,1357.445068359375,51802.0,51802.0,60,610.0410269573331,0.05632000043988228,e2a29b806968dc64a3f1b43c75dcfa9e45081ba69b445d40e7f924ab41966537,True
1198,24,55,90,recent_k4,19.74930191040039,517.6586303710938,517.6586303710938,19.74930191040039,0.030548095703125,1184.9580078125,31059.515625,31059.515625,60,610.300085041672,0.05632000043988228,6cfa680af1713364cfd7570eb2b81012b90aaab0f055ec455b88cac8259e681a,True
1199,24,55,105,recent_k4,5.6726155281066895,44.28151321411133,44.28151321411133,5.6726155281066895,0.001590728759765625,340.3569030761719,2656.890625,2656.890625,60,610.3548449464142,0.05734400078654289,4f5ddce1c6cc77aa41fb9e9828946599aebee1c9bcaaa8ea8d5a455ddb3192ce,True
1200,24,55,120,recent_k4,0.8752986192703247,1.073947787284851,1.073947787284851,0.8752986192703247,5.263090133666992e-05,52.517913818359375,64.4368667602539,64.4368667602539,60,610.3543159551919,0.06758400052785873,a783cbbfc51b8d6628d40e7a995398c456b4a4c38ef1b8e0354992815ad5ae4e,True
1201,24,55,135,recent_k4,1.3944311141967773,3.835376024246216,3.835376024246216,1.3944311141967773,0.00013196468353271484,83.66586303710938,230.12254333496094,230.12254333496094,60,610.4051051661372,0.060416001826524734,cd78bc2627a3330eea99c71f7cd403b874ea636731e1a26457471b2ae67b8fba,True
1202,24,55,150,recent_k4,1.5841478109359741,11.489445686340332,11.489445686340332,1.5841478109359741,0.0003864765167236328,95.04886627197266,689.36669921875,689.36669921875,60,610.9595508314669,0.05632000043988228,82b61ac37ac4b7403836c0557bd89f80b063ad01b36e3be2703c28ad2d47cf4e,True
1203,24,55,165,recent_k4,14.644733428955078,608.86865234375,608.86865234375,14.644733428955078,0.0191497802734375,878.6839599609375,36532.1171875,36532.1171875,60,614.2615112476051,0.055296000093221664,118cc9badd06390237fefc322b1159cd0eaa155c2e6c59385e99d417473425dc,True
1204,24,55,180,recent_k4,4.299860954284668,31.60101318359375,31.60101318359375,4.299860954284668,0.001049041748046875,257.99163818359375,1896.0606689453125,1896.0606689453125,60,611.3828183151782,0.055296000093221664,e52b0b4e7b2bbfb8bd96a73e75b534de1810559ab92e847e24bd63e5ff278c9f,True
1205,24,55,195,recent_k4,8.626033782958984,295.59173583984375,295.59173583984375,8.626033782958984,0.01084136962890625,517.56201171875,17735.50390625,17735.50390625,60,610.0147501565516,0.05632000043988228,bd5064c284b0802b7c3e64a1d86c142d9de5513d5cc44064eb9217814e34a0dc,True
1206,24,55,210,recent_k4,9.628045082092285,322.3990783691406,322.3990783691406,9.628045082092285,0.01219940185546875,577.6826782226562,19343.943359375,19343.943359375,60,609.2463466338813,0.05632000043988228,97529904bf59d64f3d02ffd4fca6b02083a3c726af7682a836627062eda89bc2,True
1207,24,55,225,recent_k4,1.6733213663101196,4.204860210418701,4.204860210418701,1.6733213663101196,0.00014472007751464844,100.39927673339844,252.29159545898438,252.29159545898438,60,609.747373033315,0.055296000093221664,8b23fbf698d99d25b093398f2c9869c8aa6d36c10e7275fde3e28d58a64f8dfa,True
1208,24,4,30,recent_k4,21.97333526611328,3332.603271484375,936.5962524414062,21.97333526611328,0.107666015625,1318.4000244140625,199956.1875,56195.7734375,60,610.6160362251103,0.055296000093221664,6ff5f28e2f2038d3b23d9f79cb0f18e5b3f96f67d85e51bce0b3a88f2d98c3e5,True
1209,24,4,45,recent_k4,19.718782424926758,831.60205078125,831.60205078125,19.718782424926758,0.0308837890625,1183.1268310546875,49896.12109375,49896.12109375,60,611.0890014097095,0.058368001133203506,771af619382595495e9e709a974557ee81d600fe2d36c56c1096e1820bc3c9aa,True
1210,24,4,60,recent_k4,15.578912734985352,359.62823486328125,359.62823486328125,15.578912734985352,0.0119781494140625,934.7347412109375,21577.693359375,21577.693359375,60,611.413168720901,0.05632000043988228,5459a726b69ae13b5fc01cc4c4217aab545b838207fa514b61514ca3373072cf,True
1211,24,4,75,recent_k4,7.115755558013916,74.6130142211914,74.6130142211914,7.115755558013916,0.0024433135986328125,426.9453125,4476.78076171875,4476.78076171875,60,609.7428449429572,0.06143999844789505,0d2d4708374acbe5d87a2474c32cda74232d811696f9960bbacf508893a850e6,True
1212,24,4,90,recent_k4,3.0034303665161133,13.061494827270508,13.061494827270508,3.0034303665161133,0.0004115104675292969,180.205810546875,783.6896362304688,783.6896362304688,60,609.3150088563561,0.055296000093221664,285d7dbaa697a10dad04446de8036fb2ba163a952cf392f07f51cf53f4f1cb91,True
1213,24,4,105,recent_k4,1.125819206237793,2.404421091079712,2.404421091079712,1.125819206237793,9.179115295410156e-05,67.54914855957031,144.2652587890625,144.2652587890625,60,609.4061792828143,0.05632000043988228,760baeba9c06b5ce5460f4706fe6329faccd462b448548ece8c5a02d135a3431,True
1214,24,4,120,recent_k4,0.9473921060562134,2.084285020828247,2.084285020828247,0.9473921060562134,7.259845733642578e-05,56.84352493286133,125.05709838867188,125.05709838867188,60,608.8948543183506,0.05632000043988228,435c049b3aa97e042699b3df550178fbb81ca36aa860f2429583c22c3ca7bd53,True
1215,24,4,135,recent_k4,0.9347282648086548,2.1101062297821045,2.1101062297821045,0.9347282648086548,7.152557373046875e-05,56.08369445800781,126.60636901855469,126.60636901855469,60,609.4124587252736,0.055296000093221664,6f3b7df051413fa2d33760a42302bab4f2767cd0d18d30309b83c330abcb2e15,True
1216,24,4,150,recent_k4,1.0950181484222412,2.870556354522705,2.870556354522705,1.0950181484222412,9.739398956298828e-05,65.70108795166016,172.23336791992188,172.23336791992188,60,615.5461138114333,0.05632000043988228,23d23c80615b96bd5b934c46d175c17a11a9c10a64b228425be2fb33efa07841,True
1217,24,4,165,recent_k4,3.632488489151001,44.86900329589844,44.86900329589844,3.632488489151001,0.0015411376953125,217.9492950439453,2692.14013671875,2692.14013671875,60,610.5323899537325,0.05632000043988228,83adb31b323e38bc4916cfc16a772e47938e1e70d6c3ac3634ed463be7f50430,True
1218,24,4,180,recent_k4,12.291365623474121,262.8299560546875,262.8299560546875,12.291365623474121,0.0090484619140625,737.4818725585938,15769.796875,15769.796875,60,609.9528754130006,0.05632000043988228,ab9c8be38d3161569965ab458623db6c1f98ee9f43c3e540e8b5e09048901447,True
1219,24,4,195,recent_k4,2.853126049041748,16.14520835876465,16.14520835876465,2.853126049041748,0.0006275177001953125,171.18756103515625,968.71240234375,968.71240234375,60,609.2580519616604,0.05734400078654289,8718a271bae51eb5471c9538f16cb5198998f7a7e130465b0ad0c6c5203f495a,True
1220,24,4,210,recent_k4,3.8390378952026367,29.859813690185547,29.859813690185547,3.8390378952026367,0.0009927749633789062,230.34225463867188,1791.5887451171875,1791.5887451171875,60,609.4204299151897,0.05632000043988228,f6fc72c0695feba26fe2c40513f8bfa9d70d798eff26a38e0eb52d9cea8c3425,True
1221,24,4,225,recent_k4,3.8899576663970947,29.928762435913086,29.928762435913086,3.8899576663970947,0.0010194778442382812,233.39744567871094,1795.7257080078125,1795.7257080078125,60,604.3396671302617,0.055296000093221664,19f7b04e4bd0665ebb332a7900f25d11bca6d6078e9ca17cab5db4acbeb14575,True
1222,24,45,30,recent_k4,8.855298042297363,116.64002227783203,116.64002227783203,8.855298042297363,0.0038013458251953125,531.31787109375,6998.40087890625,6998.40087890625,60,613.1379581056535,0.05734400078654289,769833a2f2ef17a5bd7000a5f57517b7a448b28e48001770c21d092fe43a477f,True
1223,24,45,45,recent_k4,1.7174474000930786,4.940823078155518,4.940823078155518,1.7174474000930786,0.00021958351135253906,103.04683685302734,296.4493713378906,296.4493713378906,60,613.4848836809397,0.060416001826524734,6e64e257fa47d399c5112527c209363c80c6350a16da6f6bfcafbc8199936971,True
1224,24,45,60,recent_k4,2.1758484840393066,7.386910438537598,7.386910438537598,2.1758484840393066,0.000244140625,130.5509033203125,443.214599609375,443.214599609375,60,609.4858511351049,0.05632000043988228,366b56b889b31c55c53664075e1b0a6863c9fa00105d55ac42ddce361070f24b,True
1225,24,45,75,recent_k4,2.0889668464660645,5.836208343505859,5.836208343505859,2.0889668464660645,0.00023543834686279297,125.33799743652344,350.1724853515625,350.1724853515625,60,609.3177339062095,0.05632000043988228,005bceaeaecc247efac51aff4a99e3bd351a3b03690c038121087992e128026c,True
1226,24,45,90,recent_k4,1.8014535903930664,4.801907539367676,4.801907539367676,1.8014535903930664,0.00018715858459472656,108.08721160888672,288.11444091796875,288.11444091796875,60,610.1357359439135,0.05632000043988228,ee29664032d4c896a43a705376300095c1789e869a1024439ce63df39cafb0a7,True
1227,24,45,105,recent_k4,1.9719572067260742,5.437239646911621,5.437239646911621,1.9719572067260742,0.00023186206817626953,118.31742858886719,326.234375,326.234375,60,610.4683531448245,0.05632000043988228,e89aa8a6b92b6607db2934e8af58f5efaa3532ba1a4a1cafe1d2ad15a0e7b9e6,True
1228,24,45,120,recent_k4,16.16788101196289,574.3804321289062,574.3804321289062,16.16788101196289,0.03143310546875,970.07275390625,34462.82421875,34462.82421875,60,609.8564602434635,0.05632000043988228,9bde89ef749fe760692244225fcecb1c3780e332e6998161d34c159bff1c3c49,True
1229,24,45,135,recent_k4,22.983501434326172,1275.237060546875,1275.237060546875,22.983501434326172,0.0401611328125,1379.010009765625,76514.21875,76514.21875,60,623.7986930646002,0.055296000093221664,1d280295397a6a30a618c44d27a351268324ffa4d9a830a7683b9fec1a3bb2c8,True
1230,24,45,150,recent_k4,7.603438377380371,187.4056396484375,187.4056396484375,7.603438377380371,0.00820159912109375,456.2062683105469,11244.337890625,11244.337890625,60,613.0944201722741,0.05939200147986412,1f417221f9f11aaa9099e8ba09e442d06f31291c0b2959987b695a54153ba4c7,True
1231,24,45,165,recent_k4,20.825246810913086,558.6146240234375,558.6146240234375,20.825246810913086,0.0262603759765625,1249.5147705078125,33516.875,33516.875,60,608.4060738794506,0.05734400078654289,fe179c35040aacce16106885e6ef15af063815316d4c0f2508fef64981fe30fa,True
1232,24,45,180,recent_k4,8.635335922241211,326.904052734375,326.904052734375,8.635335922241211,0.010162353515625,518.1201171875,19614.2421875,19614.2421875,60,609.4062151387334,0.055296000093221664,eea6cf878894086f678ea23221f3e30a6bad7d320dd41e91f4314c858f6764c5,True
1233,24,45,195,recent_k4,11.640656471252441,318.7558898925781,318.7558898925781,11.640656471252441,0.00994110107421875,698.4393310546875,19125.3515625,19125.3515625,60,616.9398762285709,0.05724800005555153,a2bd6f519aae265a5b930e80af87fedabd88af38212d2977ddd34186814e05b4,True
1234,24,45,210,recent_k4,3.2117855548858643,17.513286590576172,17.513286590576172,3.2117855548858643,0.0005598068237304688,192.70712280273438,1050.797119140625,1050.797119140625,60,607.316973619163,0.056223999708890915,965aae92da6b8b76a7e2b40cf66f1706d5c7f8d30e025e5b2ef8e1cd7f7d6e50,True
1235,24,45,225,recent_k4,3.5908429622650146,20.250225067138672,20.250225067138672,3.5908429622650146,0.0006608963012695312,215.4505615234375,1215.013427734375,1215.013427734375,60,611.9926618412137,0.05833600088953972,1765a9f80022ab3f0e010e4e0903983cc96ca2378788591f7759073f7e64b915,True
1236,24,60,30,recent_k4,6.804232120513916,127.51686096191406,127.51686096191406,6.804232120513916,0.0040435791015625,408.25390625,7651.01123046875,7651.01123046875,60,615.5411200597882,0.05939200147986412,cc142e7cb4a68b6fa1a61022fe463f6e7747546e76bcb95b89c8a251d23fda25,True
1237,24,60,45,recent_k4,12.164264678955078,331.0217590332031,331.0217590332031,12.164264678955078,0.0104827880859375,729.8558349609375,19861.3046875,19861.3046875,60,610.0556310266256,0.05734400078654289,2e5216f9c0d7fc4f8ce0983ced7e8bb90e8324098e01fe843d6d50449028a8d8,True
1238,24,60,60,recent_k4,6.036728382110596,93.76538848876953,93.76538848876953,6.036728382110596,0.0035114288330078125,362.20367431640625,5625.9228515625,5625.9228515625,60,610.1745702326298,0.058368001133203506,e7aa5701619f9ecbe6e73cfaaac9c81edac1a06463a09eedb0c14f134ed2be92,True
1239,24,60,75,recent_k4,16.689823150634766,712.635986328125,712.635986328125,16.689823150634766,0.023406982421875,1001.3893432617188,42758.15625,42758.15625,60,610.2681788615882,0.05632000043988228,5c31dc9cdb79377fdf444e577ee46ed984206e7ae7ea2e08c20c88b56a7e86d7,True
1240,24,60,90,recent_k4,9.41551399230957,188.83511352539062,188.83511352539062,9.41551399230957,0.006229400634765625,564.9307861328125,11330.1064453125,11330.1064453125,60,610.408338252455,0.056352000683546066,1d236fe3baf13f998844cb8878671ba605a98959f8d9285a0f5b9344f4e0b455,True
1241,24,60,105,recent_k4,2.288388729095459,7.934089183807373,7.934089183807373,2.288388729095459,0.0002567768096923828,137.30331420898438,476.0453186035156,476.0453186035156,60,610.1890397258103,0.05427199974656105,b3278e3da823a4ca252a019de686a140b078506b56b8c2db1474da01682479cb,True
1242,24,60,120,recent_k4,4.166646480560303,37.291996002197266,37.291996002197266,4.166646480560303,0.0011644363403320312,249.998779296875,2237.51953125,2237.51953125,60,613.0010550841689,0.05632000043988228,701b362fda7dfc671204b1e4766d38625891b85f66ddcbed75594b4760767803,True
1243,24,60,135,recent_k4,6.705310344696045,132.17135620117188,132.17135620117188,6.705310344696045,0.00433349609375,402.318603515625,7930.28076171875,7930.28076171875,60,608.9482931420207,0.05632000043988228,9f85185ec63c1929cba7387291e229d4e5517832f0480046a5aa98bac189bd53,True
1244,24,60,150,recent_k4,8.533590316772461,152.9100799560547,152.9100799560547,8.533590316772461,0.004913330078125,512.015380859375,9174.6044921875,9174.6044921875,60,609.5122676342726,0.055296000093221664,4257ab868ed00bef679a040ef4db44c590c4f349cb5e497700985ae1b4edb5c1,True
1245,24,60,165,recent_k4,2.970015048980713,19.02619743347168,19.02619743347168,2.970015048980713,0.000606536865234375,178.20089721679688,1141.57177734375,1141.57177734375,60,609.7623757086694,0.05632000043988228,654583b167e17fbaa0357c725556597545587e335b62f7201fa1b15ee8a11499,True
1246,24,60,180,recent_k4,6.941808223724365,109.88619995117188,109.88619995117188,6.941808223724365,0.00345611572265625,416.50848388671875,6593.171875,6593.171875,60,609.2191012576222,0.05632000043988228,da90ba87f31aac576e1f23fa333db5bea97f2bbc84bf2a8d6f0a3d702da80c8c,True
1247,24,60,195,recent_k4,3.4915618896484375,19.666467666625977,19.666467666625977,3.4915618896484375,0.0006732940673828125,209.4936981201172,1179.988037109375,1179.988037109375,60,609.687717165798,0.05632000043988228,9561917a4dca32950bf61ca6e606b0c0000363ae205889bcd633ade9c5b54bb3,True
1248,24,60,210,recent_k4,3.9725353717803955,27.009674072265625,27.009674072265625,3.9725353717803955,0.0008730888366699219,238.35211181640625,1620.580322265625,1620.580322265625,60,610.230082180351,0.05632000043988228,147f09f3d7f044bc5f4b36f88341f4d131e55ac19a0874332398c00bb2269bf1,True
1249,24,60,225,recent_k4,4.034488201141357,28.510425567626953,28.510425567626953,4.034488201141357,0.0009102821350097656,242.06927490234375,1710.62548828125,1710.62548828125,60,614.5672737620771,0.05734400078654289,16473c3565edd83bb0db00bcdb60d78f52a47b8757478ed8536ef6d45a346438,True
1250,24,26,30,recent_k4,13.255571365356445,498.1660461425781,498.1660461425781,13.255571365356445,0.01544952392578125,795.334228515625,29889.9609375,29889.9609375,60,610.8064278960228,0.06348799914121628,1321831e654f20d998fca1cdecf3e7e9cc09deac4171fccd6b2d2f3f7285f50f,True
1251,24,26,45,recent_k4,2.9918768405914307,23.774126052856445,23.774126052856445,2.9918768405914307,0.0007867813110351562,179.51260375976562,1426.447509765625,1426.447509765625,60,609.832527115941,0.05734400078654289,2569edf07b187c8f06c90f5f16c73eb77c3f1c01e5ef8f1fc5ae2db3550a8128,True
1252,24,26,60,recent_k4,21.692487716674805,850.5590209960938,850.5590209960938,21.692487716674805,0.029571533203125,1301.5491943359375,51033.5390625,51033.5390625,60,610.2518439292908,0.05632000043988228,0b3e1cfcd9b9830fa24ddfe495b2133df4f3567dfb9e659b36ce6f27ddb3a1f1,True
1253,24,26,75,recent_k4,20.380043029785156,1625.5457763671875,1625.5457763671875,20.380043029785156,0.05303955078125,1222.802490234375,97532.7421875,97532.7421875,60,609.8540076054633,0.05632000043988228,a03c44032bc478748587b281336a3b60d77f8ae4f60cf588a30897cf0d125968,True
1254,24,26,90,recent_k4,27.530288696289062,1953.75390625,1953.75390625,27.530288696289062,0.0626220703125,1651.8172607421875,117225.2265625,117225.2265625,60,610.4098721407354,0.05632000043988228,2c15f39f723a00f4a070d265462df1967edd8bf630b3a70d9654421d368b4642,True
1255,24,26,105,recent_k4,16.63572883605957,494.1298522949219,494.1298522949219,16.63572883605957,0.0174407958984375,998.1436767578125,29647.7890625,29647.7890625,60,608.4558106958866,0.05632000043988228,448852321ac058b8464e62aa7ff8c8e519847a3eb6f5fb21cfdc6cc980d1db42,True
1256,24,26,120,recent_k4,15.74211311340332,868.4942016601562,868.4942016601562,15.74211311340332,0.027008056640625,944.5267333984375,52109.6484375,52109.6484375,60,607.7183680608869,0.055296000093221664,c747e0ea1f584af3551b3dfd68290ec9379699aa2e85931e46fc4bb3dba8e9df,True
1257,24,26,135,recent_k4,24.21092987060547,1727.8812255859375,1727.8812255859375,24.21092987060547,0.053436279296875,1452.65576171875,103672.8671875,103672.8671875,60,607.913046143949,0.055296000093221664,972c723070c2c40902ea811ee0d2e0febb821dba84789d1d3161e5a7d13da8a4,True
1258,24,26,150,recent_k4,7.704253673553467,118.03857421875,118.03857421875,7.704253673553467,0.004009246826171875,462.25518798828125,7082.31396484375,7082.31396484375,60,607.9943859949708,0.05632000043988228,699dd8a5c599114cc4638131eafd5180646fca271b0d2b1c1013894827e74a33,True
1259,24,26,165,recent_k4,13.713109016418457,419.4063415527344,419.4063415527344,13.713109016418457,0.01332855224609375,822.7864990234375,25164.37890625,25164.37890625,60,608.1546540372074,0.05734400078654289,0de5a30a03f8a503729435cc7da23794b7f755d545106afd2bed7aa2c1df2c60,True
1260,24,26,180,recent_k4,4.754377841949463,40.58997344970703,40.58997344970703,4.754377841949463,0.001373291015625,285.2626647949219,2435.398193359375,2435.398193359375,60,608.0796159803867,0.05632000043988228,21fe6bf28211228b3349783f8f50dd13465b4378543fed8804d681e6ba3c2e35,True
1261,24,26,195,recent_k4,5.377926826477051,58.311641693115234,58.311641693115234,5.377926826477051,0.00202178955078125,322.67559814453125,3498.6982421875,3498.6982421875,60,607.8302278183401,0.05632000043988228,8560c4a498ee4450a2b293650586f7ee24e41df043f2ea7a7bbb935240a74380,True
1262,24,26,210,recent_k4,4.19931173324585,22.47711181640625,22.47711181640625,4.19931173324585,0.0012912750244140625,251.9586944580078,1348.6265869140625,1348.6265869140625,60,610.5743539519608,0.05734400078654289,286a3f39f58610712af918204c763f96e216a133f78fd2ffe0cf0a933c2e3b4f,True
1263,24,26,225,recent_k4,9.331805229187012,378.30145263671875,378.30145263671875,9.331805229187012,0.01183319091796875,559.9082641601562,22698.0859375,22698.0859375,60,608.9410679414868,0.05632000043988228,9ff1b3b1341e5b7dbf82ca5568d5fbb3bee1c3287fb9947131eeaad470ba328d,True
1264,24,21,30,recent_k4,4.1842474937438965,51.692955017089844,51.692955017089844,4.1842474937438965,0.0018301010131835938,251.05484008789062,3101.5771484375,3101.5771484375,60,609.3852147459984,0.05632000043988228,96b161eb5c1a16b784a2153404f82a0622aa8c259cb6e41fe7c24fef62bdabc7,True
1265,24,21,45,recent_k4,10.869173049926758,298.7242736816406,298.7242736816406,10.869173049926758,0.0096893310546875,652.1503295898438,17923.455078125,17923.455078125,60,608.5764532908797,0.05632000043988228,4183568aa91dc3ab41c71dab9c4264e9b715c990af45703224049ff878438e97,True
1266,24,21,60,recent_k4,6.543286323547363,124.50102233886719,124.50102233886719,6.543286323547363,0.00390625,392.59716796875,7470.06103515625,7470.06103515625,60,610.0450288504362,0.05632000043988228,afd35afa6f915a95a27ed65fecf53856603a4965a8cf3480ffa75439b48b6518,True
1267,24,21,75,recent_k4,2.116394519805908,7.657326698303223,7.657326698303223,2.116394519805908,0.00037407875061035156,126.98365783691406,459.4395751953125,459.4395751953125,60,609.7564720548689,0.05734400078654289,a67fb3cdaa1109ee1144a8d8ba3a07c11ff405ee70545a93d572346576bbf54a,True
1268,24,21,90,recent_k4,3.10859751701355,21.996524810791016,21.996524810791016,3.10859751701355,0.0008211135864257812,186.51583862304688,1319.7913818359375,1319.7913818359375,60,612.776564899832,0.055296000093221664,ce73cee37fae9fc8c633f894206498e5521f6b3f107f930188790c269f908b25,True
1269,24,21,105,recent_k4,4.260201454162598,41.90944290161133,41.90944290161133,4.260201454162598,0.0013580322265625,255.612060546875,2514.56640625,2514.56640625,60,610.530795995146,0.055296000093221664,fa471f00c243755c18e7ff9ac26c6a7df7872d7a0ccd2a8254fc7287ee61935a,True
1270,24,21,120,recent_k4,4.34931755065918,58.67066192626953,58.67066192626953,4.34931755065918,0.0018148422241210938,260.95904541015625,3520.239501953125,3520.239501953125,60,610.4873870499432,0.055296000093221664,553fa90429c310fdd03b1b0ab4dc9dca0020106a081b67aba4cd0357bc15a00d,True
1271,24,21,135,recent_k4,2.9301199913024902,17.530969619750977,17.530969619750977,2.9301199913024902,0.0005769729614257812,175.80718994140625,1051.858154296875,1051.858154296875,60,610.8586243353784,0.05632000043988228,3a5ccd6f7c5e6a179eb093b85837193759279c007b7fa490ed4d1b9d62d0730e,True
1272,24,21,150,recent_k4,2.312748908996582,8.897932052612305,8.897932052612305,2.312748908996582,0.00034165382385253906,138.76492309570312,533.8759155273438,533.8759155273438,60,609.7540846094489,0.055296000093221664,477891b25d7c3977133ab11028964d2029886ea4873508f9a024789ef4056681,True
1273,24,21,165,recent_k4,3.115159273147583,42.03085708618164,42.03085708618164,3.115159273147583,0.0013380050659179688,186.9095458984375,2521.851318359375,2521.851318359375,60,609.8416741006076,0.05939200147986412,2cfa71e4e3adaead468863f42c3667a1a7d602d443d510d98bfc01c8e56f7aae,True
1274,24,21,180,recent_k4,11.62569808959961,361.3330078125,361.3330078125,11.62569808959961,0.01134490966796875,697.5418701171875,21679.978515625,21679.978515625,60,608.8966429233551,0.05632000043988228,9669a37ffc1f92b972b4ac62303dcc80054c329f9e2f2472dfb79e1fe72a8a88,True
1275,24,21,195,recent_k4,3.6158626079559326,22.761274337768555,22.761274337768555,3.6158626079559326,0.0011396408081054688,216.95175170898438,1365.6763916015625,1365.6763916015625,60,609.4000278972089,0.05632000043988228,414a8f1a8cb04375e7f863957ad00fff115bafa508ef8a810b8c26864d90ea1c,True
1276,24,21,210,recent_k4,4.356564998626709,41.19961166381836,41.19961166381836,4.356564998626709,0.00139617919921875,261.3938903808594,2471.9765625,2471.9765625,60,608.8281939737499,0.05632000043988228,a949d6679ebdfb96c65aee18e2604ab77f5ac3abd37f3c8e43336c09c93377fb,True
1277,24,21,225,recent_k4,2.615689277648926,13.585367202758789,13.585367202758789,2.615689277648926,0.0005350112915039062,156.94134521484375,815.1220092773438,815.1220092773438,60,610.2295620366931,0.05632000043988228,e6eae991f65cd7f699b12171e6a75f3895331ab2c8156bdf7dc727abd54e331d,True
1278,24,44,30,recent_k4,12.73155403137207,298.14337158203125,298.14337158203125,12.73155403137207,0.01287078857421875,763.8931884765625,17888.6015625,17888.6015625,60,606.8545230664313,0.05632000043988228,658b645c799eb9995b375c6c504a623c9bac8b9dcac6442cfc40c5e9b0b56fd1,True
1279,24,44,45,recent_k4,18.7813777923584,535.01171875,535.01171875,18.7813777923584,0.0214691162109375,1126.882568359375,32100.703125,32100.703125,60,607.3772278614342,0.06451199948787689,5ca66bee38df1e75edc11a892d37b6636b7eb8a3481758e69e89bc42ad8d5660,True
1280,24,44,60,recent_k4,10.218644142150879,116.40400695800781,116.40400695800781,10.218644142150879,0.00579071044921875,613.1185913085938,6984.240234375,6984.240234375,60,608.5101473145187,0.05632000043988228,f47804b11a0144ce4574f5917503eaa72d26c74350a2e4fbc9e068f09029ba7e,True
1281,24,44,75,recent_k4,2.307326078414917,8.996984481811523,8.996984481811523,2.307326078414917,0.00032019615173339844,138.43955993652344,539.8190307617188,539.8190307617188,60,610.6165191158652,0.055296000093221664,f0ce30e9db58a20c2b537562ad1226b6e17ca944df1ee6eb5c5e2e33e64b91ca,True
1282,24,44,90,recent_k4,3.417607307434082,19.097745895385742,19.097745895385742,3.417607307434082,0.0014734268188476562,205.05642700195312,1145.86474609375,1145.86474609375,60,607.2246413677931,0.07065600156784058,3de369539076288490f678ac829db22aabc6a15c37c1d633ecd62a8b06ba9ffa,True
1283,24,44,105,recent_k4,3.7237799167633057,22.678627014160156,22.678627014160156,3.7237799167633057,0.0008840560913085938,223.42678833007812,1360.717529296875,1360.717529296875,60,607.521487865597,0.0562559999525547,f513394ae1b03b1b1f3d95367e11d2311ab0e65c6c96d7aeba177b12142d99c9,True
1284,24,44,120,recent_k4,3.2628445625305176,13.181076049804688,13.181076049804688,3.2628445625305176,0.0009675025939941406,195.77066040039062,790.864501953125,790.864501953125,60,608.9585861191154,0.05632000043988228,e0d95d6ad1c6d3ce0bffb5f874f19c6474566e46c904ff39dadb1dc3207cdacc,True
1285,24,44,135,recent_k4,4.619927883148193,31.38995933532715,31.38995933532715,4.619927883148193,0.0014600753784179688,277.1956481933594,1883.3974609375,1883.3974609375,60,609.4690910540521,0.05632000043988228,6bdffc816d0e250d1116bc073d7a828f1ee6c5cdce7969e1f5844e879b2285ca,True
1286,24,44,150,recent_k4,4.084819316864014,40.276710510253906,40.276710510253906,4.084819316864014,0.0012912750244140625,245.08914184570312,2416.6025390625,2416.6025390625,60,621.8789392150939,0.06656000018119812,446d7bc29d9ea9df7ad76275bf21520859caaba3490ad377a590f3bd5940cfbf,True
1287,24,44,165,recent_k4,3.14920973777771,18.08205223083496,18.08205223083496,3.14920973777771,0.0005717277526855469,188.95257568359375,1084.923095703125,1084.923095703125,60,609.9046566523612,0.05632000043988228,6ae8059006d539e2c61036158c988baa8b7f74dd8ba12c411f13a942a41d38c0,True
1288,24,44,180,recent_k4,5.360352993011475,76.8436508178711,76.8436508178711,5.360352993011475,0.0024585723876953125,321.62115478515625,4610.61865234375,4610.61865234375,60,608.4070610813797,0.05632000043988228,bf5bfb58fa0ef6346da0488c3ed8f40e554db4a8c090996fe762c6e796ded03c,True
1289,24,44,195,recent_k4,5.235054016113281,60.99996566772461,60.99996566772461,5.235054016113281,0.002002716064453125,314.10321044921875,3659.997802734375,3659.997802734375,60,609.3732928857207,0.05734400078654289,bc5df38b26ef705d4ef31041fe2f82e42c109d3f4350a689c963a82f4e64e19d,True
1290,24,44,210,recent_k4,3.636146306991577,27.097225189208984,27.097225189208984,3.636146306991577,0.001102447509765625,218.16876220703125,1625.8333740234375,1625.8333740234375,60,609.1326046735048,0.055296000093221664,d4328fddde94cdb6bf6976ea03647a880d5fc1ef99bc55bfc877be97b744b69f,True
1291,24,44,225,recent_k4,3.956080913543701,28.478418350219727,28.478418350219727,3.956080913543701,0.0011739730834960938,237.36483764648438,1708.7049560546875,1708.7049560546875,60,608.7871780619025,0.05632000043988228,5bc16aaa82f393374e91e8c4633dbe9e27ff8aa95a3d2f89ba93eb73017a1ef6,True
1292,24,23,30,recent_k4,8.46540355682373,147.46194458007812,147.46194458007812,8.46540355682373,0.005443572998046875,507.9241638183594,8847.7158203125,8847.7158203125,60,609.0387566946447,0.05632000043988228,5a173c777f25baae7e29e7df6aec10fa6e88a3802d2d04754f7322962571abca,True
1293,24,23,45,recent_k4,13.708069801330566,318.5026550292969,318.5026550292969,13.708069801330566,0.0108489990234375,822.484130859375,19110.158203125,19110.158203125,60,607.9553766176105,0.05632000043988228,5c90f0f0c916a752d737ef59075fdd60945a964f44807fa0344abbf893c0f45b,True
1294,24,23,60,recent_k4,7.39448881149292,92.2854232788086,92.2854232788086,7.39448881149292,0.00293731689453125,443.6693115234375,5537.125,5537.125,60,613.9897019602358,0.05632000043988228,e936444cdb4a74168e0d4abada9799e0a9916a4b4060c0a75f6b7a0f38f3d881,True
1295,24,23,75,recent_k4,12.080695152282715,295.4256286621094,295.4256286621094,12.080695152282715,0.01245880126953125,724.8416748046875,17725.537109375,17725.537109375,60,611.7945020087063,0.058400001376867294,4e305c8ed40e4bcb12d98a5e78cb7163c2a7533cf025de005118013f90c10ffa,True
1296,24,23,90,recent_k4,21.829896926879883,1057.5885009765625,1057.5885009765625,21.829896926879883,0.035186767578125,1309.793701171875,63455.3046875,63455.3046875,60,609.1216970235109,0.05632000043988228,46fe389d0333dcc642d8e8481ad2a7d1cc3c0267b303d3f35b913a89ce3ae391,True
1297,24,23,105,recent_k4,39.24965286254883,3657.719482421875,3657.719482421875,39.24965286254883,0.118408203125,2354.97900390625,219463.15625,219463.15625,60,608.1138672307134,0.05632000043988228,1bfa6f88f4e41cddf1c7f0290a4b475f08be1a4be6ac8559ae2c32fcd13b9cec,True
1298,24,23,120,recent_k4,16.137781143188477,405.415771484375,405.415771484375,16.137781143188477,0.015472412109375,968.266845703125,24324.9453125,24324.9453125,60,608.8905399665236,0.05734400078654289,e1b58669081f37e0bf77890a50dd37dd4d98c8bc385a6c5526a06571d90c51e6,True
1299,24,23,135,recent_k4,1.7385984659194946,5.097706317901611,5.097706317901611,1.7385984659194946,0.00035643577575683594,104.31590270996094,305.86236572265625,305.86236572265625,60,608.2414770498872,0.05632000043988228,ee59dddd86583167293e767615ee2b5ccf2eff53b5b1787fa43cb89b7bf55f18,True
1300,24,23,150,recent_k4,2.283763885498047,13.697484016418457,13.697484016418457,2.283763885498047,0.0006327629089355469,137.0258331298828,821.8489990234375,821.8489990234375,60,609.6923127770424,0.062463998794555664,7245f94ecc30c2a68976ddb6ce3449f0481a5f91b6fcaa0b6d25faba9b874579,True
1301,24,23,165,recent_k4,11.270877838134766,378.1756591796875,378.1756591796875,11.270877838134766,0.01233673095703125,676.2526245117188,22690.5390625,22690.5390625,60,609.0401099063456,0.05628800019621849,8185561d45f6e3c4bfb33b8aa4ce8f9d685d2ba74e1f26d16a24b6131c1a7d0c,True
1302,24,23,180,recent_k4,3.644948959350586,20.097793579101562,20.097793579101562,3.644948959350586,0.0013828277587890625,218.69692993164062,1205.8675537109375,1205.8675537109375,60,609.439845662564,0.05632000043988228,946a8851e5d8232e67790e8caa74938c2c0830eec1ea50b0d9fe92999b48bfd7,True
1303,24,23,195,recent_k4,3.253704786300659,18.624391555786133,18.624391555786133,3.253704786300659,0.0007967948913574219,195.22227478027344,1117.46337890625,1117.46337890625,60,608.3105467259884,0.05734400078654289,7cb735d0c1ecc40c400ae6fd65577c64e6d83ca1b1dc95f95e6aa0b84d1e1ac4,True
1304,24,23,210,recent_k4,2.859645128250122,16.2232666015625,16.2232666015625,2.859645128250122,0.0006170272827148438,171.57870483398438,973.39599609375,973.39599609375,60,608.3138273097575,0.05632000043988228,02d61901526a73fe3f86560345cbe0045e25cf294855fb64bed5289bc2b38dee,True
1305,24,23,225,recent_k4,2.8740429878234863,17.646400451660156,17.646400451660156,2.8740429878234863,0.0006389617919921875,172.44256591796875,1058.783935546875,1058.783935546875,60,608.0912291072309,0.05734400078654289,b5679a720ea65e5a97f1c1fc61ab7def1fb618e4d5c9b1ef4fe0243cad5a15e6,True
1306,24,53,30,recent_k4,38.52242660522461,2645.21044921875,2645.21044921875,38.52242660522461,0.08624267578125,2311.345458984375,158712.625,158712.625,60,607.6829032972455,0.055296000093221664,12170ac86c78fe5cbb9e6501467c091d64eb93c837cd95a04ad7a49a1beb07f5,True
1307,24,53,45,recent_k4,21.82613754272461,5361.8564453125,1140.512451171875,21.82613754272461,0.1669921875,1309.5682373046875,321711.375,68430.7421875,60,614.0688359737396,0.05628800019621849,312391ddf6d66fc42116f62ddf6ed2884c0e8e8be030fe0626126b16779098d0,True
1308,24,53,60,recent_k4,53.07864761352539,16325.23828125,6849.7392578125,53.07864761352539,0.5068359375,3184.71875,979514.25,410984.34375,60,610.3182397782803,0.06656000018119812,cf5ced85277c77611dcfea7b94c8d3c445fca84f98d776f1f9c17d51cb1ee52d,True
1309,24,53,75,recent_k4,16.445255279541016,521.1552734375,521.1552734375,16.445255279541016,0.0341796875,986.7152709960938,31269.31640625,31269.31640625,60,609.4778180122375,0.05632000043988228,7bb912c70b9058973851d45e2f57cdd0a42e74f8ff5a41142a4cdc8ebfe3df41,True
1310,24,53,90,recent_k4,9.859697341918945,175.3374481201172,175.3374481201172,9.859697341918945,0.006504058837890625,591.581787109375,10520.24609375,10520.24609375,60,609.3545793555677,0.05734400078654289,e4dd8c17de362a47803d3c19e83bf50181a153e18d8512436f14062b3c2afc67,True
1311,24,53,105,recent_k4,12.547866821289062,373.3634033203125,373.3634033203125,12.547866821289062,0.01363372802734375,752.8719482421875,22401.802734375,22401.802734375,60,608.5910070687532,0.05632000043988228,626d376e0bbeb7383bd793b51f20c855f9ad4aa1bb6b5d1d91633ceaa3a0f9c8,True
1312,24,53,120,recent_k4,11.34622573852539,366.0445556640625,366.0445556640625,11.34622573852539,0.0159454345703125,680.7734985351562,21962.671875,21962.671875,60,609.5331981778145,0.06451199948787689,b6f7fa7dac3fdfff4d35f010066a3f05e0f7d62734a4be0d81629933d9ac6058,True
1313,24,53,135,recent_k4,28.99273109436035,2240.22509765625,2240.22509765625,28.99273109436035,0.0814208984375,1739.563720703125,134413.5,134413.5,60,608.8722944259644,0.05734400078654289,eddf7a0cb03c981c9285f85e57d77ddbcc2c90b5d137b4c847a46475c7ed1f1e,True
1314,24,53,150,recent_k4,22.515214920043945,961.5376586914062,961.5376586914062,22.515214920043945,0.03350830078125,1350.912841796875,57692.2578125,57692.2578125,60,625.126666855067,0.055296000093221664,f56f6994f78895131611a3633782df61e494525baf665dd14cb19b6b489ff51a,True
1315,24,53,165,recent_k4,12.530037879943848,463.46527099609375,463.46527099609375,12.530037879943848,0.016876220703125,751.80224609375,27807.9140625,27807.9140625,60,612.7368910238147,0.058368001133203506,1978b06071e2a647dfb319c640c3e2f3516fcc9139da764e77ffc2129ca34e88,True
1316,24,53,180,recent_k4,19.287769317626953,663.8796997070312,663.8796997070312,19.287769317626953,0.0290374755859375,1157.26611328125,39832.78125,39832.78125,60,609.508560039103,0.05632000043988228,fe4edef473e260625838ec0e9fd472e4b9df1cb506af993ef90889dc13b84b62,True
1317,24,53,195,recent_k4,6.983355522155762,89.09158325195312,89.09158325195312,6.983355522155762,0.0030422210693359375,419.0013122558594,5345.49462890625,5345.49462890625,60,608.441969845444,0.055296000093221664,521483d20445b12ef93338bfe4dba24897175d1a3daa400bc06dcd1923517756,True
1318,24,53,210,recent_k4,2.7646543979644775,17.861671447753906,17.861671447753906,2.7646543979644775,0.0005927085876464844,165.87925720214844,1071.7001953125,1071.7001953125,60,608.7154769338667,0.05632000043988228,e826fa90d836234784f17d4dd4f39522eea8856dada97f09c36e6e537776624b,True
1319,24,53,225,recent_k4,3.453071117401123,30.420696258544922,30.420696258544922,3.453071117401123,0.0009813308715820312,207.1842498779297,1825.24169921875,1825.24169921875,60,608.3977208472788,0.055296000093221664,5642993e621a302751edeea2aeec605c9189c81a0698e764d123e6e301357da8,True
1320,24,84,30,recent_k4,22.5523624420166,958.2278442382812,958.2278442382812,22.5523624420166,0.035552978515625,1353.1417236328125,57493.66796875,57493.66796875,60,610.8022788539529,0.05632000043988228,0a741363599543b0e3f5df9fb4b65ababb55b9fcab0a96310ce1465ca41aa192,True
1321,24,84,45,recent_k4,5.032225608825684,51.66122817993164,51.66122817993164,5.032225608825684,0.00211334228515625,301.93353271484375,3099.673583984375,3099.673583984375,60,611.0115181654692,0.062463998794555664,183eae5d8f31a448d55588a15c46dccb777cebbe421a44692cec1a5f2fb5b997,True
1322,24,84,60,recent_k4,20.719520568847656,592.6773071289062,592.6773071289062,20.719520568847656,0.0246734619140625,1243.171142578125,35560.63671875,35560.63671875,60,609.3955128453672,0.05427199974656105,fd5e32f83e828944411a678674f4a8ffb2b39aa42e452d34be9f653878ea8eb5,True
1323,24,84,75,recent_k4,8.68820858001709,116.39092254638672,116.39092254638672,8.68820858001709,0.00434112548828125,521.29248046875,6983.455078125,6983.455078125,60,608.1545441411436,0.05632000043988228,02b6ee5cf872982e491087a586350db4b3cdf7515bddd374ce3edd153816bd28,True
1324,24,84,90,recent_k4,6.66940450668335,123.43645477294922,123.43645477294922,6.66940450668335,0.00484466552734375,400.16424560546875,7406.18701171875,7406.18701171875,60,608.9281868189573,0.05734400078654289,61478ed1d55e971a9a1270fda05a7d1007f6143bffb43b8e3e71d992357a1d0e,True
1325,24,84,105,recent_k4,10.921908378601074,184.98281860351562,184.98281860351562,10.921908378601074,0.0127716064453125,655.314453125,11098.96875,11098.96875,60,608.3228434436023,0.05632000043988228,6b01feff073431cb953b3f9336a84167a4d9f676c883ee69cca0f495030e84e0,True
1326,24,84,120,recent_k4,11.88475227355957,180.34841918945312,180.34841918945312,11.88475227355957,0.01068878173828125,713.0850830078125,10820.904296875,10820.904296875,60,609.0126177296042,0.05632000043988228,f90d2032346c057ccb15a606262ba9620cbfb552f38aa602c98c06fc0cca1b1d,True
1327,24,84,135,recent_k4,12.39762020111084,536.698974609375,536.698974609375,12.39762020111084,0.017364501953125,743.857177734375,32201.935546875,32201.935546875,60,608.7117902934551,0.062463998794555664,3fff47ff5eb35963ae7a69950ac41cc681bb272b5e3d3cb096a56992b46d935f,True
1328,24,84,150,recent_k4,15.147618293762207,552.6450805664062,552.6450805664062,15.147618293762207,0.01708984375,908.8570556640625,33158.703125,33158.703125,60,608.9721582829952,0.05532800033688545,085a930aa98ead8acdb395a45c284f7b40eb88a985ceabce0e5ed83f9bc759e3,True
1329,24,84,165,recent_k4,5.008100509643555,42.514469146728516,42.514469146728516,5.008100509643555,0.001556396484375,300.48602294921875,2550.867919921875,2550.867919921875,60,608.4167533554137,0.05632000043988228,f0d9c778466ef16fd63e5f3db8d30dd605cbca371aaa157452e36b017aae3cbb,True
1330,24,84,180,recent_k4,4.573733806610107,30.91750717163086,30.91750717163086,4.573733806610107,0.0010471343994140625,274.42401123046875,1855.05029296875,1855.05029296875,60,608.4274128079414,0.05632000043988228,c197090297b54267fdf146f47f91c26171d80104fa8dae8c9376af2a5a948657,True
1331,24,84,195,recent_k4,12.23697280883789,483.049560546875,483.049560546875,12.23697280883789,0.017242431640625,734.2183227539062,28982.97265625,28982.97265625,60,608.5485429503024,0.05632000043988228,5e5432a2bfbd54d70bd1cf847cfa3b741f646c6a1533893dc483587bba8fc435,True
1332,24,84,210,recent_k4,22.742481231689453,851.6309814453125,851.6309814453125,22.742481231689453,0.0330810546875,1364.548828125,51097.85546875,51097.85546875,60,608.6038132198155,0.05632000043988228,77f9e0796499bff30b4bb5de21277550abe9c86f43e19ec34fdc5b5b391639f5,True
1333,24,84,225,recent_k4,6.686892986297607,84.2701416015625,84.2701416015625,6.686892986297607,0.007015228271484375,401.21356201171875,5056.2080078125,5056.2080078125,60,609.2722774483263,0.06348799914121628,c73367465df02fecaa22e4d2e2d7e49f700fac1950067b4a03d6cef64c17ad2a,True
1334,24,59,30,recent_k4,17.4919490814209,568.0927124023438,568.0927124023438,17.4919490814209,0.0206146240234375,1049.516845703125,34085.5625,34085.5625,60,612.1526909992099,0.06348799914121628,103306638728d32fe60cbf9c40c7678cb1c2e5dc5e622f8cffec0e92d9c7486d,True
1335,24,59,45,recent_k4,22.490224838256836,821.2437133789062,821.2437133789062,22.490224838256836,0.031951904296875,1349.4134521484375,49274.62109375,49274.62109375,60,608.7200730107725,0.055296000093221664,4fa01357d5adbe7c4ae94e0d7d5e0b5de758f49f332dbcdd75cb08c5da0ee3d0,True
1336,24,59,60,recent_k4,10.232046127319336,138.0960693359375,138.0960693359375,10.232046127319336,0.0055694580078125,613.9227294921875,8285.763671875,8285.763671875,60,608.7480429559946,0.055296000093221664,7bd20d8a0235fed2c8719b0245d8f8b136d119694810b5e755a03495dd592fb2,True
1337,24,59,75,recent_k4,5.821466445922852,121.78999328613281,121.78999328613281,5.821466445922852,0.00412750244140625,349.2879638671875,7307.3994140625,7307.3994140625,60,608.9169816114008,0.05632000043988228,88266a43ada5abd4a99e192c49dc47c4cc9a3040a2ef8016868205f2ead3e31c,True
1338,24,59,90,recent_k4,2.2834668159484863,10.657597541809082,10.657597541809082,2.2834668159484863,0.0005064010620117188,137.00799560546875,639.455810546875,639.455810546875,60,609.1214600019157,0.055296000093221664,32147982a794a55703c3c0b3847b62b7b7abcb41abce0abe3540b89746ecc03c,True
1339,24,59,105,recent_k4,9.44564437866211,179.89369201660156,179.89369201660156,9.44564437866211,0.00754547119140625,566.7386474609375,10793.62109375,10793.62109375,60,620.1085508801043,0.055296000093221664,65d7a00c55e82c46b9562305898e2cddb2fa465e9c2fc2c3d2c8a47a07fdb61c,True
1340,24,59,120,recent_k4,5.60681676864624,77.39405059814453,77.39405059814453,5.60681676864624,0.0024623870849609375,336.40899658203125,4643.642578125,4643.642578125,60,611.2821009010077,0.055296000093221664,8fff3f34d1cbe9bce1ec57bca7e6d8a2c674175e7bf7170a372fa0de01daab14,True
1341,24,59,135,recent_k4,3.1770269870758057,30.222259521484375,30.222259521484375,3.1770269870758057,0.0009698867797851562,190.62161254882812,1813.33544921875,1813.33544921875,60,608.4806462749839,0.060416001826524734,32066466038d0ecb744d3bf81be1924f685a9a5e1e480f06c9f49f11bc3c4128,True
1342,24,59,150,recent_k4,3.204218626022339,18.662988662719727,18.662988662719727,3.204218626022339,0.0006208419799804688,192.25311279296875,1119.779296875,1119.779296875,60,608.1798686645925,0.055296000093221664,90922e5a51b3e356df3069c0c3250b1445086f0bf0316d2d0c6cc67622238294,True
1343,24,59,165,recent_k4,2.6856794357299805,19.67386245727539,19.67386245727539,2.6856794357299805,0.0006937980651855469,161.14076232910156,1180.431640625,1180.431640625,60,608.2344590686262,0.05632000043988228,74df3c5b4d7cfab0bf9fae2247c176341622d8051a6da81d3c900533fea05fc4,True
1344,24,59,180,recent_k4,6.898460865020752,136.3441925048828,136.3441925048828,6.898460865020752,0.004375457763671875,413.9076232910156,8180.6513671875,8180.6513671875,60,608.7468648329377,0.055296000093221664,949e3291aeee5a2e766a8501e0d0bb599198bca653a188fd70a48c96f688e31b,True
1345,24,59,195,recent_k4,8.825191497802734,148.04539489746094,148.04539489746094,8.825191497802734,0.00475311279296875,529.511474609375,8882.7236328125,8882.7236328125,60,608.9391228742898,0.05632000043988228,ac5547603181acc87aef135b757ea3b24210a350f71f32352276b3a94227d02f,True
1346,24,59,210,recent_k4,4.2296600341796875,24.88461685180664,24.88461685180664,4.2296600341796875,0.001438140869140625,253.77960205078125,1493.076904296875,1493.076904296875,60,608.6561260744929,0.05734400078654289,33d04d4b9d6af43419c4ee6a782b2e9534bd8b33019eb71de5bd508c5cfe6d81,True
1347,24,59,225,recent_k4,3.845378875732422,27.076528549194336,27.076528549194336,3.845378875732422,0.0010623931884765625,230.72271728515625,1624.5916748046875,1624.5916748046875,60,608.2366509363055,0.055296000093221664,a18cb40293d32ecdd7aeca11fda7b7cb83db489219bcf51169da4f1edb6a8ed8,True
1348,24,49,30,recent_k4,32.32179641723633,3069.372802734375,2672.306640625,32.32179641723633,0.1065673828125,1939.3077392578125,184162.359375,160338.390625,60,608.1015719100833,0.05632000043988228,143f0ab61b3c3d4a7955251a6c10db2cbcaa94c8e9b9a07bf90858ec7fb2e7b6,True
1349,24,49,45,recent_k4,13.0961332321167,279.3432312011719,279.3432312011719,13.0961332321167,0.0174560546875,785.7679443359375,16760.59375,16760.59375,60,608.2785511389375,0.05632000043988228,421bf138804d6c403391694889314a1fa916f59ecd11cf3d53811d7342b181fd,True
1350,24,49,60,recent_k4,23.140199661254883,1355.701904296875,1355.701904296875,23.140199661254883,0.0438232421875,1388.411865234375,81342.109375,81342.109375,60,608.4854491055012,0.06963200122117996,c671e4894c85671fe8cb98911ca98abb7e36c996d295e2366de366b709fa431d,True
1351,24,49,75,recent_k4,15.77575397491455,466.3751525878906,466.3751525878906,15.77575397491455,0.01493072509765625,946.545166015625,27982.5078125,27982.5078125,60,608.9857653714716,0.055296000093221664,61c5bc294d50e9609db5c26b700efa3b66ca92b3385107de2697576192a057e2,True
1352,24,49,90,recent_k4,20.834421157836914,730.34716796875,730.34716796875,20.834421157836914,0.023834228515625,1250.065185546875,43820.828125,43820.828125,60,609.3880608677864,0.06451199948787689,2fce7ac220fe9102cf057060c90d3d7e10186dddaf2a07813b220d5dc5019248,True
1353,24,49,105,recent_k4,9.336256980895996,171.913330078125,171.913330078125,9.336256980895996,0.00803375244140625,560.1754150390625,10314.798828125,10314.798828125,60,610.4880822822452,0.05734400078654289,e62c55bce41c50533cc02bc562da20b3d864007c1a4310008fcb70d5e9121791,True
1354,24,49,120,recent_k4,5.137701511383057,62.367164611816406,62.367164611816406,5.137701511383057,0.002170562744140625,308.2620849609375,3742.02978515625,3742.02978515625,60,608.7099183350801,0.05632000043988228,d6d7d8e88a8110cd48475f42fe57e6e62474c64f2fca9a9f7203e3885b147bcf,True
1355,24,49,135,recent_k4,3.086681365966797,17.13705825805664,17.13705825805664,3.086681365966797,0.0007228851318359375,185.20086669921875,1028.223388671875,1028.223388671875,60,608.5706800222397,0.055296000093221664,708b4e44ef0c829def3088dd592677d5ea08d52e045081488e3161da94a0abf4,True
1356,24,49,150,recent_k4,6.223263263702393,53.343101501464844,53.343101501464844,6.223263263702393,0.0018796920776367188,373.3957824707031,3200.5859375,3200.5859375,60,608.7285093963146,0.05734400078654289,92d73c3e685584ca83660c778da925bf69da858cf5bc91ffafad29c30d570d2b,True
1357,24,49,165,recent_k4,4.526253700256348,53.747432708740234,53.747432708740234,4.526253700256348,0.0018358230590820312,271.5751953125,3224.845703125,3224.845703125,60,607.7529178000987,0.055296000093221664,68411cc2df63c0d51e984ea878495739cfe9d05c704a1c3012ab5520cfb462db,True
1358,24,49,180,recent_k4,16.00420570373535,524.764892578125,524.764892578125,16.00420570373535,0.0167999267578125,960.2523193359375,31485.892578125,31485.892578125,60,607.6747193001211,0.0655359998345375,80b08b4b59afeaa205e0157c0bcb1108d69317a98c7673c95643a7ff13a9f65f,True
1359,24,49,195,recent_k4,6.6496500968933105,112.06265258789062,112.06265258789062,6.6496500968933105,0.003665924072265625,398.9789733886719,6723.7587890625,6723.7587890625,60,607.9928362742066,0.055296000093221664,bf6e9913c1b1d8a4c44436f34d8e41a565123c65ff7ea51633fe8f9d0f2b4493,True
1360,24,49,210,recent_k4,7.431485652923584,87.49917602539062,87.49917602539062,7.431485652923584,0.004688262939453125,445.8891296386719,5249.9501953125,5249.9501953125,60,611.1022480763495,0.058368001133203506,0d9f511de28d2b54854476e8986d4824a13f94bf3b2addc94a0dd687fb3d3210,True
1361,24,49,225,recent_k4,9.215139389038086,153.49099731445312,153.49099731445312,9.215139389038086,0.00485992431640625,552.9083251953125,9209.458984375,9209.458984375,60,609.1815158724785,0.055296000093221664,df3940e679a4c2b5bf2044ce48bd5f65f604f959f7dc230a419d10423ada6558,True
1362,24,7,30,recent_k4,30.556640625,1119.7633056640625,1119.7633056640625,30.556640625,0.050567626953125,1833.3983154296875,67185.796875,67185.796875,60,608.986577950418,0.055296000093221664,d57e2e40af225fe4e2a85f60c3aef696811d622b4267293ba44736878c6751fd,True
1363,24,7,45,recent_k4,14.252740859985352,384.5498962402344,384.5498962402344,14.252740859985352,0.01232147216796875,855.1644287109375,23072.9921875,23072.9921875,60,609.4211637973785,0.05632000043988228,d738cd084b89dbce6ee0a46feae74a8124f7db9debfa6b00988005a048eeba1b,True
1364,24,7,60,recent_k4,20.668237686157227,1101.1959228515625,1101.1959228515625,20.668237686157227,0.03753662109375,1240.09423828125,66071.75,66071.75,60,609.2593856155872,0.05632000043988228,2681c3d142f7544e5f309c501f6d9d2bd666cb8911dae90787cff50d6a04941d,True
1365,24,7,75,recent_k4,29.75018882751465,2026.982177734375,2026.982177734375,29.75018882751465,0.0687255859375,1785.01123046875,121618.921875,121618.921875,60,609.6438332460821,0.05632000043988228,e8ce8f032457c761ba163758bb386e14aacf2b83d0bd895c235c220d42a46471,True
1366,24,7,90,recent_k4,41.712371826171875,3210.79296875,3210.79296875,41.712371826171875,0.10357666015625,2502.7421875,192647.5625,192647.5625,60,613.90425497666,0.05632000043988228,cdb27660ba4af25cdd5a5ed310f78660b8aea00c9a4fc9110d0ccda235378e01,True
1367,24,7,105,recent_k4,24.70062255859375,1023.2639770507812,1023.2639770507812,24.70062255859375,0.037139892578125,1482.0372314453125,61395.8359375,61395.8359375,60,610.5739851482213,0.05734400078654289,55f73335943339f78a38a5d762e12fca901abcb24ed14a96f708ff131b909014,True
1368,24,7,120,recent_k4,29.4979248046875,953.5842895507812,953.5842895507812,29.4979248046875,0.046051025390625,1769.8753662109375,57215.0546875,57215.0546875,60,609.8736822605133,0.05734400078654289,a27de43902344b716314546ff1912a5c53e49b394ce2f5e7e2c4472784adcf7c,True
1369,24,7,135,recent_k4,4.418226718902588,48.30372619628906,48.30372619628906,4.418226718902588,0.00325775146484375,265.0935974121094,2898.223388671875,2898.223388671875,60,609.6661943010986,0.055296000093221664,991a33380cad426b8cd442a03200fd9cdc2ad8227ff25924a472a73d27b47626,True
1370,24,7,150,recent_k4,11.128119468688965,186.18197631835938,186.18197631835938,11.128119468688965,0.0172119140625,667.6871337890625,11170.91796875,11170.91796875,60,610.1676789112389,0.05734400078654289,95b2c06b7c5013666dba78b0d1c35f69d8501de202659232c5a0402e8fb38331,True
1371,24,7,165,recent_k4,14.054619789123535,293.37176513671875,293.37176513671875,14.054619789123535,0.01483917236328125,843.2771606445312,17602.3046875,17602.3046875,60,610.2350694127381,0.05632000043988228,90f2431d45e97f9074d9528a39970bf9560ae04f82ad4d34f2637301074204e5,True
1372,24,7,180,recent_k4,5.204716205596924,43.17677307128906,43.17677307128906,5.204716205596924,0.0018892288208007812,312.282958984375,2590.606201171875,2590.606201171875,60,609.869402833283,0.055296000093221664,3755c2f6ebed759d14d8b3e5b1378f2800b7221dd07fcf50df54c7a0c79a8e0d,True
1373,24,7,195,recent_k4,6.662347793579102,89.8028564453125,89.8028564453125,6.662347793579102,0.0037441253662109375,399.7408447265625,5388.1708984375,5388.1708984375,60,611.0676620155573,0.05632000043988228,92d3b5bf71ce77b2a62a7501fc077e6b739cdcc722cfc452616dc169aae50260,True
1374,24,7,210,recent_k4,11.574214935302734,227.6129913330078,227.6129913330078,11.574214935302734,0.008331298828125,694.452880859375,13656.7783203125,13656.7783203125,60,609.5079770311713,0.05734400078654289,c23a57458cdf120dd11b2c265a2f2d9193e063d4543b0e89e17eb9b43e9cfb39,True
1375,24,7,225,recent_k4,6.648739337921143,61.75331497192383,61.75331497192383,6.648739337921143,0.0034923553466796875,398.9243469238281,3705.19873046875,3705.19873046875,60,610.3311004117131,0.05632000043988228,520f09eb1a35942c54b44d91a7d1c2fdcf32f30670ff8e332426c37974c0ebb1,True
1376,24,47,30,recent_k4,22.210784912109375,7002.30517578125,1566.80322265625,22.210784912109375,0.221435546875,1332.64697265625,420138.28125,94008.1875,60,612.1498430147767,0.05632000043988228,53eb507a1712295092e7e012720599640062e26c279d0688219c85bc05b72264,True
1377,24,47,45,recent_k4,43.69328689575195,18253.052734375,4421.68359375,43.69328689575195,0.56396484375,2621.59716796875,1095183.125,265301.0,60,610.3273499757051,0.05632000043988228,3b727fedc8f5d1f4b31b4e46ad39d5ffa4a3f9042c78034ea0ccd9ca353692b5,True
1378,24,47,60,recent_k4,51.015235900878906,12336.5234375,7250.25146484375,51.015235900878906,0.383056640625,3060.9140625,740191.375,435015.0625,60,609.4301780685782,0.05734400078654289,e54c8163945d2a76e8a84b2343ebdfd968983755a310757dc6e8b0711cd05bb5,True
1379,24,47,75,recent_k4,13.537311553955078,2406.80224609375,853.1259765625,13.537311553955078,0.074951171875,812.2386474609375,144408.125,51187.5546875,60,610.2702706120908,0.05632000043988228,be57b46c51bfac6bd6d7d4ab63d10f46ed0d38f40d15f51078cf4626ab2cbaf8,True
1380,24,47,90,recent_k4,21.543542861938477,3033.649658203125,929.9536743164062,21.543542861938477,0.09478759765625,1292.612548828125,182018.96875,55797.21875,60,610.3898603469133,0.05734400078654289,30933cf62e0e7308b790446575ea1941501584149c00774e15241b496b491ce0,True
1381,24,47,105,recent_k4,2.3787858486175537,8.126520156860352,8.126520156860352,2.3787858486175537,0.00043010711669921875,142.72714233398438,487.5911865234375,487.5911865234375,60,609.4012786634266,0.05734400078654289,8b10a44e57653499dccd32808c8fafb134bde40325679309f53eb91a20fd00d4,True
1382,24,47,120,recent_k4,5.251078128814697,49.743865966796875,49.743865966796875,5.251078128814697,0.0030231475830078125,315.0646667480469,2984.6318359375,2984.6318359375,60,610.0992136634886,0.05632000043988228,6096585e01251bd69e27d5df79c66c7d69a1191b488ff24da1977528c0ffcdfc,True
1383,24,47,135,recent_k4,7.402893543243408,71.32096862792969,71.32096862792969,7.402893543243408,0.003513336181640625,444.173583984375,4279.2578125,4279.2578125,60,609.1468818485737,0.055296000093221664,2e027b06a2bdf39f2ab4c08102a3e1687420c81e9e214616354f86a06bb81025,True
1384,24,47,150,recent_k4,10.841988563537598,338.74468994140625,338.74468994140625,10.841988563537598,0.014739990234375,650.519287109375,20324.6796875,20324.6796875,60,609.1899718157947,0.055296000093221664,6fd93a47588a48f4e2a2e6b8ff22618044cc496be062f59e86590a4ec96b619d,True
1385,24,47,165,recent_k4,15.275667190551758,480.4449768066406,480.4449768066406,15.275667190551758,0.019195556640625,916.5399780273438,28826.697265625,28826.697265625,60,609.7615067847073,0.05632000043988228,698dc5ee11777fc3f949d68812714e80dccfa9d7d5056116cc2e80ee3844a5fd,True
1386,24,47,180,recent_k4,7.725529670715332,107.94823455810547,107.94823455810547,7.725529670715332,0.0036602020263671875,463.5317687988281,6476.8935546875,6476.8935546875,60,611.6543300449848,0.05734400078654289,4e7f7f5994bcb55057528262d766720a82e8e02c60ddc67ab385cc3a382bad87,True
1387,24,47,195,recent_k4,3.8074257373809814,21.67583465576172,21.67583465576172,3.8074257373809814,0.0009288787841796875,228.44552612304688,1300.550048828125,1300.550048828125,60,608.4962789900601,0.05632000043988228,e9d9fa2f9ee0c9d6346cf1a42dd753c4f7301102ae943c70787677e1934a71db,True
1388,24,47,210,recent_k4,6.207973003387451,51.64115524291992,51.64115524291992,6.207973003387451,0.0021915435791015625,372.4783630371094,3098.46923828125,3098.46923828125,60,609.7984467633069,0.05632000043988228,f1d350891b6a6d4955894509165a4a1d0d93f5e281185a95d3e3adc9acad42c5,True
1389,24,47,225,recent_k4,1.9881157875061035,10.620163917541504,10.620163917541504,1.9881157875061035,0.00034308433532714844,119.28694152832031,637.2097778320312,637.2097778320312,60,609.3477322719991,0.05632000043988228,06b47eb8242787ab77575df2d362df1a85282a20c15a571e1403cbbb6cad35b2,True
1390,24,30,30,recent_k4,5.472541809082031,57.74061965942383,57.74061965942383,5.472541809082031,0.0019245147705078125,328.35247802734375,3464.43701171875,3464.43701171875,60,609.8225181922317,0.05734400078654289,3e259e3d9058ba7b61f2a32225d01d16fdcf87db746ba96e68cc702df10b7bd5,True
1391,24,30,45,recent_k4,3.3120474815368652,17.117427825927734,17.117427825927734,3.3120474815368652,0.0005865097045898438,198.72283935546875,1027.045654296875,1027.045654296875,60,620.516911149025,0.055296000093221664,01c0b2e61098fbd760292ee51bac3a5af6dc8f2feb731ba960c19e9f5a74981f,True
1392,24,30,60,recent_k4,4.773806095123291,44.29978942871094,44.29978942871094,4.773806095123291,0.0013761520385742188,286.4283447265625,2657.9873046875,2657.9873046875,60,610.0408658385277,0.06348799914121628,1889132951c667753a809e7eb54fd70594e5070a42885b3d1e4841f0c456dc2d,True
1393,24,30,75,recent_k4,2.7451395988464355,10.001227378845215,10.001227378845215,2.7451395988464355,0.00047969818115234375,164.7083740234375,600.0736083984375,600.0736083984375,60,607.735016848892,0.05734400078654289,24ab81e7d07b579b5cb422064525ffa58749e893537e25564c701a474aada07c,True
1394,24,30,90,recent_k4,1.7947187423706055,7.572671890258789,7.572671890258789,1.7947187423706055,0.000255584716796875,107.68312072753906,454.36029052734375,454.36029052734375,60,605.3653988055885,0.055296000093221664,ab4a6966cbc3a930f8f7d4a25ae17d5b761669a3921add3e1b8ae084435b35d7,True
1395,24,30,105,recent_k4,3.596639633178711,27.79224967956543,27.79224967956543,3.596639633178711,0.0008921623229980469,215.79837036132812,1667.534912109375,1667.534912109375,60,607.9296669922769,0.05632000043988228,7124a77f553aecf3165cde2c69b05b66494aa014bda72c2883ec9f180517fbd3,True
1396,24,30,120,recent_k4,1.9692938327789307,6.323098182678223,6.323098182678223,1.9692938327789307,0.00021016597747802734,118.15762329101562,379.3858642578125,379.3858642578125,60,609.5988410525024,0.06656000018119812,193d67402368f095086510c23eef4e447329a9109b33d9d9102ba56ea16962ff,True
1397,24,30,135,recent_k4,2.5255651473999023,17.89603042602539,17.89603042602539,2.5255651473999023,0.00067138671875,151.53390502929688,1073.76171875,1073.76171875,60,612.2852470725775,0.055296000093221664,9d3cf9fa3e2e825ca8d8be2622e55baa3de24c3f4ddceba5ead507f7a29f36da,True
1398,24,30,150,recent_k4,6.290865421295166,89.35610961914062,89.35610961914062,6.290865421295166,0.0028476715087890625,377.451904296875,5361.3662109375,5361.3662109375,60,609.3849739991128,0.055296000093221664,59dcec44918bdecc77f126c5d3e88c5744e48e62737d131ea6c80b39d1edeafc,True
1399,24,30,165,recent_k4,4.454683780670166,52.99114227294922,52.99114227294922,4.454683780670166,0.0017480850219726562,267.281005859375,3179.46826171875,3179.46826171875,60,614.3216700293124,0.055296000093221664,8c514efb4b912c3908663d8ee75842e907cdfc72a666256fc61d481ff7907299,True
1400,24,30,180,recent_k4,11.089508056640625,253.72579956054688,253.72579956054688,11.089508056640625,0.0081939697265625,665.3704223632812,15223.546875,15223.546875,60,622.1987986937165,0.07372800260782242,0ba063da11037e65ee86661e5dc6dddf297f9e6c22773ddac2d61e3b7b29072a,True
1401,24,30,195,recent_k4,4.049792289733887,31.093048095703125,31.093048095703125,4.049792289733887,0.001186370849609375,242.98751831054688,1865.582763671875,1865.582763671875,60,599.5205538347363,0.06963200122117996,3bb23a7cd8af01cee1ea78af0e91c2f8102990ad8c474bd02ea71c964ce89aa8,True
1402,24,30,210,recent_k4,2.6568169593811035,11.887921333312988,11.887921333312988,2.6568169593811035,0.00043010711669921875,159.4090118408203,713.2752685546875,713.2752685546875,60,611.5878247655928,0.060416001826524734,e5dba5e20c630d16fe77e1ad8561e42a3ce0dfe7d935a680e4a7d49928d1fef8,True
1403,24,30,225,recent_k4,3.964487075805664,26.970741271972656,26.970741271972656,3.964487075805664,0.0010595321655273438,237.8692169189453,1618.244384765625,1618.244384765625,60,605.3638411685824,0.06143999844789505,ca9ba2d6d356da170a83a256778bc768d92fe6449490b0d4e3e2a4d156cdac2a,True
1404,25,83,30,recent_k4,26.74531364440918,12537.3505859375,2597.349609375,26.74531364440918,0.38720703125,1604.71875,752241.0,155840.96875,60,606.4395429566503,0.057312000542879105,607e37ad4ae67a6205601e3e478c6544444a8c22b09e80ed39fc44dd752012d9,True
1405,25,83,45,recent_k4,27.33563804626465,6617.7080078125,3036.36376953125,27.33563804626465,0.204833984375,1640.13818359375,397062.46875,182181.8125,60,605.3675119765103,0.05833600088953972,5a35841b0a55745a11d5f3dc5e3395726efd4a567bfbf294583b13c12bf7c6de,True
1406,25,83,60,recent_k4,39.19898223876953,9847.3603515625,4192.75146484375,39.19898223876953,0.30419921875,2351.938720703125,590841.5625,251565.078125,60,606.0544969514012,0.05734400078654289,544b1db82b8e7a955ccde9ec0cb382b7208e5e73c3b1813177fc22263c113cd6,True
1407,25,83,75,recent_k4,15.002830505371094,9602.716796875,620.0626831054688,15.002830505371094,0.297119140625,900.1697998046875,576163.0,37203.7578125,60,606.739180162549,0.05632000043988228,e315cd4d8a5a76b0e6c5faf710cd9605a0bafc03941ea1f74f98cbb66d67399a,True
1408,25,83,90,recent_k4,23.864124298095703,10913.6962890625,1725.8404541015625,23.864124298095703,0.337158203125,1431.847412109375,654821.75,103550.421875,60,618.421574588865,0.062463998794555664,ff3063b440b9530e84421a09b1b24b3586428df9a85a4c25f2afa4bdabc6bfa8,True
1409,25,83,105,recent_k4,52.8862419128418,12630.396484375,6785.0576171875,52.8862419128418,0.391357421875,3173.17431640625,757823.75,407103.4375,60,614.0213953331113,0.06451199948787689,7fb976d516b653f276ef61f869fbaf520492b6198b7d12faaeb36e1e1d5a1a8d,True
1410,25,83,120,recent_k4,25.644399642944336,5265.501953125,1926.600341796875,25.644399642944336,0.1632080078125,1538.6639404296875,315930.09375,115596.015625,60,612.6760467886925,0.05939200147986412,806aed6a5a516b4dbe1214284228bd933e10354d82931a3275851b4bd0051699,True
1411,25,83,135,recent_k4,48.867008209228516,19055.287109375,5479.04296875,48.867008209228516,0.5947265625,2932.020263671875,1143317.125,328742.5625,60,613.068554084748,0.05939200147986412,ef47baea2728744042082e0f69c5c45821317b3e8c16661a3d4f173dd5d6c87f,True
1412,25,83,150,recent_k4,11.421072006225586,1605.27392578125,387.3838195800781,11.421072006225586,0.050811767578125,685.2642822265625,96316.4296875,23243.02734375,60,620.7694252952933,0.05939200147986412,828be6590f661de4b777ab2cefc5fa82b007683f57c1ed23b108025b4f587672,True
1413,25,83,165,recent_k4,28.784082412719727,17331.15625,2234.778076171875,28.784082412719727,0.53564453125,1727.0447998046875,1039869.375,134086.671875,60,618.9968418329954,0.07574400305747986,971a0575055d74293570ab6a15339fa47803d07b24c32e9d6992161743cf3e89,True
1414,25,83,180,recent_k4,34.55209732055664,17139.359375,3883.88525390625,34.55209732055664,0.529296875,2073.125732421875,1028361.5,233033.109375,60,607.4320459738374,0.0655359998345375,91973c1c7d638a99b04dfb241ae123a61447a91c75dde86c11ff90b18f6b4b27,True
1415,25,83,195,recent_k4,29.93702507019043,18816.310546875,2514.492919921875,29.93702507019043,0.58203125,1796.221435546875,1128978.625,150869.5625,60,606.7553530447185,0.05632000043988228,31120436ae1140f6ebaf16c33309e25cffaf5a34fbe5b5785d6830788725943a,True
1416,25,83,210,recent_k4,11.220736503601074,288.5715637207031,288.5715637207031,11.220736503601074,0.00992584228515625,673.244140625,17314.29296875,17314.29296875,60,607.0971600711346,0.05427199974656105,0ac9530af4b4f00b29d943e0a9873fdc3fdd0c680128fd0dc1bb648c9e9e5484,True
1417,25,83,225,recent_k4,14.342957496643066,474.6768493652344,474.6768493652344,14.342957496643066,0.0165252685546875,860.577392578125,28480.609375,28480.609375,60,606.4109257422388,0.055296000093221664,dbdd7b1ed2f03d161baad264f5d95fc1c83c67df5e9cc9577ff2077c845efb88,True
1418,25,15,30,recent_k4,12.079638481140137,311.82696533203125,311.82696533203125,12.079638481140137,0.01007843017578125,724.7782592773438,18709.6171875,18709.6171875,60,607.8860629349947,0.055296000093221664,9135848a756e4ac5161074ba54b4030a649509bf4231adc855ecd84d51245708,True
1419,25,15,45,recent_k4,11.930184364318848,217.48236083984375,217.48236083984375,11.930184364318848,0.007793426513671875,715.81103515625,13048.94140625,13048.94140625,60,608.2463199272752,0.05734400078654289,ea07c5a5567f9aae78723c45d42cb7b6a258c8a635573766b177786dc631df97,True
1420,25,15,60,recent_k4,21.769330978393555,1002.106201171875,1002.106201171875,21.769330978393555,0.031158447265625,1306.1597900390625,60126.3671875,60126.3671875,60,607.2299294173717,0.05632000043988228,fc448f5abfb19ba684202dc752b1434998f9fb06fe5b0dd18f40b958386b8e53,True
1421,25,15,75,recent_k4,11.117294311523438,263.4817810058594,263.4817810058594,11.117294311523438,0.00824737548828125,667.03759765625,15808.9052734375,15808.9052734375,60,607.6273657381535,0.05734400078654289,a2eedcfc3cf90908e5182db8c58f9c69a7928cd5a2fbdb908bff0dee9381f1b4,True
1422,25,15,90,recent_k4,10.666160583496094,245.36270141601562,245.36270141601562,10.666160583496094,0.00959014892578125,639.9696044921875,14721.76171875,14721.76171875,60,606.8436033092439,0.055296000093221664,44d43134e554bb94c0c595e12adb413abbdd5213de8ed2ffa07446ac48206db0,True
1423,25,15,105,recent_k4,15.7500581741333,677.8052368164062,677.8052368164062,15.7500581741333,0.0212554931640625,945.00341796875,40668.3125,40668.3125,60,606.7555039189756,0.05632000043988228,27c7ac5912932c21d4cc4b55541c66a79a08ceb69c2b79f9bc282c4052a8dc90,True
1424,25,15,120,recent_k4,9.94932746887207,199.0572052001953,199.0572052001953,9.94932746887207,0.00673675537109375,596.9595947265625,11943.431640625,11943.431640625,60,607.8110248781741,0.05427199974656105,212be4e8adc7ef5dbd9b7553ff8ac4ed204abf22b508747d661598b332e0fdca,True
1425,25,15,135,recent_k4,3.054183006286621,12.552570343017578,12.552570343017578,3.054183006286621,0.0005183219909667969,183.2509765625,753.1541748046875,753.1541748046875,60,609.1956030577421,0.055296000093221664,e2276e6c9a117304b63fc296cf54d2c22f0236229bfaae4d1d34203c792e169a,True
1426,25,15,150,recent_k4,5.273939609527588,61.635738372802734,61.635738372802734,5.273939609527588,0.00283050537109375,316.4363708496094,3698.14404296875,3698.14404296875,60,609.2324322089553,0.058368001133203506,3457441307ba6932c5f2fe3e451501479bc71c0a1d9a1336ff5a0b65b4de4682,True
1427,25,15,165,recent_k4,4.856647491455078,42.58842086791992,42.58842086791992,4.856647491455078,0.001689910888671875,291.3988342285156,2555.30517578125,2555.30517578125,60,606.1625108122826,0.05632000043988228,124755cfc1fe93ec76abf015c97ba23b4d2c2985f2e637d17169a070d03ea9e8,True
1428,25,15,180,recent_k4,4.157176494598389,31.086456298828125,31.086456298828125,4.157176494598389,0.0010900497436523438,249.43057250976562,1865.187255859375,1865.187255859375,60,606.4838981255889,0.05632000043988228,bd80a73b9f792da87ab18fa0503729e162e8061602e94f7aeb7398b06219cdf0,True
1429,25,15,195,recent_k4,4.814574241638184,115.65342712402344,115.65342712402344,4.814574241638184,0.003673553466796875,288.87445068359375,6939.205078125,6939.205078125,60,605.2720788866282,0.055296000093221664,2f02ce99528a8843cc93c59cab7bcc589c165f4a0de3fa53735bb7354a03c11d,True
1430,25,15,210,recent_k4,28.687850952148438,1960.879638671875,1960.879638671875,28.687850952148438,0.060882568359375,1721.27099609375,117652.7734375,117652.7734375,60,607.0564328692853,0.05526399984955788,c52ac4a590723410b70df6c8cd883e50cfabf35d02a3e57875630373da3ed4c0,True
1431,25,15,225,recent_k4,11.403554916381836,360.960693359375,360.960693359375,11.403554916381836,0.0112152099609375,684.2132568359375,21657.640625,21657.640625,60,606.0153730213642,0.05632000043988228,e5f84f23d3c606dd66323ee654830391f1dd38e14b1d36730224f7c7ba3506fc,True
1432,25,3,30,recent_k4,11.511467933654785,272.0484619140625,272.0484619140625,11.511467933654785,0.00978851318359375,690.6880493164062,16322.90625,16322.90625,60,609.1582551598549,0.055296000093221664,575204544133d11848553cc20678d476b8ba00801c53dbdf7fda8121d3f770ec,True
1433,25,3,45,recent_k4,28.87911605834961,2228.548583984375,2228.548583984375,28.87911605834961,0.07537841796875,1732.746826171875,133712.90625,133712.90625,60,606.2787710689008,0.055296000093221664,0f01217f99b426c410521fcfc80b6a03f7fa8140c5887d7ce2bab4cc7cba7aaf,True
1434,25,3,60,recent_k4,46.64756774902344,10492.373046875,5000.14697265625,46.64756774902344,0.326416015625,2798.85400390625,629542.375,300008.8125,60,606.3167005777359,0.055296000093221664,db4d08f5bef48c7fbfaccc167fd70433e15536f22707cd675696c7f7ff0a5d36,True
1435,25,3,75,recent_k4,18.12935447692871,814.8196411132812,814.8196411132812,18.12935447692871,0.0258636474609375,1087.76123046875,48889.17578125,48889.17578125,60,606.5659690648317,0.055296000093221664,00ab7c097415575aaf9e6e2c80e8c1cdd88f9c1b059a101e34b6454f161fd81e,True
1436,25,3,90,recent_k4,19.922985076904297,14844.3017578125,1250.646728515625,19.922985076904297,0.45849609375,1195.3790283203125,890658.0625,75038.796875,60,606.3741710968316,0.05632000043988228,2947dfb7951efc2e163bf891da59534d9aff86488ec7dbd02b95c3d3fbc473ad,True
1437,25,3,105,recent_k4,15.821297645568848,472.715087890625,472.715087890625,15.821297645568848,0.0181884765625,949.27783203125,28362.904296875,28362.904296875,60,606.2769219279289,0.05632000043988228,af7d054f66b2a406090e2c1e27244a40b0f84281485117290886d7a3301d702f,True
1438,25,3,120,recent_k4,21.850404739379883,678.1316528320312,678.1316528320312,21.850404739379883,0.037750244140625,1311.024169921875,40687.8984375,40687.8984375,60,607.3231631889939,0.055296000093221664,4543f135494b02e0953a9d40c037e6c431e014c90594fae04dc6025d9e3d8b97,True
1439,25,3,135,recent_k4,10.52195930480957,252.6876983642578,252.6876983642578,10.52195930480957,0.0082550048828125,631.3175048828125,15161.2607421875,15161.2607421875,60,605.752816889435,0.05939200147986412,c518cd411f4a50774aaae5e8e12cba82decc40b4e9e999511018309f0f0c72cf,True
1440,25,3,150,recent_k4,13.273576736450195,365.55731201171875,365.55731201171875,13.273576736450195,0.01171112060546875,796.41455078125,21933.4375,21933.4375,60,606.4034323208034,0.05532800033688545,46c97cb1822f53e9d63d5ee5b3aed65d3fad9401e54b7853fc47824a90c98d5a,True
1441,25,3,165,recent_k4,18.710899353027344,1708.943603515625,1708.943603515625,18.710899353027344,0.052886962890625,1122.6539306640625,102536.609375,102536.609375,60,604.7749170102179,0.05632000043988228,0b88abd2b080e83d9b2f133553efaf485be732e185cef0d3d711dfba6bb78544,True
1442,25,3,180,recent_k4,20.357288360595703,1005.1353759765625,1005.1353759765625,20.357288360595703,0.031982421875,1221.437255859375,60308.12109375,60308.12109375,60,603.4732479602098,0.05632000043988228,bb067c7135f5dd5c3d5406e34cdc6f0a29621f2728eb3b8a7dd55f335e835af9,True
1443,25,3,195,recent_k4,45.76304626464844,5759.666015625,5715.8212890625,45.76304626464844,0.1788330078125,2745.78271484375,345579.9375,342949.25,60,601.4074380509555,0.05632000043988228,09d5eb628e0b20aa88b563be80ca87131d6372e04e14ca8f5b025f3e47cf79db,True
1444,25,3,210,recent_k4,15.181075096130371,546.8433837890625,546.8433837890625,15.181075096130371,0.01708984375,910.8644409179688,32810.6015625,32810.6015625,60,615.9247066825628,0.055296000093221664,bfe368a2f6fa11c4a78eaec375686720241886ae23115209e950e067c8dc7bd0,True
1445,25,3,225,recent_k4,16.69788932800293,677.5838623046875,677.5838623046875,16.69788932800293,0.0220794677734375,1001.873291015625,40655.03125,40655.03125,60,609.4149863347411,0.06860800087451935,969ae11dee1cba9e531d323a34766426ee562a80e6f8eacd9837697e137be7e3,True
1446,25,35,30,recent_k4,7.670233726501465,209.79591369628906,209.79591369628906,7.670233726501465,0.00994110107421875,460.2139892578125,12587.75390625,12587.75390625,60,607.8949603252113,0.062463998794555664,39bae3f408c901c0d9ddf4ef240e6f9a59f3011f06fb74166691ab331cfd6acc,True
1447,25,35,45,recent_k4,44.78648376464844,4067.5986328125,4067.5986328125,44.78648376464844,0.1309814453125,2687.18896484375,244055.90625,244055.90625,60,607.655712403357,0.055296000093221664,e0440597b2a8b21ad41ad0dbbd758d649012caf42af45e2aad2c26fe7eef579b,True
1448,25,35,60,recent_k4,5.946763515472412,51.099605560302734,51.099605560302734,5.946763515472412,0.00345611572265625,356.8057861328125,3065.97607421875,3065.97607421875,60,606.2324647791684,0.055296000093221664,843966a3e94c87e7b712b37bbf000c79d3abf90934ad892b184b0d0ed90e3136,True
1449,25,35,75,recent_k4,13.966140747070312,535.8134765625,535.8134765625,13.966140747070312,0.017059326171875,837.9683837890625,32148.80859375,32148.80859375,60,607.278096023947,0.05632000043988228,1f64221f08283bd9c78f75a4dae4c72b639ea1d3d8de5604021c196e8635a81f,True
1450,25,35,90,recent_k4,20.787630081176758,1769.343017578125,1769.343017578125,20.787630081176758,0.055023193359375,1247.2576904296875,106160.578125,106160.578125,60,607.7873320318758,0.06451199948787689,217769c2a9166718864789a0efb769af367f729a073e84335a06639051fe70f1,True
1451,25,35,105,recent_k4,25.284788131713867,1965.1304931640625,1965.1304931640625,25.284788131713867,0.061981201171875,1517.087158203125,117907.8203125,117907.8203125,60,606.8316311575472,0.058368001133203506,a96c923c501ccfd26801511cc61912eddc2194954907e57cdcdb108a0cdbeb9f,True
1452,25,35,120,recent_k4,28.606929779052734,1934.454833984375,1934.454833984375,28.606929779052734,0.060211181640625,1716.4156494140625,116067.28125,116067.28125,60,607.1646278724074,0.05632000043988228,7ff0cf31e5f191a41ea5585ab3e49e6d16e9e7e65b30f40411e7f679181c3708,True
1453,25,35,135,recent_k4,19.20781135559082,6750.37158203125,950.404296875,19.20781135559082,0.208740234375,1152.4686279296875,405022.28125,57024.25390625,60,606.5819840878248,0.055296000093221664,09e28cad6ac610c7a765dabdd68d42de80230ad3281c6f8681bc0e82f29eb859,True
1454,25,35,150,recent_k4,65.1107177734375,10749.3447265625,8399.9970703125,65.1107177734375,0.341796875,3906.64306640625,644960.625,503999.78125,60,606.2337970361114,0.05427199974656105,a3e9bb936613e942f5dab5aea6d1f049f02988449fc4c05ee687fca58352a8cf,True
1455,25,35,165,recent_k4,13.670204162597656,342.19512939453125,342.19512939453125,13.670204162597656,0.01381683349609375,820.2122192382812,20531.70703125,20531.70703125,60,606.6104131750762,0.055296000093221664,0a9df5bc3a469ae1dd1dda19907ab9e9b7eb35d4dd2be7d6caca9871e01bd5c5,True
1456,25,35,180,recent_k4,4.476455211639404,31.47690200805664,31.47690200805664,4.476455211639404,0.0011091232299804688,268.5873107910156,1888.614013671875,1888.614013671875,60,606.9413311779499,0.05632000043988228,8e935afedc6f33376673bc7641e3a8578616e13b31b18f59b4a99ea8407b1127,True
1457,25,35,195,recent_k4,2.9264283180236816,17.760562896728516,17.760562896728516,2.9264283180236816,0.0006012916564941406,175.585693359375,1065.6336669921875,1065.6336669921875,60,605.9845699928701,0.05632000043988228,87b0930feb8c5add96a99113e282eeacdb61775a18b02026c92f7dc3f101ebb0,True
1458,25,35,210,recent_k4,3.694094181060791,51.87004852294922,51.87004852294922,3.694094181060791,0.0016498565673828125,221.64564514160156,3112.20263671875,3112.20263671875,60,610.8391471207142,0.055296000093221664,e5a038bef8c476a2620071017c9aad827bad70f3df088e2ee27ec7454961bb7a,True
1459,25,35,225,recent_k4,7.6599440574646,117.52481079101562,117.52481079101562,7.6599440574646,0.00372314453125,459.59661865234375,7051.48828125,7051.48828125,60,606.4434661529958,0.06348799914121628,870ec7c47defa64e83d10d7d2f1f4aebcb8716f9f538890e9e06f04aac4df1ce,True
1460,25,48,30,recent_k4,64.7051773071289,12353.7734375,9357.583984375,64.7051773071289,0.385009765625,3882.310546875,741226.375,561455.0,60,606.7714239470661,0.05427199974656105,9557065eca58e937359a19d7f36f7858170f1a407dd0125aba772a32fa739e2a,True
1461,25,48,45,recent_k4,20.110645294189453,818.8611450195312,818.8611450195312,20.110645294189453,0.0275421142578125,1206.638671875,49131.66796875,49131.66796875,60,607.3917979374528,0.05632000043988228,829615f97bc005747dfb8ce12c9dc5711b3fdcc48b34efe57fe4635771fe03fb,True
1462,25,48,60,recent_k4,26.186264038085938,6881.18994140625,1761.8060302734375,26.186264038085938,0.2171630859375,1571.17578125,412871.375,105708.359375,60,608.2172710448503,0.05632000043988228,10ecd466f0a389aef5918e00fe47d6d5ca30ad568bc65e5dac87aebe1906ab20,True
1463,25,48,75,recent_k4,40.01325225830078,6404.056640625,3624.028076171875,40.01325225830078,0.206787109375,2400.794921875,384243.375,217441.671875,60,608.0062729306519,0.05632000043988228,10e27b35dc3a1f1f8e80ac276b99eb5c00c53f571624863812d3d17ff52bb5c0,True
1464,25,48,90,recent_k4,33.88727569580078,2032.85693359375,2032.85693359375,33.88727569580078,0.06793212890625,2033.236328125,121971.40625,121971.40625,60,607.7937548980117,0.05632000043988228,8f2c904ce74913967d1672a6bc9f0180c8563d0fffb2c8e3f7a2fc7acbdf293a,True
1465,25,48,105,recent_k4,4.58827018737793,29.696474075317383,29.696474075317383,4.58827018737793,0.0026092529296875,275.29620361328125,1781.788330078125,1781.788330078125,60,610.3297118097544,0.055296000093221664,73da5a356e5f430571c578ff563e1806fea2b39fe459c6787e467eba528fceb2,True
1466,25,48,120,recent_k4,5.621612548828125,53.1705436706543,53.1705436706543,5.621612548828125,0.0053253173828125,337.2967224121094,3190.232421875,3190.232421875,60,607.4801688082516,0.055296000093221664,266ad9d20368324edbce63bfaab157e0149189d779abd704cc7c9be1c31f57a5,True
1467,25,48,135,recent_k4,5.374965667724609,64.3788070678711,64.3788070678711,5.374965667724609,0.0021686553955078125,322.4979248046875,3862.72802734375,3862.72802734375,60,607.4638590216637,0.055296000093221664,6e5e8c7b7359b040202455ce906a1be750558b6897a83faa8cdfdb0f84417899,True
1468,25,48,150,recent_k4,5.784570693969727,49.122894287109375,49.122894287109375,5.784570693969727,0.0025177001953125,347.07421875,2947.37353515625,2947.37353515625,60,606.2529198825359,0.05632000043988228,1ad4cabb0fd68e619f3e464d9f3c2077df7023731b6431fe6c367b5fae047650,True
1469,25,48,165,recent_k4,4.159804344177246,42.24250030517578,42.24250030517578,4.159804344177246,0.0013599395751953125,249.5882568359375,2534.5498046875,2534.5498046875,60,606.4614988863468,0.055296000093221664,a00be5979e19ca982d2a394f6dbd6989ebcf0dda4a0ea69fa6fa491418360ca6,True
1470,25,48,180,recent_k4,4.128782272338867,36.851863861083984,36.851863861083984,4.128782272338867,0.0012121200561523438,247.72691345214844,2211.11181640625,2211.11181640625,60,606.9368338212371,0.055296000093221664,1a279c4f48537bcd3cbae85fe5bf3cf38b884cf94ee60d50be889fdef37ab7d3,True
1471,25,48,195,recent_k4,6.515888690948486,94.79175567626953,94.79175567626953,6.515888690948486,0.0032958984375,390.95330810546875,5687.5048828125,5687.5048828125,60,608.0607436597347,0.05632000043988228,cb462fc2aa8f32e09b1b0979ec941cf28002b86a7bf2f0f48154764fc9ac4302,True
1472,25,48,210,recent_k4,28.111860275268555,2105.900146484375,2105.900146484375,28.111860275268555,0.06585693359375,1686.7115478515625,126354.0078125,126354.0078125,60,606.1409721150994,0.055296000093221664,c9179d771403d39d1f28e2afe1d592fa2440f2dc73dff50ef31e10f5b6a7e1a3,True
1473,25,48,225,recent_k4,20.561452865600586,874.2500610351562,874.2500610351562,20.561452865600586,0.0284881591796875,1233.6871337890625,52455.0,52455.0,60,606.0367939062417,0.05427199974656105,2c538b8bc4776f206a371dc865c66a12bd08af6da577436ba3220309f95180a5,True
1474,25,22,30,recent_k4,3.6254513263702393,21.887874603271484,21.887874603271484,3.6254513263702393,0.0007843971252441406,217.52706909179688,1313.2724609375,1313.2724609375,60,606.4535300247371,0.07168000191450119,f88b232e94c178a3dd64efe08d92b9bbc06726397bf8a431e969c96df3e6e7fe,True
1475,25,22,45,recent_k4,3.565962076187134,22.444055557250977,22.444055557250977,3.565962076187134,0.0007681846618652344,213.9577178955078,1346.643310546875,1346.643310546875,60,606.2398320063949,0.055296000093221664,5e169f25e5a2a745cbaa827f984e84c916119bd9adf419683758d1a588ab3a60,True
1476,25,22,60,recent_k4,2.5304019451141357,9.52514362335205,9.52514362335205,2.5304019451141357,0.0003781318664550781,151.82411193847656,571.5086059570312,571.5086059570312,60,606.3664220273495,0.055296000093221664,df282afd7e5a2387e9e1d7f5fa2b5f684344d118ad861973edcc411b1d4da762,True
1477,25,22,75,recent_k4,6.487209796905518,187.18435668945312,187.18435668945312,6.487209796905518,0.005901336669921875,389.2325744628906,11231.060546875,11231.060546875,60,606.3703317195177,0.055296000093221664,e1c32c1f7e9b9f9a90a002f66340f07409a33dc1fbfea8ff45740dae35247103,True
1478,25,22,90,recent_k4,19.039474487304688,9424.66796875,1228.2530517578125,19.039474487304688,0.291015625,1142.368408203125,565480.0625,73695.1796875,60,608.939238358289,0.055296000093221664,88e9f296bdeaf38919dc6cd6e93c9099adbcbf9f2f83e1f3d2c0b2b87f0d14dc,True
1479,25,22,105,recent_k4,42.05765914916992,4357.1005859375,4030.7685546875,42.05765914916992,0.134765625,2523.45947265625,261426.03125,241846.09375,60,606.4443807117641,0.055296000093221664,4a20ef87c433081057f269d7baf63ad6f053769771a3a10cfe4560fa8f48dff2,True
1480,25,22,120,recent_k4,6.234508514404297,68.35308837890625,68.35308837890625,6.234508514404297,0.002246856689453125,374.07049560546875,4101.18505859375,4101.18505859375,60,606.9549461826682,0.05632000043988228,7e23693fb056b47b23294a44cf3fe1eb868bca1ba8469af8f008d8c1dceec4df,True
1481,25,22,135,recent_k4,5.713536739349365,68.26058959960938,68.26058959960938,5.713536739349365,0.0022602081298828125,342.81219482421875,4095.63525390625,4095.63525390625,60,606.4718710258603,0.05532800033688545,71cc9e028fee34f55383a37eb31160d69d3af3d45c9ea3ae03b00c33f36193cc,True
1482,25,22,150,recent_k4,4.096981048583984,22.673757553100586,22.673757553100586,4.096981048583984,0.0008397102355957031,245.81884765625,1360.4254150390625,1360.4254150390625,60,606.664780061692,0.055296000093221664,7cd8f6acf5c5770670b5cf80ad91036a115027d769f83da11b07f5251079d65e,True
1483,25,22,165,recent_k4,4.491357803344727,71.72962951660156,71.72962951660156,4.491357803344727,0.0022449493408203125,269.4814453125,4303.77734375,4303.77734375,60,606.9926470518112,0.055296000093221664,4c6fb5273990febbcc998e8eb4c28cd5e143aa1732694c69f9e341f241bb259d,True
1484,25,22,180,recent_k4,16.166507720947266,794.4395141601562,794.4395141601562,16.166507720947266,0.024932861328125,969.9904174804688,47666.3671875,47666.3671875,60,608.0030491575599,0.055296000093221664,fd2fd735683b74d8cd31971a0ef47e0821a301980fd9ea12523d014b194a29ba,True
1485,25,22,195,recent_k4,14.0628080368042,13442.0927734375,671.9922485351562,14.0628080368042,0.4150390625,843.7684326171875,806525.5,40319.53125,60,607.4217138811946,0.05632000043988228,b73aca636b2b70893d1e54ed360c73041dcb626f0437d2c60788d530e640367e,True
1486,25,22,210,recent_k4,13.522701263427734,554.33984375,554.33984375,13.522701263427734,0.0171356201171875,811.362060546875,33260.390625,33260.390625,60,606.6134111024439,0.055296000093221664,c71cfe7eaccbb7514fb4c9fb487d3d6f032b86af03a261825c82d761ca01a932,True
1487,25,22,225,recent_k4,14.811606407165527,581.1292724609375,581.1292724609375,14.811606407165527,0.01812744140625,888.6963500976562,34867.75390625,34867.75390625,60,606.987708248198,0.05632000043988228,0ff0da1fd7c058d6833fe32f46cd5af5a14acdfff48a5f8ce72dec769e630642,True
1488,25,55,30,recent_k4,4.053190231323242,24.312925338745117,24.312925338745117,4.053190231323242,0.0009250640869140625,243.19140625,1458.775390625,1458.775390625,60,606.8395199254155,0.05427199974656105,31510c8d72977e85d99bbb65c200a62e16d6c96e674f3d7602ca4d608beef317,True
1489,25,55,45,recent_k4,12.971552848815918,458.7442321777344,458.7442321777344,12.971552848815918,0.014404296875,778.2931518554688,27524.65234375,27524.65234375,60,606.639320962131,0.05632000043988228,79100638733b7d88bd414c1e17088e666796bb08ccc41deaaa95c10f8d027aed,True
1490,25,55,60,recent_k4,10.263218879699707,190.4729766845703,190.4729766845703,10.263218879699707,0.0069427490234375,615.7930908203125,11428.3779296875,11428.3779296875,60,606.8429900333285,0.055296000093221664,36eac6d16ff4b9c32134e3adb58ebce4b0feddf8b6c4ec8c469ca10929070b09,True
1491,25,55,75,recent_k4,11.595844268798828,462.01702880859375,462.01702880859375,11.595844268798828,0.01520538330078125,695.7506103515625,27721.01953125,27721.01953125,60,616.4804832078516,0.055296000093221664,d4852d5823c8208b0e40cc909f766620fb2466c72a176f414b08495b2a3e2902,True
1492,25,55,90,recent_k4,29.289052963256836,1605.8076171875,1605.8076171875,29.289052963256836,0.05023193359375,1757.3431396484375,96348.453125,96348.453125,60,609.3431683257222,0.05734400078654289,4a363a5826251a4fb3d59f15e9b8f296281c2f5c43541a24c388b3d1372868df,True
1493,25,55,105,recent_k4,12.568913459777832,522.3479614257812,522.3479614257812,12.568913459777832,0.0164794921875,754.134765625,31340.875,31340.875,60,606.8856311030686,0.05632000043988228,d4131a6dc522a21f7fcc92224df7f2cae4d0386a320147e7e39ec862aeb14a66,True
1494,25,55,120,recent_k4,16.75292205810547,543.437744140625,543.437744140625,16.75292205810547,0.0171051025390625,1005.1752319335938,32606.263671875,32606.263671875,60,606.2823259271681,0.05632000043988228,e01e5480ca43868537c77cf3fba3cd9c5ab77f1c97b35d5139f716842fd06ff8,True
1495,25,55,135,recent_k4,4.030599594116211,23.439250946044922,23.439250946044922,4.030599594116211,0.0008215904235839844,241.83595275878906,1406.35498046875,1406.35498046875,60,604.7456902451813,0.05532800033688545,4122c4557dbf4a2ab5c954b0ddfa84bf84b5914711eb6113e4e1adce8f942663,True
1496,25,55,150,recent_k4,4.194021224975586,26.897804260253906,26.897804260253906,4.194021224975586,0.0009608268737792969,251.64126586914062,1613.8681640625,1613.8681640625,60,606.4015962183475,0.05632000043988228,8cb07719c98dd728596648a7e526dbbecfbf92594fe40d64cc922d646a76d8bc,True
1497,25,55,165,recent_k4,13.141813278198242,809.7025146484375,809.7025146484375,13.141813278198242,0.0264129638671875,788.5087280273438,48582.1484375,48582.1484375,60,619.3980691023171,0.055296000093221664,c9c63d469c403d14e7d13a1cca970c67121777ba774bd3f351aae3cecd7a7149,True
1498,25,55,180,recent_k4,22.57729148864746,1355.896240234375,1355.896240234375,22.57729148864746,0.04327392578125,1354.637451171875,81353.7734375,81353.7734375,60,608.9961929246783,0.05430399999022484,ca9c13704136a477de00f4e7bc60a2b17ae50e769a2f795cbe46b51c26d80361,True
1499,25,55,195,recent_k4,31.376680374145508,2582.22021484375,2582.22021484375,31.376680374145508,0.08056640625,1882.6007080078125,154933.203125,154933.203125,60,607.0617809891701,0.055296000093221664,e406687f4fa78cb9e7a2b780171181d2ac37ca8585799d0a57b9f49e5234bd76,True
1500,25,55,210,recent_k4,17.43279266357422,4031.3232421875,1063.474609375,17.43279266357422,0.1251220703125,1045.967529296875,241879.375,63808.47265625,60,609.187631867826,0.06656000018119812,2c9c445d1893ec4d1c8faeb5f2d8457d3052087d88a92c1d843b46c2f4877f71,True
1501,25,55,225,recent_k4,18.570093154907227,17027.646484375,810.5657958984375,18.570093154907227,0.52734375,1114.20556640625,1021658.6875,48633.9453125,60,606.6168639808893,0.05632000043988228,85fcb1eddce46a63be4e961da2d2ee324a8d08565804af1d6d066d78f2def992,True
1502,25,4,30,recent_k4,7.316492557525635,115.81464385986328,115.81464385986328,7.316492557525635,0.004886627197265625,438.9895324707031,6948.87841796875,6948.87841796875,60,607.3322189040482,0.055296000093221664,dcecfa52f6bce6c457503a16de0c9ba9311cac47730b28dbd479f0c9259a3f12,True
1503,25,4,45,recent_k4,5.9857025146484375,74.45292663574219,74.45292663574219,5.9857025146484375,0.0028533935546875,359.1421203613281,4467.17529296875,4467.17529296875,60,607.5187968090177,0.055296000093221664,b72bb2e44272d483c240a3e9ccc8188434e6621b14b19a2ed5c46f49479defee,True
1504,25,4,60,recent_k4,3.434351921081543,23.810070037841797,23.810070037841797,3.434351921081543,0.0008435249328613281,206.0611114501953,1428.6041259765625,1428.6041259765625,60,613.9056603424251,0.06451199948787689,7fa3b048fbd726b695511a38fc6b50ef91b1c2183961794eed96383ab6aab7eb,True
1505,25,4,75,recent_k4,2.1993231773376465,8.014410972595215,8.014410972595215,2.1993231773376465,0.0003139972686767578,131.95938110351562,480.8646240234375,480.8646240234375,60,610.763079021126,0.05734400078654289,b6fc916f9c86b4505fd52401870bc45dd45c6f98c5fce1fb0522630d7b1f0d6f,True
1506,25,4,90,recent_k4,11.78170394897461,335.8971252441406,335.8971252441406,11.78170394897461,0.01068115234375,706.9022216796875,20153.826171875,20153.826171875,60,607.9072551801801,0.05632000043988228,aab9a236bb1b7a62e32018466d29b81cad7cd2fdf9fd1b3184efc7d826ffbc47,True
1507,25,4,105,recent_k4,33.659725189208984,3520.44775390625,2624.119384765625,33.659725189208984,0.10943603515625,2019.58349609375,211226.859375,157447.15625,60,606.9248737767339,0.055296000093221664,3c3fe7187b0816f133e4991110d3ddda6c0ee8a8e6dd096ef6aa14407bb7220f,True
1508,25,4,120,recent_k4,14.397293090820312,11583.98046875,483.43341064453125,14.397293090820312,0.359130859375,863.8375244140625,695038.8125,29006.00390625,60,606.2843101099133,0.055296000093221664,ef598957dacbb082b6ff0c99c2650af794dbbc21a83ec40cce839aa06f5da1a8,True
1509,25,4,135,recent_k4,54.75621795654297,8721.4365234375,8192.1025390625,54.75621795654297,0.269287109375,3285.372802734375,523286.1875,491526.125,60,606.1389609239995,0.055296000093221664,358ba2b0a8b97c0f8f610c694fe8461624b241c1b4a247216df36a3457ef2868,True
1510,25,4,150,recent_k4,10.157721519470215,267.86627197265625,267.86627197265625,10.157721519470215,0.0092010498046875,609.4632568359375,16071.974609375,16071.974609375,60,609.5194611698389,0.05632000043988228,e3e9b4f578e3ef20a6bfdeae7e8a651f04d1c5547363d35e032147bb7e9d2e71,True
1511,25,4,165,recent_k4,15.795827865600586,16013.119140625,556.9588623046875,15.795827865600586,0.495361328125,947.7496337890625,960787.125,33417.53125,60,614.0921199694276,0.05632000043988228,07d3a67c8b2c45c4f82cdedd60c00cda826fe56e68b2d3fa9a16a80226d50258,True
1512,25,4,180,recent_k4,17.962635040283203,2145.291748046875,834.6707763671875,17.962635040283203,0.0665283203125,1077.758056640625,128717.5,50080.2421875,60,608.7687476538122,0.05632000043988228,e6d43b566d7a99095bf7d387bcd581d16c622077c6905e2a61bd831a1b8620ac,True
1513,25,4,195,recent_k4,19.875505447387695,24226.759765625,1170.806884765625,19.875505447387695,0.748046875,1192.5302734375,1453605.5,70248.40625,60,608.5814186371863,0.055296000093221664,68d7afdd6f7d3bb620935b5a771a38f65ecb53c1cc3b632ee63601ba2844c07c,True
1514,25,4,210,recent_k4,14.343280792236328,19457.892578125,536.3118896484375,14.343280792236328,0.6015625,860.5968017578125,1167473.5,32178.7109375,60,608.1614238210022,0.06451199948787689,e8ff643990a923d2cb55de202e3c0ffd8f0cf35b8c06dd3ee9b48ea4fd7e0dd7,True
1515,25,4,225,recent_k4,18.17426109313965,824.8480834960938,824.8480834960938,18.17426109313965,0.0258026123046875,1090.45556640625,49490.8828125,49490.8828125,60,607.4219709262252,0.05734400078654289,ee6a319383a9346bfd24dd67daf0cc56547ae43bf1b9bca233e650ce587592b4,True
1516,25,45,30,recent_k4,3.251410961151123,18.323657989501953,18.323657989501953,3.251410961151123,0.000576019287109375,195.0846405029297,1099.41943359375,1099.41943359375,60,607.8911069780588,0.06348799914121628,4f495d7c99ae3df7ba26721f2cd7b29107befad3191b1439caa139295f46ba01,True
1517,25,45,45,recent_k4,3.145700454711914,17.88736915588379,17.88736915588379,3.145700454711914,0.000560760498046875,188.7420196533203,1073.2420654296875,1073.2420654296875,60,612.0673189871013,0.055296000093221664,316fac230d9f013e2a70569fd81d1fd2dd7874f476df19ae0cdb749471738fa1,True
1518,25,45,60,recent_k4,2.80979323387146,14.471283912658691,14.471283912658691,2.80979323387146,0.0004596710205078125,168.58758544921875,868.2769775390625,868.2769775390625,60,609.9150092341006,0.05939200147986412,ff51aa35497cb1209eed609f8546f28c44f8349b5664248dcc51074c6fd7375a,True
1519,25,45,75,recent_k4,4.050832748413086,88.22378540039062,88.22378540039062,4.050832748413086,0.0028285980224609375,243.04994201660156,5293.4267578125,5293.4267578125,60,626.7589880153537,0.06348799914121628,cdccb8515ed462d6f72238bede33d085979307d9643d4908395aee6cfe29298c,True
1520,25,45,90,recent_k4,32.56032180786133,3172.5693359375,3172.5693359375,32.56032180786133,0.0994873046875,1953.619140625,190354.15625,190354.15625,60,629.0641776286066,0.06348799914121628,55270ef2cd71eec68a94de37f5478397a7fca8d9c671bedd8ed457eecec9ede4,True
1521,25,45,105,recent_k4,15.995329856872559,453.26690673828125,453.26690673828125,15.995329856872559,0.0176544189453125,959.7197265625,27196.013671875,27196.013671875,60,626.7957682721317,0.06143999844789505,b80bef5353e317a2ef023134c35506ddbabd82d18fb9af6d345a7e997fe572f9,True
1522,25,45,120,recent_k4,6.83326530456543,105.67277526855469,105.67277526855469,6.83326530456543,0.00362396240234375,409.99591064453125,6340.3662109375,6340.3662109375,60,629.0991981513798,0.062463998794555664,a6a1f11ca537f242f2c95a3e2a0b8ee243eef5f3d0b268766922ef983ce35ff5,True
1523,25,45,135,recent_k4,6.63485860824585,90.3367919921875,90.3367919921875,6.63485860824585,0.0031280517578125,398.09149169921875,5420.20703125,5420.20703125,60,633.0046928487718,0.0615679994225502,6e6aed3ebc69eebd756155881607e4b8d1f22da26a2e63384f4362aaf3ca1472,True
1524,25,45,150,recent_k4,24.930089950561523,2583.191162109375,2583.191162109375,24.930089950561523,0.080078125,1495.8052978515625,154991.46875,154991.46875,60,641.2997283041477,0.06348799914121628,7c4509f948e5793134d7968df48a934252348d5a059aa9e53db04a31de72ef0b,True
1525,25,45,165,recent_k4,25.363832473754883,1407.5821533203125,1407.5821533203125,25.363832473754883,0.04791259765625,1521.829833984375,84454.921875,84454.921875,60,629.0162494406104,0.07571200281381607,792f8917ab7d51b4cd38af5a9130c4d60c7a1fa2196701305a8a78482b7094b3,True
1526,25,45,180,recent_k4,16.92867660522461,10495.3134765625,699.659423828125,16.92867660522461,0.324951171875,1015.7205810546875,629718.75,41979.5625,60,634.6898777410388,0.06656000018119812,9360c194cde01f8cb45c013afcdb79e94777fce656ad306fcc219388241bd1fc,True
1527,25,45,195,recent_k4,29.2354793548584,22358.697265625,1878.0966796875,29.2354793548584,0.69287109375,1754.128662109375,1341521.75,112685.796875,60,631.159651093185,0.06451199948787689,3de5143b495e647c1cb8d1ec1d030a909b841aa15d80fdf5edfdc2d70bf5069a,True
1528,25,45,210,recent_k4,19.154644012451172,12083.7109375,617.7996826171875,19.154644012451172,0.375,1149.278564453125,725022.625,37067.98046875,60,635.1517550647259,0.06348799914121628,631f369aeba51817616dda2f47d5e582617835277590c26826460b2c10f5aec4,True
1529,25,45,225,recent_k4,13.158310890197754,357.17266845703125,357.17266845703125,13.158310890197754,0.0113677978515625,789.4985961914062,21430.359375,21430.359375,60,623.9664163440466,0.06348799914121628,1465af1a41caa003a944ada5d2d779e87cd231a1ebbd7f15a7ae5e319cd4f8f2,True
1530,25,60,30,recent_k4,22.551971435546875,1608.8802490234375,1608.8802490234375,22.551971435546875,0.051605224609375,1353.1181640625,96532.8125,96532.8125,60,626.1003264226019,0.07475200295448303,6425f4cb10c5b26be701ba33e6baaa63dae6c836bad778a6990395325e964e72,True
1531,25,60,45,recent_k4,16.33323097229004,615.6372680664062,615.6372680664062,16.33323097229004,0.019561767578125,979.9937744140625,36938.234375,36938.234375,60,627.7415920048952,0.06451199948787689,ab3caa8e661aa32d7d7fdf107b643a34477c5fcff5a3ac5957fe31222deb5431,True
1532,25,60,60,recent_k4,41.875389099121094,4702.13232421875,4702.13232421875,41.875389099121094,0.1480712890625,2512.523193359375,282127.9375,282127.9375,60,620.0484810397029,0.062463998794555664,15dde68bb093e7b5c7ec6ca9bfd52a1748c50b6b005c2599ba31516af3dabed2,True
1533,25,60,75,recent_k4,7.778909206390381,94.19091033935547,94.19091033935547,7.778909206390381,0.0031280517578125,466.7345275878906,5651.4541015625,5651.4541015625,60,619.9308731593192,0.058368001133203506,23fadff1b1e196b32c7eaf14a7979b92d57c123e234c70596bf98c1cfafddb4a,True
1534,25,60,90,recent_k4,9.207189559936523,266.7259826660156,266.7259826660156,9.207189559936523,0.00858306884765625,552.4313354492188,16003.55859375,16003.55859375,60,621.092492248863,0.058368001133203506,64d06c90b7704c43ff5c3685484d2347c7f922da0b6c2d016c977ab1a9dc3d05,True
1535,25,60,105,recent_k4,5.625526428222656,89.0825424194336,89.0825424194336,5.625526428222656,0.002910614013671875,337.53155517578125,5344.9521484375,5344.9521484375,60,620.7204759120941,0.058368001133203506,508e1dfd8548976bdf56f8ecb362771b8a367e34f40c14aa3d2523af5f3d9197,True
1536,25,60,120,recent_k4,5.208700656890869,34.37710189819336,34.37710189819336,5.208700656890869,0.00115966796875,312.52203369140625,2062.6259765625,2062.6259765625,60,621.3057520799339,0.05939200147986412,f81763e45491d3f57d3f5ce7dc0e9c935352f2653cc432b4ee1ca3d79714cde6,True
1537,25,60,135,recent_k4,17.051403045654297,848.8678588867188,848.8678588867188,17.051403045654297,0.0285186767578125,1023.0841064453125,50932.0703125,50932.0703125,60,621.5577591210604,0.058368001133203506,6b4ca45d646c7af72c6bbb1b8bc6f9c3af3d963c1e09c8af92647a5a19fb4075,True
1538,25,60,150,recent_k4,12.157748222351074,305.8682861328125,305.8682861328125,12.157748222351074,0.01016998291015625,729.46484375,18352.095703125,18352.095703125,60,620.8499260246754,0.058368001133203506,4bbac198b58671e83fe0e01bf614dd664838c6900c13a167091d81cef3f44888,True
1539,25,60,165,recent_k4,7.383641242980957,92.45928955078125,92.45928955078125,7.383641242980957,0.002899169921875,443.0184631347656,5547.55712890625,5547.55712890625,60,620.8058060146868,0.05734400078654289,706b3294d94a835dfbc0df4de6e99e1cde8647a5389afabad2dab2174c5a6099,True
1540,25,60,180,recent_k4,10.415936470031738,325.19390869140625,325.19390869140625,10.415936470031738,0.011383056640625,624.9561767578125,19511.6328125,19511.6328125,60,620.6350983120501,0.058368001133203506,607bd7112ea5ee372ffebce194e1e90174dc9cf980eda937413b4969a27bfc67,True
1541,25,60,195,recent_k4,9.400250434875488,4142.39013671875,402.2271728515625,9.400250434875488,0.1287841796875,564.0150146484375,248543.40625,24133.62890625,60,621.3911822997034,0.058368001133203506,1fb62695ad1145d46fb769a29c0c30870b56ecc8ff2ab1c1dbeaee4f666a2592,True
1542,25,60,210,recent_k4,29.70929527282715,24813.67578125,1741.451416015625,29.70929527282715,0.77099609375,1782.5576171875,1488820.5,104487.078125,60,620.8812762051821,0.058368001133203506,a0db2e8aac4609f379112856cd53dd21391bff6f55ff14d55c55b633d1ef8bdd,True
1543,25,60,225,recent_k4,18.143177032470703,9200.0419921875,788.621337890625,18.143177032470703,0.283935546875,1088.590576171875,552002.5,47317.27734375,60,621.8755282461643,0.058368001133203506,b53126d2b069283055aa634c37b518d414f836e363fa589955bc05a86dfe6a45,True
1544,25,26,30,recent_k4,17.79305076599121,13719.388671875,753.4892578125,17.79305076599121,0.42578125,1067.5830078125,823163.25,45209.3515625,60,619.4960288703442,0.05939200147986412,bfa7d7a10b791b16d893a8476bbc295e9c7e8c57c73103327421f1f2a7b4a825,True
1545,25,26,45,recent_k4,26.540069580078125,1525.0487060546875,1525.0487060546875,26.540069580078125,0.049102783203125,1592.404052734375,91502.9140625,91502.9140625,60,622.4905620329082,0.058368001133203506,8e2f3a7cec81ba5ff06ee986efecfc96bb90be1c584d9655f5e08fa3d6f06644,True
1546,25,26,60,recent_k4,5.948000907897949,59.3692512512207,59.3692512512207,5.948000907897949,0.00222015380859375,356.8800354003906,3562.15478515625,3562.15478515625,60,607.589066028595,0.05734400078654289,324abb04b6e9c3345b9530d2259f8ab5d1ee4b59675454aca896f3f4f03e01e4,True
1547,25,26,75,recent_k4,11.218188285827637,439.3879089355469,439.3879089355469,11.218188285827637,0.013580322265625,673.0912475585938,26363.2734375,26363.2734375,60,603.1969357281923,0.055296000093221664,f1d0a36021477e40d15d5cde5fb461d20f25addd5f43e8ee63ca23cd345d746f,True
1548,25,26,90,recent_k4,14.512726783752441,579.8924560546875,579.8924560546875,14.512726783752441,0.017913818359375,870.7635498046875,34793.546875,34793.546875,60,619.4226099178195,0.055296000093221664,b4ea13844432b24c0d4092f923ad7fe448df4473b2d040ae3ec0b42960704886,True
1549,25,26,105,recent_k4,4.932417869567871,33.161468505859375,33.161468505859375,4.932417869567871,0.0012807846069335938,295.945068359375,1989.68798828125,1989.68798828125,60,620.0805553235114,0.062463998794555664,bcd2be339fe91922c06c4ec322186656bb1f2b69b212cb7ed1b29052a6b5a97e,True
1550,25,26,120,recent_k4,5.287696838378906,76.83259582519531,76.83259582519531,5.287696838378906,0.0025615692138671875,317.26177978515625,4609.95556640625,4609.95556640625,60,610.0017759017646,0.06451199948787689,aa58c9106941f5a12ccebc39e9d1c7c687190ad655b3d2dbdae88bab1245943f,True
1551,25,26,135,recent_k4,17.107152938842773,848.7894897460938,848.7894897460938,17.107152938842773,0.0265350341796875,1026.4290771484375,50927.3671875,50927.3671875,60,607.164341956377,0.05632000043988228,f657c67745dc47f6b962815cd755ec445ec047bb58ae5820c8c4b363c9d5f90e,True
1552,25,26,150,recent_k4,24.46426773071289,22043.30859375,1200.3951416015625,24.46426773071289,0.68701171875,1467.85595703125,1322598.5,72023.703125,60,606.9784741848707,0.055296000093221664,9206e983371dde7e142a01d39d673bbb6c2442a8ea004cd604b3efa319bc11e9,True
1553,25,26,165,recent_k4,22.2938289642334,3076.669189453125,1132.4322509765625,22.2938289642334,0.09576416015625,1337.629638671875,184600.140625,67945.9296875,60,607.5050793588161,0.055296000093221664,ec865790f24798672a83163bf918a80cd0b445009ed0a7bb0c0b00abaed1a1aa,True
1554,25,26,180,recent_k4,34.40863800048828,19616.41796875,2938.81640625,34.40863800048828,0.61181640625,2064.51806640625,1176985.0,176328.96875,60,598.5158891417086,0.05427199974656105,7f4dd3cde3b6590efb4f05631240504d0fc4771ce44fd5dd43e6edc45c146a10,True
1555,25,26,195,recent_k4,22.901042938232422,8915.73046875,1395.5494384765625,22.901042938232422,0.278076171875,1374.0625,534943.8125,83732.9609375,60,606.3544801436365,0.05427199974656105,8906dcdbdebb1c139d19ae8aea71d4d49e3038406f8ac8dec9ec3b264f9eba79,True
1556,25,26,210,recent_k4,48.820186614990234,17105.029296875,6035.17138671875,48.820186614990234,0.5283203125,2929.2109375,1026301.6875,362110.25,60,603.6174050532281,0.055296000093221664,c310791f337ec489168766b5d610f69de99b2d57ef61417aecd395208d325e8b,True
1557,25,26,225,recent_k4,15.081727981567383,525.7225952148438,525.7225952148438,15.081727981567383,0.0171966552734375,904.9036254882812,31543.353515625,31543.353515625,60,603.5361448302865,0.054368000477552414,d9df4c2b9b50d437878b227240bdac1108b29d762e7b19408ea2dc0c72c6527b,True
1558,25,21,30,recent_k4,3.901085138320923,18.991910934448242,18.991910934448242,3.901085138320923,0.000789642333984375,234.06509399414062,1139.5146484375,1139.5146484375,60,603.5238462500274,0.05427199974656105,822f805caac4857505ba557e880e977217d56dba241a670869b3de53758ec412,True
1559,25,21,45,recent_k4,3.2708868980407715,14.501908302307129,14.501908302307129,3.2708868980407715,0.0005373954772949219,196.25320434570312,870.1144409179688,870.1144409179688,60,607.1669631637633,0.05427199974656105,926e16417e9a4bdf4380559fa546f0ed40caa79d61de668403f22862b68d5029,True
1560,25,21,60,recent_k4,3.509500741958618,17.64263153076172,17.64263153076172,3.509500741958618,0.0006647109985351562,210.57003784179688,1058.557861328125,1058.557861328125,60,612.055609934032,0.05536000058054924,08459881aef2d2d3312851db920a6687d0082cb21a70378ab4b37c97c5125f87,True
1561,25,21,75,recent_k4,3.279409170150757,15.769318580627441,15.769318580627441,3.279409170150757,0.0005865097045898438,196.76454162597656,946.1590576171875,946.1590576171875,60,616.9046657159925,0.055296000093221664,c6b4092552438543b8cd6e15e188f4a035b20a04b83f4846f85dfb63be2997b7,True
1562,25,21,90,recent_k4,3.2589521408081055,15.729564666748047,15.729564666748047,3.2589521408081055,0.0005841255187988281,195.53712463378906,943.7738037109375,943.7738037109375,60,610.049637965858,0.055296000093221664,9e395ea0626fa9364ed8145d4aec2dfd204edf84a1acd3d85e216afc5f682adc,True
1563,25,21,105,recent_k4,3.3410887718200684,16.628690719604492,16.628690719604492,3.3410887718200684,0.000621795654296875,200.46531677246094,997.721435546875,997.721435546875,60,607.8209476545453,0.05632000043988228,f559ba9e255e3d35a386d3b070df82b41a287083240b2f0c25f4514dc2d9e449,True
1564,25,21,120,recent_k4,3.3458251953125,16.675851821899414,16.675851821899414,3.3458251953125,0.0006117820739746094,200.74949645996094,1000.551025390625,1000.551025390625,60,607.5085909105837,0.055296000093221664,c92c4d1c8dda9199a70140a21ba6e403acfdd994323d2b98b4481ca7d40d7cbc,True
1565,25,21,135,recent_k4,3.3295860290527344,16.488021850585938,16.488021850585938,3.3295860290527344,0.0006079673767089844,199.775146484375,989.28125,989.28125,60,607.6048412360251,0.05632000043988228,3f1d6fd9ea7f6e05aa4fcb9ddfab4476d56bdcc3064093a6b83b7878f90f6b13,True
1566,25,21,150,recent_k4,3.36527156829834,16.599796295166016,16.599796295166016,3.36527156829834,0.0006170272827148438,201.91629028320312,995.9877319335938,995.9877319335938,60,606.5491801127791,0.05632000043988228,950d2cdce02f48bff614bf6fef60068fd9bb231029fdb03c7019ec28d380e3b6,True
1567,25,21,165,recent_k4,3.076540231704712,13.875753402709961,13.875753402709961,3.076540231704712,0.0005083084106445312,184.5924072265625,832.545166015625,832.545166015625,60,607.0174272172153,0.055296000093221664,5312ec601a7064e1825f97bfbe8ebdce540bdfecbe619dc2fbcf3880b09100a9,True
1568,25,21,180,recent_k4,26.331539154052734,2715.201171875,2715.201171875,26.331539154052734,0.0838623046875,1579.8922119140625,162912.0625,162912.0625,60,605.9964653104544,0.055296000093221664,c9d760431e3e0e1e4c2fe3a769bb4b8759abb8d15ea5fa03a5773dc20f26880c,True
1569,25,21,195,recent_k4,8.106650352478027,193.4693603515625,193.4693603515625,8.106650352478027,0.006076812744140625,486.39898681640625,11608.1611328125,11608.1611328125,60,606.4213416539133,0.055296000093221664,4e91df8a5e52a6b7da4d948120fb925e50ad20cd2ad2f8cbdf4360edd1a113c0,True
1570,25,21,210,recent_k4,7.125576019287109,98.5270767211914,98.5270767211914,7.125576019287109,0.003383636474609375,427.5345458984375,5911.62451171875,5911.62451171875,60,606.3459436409175,0.05632000043988228,d27a7b937ed7a5d8f94d7a07cc832746b7a54c88ac10a29eeac36b8c7fbc3940,True
1571,25,21,225,recent_k4,18.32030487060547,1546.1026611328125,1546.1026611328125,18.32030487060547,0.0478515625,1099.21826171875,92766.15625,92766.15625,60,606.288094073534,0.05532800033688545,038293d18486c4bb2d0a1627f010bc854022267edb942ab60dc702eca5d66103,True
1572,25,44,30,recent_k4,2.7248287200927734,14.388633728027344,14.388633728027344,2.7248287200927734,0.0006504058837890625,163.48971557617188,863.3179931640625,863.3179931640625,60,606.7405501380563,0.055296000093221664,e27506b56908acb27dcebf8f0405c2f2547a399d3dbcd8704b2b44fc0cea6ca2,True
1573,25,44,45,recent_k4,8.162626266479492,126.05853271484375,126.05853271484375,8.162626266479492,0.0055999755859375,489.757568359375,7563.51171875,7563.51171875,60,606.6196011379361,0.05632000043988228,b50dfb96e88f00fa52f3fc9181293d238354b213144661204d0df9fdb76c8ed1,True
1574,25,44,60,recent_k4,9.213921546936035,305.1033020019531,305.1033020019531,9.213921546936035,0.01081085205078125,552.8352661132812,18306.197265625,18306.197265625,60,606.6054413095117,0.05632000043988228,e584fd8f0b4e5956d008bf7850ec06b3c78ad11b4d6134e56d0d71de1609bb51,True
1575,25,44,75,recent_k4,11.621333122253418,427.4687805175781,427.4687805175781,11.621333122253418,0.01421356201171875,697.2799682617188,25648.125,25648.125,60,607.9823588952422,0.055296000093221664,234664aa09d0e3761de70e6f9dc35c67cc28a73eeacf62c4a81f1684dd5b52ea,True
1576,25,44,90,recent_k4,15.77397632598877,634.4907836914062,634.4907836914062,15.77397632598877,0.01971435546875,946.4385375976562,38069.4453125,38069.4453125,60,607.1809269487858,0.05939200147986412,b8c6a659d8bdcf16c53fda5fc9d5730740d03889b9de1a9f47c06714717013c5,True
1577,25,44,105,recent_k4,3.752302646636963,22.472232818603516,22.472232818603516,3.752302646636963,0.0009889602661132812,225.13815307617188,1348.3338623046875,1348.3338623046875,60,606.3263542018831,0.06451199948787689,1affa28eacd09ff25340b65ff8bae1254ed27e5b6bbef40e4156170994dc02ce,True
1578,25,44,120,recent_k4,4.955308437347412,51.75398254394531,51.75398254394531,4.955308437347412,0.0016880035400390625,297.3184814453125,3105.23876953125,3105.23876953125,60,606.3988236710429,0.05734400078654289,90f978b8bb48eb54ecfde34ae1c7a6eb9081e594c153d14586de2006e931e388,True
1579,25,44,135,recent_k4,5.0223870277404785,35.61653137207031,35.61653137207031,5.0223870277404785,0.0015850067138671875,301.34320068359375,2136.99169921875,2136.99169921875,60,606.8579601123929,0.055296000093221664,43c0d6bb3356ccd0ed54ea60152e972800713a23eb4cb5e990a72e7bf62b0838,True
1580,25,44,150,recent_k4,4.875874042510986,38.05077362060547,38.05077362060547,4.875874042510986,0.0018873214721679688,292.55242919921875,2283.04638671875,2283.04638671875,60,608.8919718749821,0.055296000093221664,d9b8fb750dab302d65384f8d7be2a9befb19b8fba403e9e24c6dff36609efc93,True
1581,25,44,165,recent_k4,4.884317398071289,35.42922592163086,35.42922592163086,4.884317398071289,0.00157928466796875,293.05902099609375,2125.75341796875,2125.75341796875,60,606.8007810972631,0.05632000043988228,07e866d4ffc8d38e2571d94cb1e7b67badcc205b58b7ae838ab6bf0109919180,True
1582,25,44,180,recent_k4,5.833317756652832,68.47615814208984,68.47615814208984,5.833317756652832,0.0023288726806640625,349.9990539550781,4108.5693359375,4108.5693359375,60,607.6917839236557,0.055296000093221664,88abb9773f515a14b0ee117d2f4575fb880e850aae8b828d1d5732af29adaca7,True
1583,25,44,195,recent_k4,9.342327117919922,263.2322998046875,263.2322998046875,9.342327117919922,0.00838470458984375,560.5396118164062,15793.9375,15793.9375,60,607.0605390705168,0.055296000093221664,790922f2b5bfa4f90a036461a479b17184bd7759ab1e34c35e6656c8620d62e7,True
1584,25,44,210,recent_k4,18.85622215270996,946.4415893554688,946.4415893554688,18.85622215270996,0.0300445556640625,1131.373291015625,56786.4921875,56786.4921875,60,606.7390823736787,0.06348799914121628,b8a11259761461aa1910c23b1674365e8722c1b2c935cf5a6127d6607aebcc8c,True
1585,25,44,225,recent_k4,11.16929817199707,209.70472717285156,209.70472717285156,11.16929817199707,0.00797271728515625,670.1578369140625,12582.283203125,12582.283203125,60,609.4896169379354,0.055296000093221664,07b1374a7d2e75ae42ce7013dc1ebd0498d6f9168a9d0f2afc60032c0ef84a54,True
1586,25,23,30,recent_k4,5.044703006744385,52.58731460571289,52.58731460571289,5.044703006744385,0.0019006729125976562,302.6821594238281,3155.23876953125,3155.23876953125,60,607.1546990424395,0.055296000093221664,d6fd82ee45ac8f932824c2657f5edad5c2c642c48d4e8cd344910bcf11d2b64d,True
1587,25,23,45,recent_k4,18.776437759399414,9106.15234375,1207.608642578125,18.776437759399414,0.28125,1126.586181640625,546369.125,72456.515625,60,606.8328320980072,0.05427199974656105,5d8c76028f5aec7485084e1fb8a82389626ac9edb69bffdb90d0bf0a97fc3339,True
1588,25,23,60,recent_k4,60.67523956298828,10674.892578125,9543.9111328125,60.67523956298828,0.33203125,3640.51416015625,640493.5,572634.625,60,606.6263439133763,0.05632000043988228,c37ae09941d61ad48379a88695f104045e5ec92b0d86751d0a528e91c0fcb618,True
1589,25,23,75,recent_k4,21.5870418548584,4853.806640625,1796.3603515625,21.5870418548584,0.1507568359375,1295.222412109375,291228.375,107781.6171875,60,607.3270482011139,0.05427199974656105,311617a98edffe9b1697a2381afd787a88cf3890080e04c105fd76dd69be9a6b,True
1590,25,23,90,recent_k4,29.12506675720215,16440.78515625,2607.994384765625,29.12506675720215,0.5078125,1747.50390625,986447.0,156479.65625,60,607.1786698885262,0.055296000093221664,fa8e05a8ce7d4ca7f68a9d5dc5f334db7f6de17bb1b2b413e06299259f55af02,True
1591,25,23,105,recent_k4,55.75722122192383,8376.0400390625,7975.4697265625,55.75722122192383,0.2587890625,3345.43310546875,502562.375,478528.15625,60,606.2956578098238,0.055296000093221664,923c8fad51ac32bd3a6d040371898b482977f3975af62c4b60b09800cef22b65,True
1592,25,23,120,recent_k4,20.710430145263672,801.8975830078125,801.8975830078125,20.710430145263672,0.0289764404296875,1242.625732421875,48113.8515625,48113.8515625,60,605.9808498248458,0.05532800033688545,1d7bd7ce7cda07e36525c84e2bf5e79592612a5d53bfde0d8630426dcc6471d0,True
1593,25,23,135,recent_k4,3.552428722381592,20.383451461791992,20.383451461791992,3.552428722381592,0.0009517669677734375,213.1457061767578,1223.007080078125,1223.007080078125,60,606.1023799702525,0.05427199974656105,0f0ad1fcef00545bdcec833d7da26c28782fda1a7f2e81dcdcea5cc524f9554b,True
1594,25,23,150,recent_k4,14.375640869140625,347.3528137207031,347.3528137207031,14.375640869140625,0.0141143798828125,862.5383911132812,20841.16796875,20841.16796875,60,606.9736019708216,0.055296000093221664,67ef2109bc5203392c7ea707ec3872ca93f8f780ba28b36350e60d9f1c9c33d6,True
1595,25,23,165,recent_k4,8.62101936340332,98.53456115722656,98.53456115722656,8.62101936340332,0.0049285888671875,517.2611083984375,5912.0732421875,5912.0732421875,60,609.6866480074823,0.05526399984955788,b71054b0b4ffc48cd53da38641f22f24026aeecbde408b9956ba7e378d899787,True
1596,25,23,180,recent_k4,3.9925198554992676,23.56400489807129,23.56400489807129,3.9925198554992676,0.001438140869140625,239.55117797851562,1413.8402099609375,1413.8402099609375,60,606.9704932160676,0.05939200147986412,e9b3a954adf317227713755af20126369c83ce0aad829a5e31c56c28c946d482,True
1597,25,23,195,recent_k4,8.073808670043945,152.95933532714844,152.95933532714844,8.073808670043945,0.004825592041015625,484.428466796875,9177.5595703125,9177.5595703125,60,605.5255657993257,0.055296000093221664,e89cba6585de6f79739f74c66292bdf4f1a7b029a9c6794178df96da945178e3,True
1598,25,23,210,recent_k4,7.049021244049072,163.42263793945312,163.42263793945312,7.049021244049072,0.00531005859375,422.9412536621094,9805.357421875,9805.357421875,60,605.7426454499364,0.055296000093221664,3c505ba78d09c8c63e9a4ca877ed0618772f48c717cf42f7c6f2ff98c7e2e7b1,True
1599,25,23,225,recent_k4,39.783172607421875,4887.3876953125,4887.3876953125,39.783172607421875,0.15283203125,2386.990234375,293243.25,293243.25,60,604.6780836768448,0.054368000477552414,0f14f3cddb34d6628a7a7e90e495ab911a2794b28b4fca9086c505da924385b4,True
1600,25,53,30,recent_k4,25.655736923217773,1707.9842529296875,1707.9842529296875,25.655736923217773,0.0546875,1539.3441162109375,102479.046875,102479.046875,60,604.8190030269325,0.06563200056552887,e9a380e6284e35468f6a7b2aafb930773b09f46cc6654e2dbcc75779c7cf3162,True
1601,25,53,45,recent_k4,51.166839599609375,5831.76171875,5831.76171875,51.166839599609375,0.1947021484375,3070.01025390625,349905.6875,349905.6875,60,603.9631711319089,0.05536000058054924,6885618c853f1033d19e50ca827675e89f88285beededb4b3cd74697c118c814,True
1602,25,53,60,recent_k4,17.029523849487305,693.6182861328125,693.6182861328125,17.029523849487305,0.023773193359375,1021.7714233398438,41617.09375,41617.09375,60,615.130920894444,0.0655359998345375,f6c7f3caf2ff58639968fbcafbc5aa068bcd8ebfb56391f667120335d2e76fc0,True
1603,25,53,75,recent_k4,22.8616886138916,1196.757568359375,1196.757568359375,22.8616886138916,0.03729248046875,1371.7012939453125,71805.453125,71805.453125,60,607.9104063101113,0.0655359998345375,9b69c525e0576633135042d28b0c13fba25ec576a2e41e301811dec84a8b8916,True
1604,25,53,90,recent_k4,20.894420623779297,1085.6142578125,1085.6142578125,20.894420623779297,0.034423828125,1253.6651611328125,65136.8515625,65136.8515625,60,608.0844742245972,0.055296000093221664,aa926922a55a3f4ed35943511d190cf32c4cc3ae3533352e896b7720750e0634,True
1605,25,53,105,recent_k4,27.9954891204834,1999.9248046875,1999.9248046875,27.9954891204834,0.06500244140625,1679.729248046875,119995.484375,119995.484375,60,608.6589992046356,0.05632000043988228,732546cb4808fed1fc35ba88ac03df2303ce03c3a7b6a7c520a7d94f0a97824b,True
1606,25,53,120,recent_k4,14.532296180725098,543.8950805664062,543.8950805664062,14.532296180725098,0.0174102783203125,871.937744140625,32633.703125,32633.703125,60,609.123395755887,0.055296000093221664,743c970f788a67192aa62916fb791e1707194078378ba6eabb65f9de2323a335,True
1607,25,53,135,recent_k4,12.392056465148926,221.7350311279297,221.7350311279297,12.392056465148926,0.01030731201171875,743.5233764648438,13304.1015625,13304.1015625,60,607.8886170871556,0.055296000093221664,ffaca498810bdade2bd4c544268666cb2f424b495d113e96d0796f75d9b810be,True
1608,25,53,150,recent_k4,7.16055965423584,83.92147064208984,83.92147064208984,7.16055965423584,0.003265380859375,429.633544921875,5035.2880859375,5035.2880859375,60,608.1885038875043,0.055296000093221664,448baa3862dbe473a717a6a09fe54a129cf3813dde924b32884990e338f49f32,True
1609,25,53,165,recent_k4,9.869399070739746,150.00265502929688,150.00265502929688,9.869399070739746,0.01079559326171875,592.1639404296875,9000.1591796875,9000.1591796875,60,608.8695889338851,0.06963200122117996,63b58ad685ad192030797403266bcf75dde5f80e35fe7244b478905bb41b08f8,True
1610,25,53,180,recent_k4,5.612852096557617,39.931358337402344,39.931358337402344,5.612852096557617,0.0025005340576171875,336.7711181640625,2395.88134765625,2395.88134765625,60,608.2839337177575,0.05427199974656105,4f2522f8acf4f4256b637309f5a921766f3625c76d99095c81225a370776f2ac,True
1611,25,53,195,recent_k4,8.53815746307373,200.1348419189453,200.1348419189453,8.53815746307373,0.00640106201171875,512.2894287109375,12008.08984375,12008.08984375,60,608.302494045347,0.055296000093221664,e29e8c91615ceb128b60957576e00123a419547d6f291b4eec9218f99f1c0410,True
1612,25,53,210,recent_k4,6.588498592376709,103.42381286621094,103.42381286621094,6.588498592376709,0.00348663330078125,395.3099060058594,6205.42822265625,6205.42822265625,60,607.6702889986336,0.055296000093221664,043196aab12969fc9818cc63723fe98c4566c1ab35e18189a535aa88fd0fc91b,True
1613,25,53,225,recent_k4,5.139607906341553,70.23286437988281,70.23286437988281,5.139607906341553,0.0022678375244140625,308.37646484375,4213.9716796875,4213.9716796875,60,608.0440571531653,0.05632000043988228,2dc9151744c9e644820c14791e45de73ebff92e23b8b8673c1159dd794e0c11d,True
1614,25,84,30,recent_k4,4.84548807144165,28.333431243896484,28.333431243896484,4.84548807144165,0.0017156600952148438,290.7292785644531,1700.0057373046875,1700.0057373046875,60,607.56546119228,0.055296000093221664,dacc036b8369624a1ba0779c66c1e537b7630d2dd4cc489a1fca34849860a7e1,True
1615,25,84,45,recent_k4,18.854103088378906,7636.26806640625,1172.2398681640625,18.854103088378906,0.2362060546875,1131.24609375,458176.0625,70334.390625,60,607.4125431478024,0.05526399984955788,c658eac85cc0dab0c9f24c5a38600d2809d7152543d9d3c8376c2ae6075df951,True
1616,25,84,60,recent_k4,34.0848388671875,25004.05078125,2563.732666015625,34.0848388671875,0.7763671875,2045.09033203125,1500243.0,153823.953125,60,606.4641210250556,0.05939200147986412,eac930db770cd2137d8ec829d0b81e786c44097cb928f1ef6093abce6c1696aa,True
1617,25,84,75,recent_k4,15.933831214904785,638.6918334960938,638.6918334960938,15.933831214904785,0.0201416015625,956.0298461914062,38321.5078125,38321.5078125,60,606.3588527031243,0.055296000093221664,1014268decce49599773e858f51ecfc20c8000a3bc2d38739b1a6e4735f2ea3c,True
1618,25,84,90,recent_k4,18.534236907958984,5108.52197265625,1051.7669677734375,18.534236907958984,0.157958984375,1112.05419921875,306511.3125,63106.015625,60,606.7044199444354,0.055296000093221664,824185266be002f6f1c150a3d02c7328ddeed25587975265afa494362c72756c,True
1619,25,84,105,recent_k4,43.46034240722656,20418.931640625,4190.08447265625,43.46034240722656,0.630859375,2607.620361328125,1225135.875,251405.0625,60,606.4156522043049,0.055296000093221664,aae905947273de126a2f70b79e404f2764283b5d2d7ac65e119964c29b3dbbc5,True
1620,25,84,120,recent_k4,5.058094501495361,31.943309783935547,31.943309783935547,5.058094501495361,0.0015554428100585938,303.48565673828125,1916.5985107421875,1916.5985107421875,60,606.4722719602287,0.05427199974656105,246315dedecc0112165b3f24e545ce73332b80ef1d14cd68453a7901b3c07be2,True
1621,25,84,135,recent_k4,5.378834247589111,35.34378433227539,35.34378433227539,5.378834247589111,0.0018711090087890625,322.73004150390625,2120.626953125,2120.626953125,60,606.8172692321241,0.055296000093221664,b4734b583fb3ae87e156a97b01975f80978fc3c00f1c2b2934e840b4d0d27652,True
1622,25,84,150,recent_k4,5.252071380615234,34.01110076904297,34.01110076904297,5.252071380615234,0.0016880035400390625,315.124267578125,2040.6658935546875,2040.6658935546875,60,606.3513238914311,0.055296000093221664,b98542126fb553bf4cf549817bd666d3c1f0ac9559a4ff57a4d235dc7821bd5c,True
1623,25,84,165,recent_k4,13.526666641235352,753.4544677734375,753.4544677734375,13.526666641235352,0.031768798828125,811.5999755859375,45207.265625,45207.265625,60,606.9549089297652,0.055296000093221664,c11787422ca9216bfdcc75dcfb8ab1aa8af29199508033f459875a0269cf90ff,True
1624,25,84,180,recent_k4,39.17593765258789,2984.267333984375,2984.267333984375,39.17593765258789,0.12103271484375,2350.55615234375,179056.03125,179056.03125,60,606.3114139251411,0.055296000093221664,0dfb6f546215e37a0c4b3726c47702c1d619bf02161172ac1a5bac5208ef8fdc,True
1625,25,84,195,recent_k4,15.402732849121094,505.8695068359375,505.8695068359375,15.402732849121094,0.01904296875,924.1639404296875,30352.16796875,30352.16796875,60,607.0914370939136,0.055296000093221664,fbec7fb276d23fc41d2ca27d80d4ed17ec3badc341fb210ef14d59521041da9f,True
1626,25,84,210,recent_k4,37.72944641113281,3113.94970703125,3113.94970703125,37.72944641113281,0.11041259765625,2263.7666015625,186836.96875,186836.96875,60,606.5704030916095,0.05427199974656105,42060da087bd5512426fe34f6208e6ad8d9ba2d5c16f3fa4a76cde0a87d4ac1a,True
1627,25,84,225,recent_k4,8.119199752807617,72.46910095214844,72.46910095214844,8.119199752807617,0.0046234130859375,487.1519775390625,4348.14599609375,4348.14599609375,60,606.0095680877566,0.055296000093221664,5bf82a299395c11f5a0152fb10373d7a517370aa20913f35d6207d8383c31b8e,True
1628,25,59,30,recent_k4,6.922282695770264,225.990234375,225.990234375,6.922282695770264,0.007354736328125,415.3369445800781,13559.4130859375,13559.4130859375,60,606.8149209022522,0.055296000093221664,5eb87b47cb329dcc4aa4a67367675fa7f552b5f6a38a6512424edb831d4d0990,True
1629,25,59,45,recent_k4,38.11952590942383,3860.534423828125,3860.534423828125,38.11952590942383,0.1221923828125,2287.17138671875,231632.046875,231632.046875,60,607.009659986943,0.055296000093221664,325871b091e90203dd1d22591ffa8837479b34bbcc22297aa66fac4a07e6351d,True
1630,25,59,60,recent_k4,10.516658782958984,399.0849609375,399.0849609375,10.516658782958984,0.01450347900390625,630.99951171875,23945.095703125,23945.095703125,60,606.9881301373243,0.05632000043988228,568e83bba55cdd555be59051dc07af0c1a936f34b2a308a140e7631a4154f740,True
1631,25,59,75,recent_k4,21.48204231262207,1377.063232421875,1377.063232421875,21.48204231262207,0.043914794921875,1288.9224853515625,82623.7890625,82623.7890625,60,606.4334651455283,0.05632000043988228,c01307afefae1584adb9e6a2e578bb3bfdee3dd8d39f0ad60d920774ee2059f6,True
1632,25,59,90,recent_k4,23.313697814941406,1293.2186279296875,1293.2186279296875,23.313697814941406,0.040802001953125,1398.82177734375,77593.1171875,77593.1171875,60,607.5768950395286,0.055296000093221664,3a4ca26cc59334493d05cdc22676785ebf218e40df6cae7a39f6e97197191ffb,True
1633,25,59,105,recent_k4,8.753471374511719,282.66851806640625,282.66851806640625,8.753471374511719,0.0095367431640625,525.208251953125,16960.109375,16960.109375,60,606.487475335598,0.055296000093221664,2a7908da053931124235035049909439b269c37b0eea6d0c5874593ab57ed873,True
1634,25,59,120,recent_k4,28.135963439941406,2257.289794921875,2257.289794921875,28.135963439941406,0.06982421875,1688.15771484375,135437.375,135437.375,60,609.7471159882843,0.055296000093221664,7a138d6fae35747926125f62b5df0ed3773779f1b1ae037f9d2264827ce34e86,True
1635,25,59,135,recent_k4,5.21314811706543,33.92314529418945,33.92314529418945,5.21314811706543,0.0014142990112304688,312.78887939453125,2035.3885498046875,2035.3885498046875,60,607.2161290794611,0.05939200147986412,6af5bb4a5432f12199aeb1f61504a0333eb0bc7fc4469fd8e6a8ea84b0a9daed,True
1636,25,59,150,recent_k4,3.178968906402588,19.75774383544922,19.75774383544922,3.178968906402588,0.0006618499755859375,190.73812866210938,1185.464599609375,1185.464599609375,60,606.5143248997629,0.055296000093221664,0a534b1cd2af537bcb46e695c298f78e7e9b68ba28f7f73fedd60e052f29c6ff,True
1637,25,59,165,recent_k4,17.31319236755371,1403.8720703125,1403.8720703125,17.31319236755371,0.04339599609375,1038.79150390625,84232.3203125,84232.3203125,60,606.571595184505,0.055296000093221664,ccf59ac03d6c321abf7c59b37262cd8b6439c50fc36b916d94ccd4e2c51ad1e6,True
1638,25,59,180,recent_k4,11.169403076171875,308.2785339355469,308.2785339355469,11.169403076171875,0.00958251953125,670.1641235351562,18496.7109375,18496.7109375,60,607.1183201856911,0.05632000043988228,b0a179d28a5ce7500378a77f2fc72567d3f0580638f87d35b6ab814ba6af38a7,True
1639,25,59,195,recent_k4,38.504615783691406,5280.19384765625,4791.2607421875,38.504615783691406,0.1634521484375,2310.27685546875,316811.625,287475.625,60,606.7969733849168,0.055296000093221664,54dc1ec8a8425e9983d38b4957386f39c1f014894a3c3496fb4b080e303b5c0f,True
1640,25,59,210,recent_k4,21.313493728637695,26700.416015625,1226.6448974609375,21.313493728637695,0.82470703125,1278.8095703125,1602024.875,73598.6875,60,606.6875536926091,0.06348799914121628,b4359d501a6735c099eaef5e61865f938bf5e3f66837ffd328d1bf26e48413b9,True
1641,25,59,225,recent_k4,15.139846801757812,635.4730834960938,635.4730834960938,15.139846801757812,0.020050048828125,908.3907470703125,38128.3828125,38128.3828125,60,607.2262590751052,0.055296000093221664,2805f6d641628cb3d07d45dcdf3b7ece2bb2706278071d58444c75e09ab041b7,True
1642,25,49,30,recent_k4,42.924442291259766,3371.591552734375,3371.591552734375,42.924442291259766,0.11895751953125,2575.46630859375,202295.484375,202295.484375,60,606.3910871744156,0.05632000043988228,99ca0cb45d7b7cc25f4741e89a6fe5d542ec5d9dd069fba94185304bd71c2e45,True
1643,25,49,45,recent_k4,18.59485626220703,675.98388671875,675.98388671875,18.59485626220703,0.0248565673828125,1115.6912841796875,40559.03125,40559.03125,60,606.707985047251,0.05632000043988228,cc2d364e959f2a95010f8a70c2031dec6f69a4dc167e1e83c1087d1aeff091c3,True
1644,25,49,60,recent_k4,24.198442459106445,1958.5084228515625,1958.5084228515625,24.198442459106445,0.06158447265625,1451.906494140625,117510.5,117510.5,60,606.9062743335962,0.055296000093221664,ef54c425dc0186c0d49827efe45a83c94f96a77f9477ff6dbccfafcbfbe8e829,True
1645,25,49,75,recent_k4,7.0686116218566895,131.7637176513672,131.7637176513672,7.0686116218566895,0.004840850830078125,424.1166687011719,7905.82275390625,7905.82275390625,60,606.8406640551984,0.055296000093221664,8cb6ca212a01d564379ca7f538650a9372e303a8bd5bae953de58717423b3f3c,True
1646,25,49,90,recent_k4,26.544540405273438,1747.385986328125,1747.385986328125,26.544540405273438,0.05523681640625,1592.67236328125,104843.15625,104843.15625,60,606.6956650465727,0.0655680000782013,0c4983aa94661f9bc032a4cdbbeb1e15d6e2d83856d4293719a4fa5279c2f878,True
1647,25,49,105,recent_k4,43.928932189941406,6525.8544921875,5373.7431640625,43.928932189941406,0.20263671875,2635.73583984375,391551.25,322424.5625,60,606.3714390620589,0.055296000093221664,7bb9b2d0a3901bc1cc9d397db7ed8ec3faaca0b1b66f5c10d6e3c64ceec92929,True
1648,25,49,120,recent_k4,31.6105899810791,18090.6640625,2492.183349609375,31.6105899810791,0.5595703125,1896.63525390625,1085439.75,149531.0,60,606.4024488441646,0.05632000043988228,845c1c678baf7de53861a2ccc4da7906e5bba74fea8a8f3ba09822c0dde7dd26,True
1649,25,49,135,recent_k4,41.99717330932617,11598.310546875,3872.343505859375,41.99717330932617,0.364990234375,2519.830322265625,695898.625,232340.59375,60,606.8178550340235,0.055296000093221664,53e44b00034ee22a0f90d143e427da03261bad2aebc4db2b7890de5445e797ad,True
1650,25,49,150,recent_k4,14.204562187194824,10586.240234375,339.4090576171875,14.204562187194824,0.33251953125,852.273681640625,635174.375,20364.54296875,60,606.848144903779,0.062463998794555664,6f2eb6983e5ad2b93fe94795d95fd157760693aba6b10a9ab3f81ad94b8ba1a2,True
1651,25,49,165,recent_k4,13.618290901184082,272.9234619140625,272.9234619140625,13.618290901184082,0.0164337158203125,817.097412109375,16375.40625,16375.40625,60,606.3245600089431,0.05632000043988228,11de855a01f84a4ba238076aa3fbc6c1415ade11167326005c96418866c19cb6,True
1652,25,49,180,recent_k4,24.356874465942383,819.1357421875,819.1357421875,24.356874465942383,0.050567626953125,1461.412353515625,49148.140625,49148.140625,60,606.3371701166034,0.055296000093221664,acc46841e5b71e44fe360e1e67715f26680ba70d78f0a6fcb4f42bd5629e0a4d,True
1653,25,49,195,recent_k4,12.466988563537598,181.3702850341797,181.3702850341797,12.466988563537598,0.01042938232421875,748.019287109375,10882.216796875,10882.216796875,60,605.8099949732423,0.055296000093221664,f2695eed8e3e736979dd1d295d6f0af2879dd792692260aab0bec40cd5c69cba,True
1654,25,49,210,recent_k4,10.838541984558105,284.0198669433594,284.0198669433594,10.838541984558105,0.00908660888671875,650.3125,17041.19140625,17041.19140625,60,606.4197397790849,0.055296000093221664,5362d85428e214969e144f3bc07252ed4db278f9e585fb16b37bc7ed68487fc7,True
1655,25,49,225,recent_k4,10.631268501281738,181.5325927734375,181.5325927734375,10.631268501281738,0.006011962890625,637.8760986328125,10891.955078125,10891.955078125,60,618.2593340054154,0.055296000093221664,59323c489ce09081e4d51b7b19b3ba18504dd87fea82520751bbb61b1ed39286,True
1656,25,7,30,recent_k4,16.2569637298584,1160.82177734375,1160.82177734375,16.2569637298584,0.03680419921875,975.417724609375,69649.3046875,69649.3046875,60,607.732939068228,0.05632000043988228,466fb831935ad8003a2bdae51d8e2f61cc532ad0f8b37b22a93ffa091583a098,True
1657,25,7,45,recent_k4,26.096385955810547,1226.135009765625,1226.135009765625,26.096385955810547,0.046966552734375,1565.7830810546875,73568.09375,73568.09375,60,606.6657481715083,0.05628800019621849,f9bafd64fe5433f48391b01de2f3df0ee54a5a205956b13fea53eb5e4802f6eb,True
1658,25,7,60,recent_k4,59.258460998535156,7792.15478515625,7769.99951171875,59.258460998535156,0.25341796875,3555.507568359375,467529.25,466199.9375,60,607.137493789196,0.055296000093221664,336ae8552eac1d814afe10fc99e202f9bd031f566f9312a70c3fdd5936142cf3,True
1659,25,7,75,recent_k4,19.788436889648438,14604.435546875,612.9066772460938,19.788436889648438,0.455810546875,1187.30615234375,876266.0625,36774.3984375,60,608.3432226441801,0.05632000043988228,35962f13c4f74f8b8d27d0a817f9bad90074882e85620f749f6db451ccc19279,True
1660,25,7,90,recent_k4,26.513933181762695,4407.82177734375,1663.220458984375,26.513933181762695,0.13623046875,1590.8359375,264469.28125,99793.21875,60,607.8608478419483,0.05632000043988228,64bd5a61460a1bc0ce1df4ad0e9e451524b1bf8fcc403486c07472b6554763ca,True
1661,25,7,105,recent_k4,17.29574966430664,22891.59375,617.50341796875,17.29574966430664,0.70751953125,1037.744873046875,1373495.5,37050.203125,60,607.6350901275873,0.055296000093221664,bfffdce26eb0d9c3c478d6fcabbc491dfb66381f9aa47edaebbf88e1c5d823d0,True
1662,25,7,120,recent_k4,23.2304630279541,14141.0361328125,1114.8463134765625,23.2304630279541,0.44140625,1393.8277587890625,848462.125,66890.7734375,60,607.0941751822829,0.05427199974656105,6aca549e11277fce159d2680780025c33f9cef06b90f706f3a3c5844befbe5b5,True
1663,25,7,135,recent_k4,12.351539611816406,260.3153381347656,260.3153381347656,12.351539611816406,0.00926971435546875,741.0923461914062,15618.919921875,15618.919921875,60,607.5580413453281,0.055296000093221664,dd1b282e16daef68617eff89e7e4ad9f7329ccc168c22eef195e1961159764e6,True
1664,25,7,150,recent_k4,16.4894962310791,479.9495544433594,479.9495544433594,16.4894962310791,0.017364501953125,989.3697509765625,28796.97265625,28796.97265625,60,607.4809818528593,0.055296000093221664,179a32a860b018b2291ca12ce10d8756b55a77343fd5669105c6099db9c64d24,True
1665,25,7,165,recent_k4,6.786775588989258,55.23713684082031,55.23713684082031,6.786775588989258,0.0022869110107421875,407.2065124511719,3314.22802734375,3314.22802734375,60,606.540251057595,0.05734400078654289,e8251987e7e8bf6a7ce4ce879771d58cacbb4104761c8481d95218a3204425b6,True
1666,25,7,180,recent_k4,8.281973838806152,206.0147247314453,206.0147247314453,8.281973838806152,0.00757598876953125,496.91839599609375,12360.8828125,12360.8828125,60,606.771448161453,0.055296000093221664,2cb6770e28f89b84a9dda5e809aec0999320f4cae0eec70d9e56e3f1579789a5,True
1667,25,7,195,recent_k4,38.87489700317383,13777.615234375,3335.26806640625,38.87489700317383,0.4296875,2332.49365234375,826656.875,200116.078125,60,607.1718651801348,0.055296000093221664,346d9dbf02135eca81d720f42e88a7743545a7bd2fd2f86a0c3beb60df8c573e,True
1668,25,7,210,recent_k4,19.002073287963867,736.464111328125,736.464111328125,19.002073287963867,0.0230865478515625,1140.1243896484375,44187.84375,44187.84375,60,607.6783910393715,0.055296000093221664,e0d8d6ca10d53ed33a9eacf2370ece4d7283327b317404c1d634238f7f8b2772,True
1669,25,7,225,recent_k4,19.087488174438477,761.184814453125,761.184814453125,19.087488174438477,0.023651123046875,1145.249267578125,45671.0859375,45671.0859375,60,606.5464410930872,0.05632000043988228,4c2d4dc5ffd70210559e009ca18a8f67ab7aebc1f2d1d1af918d7589f5ef7d68,True
1670,25,47,30,recent_k4,2.392258405685425,12.254776000976562,12.254776000976562,2.392258405685425,0.0004286766052246094,143.53549194335938,735.2864990234375,735.2864990234375,60,608.0169891938567,0.055296000093221664,b852fb62ca8a2c26d18f68497bc0392664ad22b9905c56d273e2ccd012e8bdbf,True
1671,25,47,45,recent_k4,13.138718605041504,4077.78125,1061.341796875,13.138718605041504,0.126953125,788.3230590820312,244666.859375,63680.5078125,60,607.9741180874407,0.06758400052785873,69151445fde0759c313ee547eabc10aef40371c588ba0a30dac0f4c9ad7ac3bb,True
1672,25,47,60,recent_k4,36.54648208618164,21216.951171875,3374.040283203125,36.54648208618164,0.65576171875,2192.788818359375,1273017.0,202442.40625,60,607.8089810907841,0.05632000043988228,a6db93adb53d451d30823340ed58721a60aafd14bebd7c04c21de956dac40cd0,True
1673,25,47,75,recent_k4,20.48648452758789,6187.58349609375,1236.696533203125,20.48648452758789,0.19287109375,1229.18896484375,371255.0,74201.7890625,60,608.0858781933784,0.055296000093221664,134a7ad9c8076bf33baec623500d21d238ac9157f25bee73e218427e1874c7f2,True
1674,25,47,90,recent_k4,32.749267578125,25909.724609375,2317.704345703125,32.749267578125,0.8017578125,1964.9559326171875,1554583.375,139062.25,60,608.4397546947002,0.06758400052785873,6c0c45ecf545a514505f2d1bbbbb57be533a893b96fb454d8c23b2547c870bc2,True
1675,25,47,105,recent_k4,12.082886695861816,451.88916015625,451.88916015625,12.082886695861816,0.01399993896484375,724.97314453125,27113.34765625,27113.34765625,60,607.7806008979678,0.055296000093221664,ae2602de7ad2b685e1d4a30d5cae39155c79c1e93dab39ef8684dfc3816c03fe,True
1676,25,47,120,recent_k4,12.260104179382324,445.9944152832031,445.9944152832031,12.260104179382324,0.0138702392578125,735.606201171875,26759.6640625,26759.6640625,60,607.5733629986644,0.05632000043988228,55dfc8b387fbfc962121b03277535c198f28020c738da98925d43f6baed65522,True
1677,25,47,135,recent_k4,12.09647274017334,448.0108642578125,448.0108642578125,12.09647274017334,0.0139007568359375,725.788330078125,26880.650390625,26880.650390625,60,608.0385185778141,0.055296000093221664,b8e4377c2e9c8e39f2cd1e231b2c122d926b35e0cb6b680e3514fac0655e0680,True
1678,25,47,150,recent_k4,11.856480598449707,441.9854736328125,441.9854736328125,11.856480598449707,0.01367950439453125,711.3887939453125,26519.126953125,26519.126953125,60,613.4165818803012,0.055296000093221664,a23fdfe460a0727cc3f6fc4eb7adaf3a326d6fc72febdd600944eacdd2e328cf,True
1679,25,47,165,recent_k4,11.766216278076172,431.0597839355469,431.0597839355469,11.766216278076172,0.01334381103515625,705.9729614257812,25863.5859375,25863.5859375,60,607.9124808311462,0.07065600156784058,9646f0939b1154cbccc891fe4c2dd44b0d9d19ba19f3f976e580c5e9e5e2d274,True
1680,25,47,180,recent_k4,24.854290008544922,9579.8466796875,2305.72607421875,24.854290008544922,0.2978515625,1491.25732421875,574790.75,138343.5625,60,608.0721099860966,0.05632000043988228,86563a15c405a021780c05c1a894f24ad367e603bac32a8da86060511a5e2325,True
1681,25,47,195,recent_k4,24.454513549804688,20464.705078125,1259.63916015625,24.454513549804688,0.6337890625,1467.270751953125,1227882.25,75578.34375,60,608.0325799994171,0.055296000093221664,6497c8f1c948540361f4f4d1c1cfad8325e653ea1fb3e8250acf3976465c2e9b,True
1682,25,47,210,recent_k4,13.023305892944336,417.854736328125,417.854736328125,13.023305892944336,0.013275146484375,781.3983154296875,25071.283203125,25071.283203125,60,607.8466619364917,0.05427199974656105,d85df24641c1c9e83779ac0a0d1fe61e0df1c9f2e0c4f6eb232bc1a26c4c05b8,True
1683,25,47,225,recent_k4,13.544360160827637,431.8157043457031,431.8157043457031,13.544360160827637,0.014678955078125,812.6615600585938,25908.94140625,25908.94140625,60,607.4923658743501,0.055296000093221664,106dffaeb5af97c500fbd365124404d56bf32ec4eb05a196e8dd885744a79da0,True
1684,25,30,30,recent_k4,6.5402021408081055,77.01350402832031,77.01350402832031,6.5402021408081055,0.00270843505859375,392.412109375,4620.81005859375,4620.81005859375,60,607.8803818672895,0.055296000093221664,4c08712a5936309a2263800bf3d4872b49c1a805a1d18b15e2467737b7aee951,True
1685,25,30,45,recent_k4,3.49052095413208,21.56517219543457,21.56517219543457,3.49052095413208,0.001068115234375,209.43124389648438,1293.9102783203125,1293.9102783203125,60,613.3616641163826,0.05632000043988228,b08819a4c5dcd42d5b5be12b73b163a208b2b60a33328843d9ae3bb2acba753a,True
1686,25,30,60,recent_k4,2.6622941493988037,11.980620384216309,11.980620384216309,2.6622941493988037,0.0004012584686279297,159.73764038085938,718.837158203125,718.837158203125,60,610.3766709566116,0.05427199974656105,62dda7cdc55c82e9ec6bc3eefe7019f17fe6689c5f831ca62ab43e11bbc4dd2e,True
1687,25,30,75,recent_k4,3.195394277572632,15.264466285705566,15.264466285705566,3.195394277572632,0.0006871223449707031,191.72364807128906,915.867919921875,915.867919921875,60,608.4755579940975,0.05628800019621849,b9f9db563be31f24d7c8d770eb5acd909c2bb9b55570be32da86b864239deb55,True
1688,25,30,90,recent_k4,2.368990659713745,9.50345516204834,9.50345516204834,2.368990659713745,0.00030541419982910156,142.13943481445312,570.207275390625,570.207275390625,60,608.2009696401656,0.055296000093221664,46ba32453cb9f313a41e3c157a885dc061944254c3e328a1013ae100c3fe830a,True
1689,25,30,105,recent_k4,2.7018074989318848,16.641427993774414,16.641427993774414,2.7018074989318848,0.0005240440368652344,162.1084442138672,998.485595703125,998.485595703125,60,608.1001712009311,0.055296000093221664,3b9427725b056626b79a645dd8231735af3745596849b0f11429f8d6aabf5d70,True
1690,25,30,120,recent_k4,2.7710795402526855,13.490726470947266,13.490726470947266,2.7710795402526855,0.0005636215209960938,166.2647705078125,809.4435424804688,809.4435424804688,60,607.6070456765592,0.055296000093221664,0c3a6694a0ff2c7052d592755c0f448b249829a9c3ab134b69618dddc066f7c8,True
1691,25,30,135,recent_k4,3.028294563293457,15.575248718261719,15.575248718261719,3.028294563293457,0.0005044937133789062,181.69766235351562,934.514892578125,934.514892578125,60,608.5081272758543,0.055296000093221664,d999bca3c50b238f7db0d58639eada2a32724dbc6481edcde0542dff7b5bcb2d,True
1692,25,30,150,recent_k4,2.9866092205047607,13.519139289855957,13.519139289855957,2.9866092205047607,0.0005335807800292969,179.19654846191406,811.1483154296875,811.1483154296875,60,608.1684813834727,0.05734400078654289,fcb61e568dd96b4d62be6070711b3979b2f21ec85277853091319076ea1005ce,True
1693,25,30,165,recent_k4,4.235434532165527,43.2340202331543,43.2340202331543,4.235434532165527,0.0014743804931640625,254.1260528564453,2594.041015625,2594.041015625,60,609.2201620340347,0.05632000043988228,975eede01ddf86379fcd8fa9a7696c06dd7f2e5a5bc35589e56d7a45bbb71ba9,True
1694,25,30,180,recent_k4,2.7768173217773438,14.688272476196289,14.688272476196289,2.7768173217773438,0.0005159378051757812,166.60902404785156,881.2963256835938,881.2963256835938,60,608.1566121429205,0.05939200147986412,4a515ccf01cdbd92915a26a0fd01892a24f15d6bd32e9e060028fabb14245b61,True
1695,25,30,195,recent_k4,3.837735891342163,19.765653610229492,19.765653610229492,3.837735891342163,0.0007371902465820312,230.26414489746094,1185.939208984375,1185.939208984375,60,606.8461239337921,0.055296000093221664,0b15e9885cd0d126451adf96fe5b9faebdc6a5eef4b77429b2689a12b44bed8f,True
1696,25,30,210,recent_k4,3.600126028060913,19.164846420288086,19.164846420288086,3.600126028060913,0.0008020401000976562,216.00755310058594,1149.8907470703125,1149.8907470703125,60,607.7706548385322,0.05632000043988228,bb741b697a9badcdfd1fc705ea008f98a1b297aa6b2ecbf68a83e2a3d09090bf,True
1697,25,30,225,recent_k4,2.346135139465332,10.774818420410156,10.774818420410156,2.346135139465332,0.0004019737243652344,140.76809692382812,646.4890747070312,646.4890747070312,60,608.906215056777,0.055296000093221664,5ca6245b60b6878a98e8730d734fbfedb1f80543806329dc5644a9083cf2577e,True
